method_id,project,bug_id,version_key,class_fqn,method_name,start_line,end_line,loc,num_params,num_local_vars,num_method_calls,num_arith_ops,num_rel_ops,num_logical_ops,num_literals,num_nodes,num_edges,cyclomatic_complexity,num_conditions,num_branches,num_joins,num_loops,num_returns,max_nesting_depth,branch_ratio,has_loop,has_branching,num_unique_lines
Lang-1f_org.apache.commons.lang3.SerializationException_<init>_41,Lang,1,Lang-1f,org.apache.commons.lang3.SerializationException,<init>,41,43,2,0,0,2,0,0,0,0,5,4,1,0,0,0,0,0,0,0.0,0,0,2
Lang-1f_org.apache.commons.lang3.SerializationException_<init>_51,Lang,1,Lang-1f,org.apache.commons.lang3.SerializationException,<init>,51,53,2,1,0,2,0,0,0,0,7,6,1,0,0,0,0,0,0,0.0,0,0,2
Lang-1f_org.apache.commons.lang3.SerializationException_<init>_62,Lang,1,Lang-1f,org.apache.commons.lang3.SerializationException,<init>,62,64,2,1,0,2,0,0,0,0,7,6,1,0,0,0,0,0,0,0.0,0,0,2
Lang-1f_org.apache.commons.lang3.SerializationException_<init>_74,Lang,1,Lang-1f,org.apache.commons.lang3.SerializationException,<init>,74,76,2,2,1,2,0,0,0,0,11,10,1,0,0,0,0,0,0,0.0,0,0,2
Lang-1f_org.apache.commons.lang3.mutable.MutableFloat_<init>_43,Lang,1,Lang-1f,org.apache.commons.lang3.mutable.MutableFloat,<init>,43,45,2,0,0,2,0,0,0,0,5,4,1,0,0,0,0,0,0,0.0,0,0,2
Lang-1f_org.apache.commons.lang3.mutable.MutableFloat_<init>_52,Lang,1,Lang-1f,org.apache.commons.lang3.mutable.MutableFloat,<init>,52,55,3,1,0,2,0,0,0,0,8,7,1,0,0,0,0,0,0,0.0,0,0,3
Lang-1f_org.apache.commons.lang3.mutable.MutableFloat_<init>_63,Lang,1,Lang-1f,org.apache.commons.lang3.mutable.MutableFloat,<init>,63,66,3,1,0,3,0,0,0,0,8,7,1,0,0,0,0,0,0,0.0,0,0,3
Lang-1f_org.apache.commons.lang3.mutable.MutableFloat_<init>_75,Lang,1,Lang-1f,org.apache.commons.lang3.mutable.MutableFloat,<init>,75,78,3,1,0,3,0,0,0,0,9,8,1,0,0,0,0,0,0,0.0,0,0,3
Lang-1f_org.apache.commons.lang3.mutable.MutableFloat_getValue_87,Lang,1,Lang-1f,org.apache.commons.lang3.mutable.MutableFloat,getValue,87,89,2,0,0,2,0,0,0,0,1,0,1,0,0,0,0,1,0,0.0,0,0,1
Lang-1f_org.apache.commons.lang3.mutable.MutableFloat_setValue_107,Lang,1,Lang-1f,org.apache.commons.lang3.mutable.MutableFloat,setValue,107,109,2,1,0,2,0,0,0,0,1,0,1,0,0,0,0,0,0,0.0,0,0,1
Lang-1f_org.apache.commons.lang3.mutable.MutableFloat_isNaN_117,Lang,1,Lang-1f,org.apache.commons.lang3.mutable.MutableFloat,isNaN,117,119,2,0,0,2,0,0,0,0,1,0,1,0,1,1,1,1,0,1.0,1,1,1
Lang-1f_org.apache.commons.lang3.mutable.MutableFloat_isInfinite_126,Lang,1,Lang-1f,org.apache.commons.lang3.mutable.MutableFloat,isInfinite,126,128,2,0,0,2,0,0,0,0,1,0,1,0,1,1,1,1,0,1.0,1,1,1
Lang-1f_org.apache.commons.lang3.mutable.MutableFloat_add_167,Lang,1,Lang-1f,org.apache.commons.lang3.mutable.MutableFloat,add,167,169,2,1,0,2,0,0,0,0,1,0,1,0,0,0,0,0,0,0.0,0,0,1
Lang-1f_org.apache.commons.lang3.mutable.MutableFloat_subtract_188,Lang,1,Lang-1f,org.apache.commons.lang3.mutable.MutableFloat,subtract,188,190,2,1,0,2,0,0,0,0,1,0,1,0,0,0,0,0,0,0.0,0,0,1
Lang-1f_org.apache.commons.lang3.mutable.MutableFloat_toFloat_240,Lang,1,Lang-1f,org.apache.commons.lang3.mutable.MutableFloat,toFloat,240,242,2,0,0,3,0,0,0,0,1,0,1,0,0,0,0,1,0,0.0,0,0,1
Lang-1f_org.apache.commons.lang3.mutable.MutableFloat_floatValue_220,Lang,1,Lang-1f,org.apache.commons.lang3.mutable.MutableFloat,floatValue,220,222,2,0,0,1,0,0,0,0,1,0,1,0,0,0,0,1,0,0.0,0,0,1
Lang-1f_org.apache.commons.lang3.mutable.MutableFloat_equals_277,Lang,1,Lang-1f,org.apache.commons.lang3.mutable.MutableFloat,equals,277,280,3,1,0,3,0,1,1,0,1,0,1,0,0,0,0,1,0,0.0,0,0,1
Lang-1f_org.apache.commons.lang3.mutable.MutableFloat_hashCode_288,Lang,1,Lang-1f,org.apache.commons.lang3.mutable.MutableFloat,hashCode,288,290,2,0,0,2,0,0,0,0,1,0,1,0,0,0,0,1,0,0.0,0,0,1
Lang-1f_org.apache.commons.lang3.mutable.MutableFloat_compareTo_300,Lang,1,Lang-1f,org.apache.commons.lang3.mutable.MutableFloat,compareTo,300,303,3,1,1,2,0,0,0,0,2,1,1,0,0,0,0,1,0,0.0,0,0,2
Lang-1f_org.apache.commons.lang3.mutable.MutableFloat_toString_312,Lang,1,Lang-1f,org.apache.commons.lang3.mutable.MutableFloat,toString,312,314,2,0,0,2,0,0,0,0,1,0,1,0,0,0,0,1,0,0.0,0,0,1
Lang-1f_org.apache.commons.lang3.mutable.MutableShort_<init>_43,Lang,1,Lang-1f,org.apache.commons.lang3.mutable.MutableShort,<init>,43,45,2,0,0,2,0,0,0,0,5,4,1,0,0,0,0,0,0,0.0,0,0,2
Lang-1f_org.apache.commons.lang3.mutable.MutableShort_<init>_52,Lang,1,Lang-1f,org.apache.commons.lang3.mutable.MutableShort,<init>,52,55,3,1,0,2,0,0,0,0,8,7,1,0,0,0,0,0,0,0.0,0,0,3
Lang-1f_org.apache.commons.lang3.mutable.MutableShort_<init>_63,Lang,1,Lang-1f,org.apache.commons.lang3.mutable.MutableShort,<init>,63,66,3,1,0,3,0,0,0,0,8,7,1,0,0,0,0,0,0,0.0,0,0,3
Lang-1f_org.apache.commons.lang3.mutable.MutableShort_<init>_75,Lang,1,Lang-1f,org.apache.commons.lang3.mutable.MutableShort,<init>,75,78,3,1,0,3,0,0,0,0,9,8,1,0,0,0,0,0,0,0.0,0,0,3
Lang-1f_org.apache.commons.lang3.mutable.MutableShort_getValue_87,Lang,1,Lang-1f,org.apache.commons.lang3.mutable.MutableShort,getValue,87,89,2,0,0,2,0,0,0,0,1,0,1,0,0,0,0,1,0,0.0,0,0,1
Lang-1f_org.apache.commons.lang3.mutable.MutableShort_setValue_107,Lang,1,Lang-1f,org.apache.commons.lang3.mutable.MutableShort,setValue,107,109,2,1,0,2,0,0,0,0,1,0,1,0,0,0,0,0,0,0.0,0,0,1
Lang-1f_org.apache.commons.lang3.mutable.MutableShort_add_148,Lang,1,Lang-1f,org.apache.commons.lang3.mutable.MutableShort,add,148,150,2,1,0,2,0,0,0,0,1,0,1,0,0,0,0,0,0,0.0,0,0,1
Lang-1f_org.apache.commons.lang3.mutable.MutableShort_subtract_169,Lang,1,Lang-1f,org.apache.commons.lang3.mutable.MutableShort,subtract,169,171,2,1,0,2,0,0,0,0,1,0,1,0,0,0,0,0,0,0.0,0,0,1
Lang-1f_org.apache.commons.lang3.mutable.MutableShort_toShort_231,Lang,1,Lang-1f,org.apache.commons.lang3.mutable.MutableShort,toShort,231,233,2,0,0,3,0,0,0,0,1,0,1,0,0,0,0,1,0,0.0,0,0,1
Lang-1f_org.apache.commons.lang3.mutable.MutableShort_shortValue_181,Lang,1,Lang-1f,org.apache.commons.lang3.mutable.MutableShort,shortValue,181,183,2,0,0,1,0,0,0,0,1,0,1,0,0,0,0,1,0,0.0,0,0,1
Lang-1f_org.apache.commons.lang3.mutable.MutableShort_equals_245,Lang,1,Lang-1f,org.apache.commons.lang3.mutable.MutableShort,equals,245,250,4,1,0,3,0,1,0,0,3,2,1,1,1,0,0,2,1,0.3333,0,1,3
Lang-1f_org.apache.commons.lang3.mutable.MutableShort_toString_282,Lang,1,Lang-1f,org.apache.commons.lang3.mutable.MutableShort,toString,282,284,2,0,0,2,0,0,0,0,1,0,1,0,0,0,0,1,0,0.0,0,0,1
Lang-1f_org.apache.commons.lang3.mutable.MutableShort_compareTo_270,Lang,1,Lang-1f,org.apache.commons.lang3.mutable.MutableShort,compareTo,270,273,3,1,1,1,1,2,0,3,2,1,1,0,0,0,0,1,0,0.0,0,0,2
Lang-1f_org.apache.commons.lang3.mutable.MutableObject_<init>_44,Lang,1,Lang-1f,org.apache.commons.lang3.mutable.MutableObject,<init>,44,46,2,0,0,2,0,0,0,0,5,4,1,0,0,0,0,0,0,0.0,0,0,2
Lang-1f_org.apache.commons.lang3.mutable.MutableObject_<init>_53,Lang,1,Lang-1f,org.apache.commons.lang3.mutable.MutableObject,<init>,53,56,3,1,0,2,0,0,0,0,8,7,1,0,0,0,0,0,0,0.0,0,0,3
Lang-1f_org.apache.commons.lang3.mutable.MutableObject_equals_93,Lang,1,Lang-1f,org.apache.commons.lang3.mutable.MutableObject,equals,93,106,10,1,0,7,0,7,0,0,8,7,1,3,4,1,1,4,3,0.5,1,1,8
Lang-1f_org.apache.commons.lang3.mutable.MutableObject_hashCode_114,Lang,1,Lang-1f,org.apache.commons.lang3.mutable.MutableObject,hashCode,114,116,2,0,0,2,0,1,0,1,1,0,1,0,1,1,1,1,0,1.0,1,1,1
Lang-1f_org.apache.commons.lang3.mutable.MutableObject_toString_125,Lang,1,Lang-1f,org.apache.commons.lang3.mutable.MutableObject,toString,125,127,2,0,0,2,0,1,0,1,1,0,1,0,1,1,1,1,0,1.0,1,1,1
Lang-1f_org.apache.commons.lang3.mutable.MutableDouble_<init>_43,Lang,1,Lang-1f,org.apache.commons.lang3.mutable.MutableDouble,<init>,43,45,2,0,0,2,0,0,0,0,5,4,1,0,0,0,0,0,0,0.0,0,0,2
Lang-1f_org.apache.commons.lang3.mutable.MutableDouble_<init>_52,Lang,1,Lang-1f,org.apache.commons.lang3.mutable.MutableDouble,<init>,52,55,3,1,0,2,0,0,0,0,8,7,1,0,0,0,0,0,0,0.0,0,0,3
Lang-1f_org.apache.commons.lang3.mutable.MutableDouble_<init>_63,Lang,1,Lang-1f,org.apache.commons.lang3.mutable.MutableDouble,<init>,63,66,3,1,0,3,0,0,0,0,8,7,1,0,0,0,0,0,0,0.0,0,0,3
Lang-1f_org.apache.commons.lang3.mutable.MutableDouble_<init>_75,Lang,1,Lang-1f,org.apache.commons.lang3.mutable.MutableDouble,<init>,75,78,3,1,0,3,0,0,0,0,9,8,1,0,0,0,0,0,0,0.0,0,0,3
Lang-1f_org.apache.commons.lang3.mutable.MutableDouble_getValue_87,Lang,1,Lang-1f,org.apache.commons.lang3.mutable.MutableDouble,getValue,87,89,2,0,0,2,0,0,0,0,1,0,1,0,0,0,0,1,0,0.0,0,0,1
Lang-1f_org.apache.commons.lang3.mutable.MutableDouble_setValue_107,Lang,1,Lang-1f,org.apache.commons.lang3.mutable.MutableDouble,setValue,107,109,2,1,0,2,0,0,0,0,1,0,1,0,0,0,0,0,0,0.0,0,0,1
Lang-1f_org.apache.commons.lang3.mutable.MutableDouble_isNaN_117,Lang,1,Lang-1f,org.apache.commons.lang3.mutable.MutableDouble,isNaN,117,119,2,0,0,2,0,0,0,0,1,0,1,0,1,1,1,1,0,1.0,1,1,1
Lang-1f_org.apache.commons.lang3.mutable.MutableDouble_isInfinite_126,Lang,1,Lang-1f,org.apache.commons.lang3.mutable.MutableDouble,isInfinite,126,128,2,0,0,2,0,0,0,0,1,0,1,0,1,1,1,1,0,1.0,1,1,1
Lang-1f_org.apache.commons.lang3.mutable.MutableDouble_add_167,Lang,1,Lang-1f,org.apache.commons.lang3.mutable.MutableDouble,add,167,169,2,1,0,2,0,0,0,0,1,0,1,0,0,0,0,0,0,0.0,0,0,1
Lang-1f_org.apache.commons.lang3.mutable.MutableDouble_subtract_188,Lang,1,Lang-1f,org.apache.commons.lang3.mutable.MutableDouble,subtract,188,190,2,1,0,2,0,0,0,0,1,0,1,0,0,0,0,0,0,0.0,0,0,1
Lang-1f_org.apache.commons.lang3.mutable.MutableDouble_toDouble_240,Lang,1,Lang-1f,org.apache.commons.lang3.mutable.MutableDouble,toDouble,240,242,2,0,0,3,0,0,0,0,1,0,1,0,0,0,0,1,0,0.0,0,0,1
Lang-1f_org.apache.commons.lang3.mutable.MutableDouble_doubleValue_230,Lang,1,Lang-1f,org.apache.commons.lang3.mutable.MutableDouble,doubleValue,230,232,2,0,0,1,0,0,0,0,1,0,1,0,0,0,0,1,0,0.0,0,0,1
Lang-1f_org.apache.commons.lang3.mutable.MutableDouble_equals_275,Lang,1,Lang-1f,org.apache.commons.lang3.mutable.MutableDouble,equals,275,278,3,1,0,3,0,1,1,0,1,0,1,0,0,0,0,1,0,0.0,0,0,1
Lang-1f_org.apache.commons.lang3.mutable.MutableDouble_hashCode_286,Lang,1,Lang-1f,org.apache.commons.lang3.mutable.MutableDouble,hashCode,286,289,3,0,1,3,0,1,0,1,2,1,1,0,0,0,0,1,0,0.0,0,0,2
Lang-1f_org.apache.commons.lang3.mutable.MutableDouble_compareTo_299,Lang,1,Lang-1f,org.apache.commons.lang3.mutable.MutableDouble,compareTo,299,302,3,1,1,2,0,0,0,0,2,1,1,0,0,0,0,1,0,0.0,0,0,2
Lang-1f_org.apache.commons.lang3.mutable.MutableDouble_toString_311,Lang,1,Lang-1f,org.apache.commons.lang3.mutable.MutableDouble,toString,311,313,2,0,0,2,0,0,0,0,1,0,1,0,0,0,0,1,0,0.0,0,0,1
Lang-1f_org.apache.commons.lang3.mutable.MutableByte_<init>_43,Lang,1,Lang-1f,org.apache.commons.lang3.mutable.MutableByte,<init>,43,45,2,0,0,2,0,0,0,0,5,4,1,0,0,0,0,0,0,0.0,0,0,2
Lang-1f_org.apache.commons.lang3.mutable.MutableByte_<init>_52,Lang,1,Lang-1f,org.apache.commons.lang3.mutable.MutableByte,<init>,52,55,3,1,0,2,0,0,0,0,8,7,1,0,0,0,0,0,0,0.0,0,0,3
Lang-1f_org.apache.commons.lang3.mutable.MutableByte_<init>_63,Lang,1,Lang-1f,org.apache.commons.lang3.mutable.MutableByte,<init>,63,66,3,1,0,3,0,0,0,0,8,7,1,0,0,0,0,0,0,0.0,0,0,3
Lang-1f_org.apache.commons.lang3.mutable.MutableByte_<init>_75,Lang,1,Lang-1f,org.apache.commons.lang3.mutable.MutableByte,<init>,75,78,3,1,0,3,0,0,0,0,9,8,1,0,0,0,0,0,0,0.0,0,0,3
Lang-1f_org.apache.commons.lang3.mutable.MutableByte_getValue_87,Lang,1,Lang-1f,org.apache.commons.lang3.mutable.MutableByte,getValue,87,89,2,0,0,2,0,0,0,0,1,0,1,0,0,0,0,1,0,0.0,0,0,1
Lang-1f_org.apache.commons.lang3.mutable.MutableByte_setValue_107,Lang,1,Lang-1f,org.apache.commons.lang3.mutable.MutableByte,setValue,107,109,2,1,0,2,0,0,0,0,1,0,1,0,0,0,0,0,0,0.0,0,0,1
Lang-1f_org.apache.commons.lang3.mutable.MutableByte_add_148,Lang,1,Lang-1f,org.apache.commons.lang3.mutable.MutableByte,add,148,150,2,1,0,2,0,0,0,0,1,0,1,0,0,0,0,0,0,0.0,0,0,1
Lang-1f_org.apache.commons.lang3.mutable.MutableByte_subtract_169,Lang,1,Lang-1f,org.apache.commons.lang3.mutable.MutableByte,subtract,169,171,2,1,0,2,0,0,0,0,1,0,1,0,0,0,0,0,0,0.0,0,0,1
Lang-1f_org.apache.commons.lang3.mutable.MutableByte_toByte_231,Lang,1,Lang-1f,org.apache.commons.lang3.mutable.MutableByte,toByte,231,233,2,0,0,3,0,0,0,0,1,0,1,0,0,0,0,1,0,0.0,0,0,1
Lang-1f_org.apache.commons.lang3.mutable.MutableByte_byteValue_181,Lang,1,Lang-1f,org.apache.commons.lang3.mutable.MutableByte,byteValue,181,183,2,0,0,1,0,0,0,0,1,0,1,0,0,0,0,1,0,0.0,0,0,1
Lang-1f_org.apache.commons.lang3.mutable.MutableByte_equals_245,Lang,1,Lang-1f,org.apache.commons.lang3.mutable.MutableByte,equals,245,250,4,1,0,3,0,1,0,0,3,2,1,1,1,0,0,2,1,0.3333,0,1,3
Lang-1f_org.apache.commons.lang3.mutable.MutableByte_toString_282,Lang,1,Lang-1f,org.apache.commons.lang3.mutable.MutableByte,toString,282,284,2,0,0,2,0,0,0,0,1,0,1,0,0,0,0,1,0,0.0,0,0,1
Lang-1f_org.apache.commons.lang3.mutable.MutableByte_compareTo_270,Lang,1,Lang-1f,org.apache.commons.lang3.mutable.MutableByte,compareTo,270,273,3,1,1,1,1,2,0,3,2,1,1,0,0,0,0,1,0,0.0,0,0,2
Lang-1f_org.apache.commons.lang3.mutable.MutableLong_<init>_43,Lang,1,Lang-1f,org.apache.commons.lang3.mutable.MutableLong,<init>,43,45,2,0,0,2,0,0,0,0,5,4,1,0,0,0,0,0,0,0.0,0,0,2
Lang-1f_org.apache.commons.lang3.mutable.MutableLong_<init>_52,Lang,1,Lang-1f,org.apache.commons.lang3.mutable.MutableLong,<init>,52,55,3,1,0,2,0,0,0,0,8,7,1,0,0,0,0,0,0,0.0,0,0,3
Lang-1f_org.apache.commons.lang3.mutable.MutableLong_<init>_63,Lang,1,Lang-1f,org.apache.commons.lang3.mutable.MutableLong,<init>,63,66,3,1,0,3,0,0,0,0,8,7,1,0,0,0,0,0,0,0.0,0,0,3
Lang-1f_org.apache.commons.lang3.mutable.MutableLong_<init>_75,Lang,1,Lang-1f,org.apache.commons.lang3.mutable.MutableLong,<init>,75,78,3,1,0,3,0,0,0,0,9,8,1,0,0,0,0,0,0,0.0,0,0,3
Lang-1f_org.apache.commons.lang3.mutable.MutableLong_getValue_87,Lang,1,Lang-1f,org.apache.commons.lang3.mutable.MutableLong,getValue,87,89,2,0,0,2,0,0,0,0,1,0,1,0,0,0,0,1,0,0.0,0,0,1
Lang-1f_org.apache.commons.lang3.mutable.MutableLong_setValue_107,Lang,1,Lang-1f,org.apache.commons.lang3.mutable.MutableLong,setValue,107,109,2,1,0,2,0,0,0,0,1,0,1,0,0,0,0,0,0,0.0,0,0,1
Lang-1f_org.apache.commons.lang3.mutable.MutableLong_add_148,Lang,1,Lang-1f,org.apache.commons.lang3.mutable.MutableLong,add,148,150,2,1,0,2,0,0,0,0,1,0,1,0,0,0,0,0,0,0.0,0,0,1
Lang-1f_org.apache.commons.lang3.mutable.MutableLong_subtract_169,Lang,1,Lang-1f,org.apache.commons.lang3.mutable.MutableLong,subtract,169,171,2,1,0,2,0,0,0,0,1,0,1,0,0,0,0,0,0,0.0,0,0,1
Lang-1f_org.apache.commons.lang3.mutable.MutableLong_toLong_221,Lang,1,Lang-1f,org.apache.commons.lang3.mutable.MutableLong,toLong,221,223,2,0,0,3,0,0,0,0,1,0,1,0,0,0,0,1,0,0.0,0,0,1
Lang-1f_org.apache.commons.lang3.mutable.MutableLong_longValue_191,Lang,1,Lang-1f,org.apache.commons.lang3.mutable.MutableLong,longValue,191,193,2,0,0,1,0,0,0,0,1,0,1,0,0,0,0,1,0,0.0,0,0,1
Lang-1f_org.apache.commons.lang3.mutable.MutableLong_equals_235,Lang,1,Lang-1f,org.apache.commons.lang3.mutable.MutableLong,equals,235,240,4,1,0,3,0,1,0,0,3,2,1,1,1,0,0,2,1,0.3333,0,1,3
Lang-1f_org.apache.commons.lang3.mutable.MutableLong_toString_272,Lang,1,Lang-1f,org.apache.commons.lang3.mutable.MutableLong,toString,272,274,2,0,0,2,0,0,0,0,1,0,1,0,0,0,0,1,0,0.0,0,0,1
Lang-1f_org.apache.commons.lang3.mutable.MutableLong_compareTo_260,Lang,1,Lang-1f,org.apache.commons.lang3.mutable.MutableLong,compareTo,260,263,3,1,1,1,1,2,0,3,2,1,1,0,0,0,0,1,0,0.0,0,0,2
Lang-1f_org.apache.commons.lang3.mutable.MutableInt_<init>_43,Lang,1,Lang-1f,org.apache.commons.lang3.mutable.MutableInt,<init>,43,45,2,0,0,2,0,0,0,0,5,4,1,0,0,0,0,0,0,0.0,0,0,2
Lang-1f_org.apache.commons.lang3.mutable.MutableInt_<init>_52,Lang,1,Lang-1f,org.apache.commons.lang3.mutable.MutableInt,<init>,52,55,3,1,0,2,0,0,0,0,8,7,1,0,0,0,0,0,0,0.0,0,0,3
Lang-1f_org.apache.commons.lang3.mutable.MutableInt_<init>_63,Lang,1,Lang-1f,org.apache.commons.lang3.mutable.MutableInt,<init>,63,66,3,1,0,3,0,0,0,0,8,7,1,0,0,0,0,0,0,0.0,0,0,3
Lang-1f_org.apache.commons.lang3.mutable.MutableInt_<init>_75,Lang,1,Lang-1f,org.apache.commons.lang3.mutable.MutableInt,<init>,75,78,3,1,0,3,0,0,0,0,9,8,1,0,0,0,0,0,0,0.0,0,0,3
Lang-1f_org.apache.commons.lang3.mutable.MutableInt_getValue_87,Lang,1,Lang-1f,org.apache.commons.lang3.mutable.MutableInt,getValue,87,89,2,0,0,2,0,0,0,0,1,0,1,0,0,0,0,1,0,0.0,0,0,1
Lang-1f_org.apache.commons.lang3.mutable.MutableInt_setValue_107,Lang,1,Lang-1f,org.apache.commons.lang3.mutable.MutableInt,setValue,107,109,2,1,0,2,0,0,0,0,1,0,1,0,0,0,0,0,0,0.0,0,0,1
Lang-1f_org.apache.commons.lang3.mutable.MutableInt_add_148,Lang,1,Lang-1f,org.apache.commons.lang3.mutable.MutableInt,add,148,150,2,1,0,2,0,0,0,0,1,0,1,0,0,0,0,0,0,0.0,0,0,1
Lang-1f_org.apache.commons.lang3.mutable.MutableInt_subtract_169,Lang,1,Lang-1f,org.apache.commons.lang3.mutable.MutableInt,subtract,169,171,2,1,0,2,0,0,0,0,1,0,1,0,0,0,0,0,0,0.0,0,0,1
Lang-1f_org.apache.commons.lang3.mutable.MutableInt_toInteger_221,Lang,1,Lang-1f,org.apache.commons.lang3.mutable.MutableInt,toInteger,221,223,2,0,0,3,0,0,0,0,1,0,1,0,0,0,0,1,0,0.0,0,0,1
Lang-1f_org.apache.commons.lang3.mutable.MutableInt_intValue_181,Lang,1,Lang-1f,org.apache.commons.lang3.mutable.MutableInt,intValue,181,183,2,0,0,1,0,0,0,0,1,0,1,0,0,0,0,1,0,0.0,0,0,1
Lang-1f_org.apache.commons.lang3.mutable.MutableInt_equals_235,Lang,1,Lang-1f,org.apache.commons.lang3.mutable.MutableInt,equals,235,240,4,1,0,3,0,1,0,0,3,2,1,1,1,0,0,2,1,0.3333,0,1,3
Lang-1f_org.apache.commons.lang3.mutable.MutableInt_toString_272,Lang,1,Lang-1f,org.apache.commons.lang3.mutable.MutableInt,toString,272,274,2,0,0,2,0,0,0,0,1,0,1,0,0,0,0,1,0,0.0,0,0,1
Lang-1f_org.apache.commons.lang3.mutable.MutableInt_compareTo_260,Lang,1,Lang-1f,org.apache.commons.lang3.mutable.MutableInt,compareTo,260,263,3,1,1,1,1,2,0,3,2,1,1,0,0,0,0,1,0,0.0,0,0,2
Lang-1f_org.apache.commons.lang3.mutable.MutableBoolean_<init>_46,Lang,1,Lang-1f,org.apache.commons.lang3.mutable.MutableBoolean,<init>,46,48,2,0,0,2,0,0,0,0,5,4,1,0,0,0,0,0,0,0.0,0,0,2
Lang-1f_org.apache.commons.lang3.mutable.MutableBoolean_<init>_55,Lang,1,Lang-1f,org.apache.commons.lang3.mutable.MutableBoolean,<init>,55,58,3,1,0,2,0,0,0,0,8,7,1,0,0,0,0,0,0,0.0,0,0,3
Lang-1f_org.apache.commons.lang3.mutable.MutableBoolean_<init>_66,Lang,1,Lang-1f,org.apache.commons.lang3.mutable.MutableBoolean,<init>,66,69,3,1,0,3,0,0,0,0,8,7,1,0,0,0,0,0,0,0.0,0,0,3
Lang-1f_org.apache.commons.lang3.mutable.MutableBoolean_getValue_78,Lang,1,Lang-1f,org.apache.commons.lang3.mutable.MutableBoolean,getValue,78,80,2,0,0,2,0,0,0,0,1,0,1,0,0,0,0,1,0,0.0,0,0,1
Lang-1f_org.apache.commons.lang3.mutable.MutableBoolean_setValue_98,Lang,1,Lang-1f,org.apache.commons.lang3.mutable.MutableBoolean,setValue,98,100,2,1,0,2,0,0,0,0,1,0,1,0,0,0,0,0,0,0.0,0,0,1
Lang-1f_org.apache.commons.lang3.mutable.MutableBoolean_toBoolean_140,Lang,1,Lang-1f,org.apache.commons.lang3.mutable.MutableBoolean,toBoolean,140,142,2,0,0,3,0,0,0,0,1,0,1,0,0,0,0,1,0,0.0,0,0,1
Lang-1f_org.apache.commons.lang3.mutable.MutableBoolean_booleanValue_129,Lang,1,Lang-1f,org.apache.commons.lang3.mutable.MutableBoolean,booleanValue,129,131,2,0,0,1,0,0,0,0,1,0,1,0,0,0,0,1,0,0.0,0,0,1
Lang-1f_org.apache.commons.lang3.mutable.MutableBoolean_equals_154,Lang,1,Lang-1f,org.apache.commons.lang3.mutable.MutableBoolean,equals,154,159,4,1,0,3,0,1,0,0,3,2,1,1,1,0,0,2,1,0.3333,0,1,3
Lang-1f_org.apache.commons.lang3.mutable.MutableBoolean_hashCode_167,Lang,1,Lang-1f,org.apache.commons.lang3.mutable.MutableBoolean,hashCode,167,169,2,0,0,3,0,0,0,0,1,0,1,0,1,1,1,1,0,1.0,1,1,1
Lang-1f_org.apache.commons.lang3.mutable.MutableBoolean_toString_192,Lang,1,Lang-1f,org.apache.commons.lang3.mutable.MutableBoolean,toString,192,194,2,0,0,2,0,0,0,0,1,0,1,0,0,0,0,1,0,0.0,0,0,1
Lang-1f_org.apache.commons.lang3.mutable.MutableBoolean_compareTo_180,Lang,1,Lang-1f,org.apache.commons.lang3.mutable.MutableBoolean,compareTo,180,183,3,1,1,1,1,1,0,3,2,1,1,0,0,0,0,1,0,0.0,0,0,2
Lang-1f_org.apache.commons.lang3.CharUtils_<init>_66,Lang,1,Lang-1f,org.apache.commons.lang3.CharUtils,<init>,66,68,2,0,0,2,0,0,0,0,5,4,1,0,0,0,0,0,0,0.0,0,0,2
Lang-1f_org.apache.commons.lang3.CharUtils_toCharacterObject_87,Lang,1,Lang-1f,org.apache.commons.lang3.CharUtils,toCharacterObject,87,89,2,1,0,2,0,0,0,0,1,0,1,0,0,0,0,1,0,0.0,0,0,1
Lang-1f_org.apache.commons.lang3.CharUtils_toCharacterObject_108,Lang,1,Lang-1f,org.apache.commons.lang3.CharUtils,toCharacterObject,108,113,4,1,0,5,0,0,0,1,3,2,1,1,1,0,0,2,1,0.3333,0,1,3
Lang-1f_org.apache.commons.lang3.StringUtils_isEmpty_216,Lang,1,Lang-1f,org.apache.commons.lang3.StringUtils,isEmpty,216,218,2,1,0,2,0,2,1,1,1,0,1,0,0,0,0,1,0,0.0,0,0,1
Lang-1f_org.apache.commons.lang3.CharUtils_toChar_129,Lang,1,Lang-1f,org.apache.commons.lang3.CharUtils,toChar,129,134,4,1,0,4,0,1,0,1,4,4,2,1,1,1,0,1,1,0.25,0,1,3
Lang-1f_org.apache.commons.lang3.CharUtils_toChar_149,Lang,1,Lang-1f,org.apache.commons.lang3.CharUtils,toChar,149,154,4,2,1,3,0,1,0,0,3,2,1,1,1,0,0,2,1,0.3333,0,1,3
Lang-1f_org.apache.commons.lang3.CharUtils_toChar_172,Lang,1,Lang-1f,org.apache.commons.lang3.CharUtils,toChar,172,177,4,1,0,5,0,0,0,2,4,4,2,1,1,1,0,1,1,0.25,0,1,3
Lang-1f_org.apache.commons.lang3.CharUtils_toChar_194,Lang,1,Lang-1f,org.apache.commons.lang3.CharUtils,toChar,194,199,4,2,1,4,0,0,0,1,3,2,1,1,1,0,0,2,1,0.3333,0,1,3
Lang-1f_org.apache.commons.lang3.CharUtils_toIntValue_217,Lang,1,Lang-1f,org.apache.commons.lang3.CharUtils,toIntValue,217,222,4,1,0,4,3,1,0,3,6,6,2,1,1,1,0,1,1,0.1667,0,1,3
Lang-1f_org.apache.commons.lang3.CharUtils_isAsciiNumeric_516,Lang,1,Lang-1f,org.apache.commons.lang3.CharUtils,isAsciiNumeric,516,518,2,1,0,1,0,2,1,2,1,0,1,0,0,0,0,1,0,0.0,0,0,1
Lang-1f_org.apache.commons.lang3.CharUtils_toIntValue_239,Lang,1,Lang-1f,org.apache.commons.lang3.CharUtils,toIntValue,239,244,4,2,1,3,1,1,0,1,3,2,1,1,1,0,0,2,1,0.3333,0,1,3
Lang-1f_org.apache.commons.lang3.CharUtils_toIntValue_262,Lang,1,Lang-1f,org.apache.commons.lang3.CharUtils,toIntValue,262,267,4,1,0,5,0,1,0,1,4,4,2,1,2,1,1,1,1,0.5,1,1,3
Lang-1f_org.apache.commons.lang3.CharUtils_toIntValue_285,Lang,1,Lang-1f,org.apache.commons.lang3.CharUtils,toIntValue,285,290,4,2,1,4,0,1,0,0,3,2,1,1,2,1,1,2,1,0.6667,1,1,3
Lang-1f_org.apache.commons.lang3.CharUtils_toString_307,Lang,1,Lang-1f,org.apache.commons.lang3.CharUtils,toString,307,312,4,1,0,3,0,1,0,1,3,2,1,1,1,0,0,2,1,0.3333,0,1,3
Lang-1f_org.apache.commons.lang3.CharUtils_toString_331,Lang,1,Lang-1f,org.apache.commons.lang3.CharUtils,toString,331,336,4,1,0,4,0,1,0,0,3,2,1,1,2,1,1,2,1,0.6667,1,1,3
Lang-1f_org.apache.commons.lang3.CharUtils_unicodeEscaped_352,Lang,1,Lang-1f,org.apache.commons.lang3.CharUtils,unicodeEscaped,352,361,8,1,0,8,4,3,0,4,7,6,1,3,3,0,0,4,3,0.4286,0,1,7
Lang-1f_org.apache.commons.lang3.CharUtils_unicodeEscaped_379,Lang,1,Lang-1f,org.apache.commons.lang3.CharUtils,unicodeEscaped,379,384,4,1,0,4,0,1,0,0,3,2,1,1,2,1,1,2,1,0.6667,1,1,3
Lang-1f_org.apache.commons.lang3.CharUtils_<clinit>_53,Lang,1,Lang-1f,org.apache.commons.lang3.CharUtils,<clinit>,53,57,3,1,1,2,2,1,0,1,4,4,2,0,0,1,2,0,0,0.0,1,0,2
Lang-1f_org.apache.commons.lang3.BitField_<init>_37,Lang,1,Lang-1f,org.apache.commons.lang3.BitField,<init>,37,49,9,1,2,3,2,3,0,5,13,14,3,1,2,2,1,0,1,0.1538,1,1,9
Lang-1f_org.apache.commons.lang3.BitField_getValue_65,Lang,1,Lang-1f,org.apache.commons.lang3.BitField,getValue,65,67,2,1,0,2,0,1,0,0,1,0,1,0,0,0,0,1,0,0.0,0,0,1
Lang-1f_org.apache.commons.lang3.BitField_getRawValue_94,Lang,1,Lang-1f,org.apache.commons.lang3.BitField,getRawValue,94,96,2,1,0,1,0,0,0,0,1,0,1,0,0,0,0,1,0,0.0,0,0,1
Lang-1f_org.apache.commons.lang3.BitField_getShortValue_83,Lang,1,Lang-1f,org.apache.commons.lang3.BitField,getShortValue,83,85,2,1,0,3,0,0,0,0,1,0,1,0,0,0,0,1,0,0.0,0,0,1
Lang-1f_org.apache.commons.lang3.BitField_getShortRawValue_105,Lang,1,Lang-1f,org.apache.commons.lang3.BitField,getShortRawValue,105,107,2,1,0,3,0,0,0,0,1,0,1,0,0,0,0,1,0,0.0,0,0,1
Lang-1f_org.apache.commons.lang3.BitField_setShortValue_166,Lang,1,Lang-1f,org.apache.commons.lang3.BitField,setShortValue,166,168,2,2,1,3,0,0,0,0,1,0,1,0,0,0,0,1,0,0.0,0,0,1
Lang-1f_org.apache.commons.lang3.BitField_setValue_152,Lang,1,Lang-1f,org.apache.commons.lang3.BitField,setValue,152,154,2,2,1,2,0,1,0,0,1,0,1,0,0,0,0,1,0,0.0,0,0,1
Lang-1f_org.apache.commons.lang3.BitField_clearShort_190,Lang,1,Lang-1f,org.apache.commons.lang3.BitField,clearShort,190,192,2,1,0,3,0,0,0,0,1,0,1,0,0,0,0,1,0,0.0,0,0,1
Lang-1f_org.apache.commons.lang3.BitField_clear_178,Lang,1,Lang-1f,org.apache.commons.lang3.BitField,clear,178,180,2,1,0,1,0,0,0,0,1,0,1,0,0,0,0,1,0,0.0,0,0,1
Lang-1f_org.apache.commons.lang3.BitField_clearByte_203,Lang,1,Lang-1f,org.apache.commons.lang3.BitField,clearByte,203,205,2,1,0,3,0,0,0,0,1,0,1,0,0,0,0,1,0,0.0,0,0,1
Lang-1f_org.apache.commons.lang3.BitField_setShort_227,Lang,1,Lang-1f,org.apache.commons.lang3.BitField,setShort,227,229,2,1,0,3,0,0,0,0,1,0,1,0,0,0,0,1,0,0.0,0,0,1
Lang-1f_org.apache.commons.lang3.BitField_set_215,Lang,1,Lang-1f,org.apache.commons.lang3.BitField,set,215,217,2,1,0,1,0,0,0,0,1,0,1,0,0,0,0,1,0,0.0,0,0,1
Lang-1f_org.apache.commons.lang3.BitField_setByte_240,Lang,1,Lang-1f,org.apache.commons.lang3.BitField,setByte,240,242,2,1,0,3,0,0,0,0,1,0,1,0,0,0,0,1,0,0.0,0,0,1
Lang-1f_org.apache.commons.lang3.BitField_setBoolean_253,Lang,1,Lang-1f,org.apache.commons.lang3.BitField,setBoolean,253,255,2,2,1,3,0,0,0,0,1,0,1,0,0,0,0,1,0,0.0,0,0,1
Lang-1f_org.apache.commons.lang3.BitField_setShortBoolean_266,Lang,1,Lang-1f,org.apache.commons.lang3.BitField,setShortBoolean,266,268,2,2,1,3,0,0,0,0,1,0,1,0,0,0,0,1,0,0.0,0,0,1
Lang-1f_org.apache.commons.lang3.BitField_setByteBoolean_279,Lang,1,Lang-1f,org.apache.commons.lang3.BitField,setByteBoolean,279,281,2,2,1,3,0,0,0,0,1,0,1,0,0,0,0,1,0,0.0,0,0,1
Lang-1f_org.apache.commons.lang3.StringEscapeUtils_<init>_345,Lang,1,Lang-1f,org.apache.commons.lang3.StringEscapeUtils,<init>,345,347,2,0,0,2,0,0,0,0,5,4,1,0,0,0,0,0,0,0.0,0,0,2
Lang-1f_org.apache.commons.lang3.StringEscapeUtils_translate_175,Lang,1,Lang-1f,org.apache.commons.lang3.StringEscapeUtils,translate,175,189,10,3,2,14,1,1,0,2,9,10,3,2,2,2,0,1,2,0.2222,0,1,8
Lang-1f_org.apache.commons.lang3.StringUtils_containsAny_1515,Lang,1,Lang-1f,org.apache.commons.lang3.StringUtils,containsAny,1515,1543,19,2,8,14,8,6,2,6,21,23,4,5,7,3,4,5,5,0.3333,1,1,17
Lang-1f_org.apache.commons.lang3.StringUtils_replace_4377,Lang,1,Lang-1f,org.apache.commons.lang3.StringUtils,replace,4377,4379,2,3,2,2,1,0,0,1,1,0,1,0,1,1,1,1,0,1.0,1,1,1
Lang-1f_org.apache.commons.lang3.ClassUtils_addAbbreviation_110,Lang,1,Lang-1f,org.apache.commons.lang3.ClassUtils,addAbbreviation,110,113,3,2,1,3,0,0,0,0,2,1,1,0,0,0,0,0,0,0.0,0,0,2
Lang-1f_org.apache.commons.lang3.ClassUtils_<init>_137,Lang,1,Lang-1f,org.apache.commons.lang3.ClassUtils,<init>,137,139,2,0,0,2,0,0,0,0,5,4,1,0,0,0,0,0,0,0.0,0,0,2
Lang-1f_org.apache.commons.lang3.ClassUtils_getShortClassName_150,Lang,1,Lang-1f,org.apache.commons.lang3.ClassUtils,getShortClassName,150,155,4,2,1,4,0,1,0,0,3,2,1,1,2,1,1,2,1,0.6667,1,1,3
Lang-1f_org.apache.commons.lang3.ClassUtils_getShortClassName_167,Lang,1,Lang-1f,org.apache.commons.lang3.ClassUtils,getShortClassName,167,172,4,1,0,4,0,3,0,0,3,2,1,1,2,1,1,2,1,0.6667,1,1,3
Lang-1f_org.apache.commons.lang3.ClassUtils_getShortClassName_186,Lang,1,Lang-1f,org.apache.commons.lang3.ClassUtils,getShortClassName,186,217,19,1,4,24,7,5,1,13,17,21,6,5,6,4,1,2,5,0.3529,1,1,17
Lang-1f_org.apache.commons.lang3.ClassUtils_getSimpleName_227,Lang,1,Lang-1f,org.apache.commons.lang3.ClassUtils,getSimpleName,227,232,4,1,0,3,0,3,0,0,3,2,1,1,2,1,1,2,1,0.6667,1,1,3
Lang-1f_org.apache.commons.lang3.ClassUtils_getSimpleName_243,Lang,1,Lang-1f,org.apache.commons.lang3.ClassUtils,getSimpleName,243,248,4,2,1,4,0,1,0,0,3,2,1,1,2,1,1,2,1,0.6667,1,1,3
Lang-1f_org.apache.commons.lang3.ClassUtils_getPackageName_259,Lang,1,Lang-1f,org.apache.commons.lang3.ClassUtils,getPackageName,259,264,4,2,1,4,0,1,0,0,3,2,1,1,2,1,1,2,1,0.6667,1,1,3
Lang-1f_org.apache.commons.lang3.ClassUtils_getPackageName_272,Lang,1,Lang-1f,org.apache.commons.lang3.ClassUtils,getPackageName,272,277,4,1,0,4,0,3,0,0,3,2,1,1,2,1,1,2,1,0.6667,1,1,3
Lang-1f_org.apache.commons.lang3.ClassUtils_getPackageName_288,Lang,1,Lang-1f,org.apache.commons.lang3.ClassUtils,getPackageName,288,307,11,1,1,14,2,4,1,7,10,11,3,3,4,2,1,3,3,0.4,1,1,10
Lang-1f_org.apache.commons.lang3.ClassUtils_getAllSuperclasses_318,Lang,1,Lang-1f,org.apache.commons.lang3.ClassUtils,getAllSuperclasses,318,329,9,1,0,6,0,15,0,0,8,8,2,1,2,1,1,2,1,0.25,1,1,8
Lang-1f_org.apache.commons.lang3.ClassUtils_getAllInterfaces_344,Lang,1,Lang-1f,org.apache.commons.lang3.ClassUtils,getAllInterfaces,344,353,6,1,0,3,0,15,0,0,5,4,1,1,2,1,1,2,1,0.4,1,1,5
Lang-1f_org.apache.commons.lang3.ClassUtils_getAllInterfaces_361,Lang,1,Lang-1f,org.apache.commons.lang3.ClassUtils,getAllInterfaces,361,373,7,2,0,8,0,10,0,0,7,9,4,1,4,3,4,0,0,0.5714,1,1,6
Lang-1f_org.apache.commons.lang3.ClassUtils_convertClassNamesToClasses_389,Lang,1,Lang-1f,org.apache.commons.lang3.ClassUtils,convertClassNamesToClasses,389,402,10,1,0,8,0,12,0,0,11,11,2,1,2,1,2,2,1,0.1818,1,1,8
Lang-1f_org.apache.commons.lang3.ClassUtils_convertClassesToClassNames_416,Lang,1,Lang-1f,org.apache.commons.lang3.ClassUtils,convertClassesToClassNames,416,429,10,1,0,8,0,13,0,0,9,10,3,2,3,1,2,2,1,0.3333,1,1,8
Lang-1f_org.apache.commons.lang3.ClassUtils_isAssignable_469,Lang,1,Lang-1f,org.apache.commons.lang3.ClassUtils,isAssignable,469,471,2,2,0,3,0,4,0,0,1,0,1,0,1,1,1,1,0,1.0,1,1,1
Lang-1f_org.apache.commons.lang3.SystemUtils_isJavaVersionAtLeast_1387,Lang,1,Lang-1f,org.apache.commons.lang3.SystemUtils,isJavaVersionAtLeast,1387,1389,2,1,0,2,0,0,0,0,1,0,1,0,0,0,0,1,0,0.0,0,0,1
Lang-1f_org.apache.commons.lang3.ClassUtils_isAssignable_505,Lang,1,Lang-1f,org.apache.commons.lang3.ClassUtils,isAssignable,505,521,11,3,1,8,2,9,0,1,12,14,4,4,5,4,3,3,4,0.4167,1,1,10
Lang-1f_org.apache.commons.lang3.ArrayUtils_isSameLength_1195,Lang,1,Lang-1f,org.apache.commons.lang3.ArrayUtils,isSameLength,1195,1202,6,2,0,2,0,9,8,2,3,2,1,1,1,0,0,2,1,0.3333,0,1,3
Lang-1f_org.apache.commons.lang3.ClassUtils_isAssignable_616,Lang,1,Lang-1f,org.apache.commons.lang3.ClassUtils,isAssignable,616,687,50,3,0,57,0,9,15,0,36,38,4,18,18,2,0,16,18,0.5,0,1,36
Lang-1f_org.apache.commons.lang3.ClassUtils_isPrimitiveOrWrapper_533,Lang,1,Lang-1f,org.apache.commons.lang3.ClassUtils,isPrimitiveOrWrapper,533,538,4,1,0,4,0,3,1,0,3,2,1,1,1,0,0,2,1,0.3333,0,1,3
Lang-1f_org.apache.commons.lang3.ClassUtils_isPrimitiveWrapper_550,Lang,1,Lang-1f,org.apache.commons.lang3.ClassUtils,isPrimitiveWrapper,550,552,2,1,0,2,0,2,0,0,1,0,1,0,0,0,0,1,0,0.0,0,0,1
Lang-1f_org.apache.commons.lang3.ClassUtils_isAssignable_585,Lang,1,Lang-1f,org.apache.commons.lang3.ClassUtils,isAssignable,585,587,2,2,0,3,0,4,0,0,1,0,1,0,1,1,1,1,0,1.0,1,1,1
Lang-1f_org.apache.commons.lang3.ClassUtils_primitiveToWrapper_701,Lang,1,Lang-1f,org.apache.commons.lang3.ClassUtils,primitiveToWrapper,701,707,5,1,0,4,0,7,1,0,4,4,2,1,1,1,0,1,1,0.25,0,1,4
Lang-1f_org.apache.commons.lang3.ClassUtils_wrapperToPrimitive_751,Lang,1,Lang-1f,org.apache.commons.lang3.ClassUtils,wrapperToPrimitive,751,753,2,1,0,2,0,4,0,0,1,0,1,0,0,0,0,1,0,0.0,0,0,1
Lang-1f_org.apache.commons.lang3.ClassUtils_primitivesToWrappers_719,Lang,1,Lang-1f,org.apache.commons.lang3.ClassUtils,primitivesToWrappers,719,733,9,1,1,5,2,9,0,2,10,10,2,2,3,1,2,3,2,0.3,1,1,8
Lang-1f_org.apache.commons.lang3.ClassUtils_wrappersToPrimitives_769,Lang,1,Lang-1f,org.apache.commons.lang3.ClassUtils,wrappersToPrimitives,769,783,9,1,1,5,2,9,0,2,10,10,2,2,3,1,2,3,2,0.3,1,1,8
Lang-1f_org.apache.commons.lang3.ClassUtils_isInnerClass_794,Lang,1,Lang-1f,org.apache.commons.lang3.ClassUtils,isInnerClass,794,796,2,1,0,2,0,4,1,0,1,0,1,0,0,0,0,1,0,0.0,0,0,1
Lang-1f_org.apache.commons.lang3.ClassUtils_getClass_812,Lang,1,Lang-1f,org.apache.commons.lang3.ClassUtils,getClass,812,839,19,3,4,15,5,5,0,4,17,16,1,2,3,3,1,2,1,0.1765,1,1,12
Lang-1f_org.apache.commons.lang3.ClassUtils_toCanonicalName_950,Lang,1,Lang-1f,org.apache.commons.lang3.ClassUtils,toCanonicalName,950,969,16,1,2,19,1,2,0,8,15,18,5,3,4,3,1,1,3,0.2667,1,1,14
Lang-1f_org.apache.commons.lang3.ClassUtils_getClass_853,Lang,1,Lang-1f,org.apache.commons.lang3.ClassUtils,getClass,853,855,2,2,1,2,0,2,0,0,1,0,1,0,1,1,1,1,0,1.0,1,1,1
Lang-1f_org.apache.commons.lang3.ClassUtils_getClass_868,Lang,1,Lang-1f,org.apache.commons.lang3.ClassUtils,getClass,868,870,2,1,0,2,0,2,0,0,1,0,1,0,1,1,1,1,0,1.0,1,1,1
Lang-1f_org.apache.commons.lang3.ClassUtils_getClass_883,Lang,1,Lang-1f,org.apache.commons.lang3.ClassUtils,getClass,883,887,4,2,3,5,0,3,0,0,3,2,1,0,1,1,1,1,0,0.3333,1,1,3
Lang-1f_org.apache.commons.lang3.ClassUtils_getPublicMethod_912,Lang,1,Lang-1f,org.apache.commons.lang3.ClassUtils,getPublicMethod,912,941,20,3,3,22,3,12,0,2,25,26,3,3,4,1,2,2,1,0.16,1,1,17
Lang-1f_org.apache.commons.lang3.ArrayUtils_toString_158,Lang,1,Lang-1f,org.apache.commons.lang3.ArrayUtils,toString,158,160,2,1,0,2,0,0,0,1,1,0,1,0,1,1,1,1,0,1.0,1,1,1
Lang-1f_org.apache.commons.lang3.StringUtils_deleteWhitespace_4063,Lang,1,Lang-1f,org.apache.commons.lang3.StringUtils,deleteWhitespace,4063,4079,12,1,3,11,4,2,0,3,13,14,3,3,4,2,2,3,2,0.3077,1,1,11
Lang-1f_org.apache.commons.lang3.ClassUtils_toClass_981,Lang,1,Lang-1f,org.apache.commons.lang3.ClassUtils,toClass,981,992,9,1,1,5,2,8,0,2,10,10,2,2,3,1,2,3,2,0.3,1,1,8
Lang-1f_org.apache.commons.lang3.ClassUtils_getShortCanonicalName_1004,Lang,1,Lang-1f,org.apache.commons.lang3.ClassUtils,getShortCanonicalName,1004,1009,4,2,1,5,0,1,0,0,3,2,1,1,2,1,1,2,1,0.6667,1,1,3
Lang-1f_org.apache.commons.lang3.ClassUtils_getShortCanonicalName_1034,Lang,1,Lang-1f,org.apache.commons.lang3.ClassUtils,getShortCanonicalName,1034,1036,2,1,0,3,0,0,0,0,1,0,1,0,0,0,0,1,0,0.0,0,0,1
Lang-1f_org.apache.commons.lang3.ClassUtils_getShortCanonicalName_1018,Lang,1,Lang-1f,org.apache.commons.lang3.ClassUtils,getShortCanonicalName,1018,1023,4,1,0,4,0,3,0,0,3,2,1,1,2,1,1,2,1,0.6667,1,1,3
Lang-1f_org.apache.commons.lang3.ClassUtils_getCanonicalName_1099,Lang,1,Lang-1f,org.apache.commons.lang3.ClassUtils,getCanonicalName,1099,1130,25,1,3,21,5,4,0,13,19,22,5,4,6,3,3,3,4,0.3158,1,1,17
Lang-1f_org.apache.commons.lang3.ClassUtils_getPackageCanonicalName_1048,Lang,1,Lang-1f,org.apache.commons.lang3.ClassUtils,getPackageCanonicalName,1048,1053,4,2,1,5,0,1,0,0,3,2,1,1,2,1,1,2,1,0.6667,1,1,3
Lang-1f_org.apache.commons.lang3.ClassUtils_getPackageCanonicalName_1079,Lang,1,Lang-1f,org.apache.commons.lang3.ClassUtils,getPackageCanonicalName,1079,1081,2,1,0,3,0,0,0,0,1,0,1,0,0,0,0,1,0,0.0,0,0,1
Lang-1f_org.apache.commons.lang3.ClassUtils_getPackageCanonicalName_1062,Lang,1,Lang-1f,org.apache.commons.lang3.ClassUtils,getPackageCanonicalName,1062,1067,4,1,0,4,0,3,0,0,3,2,1,1,2,1,1,2,1,0.6667,1,1,3
Lang-1f_org.apache.commons.lang3.ClassUtils_<clinit>_69,Lang,1,Lang-1f,org.apache.commons.lang3.ClassUtils,<clinit>,69,79,10,2,0,9,0,0,0,0,9,8,1,0,0,0,0,0,0,0.0,0,0,9
Lang-1f_org.apache.commons.lang3.LocaleUtils_<init>_56,Lang,1,Lang-1f,org.apache.commons.lang3.LocaleUtils,<init>,56,58,2,0,0,2,0,0,0,0,5,4,1,0,0,0,0,0,0,0.0,0,0,2
Lang-1f_org.apache.commons.lang3.LocaleUtils_toLocale_88,Lang,1,Lang-1f,org.apache.commons.lang3.LocaleUtils,toLocale,88,151,45,1,7,64,12,14,3,50,68,79,13,18,18,12,0,7,13,0.2647,0,1,44
Lang-1f_org.apache.commons.lang3.LocaleUtils_localeLookupList_166,Lang,1,Lang-1f,org.apache.commons.lang3.LocaleUtils,localeLookupList,166,168,2,1,0,2,0,2,0,0,1,0,1,0,1,1,1,1,0,1.0,1,1,1
Lang-1f_org.apache.commons.lang3.LocaleUtils_localeLookupList_188,Lang,1,Lang-1f,org.apache.commons.lang3.LocaleUtils,localeLookupList,188,203,11,2,1,20,0,10,0,4,10,13,5,4,4,3,0,1,4,0.4,0,1,10
Lang-1f_org.apache.commons.lang3.LocaleUtils_availableLocaleList_215,Lang,1,Lang-1f,org.apache.commons.lang3.LocaleUtils,availableLocaleList,215,217,2,0,0,1,0,2,0,0,1,0,1,0,0,0,0,1,0,0.0,0,0,1
Lang-1f_org.apache.commons.lang3.LocaleUtils_availableLocaleSet_229,Lang,1,Lang-1f,org.apache.commons.lang3.LocaleUtils,availableLocaleSet,229,231,2,0,0,1,0,2,0,0,1,0,1,0,0,0,0,1,0,0.0,0,0,1
Lang-1f_org.apache.commons.lang3.LocaleUtils_isAvailableLocale_240,Lang,1,Lang-1f,org.apache.commons.lang3.LocaleUtils,isAvailableLocale,240,242,2,1,0,3,0,0,0,0,1,0,1,0,0,0,0,1,0,0.0,0,0,1
Lang-1f_org.apache.commons.lang3.LocaleUtils_languagesByCountry_254,Lang,1,Lang-1f,org.apache.commons.lang3.LocaleUtils,languagesByCountry,254,274,16,1,2,18,2,11,1,1,16,18,4,3,4,3,2,2,3,0.25,1,1,14
Lang-1f_org.apache.commons.lang3.LocaleUtils_countriesByLanguage_286,Lang,1,Lang-1f,org.apache.commons.lang3.LocaleUtils,countriesByLanguage,286,307,17,1,2,20,2,12,2,2,16,18,4,3,4,3,2,2,3,0.25,1,1,14
Lang-1f_org.apache.commons.lang3.LocaleUtils_<clinit>_317,Lang,1,Lang-1f,org.apache.commons.lang3.LocaleUtils,<clinit>,317,321,4,1,0,4,0,6,0,0,3,2,1,0,0,0,0,0,0,0.0,0,0,3
Lang-1f_org.apache.commons.lang3.Range_compare_490,Lang,1,Lang-1f,org.apache.commons.lang3.Range,compare,490,492,2,2,1,3,0,0,0,0,1,0,1,0,0,0,0,1,0,0.0,0,0,1
Lang-1f_org.apache.commons.lang3.StringUtils_<init>_191,Lang,1,Lang-1f,org.apache.commons.lang3.StringUtils,<init>,191,193,2,0,0,2,0,0,0,0,5,4,1,0,0,0,0,0,0,0.0,0,0,2
Lang-1f_org.apache.commons.lang3.StringUtils_isNotEmpty_235,Lang,1,Lang-1f,org.apache.commons.lang3.StringUtils,isNotEmpty,235,237,2,1,0,2,0,0,0,0,1,0,1,0,0,0,0,1,0,0.0,0,0,1
Lang-1f_org.apache.commons.lang3.StringUtils_isBlank_255,Lang,1,Lang-1f,org.apache.commons.lang3.StringUtils,isBlank,255,266,8,1,2,7,2,4,1,2,9,9,2,2,3,1,2,3,2,0.3333,1,1,7
Lang-1f_org.apache.commons.lang3.StringUtils_isNotBlank_285,Lang,1,Lang-1f,org.apache.commons.lang3.StringUtils,isNotBlank,285,287,2,1,0,2,0,0,0,0,1,0,1,0,0,0,0,1,0,0.0,0,0,1
Lang-1f_org.apache.commons.lang3.StringUtils_trim_314,Lang,1,Lang-1f,org.apache.commons.lang3.StringUtils,trim,314,316,2,1,0,2,0,1,0,0,1,0,1,0,1,1,1,1,0,1.0,1,1,1
Lang-1f_org.apache.commons.lang3.StringUtils_trimToNull_340,Lang,1,Lang-1f,org.apache.commons.lang3.StringUtils,trimToNull,340,343,3,1,1,3,0,0,0,0,2,1,1,0,0,0,0,1,0,0.0,0,0,2
Lang-1f_org.apache.commons.lang3.StringUtils_trimToEmpty_366,Lang,1,Lang-1f,org.apache.commons.lang3.StringUtils,trimToEmpty,366,368,2,1,0,2,0,1,0,0,1,0,1,0,0,0,0,1,0,0.0,0,0,1
Lang-1f_org.apache.commons.lang3.StringUtils_strip_394,Lang,1,Lang-1f,org.apache.commons.lang3.StringUtils,strip,394,396,2,1,0,2,0,0,0,0,1,0,1,0,1,1,1,1,0,1.0,1,1,1
Lang-1f_org.apache.commons.lang3.StringUtils_strip_481,Lang,1,Lang-1f,org.apache.commons.lang3.StringUtils,strip,481,487,5,2,1,5,0,0,0,0,4,3,1,1,1,0,0,2,1,0.25,0,1,4
Lang-1f_org.apache.commons.lang3.StringUtils_stripToNull_421,Lang,1,Lang-1f,org.apache.commons.lang3.StringUtils,stripToNull,421,427,5,1,0,4,0,1,0,0,4,3,1,1,1,0,0,2,1,0.25,0,1,4
Lang-1f_org.apache.commons.lang3.StringUtils_stripToEmpty_451,Lang,1,Lang-1f,org.apache.commons.lang3.StringUtils,stripToEmpty,451,453,2,1,0,2,0,1,0,0,1,0,1,0,0,0,0,1,0,0.0,0,0,1
Lang-1f_org.apache.commons.lang3.StringUtils_stripStart_513,Lang,1,Lang-1f,org.apache.commons.lang3.StringUtils,stripStart,513,531,14,2,3,13,4,6,3,2,12,14,4,3,5,3,2,3,3,0.4167,1,1,12
Lang-1f_org.apache.commons.lang3.StringUtils_stripEnd_558,Lang,1,Lang-1f,org.apache.commons.lang3.StringUtils,stripEnd,558,576,13,2,2,13,6,6,3,6,11,13,4,3,5,3,2,3,3,0.4545,1,1,11
Lang-1f_org.apache.commons.lang3.StringUtils_stripAll_599,Lang,1,Lang-1f,org.apache.commons.lang3.StringUtils,stripAll,599,601,2,1,0,2,0,0,0,0,1,0,1,0,1,1,1,1,0,1.0,1,1,1
Lang-1f_org.apache.commons.lang3.StringUtils_stripAll_628,Lang,1,Lang-1f,org.apache.commons.lang3.StringUtils,stripAll,628,638,8,2,2,4,2,3,1,2,9,9,2,1,2,1,2,2,1,0.2222,1,1,7
Lang-1f_org.apache.commons.lang3.StringUtils_stripAccents_658,Lang,1,Lang-1f,org.apache.commons.lang3.StringUtils,stripAccents,658,666,6,1,2,6,0,1,0,2,5,4,1,1,1,0,0,2,1,0.2,0,1,5
Lang-1f_org.apache.commons.lang3.StringUtils_equals_691,Lang,1,Lang-1f,org.apache.commons.lang3.StringUtils,equals,691,702,8,2,1,9,0,3,2,2,7,6,1,3,4,1,1,4,3,0.5714,1,1,7
Lang-1f_org.apache.commons.lang3.CharSequenceUtils_regionMatches_187,Lang,1,Lang-1f,org.apache.commons.lang3.CharSequenceUtils,regionMatches,187,217,19,6,10,14,6,4,2,1,15,16,3,4,6,2,2,4,4,0.4,1,1,15
Lang-1f_org.apache.commons.lang3.StringUtils_equalsIgnoreCase_725,Lang,1,Lang-1f,org.apache.commons.lang3.StringUtils,equalsIgnoreCase,725,735,9,2,1,8,0,5,1,2,7,6,1,3,3,0,0,4,3,0.4286,0,1,7
Lang-1f_org.apache.commons.lang3.StringUtils_indexOf_759,Lang,1,Lang-1f,org.apache.commons.lang3.StringUtils,indexOf,759,764,4,2,1,4,0,0,0,1,3,2,1,1,2,1,1,2,1,0.6667,1,1,3
Lang-1f_org.apache.commons.lang3.CharSequenceUtils_indexOf_69,Lang,1,Lang-1f,org.apache.commons.lang3.CharSequenceUtils,indexOf,69,84,11,3,4,9,3,3,0,3,11,12,3,3,5,3,3,3,3,0.4545,1,1,9
Lang-1f_org.apache.commons.lang3.StringUtils_indexOf_792,Lang,1,Lang-1f,org.apache.commons.lang3.StringUtils,indexOf,792,797,4,3,2,4,0,0,0,0,3,2,1,1,2,1,1,2,1,0.6667,1,1,3
Lang-1f_org.apache.commons.lang3.StringUtils_indexOf_823,Lang,1,Lang-1f,org.apache.commons.lang3.StringUtils,indexOf,823,828,4,2,1,3,0,2,1,1,3,2,1,1,2,1,1,2,1,0.6667,1,1,3
Lang-1f_org.apache.commons.lang3.CharSequenceUtils_indexOf_94,Lang,1,Lang-1f,org.apache.commons.lang3.CharSequenceUtils,indexOf,94,105,2,3,2,4,0,0,0,0,1,0,1,0,1,1,1,1,0,1.0,1,1,1
Lang-1f_org.apache.commons.lang3.StringUtils_indexOf_863,Lang,1,Lang-1f,org.apache.commons.lang3.StringUtils,indexOf,863,868,4,3,2,3,0,2,1,0,3,2,1,1,2,1,1,2,1,0.6667,1,1,3
Lang-1f_org.apache.commons.lang3.StringUtils_ordinalIndexOf_904,Lang,1,Lang-1f,org.apache.commons.lang3.StringUtils,ordinalIndexOf,904,906,2,3,2,2,0,0,0,0,1,0,1,0,1,1,1,1,0,1.0,1,1,1
Lang-1f_org.apache.commons.lang3.StringUtils_ordinalIndexOf_922,Lang,1,Lang-1f,org.apache.commons.lang3.StringUtils,ordinalIndexOf,922,943,17,4,5,11,4,6,2,7,14,15,3,4,5,2,1,4,4,0.3571,1,1,14
Lang-1f_org.apache.commons.lang3.CharSequenceUtils_lastIndexOf_144,Lang,1,Lang-1f,org.apache.commons.lang3.CharSequenceUtils,lastIndexOf,144,155,2,3,2,4,0,0,0,0,1,0,1,0,1,1,1,1,0,1.0,1,1,1
Lang-1f_org.apache.commons.lang3.StringUtils_indexOfIgnoreCase_970,Lang,1,Lang-1f,org.apache.commons.lang3.StringUtils,indexOfIgnoreCase,970,972,2,2,1,2,0,0,0,1,1,0,1,0,1,1,1,1,0,1.0,1,1,1
Lang-1f_org.apache.commons.lang3.StringUtils_indexOfIgnoreCase_1006,Lang,1,Lang-1f,org.apache.commons.lang3.StringUtils,indexOfIgnoreCase,1006,1026,14,3,4,12,4,6,1,5,15,16,3,5,6,2,2,5,5,0.4,1,1,13
Lang-1f_org.apache.commons.lang3.StringUtils_lastIndexOf_1050,Lang,1,Lang-1f,org.apache.commons.lang3.StringUtils,lastIndexOf,1050,1055,4,2,1,5,0,0,0,0,3,2,1,1,2,1,1,2,1,0.6667,1,1,3
Lang-1f_org.apache.commons.lang3.CharSequenceUtils_lastIndexOf_116,Lang,1,Lang-1f,org.apache.commons.lang3.CharSequenceUtils,lastIndexOf,116,134,13,3,4,10,5,4,0,5,13,14,3,4,6,3,3,4,4,0.4615,1,1,11
Lang-1f_org.apache.commons.lang3.StringUtils_lastIndexOf_1088,Lang,1,Lang-1f,org.apache.commons.lang3.StringUtils,lastIndexOf,1088,1093,4,3,2,4,0,0,0,0,3,2,1,1,2,1,1,2,1,0.6667,1,1,3
Lang-1f_org.apache.commons.lang3.StringUtils_lastIndexOf_1118,Lang,1,Lang-1f,org.apache.commons.lang3.StringUtils,lastIndexOf,1118,1123,4,2,1,4,0,2,1,0,3,2,1,1,2,1,1,2,1,0.6667,1,1,3
Lang-1f_org.apache.commons.lang3.StringUtils_lastOrdinalIndexOf_1159,Lang,1,Lang-1f,org.apache.commons.lang3.StringUtils,lastOrdinalIndexOf,1159,1161,2,3,2,2,0,0,0,0,1,0,1,0,0,0,0,1,0,0.0,0,0,1
Lang-1f_org.apache.commons.lang3.StringUtils_lastIndexOf_1199,Lang,1,Lang-1f,org.apache.commons.lang3.StringUtils,lastIndexOf,1199,1204,4,3,2,3,0,2,1,0,3,2,1,1,2,1,1,2,1,0.6667,1,1,3
Lang-1f_org.apache.commons.lang3.StringUtils_lastIndexOfIgnoreCase_1229,Lang,1,Lang-1f,org.apache.commons.lang3.StringUtils,lastIndexOfIgnoreCase,1229,1234,4,2,1,4,0,2,1,0,3,2,1,1,2,1,1,2,1,0.6667,1,1,3
Lang-1f_org.apache.commons.lang3.StringUtils_lastIndexOfIgnoreCase_1268,Lang,1,Lang-1f,org.apache.commons.lang3.StringUtils,lastIndexOfIgnoreCase,1268,1288,13,3,3,14,4,6,1,4,14,15,3,5,6,2,2,5,5,0.4286,1,1,12
Lang-1f_org.apache.commons.lang3.StringUtils_contains_1312,Lang,1,Lang-1f,org.apache.commons.lang3.StringUtils,contains,1312,1317,4,2,1,4,0,1,0,2,3,2,1,1,1,0,0,2,1,0.3333,0,1,3
Lang-1f_org.apache.commons.lang3.StringUtils_contains_1341,Lang,1,Lang-1f,org.apache.commons.lang3.StringUtils,contains,1341,1346,4,2,1,3,0,3,1,2,3,2,1,1,1,0,0,2,1,0.3333,0,1,3
Lang-1f_org.apache.commons.lang3.StringUtils_containsIgnoreCase_1372,Lang,1,Lang-1f,org.apache.commons.lang3.StringUtils,containsIgnoreCase,1372,1384,9,2,4,7,3,3,1,2,10,10,2,2,3,1,2,3,2,0.3,1,1,8
Lang-1f_org.apache.commons.lang3.StringUtils_containsWhitespace_1395,Lang,1,Lang-1f,org.apache.commons.lang3.StringUtils,containsWhitespace,1395,1406,8,1,2,8,2,1,0,1,9,9,2,2,3,1,2,3,2,0.3333,1,1,7
Lang-1f_org.apache.commons.lang3.StringUtils_indexOfAny_1433,Lang,1,Lang-1f,org.apache.commons.lang3.StringUtils,indexOfAny,1433,1457,17,2,8,13,8,6,3,6,19,21,4,4,6,3,4,4,4,0.3158,1,1,15
Lang-1f_org.apache.commons.lang3.ArrayUtils_isEmpty_3276,Lang,1,Lang-1f,org.apache.commons.lang3.ArrayUtils,isEmpty,3276,3278,2,1,0,1,0,2,1,1,1,0,1,0,0,0,0,1,0,0.0,0,0,1
Lang-1f_org.apache.commons.lang3.StringUtils_indexOfAny_1482,Lang,1,Lang-1f,org.apache.commons.lang3.StringUtils,indexOfAny,1482,1487,4,2,1,6,0,0,1,0,3,2,1,1,2,1,1,2,1,0.6667,1,1,3
Lang-1f_org.apache.commons.lang3.StringUtils_containsAny_1573,Lang,1,Lang-1f,org.apache.commons.lang3.StringUtils,containsAny,1573,1578,4,2,1,4,0,1,0,0,3,2,1,1,2,1,1,2,1,0.6667,1,1,3
Lang-1f_org.apache.commons.lang3.CharSequenceUtils_toCharArray_163,Lang,1,Lang-1f,org.apache.commons.lang3.CharSequenceUtils,toCharArray,163,174,9,1,2,8,2,1,0,1,9,9,2,1,3,2,3,2,1,0.3333,1,1,7
Lang-1f_org.apache.commons.lang3.StringUtils_indexOfAnyBut_1606,Lang,1,Lang-1f,org.apache.commons.lang3.StringUtils,indexOfAnyBut,1606,1631,19,2,8,13,8,6,3,6,21,24,5,4,6,3,3,3,4,0.2857,1,1,17
Lang-1f_org.apache.commons.lang3.StringUtils_indexOfAnyBut_1656,Lang,1,Lang-1f,org.apache.commons.lang3.StringUtils,indexOfAnyBut,1656,1676,15,2,6,14,4,4,3,7,15,16,3,4,5,2,2,4,3,0.3333,1,1,13
Lang-1f_org.apache.commons.lang3.StringUtils_containsOnly_1702,Lang,1,Lang-1f,org.apache.commons.lang3.StringUtils,containsOnly,1702,1714,8,2,1,6,0,5,1,2,7,6,1,3,3,0,0,4,3,0.4286,0,1,7
Lang-1f_org.apache.commons.lang3.StringUtils_containsOnly_1739,Lang,1,Lang-1f,org.apache.commons.lang3.StringUtils,containsOnly,1739,1744,4,2,1,4,0,2,1,0,3,2,1,1,2,1,1,2,1,0.6667,1,1,3
Lang-1f_org.apache.commons.lang3.StringUtils_containsNone_1771,Lang,1,Lang-1f,org.apache.commons.lang3.StringUtils,containsNone,1771,1799,19,2,8,12,8,8,2,6,21,23,4,5,7,3,4,5,5,0.3333,1,1,17
Lang-1f_org.apache.commons.lang3.StringUtils_containsNone_1824,Lang,1,Lang-1f,org.apache.commons.lang3.StringUtils,containsNone,1824,1829,4,2,1,4,0,2,1,0,3,2,1,1,2,1,1,2,1,0.6667,1,1,3
Lang-1f_org.apache.commons.lang3.StringUtils_indexOfAny_1860,Lang,1,Lang-1f,org.apache.commons.lang3.StringUtils,indexOfAny,1860,1886,16,2,6,7,2,7,1,3,17,20,5,4,5,2,2,2,4,0.2941,1,1,15
Lang-1f_org.apache.commons.lang3.StringUtils_lastIndexOfAny_1914,Lang,1,Lang-1f,org.apache.commons.lang3.StringUtils,lastIndexOfAny,1914,1932,14,2,6,7,2,5,1,2,15,17,4,3,4,2,2,2,3,0.2667,1,1,13
Lang-1f_org.apache.commons.lang3.StringUtils_substring_1960,Lang,1,Lang-1f,org.apache.commons.lang3.StringUtils,substring,1960,1978,10,2,1,8,1,4,0,3,9,10,3,4,5,3,1,3,4,0.5556,1,1,9
Lang-1f_org.apache.commons.lang3.StringUtils_substring_2015,Lang,1,Lang-1f,org.apache.commons.lang3.StringUtils,substring,2015,2046,16,3,2,13,2,7,0,6,15,19,6,7,8,5,1,3,7,0.5333,1,1,15
Lang-1f_org.apache.commons.lang3.StringUtils_left_2070,Lang,1,Lang-1f,org.apache.commons.lang3.StringUtils,left,2070,2081,8,2,1,6,0,3,0,2,7,6,1,3,3,0,0,4,3,0.4286,0,1,7
Lang-1f_org.apache.commons.lang3.StringUtils_right_2103,Lang,1,Lang-1f,org.apache.commons.lang3.StringUtils,right,2103,2114,8,2,1,7,1,3,0,1,7,6,1,3,3,0,0,4,3,0.4286,0,1,7
Lang-1f_org.apache.commons.lang3.StringUtils_mid_2141,Lang,1,Lang-1f,org.apache.commons.lang3.StringUtils,mid,2141,2155,10,3,2,9,2,5,1,3,9,9,2,4,4,1,0,4,4,0.4444,0,1,9
Lang-1f_org.apache.commons.lang3.StringUtils_substringBefore_2186,Lang,1,Lang-1f,org.apache.commons.lang3.StringUtils,substringBefore,2186,2198,9,2,2,8,0,2,1,1,8,7,1,3,3,0,0,4,3,0.375,0,1,8
Lang-1f_org.apache.commons.lang3.StringUtils_substringAfter_2228,Lang,1,Lang-1f,org.apache.commons.lang3.StringUtils,substringAfter,2228,2240,9,2,2,8,1,2,0,0,8,7,1,3,3,0,0,4,3,0.375,0,1,8
Lang-1f_org.apache.commons.lang3.StringUtils_substringBeforeLast_2269,Lang,1,Lang-1f,org.apache.commons.lang3.StringUtils,substringBeforeLast,2269,2278,7,2,2,7,0,1,1,1,6,5,1,2,2,0,0,3,2,0.3333,0,1,6
Lang-1f_org.apache.commons.lang3.StringUtils_substringAfterLast_2309,Lang,1,Lang-1f,org.apache.commons.lang3.StringUtils,substringAfterLast,2309,2321,9,2,2,11,2,2,1,0,8,7,1,3,3,0,0,4,3,0.375,0,1,8
Lang-1f_org.apache.commons.lang3.StringUtils_substringBetween_2346,Lang,1,Lang-1f,org.apache.commons.lang3.StringUtils,substringBetween,2346,2348,2,2,1,2,0,0,0,0,1,0,1,0,1,1,1,1,0,1.0,1,1,1
Lang-1f_org.apache.commons.lang3.StringUtils_substringBetween_2377,Lang,1,Lang-1f,org.apache.commons.lang3.StringUtils,substringBetween,2377,2389,9,3,4,9,2,5,2,0,8,8,2,3,3,1,0,3,3,0.375,0,1,8
Lang-1f_org.apache.commons.lang3.StringUtils_substringsBetween_2413,Lang,1,Lang-1f,org.apache.commons.lang3.StringUtils,substringsBetween,2413,2442,23,3,8,19,2,9,2,4,22,24,4,5,6,2,1,4,5,0.2727,1,1,22
Lang-1f_org.apache.commons.lang3.StringUtils_split_2471,Lang,1,Lang-1f,org.apache.commons.lang3.StringUtils,split,2471,2473,2,1,0,2,1,0,0,1,1,0,1,0,1,1,1,1,0,1.0,1,1,1
Lang-1f_org.apache.commons.lang3.StringUtils_split_2562,Lang,1,Lang-1f,org.apache.commons.lang3.StringUtils,split,2562,2564,2,3,2,2,0,0,0,0,1,0,1,0,0,0,0,1,0,0.0,0,0,1
Lang-1f_org.apache.commons.lang3.StringUtils_split_2499,Lang,1,Lang-1f,org.apache.commons.lang3.StringUtils,split,2499,2501,2,2,1,2,0,0,0,0,1,0,1,0,0,0,0,1,0,0.0,0,0,1
Lang-1f_org.apache.commons.lang3.StringUtils_splitWorker_2843,Lang,1,Lang-1f,org.apache.commons.lang3.StringUtils,splitWorker,2843,2875,24,3,6,15,4,8,3,3,23,26,5,5,6,3,1,3,4,0.2609,1,1,23
Lang-1f_org.apache.commons.lang3.StringUtils_split_2528,Lang,1,Lang-1f,org.apache.commons.lang3.StringUtils,split,2528,2530,2,2,1,2,1,0,0,1,1,0,1,0,0,0,0,1,0,0.0,0,0,1
Lang-1f_org.apache.commons.lang3.StringUtils_splitWorker_2968,Lang,1,Lang-1f,org.apache.commons.lang3.StringUtils,splitWorker,2968,3051,60,4,9,36,18,16,5,7,58,72,16,14,17,11,3,3,7,0.2931,1,1,58
Lang-1f_org.apache.commons.lang3.StringUtils_splitByWholeSeparator_2589,Lang,1,Lang-1f,org.apache.commons.lang3.StringUtils,splitByWholeSeparator,2589,2591,2,2,1,2,1,0,0,1,1,0,1,0,0,0,0,1,0,0.0,0,0,1
Lang-1f_org.apache.commons.lang3.StringUtils_splitByWholeSeparatorWorker_2700,Lang,1,Lang-1f,org.apache.commons.lang3.StringUtils,splitByWholeSeparatorWorker,2700,2764,38,4,8,26,3,12,1,7,32,37,7,8,9,2,1,4,7,0.2812,1,1,32
Lang-1f_org.apache.commons.lang3.StringUtils_splitByWholeSeparator_2620,Lang,1,Lang-1f,org.apache.commons.lang3.StringUtils,splitByWholeSeparator,2620,2622,2,3,2,2,0,0,0,0,1,0,1,0,0,0,0,1,0,0.0,0,0,1
Lang-1f_org.apache.commons.lang3.StringUtils_splitByWholeSeparatorPreserveAllTokens_2649,Lang,1,Lang-1f,org.apache.commons.lang3.StringUtils,splitByWholeSeparatorPreserveAllTokens,2649,2651,2,2,1,2,1,0,0,1,1,0,1,0,0,0,0,1,0,0.0,0,0,1
Lang-1f_org.apache.commons.lang3.StringUtils_splitByWholeSeparatorPreserveAllTokens_2682,Lang,1,Lang-1f,org.apache.commons.lang3.StringUtils,splitByWholeSeparatorPreserveAllTokens,2682,2684,2,3,2,2,0,0,0,0,1,0,1,0,0,0,0,1,0,0.0,0,0,1
Lang-1f_org.apache.commons.lang3.StringUtils_splitPreserveAllTokens_2791,Lang,1,Lang-1f,org.apache.commons.lang3.StringUtils,splitPreserveAllTokens,2791,2793,2,1,0,2,1,0,0,1,1,0,1,0,0,0,0,1,0,0.0,0,0,1
Lang-1f_org.apache.commons.lang3.StringUtils_splitPreserveAllTokens_2827,Lang,1,Lang-1f,org.apache.commons.lang3.StringUtils,splitPreserveAllTokens,2827,2829,2,2,1,2,0,0,0,0,1,0,1,0,0,0,0,1,0,0.0,0,0,1
Lang-1f_org.apache.commons.lang3.StringUtils_splitPreserveAllTokens_2910,Lang,1,Lang-1f,org.apache.commons.lang3.StringUtils,splitPreserveAllTokens,2910,2912,2,2,1,2,1,0,0,1,1,0,1,0,0,0,0,1,0,0.0,0,0,1
Lang-1f_org.apache.commons.lang3.StringUtils_splitPreserveAllTokens_2950,Lang,1,Lang-1f,org.apache.commons.lang3.StringUtils,splitPreserveAllTokens,2950,2952,2,3,2,2,0,0,0,0,1,0,1,0,0,0,0,1,0,0.0,0,0,1
Lang-1f_org.apache.commons.lang3.StringUtils_splitByCharacterType_3072,Lang,1,Lang-1f,org.apache.commons.lang3.StringUtils,splitByCharacterType,3072,3074,2,1,0,2,0,0,0,0,1,0,1,0,1,1,1,1,0,1.0,1,1,1
Lang-1f_org.apache.commons.lang3.StringUtils_splitByCharacterType_3118,Lang,1,Lang-1f,org.apache.commons.lang3.StringUtils,splitByCharacterType,3118,3148,24,2,6,19,7,10,2,3,24,27,5,5,6,3,2,3,5,0.25,1,1,22
Lang-1f_org.apache.commons.lang3.StringUtils_splitByCharacterTypeCamelCase_3100,Lang,1,Lang-1f,org.apache.commons.lang3.StringUtils,splitByCharacterTypeCamelCase,3100,3102,2,1,0,2,0,0,0,0,1,0,1,0,0,0,0,1,0,0.0,0,0,1
Lang-1f_org.apache.commons.lang3.StringUtils_join_3174,Lang,1,Lang-1f,org.apache.commons.lang3.StringUtils,join,3174,3176,2,1,0,2,0,2,0,0,1,0,1,0,1,1,1,1,0,1.0,1,1,1
Lang-1f_org.apache.commons.lang3.StringUtils_join_3845,Lang,1,Lang-1f,org.apache.commons.lang3.StringUtils,join,3845,3850,4,2,0,3,0,1,0,1,3,2,1,1,2,1,1,2,1,0.6667,1,1,3
Lang-1f_org.apache.commons.lang3.StringUtils_join_3200,Lang,1,Lang-1f,org.apache.commons.lang3.StringUtils,join,3200,3205,4,2,0,3,0,1,0,1,3,2,1,1,2,1,1,2,1,0.6667,1,1,3
Lang-1f_org.apache.commons.lang3.StringUtils_join_3458,Lang,1,Lang-1f,org.apache.commons.lang3.StringUtils,join,3458,3476,13,4,5,10,4,5,0,2,14,16,4,4,5,3,2,3,4,0.3571,1,1,12
Lang-1f_org.apache.commons.lang3.StringUtils_join_3232,Lang,1,Lang-1f,org.apache.commons.lang3.StringUtils,join,3232,3237,4,2,0,3,0,1,0,1,3,2,1,1,2,1,1,2,1,0.6667,1,1,3
Lang-1f_org.apache.commons.lang3.StringUtils_join_3509,Lang,1,Lang-1f,org.apache.commons.lang3.StringUtils,join,3509,3525,12,4,5,9,4,4,0,2,13,14,3,3,4,2,2,3,3,0.3077,1,1,11
Lang-1f_org.apache.commons.lang3.StringUtils_join_3264,Lang,1,Lang-1f,org.apache.commons.lang3.StringUtils,join,3264,3269,4,2,0,3,0,1,0,1,3,2,1,1,2,1,1,2,1,0.6667,1,1,3
Lang-1f_org.apache.commons.lang3.StringUtils_join_3558,Lang,1,Lang-1f,org.apache.commons.lang3.StringUtils,join,3558,3574,12,4,5,9,4,4,0,2,13,14,3,3,4,2,2,3,3,0.3077,1,1,11
Lang-1f_org.apache.commons.lang3.StringUtils_join_3296,Lang,1,Lang-1f,org.apache.commons.lang3.StringUtils,join,3296,3301,4,2,0,3,0,1,0,1,3,2,1,1,2,1,1,2,1,0.6667,1,1,3
Lang-1f_org.apache.commons.lang3.StringUtils_join_3656,Lang,1,Lang-1f,org.apache.commons.lang3.StringUtils,join,3656,3672,12,4,5,9,4,4,0,2,13,14,3,3,4,2,2,3,3,0.3077,1,1,11
Lang-1f_org.apache.commons.lang3.StringUtils_join_3328,Lang,1,Lang-1f,org.apache.commons.lang3.StringUtils,join,3328,3333,4,2,0,3,0,1,0,1,3,2,1,1,2,1,1,2,1,0.6667,1,1,3
Lang-1f_org.apache.commons.lang3.StringUtils_join_3607,Lang,1,Lang-1f,org.apache.commons.lang3.StringUtils,join,3607,3623,12,4,5,9,4,4,0,2,13,14,3,3,4,2,2,3,3,0.3077,1,1,11
Lang-1f_org.apache.commons.lang3.StringUtils_join_3360,Lang,1,Lang-1f,org.apache.commons.lang3.StringUtils,join,3360,3365,4,2,0,3,0,1,0,1,3,2,1,1,2,1,1,2,1,0.6667,1,1,3
Lang-1f_org.apache.commons.lang3.StringUtils_join_3705,Lang,1,Lang-1f,org.apache.commons.lang3.StringUtils,join,3705,3721,12,4,5,9,4,4,0,2,13,14,3,3,4,2,2,3,3,0.3077,1,1,11
Lang-1f_org.apache.commons.lang3.StringUtils_join_3392,Lang,1,Lang-1f,org.apache.commons.lang3.StringUtils,join,3392,3397,4,2,0,3,0,1,0,1,3,2,1,1,2,1,1,2,1,0.6667,1,1,3
Lang-1f_org.apache.commons.lang3.StringUtils_join_3803,Lang,1,Lang-1f,org.apache.commons.lang3.StringUtils,join,3803,3819,12,4,5,9,4,4,0,2,13,14,3,3,4,2,2,3,3,0.3077,1,1,11
Lang-1f_org.apache.commons.lang3.StringUtils_join_3424,Lang,1,Lang-1f,org.apache.commons.lang3.StringUtils,join,3424,3429,4,2,0,3,0,1,0,1,3,2,1,1,2,1,1,2,1,0.6667,1,1,3
Lang-1f_org.apache.commons.lang3.StringUtils_join_3754,Lang,1,Lang-1f,org.apache.commons.lang3.StringUtils,join,3754,3770,12,4,5,9,4,4,0,2,13,14,3,3,4,2,2,3,3,0.3077,1,1,11
Lang-1f_org.apache.commons.lang3.StringUtils_join_3887,Lang,1,Lang-1f,org.apache.commons.lang3.StringUtils,join,3887,3913,15,4,5,11,4,6,0,2,16,19,5,5,6,4,2,3,5,0.375,1,1,14
Lang-1f_org.apache.commons.lang3.StringUtils_join_3929,Lang,1,Lang-1f,org.apache.commons.lang3.StringUtils,join,3929,3958,17,2,3,18,0,5,0,1,16,18,4,5,6,1,1,4,5,0.375,1,1,16
Lang-1f_org.apache.commons.lang3.ObjectUtils_toString_377,Lang,1,Lang-1f,org.apache.commons.lang3.ObjectUtils,toString,377,379,2,1,0,2,0,1,0,1,1,0,1,0,1,1,1,1,0,1.0,1,1,1
Lang-1f_org.apache.commons.lang3.StringUtils_join_3973,Lang,1,Lang-1f,org.apache.commons.lang3.StringUtils,join,3973,4003,18,2,3,19,0,6,0,1,17,20,5,6,7,2,1,4,6,0.4118,1,1,17
Lang-1f_org.apache.commons.lang3.StringUtils_join_4019,Lang,1,Lang-1f,org.apache.commons.lang3.StringUtils,join,4019,4024,4,2,0,4,0,3,0,0,3,2,1,1,2,1,1,2,1,0.6667,1,1,3
Lang-1f_org.apache.commons.lang3.StringUtils_join_4040,Lang,1,Lang-1f,org.apache.commons.lang3.StringUtils,join,4040,4045,4,2,0,4,0,3,0,0,3,2,1,1,2,1,1,2,1,0.6667,1,1,3
Lang-1f_org.apache.commons.lang3.StringUtils_removeStart_4107,Lang,1,Lang-1f,org.apache.commons.lang3.StringUtils,removeStart,4107,4115,6,2,1,8,0,0,1,0,5,4,1,2,2,0,0,3,2,0.4,0,1,5
Lang-1f_org.apache.commons.lang3.StringUtils_removeStartIgnoreCase_4142,Lang,1,Lang-1f,org.apache.commons.lang3.StringUtils,removeStartIgnoreCase,4142,4150,6,2,1,8,0,0,1,0,5,4,1,2,2,0,0,3,2,0.4,0,1,5
Lang-1f_org.apache.commons.lang3.StringUtils_startsWithIgnoreCase_6923,Lang,1,Lang-1f,org.apache.commons.lang3.StringUtils,startsWithIgnoreCase,6923,6925,2,2,1,2,0,0,0,0,1,0,1,0,0,0,0,1,0,0.0,0,0,1
Lang-1f_org.apache.commons.lang3.StringUtils_removeEnd_4176,Lang,1,Lang-1f,org.apache.commons.lang3.StringUtils,removeEnd,4176,4184,6,2,1,9,1,0,1,1,5,4,1,2,2,0,0,3,2,0.4,0,1,5
Lang-1f_org.apache.commons.lang3.StringUtils_removeEndIgnoreCase_4212,Lang,1,Lang-1f,org.apache.commons.lang3.StringUtils,removeEndIgnoreCase,4212,4220,6,2,1,9,1,0,1,1,5,4,1,2,2,0,0,3,2,0.4,0,1,5
Lang-1f_org.apache.commons.lang3.StringUtils_endsWithIgnoreCase_7032,Lang,1,Lang-1f,org.apache.commons.lang3.StringUtils,endsWithIgnoreCase,7032,7034,2,2,1,2,0,0,0,0,1,0,1,0,0,0,0,1,0,0.0,0,0,1
Lang-1f_org.apache.commons.lang3.StringUtils_remove_4245,Lang,1,Lang-1f,org.apache.commons.lang3.StringUtils,remove,4245,4250,4,2,1,5,1,0,1,1,3,2,1,1,1,0,0,2,1,0.3333,0,1,3
Lang-1f_org.apache.commons.lang3.StringUtils_replace_4409,Lang,1,Lang-1f,org.apache.commons.lang3.StringUtils,replace,4409,4433,20,4,8,19,5,8,3,9,19,20,3,3,4,2,1,3,3,0.2105,1,1,19
Lang-1f_org.apache.commons.lang3.StringUtils_remove_4271,Lang,1,Lang-1f,org.apache.commons.lang3.StringUtils,remove,4271,4283,9,2,3,8,4,3,1,3,10,11,3,2,3,2,2,2,2,0.3,1,1,8
Lang-1f_org.apache.commons.lang3.StringUtils_replaceOnce_4310,Lang,1,Lang-1f,org.apache.commons.lang3.StringUtils,replaceOnce,4310,4312,2,3,2,2,0,0,0,1,1,0,1,0,0,0,0,1,0,0.0,0,0,1
Lang-1f_org.apache.commons.lang3.StringUtils_replacePattern_4334,Lang,1,Lang-1f,org.apache.commons.lang3.StringUtils,replacePattern,4334,4336,2,3,2,4,0,0,0,0,1,0,1,0,0,0,0,1,0,0.0,0,0,1
Lang-1f_org.apache.commons.lang3.StringUtils_removePattern_4350,Lang,1,Lang-1f,org.apache.commons.lang3.StringUtils,removePattern,4350,4352,2,2,1,2,0,0,0,0,1,0,1,0,0,0,0,1,0,0.0,0,0,1
Lang-1f_org.apache.commons.lang3.StringUtils_replaceEach_4474,Lang,1,Lang-1f,org.apache.commons.lang3.StringUtils,replaceEach,4474,4476,2,3,1,2,0,0,0,1,1,0,1,0,1,1,1,1,0,1.0,1,1,1
Lang-1f_org.apache.commons.lang3.StringUtils_replaceEach_4577,Lang,1,Lang-1f,org.apache.commons.lang3.StringUtils,replaceEach,4577,4703,68,5,18,42,32,27,14,28,73,88,17,13,20,12,12,4,13,0.274,1,1,61
Lang-1f_org.apache.commons.lang3.StringUtils_replaceEachRepeatedly_4522,Lang,1,Lang-1f,org.apache.commons.lang3.StringUtils,replaceEachRepeatedly,4522,4527,3,3,2,2,0,1,0,1,2,1,1,0,0,0,0,1,0,0.0,0,0,2
Lang-1f_org.apache.commons.lang3.StringUtils_replaceChars_4727,Lang,1,Lang-1f,org.apache.commons.lang3.StringUtils,replaceChars,4727,4732,4,3,2,3,0,1,0,0,3,2,1,1,1,0,0,2,1,0.3333,0,1,3
Lang-1f_org.apache.commons.lang3.StringUtils_replaceChars_4770,Lang,1,Lang-1f,org.apache.commons.lang3.StringUtils,replaceChars,4770,4797,21,3,9,18,2,4,1,2,21,24,5,5,6,3,2,3,4,0.2857,1,1,19
Lang-1f_org.apache.commons.lang3.StringUtils_overlay_4830,Lang,1,Lang-1f,org.apache.commons.lang3.StringUtils,overlay,4830,4860,23,4,5,17,4,7,0,6,18,23,7,7,7,6,0,2,7,0.3889,0,1,18
Lang-1f_org.apache.commons.lang3.StringUtils_chomp_4889,Lang,1,Lang-1f,org.apache.commons.lang3.StringUtils,chomp,4889,4913,16,1,3,14,6,6,1,5,15,17,4,6,6,1,0,4,4,0.4,0,1,15
Lang-1f_org.apache.commons.lang3.StringUtils_chomp_4943,Lang,1,Lang-1f,org.apache.commons.lang3.StringUtils,chomp,4943,4945,2,2,1,2,0,0,0,0,1,0,1,0,0,0,0,1,0,0.0,0,0,1
Lang-1f_org.apache.commons.lang3.StringUtils_chop_4972,Lang,1,Lang-1f,org.apache.commons.lang3.StringUtils,chop,4972,4987,12,1,4,9,3,4,1,6,11,10,1,3,3,0,0,4,3,0.2727,0,1,11
Lang-1f_org.apache.commons.lang3.StringUtils_repeat_5012,Lang,1,Lang-1f,org.apache.commons.lang3.StringUtils,repeat,5012,5049,27,2,8,19,10,8,2,15,27,28,3,4,9,4,6,7,4,0.3333,1,1,23
Lang-1f_org.apache.commons.lang3.StringUtils_repeat_5102,Lang,1,Lang-1f,org.apache.commons.lang3.StringUtils,repeat,5102,5108,5,2,2,3,3,1,0,2,6,6,2,0,1,1,2,1,0,0.1667,1,1,4
Lang-1f_org.apache.commons.lang3.StringUtils_repeat_5071,Lang,1,Lang-1f,org.apache.commons.lang3.StringUtils,repeat,5071,5078,5,3,3,5,1,2,1,0,4,3,1,1,3,2,2,2,1,0.75,1,1,4
Lang-1f_org.apache.commons.lang3.StringUtils_rightPad_5129,Lang,1,Lang-1f,org.apache.commons.lang3.StringUtils,rightPad,5129,5131,2,2,1,2,0,0,0,0,1,0,1,0,1,1,1,1,0,1.0,1,1,1
Lang-1f_org.apache.commons.lang3.StringUtils_rightPad_5154,Lang,1,Lang-1f,org.apache.commons.lang3.StringUtils,rightPad,5154,5166,9,3,3,9,1,3,0,1,8,7,1,3,4,1,1,4,3,0.5,1,1,8
Lang-1f_org.apache.commons.lang3.StringUtils_rightPad_5191,Lang,1,Lang-1f,org.apache.commons.lang3.StringUtils,rightPad,5191,5220,22,3,6,19,4,7,1,5,22,23,3,6,8,3,3,6,6,0.3636,1,1,20
Lang-1f_org.apache.commons.lang3.StringUtils_leftPad_5241,Lang,1,Lang-1f,org.apache.commons.lang3.StringUtils,leftPad,5241,5243,2,2,1,2,0,0,0,0,1,0,1,0,1,1,1,1,0,1.0,1,1,1
Lang-1f_org.apache.commons.lang3.StringUtils_leftPad_5266,Lang,1,Lang-1f,org.apache.commons.lang3.StringUtils,leftPad,5266,5278,9,3,3,9,1,3,0,1,8,7,1,3,4,1,1,4,3,0.5,1,1,8
Lang-1f_org.apache.commons.lang3.StringUtils_leftPad_5303,Lang,1,Lang-1f,org.apache.commons.lang3.StringUtils,leftPad,5303,5332,22,3,6,19,4,7,1,5,22,23,3,6,8,3,3,6,6,0.3636,1,1,20
Lang-1f_org.apache.commons.lang3.StringUtils_length_5345,Lang,1,Lang-1f,org.apache.commons.lang3.StringUtils,length,5345,5347,2,1,0,2,0,1,0,1,1,0,1,0,1,1,1,1,0,1.0,1,1,1
Lang-1f_org.apache.commons.lang3.StringUtils_center_5374,Lang,1,Lang-1f,org.apache.commons.lang3.StringUtils,center,5374,5376,2,2,1,2,0,0,0,0,1,0,1,0,1,1,1,1,0,1.0,1,1,1
Lang-1f_org.apache.commons.lang3.StringUtils_center_5402,Lang,1,Lang-1f,org.apache.commons.lang3.StringUtils,center,5402,5414,10,3,4,6,3,3,1,3,9,8,1,2,2,0,0,3,2,0.2222,0,1,9
Lang-1f_org.apache.commons.lang3.StringUtils_center_5442,Lang,1,Lang-1f,org.apache.commons.lang3.StringUtils,center,5442,5457,12,3,4,8,3,3,1,3,11,11,2,3,3,1,0,3,3,0.2727,0,1,11
Lang-1f_org.apache.commons.lang3.StringUtils_upperCase_5480,Lang,1,Lang-1f,org.apache.commons.lang3.StringUtils,upperCase,5480,5485,4,1,0,3,0,1,0,0,3,2,1,1,1,0,0,2,1,0.3333,0,1,3
Lang-1f_org.apache.commons.lang3.StringUtils_upperCase_5503,Lang,1,Lang-1f,org.apache.commons.lang3.StringUtils,upperCase,5503,5508,4,2,1,3,0,1,0,0,3,2,1,1,1,0,0,2,1,0.3333,0,1,3
Lang-1f_org.apache.commons.lang3.StringUtils_lowerCase_5529,Lang,1,Lang-1f,org.apache.commons.lang3.StringUtils,lowerCase,5529,5534,4,1,0,3,0,1,0,0,3,2,1,1,1,0,0,2,1,0.3333,0,1,3
Lang-1f_org.apache.commons.lang3.StringUtils_lowerCase_5552,Lang,1,Lang-1f,org.apache.commons.lang3.StringUtils,lowerCase,5552,5557,4,2,1,3,0,1,0,0,3,2,1,1,1,0,0,2,1,0.3333,0,1,3
Lang-1f_org.apache.commons.lang3.StringUtils_capitalize_5579,Lang,1,Lang-1f,org.apache.commons.lang3.StringUtils,capitalize,5579,5595,11,1,2,12,0,2,1,3,7,6,1,2,2,0,0,3,2,0.2857,0,1,7
Lang-1f_org.apache.commons.lang3.StringUtils_uncapitalize_5617,Lang,1,Lang-1f,org.apache.commons.lang3.StringUtils,uncapitalize,5617,5633,11,1,2,12,0,2,1,3,7,6,1,2,2,0,0,3,2,0.2857,0,1,7
Lang-1f_org.apache.commons.lang3.StringUtils_swapCase_5662,Lang,1,Lang-1f,org.apache.commons.lang3.StringUtils,swapCase,5662,5680,13,1,2,15,2,1,0,1,14,17,5,4,5,2,2,2,4,0.3571,1,1,12
Lang-1f_org.apache.commons.lang3.StringUtils_countMatches_5704,Lang,1,Lang-1f,org.apache.commons.lang3.StringUtils,countMatches,5704,5715,9,2,3,7,2,1,1,3,8,8,2,1,2,1,1,2,1,0.25,1,1,8
Lang-1f_org.apache.commons.lang3.StringUtils_isAlpha_5739,Lang,1,Lang-1f,org.apache.commons.lang3.StringUtils,isAlpha,5739,5750,8,1,2,8,2,4,1,2,9,9,2,2,3,1,2,3,2,0.3333,1,1,7
Lang-1f_org.apache.commons.lang3.StringUtils_isAlphaSpace_5774,Lang,1,Lang-1f,org.apache.commons.lang3.StringUtils,isAlphaSpace,5774,5785,8,1,2,8,2,4,1,1,9,9,2,2,3,1,2,3,2,0.3333,1,1,7
Lang-1f_org.apache.commons.lang3.StringUtils_isAlphanumeric_5809,Lang,1,Lang-1f,org.apache.commons.lang3.StringUtils,isAlphanumeric,5809,5820,8,1,2,8,2,4,1,2,9,9,2,2,3,1,2,3,2,0.3333,1,1,7
Lang-1f_org.apache.commons.lang3.StringUtils_isAlphanumericSpace_5844,Lang,1,Lang-1f,org.apache.commons.lang3.StringUtils,isAlphanumericSpace,5844,5855,8,1,2,8,2,4,1,1,9,9,2,2,3,1,2,3,2,0.3333,1,1,7
Lang-1f_org.apache.commons.lang3.StringUtils_isAsciiPrintable_5883,Lang,1,Lang-1f,org.apache.commons.lang3.StringUtils,isAsciiPrintable,5883,5894,8,1,2,7,2,3,0,1,9,9,2,2,3,2,3,3,2,0.3333,1,1,7
Lang-1f_org.apache.commons.lang3.CharUtils_isAsciiPrintable_421,Lang,1,Lang-1f,org.apache.commons.lang3.CharUtils,isAsciiPrintable,421,423,2,1,0,1,0,2,1,2,1,0,1,0,0,0,0,1,0,0.0,0,0,1
Lang-1f_org.apache.commons.lang3.StringUtils_isNumeric_5926,Lang,1,Lang-1f,org.apache.commons.lang3.StringUtils,isNumeric,5926,5937,8,1,2,8,2,4,1,2,9,9,2,2,3,1,2,3,2,0.3333,1,1,7
Lang-1f_org.apache.commons.lang3.StringUtils_isNumericSpace_5963,Lang,1,Lang-1f,org.apache.commons.lang3.StringUtils,isNumericSpace,5963,5974,8,1,2,8,2,4,1,1,9,9,2,2,3,1,2,3,2,0.3333,1,1,7
Lang-1f_org.apache.commons.lang3.StringUtils_isWhitespace_5996,Lang,1,Lang-1f,org.apache.commons.lang3.StringUtils,isWhitespace,5996,6007,8,1,2,7,2,3,0,1,9,9,2,2,3,2,3,3,2,0.3333,1,1,7
Lang-1f_org.apache.commons.lang3.StringUtils_isAllLowerCase_6028,Lang,1,Lang-1f,org.apache.commons.lang3.StringUtils,isAllLowerCase,6028,6039,8,1,2,8,2,3,1,1,9,9,2,2,3,1,2,3,2,0.3333,1,1,7
Lang-1f_org.apache.commons.lang3.StringUtils_isAllUpperCase_6060,Lang,1,Lang-1f,org.apache.commons.lang3.StringUtils,isAllUpperCase,6060,6071,8,1,2,8,2,3,1,1,9,9,2,2,3,1,2,3,2,0.3333,1,1,7
Lang-1f_org.apache.commons.lang3.StringUtils_defaultIfBlank_6134,Lang,1,Lang-1f,org.apache.commons.lang3.StringUtils,defaultIfBlank,6134,6136,2,2,1,2,0,2,0,0,1,0,1,0,0,0,0,1,0,0.0,0,0,1
Lang-1f_org.apache.commons.lang3.StringUtils_defaultIfEmpty_6156,Lang,1,Lang-1f,org.apache.commons.lang3.StringUtils,defaultIfEmpty,6156,6158,2,2,1,2,0,2,0,0,1,0,1,0,0,0,0,1,0,0.0,0,0,1
Lang-1f_org.apache.commons.lang3.StringUtils_reverse_6176,Lang,1,Lang-1f,org.apache.commons.lang3.StringUtils,reverse,6176,6181,4,1,0,5,0,1,0,0,3,2,1,1,2,1,1,2,1,0.6667,1,1,3
Lang-1f_org.apache.commons.lang3.StringUtils_reverseDelimited_6202,Lang,1,Lang-1f,org.apache.commons.lang3.StringUtils,reverseDelimited,6202,6211,6,2,1,5,0,1,0,0,5,4,1,1,1,0,0,2,1,0.2,0,1,5
Lang-1f_org.apache.commons.lang3.ArrayUtils_reverse_1403,Lang,1,Lang-1f,org.apache.commons.lang3.ArrayUtils,reverse,1403,1417,12,1,3,3,5,2,0,2,11,11,2,1,2,1,1,1,1,0.1818,1,1,11
Lang-1f_org.apache.commons.lang3.StringUtils_abbreviate_6247,Lang,1,Lang-1f,org.apache.commons.lang3.StringUtils,abbreviate,6247,6249,2,2,1,2,0,0,0,1,1,0,1,0,1,1,1,1,0,1.0,1,1,1
Lang-1f_org.apache.commons.lang3.StringUtils_abbreviate_6286,Lang,1,Lang-1f,org.apache.commons.lang3.StringUtils,abbreviate,6286,6313,19,3,3,22,13,8,0,13,20,23,5,8,9,5,1,5,8,0.45,1,1,18
Lang-1f_org.apache.commons.lang3.StringUtils_abbreviateMiddle_6344,Lang,1,Lang-1f,org.apache.commons.lang3.StringUtils,abbreviateMiddle,6344,6363,13,3,6,16,7,2,2,5,12,11,1,2,2,0,0,3,2,0.1667,0,1,12
Lang-1f_org.apache.commons.lang3.StringUtils_difference_6395,Lang,1,Lang-1f,org.apache.commons.lang3.StringUtils,difference,6395,6407,9,2,2,6,0,3,0,0,8,7,1,3,3,0,0,4,3,0.375,0,1,8
Lang-1f_org.apache.commons.lang3.StringUtils_indexOfDifference_6434,Lang,1,Lang-1f,org.apache.commons.lang3.StringUtils,indexOfDifference,6434,6451,12,2,2,12,2,8,3,2,13,14,3,4,5,2,2,4,4,0.3846,1,1,11
Lang-1f_org.apache.commons.lang3.StringUtils_indexOfDifference_6485,Lang,1,Lang-1f,org.apache.commons.lang3.StringUtils,indexOfDifference,6485,6541,32,1,10,17,9,12,4,13,36,41,7,7,10,6,6,5,6,0.2778,1,1,30
Lang-1f_org.apache.commons.lang3.StringUtils_getCommonPrefix_6576,Lang,1,Lang-1f,org.apache.commons.lang3.StringUtils,getCommonPrefix,6576,6594,12,1,1,7,0,5,1,6,10,9,1,4,4,0,0,5,3,0.4,0,1,10
Lang-1f_org.apache.commons.lang3.StringUtils_getLevenshteinDistance_6634,Lang,1,Lang-1f,org.apache.commons.lang3.StringUtils,getLevenshteinDistance,6634,6709,34,2,8,16,15,9,1,17,40,44,6,4,7,5,6,3,4,0.175,1,1,33
Lang-1f_org.apache.commons.lang3.StringUtils_getLevenshteinDistance_6743,Lang,1,Lang-1f,org.apache.commons.lang3.StringUtils,getLevenshteinDistance,6743,6870,45,3,12,27,22,15,1,24,51,58,9,9,12,8,6,5,8,0.2353,1,1,43
Lang-1f_org.apache.commons.lang3.StringUtils_startsWith_6897,Lang,1,Lang-1f,org.apache.commons.lang3.StringUtils,startsWith,6897,6899,2,2,1,2,0,0,0,0,1,0,1,0,1,1,1,1,0,1.0,1,1,1
Lang-1f_org.apache.commons.lang3.StringUtils_startsWith_6938,Lang,1,Lang-1f,org.apache.commons.lang3.StringUtils,startsWith,6938,6946,6,3,2,7,0,5,2,2,5,4,1,2,2,0,0,3,2,0.4,0,1,5
Lang-1f_org.apache.commons.lang3.StringUtils_startsWithAny_6967,Lang,1,Lang-1f,org.apache.commons.lang3.StringUtils,startsWithAny,6967,6977,7,2,1,7,0,0,1,0,7,7,2,2,3,1,2,3,1,0.4286,1,1,6
Lang-1f_org.apache.commons.lang3.ArrayUtils_isEmpty_3232,Lang,1,Lang-1f,org.apache.commons.lang3.ArrayUtils,isEmpty,3232,3234,2,1,0,1,0,2,1,1,1,0,1,0,0,0,0,1,0,0.0,0,0,1
Lang-1f_org.apache.commons.lang3.StringUtils_endsWith_7005,Lang,1,Lang-1f,org.apache.commons.lang3.StringUtils,endsWith,7005,7007,2,2,1,2,0,0,0,0,1,0,1,0,1,1,1,1,0,1.0,1,1,1
Lang-1f_org.apache.commons.lang3.StringUtils_endsWith_7047,Lang,1,Lang-1f,org.apache.commons.lang3.StringUtils,endsWith,7047,7056,7,3,3,9,1,5,2,1,6,5,1,2,2,0,0,3,2,0.3333,0,1,6
Lang-1f_org.apache.commons.lang3.StringUtils_normalizeSpace_7099,Lang,1,Lang-1f,org.apache.commons.lang3.StringUtils,normalizeSpace,7099,7104,4,1,0,5,0,1,0,0,3,2,1,1,1,0,0,2,1,0.3333,0,1,3
Lang-1f_org.apache.commons.lang3.StringUtils_endsWithAny_7124,Lang,1,Lang-1f,org.apache.commons.lang3.StringUtils,endsWithAny,7124,7134,7,2,1,7,0,0,1,0,7,7,2,2,3,1,2,3,1,0.4286,1,1,6
Lang-1f_org.apache.commons.lang3.StringUtils_appendIfMissing_7147,Lang,1,Lang-1f,org.apache.commons.lang3.StringUtils,appendIfMissing,7147,7159,8,4,3,9,1,3,3,1,8,9,3,3,4,2,2,3,2,0.5,1,1,7
Lang-1f_org.apache.commons.lang3.StringUtils_appendIfMissing_7195,Lang,1,Lang-1f,org.apache.commons.lang3.StringUtils,appendIfMissing,7195,7197,2,3,2,2,0,0,0,0,1,0,1,0,1,1,1,1,0,1.0,1,1,1
Lang-1f_org.apache.commons.lang3.StringUtils_appendIfMissingIgnoreCase_7233,Lang,1,Lang-1f,org.apache.commons.lang3.StringUtils,appendIfMissingIgnoreCase,7233,7235,2,3,2,2,0,0,0,0,1,0,1,0,0,0,0,1,0,0.0,0,0,1
Lang-1f_org.apache.commons.lang3.StringUtils_prependIfMissing_7248,Lang,1,Lang-1f,org.apache.commons.lang3.StringUtils,prependIfMissing,7248,7260,8,4,3,9,1,3,3,1,8,9,3,3,4,2,2,3,2,0.5,1,1,7
Lang-1f_org.apache.commons.lang3.StringUtils_prependIfMissing_7296,Lang,1,Lang-1f,org.apache.commons.lang3.StringUtils,prependIfMissing,7296,7298,2,3,2,2,0,0,0,0,1,0,1,0,1,1,1,1,0,1.0,1,1,1
Lang-1f_org.apache.commons.lang3.StringUtils_prependIfMissingIgnoreCase_7334,Lang,1,Lang-1f,org.apache.commons.lang3.StringUtils,prependIfMissingIgnoreCase,7334,7336,2,3,2,2,0,0,0,0,1,0,1,0,0,0,0,1,0,0.0,0,0,1
Lang-1f_org.apache.commons.lang3.StringUtils_toString_7352,Lang,1,Lang-1f,org.apache.commons.lang3.StringUtils,toString,7352,7354,2,2,0,3,0,1,0,0,1,0,1,0,0,0,0,1,0,0.0,0,0,1
Lang-1f_org.apache.commons.lang3.Conversion_hexDigitToInt_78,Lang,1,Lang-1f,org.apache.commons.lang3.Conversion,hexDigitToInt,78,86,7,1,1,4,2,1,0,4,7,7,2,1,1,1,0,1,1,0.1429,0,1,6
Lang-1f_org.apache.commons.lang3.Conversion_hexDigitMsb0ToInt_100,Lang,1,Lang-1f,org.apache.commons.lang3.Conversion,hexDigitMsb0ToInt,100,145,44,1,0,3,2,0,0,12,21,20,1,0,1,0,0,16,0,0.0476,0,1,20
Lang-1f_org.apache.commons.lang3.Conversion_hexDigitToBinary_160,Lang,1,Lang-1f,org.apache.commons.lang3.Conversion,hexDigitToBinary,160,205,44,1,0,3,2,0,0,12,21,20,1,0,1,0,0,16,0,0.0476,0,1,20
Lang-1f_org.apache.commons.lang3.Conversion_hexDigitMsb0ToBinary_220,Lang,1,Lang-1f,org.apache.commons.lang3.Conversion,hexDigitMsb0ToBinary,220,265,44,1,0,3,2,0,0,12,21,20,1,0,1,0,0,16,0,0.0476,0,1,20
Lang-1f_org.apache.commons.lang3.Conversion_binaryToHexDigit_281,Lang,1,Lang-1f,org.apache.commons.lang3.Conversion,binaryToHexDigit,281,283,2,1,0,2,0,0,0,1,1,0,1,0,1,1,1,1,0,1.0,1,1,1
Lang-1f_org.apache.commons.lang3.Conversion_binaryToHexDigit_300,Lang,1,Lang-1f,org.apache.commons.lang3.Conversion,binaryToHexDigit,300,365,49,2,0,18,14,8,7,26,34,34,2,16,16,1,0,16,5,0.4706,0,1,33
Lang-1f_org.apache.commons.lang3.Conversion_binaryToHexDigitMsb0_4bits_382,Lang,1,Lang-1f,org.apache.commons.lang3.Conversion,binaryToHexDigitMsb0_4bits,382,384,2,1,0,2,0,0,0,1,1,0,1,0,1,1,1,1,0,1.0,1,1,1
Lang-1f_org.apache.commons.lang3.Conversion_binaryToHexDigitMsb0_4bits_403,Lang,1,Lang-1f,org.apache.commons.lang3.Conversion,binaryToHexDigitMsb0_4bits,403,474,54,2,0,20,12,2,0,22,43,44,3,17,17,2,0,16,6,0.3953,0,1,38
Lang-1f_org.apache.commons.lang3.Conversion_binaryBeMsb0ToHexDigit_491,Lang,1,Lang-1f,org.apache.commons.lang3.Conversion,binaryBeMsb0ToHexDigit,491,493,2,1,0,2,0,0,0,1,1,0,1,0,1,1,1,1,0,1.0,1,1,1
Lang-1f_org.apache.commons.lang3.Conversion_binaryBeMsb0ToHexDigit_511,Lang,1,Lang-1f,org.apache.commons.lang3.Conversion,binaryBeMsb0ToHexDigit,511,582,55,2,2,20,34,15,14,47,40,40,2,16,16,1,0,16,5,0.4,0,1,39
Lang-1f_org.apache.commons.lang3.Conversion_intToHexDigit_602,Lang,1,Lang-1f,org.apache.commons.lang3.Conversion,intToHexDigit,602,608,5,1,1,4,1,1,0,2,6,6,2,1,1,1,0,1,1,0.1667,0,1,4
Lang-1f_org.apache.commons.lang3.Conversion_intToHexDigitMsb0_628,Lang,1,Lang-1f,org.apache.commons.lang3.Conversion,intToHexDigitMsb0,628,665,36,1,0,3,1,0,0,11,20,19,1,0,1,0,0,16,0,0.05,0,1,18
Lang-1f_org.apache.commons.lang3.Conversion_intArrayToLong_684,Lang,1,Lang-1f,org.apache.commons.lang3.Conversion,intArrayToLong,684,701,14,5,8,5,8,7,2,10,15,16,3,2,3,2,2,2,2,0.2,1,1,13
Lang-1f_org.apache.commons.lang3.Conversion_shortArrayToLong_720,Lang,1,Lang-1f,org.apache.commons.lang3.Conversion,shortArrayToLong,720,738,15,5,8,5,8,7,2,10,15,16,3,2,3,2,2,2,2,0.2,1,1,13
Lang-1f_org.apache.commons.lang3.Conversion_shortArrayToInt_757,Lang,1,Lang-1f,org.apache.commons.lang3.Conversion,shortArrayToInt,757,775,15,5,8,5,8,7,2,10,15,16,3,2,3,2,2,2,2,0.2,1,1,13
Lang-1f_org.apache.commons.lang3.Conversion_byteArrayToLong_794,Lang,1,Lang-1f,org.apache.commons.lang3.Conversion,byteArrayToLong,794,812,15,5,8,5,8,7,2,10,15,16,3,2,3,2,2,2,2,0.2,1,1,13
Lang-1f_org.apache.commons.lang3.Conversion_byteArrayToInt_831,Lang,1,Lang-1f,org.apache.commons.lang3.Conversion,byteArrayToInt,831,848,14,5,8,5,8,7,2,10,15,16,3,2,3,2,2,2,2,0.2,1,1,13
Lang-1f_org.apache.commons.lang3.Conversion_byteArrayToShort_867,Lang,1,Lang-1f,org.apache.commons.lang3.Conversion,byteArrayToShort,867,885,15,5,8,5,8,7,2,10,15,16,3,2,3,2,2,2,2,0.2,1,1,13
Lang-1f_org.apache.commons.lang3.Conversion_hexToLong_902,Lang,1,Lang-1f,org.apache.commons.lang3.Conversion,hexToLong,902,919,14,5,9,7,8,5,0,8,15,16,3,2,3,2,2,2,2,0.2,1,1,13
Lang-1f_org.apache.commons.lang3.Conversion_hexToInt_936,Lang,1,Lang-1f,org.apache.commons.lang3.Conversion,hexToInt,936,953,14,5,9,7,8,5,0,8,15,16,3,2,3,2,2,2,2,0.2,1,1,13
Lang-1f_org.apache.commons.lang3.Conversion_hexToShort_970,Lang,1,Lang-1f,org.apache.commons.lang3.Conversion,hexToShort,970,987,14,5,9,7,8,5,0,8,15,16,3,2,3,2,2,2,2,0.2,1,1,13
Lang-1f_org.apache.commons.lang3.Conversion_hexToByte_1004,Lang,1,Lang-1f,org.apache.commons.lang3.Conversion,hexToByte,1004,1021,14,5,9,7,8,5,0,8,15,16,3,2,3,2,2,2,2,0.2,1,1,13
Lang-1f_org.apache.commons.lang3.Conversion_binaryToLong_1040,Lang,1,Lang-1f,org.apache.commons.lang3.Conversion,binaryToLong,1040,1058,15,5,8,5,7,7,2,10,15,16,3,2,3,2,2,2,2,0.2,1,1,13
Lang-1f_org.apache.commons.lang3.Conversion_binaryToInt_1077,Lang,1,Lang-1f,org.apache.commons.lang3.Conversion,binaryToInt,1077,1094,14,5,8,5,7,7,2,11,15,16,3,2,3,2,2,2,2,0.2,1,1,13
Lang-1f_org.apache.commons.lang3.Conversion_binaryToShort_1113,Lang,1,Lang-1f,org.apache.commons.lang3.Conversion,binaryToShort,1113,1131,15,5,8,5,7,7,2,11,15,16,3,2,3,2,2,2,2,0.2,1,1,13
Lang-1f_org.apache.commons.lang3.Conversion_binaryToByte_1150,Lang,1,Lang-1f,org.apache.commons.lang3.Conversion,binaryToByte,1150,1167,14,5,8,5,7,7,2,11,15,16,3,2,3,2,2,2,2,0.2,1,1,12
Lang-1f_org.apache.commons.lang3.Conversion_longToIntArray_1186,Lang,1,Lang-1f,org.apache.commons.lang3.Conversion,longToIntArray,1186,1200,11,5,5,5,8,4,0,8,12,13,3,2,3,2,2,2,2,0.25,1,1,10
Lang-1f_org.apache.commons.lang3.Conversion_longToShortArray_1219,Lang,1,Lang-1f,org.apache.commons.lang3.Conversion,longToShortArray,1219,1234,12,5,5,5,8,4,0,8,12,13,3,2,3,2,2,2,2,0.25,1,1,10
Lang-1f_org.apache.commons.lang3.Conversion_intToShortArray_1253,Lang,1,Lang-1f,org.apache.commons.lang3.Conversion,intToShortArray,1253,1268,12,5,5,5,8,4,0,8,12,13,3,2,3,2,2,2,2,0.25,1,1,10
Lang-1f_org.apache.commons.lang3.Conversion_longToByteArray_1287,Lang,1,Lang-1f,org.apache.commons.lang3.Conversion,longToByteArray,1287,1302,12,5,5,5,8,4,0,8,12,13,3,2,3,2,2,2,2,0.25,1,1,10
Lang-1f_org.apache.commons.lang3.Conversion_intToByteArray_1321,Lang,1,Lang-1f,org.apache.commons.lang3.Conversion,intToByteArray,1321,1335,11,5,5,5,8,4,0,8,12,13,3,2,3,2,2,2,2,0.25,1,1,10
Lang-1f_org.apache.commons.lang3.Conversion_shortToByteArray_1354,Lang,1,Lang-1f,org.apache.commons.lang3.Conversion,shortToByteArray,1354,1369,12,5,5,5,8,4,0,8,12,13,3,2,3,2,2,2,2,0.25,1,1,10
Lang-1f_org.apache.commons.lang3.Conversion_longToHex_1387,Lang,1,Lang-1f,org.apache.commons.lang3.Conversion,longToHex,1387,1409,18,5,9,13,11,5,0,8,18,20,4,3,4,3,2,2,3,0.2222,1,1,16
Lang-1f_org.apache.commons.lang3.Conversion_intToHex_1427,Lang,1,Lang-1f,org.apache.commons.lang3.Conversion,intToHex,1427,1449,18,5,9,13,11,5,0,8,18,20,4,3,4,3,2,2,3,0.2222,1,1,16
Lang-1f_org.apache.commons.lang3.Conversion_shortToHex_1467,Lang,1,Lang-1f,org.apache.commons.lang3.Conversion,shortToHex,1467,1489,18,5,9,13,11,5,0,8,18,20,4,3,4,3,2,2,3,0.2222,1,1,16
Lang-1f_org.apache.commons.lang3.Conversion_byteToHex_1507,Lang,1,Lang-1f,org.apache.commons.lang3.Conversion,byteToHex,1507,1529,18,5,9,13,11,5,0,8,18,20,4,3,4,3,2,2,3,0.2222,1,1,16
Lang-1f_org.apache.commons.lang3.Conversion_longToBinary_1548,Lang,1,Lang-1f,org.apache.commons.lang3.Conversion,longToBinary,1548,1563,12,5,5,5,7,5,0,8,12,13,3,2,3,2,2,2,2,0.25,1,1,10
Lang-1f_org.apache.commons.lang3.Conversion_intToBinary_1582,Lang,1,Lang-1f,org.apache.commons.lang3.Conversion,intToBinary,1582,1597,12,5,5,5,7,5,0,8,12,13,3,2,3,2,2,2,2,0.25,1,1,10
Lang-1f_org.apache.commons.lang3.Conversion_shortToBinary_1616,Lang,1,Lang-1f,org.apache.commons.lang3.Conversion,shortToBinary,1616,1632,13,5,5,6,10,6,0,11,17,18,3,2,3,2,2,2,2,0.1765,1,1,11
Lang-1f_org.apache.commons.lang3.Conversion_byteToBinary_1651,Lang,1,Lang-1f,org.apache.commons.lang3.Conversion,byteToBinary,1651,1665,11,5,5,5,7,5,0,8,12,13,3,2,3,2,2,2,2,0.25,1,1,9
Lang-1f_org.apache.commons.lang3.Conversion_uuidToByteArray_1683,Lang,1,Lang-1f,org.apache.commons.lang3.Conversion,uuidToByteArray,1683,1695,9,4,2,9,2,4,0,10,9,10,3,3,3,2,0,2,3,0.3333,0,1,8
Lang-1f_org.apache.commons.lang3.Conversion_byteArrayToUuid_1710,Lang,1,Lang-1f,org.apache.commons.lang3.Conversion,byteArrayToUuid,1710,1716,5,2,0,6,2,1,0,9,4,4,2,1,1,1,0,1,1,0.25,0,1,3
Lang-1f_org.apache.commons.lang3.tuple.MutableTriple_of_56,Lang,1,Lang-1f,org.apache.commons.lang3.tuple.MutableTriple,of,56,58,2,3,2,1,0,6,0,0,1,0,1,0,0,0,0,1,0,0.0,0,0,1
Lang-1f_org.apache.commons.lang3.tuple.MutableTriple_<init>_74,Lang,1,Lang-1f,org.apache.commons.lang3.tuple.MutableTriple,<init>,74,79,5,3,2,2,0,0,0,0,16,15,1,0,0,0,0,0,0,0.0,0,0,5
Lang-1f_org.apache.commons.lang3.tuple.MutableTriple_<init>_63,Lang,1,Lang-1f,org.apache.commons.lang3.tuple.MutableTriple,<init>,63,65,2,0,0,2,0,0,0,0,5,4,1,0,0,0,0,0,0,0.0,0,0,2
Lang-1f_org.apache.commons.lang3.tuple.ImmutableTriple_of_61,Lang,1,Lang-1f,org.apache.commons.lang3.tuple.ImmutableTriple,of,61,63,2,3,2,1,0,6,0,0,1,0,1,0,0,0,0,1,0,0.0,0,0,1
Lang-1f_org.apache.commons.lang3.tuple.ImmutableTriple_<init>_72,Lang,1,Lang-1f,org.apache.commons.lang3.tuple.ImmutableTriple,<init>,72,77,5,3,2,2,0,0,0,0,16,15,1,0,0,0,0,0,0,0.0,0,0,5
Lang-1f_org.apache.commons.lang3.tuple.Pair_of_59,Lang,1,Lang-1f,org.apache.commons.lang3.tuple.Pair,of,59,61,2,2,1,1,0,6,0,0,1,0,1,0,0,0,0,1,0,0.0,0,0,1
Lang-1f_org.apache.commons.lang3.tuple.ImmutablePair_<init>_67,Lang,1,Lang-1f,org.apache.commons.lang3.tuple.ImmutablePair,<init>,67,71,4,2,1,2,0,0,0,0,12,11,1,0,0,0,0,0,0,0.0,0,0,4
Lang-1f_org.apache.commons.lang3.tuple.Pair_getKey_91,Lang,1,Lang-1f,org.apache.commons.lang3.tuple.Pair,getKey,91,93,2,0,0,2,0,0,0,0,1,0,1,0,0,0,0,1,0,0.0,0,0,1
Lang-1f_org.apache.commons.lang3.tuple.Pair_getValue_104,Lang,1,Lang-1f,org.apache.commons.lang3.tuple.Pair,getValue,104,106,2,0,0,2,0,0,0,0,1,0,1,0,0,0,0,1,0,0.0,0,0,1
Lang-1f_org.apache.commons.lang3.builder.CompareToBuilder_<init>_102,Lang,1,Lang-1f,org.apache.commons.lang3.builder.CompareToBuilder,<init>,102,105,3,0,0,2,0,0,0,1,6,5,1,0,0,0,0,0,0,0.0,0,0,3
Lang-1f_org.apache.commons.lang3.builder.CompareToBuilder_append_369,Lang,1,Lang-1f,org.apache.commons.lang3.builder.CompareToBuilder,append,369,371,2,2,1,2,0,0,0,0,1,0,1,0,1,1,1,1,0,1.0,1,1,1
Lang-1f_org.apache.commons.lang3.builder.CompareToBuilder_toComparison_1002,Lang,1,Lang-1f,org.apache.commons.lang3.builder.CompareToBuilder,toComparison,1002,1004,2,0,0,1,0,0,0,0,1,0,1,0,0,0,0,1,0,0.0,0,0,1
Lang-1f_org.apache.commons.lang3.tuple.Pair_equals_129,Lang,1,Lang-1f,org.apache.commons.lang3.tuple.Pair,equals,129,139,8,1,0,9,0,7,1,0,6,5,1,2,3,1,1,3,2,0.5,1,1,6
Lang-1f_org.apache.commons.lang3.ObjectUtils_equals_153,Lang,1,Lang-1f,org.apache.commons.lang3.ObjectUtils,equals,153,161,6,2,1,4,0,3,1,0,5,4,1,2,3,1,1,3,2,0.6,1,1,5
Lang-1f_org.apache.commons.lang3.tuple.Pair_hashCode_148,Lang,1,Lang-1f,org.apache.commons.lang3.tuple.Pair,hashCode,148,152,3,0,0,8,0,2,0,2,1,0,1,0,1,1,1,1,0,1.0,1,1,1
Lang-1f_org.apache.commons.lang3.tuple.Pair_toString_160,Lang,1,Lang-1f,org.apache.commons.lang3.tuple.Pair,toString,160,162,2,0,0,10,0,0,0,0,1,0,1,0,1,1,1,1,0,1.0,1,1,1
Lang-1f_org.apache.commons.lang3.tuple.Pair_toString_175,Lang,1,Lang-1f,org.apache.commons.lang3.tuple.Pair,toString,175,177,2,1,0,4,0,0,0,0,1,0,1,0,0,0,0,1,0,0.0,0,0,1
Lang-1f_org.apache.commons.lang3.tuple.MutablePair_of_52,Lang,1,Lang-1f,org.apache.commons.lang3.tuple.MutablePair,of,52,54,2,2,1,1,0,6,0,0,1,0,1,0,0,0,0,1,0,0.0,0,0,1
Lang-1f_org.apache.commons.lang3.tuple.MutablePair_<init>_69,Lang,1,Lang-1f,org.apache.commons.lang3.tuple.MutablePair,<init>,69,73,4,2,1,2,0,0,0,0,12,11,1,0,0,0,0,0,0,0.0,0,0,4
Lang-1f_org.apache.commons.lang3.tuple.MutablePair_<init>_59,Lang,1,Lang-1f,org.apache.commons.lang3.tuple.MutablePair,<init>,59,61,2,0,0,2,0,0,0,0,5,4,1,0,0,0,0,0,0,0.0,0,0,2
Lang-1f_org.apache.commons.lang3.tuple.MutablePair_setValue_118,Lang,1,Lang-1f,org.apache.commons.lang3.tuple.MutablePair,setValue,118,122,4,1,1,3,0,0,0,0,3,2,1,0,0,0,0,1,0,0.0,0,0,3
Lang-1f_org.apache.commons.lang3.tuple.MutablePair_getRight_97,Lang,1,Lang-1f,org.apache.commons.lang3.tuple.MutablePair,getRight,97,99,2,0,0,1,0,0,0,0,1,0,1,0,0,0,0,1,0,0.0,0,0,1
Lang-1f_org.apache.commons.lang3.tuple.MutablePair_setRight_106,Lang,1,Lang-1f,org.apache.commons.lang3.tuple.MutablePair,setRight,106,108,2,1,0,1,0,0,0,0,1,0,1,0,0,0,0,0,0,0.0,0,0,1
Lang-1f_org.apache.commons.lang3.tuple.Triple_of_59,Lang,1,Lang-1f,org.apache.commons.lang3.tuple.Triple,of,59,61,2,3,2,1,0,6,0,0,1,0,1,0,0,0,0,1,0,0.0,0,0,1
Lang-1f_org.apache.commons.lang3.tuple.Triple_equals_108,Lang,1,Lang-1f,org.apache.commons.lang3.tuple.Triple,equals,108,119,9,1,0,12,0,7,2,0,6,5,1,2,3,1,1,3,2,0.5,1,1,6
Lang-1f_org.apache.commons.lang3.tuple.Triple_hashCode_127,Lang,1,Lang-1f,org.apache.commons.lang3.tuple.Triple,hashCode,127,131,4,0,0,11,0,3,0,3,1,0,1,0,1,1,1,1,0,1.0,1,1,1
Lang-1f_org.apache.commons.lang3.tuple.Triple_toString_139,Lang,1,Lang-1f,org.apache.commons.lang3.tuple.Triple,toString,139,142,3,0,0,13,0,0,0,0,1,0,1,0,1,1,1,1,0,1.0,1,1,1
Lang-1f_org.apache.commons.lang3.tuple.Triple_toString_155,Lang,1,Lang-1f,org.apache.commons.lang3.tuple.Triple,toString,155,157,2,1,0,5,0,0,0,0,1,0,1,0,0,0,0,1,0,0.0,0,0,1
Lang-1f_org.apache.commons.lang3.tuple.ImmutablePair_of_57,Lang,1,Lang-1f,org.apache.commons.lang3.tuple.ImmutablePair,of,57,59,2,2,1,1,0,6,0,0,1,0,1,0,0,0,0,1,0,0.0,0,0,1
Lang-1f_org.apache.commons.lang3.tuple.ImmutablePair_setValue_100,Lang,1,Lang-1f,org.apache.commons.lang3.tuple.ImmutablePair,setValue,100,102,2,1,0,2,0,0,0,0,2,1,1,0,0,0,0,0,0,0.0,0,0,1
Lang-1f_org.apache.commons.lang3.CharSequenceUtils_<init>_36,Lang,1,Lang-1f,org.apache.commons.lang3.CharSequenceUtils,<init>,36,38,2,0,0,2,0,0,0,0,5,4,1,0,0,0,0,0,0,0.0,0,0,2
Lang-1f_org.apache.commons.lang3.CharSequenceUtils_subSequence_55,Lang,1,Lang-1f,org.apache.commons.lang3.CharSequenceUtils,subSequence,55,57,2,2,1,3,0,1,0,0,1,0,1,0,1,1,1,1,0,1.0,1,1,1
Lang-1f_org.apache.commons.lang3.reflect.TypeUtils_<init>_50,Lang,1,Lang-1f,org.apache.commons.lang3.reflect.TypeUtils,<init>,50,52,2,0,0,2,0,0,0,0,5,4,1,0,0,0,0,0,0,0.0,0,0,2
Lang-1f_org.apache.commons.lang3.reflect.TypeUtils_isAssignable_64,Lang,1,Lang-1f,org.apache.commons.lang3.reflect.TypeUtils,isAssignable,64,66,2,2,1,2,0,0,0,0,1,0,1,0,1,1,1,1,0,1.0,1,1,1
Lang-1f_org.apache.commons.lang3.reflect.TypeUtils_isAssignable_112,Lang,1,Lang-1f,org.apache.commons.lang3.reflect.TypeUtils,isAssignable,112,168,24,2,1,24,1,13,3,1,23,23,2,9,13,5,6,9,9,0.5652,1,1,20
Lang-1f_org.apache.commons.lang3.reflect.TypeUtils_getRawType_985,Lang,1,Lang-1f,org.apache.commons.lang3.reflect.TypeUtils,getRawType,985,998,5,1,1,5,1,6,0,1,6,6,2,1,2,2,1,1,1,0.3333,1,1,4
Lang-1f_org.apache.commons.lang3.reflect.TypeUtils_getImplicitUpperBounds_926,Lang,1,Lang-1f,org.apache.commons.lang3.reflect.TypeUtils,getImplicitUpperBounds,926,930,3,1,0,3,0,1,0,1,2,1,1,0,0,0,0,1,0,0.0,0,0,2
Lang-1f_org.apache.commons.lang3.reflect.TypeUtils_getImplicitBounds_910,Lang,1,Lang-1f,org.apache.commons.lang3.reflect.TypeUtils,getImplicitBounds,910,914,3,1,0,3,0,3,0,1,2,1,1,0,0,0,0,1,0,0.0,0,0,2
Lang-1f_org.apache.commons.lang3.reflect.TypeUtils_getImplicitLowerBounds_941,Lang,1,Lang-1f,org.apache.commons.lang3.reflect.TypeUtils,getImplicitLowerBounds,941,945,3,1,0,2,0,1,0,1,2,1,1,0,0,0,0,1,0,0.0,0,0,2
Lang-1f_org.apache.commons.lang3.reflect.TypeUtils_getTypeArguments_497,Lang,1,Lang-1f,org.apache.commons.lang3.reflect.TypeUtils,getTypeArguments,497,499,2,1,0,3,0,4,0,0,1,0,1,0,1,1,1,1,0,1.0,1,1,1
Lang-1f_org.apache.commons.lang3.reflect.TypeUtils_getTypeArguments_533,Lang,1,Lang-1f,org.apache.commons.lang3.reflect.TypeUtils,getTypeArguments,533,535,2,2,1,2,0,6,0,0,1,0,1,0,1,1,1,1,0,1.0,1,1,1
Lang-1f_org.apache.commons.lang3.reflect.TypeUtils_getClosestParentType_797,Lang,1,Lang-1f,org.apache.commons.lang3.reflect.TypeUtils,getClosestParentType,797,835,19,2,1,14,2,11,1,2,19,23,6,5,6,3,2,2,2,0.3158,1,1,16
Lang-1f_org.apache.commons.lang3.reflect.TypeUtils_determineTypeArguments_710,Lang,1,Lang-1f,org.apache.commons.lang3.reflect.TypeUtils,determineTypeArguments,710,740,15,2,2,13,0,18,0,0,13,12,1,3,5,2,2,4,3,0.3846,1,1,13
Lang-1f_org.apache.commons.lang3.reflect.TypeUtils_isInstance_845,Lang,1,Lang-1f,org.apache.commons.lang3.reflect.TypeUtils,isInstance,845,852,5,2,1,5,0,6,1,0,3,2,1,1,1,0,0,2,1,0.3333,0,1,3
Lang-1f_org.apache.commons.lang3.reflect.TypeUtils_normalizeUpperBounds_875,Lang,1,Lang-1f,org.apache.commons.lang3.reflect.TypeUtils,normalizeUpperBounds,875,899,13,1,1,10,0,6,1,1,14,17,5,3,5,3,4,2,1,0.3571,1,1,12
Lang-1f_org.apache.commons.lang3.reflect.TypeUtils_getRawType_1012,Lang,1,Lang-1f,org.apache.commons.lang3.reflect.TypeUtils,getRawType,1012,1074,26,2,3,21,1,23,0,2,25,24,1,9,12,3,3,9,9,0.48,1,1,23
Lang-1f_org.apache.commons.lang3.reflect.TypeUtils_isArrayType_1081,Lang,1,Lang-1f,org.apache.commons.lang3.reflect.TypeUtils,isArrayType,1081,1083,2,1,0,2,0,4,2,0,1,0,1,0,0,0,0,1,0,0.0,0,0,1
Lang-1f_org.apache.commons.lang3.reflect.TypeUtils_getArrayComponentType_1090,Lang,1,Lang-1f,org.apache.commons.lang3.reflect.TypeUtils,getArrayComponentType,1090,1099,7,1,0,7,0,6,0,0,6,5,1,2,2,0,0,3,2,0.3333,0,1,6
Lang-1f_org.apache.commons.lang3.reflect.MemberUtils_setAccessibleWorkaround_54,Lang,1,Lang-1f,org.apache.commons.lang3.reflect.MemberUtils,setAccessibleWorkaround,54,67,9,1,1,11,0,1,2,0,9,8,1,2,2,0,0,1,2,0.2222,0,1,6
Lang-1f_org.apache.commons.lang3.reflect.MemberUtils_isPackageAccess_74,Lang,1,Lang-1f,org.apache.commons.lang3.reflect.MemberUtils,isPackageAccess,74,76,2,1,0,2,0,1,0,1,1,0,1,0,0,0,0,1,0,0.0,0,0,1
Lang-1f_org.apache.commons.lang3.reflect.MemberUtils_isAccessible_83,Lang,1,Lang-1f,org.apache.commons.lang3.reflect.MemberUtils,isAccessible,83,85,2,1,0,4,0,1,2,0,1,0,1,0,0,0,0,1,0,0.0,0,0,1
Lang-1f_org.apache.commons.lang3.reflect.MemberUtils_compareParameterTypes_99,Lang,1,Lang-1f,org.apache.commons.lang3.reflect.MemberUtils,compareParameterTypes,99,103,4,3,2,3,1,8,0,3,3,2,1,0,0,0,0,1,0,0.0,0,0,3
Lang-1f_org.apache.commons.lang3.reflect.MemberUtils_getTotalTransformationCost_112,Lang,1,Lang-1f,org.apache.commons.lang3.reflect.MemberUtils,getTotalTransformationCost,112,121,8,2,2,3,2,7,0,2,9,9,2,0,1,1,2,1,0,0.1111,1,1,7
Lang-1f_org.apache.commons.lang3.reflect.MemberUtils_getObjectTransformationCost_131,Lang,1,Lang-1f,org.apache.commons.lang3.reflect.MemberUtils,getObjectTransformationCost,131,157,13,2,1,11,2,6,2,3,12,14,4,3,4,3,1,2,3,0.3333,1,1,12
Lang-1f_org.apache.commons.lang3.reflect.MemberUtils_getPrimitivePromotionCost_166,Lang,1,Lang-1f,org.apache.commons.lang3.reflect.MemberUtils,getPrimitivePromotionCost,166,183,12,2,2,7,4,10,1,6,13,16,5,3,4,3,2,1,3,0.3077,1,1,11
Lang-1f_org.apache.commons.lang3.reflect.MethodUtils_<init>_57,Lang,1,Lang-1f,org.apache.commons.lang3.reflect.MethodUtils,<init>,57,59,2,0,0,2,0,0,0,0,5,4,1,0,0,0,0,0,0,0.0,0,0,2
Lang-1f_org.apache.commons.lang3.reflect.MethodUtils_invokeMethod_83,Lang,1,Lang-1f,org.apache.commons.lang3.reflect.MethodUtils,invokeMethod,83,91,7,3,2,4,0,3,0,0,4,4,2,1,2,2,1,1,1,0.5,1,1,4
Lang-1f_org.apache.commons.lang3.reflect.MethodUtils_invokeMethod_112,Lang,1,Lang-1f,org.apache.commons.lang3.reflect.MethodUtils,invokeMethod,112,130,15,4,3,10,3,5,0,2,16,18,4,3,3,3,0,1,3,0.1875,0,1,10
Lang-1f_org.apache.commons.lang3.reflect.MethodUtils_getMatchingAccessibleMethod_492,Lang,1,Lang-1f,org.apache.commons.lang3.reflect.MethodUtils,getMatchingAccessibleMethod,492,520,20,3,4,18,0,8,3,1,18,20,4,3,4,2,2,2,0,0.2222,1,1,14
Lang-1f_org.apache.commons.lang3.reflect.MethodUtils_invokeExactMethod_150,Lang,1,Lang-1f,org.apache.commons.lang3.reflect.MethodUtils,invokeExactMethod,150,158,7,3,2,4,0,3,0,0,4,4,2,1,2,2,1,1,1,0.5,1,1,4
Lang-1f_org.apache.commons.lang3.reflect.MethodUtils_invokeExactMethod_179,Lang,1,Lang-1f,org.apache.commons.lang3.reflect.MethodUtils,invokeExactMethod,179,197,15,4,3,10,3,5,0,2,16,18,4,3,3,3,0,1,3,0.1875,0,1,10
Lang-1f_org.apache.commons.lang3.reflect.MethodUtils_getAccessibleMethod_351,Lang,1,Lang-1f,org.apache.commons.lang3.reflect.MethodUtils,getAccessibleMethod,351,359,7,3,1,4,0,4,0,0,5,3,1,0,1,1,1,2,0,0.2,1,1,3
Lang-1f_org.apache.commons.lang3.reflect.MethodUtils_invokeExactStaticMethod_218,Lang,1,Lang-1f,org.apache.commons.lang3.reflect.MethodUtils,invokeExactStaticMethod,218,234,13,4,2,8,3,7,0,2,14,16,4,3,3,3,0,1,3,0.2143,0,1,9
Lang-1f_org.apache.commons.lang3.reflect.MethodUtils_invokeStaticMethod_260,Lang,1,Lang-1f,org.apache.commons.lang3.reflect.MethodUtils,invokeStaticMethod,260,268,7,3,1,4,0,5,0,0,4,4,2,1,2,2,1,1,1,0.5,1,1,4
Lang-1f_org.apache.commons.lang3.reflect.MethodUtils_invokeStaticMethod_292,Lang,1,Lang-1f,org.apache.commons.lang3.reflect.MethodUtils,invokeStaticMethod,292,309,14,4,2,8,3,7,0,2,14,16,4,3,3,3,0,1,3,0.2143,0,1,9
Lang-1f_org.apache.commons.lang3.reflect.MethodUtils_invokeExactStaticMethod_329,Lang,1,Lang-1f,org.apache.commons.lang3.reflect.MethodUtils,invokeExactStaticMethod,329,337,7,3,1,4,0,5,0,0,4,4,2,1,2,2,1,1,1,0.5,1,1,4
Lang-1f_org.apache.commons.lang3.reflect.MethodUtils_getAccessibleMethod_369,Lang,1,Lang-1f,org.apache.commons.lang3.reflect.MethodUtils,getAccessibleMethod,369,391,14,1,1,12,0,5,0,0,11,11,2,3,3,1,0,3,3,0.2727,0,1,11
Lang-1f_org.apache.commons.lang3.reflect.MethodUtils_getAccessibleMethodFromInterfaceNest_434,Lang,1,Lang-1f,org.apache.commons.lang3.reflect.MethodUtils,getAccessibleMethodFromInterfaceNest,434,470,19,3,3,13,2,10,0,1,20,24,6,3,6,5,5,1,3,0.3,1,1,14
Lang-1f_org.apache.commons.lang3.reflect.MethodUtils_getAccessibleMethodFromSuperclass_403,Lang,1,Lang-1f,org.apache.commons.lang3.reflect.MethodUtils,getAccessibleMethodFromSuperclass,403,417,11,3,1,9,0,7,0,0,10,9,1,1,2,1,1,3,1,0.2,1,1,8
Lang-1f_org.apache.commons.lang3.reflect.ConstructorUtils_<init>_56,Lang,1,Lang-1f,org.apache.commons.lang3.reflect.ConstructorUtils,<init>,56,58,2,0,0,2,0,0,0,0,5,4,1,0,0,0,0,0,0,0.0,0,0,2
Lang-1f_org.apache.commons.lang3.reflect.ConstructorUtils_invokeConstructor_78,Lang,1,Lang-1f,org.apache.commons.lang3.reflect.ConstructorUtils,invokeConstructor,78,86,7,2,0,4,0,7,0,0,4,4,2,1,2,2,1,1,1,0.5,1,1,4
Lang-1f_org.apache.commons.lang3.reflect.ConstructorUtils_invokeConstructor_107,Lang,1,Lang-1f,org.apache.commons.lang3.reflect.ConstructorUtils,invokeConstructor,107,122,12,3,0,8,1,11,0,1,12,14,4,3,3,3,0,1,3,0.25,0,1,9
Lang-1f_org.apache.commons.lang3.reflect.ConstructorUtils_getMatchingAccessibleConstructor_243,Lang,1,Lang-1f,org.apache.commons.lang3.reflect.ConstructorUtils,getMatchingAccessibleConstructor,243,281,22,2,0,17,0,23,1,2,19,21,4,3,4,1,2,2,0,0.2105,1,1,15
Lang-1f_org.apache.commons.lang3.reflect.ConstructorUtils_invokeExactConstructor_142,Lang,1,Lang-1f,org.apache.commons.lang3.reflect.ConstructorUtils,invokeExactConstructor,142,150,7,2,0,4,0,7,0,0,4,4,2,1,2,2,1,1,1,0.5,1,1,4
Lang-1f_org.apache.commons.lang3.reflect.ConstructorUtils_invokeExactConstructor_171,Lang,1,Lang-1f,org.apache.commons.lang3.reflect.ConstructorUtils,invokeExactConstructor,171,186,12,3,0,8,1,11,0,1,12,14,4,3,3,3,0,1,3,0.25,0,1,9
Lang-1f_org.apache.commons.lang3.reflect.ConstructorUtils_getAccessibleConstructor_202,Lang,1,Lang-1f,org.apache.commons.lang3.reflect.ConstructorUtils,getAccessibleConstructor,202,209,6,2,0,4,0,8,0,0,5,3,1,0,1,1,1,2,0,0.2,1,1,3
Lang-1f_org.apache.commons.lang3.reflect.ConstructorUtils_getAccessibleConstructor_221,Lang,1,Lang-1f,org.apache.commons.lang3.reflect.ConstructorUtils,getAccessibleConstructor,221,224,3,1,0,5,0,6,1,0,1,0,1,0,0,0,0,1,0,0.0,0,0,1
Lang-1f_org.apache.commons.lang3.reflect.FieldUtils_<init>_43,Lang,1,Lang-1f,org.apache.commons.lang3.reflect.FieldUtils,<init>,43,45,2,0,0,2,0,0,0,0,5,4,1,0,0,0,0,0,0,0.0,0,0,2
Lang-1f_org.apache.commons.lang3.reflect.FieldUtils_getField_58,Lang,1,Lang-1f,org.apache.commons.lang3.reflect.FieldUtils,getField,58,62,4,2,1,3,0,2,0,0,3,2,1,0,1,1,1,1,0,0.3333,1,1,3
Lang-1f_org.apache.commons.lang3.reflect.FieldUtils_getField_79,Lang,1,Lang-1f,org.apache.commons.lang3.reflect.FieldUtils,getField,79,134,25,3,4,20,4,12,0,5,36,41,7,5,8,8,4,2,4,0.2222,1,1,21
Lang-1f_org.apache.commons.lang3.reflect.FieldUtils_getDeclaredField_147,Lang,1,Lang-1f,org.apache.commons.lang3.reflect.FieldUtils,getDeclaredField,147,149,2,2,0,2,0,2,0,0,1,0,1,0,1,1,1,1,0,1.0,1,1,1
Lang-1f_org.apache.commons.lang3.reflect.FieldUtils_getDeclaredField_166,Lang,1,Lang-1f,org.apache.commons.lang3.reflect.FieldUtils,getDeclaredField,166,188,15,3,2,11,0,4,0,2,17,18,3,4,5,3,1,3,4,0.2941,1,1,12
Lang-1f_org.apache.commons.lang3.reflect.FieldUtils_getAllFields_198,Lang,1,Lang-1f,org.apache.commons.lang3.reflect.FieldUtils,getAllFields,198,201,3,1,0,4,0,4,0,0,2,1,1,0,0,0,0,1,0,0.0,0,0,2
Lang-1f_org.apache.commons.lang3.reflect.FieldUtils_getAllFieldsList_211,Lang,1,Lang-1f,org.apache.commons.lang3.reflect.FieldUtils,getAllFieldsList,211,225,11,1,0,8,0,12,0,1,12,14,4,1,3,3,3,1,1,0.25,1,1,10
Lang-1f_org.apache.commons.lang3.reflect.FieldUtils_readStaticField_238,Lang,1,Lang-1f,org.apache.commons.lang3.reflect.FieldUtils,readStaticField,238,240,2,1,0,2,0,0,0,0,1,0,1,0,1,1,1,1,0,1.0,1,1,1
Lang-1f_org.apache.commons.lang3.reflect.FieldUtils_readStaticField_255,Lang,1,Lang-1f,org.apache.commons.lang3.reflect.FieldUtils,readStaticField,255,263,6,2,1,9,2,1,0,3,11,12,3,2,2,2,0,1,2,0.1818,0,1,5
Lang-1f_org.apache.commons.lang3.reflect.FieldUtils_readField_381,Lang,1,Lang-1f,org.apache.commons.lang3.reflect.FieldUtils,readField,381,391,8,3,2,8,0,1,1,1,7,8,3,2,2,2,0,1,2,0.2857,0,1,6
Lang-1f_org.apache.commons.lang3.reflect.FieldUtils_readStaticField_278,Lang,1,Lang-1f,org.apache.commons.lang3.reflect.FieldUtils,readStaticField,278,280,2,2,0,2,0,2,0,0,1,0,1,0,1,1,1,1,0,1.0,1,1,1
Lang-1f_org.apache.commons.lang3.reflect.FieldUtils_readStaticField_298,Lang,1,Lang-1f,org.apache.commons.lang3.reflect.FieldUtils,readStaticField,298,305,5,3,2,5,3,3,0,2,8,8,2,1,2,1,1,1,1,0.25,1,1,4
Lang-1f_org.apache.commons.lang3.reflect.FieldUtils_readDeclaredStaticField_320,Lang,1,Lang-1f,org.apache.commons.lang3.reflect.FieldUtils,readDeclaredStaticField,320,322,2,2,0,2,0,2,0,0,1,0,1,0,1,1,1,1,0,1.0,1,1,1
Lang-1f_org.apache.commons.lang3.reflect.FieldUtils_readDeclaredStaticField_340,Lang,1,Lang-1f,org.apache.commons.lang3.reflect.FieldUtils,readDeclaredStaticField,340,347,5,3,2,6,3,3,0,2,10,10,2,1,1,1,0,1,1,0.1,0,1,4
Lang-1f_org.apache.commons.lang3.reflect.FieldUtils_readField_362,Lang,1,Lang-1f,org.apache.commons.lang3.reflect.FieldUtils,readField,362,364,2,2,1,2,0,0,0,0,1,0,1,0,1,1,1,1,0,1.0,1,1,1
Lang-1f_org.apache.commons.lang3.reflect.FieldUtils_readField_406,Lang,1,Lang-1f,org.apache.commons.lang3.reflect.FieldUtils,readField,406,408,2,2,1,2,0,0,0,0,1,0,1,0,1,1,1,1,0,1.0,1,1,1
Lang-1f_org.apache.commons.lang3.reflect.FieldUtils_readField_426,Lang,1,Lang-1f,org.apache.commons.lang3.reflect.FieldUtils,readField,426,437,8,3,3,8,3,4,0,3,12,13,3,2,3,2,1,1,2,0.25,1,1,7
Lang-1f_org.apache.commons.lang3.reflect.FieldUtils_readDeclaredField_452,Lang,1,Lang-1f,org.apache.commons.lang3.reflect.FieldUtils,readDeclaredField,452,454,2,2,1,2,0,0,0,0,1,0,1,0,1,1,1,1,0,1.0,1,1,1
Lang-1f_org.apache.commons.lang3.reflect.FieldUtils_readDeclaredField_472,Lang,1,Lang-1f,org.apache.commons.lang3.reflect.FieldUtils,readDeclaredField,472,483,8,3,3,9,3,4,0,3,14,15,3,2,2,2,0,1,2,0.1429,0,1,7
Lang-1f_org.apache.commons.lang3.reflect.FieldUtils_writeStaticField_497,Lang,1,Lang-1f,org.apache.commons.lang3.reflect.FieldUtils,writeStaticField,497,499,2,2,1,2,0,0,0,0,1,0,1,0,1,1,1,0,0,1.0,1,1,1
Lang-1f_org.apache.commons.lang3.reflect.FieldUtils_writeStaticField_516,Lang,1,Lang-1f,org.apache.commons.lang3.reflect.FieldUtils,writeStaticField,516,524,6,3,2,9,2,1,0,3,11,12,3,2,2,2,0,0,2,0.1818,0,1,5
Lang-1f_org.apache.commons.lang3.reflect.FieldUtils_writeField_651,Lang,1,Lang-1f,org.apache.commons.lang3.reflect.FieldUtils,writeField,651,662,9,4,3,8,0,1,1,1,7,8,3,2,2,2,0,0,2,0.2857,0,1,6
Lang-1f_org.apache.commons.lang3.reflect.FieldUtils_writeStaticField_540,Lang,1,Lang-1f,org.apache.commons.lang3.reflect.FieldUtils,writeStaticField,540,542,2,3,1,2,0,2,0,0,1,0,1,0,1,1,1,0,0,1.0,1,1,1
Lang-1f_org.apache.commons.lang3.reflect.FieldUtils_writeStaticField_561,Lang,1,Lang-1f,org.apache.commons.lang3.reflect.FieldUtils,writeStaticField,561,569,6,4,3,5,3,3,0,2,8,8,2,1,2,1,1,0,1,0.25,1,1,4
Lang-1f_org.apache.commons.lang3.reflect.FieldUtils_writeDeclaredStaticField_585,Lang,1,Lang-1f,org.apache.commons.lang3.reflect.FieldUtils,writeDeclaredStaticField,585,587,2,3,1,2,0,2,0,0,1,0,1,0,1,1,1,0,0,1.0,1,1,1
Lang-1f_org.apache.commons.lang3.reflect.FieldUtils_writeDeclaredStaticField_606,Lang,1,Lang-1f,org.apache.commons.lang3.reflect.FieldUtils,writeDeclaredStaticField,606,614,6,4,3,6,3,3,0,2,10,10,2,1,1,1,0,0,1,0.1,0,1,4
Lang-1f_org.apache.commons.lang3.reflect.FieldUtils_writeField_630,Lang,1,Lang-1f,org.apache.commons.lang3.reflect.FieldUtils,writeField,630,632,2,3,2,2,0,0,0,0,1,0,1,0,1,1,1,0,0,1.0,1,1,1
Lang-1f_org.apache.commons.lang3.reflect.FieldUtils_writeField_678,Lang,1,Lang-1f,org.apache.commons.lang3.reflect.FieldUtils,writeField,678,680,2,3,2,2,0,0,0,0,1,0,1,0,1,1,1,0,0,1.0,1,1,1
Lang-1f_org.apache.commons.lang3.reflect.FieldUtils_writeField_699,Lang,1,Lang-1f,org.apache.commons.lang3.reflect.FieldUtils,writeField,699,711,9,4,4,9,3,4,0,3,14,15,3,2,3,2,1,0,2,0.2143,1,1,7
Lang-1f_org.apache.commons.lang3.reflect.FieldUtils_writeDeclaredField_727,Lang,1,Lang-1f,org.apache.commons.lang3.reflect.FieldUtils,writeDeclaredField,727,729,2,3,2,2,0,0,0,0,1,0,1,0,1,1,1,0,0,1.0,1,1,1
Lang-1f_org.apache.commons.lang3.reflect.FieldUtils_writeDeclaredField_748,Lang,1,Lang-1f,org.apache.commons.lang3.reflect.FieldUtils,writeDeclaredField,748,760,9,4,4,9,3,4,0,3,14,15,3,2,2,2,0,0,2,0.1429,0,1,7
Lang-1f_org.apache.commons.lang3.Validate_<init>_78,Lang,1,Lang-1f,org.apache.commons.lang3.Validate,<init>,78,80,2,0,0,2,0,0,0,0,5,4,1,0,0,0,0,0,0,0.0,0,0,2
Lang-1f_org.apache.commons.lang3.Validate_isTrue_104,Lang,1,Lang-1f,org.apache.commons.lang3.Validate,isTrue,104,108,3,3,2,5,0,1,0,0,8,7,1,1,1,0,0,0,1,0.125,0,1,2
Lang-1f_org.apache.commons.lang3.Validate_isTrue_129,Lang,1,Lang-1f,org.apache.commons.lang3.Validate,isTrue,129,133,3,3,2,5,0,1,0,0,8,7,1,1,1,0,0,0,1,0.125,0,1,2
Lang-1f_org.apache.commons.lang3.Validate_isTrue_153,Lang,1,Lang-1f,org.apache.commons.lang3.Validate,isTrue,153,157,3,3,2,4,0,1,0,0,6,5,1,1,1,0,0,0,1,0.1667,0,1,2
Lang-1f_org.apache.commons.lang3.Validate_isTrue_178,Lang,1,Lang-1f,org.apache.commons.lang3.Validate,isTrue,178,182,3,1,0,3,0,1,0,0,3,2,1,1,1,0,0,0,1,0.3333,0,1,2
Lang-1f_org.apache.commons.lang3.Validate_notNull_202,Lang,1,Lang-1f,org.apache.commons.lang3.Validate,notNull,202,204,2,1,0,2,0,2,0,0,1,0,1,0,1,1,1,1,0,1.0,1,1,1
Lang-1f_org.apache.commons.lang3.Validate_notNull_220,Lang,1,Lang-1f,org.apache.commons.lang3.Validate,notNull,220,225,4,3,2,4,0,3,0,0,7,7,2,1,1,1,0,1,1,0.1429,0,1,3
Lang-1f_org.apache.commons.lang3.Validate_notBlank_446,Lang,1,Lang-1f,org.apache.commons.lang3.Validate,notBlank,446,454,6,3,2,8,0,3,0,0,13,14,3,2,2,2,0,1,2,0.1538,0,1,5
Lang-1f_org.apache.commons.lang3.Validate_notBlank_475,Lang,1,Lang-1f,org.apache.commons.lang3.Validate,notBlank,475,477,2,1,0,2,0,2,0,0,1,0,1,0,1,1,1,1,0,1.0,1,1,1
Lang-1f_org.apache.commons.lang3.Validate_validState_802,Lang,1,Lang-1f,org.apache.commons.lang3.Validate,validState,802,806,3,1,0,3,0,1,0,0,3,2,1,1,1,0,0,0,1,0.3333,0,1,2
Lang-1f_org.apache.commons.lang3.Validate_validState_824,Lang,1,Lang-1f,org.apache.commons.lang3.Validate,validState,824,828,3,3,2,4,0,1,0,0,6,5,1,1,1,0,0,0,1,0.1667,0,1,2
Lang-1f_org.apache.commons.lang3.Validate_matchesPattern_848,Lang,1,Lang-1f,org.apache.commons.lang3.Validate,matchesPattern,848,853,3,2,1,5,0,1,0,0,7,6,1,1,1,0,0,0,1,0.1429,0,1,2
Lang-1f_org.apache.commons.lang3.Validate_matchesPattern_872,Lang,1,Lang-1f,org.apache.commons.lang3.Validate,matchesPattern,872,877,3,4,3,5,0,1,0,0,6,5,1,1,1,0,0,0,1,0.1667,0,1,2
Lang-1f_org.apache.commons.lang3.Validate_inclusiveBetween_897,Lang,1,Lang-1f,org.apache.commons.lang3.Validate,inclusiveBetween,897,902,3,3,2,6,0,6,1,2,8,7,1,1,1,0,0,0,1,0.125,0,1,2
Lang-1f_org.apache.commons.lang3.Validate_inclusiveBetween_922,Lang,1,Lang-1f,org.apache.commons.lang3.Validate,inclusiveBetween,922,927,3,5,3,6,0,6,1,2,6,5,1,1,1,0,0,0,1,0.1667,0,1,2
Lang-1f_org.apache.commons.lang3.Validate_exclusiveBetween_947,Lang,1,Lang-1f,org.apache.commons.lang3.Validate,exclusiveBetween,947,952,3,3,2,6,0,6,1,2,8,7,1,1,1,0,0,0,1,0.125,0,1,2
Lang-1f_org.apache.commons.lang3.Validate_exclusiveBetween_972,Lang,1,Lang-1f,org.apache.commons.lang3.Validate,exclusiveBetween,972,977,3,5,3,6,0,6,1,2,6,5,1,1,1,0,0,0,1,0.1667,0,1,2
Lang-1f_org.apache.commons.lang3.Validate_isInstanceOf_998,Lang,1,Lang-1f,org.apache.commons.lang3.Validate,isInstanceOf,998,1004,4,2,0,8,0,4,0,1,16,15,1,1,1,0,0,0,1,0.0625,0,1,3
Lang-1f_org.apache.commons.lang3.Validate_isInstanceOf_1023,Lang,1,Lang-1f,org.apache.commons.lang3.Validate,isInstanceOf,1023,1028,3,4,2,5,0,3,0,0,6,5,1,1,1,0,0,0,1,0.1667,0,1,2
Lang-1f_org.apache.commons.lang3.Validate_isAssignableFrom_1049,Lang,1,Lang-1f,org.apache.commons.lang3.Validate,isAssignableFrom,1049,1055,4,2,0,7,0,6,0,1,14,13,1,1,1,1,1,0,1,0.0714,1,1,3
Lang-1f_org.apache.commons.lang3.Validate_isAssignableFrom_1074,Lang,1,Lang-1f,org.apache.commons.lang3.Validate,isAssignableFrom,1074,1079,3,4,1,5,0,5,0,0,6,5,1,1,1,1,1,0,1,0.1667,1,1,2
Lang-1f_org.apache.commons.lang3.RandomStringUtils_<init>_53,Lang,1,Lang-1f,org.apache.commons.lang3.RandomStringUtils,<init>,53,55,2,0,0,2,0,0,0,0,5,4,1,0,0,0,0,0,0,0.0,0,0,2
Lang-1f_org.apache.commons.lang3.RandomStringUtils_random_68,Lang,1,Lang-1f,org.apache.commons.lang3.RandomStringUtils,random,68,70,2,1,0,2,0,0,0,0,1,0,1,0,1,1,1,1,0,1.0,1,1,1
Lang-1f_org.apache.commons.lang3.RandomStringUtils_random_142,Lang,1,Lang-1f,org.apache.commons.lang3.RandomStringUtils,random,142,144,2,3,2,2,0,0,0,2,1,0,1,0,1,1,1,1,0,1.0,1,1,1
Lang-1f_org.apache.commons.lang3.RandomStringUtils_randomAscii_82,Lang,1,Lang-1f,org.apache.commons.lang3.RandomStringUtils,randomAscii,82,84,2,1,0,2,0,0,0,2,1,0,1,0,0,0,0,1,0,0.0,0,0,1
Lang-1f_org.apache.commons.lang3.RandomStringUtils_random_162,Lang,1,Lang-1f,org.apache.commons.lang3.RandomStringUtils,random,162,164,2,5,4,2,0,0,0,0,1,0,1,0,1,1,1,1,0,1.0,1,1,1
Lang-1f_org.apache.commons.lang3.RandomStringUtils_randomAlphabetic_96,Lang,1,Lang-1f,org.apache.commons.lang3.RandomStringUtils,randomAlphabetic,96,98,2,1,0,2,0,0,0,0,1,0,1,0,0,0,0,1,0,0.0,0,0,1
Lang-1f_org.apache.commons.lang3.RandomStringUtils_randomAlphanumeric_110,Lang,1,Lang-1f,org.apache.commons.lang3.RandomStringUtils,randomAlphanumeric,110,112,2,1,0,2,0,0,0,0,1,0,1,0,0,0,0,1,0,0.0,0,0,1
Lang-1f_org.apache.commons.lang3.RandomStringUtils_randomNumeric_124,Lang,1,Lang-1f,org.apache.commons.lang3.RandomStringUtils,randomNumeric,124,126,2,1,0,2,0,0,0,0,1,0,1,0,0,0,0,1,0,0.0,0,0,1
Lang-1f_org.apache.commons.lang3.RandomStringUtils_random_223,Lang,1,Lang-1f,org.apache.commons.lang3.RandomStringUtils,random,223,293,52,7,7,26,26,18,11,26,49,62,15,14,15,5,1,2,11,0.3061,1,1,40
Lang-1f_org.apache.commons.lang3.RandomStringUtils_random_186,Lang,1,Lang-1f,org.apache.commons.lang3.RandomStringUtils,random,186,188,2,6,5,2,0,0,0,0,1,0,1,0,1,1,1,1,0,1.0,1,1,1
Lang-1f_org.apache.commons.lang3.RandomStringUtils_random_309,Lang,1,Lang-1f,org.apache.commons.lang3.RandomStringUtils,random,309,314,4,2,1,5,0,1,0,2,3,2,1,1,3,2,2,2,1,1.0,1,1,3
Lang-1f_org.apache.commons.lang3.RandomStringUtils_random_328,Lang,1,Lang-1f,org.apache.commons.lang3.RandomStringUtils,random,328,333,4,2,1,4,0,1,0,3,3,2,1,1,3,2,2,2,1,1.0,1,1,3
Lang-1f_org.apache.commons.lang3.ArrayUtils_<init>_137,Lang,1,Lang-1f,org.apache.commons.lang3.ArrayUtils,<init>,137,139,2,0,0,2,0,0,0,0,5,4,1,0,0,0,0,0,0,0.0,0,0,2
Lang-1f_org.apache.commons.lang3.ArrayUtils_toString_174,Lang,1,Lang-1f,org.apache.commons.lang3.ArrayUtils,toString,174,179,4,2,1,5,0,1,0,0,3,2,1,1,2,1,1,2,1,0.6667,1,1,3
Lang-1f_org.apache.commons.lang3.builder.ToStringBuilder_<init>_237,Lang,1,Lang-1f,org.apache.commons.lang3.builder.ToStringBuilder,<init>,237,239,2,2,1,2,0,0,0,0,12,11,1,0,0,0,0,0,0,0.0,0,0,2
Lang-1f_org.apache.commons.lang3.builder.ToStringBuilder_append_471,Lang,1,Lang-1f,org.apache.commons.lang3.builder.ToStringBuilder,append,471,474,3,1,0,2,0,0,0,0,2,1,1,0,1,1,1,1,0,0.5,1,1,2
Lang-1f_org.apache.commons.lang3.builder.ToStringBuilder_toString_1057,Lang,1,Lang-1f,org.apache.commons.lang3.builder.ToStringBuilder,toString,1057,1064,6,0,0,12,0,1,0,0,4,4,2,1,2,1,1,1,1,0.5,1,1,4
Lang-1f_org.apache.commons.lang3.ArrayUtils_hashCode_189,Lang,1,Lang-1f,org.apache.commons.lang3.ArrayUtils,hashCode,189,191,2,1,0,4,0,0,0,0,1,0,1,0,0,0,0,1,0,0.0,0,0,1
Lang-1f_org.apache.commons.lang3.builder.HashCodeBuilder_<init>_516,Lang,1,Lang-1f,org.apache.commons.lang3.builder.HashCodeBuilder,<init>,516,519,3,0,0,1,0,0,0,2,5,4,1,0,0,0,0,0,0,0.0,0,0,3
Lang-1f_org.apache.commons.lang3.builder.HashCodeBuilder_append_821,Lang,1,Lang-1f,org.apache.commons.lang3.builder.HashCodeBuilder,append,821,854,26,1,0,23,3,1,0,0,22,31,11,10,19,10,9,1,10,0.8636,1,1,22
Lang-1f_org.apache.commons.lang3.builder.HashCodeBuilder_toHashCode_932,Lang,1,Lang-1f,org.apache.commons.lang3.builder.HashCodeBuilder,toHashCode,932,934,2,0,0,1,0,0,0,0,1,0,1,0,0,0,0,1,0,0.0,0,0,1
Lang-1f_org.apache.commons.lang3.ArrayUtils_isEquals_203,Lang,1,Lang-1f,org.apache.commons.lang3.ArrayUtils,isEquals,203,205,2,2,1,4,0,0,0,0,1,0,1,0,1,1,1,1,0,1.0,1,1,1
Lang-1f_org.apache.commons.lang3.builder.EqualsBuilder_<init>_222,Lang,1,Lang-1f,org.apache.commons.lang3.builder.EqualsBuilder,<init>,222,224,1,0,0,1,0,0,0,0,4,3,1,0,0,0,0,0,0,0.0,0,0,1
Lang-1f_org.apache.commons.lang3.builder.EqualsBuilder_append_447,Lang,1,Lang-1f,org.apache.commons.lang3.builder.EqualsBuilder,append,447,489,32,2,1,30,0,7,1,0,30,39,11,13,22,10,9,4,13,0.7333,1,1,30
Lang-1f_org.apache.commons.lang3.builder.EqualsBuilder_isEquals_910,Lang,1,Lang-1f,org.apache.commons.lang3.builder.EqualsBuilder,isEquals,910,912,2,0,0,1,0,0,0,0,1,0,1,0,0,0,0,1,0,0.0,0,0,1
Lang-1f_org.apache.commons.lang3.ArrayUtils_toMap_234,Lang,1,Lang-1f,org.apache.commons.lang3.ArrayUtils,toMap,234,259,21,1,2,12,11,15,0,11,27,30,5,4,5,3,2,2,4,0.1852,1,1,19
Lang-1f_org.apache.commons.lang3.ArrayUtils_clone_335,Lang,1,Lang-1f,org.apache.commons.lang3.ArrayUtils,clone,335,340,4,1,0,3,0,1,0,0,3,2,1,1,2,1,1,2,1,0.6667,1,1,3
Lang-1f_org.apache.commons.lang3.ArrayUtils_clone_351,Lang,1,Lang-1f,org.apache.commons.lang3.ArrayUtils,clone,351,356,4,1,0,3,0,1,0,0,3,2,1,1,2,1,1,2,1,0.6667,1,1,3
Lang-1f_org.apache.commons.lang3.ArrayUtils_clone_367,Lang,1,Lang-1f,org.apache.commons.lang3.ArrayUtils,clone,367,372,4,1,0,3,0,1,0,0,3,2,1,1,2,1,1,2,1,0.6667,1,1,3
Lang-1f_org.apache.commons.lang3.ArrayUtils_clone_383,Lang,1,Lang-1f,org.apache.commons.lang3.ArrayUtils,clone,383,388,4,1,0,3,0,1,0,0,3,2,1,1,2,1,1,2,1,0.6667,1,1,3
Lang-1f_org.apache.commons.lang3.ArrayUtils_clone_399,Lang,1,Lang-1f,org.apache.commons.lang3.ArrayUtils,clone,399,404,4,1,0,3,0,1,0,0,3,2,1,1,2,1,1,2,1,0.6667,1,1,3
Lang-1f_org.apache.commons.lang3.ArrayUtils_clone_415,Lang,1,Lang-1f,org.apache.commons.lang3.ArrayUtils,clone,415,420,4,1,0,3,0,1,0,0,3,2,1,1,2,1,1,2,1,0.6667,1,1,3
Lang-1f_org.apache.commons.lang3.ArrayUtils_clone_431,Lang,1,Lang-1f,org.apache.commons.lang3.ArrayUtils,clone,431,436,4,1,0,3,0,1,0,0,3,2,1,1,2,1,1,2,1,0.6667,1,1,3
Lang-1f_org.apache.commons.lang3.ArrayUtils_clone_447,Lang,1,Lang-1f,org.apache.commons.lang3.ArrayUtils,clone,447,452,4,1,0,3,0,1,0,0,3,2,1,1,2,1,1,2,1,0.6667,1,1,3
Lang-1f_org.apache.commons.lang3.ArrayUtils_subarray_889,Lang,1,Lang-1f,org.apache.commons.lang3.ArrayUtils,subarray,889,907,13,3,2,6,1,4,0,4,12,13,3,4,4,2,0,3,4,0.3333,0,1,12
Lang-1f_org.apache.commons.lang3.ArrayUtils_subarray_928,Lang,1,Lang-1f,org.apache.commons.lang3.ArrayUtils,subarray,928,946,13,3,2,6,1,4,0,4,12,13,3,4,4,2,0,3,4,0.3333,0,1,12
Lang-1f_org.apache.commons.lang3.ArrayUtils_subarray_967,Lang,1,Lang-1f,org.apache.commons.lang3.ArrayUtils,subarray,967,985,13,3,2,6,1,4,0,4,12,13,3,4,4,2,0,3,4,0.3333,0,1,12
Lang-1f_org.apache.commons.lang3.ArrayUtils_subarray_1006,Lang,1,Lang-1f,org.apache.commons.lang3.ArrayUtils,subarray,1006,1024,13,3,2,6,1,4,0,4,12,13,3,4,4,2,0,3,4,0.3333,0,1,12
Lang-1f_org.apache.commons.lang3.ArrayUtils_subarray_1045,Lang,1,Lang-1f,org.apache.commons.lang3.ArrayUtils,subarray,1045,1063,13,3,2,6,1,4,0,4,12,13,3,4,4,2,0,3,4,0.3333,0,1,12
Lang-1f_org.apache.commons.lang3.ArrayUtils_subarray_1084,Lang,1,Lang-1f,org.apache.commons.lang3.ArrayUtils,subarray,1084,1102,13,3,2,6,1,4,0,4,12,13,3,4,4,2,0,3,4,0.3333,0,1,12
Lang-1f_org.apache.commons.lang3.ArrayUtils_subarray_1123,Lang,1,Lang-1f,org.apache.commons.lang3.ArrayUtils,subarray,1123,1141,13,3,2,6,1,4,0,4,12,13,3,4,4,2,0,3,4,0.3333,0,1,12
Lang-1f_org.apache.commons.lang3.ArrayUtils_subarray_1162,Lang,1,Lang-1f,org.apache.commons.lang3.ArrayUtils,subarray,1162,1180,13,3,2,6,1,4,0,4,12,13,3,4,4,2,0,3,4,0.3333,0,1,12
Lang-1f_org.apache.commons.lang3.ArrayUtils_getLength_1369,Lang,1,Lang-1f,org.apache.commons.lang3.ArrayUtils,getLength,1369,1374,4,1,0,3,0,1,0,1,3,2,1,1,2,1,1,2,1,0.6667,1,1,3
Lang-1f_org.apache.commons.lang3.ArrayUtils_isSameType_1385,Lang,1,Lang-1f,org.apache.commons.lang3.ArrayUtils,isSameType,1385,1390,4,2,1,8,0,2,1,1,4,4,2,1,1,1,0,1,1,0.25,0,1,3
Lang-1f_org.apache.commons.lang3.ArrayUtils_indexOf_1618,Lang,1,Lang-1f,org.apache.commons.lang3.ArrayUtils,indexOf,1618,1620,2,2,0,2,0,0,0,1,1,0,1,0,1,1,1,1,0,1.0,1,1,1
Lang-1f_org.apache.commons.lang3.ArrayUtils_indexOf_1636,Lang,1,Lang-1f,org.apache.commons.lang3.ArrayUtils,indexOf,1636,1657,14,3,3,13,4,6,0,2,17,21,6,6,8,4,4,4,5,0.4706,1,1,13
Lang-1f_org.apache.commons.lang3.ArrayUtils_lastIndexOf_1669,Lang,1,Lang-1f,org.apache.commons.lang3.ArrayUtils,lastIndexOf,1669,1671,2,2,0,2,0,0,0,0,1,0,1,0,1,1,1,1,0,1.0,1,1,1
Lang-1f_org.apache.commons.lang3.ArrayUtils_lastIndexOf_1687,Lang,1,Lang-1f,org.apache.commons.lang3.ArrayUtils,lastIndexOf,1687,1710,16,3,3,14,5,7,0,4,19,23,6,7,9,4,4,5,6,0.4737,1,1,15
Lang-1f_org.apache.commons.lang3.ArrayUtils_contains_1721,Lang,1,Lang-1f,org.apache.commons.lang3.ArrayUtils,contains,1721,1723,2,2,0,2,0,1,0,0,1,0,1,0,0,0,0,1,0,0.0,0,0,1
Lang-1f_org.apache.commons.lang3.ArrayUtils_indexOf_1737,Lang,1,Lang-1f,org.apache.commons.lang3.ArrayUtils,indexOf,1737,1739,2,2,0,2,0,0,0,1,1,0,1,0,1,1,1,1,0,1.0,1,1,1
Lang-1f_org.apache.commons.lang3.ArrayUtils_indexOf_1755,Lang,1,Lang-1f,org.apache.commons.lang3.ArrayUtils,indexOf,1755,1768,9,3,2,5,2,4,0,2,10,11,3,3,4,2,2,3,3,0.4,1,1,8
Lang-1f_org.apache.commons.lang3.ArrayUtils_lastIndexOf_1780,Lang,1,Lang-1f,org.apache.commons.lang3.ArrayUtils,lastIndexOf,1780,1782,2,2,0,2,0,0,0,0,1,0,1,0,1,1,1,1,0,1.0,1,1,1
Lang-1f_org.apache.commons.lang3.ArrayUtils_lastIndexOf_1798,Lang,1,Lang-1f,org.apache.commons.lang3.ArrayUtils,lastIndexOf,1798,1813,11,3,2,6,3,5,0,3,12,13,3,4,5,2,2,4,4,0.4167,1,1,10
Lang-1f_org.apache.commons.lang3.ArrayUtils_contains_1824,Lang,1,Lang-1f,org.apache.commons.lang3.ArrayUtils,contains,1824,1826,2,2,0,2,0,1,0,0,1,0,1,0,0,0,0,1,0,0.0,0,0,1
Lang-1f_org.apache.commons.lang3.ArrayUtils_indexOf_1840,Lang,1,Lang-1f,org.apache.commons.lang3.ArrayUtils,indexOf,1840,1842,2,2,0,2,0,0,0,1,1,0,1,0,1,1,1,1,0,1.0,1,1,1
Lang-1f_org.apache.commons.lang3.ArrayUtils_indexOf_1858,Lang,1,Lang-1f,org.apache.commons.lang3.ArrayUtils,indexOf,1858,1871,9,3,2,5,2,4,0,2,10,11,3,3,4,2,2,3,3,0.4,1,1,8
Lang-1f_org.apache.commons.lang3.ArrayUtils_lastIndexOf_1883,Lang,1,Lang-1f,org.apache.commons.lang3.ArrayUtils,lastIndexOf,1883,1885,2,2,0,2,0,0,0,0,1,0,1,0,1,1,1,1,0,1.0,1,1,1
Lang-1f_org.apache.commons.lang3.ArrayUtils_lastIndexOf_1901,Lang,1,Lang-1f,org.apache.commons.lang3.ArrayUtils,lastIndexOf,1901,1916,11,3,2,6,3,5,0,3,12,13,3,4,5,2,2,4,4,0.4167,1,1,10
Lang-1f_org.apache.commons.lang3.ArrayUtils_contains_1927,Lang,1,Lang-1f,org.apache.commons.lang3.ArrayUtils,contains,1927,1929,2,2,0,2,0,1,0,0,1,0,1,0,0,0,0,1,0,0.0,0,0,1
Lang-1f_org.apache.commons.lang3.ArrayUtils_indexOf_1943,Lang,1,Lang-1f,org.apache.commons.lang3.ArrayUtils,indexOf,1943,1945,2,2,0,2,0,0,0,1,1,0,1,0,1,1,1,1,0,1.0,1,1,1
Lang-1f_org.apache.commons.lang3.ArrayUtils_indexOf_1961,Lang,1,Lang-1f,org.apache.commons.lang3.ArrayUtils,indexOf,1961,1974,9,3,2,5,2,4,0,2,10,11,3,3,4,2,2,3,3,0.4,1,1,8
Lang-1f_org.apache.commons.lang3.ArrayUtils_lastIndexOf_1986,Lang,1,Lang-1f,org.apache.commons.lang3.ArrayUtils,lastIndexOf,1986,1988,2,2,0,2,0,0,0,0,1,0,1,0,1,1,1,1,0,1.0,1,1,1
Lang-1f_org.apache.commons.lang3.ArrayUtils_lastIndexOf_2004,Lang,1,Lang-1f,org.apache.commons.lang3.ArrayUtils,lastIndexOf,2004,2019,11,3,2,6,3,5,0,3,12,13,3,4,5,2,2,4,4,0.4167,1,1,10
Lang-1f_org.apache.commons.lang3.ArrayUtils_contains_2030,Lang,1,Lang-1f,org.apache.commons.lang3.ArrayUtils,contains,2030,2032,2,2,0,2,0,1,0,0,1,0,1,0,0,0,0,1,0,0.0,0,0,1
Lang-1f_org.apache.commons.lang3.ArrayUtils_indexOf_2047,Lang,1,Lang-1f,org.apache.commons.lang3.ArrayUtils,indexOf,2047,2049,2,2,0,2,0,0,0,1,1,0,1,0,1,1,1,1,0,1.0,1,1,1
Lang-1f_org.apache.commons.lang3.ArrayUtils_indexOf_2066,Lang,1,Lang-1f,org.apache.commons.lang3.ArrayUtils,indexOf,2066,2079,9,3,2,5,2,4,0,2,10,11,3,3,4,2,2,3,3,0.4,1,1,8
Lang-1f_org.apache.commons.lang3.ArrayUtils_lastIndexOf_2092,Lang,1,Lang-1f,org.apache.commons.lang3.ArrayUtils,lastIndexOf,2092,2094,2,2,0,2,0,0,0,0,1,0,1,0,1,1,1,1,0,1.0,1,1,1
Lang-1f_org.apache.commons.lang3.ArrayUtils_lastIndexOf_2111,Lang,1,Lang-1f,org.apache.commons.lang3.ArrayUtils,lastIndexOf,2111,2126,11,3,2,6,3,5,0,3,12,13,3,4,5,2,2,4,4,0.4167,1,1,10
Lang-1f_org.apache.commons.lang3.ArrayUtils_contains_2138,Lang,1,Lang-1f,org.apache.commons.lang3.ArrayUtils,contains,2138,2140,2,2,0,2,0,1,0,0,1,0,1,0,0,0,0,1,0,0.0,0,0,1
Lang-1f_org.apache.commons.lang3.ArrayUtils_indexOf_2154,Lang,1,Lang-1f,org.apache.commons.lang3.ArrayUtils,indexOf,2154,2156,2,2,0,2,0,0,0,1,1,0,1,0,1,1,1,1,0,1.0,1,1,1
Lang-1f_org.apache.commons.lang3.ArrayUtils_indexOf_2172,Lang,1,Lang-1f,org.apache.commons.lang3.ArrayUtils,indexOf,2172,2185,9,3,2,5,2,4,0,2,10,11,3,3,4,2,2,3,3,0.4,1,1,8
Lang-1f_org.apache.commons.lang3.ArrayUtils_lastIndexOf_2197,Lang,1,Lang-1f,org.apache.commons.lang3.ArrayUtils,lastIndexOf,2197,2199,2,2,0,2,0,0,0,0,1,0,1,0,1,1,1,1,0,1.0,1,1,1
Lang-1f_org.apache.commons.lang3.ArrayUtils_lastIndexOf_2215,Lang,1,Lang-1f,org.apache.commons.lang3.ArrayUtils,lastIndexOf,2215,2230,11,3,2,6,3,5,0,3,12,13,3,4,5,2,2,4,4,0.4167,1,1,10
Lang-1f_org.apache.commons.lang3.ArrayUtils_contains_2241,Lang,1,Lang-1f,org.apache.commons.lang3.ArrayUtils,contains,2241,2243,2,2,0,2,0,1,0,0,1,0,1,0,0,0,0,1,0,0.0,0,0,1
Lang-1f_org.apache.commons.lang3.ArrayUtils_indexOf_2257,Lang,1,Lang-1f,org.apache.commons.lang3.ArrayUtils,indexOf,2257,2259,2,2,0,2,0,0,0,1,1,0,1,0,1,1,1,1,0,1.0,1,1,1
Lang-1f_org.apache.commons.lang3.ArrayUtils_indexOf_2292,Lang,1,Lang-1f,org.apache.commons.lang3.ArrayUtils,indexOf,2292,2305,9,3,2,6,2,3,0,2,10,11,3,3,4,2,2,3,3,0.4,1,1,8
Lang-1f_org.apache.commons.lang3.ArrayUtils_indexOf_2274,Lang,1,Lang-1f,org.apache.commons.lang3.ArrayUtils,indexOf,2274,2276,2,3,1,2,0,0,0,1,1,0,1,0,1,1,1,1,0,1.0,1,1,1
Lang-1f_org.apache.commons.lang3.ArrayUtils_indexOf_2324,Lang,1,Lang-1f,org.apache.commons.lang3.ArrayUtils,indexOf,2324,2339,11,4,5,6,4,4,1,2,12,13,3,3,4,2,2,3,3,0.3333,1,1,10
Lang-1f_org.apache.commons.lang3.ArrayUtils_isEmpty_3298,Lang,1,Lang-1f,org.apache.commons.lang3.ArrayUtils,isEmpty,3298,3300,2,1,0,1,0,2,1,1,1,0,1,0,0,0,0,1,0,0.0,0,0,1
Lang-1f_org.apache.commons.lang3.ArrayUtils_lastIndexOf_2351,Lang,1,Lang-1f,org.apache.commons.lang3.ArrayUtils,lastIndexOf,2351,2353,2,2,0,2,0,0,0,0,1,0,1,0,1,1,1,1,0,1.0,1,1,1
Lang-1f_org.apache.commons.lang3.ArrayUtils_lastIndexOf_2386,Lang,1,Lang-1f,org.apache.commons.lang3.ArrayUtils,lastIndexOf,2386,2401,11,3,2,7,3,4,0,3,12,13,3,4,5,2,2,4,4,0.4167,1,1,10
Lang-1f_org.apache.commons.lang3.ArrayUtils_lastIndexOf_2368,Lang,1,Lang-1f,org.apache.commons.lang3.ArrayUtils,lastIndexOf,2368,2370,2,3,1,2,0,0,0,0,1,0,1,0,1,1,1,1,0,1.0,1,1,1
Lang-1f_org.apache.commons.lang3.ArrayUtils_lastIndexOf_2420,Lang,1,Lang-1f,org.apache.commons.lang3.ArrayUtils,lastIndexOf,2420,2437,13,4,5,7,5,5,1,3,14,15,3,4,5,2,2,4,4,0.3571,1,1,12
Lang-1f_org.apache.commons.lang3.ArrayUtils_contains_2448,Lang,1,Lang-1f,org.apache.commons.lang3.ArrayUtils,contains,2448,2450,2,2,0,2,0,1,0,0,1,0,1,0,0,0,0,1,0,0.0,0,0,1
Lang-1f_org.apache.commons.lang3.ArrayUtils_contains_2465,Lang,1,Lang-1f,org.apache.commons.lang3.ArrayUtils,contains,2465,2467,2,3,1,2,0,1,0,1,1,0,1,0,0,0,0,1,0,0.0,0,0,1
Lang-1f_org.apache.commons.lang3.ArrayUtils_indexOf_2481,Lang,1,Lang-1f,org.apache.commons.lang3.ArrayUtils,indexOf,2481,2483,2,2,0,2,0,0,0,1,1,0,1,0,1,1,1,1,0,1.0,1,1,1
Lang-1f_org.apache.commons.lang3.ArrayUtils_indexOf_2499,Lang,1,Lang-1f,org.apache.commons.lang3.ArrayUtils,indexOf,2499,2512,9,3,2,6,2,3,0,2,10,11,3,3,4,2,2,3,3,0.4,1,1,8
Lang-1f_org.apache.commons.lang3.ArrayUtils_isEmpty_3309,Lang,1,Lang-1f,org.apache.commons.lang3.ArrayUtils,isEmpty,3309,3311,2,1,0,1,0,2,1,1,1,0,1,0,0,0,0,1,0,0.0,0,0,1
Lang-1f_org.apache.commons.lang3.ArrayUtils_lastIndexOf_2524,Lang,1,Lang-1f,org.apache.commons.lang3.ArrayUtils,lastIndexOf,2524,2526,2,2,0,2,0,0,0,0,1,0,1,0,1,1,1,1,0,1.0,1,1,1
Lang-1f_org.apache.commons.lang3.ArrayUtils_lastIndexOf_2542,Lang,1,Lang-1f,org.apache.commons.lang3.ArrayUtils,lastIndexOf,2542,2557,11,3,2,7,3,4,0,3,12,13,3,4,5,2,2,4,4,0.4167,1,1,10
Lang-1f_org.apache.commons.lang3.ArrayUtils_contains_2568,Lang,1,Lang-1f,org.apache.commons.lang3.ArrayUtils,contains,2568,2570,2,2,0,2,0,1,0,0,1,0,1,0,0,0,0,1,0,0.0,0,0,1
Lang-1f_org.apache.commons.lang3.ArrayUtils_indexOf_2584,Lang,1,Lang-1f,org.apache.commons.lang3.ArrayUtils,indexOf,2584,2586,2,2,0,2,0,0,0,1,1,0,1,0,1,1,1,1,0,1.0,1,1,1
Lang-1f_org.apache.commons.lang3.ArrayUtils_indexOf_2603,Lang,1,Lang-1f,org.apache.commons.lang3.ArrayUtils,indexOf,2603,2616,9,3,2,6,2,3,0,2,10,11,3,3,4,2,2,3,3,0.4,1,1,8
Lang-1f_org.apache.commons.lang3.ArrayUtils_isEmpty_3320,Lang,1,Lang-1f,org.apache.commons.lang3.ArrayUtils,isEmpty,3320,3322,2,1,0,1,0,2,1,1,1,0,1,0,0,0,0,1,0,0.0,0,0,1
Lang-1f_org.apache.commons.lang3.ArrayUtils_lastIndexOf_2629,Lang,1,Lang-1f,org.apache.commons.lang3.ArrayUtils,lastIndexOf,2629,2631,2,2,0,2,0,0,0,0,1,0,1,0,1,1,1,1,0,1.0,1,1,1
Lang-1f_org.apache.commons.lang3.ArrayUtils_lastIndexOf_2647,Lang,1,Lang-1f,org.apache.commons.lang3.ArrayUtils,lastIndexOf,2647,2662,11,3,2,7,3,4,0,3,12,13,3,4,5,2,2,4,4,0.4167,1,1,10
Lang-1f_org.apache.commons.lang3.ArrayUtils_contains_2673,Lang,1,Lang-1f,org.apache.commons.lang3.ArrayUtils,contains,2673,2675,2,2,0,2,0,1,0,0,1,0,1,0,0,0,0,1,0,0.0,0,0,1
Lang-1f_org.apache.commons.lang3.ArrayUtils_toPrimitive_2691,Lang,1,Lang-1f,org.apache.commons.lang3.ArrayUtils,toPrimitive,2691,2702,9,1,1,5,2,3,0,2,10,10,2,2,3,1,2,3,2,0.3,1,1,8
Lang-1f_org.apache.commons.lang3.ArrayUtils_toPrimitive_2713,Lang,1,Lang-1f,org.apache.commons.lang3.ArrayUtils,toPrimitive,2713,2725,10,2,2,5,2,4,0,2,11,11,2,2,3,1,2,3,2,0.2727,1,1,9
Lang-1f_org.apache.commons.lang3.ArrayUtils_toObject_2735,Lang,1,Lang-1f,org.apache.commons.lang3.ArrayUtils,toObject,2735,2746,9,1,1,5,2,3,0,2,10,10,2,2,3,1,2,3,2,0.3,1,1,8
Lang-1f_org.apache.commons.lang3.ArrayUtils_toPrimitive_2759,Lang,1,Lang-1f,org.apache.commons.lang3.ArrayUtils,toPrimitive,2759,2770,9,1,1,5,2,3,0,2,10,10,2,2,3,1,2,3,2,0.3,1,1,8
Lang-1f_org.apache.commons.lang3.ArrayUtils_toPrimitive_2781,Lang,1,Lang-1f,org.apache.commons.lang3.ArrayUtils,toPrimitive,2781,2793,10,2,2,5,2,4,0,2,11,11,2,2,3,1,2,3,2,0.2727,1,1,9
Lang-1f_org.apache.commons.lang3.ArrayUtils_toObject_2803,Lang,1,Lang-1f,org.apache.commons.lang3.ArrayUtils,toObject,2803,2814,9,1,1,5,2,3,0,2,10,10,2,2,3,1,2,3,2,0.3,1,1,8
Lang-1f_org.apache.commons.lang3.ArrayUtils_toPrimitive_2827,Lang,1,Lang-1f,org.apache.commons.lang3.ArrayUtils,toPrimitive,2827,2838,9,1,1,5,2,3,0,2,10,10,2,2,3,1,2,3,2,0.3,1,1,8
Lang-1f_org.apache.commons.lang3.ArrayUtils_toPrimitive_2849,Lang,1,Lang-1f,org.apache.commons.lang3.ArrayUtils,toPrimitive,2849,2861,10,2,2,5,2,4,0,2,11,11,2,2,3,1,2,3,2,0.2727,1,1,9
Lang-1f_org.apache.commons.lang3.ArrayUtils_toObject_2871,Lang,1,Lang-1f,org.apache.commons.lang3.ArrayUtils,toObject,2871,2882,9,1,1,5,2,3,0,2,10,10,2,2,3,1,2,3,2,0.3,1,1,8
Lang-1f_org.apache.commons.lang3.ArrayUtils_toPrimitive_2895,Lang,1,Lang-1f,org.apache.commons.lang3.ArrayUtils,toPrimitive,2895,2906,9,1,1,5,2,3,0,2,10,10,2,2,3,1,2,3,2,0.3,1,1,8
Lang-1f_org.apache.commons.lang3.ArrayUtils_toPrimitive_2917,Lang,1,Lang-1f,org.apache.commons.lang3.ArrayUtils,toPrimitive,2917,2929,10,2,2,5,2,4,0,2,11,11,2,2,3,1,2,3,2,0.2727,1,1,9
Lang-1f_org.apache.commons.lang3.ArrayUtils_toObject_2939,Lang,1,Lang-1f,org.apache.commons.lang3.ArrayUtils,toObject,2939,2950,9,1,1,5,2,3,0,2,10,10,2,2,3,1,2,3,2,0.3,1,1,8
Lang-1f_org.apache.commons.lang3.ArrayUtils_toPrimitive_2963,Lang,1,Lang-1f,org.apache.commons.lang3.ArrayUtils,toPrimitive,2963,2974,9,1,1,5,2,3,0,2,10,10,2,2,3,1,2,3,2,0.3,1,1,8
Lang-1f_org.apache.commons.lang3.ArrayUtils_toPrimitive_2985,Lang,1,Lang-1f,org.apache.commons.lang3.ArrayUtils,toPrimitive,2985,2997,10,2,2,5,2,4,0,2,11,11,2,2,3,1,2,3,2,0.2727,1,1,9
Lang-1f_org.apache.commons.lang3.ArrayUtils_toObject_3007,Lang,1,Lang-1f,org.apache.commons.lang3.ArrayUtils,toObject,3007,3018,9,1,1,5,2,3,0,2,10,10,2,2,3,1,2,3,2,0.3,1,1,8
Lang-1f_org.apache.commons.lang3.ArrayUtils_toPrimitive_3031,Lang,1,Lang-1f,org.apache.commons.lang3.ArrayUtils,toPrimitive,3031,3042,9,1,1,5,2,3,0,2,10,10,2,2,3,1,2,3,2,0.3,1,1,8
Lang-1f_org.apache.commons.lang3.ArrayUtils_toPrimitive_3053,Lang,1,Lang-1f,org.apache.commons.lang3.ArrayUtils,toPrimitive,3053,3065,10,2,2,5,2,4,0,2,11,11,2,2,3,1,2,3,2,0.2727,1,1,9
Lang-1f_org.apache.commons.lang3.ArrayUtils_toObject_3075,Lang,1,Lang-1f,org.apache.commons.lang3.ArrayUtils,toObject,3075,3086,9,1,1,5,2,3,0,2,10,10,2,2,3,1,2,3,2,0.3,1,1,8
Lang-1f_org.apache.commons.lang3.ArrayUtils_toPrimitive_3099,Lang,1,Lang-1f,org.apache.commons.lang3.ArrayUtils,toPrimitive,3099,3110,9,1,1,5,2,3,0,2,10,10,2,2,3,1,2,3,2,0.3,1,1,8
Lang-1f_org.apache.commons.lang3.ArrayUtils_toPrimitive_3121,Lang,1,Lang-1f,org.apache.commons.lang3.ArrayUtils,toPrimitive,3121,3133,10,2,2,5,2,4,0,2,11,11,2,2,3,1,2,3,2,0.2727,1,1,9
Lang-1f_org.apache.commons.lang3.ArrayUtils_toObject_3143,Lang,1,Lang-1f,org.apache.commons.lang3.ArrayUtils,toObject,3143,3154,9,1,1,5,2,3,0,2,10,10,2,2,3,1,2,3,2,0.3,1,1,8
Lang-1f_org.apache.commons.lang3.ArrayUtils_toPrimitive_3167,Lang,1,Lang-1f,org.apache.commons.lang3.ArrayUtils,toPrimitive,3167,3178,9,1,1,5,2,3,0,2,10,10,2,2,3,1,2,3,2,0.3,1,1,8
Lang-1f_org.apache.commons.lang3.ArrayUtils_toPrimitive_3189,Lang,1,Lang-1f,org.apache.commons.lang3.ArrayUtils,toPrimitive,3189,3201,10,2,2,5,2,4,0,2,11,11,2,2,3,1,2,3,2,0.2727,1,1,9
Lang-1f_org.apache.commons.lang3.ArrayUtils_addAll_3496,Lang,1,Lang-1f,org.apache.commons.lang3.ArrayUtils,addAll,3496,3506,9,2,0,7,1,2,0,3,8,7,1,2,2,0,0,3,2,0.25,0,1,8
Lang-1f_org.apache.commons.lang3.ArrayUtils_addAll_3525,Lang,1,Lang-1f,org.apache.commons.lang3.ArrayUtils,addAll,3525,3535,9,2,0,7,1,2,0,3,8,7,1,2,2,0,0,3,2,0.25,0,1,8
Lang-1f_org.apache.commons.lang3.ArrayUtils_addAll_3554,Lang,1,Lang-1f,org.apache.commons.lang3.ArrayUtils,addAll,3554,3564,9,2,0,7,1,2,0,3,8,7,1,2,2,0,0,3,2,0.25,0,1,8
Lang-1f_org.apache.commons.lang3.ArrayUtils_addAll_3583,Lang,1,Lang-1f,org.apache.commons.lang3.ArrayUtils,addAll,3583,3593,9,2,0,7,1,2,0,3,8,7,1,2,2,0,0,3,2,0.25,0,1,8
Lang-1f_org.apache.commons.lang3.ArrayUtils_addAll_3612,Lang,1,Lang-1f,org.apache.commons.lang3.ArrayUtils,addAll,3612,3622,9,2,0,7,1,2,0,3,8,7,1,2,2,0,0,3,2,0.25,0,1,8
Lang-1f_org.apache.commons.lang3.ArrayUtils_addAll_3641,Lang,1,Lang-1f,org.apache.commons.lang3.ArrayUtils,addAll,3641,3651,9,2,0,7,1,2,0,3,8,7,1,2,2,0,0,3,2,0.25,0,1,8
Lang-1f_org.apache.commons.lang3.ArrayUtils_addAll_3670,Lang,1,Lang-1f,org.apache.commons.lang3.ArrayUtils,addAll,3670,3680,9,2,0,7,1,2,0,3,8,7,1,2,2,0,0,3,2,0.25,0,1,8
Lang-1f_org.apache.commons.lang3.ArrayUtils_addAll_3699,Lang,1,Lang-1f,org.apache.commons.lang3.ArrayUtils,addAll,3699,3709,9,2,0,7,1,2,0,3,8,7,1,2,2,0,0,3,2,0.25,0,1,8
Lang-1f_org.apache.commons.lang3.ArrayUtils_copyArrayGrow1_3981,Lang,1,Lang-1f,org.apache.commons.lang3.ArrayUtils,copyArrayGrow1,3981,3989,7,2,3,8,1,3,0,4,6,5,1,1,1,0,0,2,1,0.1667,0,1,6
Lang-1f_org.apache.commons.lang3.ArrayUtils_add_3777,Lang,1,Lang-1f,org.apache.commons.lang3.ArrayUtils,add,3777,3781,4,2,0,2,1,0,0,1,3,2,1,0,0,0,0,1,0,0.0,0,0,3
Lang-1f_org.apache.commons.lang3.ArrayUtils_add_3804,Lang,1,Lang-1f,org.apache.commons.lang3.ArrayUtils,add,3804,3808,4,2,0,2,1,0,0,1,3,2,1,0,0,0,0,1,0,0.0,0,0,3
Lang-1f_org.apache.commons.lang3.ArrayUtils_add_3831,Lang,1,Lang-1f,org.apache.commons.lang3.ArrayUtils,add,3831,3835,4,2,0,2,1,0,0,1,3,2,1,0,0,0,0,1,0,0.0,0,0,3
Lang-1f_org.apache.commons.lang3.ArrayUtils_add_3858,Lang,1,Lang-1f,org.apache.commons.lang3.ArrayUtils,add,3858,3862,4,2,0,2,1,0,0,1,3,2,1,0,0,0,0,1,0,0.0,0,0,3
Lang-1f_org.apache.commons.lang3.ArrayUtils_add_3885,Lang,1,Lang-1f,org.apache.commons.lang3.ArrayUtils,add,3885,3889,4,2,0,2,1,0,0,1,3,2,1,0,0,0,0,1,0,0.0,0,0,3
Lang-1f_org.apache.commons.lang3.ArrayUtils_add_3912,Lang,1,Lang-1f,org.apache.commons.lang3.ArrayUtils,add,3912,3916,4,2,0,2,1,0,0,1,3,2,1,0,0,0,0,1,0,0.0,0,0,3
Lang-1f_org.apache.commons.lang3.ArrayUtils_add_3939,Lang,1,Lang-1f,org.apache.commons.lang3.ArrayUtils,add,3939,3943,4,2,0,2,1,0,0,1,3,2,1,0,0,0,0,1,0,0.0,0,0,3
Lang-1f_org.apache.commons.lang3.ArrayUtils_add_3966,Lang,1,Lang-1f,org.apache.commons.lang3.ArrayUtils,add,3966,3970,4,2,0,2,1,0,0,1,3,2,1,0,0,0,0,1,0,0.0,0,0,3
Lang-1f_org.apache.commons.lang3.ArrayUtils_add_4295,Lang,1,Lang-1f,org.apache.commons.lang3.ArrayUtils,add,4295,4315,16,4,6,14,8,7,1,12,22,24,4,4,4,3,0,2,3,0.1818,0,1,15
Lang-1f_org.apache.commons.lang3.ArrayUtils_add_4062,Lang,1,Lang-1f,org.apache.commons.lang3.ArrayUtils,add,4062,4064,2,3,1,4,0,0,0,0,1,0,1,0,1,1,1,1,0,1.0,1,1,1
Lang-1f_org.apache.commons.lang3.ArrayUtils_add_4094,Lang,1,Lang-1f,org.apache.commons.lang3.ArrayUtils,add,4094,4096,2,3,1,4,0,0,0,0,1,0,1,0,1,1,1,1,0,1.0,1,1,1
Lang-1f_org.apache.commons.lang3.ArrayUtils_add_4125,Lang,1,Lang-1f,org.apache.commons.lang3.ArrayUtils,add,4125,4127,2,3,1,4,0,0,0,0,1,0,1,0,1,1,1,1,0,1.0,1,1,1
Lang-1f_org.apache.commons.lang3.ArrayUtils_add_4156,Lang,1,Lang-1f,org.apache.commons.lang3.ArrayUtils,add,4156,4158,2,3,1,4,0,0,0,0,1,0,1,0,1,1,1,1,0,1.0,1,1,1
Lang-1f_org.apache.commons.lang3.ArrayUtils_add_4187,Lang,1,Lang-1f,org.apache.commons.lang3.ArrayUtils,add,4187,4189,2,3,1,4,0,0,0,0,1,0,1,0,1,1,1,1,0,1.0,1,1,1
Lang-1f_org.apache.commons.lang3.ArrayUtils_add_4218,Lang,1,Lang-1f,org.apache.commons.lang3.ArrayUtils,add,4218,4220,2,3,1,4,0,0,0,0,1,0,1,0,1,1,1,1,0,1.0,1,1,1
Lang-1f_org.apache.commons.lang3.ArrayUtils_add_4249,Lang,1,Lang-1f,org.apache.commons.lang3.ArrayUtils,add,4249,4251,2,3,1,4,0,0,0,0,1,0,1,0,1,1,1,1,0,1.0,1,1,1
Lang-1f_org.apache.commons.lang3.ArrayUtils_add_4280,Lang,1,Lang-1f,org.apache.commons.lang3.ArrayUtils,add,4280,4282,2,3,1,4,0,0,0,0,1,0,1,0,1,1,1,1,0,1.0,1,1,1
Lang-1f_org.apache.commons.lang3.ArrayUtils_remove_4926,Lang,1,Lang-1f,org.apache.commons.lang3.ArrayUtils,remove,4926,4939,9,2,3,10,8,3,1,9,12,13,3,2,2,2,0,1,2,0.1667,0,1,8
Lang-1f_org.apache.commons.lang3.ArrayUtils_remove_4413,Lang,1,Lang-1f,org.apache.commons.lang3.ArrayUtils,remove,4413,4415,2,2,0,3,0,0,0,0,1,0,1,0,1,1,1,1,0,1.0,1,1,1
Lang-1f_org.apache.commons.lang3.ArrayUtils_removeElement_4442,Lang,1,Lang-1f,org.apache.commons.lang3.ArrayUtils,removeElement,4442,4448,5,2,1,5,0,1,0,0,4,3,1,1,1,0,0,2,1,0.25,0,1,4
Lang-1f_org.apache.commons.lang3.ArrayUtils_remove_4478,Lang,1,Lang-1f,org.apache.commons.lang3.ArrayUtils,remove,4478,4480,2,2,0,3,0,0,0,0,1,0,1,0,1,1,1,1,0,1.0,1,1,1
Lang-1f_org.apache.commons.lang3.ArrayUtils_removeElement_4507,Lang,1,Lang-1f,org.apache.commons.lang3.ArrayUtils,removeElement,4507,4513,5,2,1,5,0,1,0,0,4,3,1,1,1,0,0,2,1,0.25,0,1,4
Lang-1f_org.apache.commons.lang3.ArrayUtils_remove_4543,Lang,1,Lang-1f,org.apache.commons.lang3.ArrayUtils,remove,4543,4545,2,2,0,3,0,0,0,0,1,0,1,0,1,1,1,1,0,1.0,1,1,1
Lang-1f_org.apache.commons.lang3.ArrayUtils_removeElement_4572,Lang,1,Lang-1f,org.apache.commons.lang3.ArrayUtils,removeElement,4572,4578,5,2,1,5,0,1,0,0,4,3,1,1,1,0,0,2,1,0.25,0,1,4
Lang-1f_org.apache.commons.lang3.ArrayUtils_remove_4608,Lang,1,Lang-1f,org.apache.commons.lang3.ArrayUtils,remove,4608,4610,2,2,0,3,0,0,0,0,1,0,1,0,1,1,1,1,0,1.0,1,1,1
Lang-1f_org.apache.commons.lang3.ArrayUtils_removeElement_4637,Lang,1,Lang-1f,org.apache.commons.lang3.ArrayUtils,removeElement,4637,4643,5,2,1,5,0,1,0,0,4,3,1,1,1,0,0,2,1,0.25,0,1,4
Lang-1f_org.apache.commons.lang3.ArrayUtils_remove_4673,Lang,1,Lang-1f,org.apache.commons.lang3.ArrayUtils,remove,4673,4675,2,2,0,3,0,0,0,0,1,0,1,0,1,1,1,1,0,1.0,1,1,1
Lang-1f_org.apache.commons.lang3.ArrayUtils_removeElement_4702,Lang,1,Lang-1f,org.apache.commons.lang3.ArrayUtils,removeElement,4702,4708,5,2,1,5,0,1,0,0,4,3,1,1,1,0,0,2,1,0.25,0,1,4
Lang-1f_org.apache.commons.lang3.ArrayUtils_remove_4738,Lang,1,Lang-1f,org.apache.commons.lang3.ArrayUtils,remove,4738,4740,2,2,0,3,0,0,0,0,1,0,1,0,1,1,1,1,0,1.0,1,1,1
Lang-1f_org.apache.commons.lang3.ArrayUtils_removeElement_4767,Lang,1,Lang-1f,org.apache.commons.lang3.ArrayUtils,removeElement,4767,4773,5,2,1,5,0,1,0,0,4,3,1,1,1,0,0,2,1,0.25,0,1,4
Lang-1f_org.apache.commons.lang3.ArrayUtils_remove_4803,Lang,1,Lang-1f,org.apache.commons.lang3.ArrayUtils,remove,4803,4805,2,2,0,3,0,0,0,0,1,0,1,0,1,1,1,1,0,1.0,1,1,1
Lang-1f_org.apache.commons.lang3.ArrayUtils_removeElement_4832,Lang,1,Lang-1f,org.apache.commons.lang3.ArrayUtils,removeElement,4832,4838,5,2,1,5,0,1,0,0,4,3,1,1,1,0,0,2,1,0.25,0,1,4
Lang-1f_org.apache.commons.lang3.ArrayUtils_remove_4868,Lang,1,Lang-1f,org.apache.commons.lang3.ArrayUtils,remove,4868,4870,2,2,0,3,0,0,0,0,1,0,1,0,1,1,1,1,0,1.0,1,1,1
Lang-1f_org.apache.commons.lang3.ArrayUtils_removeElement_4897,Lang,1,Lang-1f,org.apache.commons.lang3.ArrayUtils,removeElement,4897,4903,5,2,1,5,0,1,0,0,4,3,1,1,1,0,0,2,1,0.25,0,1,4
Lang-1f_org.apache.commons.lang3.ArrayUtils_removeAll_5747,Lang,1,Lang-1f,org.apache.commons.lang3.ArrayUtils,removeAll,5747,5787,29,2,12,18,16,8,1,13,34,41,9,6,8,6,3,1,3,0.2353,1,1,28
Lang-1f_org.apache.commons.lang3.mutable.MutableInt_increment_117,Lang,1,Lang-1f,org.apache.commons.lang3.mutable.MutableInt,increment,117,119,2,0,0,1,2,0,0,0,1,0,1,0,0,0,0,0,0,0.0,0,0,1
Lang-1f_org.apache.commons.lang3.ArrayUtils_removeAll_5798,Lang,1,Lang-1f,org.apache.commons.lang3.ArrayUtils,removeAll,5798,5825,18,2,8,13,4,3,0,5,17,19,4,2,3,3,1,1,1,0.1765,1,1,17
Lang-1f_org.apache.commons.lang3.ArrayUtils_removeAll_5060,Lang,1,Lang-1f,org.apache.commons.lang3.ArrayUtils,removeAll,5060,5062,2,2,0,4,0,0,0,0,1,0,1,0,1,1,1,1,0,1.0,1,1,1
Lang-1f_org.apache.commons.lang3.ArrayUtils_removeElements_5091,Lang,1,Lang-1f,org.apache.commons.lang3.ArrayUtils,removeElements,5091,5118,21,2,6,25,4,9,1,4,23,27,6,3,6,3,6,2,1,0.2609,1,1,19
Lang-1f_org.apache.commons.lang3.ArrayUtils_isEmpty_3287,Lang,1,Lang-1f,org.apache.commons.lang3.ArrayUtils,isEmpty,3287,3289,2,1,0,1,0,2,1,1,1,0,1,0,0,0,0,1,0,0.0,0,0,1
Lang-1f_org.apache.commons.lang3.ArrayUtils_removeAll_5149,Lang,1,Lang-1f,org.apache.commons.lang3.ArrayUtils,removeAll,5149,5151,2,2,0,4,0,0,0,0,1,0,1,0,1,1,1,1,0,1.0,1,1,1
Lang-1f_org.apache.commons.lang3.ArrayUtils_removeElements_5180,Lang,1,Lang-1f,org.apache.commons.lang3.ArrayUtils,removeElements,5180,5207,21,2,6,25,4,9,1,4,23,27,6,3,6,3,6,2,1,0.2609,1,1,19
Lang-1f_org.apache.commons.lang3.ArrayUtils_isEmpty_3265,Lang,1,Lang-1f,org.apache.commons.lang3.ArrayUtils,isEmpty,3265,3267,2,1,0,1,0,2,1,1,1,0,1,0,0,0,0,1,0,0.0,0,0,1
Lang-1f_org.apache.commons.lang3.ArrayUtils_removeAll_5238,Lang,1,Lang-1f,org.apache.commons.lang3.ArrayUtils,removeAll,5238,5240,2,2,0,4,0,0,0,0,1,0,1,0,1,1,1,1,0,1.0,1,1,1
Lang-1f_org.apache.commons.lang3.ArrayUtils_removeElements_5269,Lang,1,Lang-1f,org.apache.commons.lang3.ArrayUtils,removeElements,5269,5296,21,2,6,25,4,9,1,4,23,27,6,3,6,3,6,2,1,0.2609,1,1,19
Lang-1f_org.apache.commons.lang3.ArrayUtils_isEmpty_3254,Lang,1,Lang-1f,org.apache.commons.lang3.ArrayUtils,isEmpty,3254,3256,2,1,0,1,0,2,1,1,1,0,1,0,0,0,0,1,0,0.0,0,0,1
Lang-1f_org.apache.commons.lang3.ArrayUtils_removeAll_5327,Lang,1,Lang-1f,org.apache.commons.lang3.ArrayUtils,removeAll,5327,5329,2,2,0,4,0,0,0,0,1,0,1,0,1,1,1,1,0,1.0,1,1,1
Lang-1f_org.apache.commons.lang3.ArrayUtils_removeElements_5358,Lang,1,Lang-1f,org.apache.commons.lang3.ArrayUtils,removeElements,5358,5385,21,2,6,25,4,9,1,4,23,27,6,3,6,3,6,2,1,0.2609,1,1,19
Lang-1f_org.apache.commons.lang3.ArrayUtils_removeAll_5416,Lang,1,Lang-1f,org.apache.commons.lang3.ArrayUtils,removeAll,5416,5418,2,2,0,4,0,0,0,0,1,0,1,0,1,1,1,1,0,1.0,1,1,1
Lang-1f_org.apache.commons.lang3.ArrayUtils_removeElements_5447,Lang,1,Lang-1f,org.apache.commons.lang3.ArrayUtils,removeElements,5447,5474,21,2,6,25,4,9,1,4,23,27,6,3,6,3,6,2,1,0.2609,1,1,19
Lang-1f_org.apache.commons.lang3.ArrayUtils_isEmpty_3243,Lang,1,Lang-1f,org.apache.commons.lang3.ArrayUtils,isEmpty,3243,3245,2,1,0,1,0,2,1,1,1,0,1,0,0,0,0,1,0,0.0,0,0,1
Lang-1f_org.apache.commons.lang3.ArrayUtils_removeAll_5505,Lang,1,Lang-1f,org.apache.commons.lang3.ArrayUtils,removeAll,5505,5507,2,2,0,4,0,0,0,0,1,0,1,0,1,1,1,1,0,1.0,1,1,1
Lang-1f_org.apache.commons.lang3.ArrayUtils_removeElements_5536,Lang,1,Lang-1f,org.apache.commons.lang3.ArrayUtils,removeElements,5536,5563,21,2,6,25,4,9,1,4,23,27,6,3,6,3,6,2,1,0.2609,1,1,19
Lang-1f_org.apache.commons.lang3.ArrayUtils_removeAll_5594,Lang,1,Lang-1f,org.apache.commons.lang3.ArrayUtils,removeAll,5594,5596,2,2,0,4,0,0,0,0,1,0,1,0,1,1,1,1,0,1.0,1,1,1
Lang-1f_org.apache.commons.lang3.ArrayUtils_removeElements_5625,Lang,1,Lang-1f,org.apache.commons.lang3.ArrayUtils,removeElements,5625,5652,21,2,6,25,4,9,1,4,23,27,6,3,6,3,6,2,1,0.2609,1,1,19
Lang-1f_org.apache.commons.lang3.ArrayUtils_removeAll_5679,Lang,1,Lang-1f,org.apache.commons.lang3.ArrayUtils,removeAll,5679,5681,2,2,0,4,0,0,0,0,1,0,1,0,1,1,1,1,0,1.0,1,1,1
Lang-1f_org.apache.commons.lang3.ArrayUtils_removeElements_5710,Lang,1,Lang-1f,org.apache.commons.lang3.ArrayUtils,removeElements,5710,5737,21,2,6,25,4,9,1,5,23,27,6,3,6,3,6,2,1,0.2609,1,1,19
Lang-1f_org.apache.commons.lang3.ArrayUtils_isNotEmpty_3355,Lang,1,Lang-1f,org.apache.commons.lang3.ArrayUtils,isNotEmpty,3355,3357,2,1,0,2,0,2,1,1,1,0,1,0,0,0,0,1,0,0.0,0,0,1
Lang-1f_org.apache.commons.lang3.Range_is_75,Lang,1,Lang-1f,org.apache.commons.lang3.Range,is,75,77,2,1,0,2,0,5,0,0,1,0,1,0,0,0,0,1,0,0.0,0,0,1
Lang-1f_org.apache.commons.lang3.Range_between_134,Lang,1,Lang-1f,org.apache.commons.lang3.Range,between,134,136,2,3,2,1,0,8,0,0,1,0,1,0,0,0,0,1,0,0.0,0,0,1
Lang-1f_org.apache.commons.lang3.Range_is_93,Lang,1,Lang-1f,org.apache.commons.lang3.Range,is,93,95,2,2,1,2,0,6,0,0,1,0,1,0,0,0,0,1,0,0.0,0,0,1
Lang-1f_org.apache.commons.lang3.Range_between_113,Lang,1,Lang-1f,org.apache.commons.lang3.Range,between,113,115,2,2,1,2,0,5,0,0,1,0,1,0,1,1,1,1,0,1.0,1,1,1
Lang-1f_org.apache.commons.lang3.Range_<init>_146,Lang,1,Lang-1f,org.apache.commons.lang3.Range,<init>,146,162,13,3,2,6,3,6,1,3,25,27,4,3,3,3,0,0,3,0.12,0,1,12
Lang-1f_org.apache.commons.lang3.Range_contains_218,Lang,1,Lang-1f,org.apache.commons.lang3.Range,contains,218,223,4,1,0,4,1,3,1,2,3,2,1,1,1,0,0,2,1,0.3333,0,1,3
Lang-1f_org.apache.commons.lang3.Range_isAfter_231,Lang,1,Lang-1f,org.apache.commons.lang3.Range,isAfter,231,236,4,1,0,3,0,2,0,1,3,2,1,1,1,0,0,2,1,0.3333,0,1,3
Lang-1f_org.apache.commons.lang3.Range_isStartedBy_244,Lang,1,Lang-1f,org.apache.commons.lang3.Range,isStartedBy,244,249,4,1,0,3,0,2,0,1,3,2,1,1,1,0,0,2,1,0.3333,0,1,3
Lang-1f_org.apache.commons.lang3.Range_isEndedBy_257,Lang,1,Lang-1f,org.apache.commons.lang3.Range,isEndedBy,257,262,4,1,0,3,0,2,0,1,3,2,1,1,1,0,0,2,1,0.3333,0,1,3
Lang-1f_org.apache.commons.lang3.Range_isBefore_270,Lang,1,Lang-1f,org.apache.commons.lang3.Range,isBefore,270,275,4,1,0,3,0,2,0,1,3,2,1,1,1,0,0,2,1,0.3333,0,1,3
Lang-1f_org.apache.commons.lang3.Range_elementCompareTo_287,Lang,1,Lang-1f,org.apache.commons.lang3.Range,elementCompareTo,287,299,9,1,0,7,1,1,0,4,8,8,2,3,3,1,0,3,3,0.375,0,1,7
Lang-1f_org.apache.commons.lang3.Range_containsRange_313,Lang,1,Lang-1f,org.apache.commons.lang3.Range,containsRange,313,319,5,1,0,4,0,3,1,0,3,2,1,1,1,0,0,2,1,0.3333,0,1,3
Lang-1f_org.apache.commons.lang3.Range_isAfterRange_330,Lang,1,Lang-1f,org.apache.commons.lang3.Range,isAfterRange,330,335,4,1,0,3,0,3,0,0,3,2,1,1,1,0,0,2,1,0.3333,0,1,3
Lang-1f_org.apache.commons.lang3.Range_isOverlappedBy_349,Lang,1,Lang-1f,org.apache.commons.lang3.Range,isOverlappedBy,349,356,6,1,0,5,0,3,2,0,3,2,1,1,1,0,0,2,1,0.3333,0,1,3
Lang-1f_org.apache.commons.lang3.Range_isBeforeRange_367,Lang,1,Lang-1f,org.apache.commons.lang3.Range,isBeforeRange,367,372,4,1,0,3,0,3,0,0,3,2,1,1,1,0,0,2,1,0.3333,0,1,3
Lang-1f_org.apache.commons.lang3.Range_intersectionWith_381,Lang,1,Lang-1f,org.apache.commons.lang3.Range,intersectionWith,381,392,9,1,2,13,0,6,0,3,11,11,2,2,2,1,0,2,2,0.1818,0,1,8
Lang-1f_org.apache.commons.lang3.Range_equals_407,Lang,1,Lang-1f,org.apache.commons.lang3.Range,equals,407,419,11,1,0,8,0,7,2,1,6,5,1,2,3,1,1,3,2,0.5,1,1,6
Lang-1f_org.apache.commons.lang3.Range_getComparator_193,Lang,1,Lang-1f,org.apache.commons.lang3.Range,getComparator,193,195,2,0,0,1,0,2,0,0,1,0,1,0,0,0,0,1,0,0.0,0,0,1
Lang-1f_org.apache.commons.lang3.Range_hashCode_427,Lang,1,Lang-1f,org.apache.commons.lang3.Range,hashCode,427,437,9,0,1,6,6,1,0,5,8,8,2,1,4,4,3,1,1,0.5,1,1,8
Lang-1f_org.apache.commons.lang3.Range_toString_447,Lang,1,Lang-1f,org.apache.commons.lang3.Range,toString,447,460,12,0,2,9,0,1,0,2,11,11,2,1,2,2,1,1,1,0.1818,1,1,11
Lang-1f_org.apache.commons.lang3.Range_toString_474,Lang,1,Lang-1f,org.apache.commons.lang3.Range,toString,474,476,2,1,0,2,0,0,0,0,1,0,1,0,0,0,0,1,0,0.0,0,0,1
Lang-1f_org.apache.commons.lang3.ObjectUtils_<init>_73,Lang,1,Lang-1f,org.apache.commons.lang3.ObjectUtils,<init>,73,75,2,0,0,2,0,0,0,0,5,4,1,0,0,0,0,0,0,0.0,0,0,2
Lang-1f_org.apache.commons.lang3.ObjectUtils_notEqual_182,Lang,1,Lang-1f,org.apache.commons.lang3.ObjectUtils,notEqual,182,184,2,2,1,2,0,1,0,0,1,0,1,0,0,0,0,1,0,0.0,0,0,1
Lang-1f_org.apache.commons.lang3.ObjectUtils_hashCode_199,Lang,1,Lang-1f,org.apache.commons.lang3.ObjectUtils,hashCode,199,202,2,1,0,2,0,1,0,1,1,0,1,0,1,1,1,1,0,1.0,1,1,1
Lang-1f_org.apache.commons.lang3.ObjectUtils_hashCodeMulti_224,Lang,1,Lang-1f,org.apache.commons.lang3.ObjectUtils,hashCodeMulti,224,232,6,1,1,4,2,1,0,2,6,7,3,1,2,2,2,1,1,0.3333,1,1,5
Lang-1f_org.apache.commons.lang3.ObjectUtils_identityToString_252,Lang,1,Lang-1f,org.apache.commons.lang3.ObjectUtils,identityToString,252,259,6,1,1,5,0,1,0,0,5,4,1,1,2,1,1,2,1,0.4,1,1,5
Lang-1f_org.apache.commons.lang3.ObjectUtils_identityToString_349,Lang,1,Lang-1f,org.apache.commons.lang3.ObjectUtils,identityToString,349,356,6,2,1,10,0,1,0,1,4,4,2,1,1,1,0,0,1,0.25,0,1,3
Lang-1f_org.apache.commons.lang3.ObjectUtils_identityToString_277,Lang,1,Lang-1f,org.apache.commons.lang3.ObjectUtils,identityToString,277,284,6,2,1,10,0,1,0,1,4,4,2,1,1,1,0,0,1,0.25,0,1,3
Lang-1f_org.apache.commons.lang3.ObjectUtils_identityToString_301,Lang,1,Lang-1f,org.apache.commons.lang3.ObjectUtils,identityToString,301,308,6,2,1,10,0,1,0,1,4,4,2,1,1,1,0,0,1,0.25,0,1,3
Lang-1f_org.apache.commons.lang3.text.StrBuilder_append_509,Lang,1,Lang-1f,org.apache.commons.lang3.text.StrBuilder,append,509,521,10,1,2,8,1,2,0,2,9,9,2,2,2,1,0,2,2,0.2222,0,1,9
Lang-1f_org.apache.commons.lang3.text.StrBuilder_append_795,Lang,1,Lang-1f,org.apache.commons.lang3.text.StrBuilder,append,795,800,5,1,1,3,3,0,0,1,4,3,1,0,0,0,0,1,0,0.0,0,0,4
Lang-1f_org.apache.commons.lang3.ObjectUtils_identityToString_325,Lang,1,Lang-1f,org.apache.commons.lang3.ObjectUtils,identityToString,325,332,6,2,1,10,0,1,0,1,4,4,2,1,1,1,0,0,1,0.25,0,1,3
Lang-1f_org.apache.commons.lang3.ObjectUtils_toString_400,Lang,1,Lang-1f,org.apache.commons.lang3.ObjectUtils,toString,400,402,2,2,1,2,0,1,0,0,1,0,1,0,1,1,1,1,0,1.0,1,1,1
Lang-1f_org.apache.commons.lang3.ObjectUtils_min_419,Lang,1,Lang-1f,org.apache.commons.lang3.ObjectUtils,min,419,429,7,1,1,5,0,5,0,1,7,9,4,2,3,2,2,1,1,0.4286,1,1,6
Lang-1f_org.apache.commons.lang3.ObjectUtils_compare_483,Lang,1,Lang-1f,org.apache.commons.lang3.ObjectUtils,compare,483,492,8,3,2,5,2,6,0,5,7,6,1,3,3,0,0,4,3,0.4286,0,1,7
Lang-1f_org.apache.commons.lang3.ObjectUtils_max_444,Lang,1,Lang-1f,org.apache.commons.lang3.ObjectUtils,max,444,454,7,1,1,5,0,5,0,1,7,9,4,2,3,2,2,1,1,0.4286,1,1,6
Lang-1f_org.apache.commons.lang3.ObjectUtils_compare_466,Lang,1,Lang-1f,org.apache.commons.lang3.ObjectUtils,compare,466,468,2,2,1,2,0,3,0,0,1,0,1,0,1,1,1,1,0,1.0,1,1,1
Lang-1f_org.apache.commons.lang3.ObjectUtils_median_504,Lang,1,Lang-1f,org.apache.commons.lang3.ObjectUtils,median,504,513,9,1,1,7,2,7,0,3,6,5,1,0,0,0,0,1,0,0.0,0,0,6
Lang-1f_org.apache.commons.lang3.ObjectUtils_median_526,Lang,1,Lang-1f,org.apache.commons.lang3.ObjectUtils,median,526,536,10,2,1,8,2,8,0,5,7,6,1,0,0,0,0,1,0,0.0,0,0,7
Lang-1f_org.apache.commons.lang3.ObjectUtils_mode_548,Lang,1,Lang-1f,org.apache.commons.lang3.ObjectUtils,mode,548,573,20,1,4,16,0,11,0,2,20,24,6,4,6,2,4,2,1,0.3,1,1,18
Lang-1f_org.apache.commons.lang3.ObjectUtils_clone_586,Lang,1,Lang-1f,org.apache.commons.lang3.ObjectUtils,clone,586,622,30,1,4,32,6,5,0,7,51,53,4,3,5,3,2,2,3,0.098,1,1,25
Lang-1f_org.apache.commons.lang3.exception.CloneFailedException_<init>_59,Lang,1,Lang-1f,org.apache.commons.lang3.exception.CloneFailedException,<init>,59,61,2,2,1,2,0,0,0,0,11,10,1,0,0,0,0,0,0,0.0,0,0,2
Lang-1f_org.apache.commons.lang3.ObjectUtils_cloneIfPossible_640,Lang,1,Lang-1f,org.apache.commons.lang3.ObjectUtils,cloneIfPossible,640,643,3,1,1,2,0,3,0,0,2,1,1,0,0,0,0,1,0,0.0,0,0,2
Lang-1f_org.apache.commons.lang3.ObjectUtils_CONST_BYTE_762,Lang,1,Lang-1f,org.apache.commons.lang3.ObjectUtils,CONST_BYTE,762,767,4,1,0,4,2,2,1,2,6,6,2,1,1,1,0,1,1,0.1667,0,1,3
Lang-1f_org.apache.commons.lang3.ObjectUtils_CONST_SHORT_824,Lang,1,Lang-1f,org.apache.commons.lang3.ObjectUtils,CONST_SHORT,824,829,4,1,0,4,2,2,1,2,6,6,2,1,1,1,0,1,1,0.1667,0,1,3
Lang-1f_org.apache.commons.lang3.AnnotationUtils_<init>_107,Lang,1,Lang-1f,org.apache.commons.lang3.AnnotationUtils,<init>,107,108,1,0,0,1,0,0,0,0,4,3,1,0,0,0,0,0,0,0.0,0,0,1
Lang-1f_org.apache.commons.lang3.builder.ToStringStyle_<init>_325,Lang,1,Lang-1f,org.apache.commons.lang3.builder.ToStringStyle,<init>,325,327,2,0,0,2,0,0,0,0,5,4,1,0,0,0,0,0,0,0.0,0,0,2
Lang-1f_org.apache.commons.lang3.AnnotationUtils_getShortClassName_72,Lang,1,Lang-1f,org.apache.commons.lang3.AnnotationUtils,getShortClassName,72,85,11,1,0,10,0,11,0,3,8,9,3,1,2,2,2,1,0,0.25,1,1,7
Lang-1f_org.apache.commons.lang3.AnnotationUtils_appendDetail_91,Lang,1,Lang-1f,org.apache.commons.lang3.AnnotationUtils,appendDetail,91,96,4,3,2,4,0,0,0,0,3,3,2,1,2,1,1,0,1,0.6667,1,1,3
Lang-1f_org.apache.commons.lang3.AnnotationUtils_toString_195,Lang,1,Lang-1f,org.apache.commons.lang3.AnnotationUtils,toString,195,210,12,1,1,14,0,1,0,1,16,17,3,1,2,1,2,1,0,0.125,1,1,10
Lang-1f_org.apache.commons.lang3.builder.ToStringStyle_appendDetail_594,Lang,1,Lang-1f,org.apache.commons.lang3.builder.ToStringStyle,appendDetail,594,596,2,3,2,2,0,0,0,0,1,0,1,0,0,0,0,0,0,0.0,0,0,1
Lang-1f_org.apache.commons.lang3.math.NumberUtils_<init>_77,Lang,1,Lang-1f,org.apache.commons.lang3.math.NumberUtils,<init>,77,79,2,0,0,2,0,0,0,0,5,4,1,0,0,0,0,0,0,0.0,0,0,2
Lang-1f_org.apache.commons.lang3.math.NumberUtils_toInt_99,Lang,1,Lang-1f,org.apache.commons.lang3.math.NumberUtils,toInt,99,101,2,1,0,2,0,0,0,1,1,0,1,0,1,1,1,1,0,1.0,1,1,1
Lang-1f_org.apache.commons.lang3.math.NumberUtils_toInt_120,Lang,1,Lang-1f,org.apache.commons.lang3.math.NumberUtils,toInt,120,129,7,2,1,4,0,1,0,0,7,5,1,1,1,0,0,3,1,0.1429,0,1,5
Lang-1f_org.apache.commons.lang3.math.NumberUtils_toLong_148,Lang,1,Lang-1f,org.apache.commons.lang3.math.NumberUtils,toLong,148,150,2,1,0,2,0,0,0,0,1,0,1,0,1,1,1,1,0,1.0,1,1,1
Lang-1f_org.apache.commons.lang3.math.NumberUtils_toLong_169,Lang,1,Lang-1f,org.apache.commons.lang3.math.NumberUtils,toLong,169,178,7,2,1,4,0,1,0,0,7,5,1,1,1,0,0,3,1,0.1429,0,1,5
Lang-1f_org.apache.commons.lang3.math.NumberUtils_toFloat_198,Lang,1,Lang-1f,org.apache.commons.lang3.math.NumberUtils,toFloat,198,200,2,1,0,2,0,0,0,1,1,0,1,0,1,1,1,1,0,1.0,1,1,1
Lang-1f_org.apache.commons.lang3.math.NumberUtils_toFloat_221,Lang,1,Lang-1f,org.apache.commons.lang3.math.NumberUtils,toFloat,221,230,7,2,1,4,0,1,0,0,7,5,1,1,1,0,0,3,1,0.1429,0,1,5
Lang-1f_org.apache.commons.lang3.math.NumberUtils_toDouble_250,Lang,1,Lang-1f,org.apache.commons.lang3.math.NumberUtils,toDouble,250,252,2,1,0,2,0,0,0,1,1,0,1,0,1,1,1,1,0,1.0,1,1,1
Lang-1f_org.apache.commons.lang3.math.NumberUtils_toDouble_273,Lang,1,Lang-1f,org.apache.commons.lang3.math.NumberUtils,toDouble,273,282,7,2,1,4,0,1,0,0,7,5,1,1,1,0,0,3,1,0.1429,0,1,5
Lang-1f_org.apache.commons.lang3.math.NumberUtils_toByte_302,Lang,1,Lang-1f,org.apache.commons.lang3.math.NumberUtils,toByte,302,304,2,1,0,2,0,0,0,1,1,0,1,0,1,1,1,1,0,1.0,1,1,1
Lang-1f_org.apache.commons.lang3.math.NumberUtils_toByte_323,Lang,1,Lang-1f,org.apache.commons.lang3.math.NumberUtils,toByte,323,332,7,2,1,4,0,1,0,0,7,5,1,1,1,0,0,3,1,0.1429,0,1,5
Lang-1f_org.apache.commons.lang3.math.NumberUtils_toShort_351,Lang,1,Lang-1f,org.apache.commons.lang3.math.NumberUtils,toShort,351,353,2,1,0,2,0,0,0,1,1,0,1,0,1,1,1,1,0,1.0,1,1,1
Lang-1f_org.apache.commons.lang3.math.NumberUtils_toShort_372,Lang,1,Lang-1f,org.apache.commons.lang3.math.NumberUtils,toShort,372,381,7,2,1,4,0,1,0,0,7,5,1,1,1,0,0,3,1,0.1429,0,1,5
Lang-1f_org.apache.commons.lang3.math.NumberUtils_createNumber_450,Lang,1,Lang-1f,org.apache.commons.lang3.math.NumberUtils,createNumber,450,623,112,1,18,97,26,32,23,48,124,137,15,23,26,18,4,15,14,0.2097,1,1,88
Lang-1f_org.apache.commons.lang3.math.NumberUtils_createBigInteger_723,Lang,1,Lang-1f,org.apache.commons.lang3.math.NumberUtils,createBigInteger,723,747,20,1,4,15,5,2,2,13,19,22,5,5,5,2,0,2,5,0.2632,0,1,19
Lang-1f_org.apache.commons.lang3.math.NumberUtils_createLong_706,Lang,1,Lang-1f,org.apache.commons.lang3.math.NumberUtils,createLong,706,711,4,1,0,3,0,1,0,0,3,2,1,1,1,0,0,2,1,0.3333,0,1,3
Lang-1f_org.apache.commons.lang3.math.NumberUtils_createInteger_688,Lang,1,Lang-1f,org.apache.commons.lang3.math.NumberUtils,createInteger,688,694,4,1,0,3,0,1,0,0,3,2,1,1,1,0,0,2,1,0.3333,0,1,3
Lang-1f_org.apache.commons.lang3.math.NumberUtils_isAllZeros_633,Lang,1,Lang-1f,org.apache.commons.lang3.math.NumberUtils,isAllZeros,633,643,7,1,1,7,3,4,0,4,8,8,2,2,3,1,2,3,2,0.375,1,1,6
Lang-1f_org.apache.commons.lang3.math.NumberUtils_isDigits_1309,Lang,1,Lang-1f,org.apache.commons.lang3.math.NumberUtils,isDigits,1309,1319,7,1,1,8,2,1,0,1,8,8,2,2,3,1,2,3,2,0.375,1,1,6
Lang-1f_org.apache.commons.lang3.math.NumberUtils_createFloat_655,Lang,1,Lang-1f,org.apache.commons.lang3.math.NumberUtils,createFloat,655,660,4,1,0,3,0,1,0,0,3,2,1,1,1,0,0,2,1,0.3333,0,1,3
Lang-1f_org.apache.commons.lang3.math.NumberUtils_createDouble_671,Lang,1,Lang-1f,org.apache.commons.lang3.math.NumberUtils,createDouble,671,676,4,1,0,3,0,1,0,0,3,2,1,1,1,0,0,2,1,0.3333,0,1,3
Lang-1f_org.apache.commons.lang3.math.NumberUtils_createBigDecimal_758,Lang,1,Lang-1f,org.apache.commons.lang3.math.NumberUtils,createBigDecimal,758,774,8,1,0,10,1,1,0,3,10,11,3,3,3,2,0,2,3,0.3,0,1,7
Lang-1f_org.apache.commons.lang3.math.NumberUtils_min_786,Lang,1,Lang-1f,org.apache.commons.lang3.math.NumberUtils,min,786,799,7,1,2,4,2,2,0,2,8,9,3,1,2,2,2,1,1,0.25,1,1,6
Lang-1f_org.apache.commons.lang3.math.NumberUtils_validateArray_1078,Lang,1,Lang-1f,org.apache.commons.lang3.math.NumberUtils,validateArray,1078,1084,5,1,0,6,0,2,0,3,6,5,1,2,2,0,0,0,2,0.3333,0,1,4
Lang-1f_org.apache.commons.lang3.math.NumberUtils_min_809,Lang,1,Lang-1f,org.apache.commons.lang3.math.NumberUtils,min,809,822,7,1,2,4,2,2,0,2,8,9,3,1,2,2,2,1,1,0.25,1,1,6
Lang-1f_org.apache.commons.lang3.math.NumberUtils_min_832,Lang,1,Lang-1f,org.apache.commons.lang3.math.NumberUtils,min,832,845,7,1,2,4,2,2,0,2,8,9,3,1,2,2,2,1,1,0.25,1,1,6
Lang-1f_org.apache.commons.lang3.math.NumberUtils_min_855,Lang,1,Lang-1f,org.apache.commons.lang3.math.NumberUtils,min,855,868,7,1,2,4,2,2,0,2,8,9,3,1,2,2,2,1,1,0.25,1,1,6
Lang-1f_org.apache.commons.lang3.math.NumberUtils_min_879,Lang,1,Lang-1f,org.apache.commons.lang3.math.NumberUtils,min,879,895,9,1,2,6,2,2,0,2,10,11,3,2,3,2,2,2,2,0.3,1,1,8
Lang-1f_org.apache.commons.lang3.math.NumberUtils_min_906,Lang,1,Lang-1f,org.apache.commons.lang3.math.NumberUtils,min,906,922,9,1,2,6,2,2,0,2,10,11,3,2,3,2,2,2,2,0.3,1,1,8
Lang-1f_org.apache.commons.lang3.math.NumberUtils_max_934,Lang,1,Lang-1f,org.apache.commons.lang3.math.NumberUtils,max,934,947,7,1,2,4,2,2,0,2,8,9,3,1,2,2,2,1,1,0.25,1,1,6
Lang-1f_org.apache.commons.lang3.math.NumberUtils_max_957,Lang,1,Lang-1f,org.apache.commons.lang3.math.NumberUtils,max,957,970,7,1,2,4,2,2,0,2,8,9,3,1,2,2,2,1,1,0.25,1,1,6
Lang-1f_org.apache.commons.lang3.math.NumberUtils_max_980,Lang,1,Lang-1f,org.apache.commons.lang3.math.NumberUtils,max,980,993,7,1,2,4,2,2,0,2,8,9,3,1,2,2,2,1,1,0.25,1,1,6
Lang-1f_org.apache.commons.lang3.math.NumberUtils_max_1003,Lang,1,Lang-1f,org.apache.commons.lang3.math.NumberUtils,max,1003,1016,7,1,2,4,2,2,0,2,8,9,3,1,2,2,2,1,1,0.25,1,1,6
Lang-1f_org.apache.commons.lang3.math.NumberUtils_max_1027,Lang,1,Lang-1f,org.apache.commons.lang3.math.NumberUtils,max,1027,1043,9,1,2,6,2,2,0,2,10,11,3,2,3,2,2,2,2,0.3,1,1,8
Lang-1f_org.apache.commons.lang3.math.NumberUtils_max_1054,Lang,1,Lang-1f,org.apache.commons.lang3.math.NumberUtils,max,1054,1070,9,1,2,6,2,2,0,2,10,11,3,2,3,2,2,2,2,0.3,1,1,8
Lang-1f_org.apache.commons.lang3.math.NumberUtils_min_1172,Lang,1,Lang-1f,org.apache.commons.lang3.math.NumberUtils,min,1172,1174,2,3,2,3,0,0,0,0,1,0,1,0,1,1,1,1,0,1.0,1,1,1
Lang-1f_org.apache.commons.lang3.math.NumberUtils_min_1188,Lang,1,Lang-1f,org.apache.commons.lang3.math.NumberUtils,min,1188,1190,2,3,2,3,0,0,0,0,1,0,1,0,1,1,1,1,0,1.0,1,1,1
Lang-1f_org.apache.commons.lang3.math.NumberUtils_max_1278,Lang,1,Lang-1f,org.apache.commons.lang3.math.NumberUtils,max,1278,1280,2,3,2,3,0,0,0,0,1,0,1,0,1,1,1,1,0,1.0,1,1,1
Lang-1f_org.apache.commons.lang3.math.NumberUtils_max_1294,Lang,1,Lang-1f,org.apache.commons.lang3.math.NumberUtils,max,1294,1296,2,3,2,3,0,0,0,0,1,0,1,0,1,1,1,1,0,1.0,1,1,1
Lang-1f_org.apache.commons.lang3.math.NumberUtils_isNumber_1334,Lang,1,Lang-1f,org.apache.commons.lang3.math.NumberUtils,isNumber,1334,1434,65,1,8,24,13,33,25,14,57,61,6,19,21,3,3,17,8,0.3684,1,1,56
Lang-1f_org.apache.commons.lang3.math.IEEE754rUtils_min_37,Lang,1,Lang-1f,org.apache.commons.lang3.math.IEEE754rUtils,min,37,52,9,1,2,7,2,3,0,5,12,14,4,2,4,3,3,1,2,0.3333,1,1,8
Lang-1f_org.apache.commons.lang3.math.IEEE754rUtils_min_102,Lang,1,Lang-1f,org.apache.commons.lang3.math.IEEE754rUtils,min,102,111,8,2,1,6,0,0,0,0,5,4,1,2,3,1,1,3,2,0.6,1,1,5
Lang-1f_org.apache.commons.lang3.math.IEEE754rUtils_min_62,Lang,1,Lang-1f,org.apache.commons.lang3.math.IEEE754rUtils,min,62,77,9,1,2,7,2,3,0,5,12,14,4,2,4,3,3,1,2,0.3333,1,1,8
Lang-1f_org.apache.commons.lang3.math.IEEE754rUtils_min_136,Lang,1,Lang-1f,org.apache.commons.lang3.math.IEEE754rUtils,min,136,145,8,2,1,6,0,0,0,0,5,4,1,2,3,1,1,3,2,0.6,1,1,5
Lang-1f_org.apache.commons.lang3.math.IEEE754rUtils_min_89,Lang,1,Lang-1f,org.apache.commons.lang3.math.IEEE754rUtils,min,89,91,2,3,2,3,0,0,0,0,1,0,1,0,1,1,1,1,0,1.0,1,1,1
Lang-1f_org.apache.commons.lang3.math.IEEE754rUtils_min_123,Lang,1,Lang-1f,org.apache.commons.lang3.math.IEEE754rUtils,min,123,125,2,3,2,3,0,0,0,0,1,0,1,0,1,1,1,1,0,1.0,1,1,1
Lang-1f_org.apache.commons.lang3.math.IEEE754rUtils_max_155,Lang,1,Lang-1f,org.apache.commons.lang3.math.IEEE754rUtils,max,155,170,9,1,2,7,2,3,0,5,12,14,4,2,4,3,3,1,2,0.3333,1,1,8
Lang-1f_org.apache.commons.lang3.math.IEEE754rUtils_max_220,Lang,1,Lang-1f,org.apache.commons.lang3.math.IEEE754rUtils,max,220,229,8,2,1,6,0,0,0,0,5,4,1,2,3,1,1,3,2,0.6,1,1,5
Lang-1f_org.apache.commons.lang3.math.IEEE754rUtils_max_180,Lang,1,Lang-1f,org.apache.commons.lang3.math.IEEE754rUtils,max,180,195,9,1,2,7,2,3,0,5,12,14,4,2,4,3,3,1,2,0.3333,1,1,8
Lang-1f_org.apache.commons.lang3.math.IEEE754rUtils_max_254,Lang,1,Lang-1f,org.apache.commons.lang3.math.IEEE754rUtils,max,254,263,8,2,1,6,0,0,0,0,5,4,1,2,3,1,1,3,2,0.6,1,1,5
Lang-1f_org.apache.commons.lang3.math.IEEE754rUtils_max_207,Lang,1,Lang-1f,org.apache.commons.lang3.math.IEEE754rUtils,max,207,209,2,3,2,3,0,0,0,0,1,0,1,0,1,1,1,1,0,1.0,1,1,1
Lang-1f_org.apache.commons.lang3.math.IEEE754rUtils_max_241,Lang,1,Lang-1f,org.apache.commons.lang3.math.IEEE754rUtils,max,241,243,2,3,2,3,0,0,0,0,1,0,1,0,1,1,1,1,0,1.0,1,1,1
Lang-1f_org.apache.commons.lang3.math.Fraction_<init>_123,Lang,1,Lang-1f,org.apache.commons.lang3.math.Fraction,<init>,123,127,4,2,1,2,0,0,0,0,12,11,1,0,0,0,0,0,0,0.0,0,0,4
Lang-1f_org.apache.commons.lang3.math.Fraction_getFraction_141,Lang,1,Lang-1f,org.apache.commons.lang3.math.Fraction,getFraction,141,154,10,2,1,7,2,4,1,4,10,12,4,3,3,3,0,1,3,0.3,0,1,8
Lang-1f_org.apache.commons.lang3.math.Fraction_getFraction_172,Lang,1,Lang-1f,org.apache.commons.lang3.math.Fraction,getFraction,172,193,16,3,3,11,4,6,1,8,17,21,6,5,5,5,0,1,5,0.2941,0,1,13
Lang-1f_org.apache.commons.lang3.math.Fraction_getReducedFraction_209,Lang,1,Lang-1f,org.apache.commons.lang3.math.Fraction,getReducedFraction,209,233,17,2,2,10,2,7,2,9,18,21,5,5,5,4,0,2,5,0.2778,0,1,15
Lang-1f_org.apache.commons.lang3.math.Fraction_greatestCommonDivisor_576,Lang,1,Lang-1f,org.apache.commons.lang3.math.Fraction,greatestCommonDivisor,576,625,25,2,3,17,12,17,5,28,28,35,9,7,10,7,2,3,6,0.3571,1,1,22
Lang-1f_org.apache.commons.lang3.math.Fraction_getFraction_249,Lang,1,Lang-1f,org.apache.commons.lang3.math.Fraction,getFraction,249,299,44,1,17,10,16,7,4,20,43,45,4,2,3,3,1,1,2,0.0698,1,1,42
Lang-1f_org.apache.commons.lang3.math.Fraction_getFraction_319,Lang,1,Lang-1f,org.apache.commons.lang3.math.Fraction,getFraction,319,354,24,1,6,29,5,5,0,13,23,24,3,5,9,6,4,4,5,0.3913,1,1,21
Lang-1f_org.apache.commons.lang3.math.Fraction_getProperNumerator_391,Lang,1,Lang-1f,org.apache.commons.lang3.math.Fraction,getProperNumerator,391,393,2,0,0,2,1,0,0,0,1,0,1,0,0,0,0,1,0,0.0,0,0,1
Lang-1f_org.apache.commons.lang3.math.Fraction_reduce_469,Lang,1,Lang-1f,org.apache.commons.lang3.math.Fraction,reduce,469,478,7,0,1,7,2,2,0,2,6,5,1,2,2,0,0,3,2,0.3333,0,1,6
Lang-1f_org.apache.commons.lang3.math.Fraction_equals_844,Lang,1,Lang-1f,org.apache.commons.lang3.math.Fraction,equals,844,854,8,1,1,7,0,4,1,0,6,5,1,2,2,0,0,3,2,0.3333,0,1,6
Lang-1f_org.apache.commons.lang3.math.Fraction_invert_489,Lang,1,Lang-1f,org.apache.commons.lang3.math.Fraction,invert,489,501,9,0,0,8,2,3,0,4,9,10,3,3,3,2,0,2,3,0.3333,0,1,7
Lang-1f_org.apache.commons.lang3.math.Fraction_negate_510,Lang,1,Lang-1f,org.apache.commons.lang3.math.Fraction,negate,510,516,4,0,0,4,1,1,0,1,4,4,2,1,1,1,0,1,1,0.25,0,1,3
Lang-1f_org.apache.commons.lang3.math.Fraction_abs_527,Lang,1,Lang-1f,org.apache.commons.lang3.math.Fraction,abs,527,532,4,0,0,3,0,1,0,1,3,2,1,1,1,0,0,2,1,0.3333,0,1,3
Lang-1f_org.apache.commons.lang3.math.Fraction_pow_546,Lang,1,Lang-1f,org.apache.commons.lang3.math.Fraction,pow,546,564,15,1,1,15,6,5,0,9,12,11,1,5,9,4,4,6,5,0.75,1,1,12
Lang-1f_org.apache.commons.lang3.math.Fraction_multiplyBy_796,Lang,1,Lang-1f,org.apache.commons.lang3.math.Fraction,multiplyBy,796,810,10,1,2,9,4,3,1,3,8,8,2,2,2,1,0,2,2,0.25,0,1,7
Lang-1f_org.apache.commons.lang3.math.Fraction_mulAndCheck_639,Lang,1,Lang-1f,org.apache.commons.lang3.math.Fraction,mulAndCheck,639,646,6,2,2,4,1,2,1,1,5,5,2,1,1,1,0,1,1,0.2,0,1,4
Lang-1f_org.apache.commons.lang3.math.Fraction_mulPosAndCheck_657,Lang,1,Lang-1f,org.apache.commons.lang3.math.Fraction,mulPosAndCheck,657,664,5,2,2,4,1,1,0,1,5,5,2,1,1,1,0,1,1,0.2,0,1,4
Lang-1f_org.apache.commons.lang3.math.Fraction_addAndCheck_675,Lang,1,Lang-1f,org.apache.commons.lang3.math.Fraction,addAndCheck,675,682,6,2,2,4,1,2,1,1,5,5,2,1,1,1,0,1,1,0.2,0,1,4
Lang-1f_org.apache.commons.lang3.math.Fraction_subAndCheck_693,Lang,1,Lang-1f,org.apache.commons.lang3.math.Fraction,subAndCheck,693,700,6,2,2,4,1,2,1,1,5,5,2,1,1,1,0,1,1,0.2,0,1,4
Lang-1f_org.apache.commons.lang3.math.Fraction_add_712,Lang,1,Lang-1f,org.apache.commons.lang3.math.Fraction,add,712,714,2,1,0,2,0,0,0,0,1,0,1,0,0,0,0,1,0,0.0,0,0,1
Lang-1f_org.apache.commons.lang3.math.Fraction_addSub_740,Lang,1,Lang-1f,org.apache.commons.lang3.math.Fraction,addSub,740,784,28,2,10,34,4,6,0,7,22,23,3,5,5,2,0,4,5,0.2273,0,1,21
Lang-1f_org.apache.commons.lang3.math.Fraction_subtract_726,Lang,1,Lang-1f,org.apache.commons.lang3.math.Fraction,subtract,726,728,2,1,0,2,0,0,0,0,1,0,1,0,0,0,0,1,0,0.0,0,0,1
Lang-1f_org.apache.commons.lang3.math.Fraction_divideBy_822,Lang,1,Lang-1f,org.apache.commons.lang3.math.Fraction,divideBy,822,830,6,1,0,7,0,2,0,3,7,8,3,2,2,2,0,1,2,0.2857,0,1,5
Lang-1f_org.apache.commons.lang3.math.Fraction_getNumerator_367,Lang,1,Lang-1f,org.apache.commons.lang3.math.Fraction,getNumerator,367,369,2,0,0,1,0,0,0,0,1,0,1,0,0,0,0,1,0,0.0,0,0,1
Lang-1f_org.apache.commons.lang3.math.Fraction_getDenominator_376,Lang,1,Lang-1f,org.apache.commons.lang3.math.Fraction,getDenominator,376,378,2,0,0,1,0,0,0,0,1,0,1,0,0,0,0,1,0,0.0,0,0,1
Lang-1f_org.apache.commons.lang3.math.Fraction_hashCode_862,Lang,1,Lang-1f,org.apache.commons.lang3.math.Fraction,hashCode,862,868,4,0,0,4,4,1,0,4,3,3,2,1,1,1,0,1,1,0.3333,0,1,3
Lang-1f_org.apache.commons.lang3.math.Fraction_toString_911,Lang,1,Lang-1f,org.apache.commons.lang3.math.Fraction,toString,911,919,7,0,0,9,1,1,0,1,3,3,2,1,2,2,1,1,1,0.6667,1,1,3
Lang-1f_org.apache.commons.lang3.math.Fraction_toProperString_930,Lang,1,Lang-1f,org.apache.commons.lang3.math.Fraction,toProperString,930,959,22,0,1,26,6,7,0,9,14,19,7,6,6,1,0,1,6,0.4286,0,1,14
Lang-1f_org.apache.commons.lang3.math.Fraction_getProperWhole_406,Lang,1,Lang-1f,org.apache.commons.lang3.math.Fraction,getProperWhole,406,408,2,0,0,1,1,0,0,0,1,0,1,0,0,0,0,1,0,0.0,0,0,1
Lang-1f_org.apache.commons.lang3.math.Fraction_compareTo_883,Lang,1,Lang-1f,org.apache.commons.lang3.math.Fraction,compareTo,883,901,13,1,2,5,3,5,1,5,11,10,1,4,4,0,0,5,4,0.3636,0,1,11
Lang-1f_org.apache.commons.lang3.StringEscapeUtils_escapeJava_372,Lang,1,Lang-1f,org.apache.commons.lang3.StringEscapeUtils,escapeJava,372,374,2,1,0,2,0,0,0,0,1,0,1,0,0,0,0,1,0,0.0,0,0,1
Lang-1f_org.apache.commons.lang3.StringEscapeUtils_escapeEcmaScript_401,Lang,1,Lang-1f,org.apache.commons.lang3.StringEscapeUtils,escapeEcmaScript,401,403,2,1,0,2,0,0,0,0,1,0,1,0,0,0,0,1,0,0.0,0,0,1
Lang-1f_org.apache.commons.lang3.StringEscapeUtils_escapeJson_430,Lang,1,Lang-1f,org.apache.commons.lang3.StringEscapeUtils,escapeJson,430,432,2,1,0,2,0,0,0,0,1,0,1,0,0,0,0,1,0,0.0,0,0,1
Lang-1f_org.apache.commons.lang3.StringEscapeUtils_unescapeJava_443,Lang,1,Lang-1f,org.apache.commons.lang3.StringEscapeUtils,unescapeJava,443,445,2,1,0,2,0,0,0,0,1,0,1,0,0,0,0,1,0,0.0,0,0,1
Lang-1f_org.apache.commons.lang3.StringEscapeUtils_unescapeEcmaScript_460,Lang,1,Lang-1f,org.apache.commons.lang3.StringEscapeUtils,unescapeEcmaScript,460,462,2,1,0,2,0,0,0,0,1,0,1,0,0,0,0,1,0,0.0,0,0,1
Lang-1f_org.apache.commons.lang3.StringEscapeUtils_unescapeJson_477,Lang,1,Lang-1f,org.apache.commons.lang3.StringEscapeUtils,unescapeJson,477,479,2,1,0,2,0,0,0,0,1,0,1,0,0,0,0,1,0,0.0,0,0,1
Lang-1f_org.apache.commons.lang3.StringEscapeUtils_escapeHtml4_510,Lang,1,Lang-1f,org.apache.commons.lang3.StringEscapeUtils,escapeHtml4,510,512,2,1,0,2,0,0,0,0,1,0,1,0,0,0,0,1,0,0.0,0,0,1
Lang-1f_org.apache.commons.lang3.StringEscapeUtils_escapeHtml3_523,Lang,1,Lang-1f,org.apache.commons.lang3.StringEscapeUtils,escapeHtml3,523,525,2,1,0,2,0,0,0,0,1,0,1,0,0,0,0,1,0,0.0,0,0,1
Lang-1f_org.apache.commons.lang3.StringEscapeUtils_unescapeHtml4_545,Lang,1,Lang-1f,org.apache.commons.lang3.StringEscapeUtils,unescapeHtml4,545,547,2,1,0,2,0,0,0,0,1,0,1,0,0,0,0,1,0,0.0,0,0,1
Lang-1f_org.apache.commons.lang3.StringEscapeUtils_unescapeHtml3_559,Lang,1,Lang-1f,org.apache.commons.lang3.StringEscapeUtils,unescapeHtml3,559,561,2,1,0,2,0,0,0,0,1,0,1,0,0,0,0,1,0,0.0,0,0,1
Lang-1f_org.apache.commons.lang3.StringEscapeUtils_escapeXml_583,Lang,1,Lang-1f,org.apache.commons.lang3.StringEscapeUtils,escapeXml,583,585,2,1,0,2,0,0,0,0,1,0,1,0,0,0,0,1,0,0.0,0,0,1
Lang-1f_org.apache.commons.lang3.StringEscapeUtils_unescapeXml_604,Lang,1,Lang-1f,org.apache.commons.lang3.StringEscapeUtils,unescapeXml,604,606,2,1,0,2,0,0,0,0,1,0,1,0,0,0,0,1,0,0.0,0,0,1
Lang-1f_org.apache.commons.lang3.StringEscapeUtils_escapeCsv_633,Lang,1,Lang-1f,org.apache.commons.lang3.StringEscapeUtils,escapeCsv,633,635,2,1,0,2,0,0,0,0,1,0,1,0,0,0,0,1,0,0.0,0,0,1
Lang-1f_org.apache.commons.lang3.StringEscapeUtils_unescapeCsv_659,Lang,1,Lang-1f,org.apache.commons.lang3.StringEscapeUtils,unescapeCsv,659,661,2,1,0,2,0,0,0,0,1,0,1,0,0,0,0,1,0,0.0,0,0,1
Lang-1f_org.apache.commons.lang3.text.translate.LookupTranslator_<init>_45,Lang,1,Lang-1f,org.apache.commons.lang3.text.translate.LookupTranslator,<init>,45,63,14,1,3,8,0,5,0,4,20,23,5,3,4,3,2,0,1,0.2,1,1,14
Lang-1f_org.apache.commons.lang3.text.translate.EntityArrays_JAVA_CTRL_CHARS_ESCAPE_395,Lang,1,Lang-1f,org.apache.commons.lang3.text.translate.EntityArrays,JAVA_CTRL_CHARS_ESCAPE,395,395,1,0,0,2,0,0,0,0,1,0,1,0,0,0,0,1,0,0.0,0,0,1
Lang-1f_org.apache.commons.lang3.text.translate.JavaUnicodeEscaper_outsideOf_79,Lang,1,Lang-1f,org.apache.commons.lang3.text.translate.JavaUnicodeEscaper,outsideOf,79,81,2,2,1,2,0,0,0,0,1,0,1,0,0,0,0,1,0,0.0,0,0,1
Lang-1f_org.apache.commons.lang3.text.translate.CharSequenceTranslator_with_107,Lang,1,Lang-1f,org.apache.commons.lang3.text.translate.CharSequenceTranslator,with,107,112,5,1,0,3,1,0,0,4,4,3,1,0,0,0,0,1,0,0.0,0,0,4
Lang-1f_org.apache.commons.lang3.text.translate.AggregateTranslator_<init>_40,Lang,1,Lang-1f,org.apache.commons.lang3.text.translate.AggregateTranslator,<init>,40,42,2,1,0,2,0,0,0,0,6,5,1,0,0,0,0,0,0,0.0,0,0,2
Lang-1f_org.apache.commons.lang3.text.translate.EntityArrays_BASIC_ESCAPE_358,Lang,1,Lang-1f,org.apache.commons.lang3.text.translate.EntityArrays,BASIC_ESCAPE,358,358,1,0,0,2,0,0,0,0,1,0,1,0,0,0,0,1,0,0.0,0,0,1
Lang-1f_org.apache.commons.lang3.text.translate.EntityArrays_APOS_ESCAPE_377,Lang,1,Lang-1f,org.apache.commons.lang3.text.translate.EntityArrays,APOS_ESCAPE,377,377,1,0,0,2,0,0,0,0,1,0,1,0,0,0,0,1,0,0.0,0,0,1
Lang-1f_org.apache.commons.lang3.text.translate.EntityArrays_ISO8859_1_ESCAPE_34,Lang,1,Lang-1f,org.apache.commons.lang3.text.translate.EntityArrays,ISO8859_1_ESCAPE,34,34,1,0,0,2,0,0,0,0,1,0,1,0,0,0,0,1,0,0.0,0,0,1
Lang-1f_org.apache.commons.lang3.text.translate.EntityArrays_HTML40_EXTENDED_ESCAPE_147,Lang,1,Lang-1f,org.apache.commons.lang3.text.translate.EntityArrays,HTML40_EXTENDED_ESCAPE,147,147,1,0,0,2,0,0,0,0,1,0,1,0,0,0,0,1,0,0.0,0,0,1
Lang-1f_org.apache.commons.lang3.text.translate.EntityArrays_JAVA_CTRL_CHARS_UNESCAPE_408,Lang,1,Lang-1f,org.apache.commons.lang3.text.translate.EntityArrays,JAVA_CTRL_CHARS_UNESCAPE,408,408,1,0,0,2,0,0,0,0,1,0,1,0,0,0,0,1,0,0.0,0,0,1
Lang-1f_org.apache.commons.lang3.text.translate.EntityArrays_BASIC_UNESCAPE_370,Lang,1,Lang-1f,org.apache.commons.lang3.text.translate.EntityArrays,BASIC_UNESCAPE,370,370,1,0,0,2,0,0,0,0,1,0,1,0,0,0,0,1,0,0.0,0,0,1
Lang-1f_org.apache.commons.lang3.text.translate.EntityArrays_ISO8859_1_UNESCAPE_138,Lang,1,Lang-1f,org.apache.commons.lang3.text.translate.EntityArrays,ISO8859_1_UNESCAPE,138,138,1,0,0,2,0,0,0,0,1,0,1,0,0,0,0,1,0,0.0,0,0,1
Lang-1f_org.apache.commons.lang3.text.translate.NumericEntityUnescaper_<init>_56,Lang,1,Lang-1f,org.apache.commons.lang3.text.translate.NumericEntityUnescaper,<init>,56,62,5,1,0,6,0,1,0,1,8,7,1,1,1,0,0,0,1,0.125,0,1,4
Lang-1f_org.apache.commons.lang3.text.translate.EntityArrays_HTML40_EXTENDED_UNESCAPE_349,Lang,1,Lang-1f,org.apache.commons.lang3.text.translate.EntityArrays,HTML40_EXTENDED_UNESCAPE,349,349,1,0,0,2,0,0,0,0,1,0,1,0,0,0,0,1,0,0.0,0,0,1
Lang-1f_org.apache.commons.lang3.text.translate.EntityArrays_APOS_UNESCAPE_386,Lang,1,Lang-1f,org.apache.commons.lang3.text.translate.EntityArrays,APOS_UNESCAPE,386,386,1,0,0,2,0,0,0,0,1,0,1,0,0,0,0,1,0,0.0,0,0,1
Lang-1f_org.apache.commons.lang3.time.FastDatePrinter_<init>_136,Lang,1,Lang-1f,org.apache.commons.lang3.time.FastDatePrinter,<init>,136,142,5,3,2,2,0,0,0,0,15,14,1,0,0,0,0,0,0,0.0,0,0,5
Lang-1f_org.apache.commons.lang3.time.FastDatePrinter_getTimeZoneDisplay_1089,Lang,1,Lang-1f,org.apache.commons.lang3.time.FastDatePrinter,getTimeZoneDisplay,1089,1101,9,4,6,7,0,2,0,0,8,9,3,2,2,1,0,1,2,0.25,0,1,8
Lang-1f_org.apache.commons.lang3.time.FastDatePrinter_estimateLength_618,Lang,1,Lang-1f,org.apache.commons.lang3.time.FastDatePrinter,estimateLength,618,620,2,0,0,1,0,0,0,1,1,0,1,0,0,0,0,1,0,0.0,0,0,1
Lang-1f_org.apache.commons.lang3.time.FastDatePrinter_appendTo_626,Lang,1,Lang-1f,org.apache.commons.lang3.time.FastDatePrinter,appendTo,626,628,2,2,1,2,0,0,0,0,1,0,1,0,0,0,0,0,0,0.0,0,0,1
Lang-1f_org.apache.commons.lang3.time.DurationFormatUtils_<init>_52,Lang,1,Lang-1f,org.apache.commons.lang3.time.DurationFormatUtils,<init>,52,54,2,0,0,2,0,0,0,0,5,4,1,0,0,0,0,0,0,0.0,0,0,2
Lang-1f_org.apache.commons.lang3.time.DurationFormatUtils_formatDurationHMS_75,Lang,1,Lang-1f,org.apache.commons.lang3.time.DurationFormatUtils,formatDurationHMS,75,77,2,1,0,2,0,0,0,1,1,0,1,0,0,0,0,1,0,0.0,0,0,1
Lang-1f_org.apache.commons.lang3.time.DurationFormatUtils_formatDuration_105,Lang,1,Lang-1f,org.apache.commons.lang3.time.DurationFormatUtils,formatDuration,105,107,2,2,1,2,0,0,0,0,1,0,1,0,1,1,1,1,0,1.0,1,1,1
Lang-1f_org.apache.commons.lang3.time.DurationFormatUtils_formatDurationISO_90,Lang,1,Lang-1f,org.apache.commons.lang3.time.DurationFormatUtils,formatDurationISO,90,92,2,1,0,2,0,0,0,0,1,0,1,0,0,0,0,1,0,0.0,0,0,1
Lang-1f_org.apache.commons.lang3.time.DurationFormatUtils_formatDuration_122,Lang,1,Lang-1f,org.apache.commons.lang3.time.DurationFormatUtils,formatDuration,122,153,22,3,7,13,12,0,0,7,21,25,6,5,5,5,0,1,5,0.2381,0,1,21
Lang-1f_org.apache.commons.lang3.time.DurationFormatUtils_lexx_483,Lang,1,Lang-1f,org.apache.commons.lang3.time.DurationFormatUtils,lexx,483,553,58,1,8,23,2,10,2,1,48,61,15,5,7,6,2,1,4,0.1458,1,1,46
Lang-1f_org.apache.commons.lang3.time.DurationFormatUtils_containsTokenWithValue_568,Lang,1,Lang-1f,org.apache.commons.lang3.time.DurationFormatUtils,containsTokenWithValue,568,576,6,2,2,4,2,2,0,1,7,7,2,1,2,1,2,2,1,0.2857,1,1,5
Lang-1f_org.apache.commons.lang3.time.DurationFormatUtils_format_414,Lang,1,Lang-1f,org.apache.commons.lang3.time.DurationFormatUtils,format,414,467,49,9,15,50,2,8,0,11,37,46,11,9,10,3,2,1,9,0.2703,1,1,35
Lang-1f_org.apache.commons.lang3.time.DurationFormatUtils_formatDurationWords_166,Lang,1,Lang-1f,org.apache.commons.lang3.time.DurationFormatUtils,formatDurationWords,166,217,35,3,5,38,2,7,0,29,31,39,10,9,9,3,0,1,9,0.2903,0,1,31
Lang-1f_org.apache.commons.lang3.time.DurationFormatUtils_formatPeriodISO_229,Lang,1,Lang-1f,org.apache.commons.lang3.time.DurationFormatUtils,formatPeriodISO,229,231,2,2,1,3,0,0,0,0,1,0,1,0,0,0,0,1,0,0.0,0,0,1
Lang-1f_org.apache.commons.lang3.time.DurationFormatUtils_formatPeriod_269,Lang,1,Lang-1f,org.apache.commons.lang3.time.DurationFormatUtils,formatPeriod,269,397,73,5,14,65,13,14,3,41,68,86,20,9,19,16,10,1,7,0.2794,1,1,68
Lang-1f_org.apache.commons.lang3.time.DurationFormatUtils_formatPeriod_242,Lang,1,Lang-1f,org.apache.commons.lang3.time.DurationFormatUtils,formatPeriod,242,244,2,3,2,3,0,0,0,0,1,0,1,0,1,1,1,1,0,1.0,1,1,1
Lang-1f_org.apache.commons.lang3.time.DurationFormatUtils_getValue_624,Lang,1,Lang-1f,org.apache.commons.lang3.time.DurationFormatUtils,getValue,624,626,2,0,0,1,0,0,0,0,1,0,1,0,0,0,0,1,0,0.0,0,0,1
Lang-1f_org.apache.commons.lang3.time.DurationFormatUtils_getCount_615,Lang,1,Lang-1f,org.apache.commons.lang3.time.DurationFormatUtils,getCount,615,617,2,0,0,1,0,0,0,0,1,0,1,0,0,0,0,1,0,0.0,0,0,1
Lang-1f_org.apache.commons.lang3.time.DurationFormatUtils_increment_606,Lang,1,Lang-1f,org.apache.commons.lang3.time.DurationFormatUtils,increment,606,608,2,0,0,1,2,0,0,0,1,0,1,0,0,0,0,0,0,0.0,0,0,1
Lang-1f_org.apache.commons.lang3.time.DurationFormatUtils_equals_635,Lang,1,Lang-1f,org.apache.commons.lang3.time.DurationFormatUtils,equals,635,653,14,1,1,12,0,3,0,0,12,11,1,5,7,2,2,6,5,0.5833,1,1,12
Lang-1f_org.apache.commons.lang3.time.DurationFormatUtils_hashCode_663,Lang,1,Lang-1f,org.apache.commons.lang3.time.DurationFormatUtils,hashCode,663,665,2,0,0,2,0,0,0,0,1,0,1,0,1,1,1,1,0,1.0,1,1,1
Lang-1f_org.apache.commons.lang3.time.DurationFormatUtils_toString_673,Lang,1,Lang-1f,org.apache.commons.lang3.time.DurationFormatUtils,toString,673,675,2,0,0,3,0,0,0,0,1,0,1,0,1,1,1,1,0,1.0,1,1,1
Lang-1f_org.apache.commons.lang3.time.FormatCache_getInstance_53,Lang,1,Lang-1f,org.apache.commons.lang3.time.FormatCache,getInstance,53,55,2,0,0,4,0,0,0,0,1,0,1,0,0,0,0,1,0,0.0,0,0,1
Lang-1f_org.apache.commons.lang3.time.FormatCache_getDateTimeInstance_142,Lang,1,Lang-1f,org.apache.commons.lang3.time.FormatCache,getDateTimeInstance,142,144,2,4,3,4,0,0,0,0,1,0,1,0,1,1,1,1,0,1.0,1,1,1
Lang-1f_org.apache.commons.lang3.time.FormatCache_getInstance_69,Lang,1,Lang-1f,org.apache.commons.lang3.time.FormatCache,getInstance,69,91,15,3,5,13,0,5,0,1,15,19,6,5,5,4,0,1,5,0.3333,0,1,14
Lang-1f_org.apache.commons.lang3.time.FormatCache_getDateTimeInstance_120,Lang,1,Lang-1f,org.apache.commons.lang3.time.FormatCache,getDateTimeInstance,120,126,5,4,4,5,0,1,0,0,4,4,2,1,1,1,0,1,1,0.25,0,1,4
Lang-1f_org.apache.commons.lang3.time.FormatCache_getPatternForStyle_191,Lang,1,Lang-1f,org.apache.commons.lang3.time.FormatCache,getPatternForStyle,191,220,19,3,6,18,1,4,0,1,20,23,5,4,4,3,0,1,4,0.2,0,1,16
Lang-1f_org.apache.commons.lang3.time.FormatCache_getDateInstance_159,Lang,1,Lang-1f,org.apache.commons.lang3.time.FormatCache,getDateInstance,159,161,2,3,2,3,0,0,0,0,1,0,1,0,0,0,0,1,0,0.0,0,0,1
Lang-1f_org.apache.commons.lang3.time.FormatCache_getTimeInstance_177,Lang,1,Lang-1f,org.apache.commons.lang3.time.FormatCache,getTimeInstance,177,179,2,3,2,3,0,0,0,0,1,0,1,0,0,0,0,1,0,0.0,0,0,1
Lang-1f_org.apache.commons.lang3.time.DateFormatUtils_<init>_119,Lang,1,Lang-1f,org.apache.commons.lang3.time.DateFormatUtils,<init>,119,121,2,0,0,2,0,0,0,0,5,4,1,0,0,0,0,0,0,0.0,0,0,2
Lang-1f_org.apache.commons.lang3.time.DateFormatUtils_formatUTC_130,Lang,1,Lang-1f,org.apache.commons.lang3.time.DateFormatUtils,formatUTC,130,132,2,2,1,3,0,0,0,0,1,0,1,0,0,0,0,1,0,0.0,0,0,1
Lang-1f_org.apache.commons.lang3.time.DateFormatUtils_format_302,Lang,1,Lang-1f,org.apache.commons.lang3.time.DateFormatUtils,format,302,305,3,4,4,3,0,0,0,0,2,1,1,0,1,1,1,1,0,0.5,1,1,2
Lang-1f_org.apache.commons.lang3.time.DateFormatUtils_formatUTC_141,Lang,1,Lang-1f,org.apache.commons.lang3.time.DateFormatUtils,formatUTC,141,143,2,2,1,2,0,0,0,0,1,0,1,0,0,0,0,1,0,0.0,0,0,1
Lang-1f_org.apache.commons.lang3.time.DateFormatUtils_formatUTC_153,Lang,1,Lang-1f,org.apache.commons.lang3.time.DateFormatUtils,formatUTC,153,155,2,3,2,3,0,0,0,0,1,0,1,0,0,0,0,1,0,0.0,0,0,1
Lang-1f_org.apache.commons.lang3.time.DateFormatUtils_formatUTC_165,Lang,1,Lang-1f,org.apache.commons.lang3.time.DateFormatUtils,formatUTC,165,167,2,3,2,2,0,0,0,0,1,0,1,0,0,0,0,1,0,0.0,0,0,1
Lang-1f_org.apache.commons.lang3.time.DateFormatUtils_format_176,Lang,1,Lang-1f,org.apache.commons.lang3.time.DateFormatUtils,format,176,178,2,2,1,3,0,0,0,0,1,0,1,0,1,1,1,1,0,1.0,1,1,1
Lang-1f_org.apache.commons.lang3.time.DateFormatUtils_format_187,Lang,1,Lang-1f,org.apache.commons.lang3.time.DateFormatUtils,format,187,189,2,2,1,2,0,0,0,0,1,0,1,0,1,1,1,1,0,1.0,1,1,1
Lang-1f_org.apache.commons.lang3.time.DateFormatUtils_format_200,Lang,1,Lang-1f,org.apache.commons.lang3.time.DateFormatUtils,format,200,202,2,2,1,2,0,0,0,0,1,0,1,0,1,1,1,1,0,1.0,1,1,1
Lang-1f_org.apache.commons.lang3.time.DateFormatUtils_format_318,Lang,1,Lang-1f,org.apache.commons.lang3.time.DateFormatUtils,format,318,321,3,4,4,3,0,0,0,0,2,1,1,0,1,1,1,1,0,0.5,1,1,2
Lang-1f_org.apache.commons.lang3.time.DateFormatUtils_format_212,Lang,1,Lang-1f,org.apache.commons.lang3.time.DateFormatUtils,format,212,214,2,3,2,3,0,0,0,0,1,0,1,0,1,1,1,1,0,1.0,1,1,1
Lang-1f_org.apache.commons.lang3.time.DateFormatUtils_format_224,Lang,1,Lang-1f,org.apache.commons.lang3.time.DateFormatUtils,format,224,226,2,3,2,2,0,0,0,0,1,0,1,0,1,1,1,1,0,1.0,1,1,1
Lang-1f_org.apache.commons.lang3.time.DateFormatUtils_format_238,Lang,1,Lang-1f,org.apache.commons.lang3.time.DateFormatUtils,format,238,240,2,3,2,2,0,0,0,0,1,0,1,0,1,1,1,1,0,1.0,1,1,1
Lang-1f_org.apache.commons.lang3.time.DateFormatUtils_format_250,Lang,1,Lang-1f,org.apache.commons.lang3.time.DateFormatUtils,format,250,252,2,3,2,3,0,0,0,0,1,0,1,0,1,1,1,1,0,1.0,1,1,1
Lang-1f_org.apache.commons.lang3.time.DateFormatUtils_format_262,Lang,1,Lang-1f,org.apache.commons.lang3.time.DateFormatUtils,format,262,264,2,3,2,2,0,0,0,0,1,0,1,0,1,1,1,1,0,1.0,1,1,1
Lang-1f_org.apache.commons.lang3.time.DateFormatUtils_format_276,Lang,1,Lang-1f,org.apache.commons.lang3.time.DateFormatUtils,format,276,278,2,3,2,2,0,0,0,0,1,0,1,0,1,1,1,1,0,1.0,1,1,1
Lang-1f_org.apache.commons.lang3.time.DateFormatUtils_format_289,Lang,1,Lang-1f,org.apache.commons.lang3.time.DateFormatUtils,format,289,291,2,4,3,3,0,0,0,0,1,0,1,0,1,1,1,1,0,1.0,1,1,1
Lang-1f_org.apache.commons.lang3.time.FastDateFormat_getInstance_164,Lang,1,Lang-1f,org.apache.commons.lang3.time.FastDateFormat,getInstance,164,166,2,3,2,2,0,0,0,0,1,0,1,0,1,1,1,1,0,1.0,1,1,1
Lang-1f_org.apache.commons.lang3.time.FastDateFormat_format_408,Lang,1,Lang-1f,org.apache.commons.lang3.time.FastDateFormat,format,408,410,2,1,0,2,0,0,0,0,1,0,1,0,1,1,1,1,0,1.0,1,1,1
Lang-1f_org.apache.commons.lang3.time.FastDateFormat_format_419,Lang,1,Lang-1f,org.apache.commons.lang3.time.FastDateFormat,format,419,421,2,1,0,2,0,0,0,0,1,0,1,0,1,1,1,1,0,1.0,1,1,1
Lang-1f_org.apache.commons.lang3.time.FastDateFormat_getInstance_118,Lang,1,Lang-1f,org.apache.commons.lang3.time.FastDateFormat,getInstance,118,120,2,1,0,2,0,0,0,0,1,0,1,0,1,1,1,1,0,1.0,1,1,1
Lang-1f_org.apache.commons.lang3.time.FastDateFormat_getInstance_147,Lang,1,Lang-1f,org.apache.commons.lang3.time.FastDateFormat,getInstance,147,149,2,2,1,2,0,0,0,0,1,0,1,0,1,1,1,1,0,1.0,1,1,1
Lang-1f_org.apache.commons.lang3.time.FastDateParser_addRegex_543,Lang,1,Lang-1f,org.apache.commons.lang3.time.FastDateParser,addRegex,543,546,3,2,1,2,0,0,0,0,2,1,1,0,0,0,0,1,0,0.0,0,0,2
Lang-1f_org.apache.commons.lang3.time.FastDateParser_setCalendar_400,Lang,1,Lang-1f,org.apache.commons.lang3.time.FastDateParser,setCalendar,400,402,1,3,2,1,0,0,0,0,1,0,1,0,0,0,0,0,0,0.0,0,0,0
Lang-1f_org.apache.commons.lang3.time.FastDatePrinter_hashCode_534,Lang,1,Lang-1f,org.apache.commons.lang3.time.FastDatePrinter,hashCode,534,536,2,0,0,4,4,0,0,2,1,0,1,0,1,1,1,1,0,1.0,1,1,1
Lang-1f_org.apache.commons.lang3.time.FastDatePrinter_equals_518,Lang,1,Lang-1f,org.apache.commons.lang3.time.FastDatePrinter,equals,518,526,7,1,1,5,0,1,2,0,4,3,1,1,2,1,1,2,1,0.5,1,1,4
Lang-1f_org.apache.commons.lang3.time.FastDateFormat_getInstance_105,Lang,1,Lang-1f,org.apache.commons.lang3.time.FastDateFormat,getInstance,105,107,2,0,0,2,0,0,0,0,1,0,1,0,1,1,1,1,0,1.0,1,1,1
Lang-1f_org.apache.commons.lang3.time.FastDateFormat_getInstance_133,Lang,1,Lang-1f,org.apache.commons.lang3.time.FastDateFormat,getInstance,133,135,2,2,1,2,0,0,0,0,1,0,1,0,1,1,1,1,0,1.0,1,1,1
Lang-1f_org.apache.commons.lang3.time.FastDateFormat_getDateInstance_179,Lang,1,Lang-1f,org.apache.commons.lang3.time.FastDateFormat,getDateInstance,179,181,2,1,0,2,0,0,0,0,1,0,1,0,1,1,1,1,0,1.0,1,1,1
Lang-1f_org.apache.commons.lang3.time.FastDateFormat_getDateInstance_194,Lang,1,Lang-1f,org.apache.commons.lang3.time.FastDateFormat,getDateInstance,194,196,2,2,1,2,0,0,0,0,1,0,1,0,1,1,1,1,0,1.0,1,1,1
Lang-1f_org.apache.commons.lang3.time.FastDateFormat_getDateInstance_210,Lang,1,Lang-1f,org.apache.commons.lang3.time.FastDateFormat,getDateInstance,210,212,2,2,1,2,0,0,0,0,1,0,1,0,1,1,1,1,0,1.0,1,1,1
Lang-1f_org.apache.commons.lang3.time.FastDateFormat_getDateInstance_226,Lang,1,Lang-1f,org.apache.commons.lang3.time.FastDateFormat,getDateInstance,226,228,2,3,2,2,0,0,0,0,1,0,1,0,1,1,1,1,0,1.0,1,1,1
Lang-1f_org.apache.commons.lang3.time.FastDateFormat_getTimeInstance_241,Lang,1,Lang-1f,org.apache.commons.lang3.time.FastDateFormat,getTimeInstance,241,243,2,1,0,2,0,0,0,0,1,0,1,0,1,1,1,1,0,1.0,1,1,1
Lang-1f_org.apache.commons.lang3.time.FastDateFormat_getTimeInstance_256,Lang,1,Lang-1f,org.apache.commons.lang3.time.FastDateFormat,getTimeInstance,256,258,2,2,1,2,0,0,0,0,1,0,1,0,1,1,1,1,0,1.0,1,1,1
Lang-1f_org.apache.commons.lang3.time.FastDateFormat_getTimeInstance_272,Lang,1,Lang-1f,org.apache.commons.lang3.time.FastDateFormat,getTimeInstance,272,274,2,2,1,2,0,0,0,0,1,0,1,0,1,1,1,1,0,1.0,1,1,1
Lang-1f_org.apache.commons.lang3.time.FastDateFormat_getTimeInstance_288,Lang,1,Lang-1f,org.apache.commons.lang3.time.FastDateFormat,getTimeInstance,288,290,2,3,2,2,0,0,0,0,1,0,1,0,1,1,1,1,0,1.0,1,1,1
Lang-1f_org.apache.commons.lang3.time.FastDateFormat_getDateTimeInstance_304,Lang,1,Lang-1f,org.apache.commons.lang3.time.FastDateFormat,getDateTimeInstance,304,306,2,2,1,2,0,0,0,0,1,0,1,0,1,1,1,1,0,1.0,1,1,1
Lang-1f_org.apache.commons.lang3.time.FastDateFormat_getDateTimeInstance_320,Lang,1,Lang-1f,org.apache.commons.lang3.time.FastDateFormat,getDateTimeInstance,320,322,2,3,2,2,0,0,0,0,1,0,1,0,1,1,1,1,0,1.0,1,1,1
Lang-1f_org.apache.commons.lang3.time.FastDateFormat_getDateTimeInstance_337,Lang,1,Lang-1f,org.apache.commons.lang3.time.FastDateFormat,getDateTimeInstance,337,339,2,3,2,2,0,0,0,0,1,0,1,0,1,1,1,1,0,1.0,1,1,1
Lang-1f_org.apache.commons.lang3.time.FastDateFormat_getDateTimeInstance_353,Lang,1,Lang-1f,org.apache.commons.lang3.time.FastDateFormat,getDateTimeInstance,353,356,3,4,3,2,0,0,0,0,1,0,1,0,1,1,1,1,0,1.0,1,1,1
Lang-1f_org.apache.commons.lang3.time.FastDateFormat_<init>_368,Lang,1,Lang-1f,org.apache.commons.lang3.time.FastDateFormat,<init>,368,371,3,3,2,3,0,0,0,0,13,12,1,0,0,0,0,0,0,0.0,0,0,3
Lang-1f_org.apache.commons.lang3.time.FastDateParser_<init>_97,Lang,1,Lang-1f,org.apache.commons.lang3.time.FastDateParser,<init>,97,102,5,3,2,2,0,0,0,0,15,14,1,0,0,0,0,0,0,0.0,0,0,5
Lang-1f_org.apache.commons.lang3.time.FastDateFormat_format_385,Lang,1,Lang-1f,org.apache.commons.lang3.time.FastDateFormat,format,385,387,2,3,2,2,0,0,0,0,1,0,1,0,1,1,1,1,0,1.0,1,1,1
Lang-1f_org.apache.commons.lang3.time.FastDatePrinter_format_379,Lang,1,Lang-1f,org.apache.commons.lang3.time.FastDatePrinter,format,379,390,10,3,2,11,1,1,0,2,16,15,1,3,6,3,3,3,3,0.375,1,1,8
Lang-1f_org.apache.commons.lang3.time.FastDateFormat_format_397,Lang,1,Lang-1f,org.apache.commons.lang3.time.FastDateFormat,format,397,399,2,1,0,2,0,0,0,0,1,0,1,0,1,1,1,1,0,1.0,1,1,1
Lang-1f_org.apache.commons.lang3.time.FastDatePrinter_format_396,Lang,1,Lang-1f,org.apache.commons.lang3.time.FastDatePrinter,format,396,400,4,1,1,4,0,0,0,0,3,2,1,0,0,0,0,1,0,0.0,0,0,3
Lang-1f_org.apache.commons.lang3.time.FastDatePrinter_format_415,Lang,1,Lang-1f,org.apache.commons.lang3.time.FastDatePrinter,format,415,419,4,1,1,4,0,0,0,0,3,2,1,0,0,0,0,1,0,0.0,0,0,3
Lang-1f_org.apache.commons.lang3.time.FastDatePrinter_format_425,Lang,1,Lang-1f,org.apache.commons.lang3.time.FastDatePrinter,format,425,427,2,1,0,4,0,0,0,0,1,0,1,0,1,1,1,1,0,1.0,1,1,1
Lang-1f_org.apache.commons.lang3.time.FastDateFormat_format_433,Lang,1,Lang-1f,org.apache.commons.lang3.time.FastDateFormat,format,433,435,2,2,1,2,0,0,0,0,1,0,1,0,1,1,1,1,0,1.0,1,1,1
Lang-1f_org.apache.commons.lang3.time.FastDatePrinter_format_433,Lang,1,Lang-1f,org.apache.commons.lang3.time.FastDatePrinter,format,433,435,2,2,1,3,0,0,0,0,1,0,1,0,1,1,1,1,0,1.0,1,1,1
Lang-1f_org.apache.commons.lang3.time.FastDateFormat_format_446,Lang,1,Lang-1f,org.apache.commons.lang3.time.FastDateFormat,format,446,448,2,2,1,2,0,0,0,0,1,0,1,0,1,1,1,1,0,1.0,1,1,1
Lang-1f_org.apache.commons.lang3.time.FastDatePrinter_format_441,Lang,1,Lang-1f,org.apache.commons.lang3.time.FastDatePrinter,format,441,445,4,2,2,4,0,0,0,0,3,2,1,0,0,0,0,1,0,0.0,0,0,3
Lang-1f_org.apache.commons.lang3.time.FastDateFormat_format_459,Lang,1,Lang-1f,org.apache.commons.lang3.time.FastDateFormat,format,459,461,2,2,1,2,0,0,0,0,1,0,1,0,1,1,1,1,0,1.0,1,1,1
Lang-1f_org.apache.commons.lang3.time.FastDatePrinter_format_451,Lang,1,Lang-1f,org.apache.commons.lang3.time.FastDatePrinter,format,451,453,2,2,1,2,0,0,0,0,1,0,1,0,0,0,0,1,0,0.0,0,0,1
Lang-1f_org.apache.commons.lang3.time.FastDateFormat_parse_471,Lang,1,Lang-1f,org.apache.commons.lang3.time.FastDateFormat,parse,471,473,2,1,0,2,0,0,0,0,1,0,1,0,1,1,1,1,0,1.0,1,1,1
Lang-1f_org.apache.commons.lang3.time.FastDateParser_parse_245,Lang,1,Lang-1f,org.apache.commons.lang3.time.FastDateParser,parse,245,257,9,1,1,10,9,1,0,9,28,29,3,2,3,3,1,1,2,0.1071,1,1,8
Lang-1f_org.apache.commons.lang3.time.FastDateFormat_parse_479,Lang,1,Lang-1f,org.apache.commons.lang3.time.FastDateFormat,parse,479,481,2,2,1,2,0,0,0,0,1,0,1,0,1,1,1,1,0,1.0,1,1,1
Lang-1f_org.apache.commons.lang3.time.FastDateParser_parse_271,Lang,1,Lang-1f,org.apache.commons.lang3.time.FastDateParser,parse,271,287,12,2,6,14,3,1,0,1,12,13,3,1,2,1,1,2,1,0.1667,1,1,11
Lang-1f_org.apache.commons.lang3.time.FastDateFormat_parseObject_487,Lang,1,Lang-1f,org.apache.commons.lang3.time.FastDateFormat,parseObject,487,489,2,2,1,2,0,0,0,0,1,0,1,0,1,1,1,1,0,1.0,1,1,1
Lang-1f_org.apache.commons.lang3.time.FastDateParser_parseObject_263,Lang,1,Lang-1f,org.apache.commons.lang3.time.FastDateParser,parseObject,263,265,2,2,1,2,0,0,0,0,1,0,1,0,0,0,0,1,0,0.0,0,0,1
Lang-1f_org.apache.commons.lang3.time.FastDateFormat_getPattern_499,Lang,1,Lang-1f,org.apache.commons.lang3.time.FastDateFormat,getPattern,499,501,2,0,0,2,0,0,0,0,1,0,1,0,1,1,1,1,0,1.0,1,1,1
Lang-1f_org.apache.commons.lang3.time.FastDatePrinter_getPattern_476,Lang,1,Lang-1f,org.apache.commons.lang3.time.FastDatePrinter,getPattern,476,478,2,0,0,1,0,0,0,0,1,0,1,0,0,0,0,1,0,0.0,0,0,1
Lang-1f_org.apache.commons.lang3.time.FastDateFormat_getTimeZone_511,Lang,1,Lang-1f,org.apache.commons.lang3.time.FastDateFormat,getTimeZone,511,513,2,0,0,2,0,0,0,0,1,0,1,0,1,1,1,1,0,1.0,1,1,1
Lang-1f_org.apache.commons.lang3.time.FastDatePrinter_getTimeZone_484,Lang,1,Lang-1f,org.apache.commons.lang3.time.FastDatePrinter,getTimeZone,484,486,2,0,0,1,0,0,0,0,1,0,1,0,0,0,0,1,0,0.0,0,0,1
Lang-1f_org.apache.commons.lang3.time.FastDateFormat_getLocale_521,Lang,1,Lang-1f,org.apache.commons.lang3.time.FastDateFormat,getLocale,521,523,2,0,0,2,0,0,0,0,1,0,1,0,1,1,1,1,0,1.0,1,1,1
Lang-1f_org.apache.commons.lang3.time.FastDatePrinter_getLocale_492,Lang,1,Lang-1f,org.apache.commons.lang3.time.FastDatePrinter,getLocale,492,494,2,0,0,1,0,0,0,0,1,0,1,0,0,0,0,1,0,0.0,0,0,1
Lang-1f_org.apache.commons.lang3.time.FastDateFormat_getMaxLengthEstimate_534,Lang,1,Lang-1f,org.apache.commons.lang3.time.FastDateFormat,getMaxLengthEstimate,534,536,2,0,0,2,0,0,0,0,1,0,1,0,1,1,1,1,0,1.0,1,1,1
Lang-1f_org.apache.commons.lang3.time.FastDatePrinter_getMaxLengthEstimate_505,Lang,1,Lang-1f,org.apache.commons.lang3.time.FastDatePrinter,getMaxLengthEstimate,505,507,2,0,0,1,0,0,0,0,1,0,1,0,0,0,0,1,0,0.0,0,0,1
Lang-1f_org.apache.commons.lang3.time.FastDateFormat_equals_547,Lang,1,Lang-1f,org.apache.commons.lang3.time.FastDateFormat,equals,547,554,5,1,1,3,0,1,0,0,4,3,1,1,2,1,1,2,1,0.5,1,1,4
Lang-1f_org.apache.commons.lang3.time.FastDateFormat_hashCode_562,Lang,1,Lang-1f,org.apache.commons.lang3.time.FastDateFormat,hashCode,562,564,2,0,0,2,0,0,0,0,1,0,1,0,1,1,1,1,0,1.0,1,1,1
Lang-1f_org.apache.commons.lang3.time.FastDateFormat_toString_572,Lang,1,Lang-1f,org.apache.commons.lang3.time.FastDateFormat,toString,572,574,2,0,0,5,6,0,0,4,1,0,1,0,0,0,0,1,0,0.0,0,0,1
Lang-1f_org.apache.commons.lang3.time.FastDateFormat_applyRules_585,Lang,1,Lang-1f,org.apache.commons.lang3.time.FastDateFormat,applyRules,585,587,2,2,1,2,0,0,0,0,1,0,1,0,1,1,1,1,0,1.0,1,1,1
Lang-1f_org.apache.commons.lang3.time.FastDatePrinter_applyRules_463,Lang,1,Lang-1f,org.apache.commons.lang3.time.FastDatePrinter,applyRules,463,468,4,2,1,3,0,0,0,0,4,4,2,0,1,1,2,1,0,0.25,1,1,3
Lang-1f_org.apache.commons.lang3.time.FastDatePrinter_init_147,Lang,1,Lang-1f,org.apache.commons.lang3.time.FastDatePrinter,init,147,157,7,0,2,6,2,3,0,2,7,8,3,0,1,1,1,0,0,0.1429,1,1,6
Lang-1f_org.apache.commons.lang3.time.FastDatePrinter_parsePattern_167,Lang,1,Lang-1f,org.apache.commons.lang3.time.FastDatePrinter,parsePattern,167,288,105,0,8,51,3,17,0,19,82,110,30,8,10,8,2,1,4,0.122,1,1,78
Lang-1f_org.apache.commons.lang3.time.FastDatePrinter_parseToken_297,Lang,1,Lang-1f,org.apache.commons.lang3.time.FastDatePrinter,parseToken,297,347,33,2,7,20,12,14,8,6,28,34,8,5,7,4,3,1,3,0.25,1,1,27
Lang-1f_org.apache.commons.lang3.time.FastDatePrinter_selectNumberRule_356,Lang,1,Lang-1f,org.apache.commons.lang3.time.FastDatePrinter,selectNumberRule,356,365,8,2,1,5,0,0,0,2,4,3,1,0,1,0,0,3,0,0.25,0,1,4
Lang-1f_org.apache.commons.lang3.time.FastDatePrinter_newCalendar_406,Lang,1,Lang-1f,org.apache.commons.lang3.time.FastDatePrinter,newCalendar,406,409,2,0,0,2,0,0,0,0,1,0,1,0,0,0,0,1,0,0.0,0,0,1
Lang-1f_org.apache.commons.lang3.time.FastDatePrinter_applyRulesToString_402,Lang,1,Lang-1f,org.apache.commons.lang3.time.FastDatePrinter,applyRulesToString,402,404,2,1,0,4,0,0,0,0,1,0,1,0,0,0,0,1,0,0.0,0,0,1
Lang-1f_org.apache.commons.lang3.time.FastDatePrinter_toString_544,Lang,1,Lang-1f,org.apache.commons.lang3.time.FastDatePrinter,toString,544,546,2,0,0,2,6,0,0,4,1,0,1,0,0,0,0,1,0,0.0,0,0,1
Lang-1f_org.apache.commons.lang3.time.FastDatePrinter_readObject_558,Lang,1,Lang-1f,org.apache.commons.lang3.time.FastDatePrinter,readObject,558,561,3,1,0,3,0,0,0,0,2,1,1,0,0,0,0,0,0,0.0,0,0,2
Lang-1f_org.apache.commons.lang3.time.DateUtils_hasNext_1858,Lang,1,Lang-1f,org.apache.commons.lang3.time.DateUtils,hasNext,1858,1860,2,0,0,2,0,0,0,0,1,0,1,0,0,0,0,1,0,0.0,0,0,1
Lang-1f_org.apache.commons.lang3.time.DateUtils_next_1868,Lang,1,Lang-1f,org.apache.commons.lang3.time.DateUtils,next,1868,1874,5,0,0,7,0,0,0,1,5,5,2,1,1,1,0,1,1,0.2,0,1,4
Lang-1f_org.apache.commons.lang3.time.DateUtils_remove_1883,Lang,1,Lang-1f,org.apache.commons.lang3.time.DateUtils,remove,1883,1885,2,0,0,2,0,0,0,0,2,1,1,0,0,0,0,0,0,0.0,0,0,1
Lang-1f_org.apache.commons.lang3.time.FormatCache_equals_242,Lang,1,Lang-1f,org.apache.commons.lang3.time.FormatCache,equals,242,247,2,1,0,2,0,0,0,0,1,0,1,0,1,1,1,1,0,1.0,1,1,1
Lang-1f_org.apache.commons.lang3.time.FormatCache_hashCode_253,Lang,1,Lang-1f,org.apache.commons.lang3.time.FormatCache,hashCode,253,264,8,0,1,5,2,2,0,3,8,10,4,2,4,3,3,1,1,0.5,1,1,7
Lang-1f_org.apache.commons.lang3.time.FastDateParser_isNumber_388,Lang,1,Lang-1f,org.apache.commons.lang3.time.FastDateParser,isNumber,388,390,2,0,0,1,0,0,0,0,1,0,1,0,0,0,0,1,0,0.0,0,0,1
Lang-1f_org.apache.commons.lang3.time.FastDatePrinter_appendTo_742,Lang,1,Lang-1f,org.apache.commons.lang3.time.FastDatePrinter,appendTo,742,751,8,2,1,8,5,2,0,7,6,5,1,2,2,0,0,0,2,0.3333,0,1,6
Lang-1f_org.apache.commons.lang3.time.DateUtils_<init>_136,Lang,1,Lang-1f,org.apache.commons.lang3.time.DateUtils,<init>,136,138,2,0,0,2,0,0,0,0,5,4,1,0,0,0,0,0,0,0.0,0,0,2
Lang-1f_org.apache.commons.lang3.time.DateUtils_isSameDay_154,Lang,1,Lang-1f,org.apache.commons.lang3.time.DateUtils,isSameDay,154,163,8,2,3,8,0,2,1,1,8,8,2,1,2,2,1,1,1,0.25,1,1,7
Lang-1f_org.apache.commons.lang3.time.DateUtils_isSameDay_178,Lang,1,Lang-1f,org.apache.commons.lang3.time.DateUtils,isSameDay,178,185,6,2,1,10,0,5,3,1,4,4,2,1,1,1,0,1,1,0.25,0,1,3
Lang-1f_org.apache.commons.lang3.time.DateUtils_isSameInstant_199,Lang,1,Lang-1f,org.apache.commons.lang3.time.DateUtils,isSameInstant,199,204,4,2,1,5,0,3,1,1,4,4,2,1,1,1,0,1,1,0.25,0,1,3
Lang-1f_org.apache.commons.lang3.time.DateUtils_isSameInstant_217,Lang,1,Lang-1f,org.apache.commons.lang3.time.DateUtils,isSameInstant,217,222,4,2,1,7,0,3,1,1,4,4,2,1,1,1,0,1,1,0.25,0,1,3
Lang-1f_org.apache.commons.lang3.time.DateUtils_isSameLocalTime_237,Lang,1,Lang-1f,org.apache.commons.lang3.time.DateUtils,isSameLocalTime,237,249,11,2,1,20,0,10,8,1,4,4,2,1,1,1,0,1,1,0.25,0,1,3
Lang-1f_org.apache.commons.lang3.time.DateUtils_parseDate_266,Lang,1,Lang-1f,org.apache.commons.lang3.time.DateUtils,parseDate,266,268,2,2,1,2,0,0,0,0,1,0,1,0,1,1,1,1,0,1.0,1,1,1
Lang-1f_org.apache.commons.lang3.time.DateUtils_parseDate_289,Lang,1,Lang-1f,org.apache.commons.lang3.time.DateUtils,parseDate,289,291,2,3,2,2,0,0,0,0,1,0,1,0,0,0,0,1,0,0.0,0,0,1
Lang-1f_org.apache.commons.lang3.time.DateUtils_parseDateWithLeniency_352,Lang,1,Lang-1f,org.apache.commons.lang3.time.DateUtils,parseDateWithLeniency,352,391,24,4,7,23,3,5,2,12,26,30,6,5,6,5,2,1,2,0.2308,1,1,21
Lang-1f_org.apache.commons.lang3.time.DateUtils_parseDateStrictly_309,Lang,1,Lang-1f,org.apache.commons.lang3.time.DateUtils,parseDateStrictly,309,311,2,2,1,2,0,0,0,0,1,0,1,0,1,1,1,1,0,1.0,1,1,1
Lang-1f_org.apache.commons.lang3.time.DateUtils_parseDateStrictly_331,Lang,1,Lang-1f,org.apache.commons.lang3.time.DateUtils,parseDateStrictly,331,333,2,3,2,2,0,0,0,0,1,0,1,0,0,0,0,1,0,0.0,0,0,1
Lang-1f_org.apache.commons.lang3.time.DateUtils_addYears_403,Lang,1,Lang-1f,org.apache.commons.lang3.time.DateUtils,addYears,403,405,2,2,1,2,0,0,0,0,1,0,1,0,0,0,0,1,0,0.0,0,0,1
Lang-1f_org.apache.commons.lang3.time.DateUtils_add_516,Lang,1,Lang-1f,org.apache.commons.lang3.time.DateUtils,add,516,524,7,3,3,7,0,1,0,1,7,7,2,1,2,2,1,1,1,0.2857,1,1,6
Lang-1f_org.apache.commons.lang3.time.DateUtils_addMonths_417,Lang,1,Lang-1f,org.apache.commons.lang3.time.DateUtils,addMonths,417,419,2,2,1,2,0,0,0,0,1,0,1,0,0,0,0,1,0,0.0,0,0,1
Lang-1f_org.apache.commons.lang3.time.DateUtils_addWeeks_431,Lang,1,Lang-1f,org.apache.commons.lang3.time.DateUtils,addWeeks,431,433,2,2,1,2,0,0,0,0,1,0,1,0,0,0,0,1,0,0.0,0,0,1
Lang-1f_org.apache.commons.lang3.time.DateUtils_addDays_445,Lang,1,Lang-1f,org.apache.commons.lang3.time.DateUtils,addDays,445,447,2,2,1,2,0,0,0,0,1,0,1,0,0,0,0,1,0,0.0,0,0,1
Lang-1f_org.apache.commons.lang3.time.DateUtils_addHours_459,Lang,1,Lang-1f,org.apache.commons.lang3.time.DateUtils,addHours,459,461,2,2,1,2,0,0,0,0,1,0,1,0,0,0,0,1,0,0.0,0,0,1
Lang-1f_org.apache.commons.lang3.time.DateUtils_addMinutes_473,Lang,1,Lang-1f,org.apache.commons.lang3.time.DateUtils,addMinutes,473,475,2,2,1,2,0,0,0,0,1,0,1,0,0,0,0,1,0,0.0,0,0,1
Lang-1f_org.apache.commons.lang3.time.DateUtils_addSeconds_487,Lang,1,Lang-1f,org.apache.commons.lang3.time.DateUtils,addSeconds,487,489,2,2,1,2,0,0,0,0,1,0,1,0,0,0,0,1,0,0.0,0,0,1
Lang-1f_org.apache.commons.lang3.time.DateUtils_addMilliseconds_501,Lang,1,Lang-1f,org.apache.commons.lang3.time.DateUtils,addMilliseconds,501,503,2,2,1,2,0,0,0,0,1,0,1,0,0,0,0,1,0,0.0,0,0,1
Lang-1f_org.apache.commons.lang3.time.DateUtils_setYears_537,Lang,1,Lang-1f,org.apache.commons.lang3.time.DateUtils,setYears,537,539,2,2,1,2,0,0,0,0,1,0,1,0,0,0,0,1,0,0.0,0,0,1
Lang-1f_org.apache.commons.lang3.time.DateUtils_set_645,Lang,1,Lang-1f,org.apache.commons.lang3.time.DateUtils,set,645,655,8,3,3,8,0,1,0,1,8,8,2,1,2,2,1,1,1,0.25,1,1,7
Lang-1f_org.apache.commons.lang3.time.DateUtils_setMonths_552,Lang,1,Lang-1f,org.apache.commons.lang3.time.DateUtils,setMonths,552,554,2,2,1,2,0,0,0,0,1,0,1,0,0,0,0,1,0,0.0,0,0,1
Lang-1f_org.apache.commons.lang3.time.DateUtils_setDays_567,Lang,1,Lang-1f,org.apache.commons.lang3.time.DateUtils,setDays,567,569,2,2,1,2,0,0,0,0,1,0,1,0,0,0,0,1,0,0.0,0,0,1
Lang-1f_org.apache.commons.lang3.time.DateUtils_setHours_583,Lang,1,Lang-1f,org.apache.commons.lang3.time.DateUtils,setHours,583,585,2,2,1,2,0,0,0,0,1,0,1,0,0,0,0,1,0,0.0,0,0,1
Lang-1f_org.apache.commons.lang3.time.DateUtils_setMinutes_598,Lang,1,Lang-1f,org.apache.commons.lang3.time.DateUtils,setMinutes,598,600,2,2,1,2,0,0,0,0,1,0,1,0,0,0,0,1,0,0.0,0,0,1
Lang-1f_org.apache.commons.lang3.time.DateUtils_setSeconds_613,Lang,1,Lang-1f,org.apache.commons.lang3.time.DateUtils,setSeconds,613,615,2,2,1,2,0,0,0,0,1,0,1,0,0,0,0,1,0,0.0,0,0,1
Lang-1f_org.apache.commons.lang3.time.DateUtils_setMilliseconds_628,Lang,1,Lang-1f,org.apache.commons.lang3.time.DateUtils,setMilliseconds,628,630,2,2,1,2,0,0,0,0,1,0,1,0,0,0,0,1,0,0.0,0,0,1
Lang-1f_org.apache.commons.lang3.time.DateUtils_toCalendar_666,Lang,1,Lang-1f,org.apache.commons.lang3.time.DateUtils,toCalendar,666,670,4,1,1,3,0,0,0,0,3,2,1,0,0,0,0,1,0,0.0,0,0,3
Lang-1f_org.apache.commons.lang3.time.DateUtils_round_699,Lang,1,Lang-1f,org.apache.commons.lang3.time.DateUtils,round,699,707,7,2,2,7,0,1,0,1,7,7,2,1,1,1,0,1,1,0.1429,0,1,6
Lang-1f_org.apache.commons.lang3.time.DateUtils_modify_956,Lang,1,Lang-1f,org.apache.commons.lang3.time.DateUtils,modify,956,1092,71,3,13,51,14,26,7,34,71,91,22,20,23,16,4,2,8,0.3239,1,1,65
Lang-1f_org.apache.commons.lang3.time.DateUtils_round_736,Lang,1,Lang-1f,org.apache.commons.lang3.time.DateUtils,round,736,743,6,2,2,5,0,1,0,1,6,6,2,1,1,1,0,1,1,0.1667,0,1,5
Lang-1f_org.apache.commons.lang3.time.DateUtils_round_773,Lang,1,Lang-1f,org.apache.commons.lang3.time.DateUtils,round,773,784,9,2,1,9,1,1,0,2,10,10,2,3,5,3,2,2,3,0.5,1,1,7
Lang-1f_org.apache.commons.lang3.time.DateUtils_truncate_802,Lang,1,Lang-1f,org.apache.commons.lang3.time.DateUtils,truncate,802,810,7,2,2,7,0,1,0,1,7,7,2,1,1,1,0,1,1,0.1429,0,1,6
Lang-1f_org.apache.commons.lang3.time.DateUtils_truncate_827,Lang,1,Lang-1f,org.apache.commons.lang3.time.DateUtils,truncate,827,834,6,2,2,5,0,1,0,1,6,6,2,1,1,1,0,1,1,0.1667,0,1,5
Lang-1f_org.apache.commons.lang3.time.DateUtils_truncate_852,Lang,1,Lang-1f,org.apache.commons.lang3.time.DateUtils,truncate,852,863,9,2,1,9,1,1,0,2,10,10,2,3,5,3,2,2,3,0.5,1,1,7
Lang-1f_org.apache.commons.lang3.time.DateUtils_ceiling_882,Lang,1,Lang-1f,org.apache.commons.lang3.time.DateUtils,ceiling,882,890,7,2,2,7,0,1,0,1,7,7,2,1,1,1,0,1,1,0.1429,0,1,6
Lang-1f_org.apache.commons.lang3.time.DateUtils_ceiling_908,Lang,1,Lang-1f,org.apache.commons.lang3.time.DateUtils,ceiling,908,915,6,2,2,5,0,1,0,1,6,6,2,1,1,1,0,1,1,0.1667,0,1,5
Lang-1f_org.apache.commons.lang3.time.DateUtils_ceiling_934,Lang,1,Lang-1f,org.apache.commons.lang3.time.DateUtils,ceiling,934,945,9,2,1,10,1,1,0,2,12,12,2,3,5,3,2,2,3,0.4167,1,1,7
Lang-1f_org.apache.commons.lang3.time.DateUtils_iterator_1119,Lang,1,Lang-1f,org.apache.commons.lang3.time.DateUtils,iterator,1119,1126,6,2,2,6,0,3,0,1,6,6,2,1,2,2,1,1,1,0.3333,1,1,5
Lang-1f_org.apache.commons.lang3.time.DateUtils_iterator_1152,Lang,1,Lang-1f,org.apache.commons.lang3.time.DateUtils,iterator,1152,1222,55,2,5,27,7,10,0,14,47,59,14,6,10,9,2,1,6,0.2128,1,1,43
Lang-1f_org.apache.commons.lang3.time.DateUtils_iterator_1240,Lang,1,Lang-1f,org.apache.commons.lang3.time.DateUtils,iterator,1240,1251,9,2,1,8,1,3,0,2,10,10,2,3,5,3,2,2,3,0.5,1,1,7
Lang-1f_org.apache.commons.lang3.time.DateUtils_getFragmentInMilliseconds_1286,Lang,1,Lang-1f,org.apache.commons.lang3.time.DateUtils,getFragmentInMilliseconds,1286,1288,2,2,1,2,0,0,0,0,1,0,1,0,0,0,0,1,0,0.0,0,0,1
Lang-1f_org.apache.commons.lang3.time.DateUtils_getFragment_1662,Lang,1,Lang-1f,org.apache.commons.lang3.time.DateUtils,getFragment,1662,1669,6,3,3,6,0,1,0,1,6,6,2,1,2,2,1,1,1,0.3333,1,1,5
Lang-1f_org.apache.commons.lang3.time.DateUtils_getFragmentInSeconds_1326,Lang,1,Lang-1f,org.apache.commons.lang3.time.DateUtils,getFragmentInSeconds,1326,1328,2,2,1,2,0,0,0,0,1,0,1,0,0,0,0,1,0,0.0,0,0,1
Lang-1f_org.apache.commons.lang3.time.DateUtils_getFragmentInMinutes_1366,Lang,1,Lang-1f,org.apache.commons.lang3.time.DateUtils,getFragmentInMinutes,1366,1368,2,2,1,2,0,0,0,0,1,0,1,0,0,0,0,1,0,0.0,0,0,1
Lang-1f_org.apache.commons.lang3.time.DateUtils_getFragmentInHours_1406,Lang,1,Lang-1f,org.apache.commons.lang3.time.DateUtils,getFragmentInHours,1406,1408,2,2,1,2,0,0,0,0,1,0,1,0,0,0,0,1,0,0.0,0,0,1
Lang-1f_org.apache.commons.lang3.time.DateUtils_getFragmentInDays_1446,Lang,1,Lang-1f,org.apache.commons.lang3.time.DateUtils,getFragmentInDays,1446,1448,2,2,1,2,0,0,0,0,1,0,1,0,0,0,0,1,0,0.0,0,0,1
Lang-1f_org.apache.commons.lang3.time.DateUtils_getFragmentInMilliseconds_1486,Lang,1,Lang-1f,org.apache.commons.lang3.time.DateUtils,getFragmentInMilliseconds,1486,1488,2,2,1,2,0,0,0,0,1,0,1,0,0,0,0,1,0,0.0,0,0,1
Lang-1f_org.apache.commons.lang3.time.DateUtils_getFragment_1682,Lang,1,Lang-1f,org.apache.commons.lang3.time.DateUtils,getFragment,1682,1722,28,3,4,13,14,1,0,5,22,28,8,1,3,6,0,1,1,0.1364,0,1,18
Lang-1f_org.apache.commons.lang3.time.DateUtils_getFragmentInSeconds_1525,Lang,1,Lang-1f,org.apache.commons.lang3.time.DateUtils,getFragmentInSeconds,1525,1527,2,2,1,2,0,0,0,0,1,0,1,0,0,0,0,1,0,0.0,0,0,1
Lang-1f_org.apache.commons.lang3.time.DateUtils_getFragmentInMinutes_1565,Lang,1,Lang-1f,org.apache.commons.lang3.time.DateUtils,getFragmentInMinutes,1565,1567,2,2,1,2,0,0,0,0,1,0,1,0,0,0,0,1,0,0.0,0,0,1
Lang-1f_org.apache.commons.lang3.time.DateUtils_getFragmentInHours_1605,Lang,1,Lang-1f,org.apache.commons.lang3.time.DateUtils,getFragmentInHours,1605,1607,2,2,1,2,0,0,0,0,1,0,1,0,0,0,0,1,0,0.0,0,0,1
Lang-1f_org.apache.commons.lang3.time.DateUtils_getFragmentInDays_1647,Lang,1,Lang-1f,org.apache.commons.lang3.time.DateUtils,getFragmentInDays,1647,1649,2,2,1,2,0,0,0,0,1,0,1,0,0,0,0,1,0,0.0,0,0,1
Lang-1f_org.apache.commons.lang3.time.DateUtils_getMillisPerUnit_1807,Lang,1,Lang-1f,org.apache.commons.lang3.time.DateUtils,getMillisPerUnit,1807,1829,21,1,1,3,2,0,0,3,17,21,6,0,1,1,0,1,0,0.0588,0,1,14
Lang-1f_org.apache.commons.lang3.time.DateUtils_truncatedEquals_1737,Lang,1,Lang-1f,org.apache.commons.lang3.time.DateUtils,truncatedEquals,1737,1739,2,3,2,2,0,1,0,1,1,0,1,0,0,0,0,1,0,0.0,0,0,1
Lang-1f_org.apache.commons.lang3.time.DateUtils_truncatedCompareTo_1772,Lang,1,Lang-1f,org.apache.commons.lang3.time.DateUtils,truncatedCompareTo,1772,1776,4,3,4,4,0,0,0,0,3,2,1,0,0,0,0,1,0,0.0,0,0,3
Lang-1f_org.apache.commons.lang3.time.DateUtils_truncatedEquals_1754,Lang,1,Lang-1f,org.apache.commons.lang3.time.DateUtils,truncatedEquals,1754,1756,2,3,2,2,0,1,0,1,1,0,1,0,0,0,0,1,0,0.0,0,0,1
Lang-1f_org.apache.commons.lang3.time.DateUtils_truncatedCompareTo_1792,Lang,1,Lang-1f,org.apache.commons.lang3.time.DateUtils,truncatedCompareTo,1792,1796,4,3,4,4,0,0,0,0,3,2,1,0,0,0,0,1,0,0.0,0,0,3
Lang-1f_org.apache.commons.lang3.time.StopWatch_<init>_108,Lang,1,Lang-1f,org.apache.commons.lang3.time.StopWatch,<init>,108,110,2,0,0,2,0,0,0,0,5,4,1,0,0,0,0,0,0,0.0,0,0,2
Lang-1f_org.apache.commons.lang3.time.StopWatch_start_124,Lang,1,Lang-1f,org.apache.commons.lang3.time.StopWatch,start,124,134,8,0,0,7,0,2,0,2,9,10,3,2,2,2,0,0,2,0.2222,0,1,7
Lang-1f_org.apache.commons.lang3.time.StopWatch_stop_148,Lang,1,Lang-1f,org.apache.commons.lang3.time.StopWatch,stop,148,156,6,0,0,5,0,3,1,1,6,7,3,2,2,2,0,0,2,0.3333,0,1,5
Lang-1f_org.apache.commons.lang3.time.StopWatch_split_185,Lang,1,Lang-1f,org.apache.commons.lang3.time.StopWatch,split,185,191,5,0,0,4,0,1,0,1,5,5,2,1,1,1,0,0,1,0.2,0,1,4
Lang-1f_org.apache.commons.lang3.time.StopWatch_unsplit_206,Lang,1,Lang-1f,org.apache.commons.lang3.time.StopWatch,unsplit,206,211,4,0,0,3,0,1,0,1,4,4,2,1,1,1,0,0,1,0.25,0,1,3
Lang-1f_org.apache.commons.lang3.time.StopWatch_suspend_226,Lang,1,Lang-1f,org.apache.commons.lang3.time.StopWatch,suspend,226,232,5,0,0,4,0,1,0,1,5,5,2,1,1,1,0,0,1,0.2,0,1,4
Lang-1f_org.apache.commons.lang3.time.StopWatch_resume_247,Lang,1,Lang-1f,org.apache.commons.lang3.time.StopWatch,resume,247,253,5,0,0,4,1,1,0,1,5,5,2,1,1,1,0,0,1,0.2,0,1,4
Lang-1f_org.apache.commons.lang3.time.StopWatch_getTime_267,Lang,1,Lang-1f,org.apache.commons.lang3.time.StopWatch,getTime,267,269,2,0,0,2,1,0,0,0,1,0,1,0,0,0,0,1,0,0.0,0,0,1
Lang-1f_org.apache.commons.lang3.time.StopWatch_getNanoTime_283,Lang,1,Lang-1f,org.apache.commons.lang3.time.StopWatch,getNanoTime,283,292,8,0,0,6,2,4,1,2,8,7,1,3,3,0,0,3,3,0.375,0,1,7
Lang-1f_org.apache.commons.lang3.time.StopWatch_getSplitTime_309,Lang,1,Lang-1f,org.apache.commons.lang3.time.StopWatch,getSplitTime,309,311,2,0,0,2,1,0,0,0,1,0,1,0,0,0,0,1,0,0.0,0,0,1
Lang-1f_org.apache.commons.lang3.time.StopWatch_getSplitNanoTime_327,Lang,1,Lang-1f,org.apache.commons.lang3.time.StopWatch,getSplitNanoTime,327,332,4,0,0,3,1,1,0,1,4,4,2,1,1,1,0,1,1,0.25,0,1,3
Lang-1f_org.apache.commons.lang3.time.StopWatch_getStartTime_342,Lang,1,Lang-1f,org.apache.commons.lang3.time.StopWatch,getStartTime,342,348,4,0,0,3,0,1,0,1,4,4,2,1,1,1,0,1,1,0.25,0,1,3
Lang-1f_org.apache.commons.lang3.time.StopWatch_toString_362,Lang,1,Lang-1f,org.apache.commons.lang3.time.StopWatch,toString,362,364,2,0,0,3,0,0,0,0,1,0,1,0,0,0,0,1,0,0.0,0,0,1
Lang-1f_org.apache.commons.lang3.time.StopWatch_toSplitString_378,Lang,1,Lang-1f,org.apache.commons.lang3.time.StopWatch,toSplitString,378,380,2,0,0,3,0,0,0,0,1,0,1,0,0,0,0,1,0,0.0,0,0,1
Lang-1f_org.apache.commons.lang3.time.FastDateParser_isNextNumber_366,Lang,1,Lang-1f,org.apache.commons.lang3.time.FastDateParser,isNextNumber,366,368,2,0,0,2,0,1,1,0,1,0,1,0,0,0,0,1,0,0.0,0,0,1
Lang-1f_org.apache.commons.lang3.time.FastDateParser_getFieldWidth_374,Lang,1,Lang-1f,org.apache.commons.lang3.time.FastDateParser,getFieldWidth,374,376,2,0,0,2,0,0,0,0,1,0,1,0,0,0,0,1,0,0.0,0,0,1
Lang-1f_org.apache.commons.lang3.time.FastDateParser_modify_649,Lang,1,Lang-1f,org.apache.commons.lang3.time.FastDateParser,modify,649,651,2,1,0,1,0,0,0,0,1,0,1,0,0,0,0,1,0,0.0,0,0,1
Lang-1f_org.apache.commons.lang3.time.FastDateParser_adjustYear_354,Lang,1,Lang-1f,org.apache.commons.lang3.time.FastDateParser,adjustYear,354,360,5,1,1,2,5,1,0,3,4,3,1,1,1,0,0,2,1,0.25,0,1,4
Lang-1f_org.apache.commons.lang3.time.FastDateFormat_createInstance_90,Lang,1,Lang-1f,org.apache.commons.lang3.time.FastDateFormat,createInstance,90,92,2,3,2,2,0,0,0,0,1,0,1,0,0,0,0,1,0,0.0,0,0,1
Lang-1f_org.apache.commons.lang3.time.FastDateParser_init_108,Lang,1,Lang-1f,org.apache.commons.lang3.time.FastDateParser,init,108,146,29,0,5,35,5,5,0,4,42,48,8,5,6,6,0,0,5,0.1429,0,1,27
Lang-1f_org.apache.commons.lang3.time.FastDateParser_getStrategy_426,Lang,1,Lang-1f,org.apache.commons.lang3.time.FastDateParser,getStrategy,426,473,44,2,1,15,1,3,0,6,22,23,3,1,2,1,0,19,1,0.0909,0,1,22
Lang-1f_org.apache.commons.lang3.time.FastDateParser_equals_188,Lang,1,Lang-1f,org.apache.commons.lang3.time.FastDateParser,equals,188,196,7,1,1,5,0,0,2,0,4,3,1,1,2,1,1,2,1,0.5,1,1,4
Lang-1f_org.apache.commons.lang3.time.FastDateParser_hashCode_204,Lang,1,Lang-1f,org.apache.commons.lang3.time.FastDateParser,hashCode,204,206,2,0,0,4,4,0,0,2,1,0,1,0,1,1,1,1,0,1.0,1,1,1
Lang-1f_org.apache.commons.lang3.time.FastDateParser_toString_214,Lang,1,Lang-1f,org.apache.commons.lang3.time.FastDateParser,toString,214,216,2,0,0,2,6,0,0,4,1,0,1,0,0,0,0,1,0,0.0,0,0,1
Lang-1f_org.apache.commons.lang3.time.FastDateParser_readObject_228,Lang,1,Lang-1f,org.apache.commons.lang3.time.FastDateParser,readObject,228,231,3,1,0,3,0,0,0,0,2,1,1,0,0,0,0,0,0,0.0,0,0,2
Lang-1f_org.apache.commons.lang3.time.FastDateParser_parseObject_237,Lang,1,Lang-1f,org.apache.commons.lang3.time.FastDateParser,parseObject,237,239,2,1,0,2,0,0,0,0,1,0,1,0,0,0,0,1,0,0.0,0,0,1
Lang-1f_org.apache.commons.lang3.time.FastDateParser_escapeRegex_299,Lang,1,Lang-1f,org.apache.commons.lang3.time.FastDateParser,escapeRegex,299,335,23,3,4,18,6,4,0,4,22,26,6,4,6,4,2,2,2,0.2727,1,1,20
Lang-1f_org.apache.commons.lang3.time.FastDateParser_getDisplayNames_345,Lang,1,Lang-1f,org.apache.commons.lang3.time.FastDateParser,getDisplayNames,345,347,2,3,2,2,0,2,0,0,1,0,1,0,1,1,1,1,0,1.0,1,1,1
Lang-1f_org.apache.commons.lang3.time.FastDateParser_getLocaleSpecificStrategy_498,Lang,1,Lang-1f,org.apache.commons.lang3.time.FastDateParser,getLocaleSpecificStrategy,498,511,11,2,3,8,0,5,0,0,8,8,2,2,2,1,0,2,2,0.25,0,1,8
Lang-1f_org.apache.commons.lang3.time.FastDateParser_getCache_483,Lang,1,Lang-1f,org.apache.commons.lang3.time.FastDateParser,getCache,483,490,5,1,0,3,0,5,0,1,4,4,2,1,1,1,0,1,1,0.25,0,1,4
Lang-1f_org.apache.commons.lang3.CharEncoding_isSupported_94,Lang,1,Lang-1f,org.apache.commons.lang3.CharEncoding,isSupported,94,103,7,1,0,4,0,1,0,0,7,5,1,1,2,1,1,3,1,0.2857,1,1,5
Lang-1f_org.apache.commons.lang3.CharRange_prepareNext_304,Lang,1,Lang-1f,org.apache.commons.lang3.CharRange,prepareNext,304,322,15,0,0,6,4,4,0,4,11,10,1,5,5,0,0,0,4,0.4545,0,1,11
Lang-1f_org.apache.commons.lang3.CharRange_next_340,Lang,1,Lang-1f,org.apache.commons.lang3.CharRange,next,340,347,6,0,1,5,0,1,0,0,6,6,2,1,1,1,0,1,1,0.1667,0,1,5
Lang-1f_org.apache.commons.lang3.CharRange_remove_356,Lang,1,Lang-1f,org.apache.commons.lang3.CharRange,remove,356,358,2,0,0,2,0,0,0,0,2,1,1,0,0,0,0,0,0,0.0,0,0,1
Lang-1f_org.apache.commons.lang3.CharSetUtils_<init>_40,Lang,1,Lang-1f,org.apache.commons.lang3.CharSetUtils,<init>,40,42,2,0,0,2,0,0,0,0,5,4,1,0,0,0,0,0,0,0.0,0,0,2
Lang-1f_org.apache.commons.lang3.CharSetUtils_squeeze_64,Lang,1,Lang-1f,org.apache.commons.lang3.CharSetUtils,squeeze,64,84,16,2,7,13,2,3,3,2,17,18,3,2,3,2,2,2,2,0.1765,1,1,15
Lang-1f_org.apache.commons.lang3.CharSetUtils_deepEmpty_240,Lang,1,Lang-1f,org.apache.commons.lang3.CharSetUtils,deepEmpty,240,249,6,1,0,5,0,1,0,0,6,7,3,2,3,2,2,2,1,0.5,1,1,5
Lang-1f_org.apache.commons.lang3.CharSet_getInstance_138,Lang,1,Lang-1f,org.apache.commons.lang3.CharSet,getInstance,138,149,8,1,1,6,0,3,0,2,7,7,2,3,3,1,0,3,3,0.4286,0,1,7
Lang-1f_org.apache.commons.lang3.CharSet_contains_223,Lang,1,Lang-1f,org.apache.commons.lang3.CharSet,contains,223,230,5,1,0,4,0,0,0,0,5,5,2,1,2,2,3,2,0,0.4,1,1,4
Lang-1f_org.apache.commons.lang3.CharSetUtils_containsAny_106,Lang,1,Lang-1f,org.apache.commons.lang3.CharSetUtils,containsAny,106,117,8,2,2,9,0,0,1,0,8,8,2,2,3,1,2,3,1,0.375,1,1,7
Lang-1f_org.apache.commons.lang3.CharSetUtils_count_139,Lang,1,Lang-1f,org.apache.commons.lang3.CharSetUtils,count,139,151,9,2,3,9,2,0,1,2,9,10,3,2,3,1,2,2,1,0.3333,1,1,8
Lang-1f_org.apache.commons.lang3.CharSetUtils_keep_174,Lang,1,Lang-1f,org.apache.commons.lang3.CharSetUtils,keep,174,182,6,2,1,6,0,1,1,0,5,4,1,2,2,0,0,3,2,0.4,0,1,5
Lang-1f_org.apache.commons.lang3.CharSetUtils_modify_220,Lang,1,Lang-1f,org.apache.commons.lang3.CharSetUtils,modify,220,231,9,3,5,10,2,2,0,1,10,11,3,1,2,2,2,1,1,0.2,1,1,8
Lang-1f_org.apache.commons.lang3.CharSetUtils_delete_204,Lang,1,Lang-1f,org.apache.commons.lang3.CharSetUtils,delete,204,209,4,2,1,5,0,0,1,0,3,2,1,1,1,0,0,2,1,0.3333,0,1,3
Lang-1f_org.apache.commons.lang3.EnumUtils_<init>_46,Lang,1,Lang-1f,org.apache.commons.lang3.EnumUtils,<init>,46,47,1,0,0,1,0,0,0,0,4,3,1,0,0,0,0,0,0,0.0,0,0,1
Lang-1f_org.apache.commons.lang3.EnumUtils_getEnumMap_58,Lang,1,Lang-1f,org.apache.commons.lang3.EnumUtils,getEnumMap,58,64,5,1,0,5,0,11,0,0,5,5,2,0,1,1,2,1,0,0.2,1,1,4
Lang-1f_org.apache.commons.lang3.EnumUtils_getEnumList_75,Lang,1,Lang-1f,org.apache.commons.lang3.EnumUtils,getEnumList,75,77,2,1,0,3,0,9,0,0,1,0,1,0,0,0,0,1,0,0.0,0,0,1
Lang-1f_org.apache.commons.lang3.EnumUtils_isValidEnum_90,Lang,1,Lang-1f,org.apache.commons.lang3.EnumUtils,isValidEnum,90,100,8,2,0,4,0,6,0,0,8,6,1,1,1,0,0,3,1,0.125,0,1,6
Lang-1f_org.apache.commons.lang3.EnumUtils_getEnum_113,Lang,1,Lang-1f,org.apache.commons.lang3.EnumUtils,getEnum,113,122,7,2,0,4,0,6,0,0,7,5,1,1,1,0,0,3,1,0.1429,0,1,5
Lang-1f_org.apache.commons.lang3.EnumUtils_generateBitVector_142,Lang,1,Lang-1f,org.apache.commons.lang3.EnumUtils,generateBitVector,142,151,8,2,1,6,0,9,0,2,8,8,2,0,1,1,2,1,0,0.125,1,1,7
Lang-1f_org.apache.commons.lang3.EnumUtils_checkBitVectorable_289,Lang,1,Lang-1f,org.apache.commons.lang3.EnumUtils,checkBitVectorable,289,295,5,1,0,5,0,8,0,0,3,2,1,0,0,0,0,1,0,0.0,0,0,3
Lang-1f_org.apache.commons.lang3.EnumUtils_generateBitVectors_169,Lang,1,Lang-1f,org.apache.commons.lang3.EnumUtils,generateBitVectors,169,183,12,2,0,12,5,11,0,3,13,14,3,0,2,2,4,1,0,0.1538,1,1,11
Lang-1f_org.apache.commons.lang3.EnumUtils_asEnum_306,Lang,1,Lang-1f,org.apache.commons.lang3.EnumUtils,asEnum,306,310,4,1,0,4,0,7,0,0,3,2,1,0,0,0,0,1,0,0.0,0,0,3
Lang-1f_org.apache.commons.lang3.ArrayUtils_reverse_1426,Lang,1,Lang-1f,org.apache.commons.lang3.ArrayUtils,reverse,1426,1440,12,1,3,3,5,2,0,2,11,11,2,1,2,1,1,1,1,0.1818,1,1,11
Lang-1f_org.apache.commons.lang3.EnumUtils_processBitVector_249,Lang,1,Lang-1f,org.apache.commons.lang3.EnumUtils,processBitVector,249,252,3,2,0,4,0,7,0,0,2,1,1,0,0,0,0,1,0,0.0,0,0,2
Lang-1f_org.apache.commons.lang3.EnumUtils_processBitVectors_267,Lang,1,Lang-1f,org.apache.commons.lang3.EnumUtils,processBitVectors,267,278,9,2,1,12,2,12,1,2,9,10,3,1,2,1,2,1,0,0.2222,1,1,8
Lang-1f_org.apache.commons.lang3.CharRange_<init>_67,Lang,1,Lang-1f,org.apache.commons.lang3.CharRange,<init>,67,78,9,3,3,3,0,1,0,0,18,18,2,1,1,1,0,0,1,0.0556,0,1,9
Lang-1f_org.apache.commons.lang3.CharRange_is_88,Lang,1,Lang-1f,org.apache.commons.lang3.CharRange,is,88,90,2,1,0,2,0,0,0,0,1,0,1,0,0,0,0,1,0,0.0,0,0,1
Lang-1f_org.apache.commons.lang3.CharRange_isNot_100,Lang,1,Lang-1f,org.apache.commons.lang3.CharRange,isNot,100,102,2,1,0,2,0,0,0,0,1,0,1,0,0,0,0,1,0,0.0,0,0,1
Lang-1f_org.apache.commons.lang3.CharRange_isIn_113,Lang,1,Lang-1f,org.apache.commons.lang3.CharRange,isIn,113,115,2,2,1,2,0,0,0,0,1,0,1,0,0,0,0,1,0,0.0,0,0,1
Lang-1f_org.apache.commons.lang3.CharRange_isNotIn_126,Lang,1,Lang-1f,org.apache.commons.lang3.CharRange,isNotIn,126,128,2,2,1,2,0,0,0,0,1,0,1,0,0,0,0,1,0,0.0,0,0,1
Lang-1f_org.apache.commons.lang3.CharRange_contains_182,Lang,1,Lang-1f,org.apache.commons.lang3.CharRange,contains,182,196,10,1,0,6,0,9,4,2,10,10,2,4,4,1,0,4,3,0.4,0,1,9
Lang-1f_org.apache.commons.lang3.CharRange_toString_235,Lang,1,Lang-1f,org.apache.commons.lang3.CharRange,toString,235,249,11,0,1,11,1,2,0,1,10,12,4,3,4,3,1,1,3,0.4,1,1,10
Lang-1f_org.apache.commons.lang3.CharRange_isNegated_158,Lang,1,Lang-1f,org.apache.commons.lang3.CharRange,isNegated,158,160,2,0,0,1,0,0,0,0,1,0,1,0,0,0,0,1,0,0.0,0,0,1
Lang-1f_org.apache.commons.lang3.CharRange_iterator_261,Lang,1,Lang-1f,org.apache.commons.lang3.CharRange,iterator,261,263,2,0,0,2,0,2,0,0,1,0,1,0,0,0,0,1,0,0.0,0,0,1
Lang-1f_org.apache.commons.lang3.CharSet_<init>_159,Lang,1,Lang-1f,org.apache.commons.lang3.CharSet,<init>,159,165,5,1,2,4,2,1,0,1,12,12,2,0,0,1,2,0,0,0.0,1,0,5
Lang-1f_org.apache.commons.lang3.CharSet_add_173,Lang,1,Lang-1f,org.apache.commons.lang3.CharSet,add,173,200,19,1,3,25,9,9,4,14,17,20,5,4,9,5,5,1,4,0.5294,1,1,17
Lang-1f_org.apache.commons.lang3.CharRange_contains_170,Lang,1,Lang-1f,org.apache.commons.lang3.CharRange,contains,170,172,2,1,0,2,0,3,1,0,1,0,1,0,0,0,0,1,0,0.0,0,0,1
Lang-1f_org.apache.commons.lang3.CharSet_equals_246,Lang,1,Lang-1f,org.apache.commons.lang3.CharSet,equals,246,255,7,1,1,4,0,2,0,0,6,5,1,2,3,1,1,3,2,0.5,1,1,6
Lang-1f_org.apache.commons.lang3.CharSet_hashCode_264,Lang,1,Lang-1f,org.apache.commons.lang3.CharSet,hashCode,264,266,2,0,0,2,1,0,0,1,1,0,1,0,1,1,1,1,0,1.0,1,1,1
Lang-1f_org.apache.commons.lang3.CharSet_toString_274,Lang,1,Lang-1f,org.apache.commons.lang3.CharSet,toString,274,276,2,0,0,2,0,0,0,0,1,0,1,0,1,1,1,1,0,1.0,1,1,1
Lang-1f_org.apache.commons.lang3.CharSet_<clinit>_81,Lang,1,Lang-1f,org.apache.commons.lang3.CharSet,<clinit>,81,89,8,2,0,7,0,0,0,6,7,6,1,0,0,0,0,0,0,0.0,0,0,7
Lang-1f_org.apache.commons.lang3.concurrent.ConstantInitializer_<init>_57,Lang,1,Lang-1f,org.apache.commons.lang3.concurrent.ConstantInitializer,<init>,57,59,2,1,0,1,0,0,0,0,6,5,1,0,0,0,0,0,0,0.0,0,0,2
Lang-1f_org.apache.commons.lang3.concurrent.ConstantInitializer_get_80,Lang,1,Lang-1f,org.apache.commons.lang3.concurrent.ConstantInitializer,get,80,82,2,0,0,2,0,0,0,0,1,0,1,0,0,0,0,1,0,0.0,0,0,1
Lang-1f_org.apache.commons.lang3.concurrent.ConstantInitializer_getObject_68,Lang,1,Lang-1f,org.apache.commons.lang3.concurrent.ConstantInitializer,getObject,68,70,2,0,0,1,0,0,0,0,1,0,1,0,0,0,0,1,0,0.0,0,0,1
Lang-1f_org.apache.commons.lang3.concurrent.ConstantInitializer_hashCode_91,Lang,1,Lang-1f,org.apache.commons.lang3.concurrent.ConstantInitializer,hashCode,91,93,2,0,0,4,0,1,0,1,1,0,1,0,1,1,1,1,0,1.0,1,1,1
Lang-1f_org.apache.commons.lang3.concurrent.ConstantInitializer_equals_105,Lang,1,Lang-1f,org.apache.commons.lang3.concurrent.ConstantInitializer,equals,105,115,7,1,0,6,0,7,0,0,6,5,1,2,3,1,1,3,2,0.5,1,1,6
Lang-1f_org.apache.commons.lang3.concurrent.ConstantInitializer_toString_125,Lang,1,Lang-1f,org.apache.commons.lang3.concurrent.ConstantInitializer,toString,125,128,3,0,0,6,0,0,0,0,1,0,1,0,0,0,0,1,0,0.0,0,0,1
Lang-1f_org.apache.commons.lang3.concurrent.AtomicInitializer_get_81,Lang,1,Lang-1f,org.apache.commons.lang3.concurrent.AtomicInitializer,get,81,93,7,0,1,7,0,1,0,0,6,7,3,2,4,3,2,1,2,0.6667,1,1,6
Lang-1f_org.apache.commons.lang3.concurrent.ConcurrentRuntimeException_<init>_46,Lang,1,Lang-1f,org.apache.commons.lang3.concurrent.ConcurrentRuntimeException,<init>,46,48,2,0,0,2,0,0,0,0,5,4,1,0,0,0,0,0,0,0.0,0,0,2
Lang-1f_org.apache.commons.lang3.concurrent.ConcurrentRuntimeException_<init>_57,Lang,1,Lang-1f,org.apache.commons.lang3.concurrent.ConcurrentRuntimeException,<init>,57,59,2,1,0,3,0,0,0,0,9,8,1,0,0,0,0,0,0,0.0,0,0,2
Lang-1f_org.apache.commons.lang3.concurrent.ConcurrentUtils_checkedException_143,Lang,1,Lang-1f,org.apache.commons.lang3.concurrent.ConcurrentUtils,checkedException,143,150,6,1,0,3,1,1,2,1,5,4,1,1,1,0,0,1,1,0.2,0,1,3
Lang-1f_org.apache.commons.lang3.concurrent.ConcurrentRuntimeException_<init>_69,Lang,1,Lang-1f,org.apache.commons.lang3.concurrent.ConcurrentRuntimeException,<init>,69,71,2,2,1,3,0,0,0,0,13,12,1,0,0,0,0,0,0,0.0,0,0,2
Lang-1f_org.apache.commons.lang3.concurrent.BasicThreadFactory_<init>_115,Lang,1,Lang-1f,org.apache.commons.lang3.concurrent.BasicThreadFactory,<init>,115,128,10,1,0,4,0,1,0,0,13,13,2,1,1,1,0,0,1,0.0769,0,1,9
Lang-1f_org.apache.commons.lang3.concurrent.BasicThreadFactory_getThreadCount_191,Lang,1,Lang-1f,org.apache.commons.lang3.concurrent.BasicThreadFactory,getThreadCount,191,193,2,0,0,2,0,0,0,0,1,0,1,0,0,0,0,1,0,0.0,0,0,1
Lang-1f_org.apache.commons.lang3.concurrent.BasicThreadFactory_newThread_204,Lang,1,Lang-1f,org.apache.commons.lang3.concurrent.BasicThreadFactory,newThread,204,209,4,1,1,4,0,0,0,0,3,2,1,0,1,1,1,1,0,0.3333,1,1,3
Lang-1f_org.apache.commons.lang3.concurrent.BasicThreadFactory_getWrappedFactory_138,Lang,1,Lang-1f,org.apache.commons.lang3.concurrent.BasicThreadFactory,getWrappedFactory,138,140,2,0,0,1,0,0,0,0,1,0,1,0,0,0,0,1,0,0.0,0,0,1
Lang-1f_org.apache.commons.lang3.concurrent.BasicThreadFactory_initializeThread_219,Lang,1,Lang-1f,org.apache.commons.lang3.concurrent.BasicThreadFactory,initializeThread,219,237,10,1,1,22,0,4,0,0,9,11,4,4,4,3,0,0,4,0.4444,0,1,9
Lang-1f_org.apache.commons.lang3.concurrent.BasicThreadFactory_getNamingPattern_148,Lang,1,Lang-1f,org.apache.commons.lang3.concurrent.BasicThreadFactory,getNamingPattern,148,150,2,0,0,1,0,0,0,0,1,0,1,0,0,0,0,1,0,0.0,0,0,1
Lang-1f_org.apache.commons.lang3.concurrent.BasicThreadFactory_getUncaughtExceptionHandler_180,Lang,1,Lang-1f,org.apache.commons.lang3.concurrent.BasicThreadFactory,getUncaughtExceptionHandler,180,182,2,0,0,1,0,0,0,0,1,0,1,0,0,0,0,1,0,0.0,0,0,1
Lang-1f_org.apache.commons.lang3.concurrent.BasicThreadFactory_getPriority_170,Lang,1,Lang-1f,org.apache.commons.lang3.concurrent.BasicThreadFactory,getPriority,170,172,2,0,0,1,0,0,0,0,1,0,1,0,0,0,0,1,0,0.0,0,0,1
Lang-1f_org.apache.commons.lang3.concurrent.BasicThreadFactory_getDaemonFlag_160,Lang,1,Lang-1f,org.apache.commons.lang3.concurrent.BasicThreadFactory,getDaemonFlag,160,162,2,0,0,1,0,0,0,0,1,0,1,0,0,0,0,1,0,0.0,0,0,1
Lang-1f_org.apache.commons.lang3.concurrent.CallableBackgroundInitializer_<init>_79,Lang,1,Lang-1f,org.apache.commons.lang3.concurrent.CallableBackgroundInitializer,<init>,79,82,3,1,0,2,0,2,0,0,8,7,1,0,0,0,0,0,0,0.0,0,0,3
Lang-1f_org.apache.commons.lang3.concurrent.BackgroundInitializer_<init>_101,Lang,1,Lang-1f,org.apache.commons.lang3.concurrent.BackgroundInitializer,<init>,101,103,2,0,0,2,0,0,0,0,5,4,1,0,0,0,0,0,0,0.0,0,0,2
Lang-1f_org.apache.commons.lang3.concurrent.CallableBackgroundInitializer_checkCallable_121,Lang,1,Lang-1f,org.apache.commons.lang3.concurrent.CallableBackgroundInitializer,checkCallable,121,125,3,1,0,3,0,3,0,1,3,2,1,1,1,0,0,0,1,0.3333,0,1,2
Lang-1f_org.apache.commons.lang3.concurrent.CallableBackgroundInitializer_<init>_95,Lang,1,Lang-1f,org.apache.commons.lang3.concurrent.CallableBackgroundInitializer,<init>,95,99,4,2,0,3,0,2,0,0,13,12,1,0,0,0,0,0,0,0.0,0,0,4
Lang-1f_org.apache.commons.lang3.concurrent.BackgroundInitializer_<init>_115,Lang,1,Lang-1f,org.apache.commons.lang3.concurrent.BackgroundInitializer,<init>,115,117,2,1,0,2,0,0,0,0,6,5,1,0,0,0,0,0,0,0.0,0,0,2
Lang-1f_org.apache.commons.lang3.concurrent.CallableBackgroundInitializer_initialize_110,Lang,1,Lang-1f,org.apache.commons.lang3.concurrent.CallableBackgroundInitializer,initialize,110,112,2,0,0,2,0,0,0,0,1,0,1,0,0,0,0,1,0,0.0,0,0,1
Lang-1f_org.apache.commons.lang3.concurrent.MultiBackgroundInitializer_getInitializer_263,Lang,1,Lang-1f,org.apache.commons.lang3.concurrent.MultiBackgroundInitializer,getInitializer,263,265,2,1,0,2,0,2,0,0,1,0,1,0,0,0,0,1,0,0.0,0,0,1
Lang-1f_org.apache.commons.lang3.concurrent.MultiBackgroundInitializer_checkName_342,Lang,1,Lang-1f,org.apache.commons.lang3.concurrent.MultiBackgroundInitializer,checkName,342,350,6,1,0,4,1,5,0,1,6,6,2,1,1,1,0,1,1,0.1667,0,1,5
Lang-1f_org.apache.commons.lang3.concurrent.MultiBackgroundInitializer_getResultObject_279,Lang,1,Lang-1f,org.apache.commons.lang3.concurrent.MultiBackgroundInitializer,getResultObject,279,282,3,1,0,3,0,0,0,0,2,1,1,0,0,0,0,1,0,0.0,0,0,2
Lang-1f_org.apache.commons.lang3.concurrent.MultiBackgroundInitializer_isException_292,Lang,1,Lang-1f,org.apache.commons.lang3.concurrent.MultiBackgroundInitializer,isException,292,295,3,1,0,3,0,0,0,0,2,1,1,0,0,0,0,1,0,0.0,0,0,2
Lang-1f_org.apache.commons.lang3.concurrent.MultiBackgroundInitializer_getException_307,Lang,1,Lang-1f,org.apache.commons.lang3.concurrent.MultiBackgroundInitializer,getException,307,310,3,1,0,3,0,0,0,0,2,1,1,0,0,0,0,1,0,0.0,0,0,2
Lang-1f_org.apache.commons.lang3.concurrent.MultiBackgroundInitializer_initializerNames_319,Lang,1,Lang-1f,org.apache.commons.lang3.concurrent.MultiBackgroundInitializer,initializerNames,319,321,2,0,0,3,0,2,0,0,1,0,1,0,0,0,0,1,0,0.0,0,0,1
Lang-1f_org.apache.commons.lang3.concurrent.MultiBackgroundInitializer_isSuccessful_329,Lang,1,Lang-1f,org.apache.commons.lang3.concurrent.MultiBackgroundInitializer,isSuccessful,329,331,2,0,0,2,0,0,0,0,1,0,1,0,0,0,0,1,0,0.0,0,0,1
Lang-1f_org.apache.commons.lang3.concurrent.BackgroundInitializer_setExternalExecutor_153,Lang,1,Lang-1f,org.apache.commons.lang3.concurrent.BackgroundInitializer,setExternalExecutor,153,161,6,1,0,4,0,0,0,1,4,4,2,1,1,1,0,0,1,0.25,0,1,4
Lang-1f_org.apache.commons.lang3.concurrent.BackgroundInitializer_isStarted_135,Lang,1,Lang-1f,org.apache.commons.lang3.concurrent.BackgroundInitializer,isStarted,135,137,2,0,0,1,0,1,0,0,1,0,1,0,0,0,0,1,0,0.0,0,0,1
Lang-1f_org.apache.commons.lang3.concurrent.BackgroundInitializer_start_173,Lang,1,Lang-1f,org.apache.commons.lang3.concurrent.BackgroundInitializer,start,173,193,11,0,1,8,0,1,0,0,9,9,2,2,2,1,0,2,2,0.2222,0,1,9
Lang-1f_org.apache.commons.lang3.concurrent.BackgroundInitializer_getExternalExecutor_124,Lang,1,Lang-1f,org.apache.commons.lang3.concurrent.BackgroundInitializer,getExternalExecutor,124,126,2,0,0,1,0,0,0,0,1,0,1,0,0,0,0,1,0,0.0,0,0,1
Lang-1f_org.apache.commons.lang3.concurrent.BackgroundInitializer_createExecutor_300,Lang,1,Lang-1f,org.apache.commons.lang3.concurrent.BackgroundInitializer,createExecutor,300,302,2,0,0,3,0,0,0,0,1,0,1,0,0,0,0,1,0,0.0,0,0,1
Lang-1f_org.apache.commons.lang3.concurrent.BackgroundInitializer_createTask_290,Lang,1,Lang-1f,org.apache.commons.lang3.concurrent.BackgroundInitializer,createTask,290,292,2,1,0,2,0,2,0,0,1,0,1,0,0,0,0,1,0,0.0,0,0,1
Lang-1f_org.apache.commons.lang3.concurrent.BackgroundInitializer_get_210,Lang,1,Lang-1f,org.apache.commons.lang3.concurrent.BackgroundInitializer,get,210,221,9,0,0,9,0,0,0,0,12,9,1,0,1,1,1,2,0,0.0833,1,1,7
Lang-1f_org.apache.commons.lang3.concurrent.BackgroundInitializer_getFuture_231,Lang,1,Lang-1f,org.apache.commons.lang3.concurrent.BackgroundInitializer,getFuture,231,237,4,0,0,3,0,3,0,1,4,4,2,1,1,1,0,1,1,0.25,0,1,3
Lang-1f_org.apache.commons.lang3.concurrent.ConcurrentUtils_handleCause_104,Lang,1,Lang-1f,org.apache.commons.lang3.concurrent.ConcurrentUtils,handleCause,104,111,5,1,1,3,0,1,0,0,3,2,1,1,1,0,0,0,1,0.3333,0,1,3
Lang-1f_org.apache.commons.lang3.concurrent.ConcurrentException_<init>_55,Lang,1,Lang-1f,org.apache.commons.lang3.concurrent.ConcurrentException,<init>,55,57,2,1,0,3,0,0,0,0,9,8,1,0,0,0,0,0,0,0.0,0,0,2
Lang-1f_org.apache.commons.lang3.concurrent.BackgroundInitializer_getTaskCount_263,Lang,1,Lang-1f,org.apache.commons.lang3.concurrent.BackgroundInitializer,getTaskCount,263,265,2,0,0,1,0,0,0,1,1,0,1,0,0,0,0,1,0,0.0,0,0,1
Lang-1f_org.apache.commons.lang3.concurrent.ConcurrentException_<init>_44,Lang,1,Lang-1f,org.apache.commons.lang3.concurrent.ConcurrentException,<init>,44,46,2,0,0,2,0,0,0,0,5,4,1,0,0,0,0,0,0,0.0,0,0,2
Lang-1f_org.apache.commons.lang3.concurrent.ConcurrentException_<init>_67,Lang,1,Lang-1f,org.apache.commons.lang3.concurrent.ConcurrentException,<init>,67,69,2,2,1,3,0,0,0,0,13,12,1,0,0,0,0,0,0,0.0,0,0,2
Lang-1f_org.apache.commons.lang3.concurrent.LazyInitializer_get_92,Lang,1,Lang-1f,org.apache.commons.lang3.concurrent.LazyInitializer,get,92,107,8,0,1,5,0,2,0,0,7,8,3,2,2,1,0,1,2,0.2857,0,1,7
Lang-1f_org.apache.commons.lang3.concurrent.TimedSemaphore_run_404,Lang,1,Lang-1f,org.apache.commons.lang3.concurrent.TimedSemaphore,run,404,406,2,0,0,2,0,0,0,0,1,0,1,0,0,0,0,0,0,0.0,0,0,1
Lang-1f_org.apache.commons.lang3.concurrent.TimedSemaphore_endOfPeriod_415,Lang,1,Lang-1f,org.apache.commons.lang3.concurrent.TimedSemaphore,endOfPeriod,415,421,6,0,0,2,2,0,0,1,5,4,1,0,0,0,0,0,0,0.0,0,0,5
Lang-1f_org.apache.commons.lang3.concurrent.AtomicSafeInitializer_get_73,Lang,1,Lang-1f,org.apache.commons.lang3.concurrent.AtomicSafeInitializer,get,73,83,6,0,1,7,0,1,0,0,5,6,3,1,2,1,1,1,1,0.4,1,1,5
Lang-1f_org.apache.commons.lang3.concurrent.BackgroundInitializer_call_325,Lang,1,Lang-1f,org.apache.commons.lang3.concurrent.BackgroundInitializer,call,325,333,6,0,0,4,0,1,0,0,3,1,1,1,1,0,0,1,0,0.3333,0,1,3
Lang-1f_org.apache.commons.lang3.concurrent.BackgroundInitializer_initialize_277,Lang,1,Lang-1f,org.apache.commons.lang3.concurrent.BackgroundInitializer,initialize,277,280,3,0,0,1,4,0,0,0,0,0,0,0,0,0,0,0,0,0.0,0,0,0
Lang-1f_org.apache.commons.lang3.concurrent.TimedSemaphore_<init>_184,Lang,1,Lang-1f,org.apache.commons.lang3.concurrent.TimedSemaphore,<init>,184,186,2,3,2,2,0,0,0,0,16,15,1,0,0,0,0,0,0,0.0,0,0,2
Lang-1f_org.apache.commons.lang3.concurrent.TimedSemaphore_<init>_200,Lang,1,Lang-1f,org.apache.commons.lang3.concurrent.TimedSemaphore,<init>,200,222,17,4,4,8,0,2,0,2,28,29,3,2,2,2,0,0,2,0.0714,0,1,15
Lang-1f_org.apache.commons.lang3.concurrent.TimedSemaphore_setLimit_245,Lang,1,Lang-1f,org.apache.commons.lang3.concurrent.TimedSemaphore,setLimit,245,247,2,1,0,1,0,0,0,0,1,0,1,0,0,0,0,0,0,0.0,0,0,1
Lang-1f_org.apache.commons.lang3.concurrent.TimedSemaphore_shutdown_254,Lang,1,Lang-1f,org.apache.commons.lang3.concurrent.TimedSemaphore,shutdown,254,268,7,0,0,7,0,1,0,0,6,7,3,3,3,2,0,0,3,0.5,0,1,6
Lang-1f_org.apache.commons.lang3.concurrent.TimedSemaphore_getExecutorService_390,Lang,1,Lang-1f,org.apache.commons.lang3.concurrent.TimedSemaphore,getExecutorService,390,392,2,0,0,1,0,0,0,0,1,0,1,0,0,0,0,1,0,0.0,0,0,1
Lang-1f_org.apache.commons.lang3.concurrent.TimedSemaphore_acquire_292,Lang,1,Lang-1f,org.apache.commons.lang3.concurrent.TimedSemaphore,acquire,292,310,13,0,1,11,2,3,1,1,11,14,5,3,4,4,1,0,3,0.3636,1,1,10
Lang-1f_org.apache.commons.lang3.concurrent.TimedSemaphore_isShutdown_277,Lang,1,Lang-1f,org.apache.commons.lang3.concurrent.TimedSemaphore,isShutdown,277,279,2,0,0,1,0,0,0,0,1,0,1,0,0,0,0,1,0,0.0,0,0,1
Lang-1f_org.apache.commons.lang3.concurrent.TimedSemaphore_startTimer_401,Lang,1,Lang-1f,org.apache.commons.lang3.concurrent.TimedSemaphore,startTimer,401,408,6,0,0,9,0,2,0,0,1,0,1,0,0,0,0,1,0,0.0,0,0,1
Lang-1f_org.apache.commons.lang3.concurrent.TimedSemaphore_getLimit_231,Lang,1,Lang-1f,org.apache.commons.lang3.concurrent.TimedSemaphore,getLimit,231,233,2,0,0,1,0,0,0,0,1,0,1,0,0,0,0,1,0,0.0,0,0,1
Lang-1f_org.apache.commons.lang3.concurrent.TimedSemaphore_getAvailablePermits_347,Lang,1,Lang-1f,org.apache.commons.lang3.concurrent.TimedSemaphore,getAvailablePermits,347,349,2,0,0,3,1,0,0,0,1,0,1,0,0,0,0,1,0,0.0,0,0,1
Lang-1f_org.apache.commons.lang3.concurrent.TimedSemaphore_getAcquireCount_332,Lang,1,Lang-1f,org.apache.commons.lang3.concurrent.TimedSemaphore,getAcquireCount,332,334,2,0,0,1,0,0,0,0,1,0,1,0,0,0,0,1,0,0.0,0,0,1
Lang-1f_org.apache.commons.lang3.concurrent.TimedSemaphore_getPeriod_372,Lang,1,Lang-1f,org.apache.commons.lang3.concurrent.TimedSemaphore,getPeriod,372,374,2,0,0,1,0,0,0,0,1,0,1,0,0,0,0,1,0,0.0,0,0,1
Lang-1f_org.apache.commons.lang3.concurrent.TimedSemaphore_getUnit_381,Lang,1,Lang-1f,org.apache.commons.lang3.concurrent.TimedSemaphore,getUnit,381,383,2,0,0,1,0,0,0,0,1,0,1,0,0,0,0,1,0,0.0,0,0,1
Lang-1f_org.apache.commons.lang3.concurrent.MultiBackgroundInitializer_<init>_107,Lang,1,Lang-1f,org.apache.commons.lang3.concurrent.MultiBackgroundInitializer,<init>,107,109,2,0,0,2,0,0,0,0,5,4,1,0,0,0,0,0,0,0.0,0,0,2
Lang-1f_org.apache.commons.lang3.concurrent.MultiBackgroundInitializer_<init>_118,Lang,1,Lang-1f,org.apache.commons.lang3.concurrent.MultiBackgroundInitializer,<init>,118,120,2,1,0,2,0,0,0,0,7,6,1,0,0,0,0,0,0,0.0,0,0,2
Lang-1f_org.apache.commons.lang3.concurrent.MultiBackgroundInitializer_addInitializer_134,Lang,1,Lang-1f,org.apache.commons.lang3.concurrent.MultiBackgroundInitializer,addInitializer,134,151,12,2,1,10,0,4,0,3,11,13,4,3,3,3,0,0,3,0.2727,0,1,11
Lang-1f_org.apache.commons.lang3.concurrent.MultiBackgroundInitializer_getTaskCount_164,Lang,1,Lang-1f,org.apache.commons.lang3.concurrent.MultiBackgroundInitializer,getTaskCount,164,172,5,0,1,4,0,2,0,1,5,5,2,0,2,2,3,1,0,0.4,1,1,4
Lang-1f_org.apache.commons.lang3.concurrent.MultiBackgroundInitializer_initialize_185,Lang,1,Lang-1f,org.apache.commons.lang3.concurrent.MultiBackgroundInitializer,initialize,185,215,18,0,1,19,0,20,0,0,19,21,4,1,3,3,4,1,0,0.1579,1,1,15
Lang-1f_org.apache.commons.lang3.concurrent.ConcurrentUtils_<init>_39,Lang,1,Lang-1f,org.apache.commons.lang3.concurrent.ConcurrentUtils,<init>,39,40,1,0,0,1,0,0,0,0,4,3,1,0,0,0,0,0,0,0.0,0,0,1
Lang-1f_org.apache.commons.lang3.concurrent.ConcurrentUtils_extractCause_60,Lang,1,Lang-1f,org.apache.commons.lang3.concurrent.ConcurrentUtils,extractCause,60,67,5,1,0,7,0,2,1,0,4,3,1,1,1,0,0,2,1,0.25,0,1,4
Lang-1f_org.apache.commons.lang3.concurrent.ConcurrentUtils_throwCause_158,Lang,1,Lang-1f,org.apache.commons.lang3.concurrent.ConcurrentUtils,throwCause,158,166,5,1,0,9,0,0,0,0,10,10,2,2,2,1,0,0,2,0.2,0,1,4
Lang-1f_org.apache.commons.lang3.concurrent.ConcurrentUtils_extractCauseUnchecked_81,Lang,1,Lang-1f,org.apache.commons.lang3.concurrent.ConcurrentUtils,extractCauseUnchecked,81,89,6,1,0,7,0,2,1,0,4,3,1,1,1,0,0,2,1,0.25,0,1,4
Lang-1f_org.apache.commons.lang3.concurrent.ConcurrentUtils_handleCauseUnchecked_126,Lang,1,Lang-1f,org.apache.commons.lang3.concurrent.ConcurrentUtils,handleCauseUnchecked,126,132,4,1,1,3,0,1,0,0,3,2,1,1,1,0,0,0,1,0.3333,0,1,3
Lang-1f_org.apache.commons.lang3.concurrent.ConcurrentUtils_initialize_182,Lang,1,Lang-1f,org.apache.commons.lang3.concurrent.ConcurrentUtils,initialize,182,185,3,1,0,2,0,5,0,0,1,0,1,0,0,0,0,1,0,0.0,0,0,1
Lang-1f_org.apache.commons.lang3.concurrent.ConcurrentUtils_initializeUnchecked_200,Lang,1,Lang-1f,org.apache.commons.lang3.concurrent.ConcurrentUtils,initializeUnchecked,200,206,5,1,0,5,0,4,0,0,8,6,1,0,0,0,0,1,0,0.0,0,0,3
Lang-1f_org.apache.commons.lang3.concurrent.ConcurrentUtils_constantFuture_323,Lang,1,Lang-1f,org.apache.commons.lang3.concurrent.ConcurrentUtils,constantFuture,323,325,2,1,0,1,0,6,0,0,1,0,1,0,0,0,0,1,0,0.0,0,0,1
Lang-1f_org.apache.commons.lang3.concurrent.BasicThreadFactory_wrappedFactory_282,Lang,1,Lang-1f,org.apache.commons.lang3.concurrent.BasicThreadFactory,wrappedFactory,282,290,6,1,0,3,0,1,0,1,5,5,2,1,1,1,0,1,1,0.2,0,1,5
Lang-1f_org.apache.commons.lang3.concurrent.BasicThreadFactory_namingPattern_300,Lang,1,Lang-1f,org.apache.commons.lang3.concurrent.BasicThreadFactory,namingPattern,300,308,6,1,0,3,0,1,0,1,5,5,2,1,1,1,0,1,1,0.2,0,1,5
Lang-1f_org.apache.commons.lang3.concurrent.BasicThreadFactory_daemon_318,Lang,1,Lang-1f,org.apache.commons.lang3.concurrent.BasicThreadFactory,daemon,318,321,3,1,0,2,0,0,0,0,2,1,1,0,0,0,0,1,0,0.0,0,0,2
Lang-1f_org.apache.commons.lang3.concurrent.BasicThreadFactory_priority_330,Lang,1,Lang-1f,org.apache.commons.lang3.concurrent.BasicThreadFactory,priority,330,333,3,1,0,2,0,0,0,0,2,1,1,0,0,0,0,1,0,0.0,0,0,2
Lang-1f_org.apache.commons.lang3.concurrent.BasicThreadFactory_uncaughtExceptionHandler_344,Lang,1,Lang-1f,org.apache.commons.lang3.concurrent.BasicThreadFactory,uncaughtExceptionHandler,344,353,7,1,0,3,0,1,0,1,5,5,2,1,1,1,0,1,1,0.2,0,1,5
Lang-1f_org.apache.commons.lang3.concurrent.BasicThreadFactory_build_377,Lang,1,Lang-1f,org.apache.commons.lang3.concurrent.BasicThreadFactory,build,377,381,4,0,1,3,0,0,0,0,3,2,1,0,0,0,0,1,0,0.0,0,0,3
Lang-1f_org.apache.commons.lang3.concurrent.BasicThreadFactory_reset_361,Lang,1,Lang-1f,org.apache.commons.lang3.concurrent.BasicThreadFactory,reset,361,367,6,0,0,1,0,0,0,0,5,4,1,0,0,0,0,0,0,0.0,0,0,5
Lang-1f_org.apache.commons.lang3.text.StrBuilder_<init>_102,Lang,1,Lang-1f,org.apache.commons.lang3.text.StrBuilder,<init>,102,104,2,0,0,2,0,0,0,0,5,4,1,0,0,0,0,0,0,0.0,0,0,2
Lang-1f_org.apache.commons.lang3.text.StrBuilder_<init>_111,Lang,1,Lang-1f,org.apache.commons.lang3.text.StrBuilder,<init>,111,117,5,1,0,3,0,1,0,1,9,9,2,1,1,1,0,0,1,0.1111,0,1,5
Lang-1f_org.apache.commons.lang3.text.StrBuilder_<init>_125,Lang,1,Lang-1f,org.apache.commons.lang3.text.StrBuilder,<init>,125,133,7,1,0,5,1,1,0,0,11,10,1,1,1,0,0,0,1,0.0909,0,1,6
Lang-1f_org.apache.commons.lang3.text.StrBuilder_setNullText_172,Lang,1,Lang-1f,org.apache.commons.lang3.text.StrBuilder,setNullText,172,178,5,1,0,3,0,1,1,0,4,4,2,1,1,1,0,1,1,0.25,0,1,4
Lang-1f_org.apache.commons.lang3.text.StrBuilder_setLength_199,Lang,1,Lang-1f,org.apache.commons.lang3.text.StrBuilder,setLength,199,215,13,1,3,7,2,4,0,2,15,18,5,3,4,3,2,1,3,0.2667,1,1,12
Lang-1f_org.apache.commons.lang3.text.StrBuilder_ensureCapacity_233,Lang,1,Lang-1f,org.apache.commons.lang3.text.StrBuilder,ensureCapacity,233,240,6,1,0,3,1,1,0,3,5,5,2,1,1,1,0,1,1,0.2,0,1,5
Lang-1f_org.apache.commons.lang3.text.StrBuilder_minimizeCapacity_247,Lang,1,Lang-1f,org.apache.commons.lang3.text.StrBuilder,minimizeCapacity,247,254,6,0,0,5,0,1,0,2,5,5,2,1,1,1,0,1,1,0.2,0,1,5
Lang-1f_org.apache.commons.lang3.text.StrBuilder_length_187,Lang,1,Lang-1f,org.apache.commons.lang3.text.StrBuilder,length,187,189,2,0,0,1,0,0,0,0,1,0,1,0,0,0,0,1,0,0.0,0,0,1
Lang-1f_org.apache.commons.lang3.text.StrBuilder_charAt_308,Lang,1,Lang-1f,org.apache.commons.lang3.text.StrBuilder,charAt,308,313,4,1,0,4,0,2,1,1,4,4,2,1,1,1,0,1,1,0.25,0,1,3
Lang-1f_org.apache.commons.lang3.text.StrBuilder_setCharAt_325,Lang,1,Lang-1f,org.apache.commons.lang3.text.StrBuilder,setCharAt,325,331,5,2,1,4,0,2,1,1,5,5,2,1,1,1,0,1,1,0.2,0,1,4
Lang-1f_org.apache.commons.lang3.text.StrBuilder_deleteCharAt_342,Lang,1,Lang-1f,org.apache.commons.lang3.text.StrBuilder,deleteCharAt,342,348,5,1,0,4,1,2,1,3,5,5,2,1,1,1,0,1,1,0.2,0,1,4
Lang-1f_org.apache.commons.lang3.text.StrBuilder_deleteImpl_1667,Lang,1,Lang-1f,org.apache.commons.lang3.text.StrBuilder,deleteImpl,1667,1670,3,3,2,2,1,0,0,0,2,1,1,0,0,0,0,0,0,0.0,0,0,2
Lang-1f_org.apache.commons.lang3.text.StrBuilder_toCharArray_356,Lang,1,Lang-1f,org.apache.commons.lang3.text.StrBuilder,toCharArray,356,363,6,0,0,3,0,1,0,3,5,4,1,1,1,0,0,2,1,0.2,0,1,5
Lang-1f_org.apache.commons.lang3.text.StrBuilder_toCharArray_375,Lang,1,Lang-1f,org.apache.commons.lang3.text.StrBuilder,toCharArray,375,384,8,2,2,4,1,1,0,2,7,6,1,1,1,0,0,2,1,0.1429,0,1,7
Lang-1f_org.apache.commons.lang3.text.StrBuilder_validateRange_2776,Lang,1,Lang-1f,org.apache.commons.lang3.text.StrBuilder,validateRange,2776,2787,8,2,1,6,0,3,0,2,9,11,4,3,3,3,0,1,3,0.3333,0,1,7
Lang-1f_org.apache.commons.lang3.text.StrBuilder_getChars_392,Lang,1,Lang-1f,org.apache.commons.lang3.text.StrBuilder,getChars,392,399,6,1,1,4,0,2,1,2,5,5,2,1,1,1,0,1,1,0.2,0,1,5
Lang-1f_org.apache.commons.lang3.text.StrBuilder_getChars_411,Lang,1,Lang-1f,org.apache.commons.lang3.text.StrBuilder,getChars,411,422,8,4,2,9,1,4,1,3,10,12,4,3,3,3,0,0,3,0.3,0,1,7
Lang-1f_org.apache.commons.lang3.text.StrBuilder_appendNewLine_434,Lang,1,Lang-1f,org.apache.commons.lang3.text.StrBuilder,appendNewLine,434,440,5,0,0,4,0,1,0,0,4,3,1,1,1,0,0,2,1,0.25,0,1,4
Lang-1f_org.apache.commons.lang3.text.StrBuilder_appendNull_447,Lang,1,Lang-1f,org.apache.commons.lang3.text.StrBuilder,appendNull,447,452,4,0,0,3,0,1,0,0,3,2,1,1,1,0,0,2,1,0.3333,0,1,3
Lang-1f_org.apache.commons.lang3.text.StrBuilder_append_461,Lang,1,Lang-1f,org.apache.commons.lang3.text.StrBuilder,append,461,466,4,1,0,5,0,1,0,0,3,2,1,1,2,1,1,2,1,0.6667,1,1,3
Lang-1f_org.apache.commons.lang3.text.StrBuilder_append_477,Lang,1,Lang-1f,org.apache.commons.lang3.text.StrBuilder,append,477,482,4,1,0,5,0,1,0,0,3,2,1,1,2,1,1,2,1,0.6667,1,1,3
Lang-1f_org.apache.commons.lang3.text.StrBuilder_append_495,Lang,1,Lang-1f,org.apache.commons.lang3.text.StrBuilder,append,495,500,4,3,2,5,0,1,0,0,3,2,1,1,2,1,1,2,1,0.6667,1,1,3
Lang-1f_org.apache.commons.lang3.text.StrBuilder_append_533,Lang,1,Lang-1f,org.apache.commons.lang3.text.StrBuilder,append,533,550,13,3,3,13,3,6,2,5,14,16,4,4,4,3,0,2,4,0.2857,0,1,12
Lang-1f_org.apache.commons.lang3.text.StrBuilder_append_561,Lang,1,Lang-1f,org.apache.commons.lang3.text.StrBuilder,append,561,563,2,2,1,3,0,0,0,0,1,0,1,0,1,1,1,1,0,1.0,1,1,1
Lang-1f_org.apache.commons.lang3.text.StrBuilder_append_572,Lang,1,Lang-1f,org.apache.commons.lang3.text.StrBuilder,append,572,584,10,1,2,8,1,2,0,2,9,9,2,2,2,1,0,2,2,0.2222,0,1,9
Lang-1f_org.apache.commons.lang3.text.StrBuilder_append_595,Lang,1,Lang-1f,org.apache.commons.lang3.text.StrBuilder,append,595,612,13,3,3,13,3,6,2,5,14,16,4,4,4,3,0,2,4,0.2857,0,1,12
Lang-1f_org.apache.commons.lang3.text.StrBuilder_append_622,Lang,1,Lang-1f,org.apache.commons.lang3.text.StrBuilder,append,622,634,10,1,2,8,1,2,0,2,9,9,2,2,2,1,0,2,2,0.2222,0,1,9
Lang-1f_org.apache.commons.lang3.text.StrBuilder_append_646,Lang,1,Lang-1f,org.apache.commons.lang3.text.StrBuilder,append,646,663,13,3,3,13,3,6,2,5,14,16,4,4,4,3,0,2,4,0.2857,0,1,12
Lang-1f_org.apache.commons.lang3.text.StrBuilder_append_672,Lang,1,Lang-1f,org.apache.commons.lang3.text.StrBuilder,append,672,684,10,1,2,8,1,2,0,2,9,9,2,2,2,1,0,2,2,0.2222,0,1,9
Lang-1f_org.apache.commons.lang3.text.StrBuilder_append_695,Lang,1,Lang-1f,org.apache.commons.lang3.text.StrBuilder,append,695,712,13,3,3,13,3,6,2,5,14,16,4,4,4,3,0,2,4,0.2857,0,1,12
Lang-1f_org.apache.commons.lang3.text.StrBuilder_append_721,Lang,1,Lang-1f,org.apache.commons.lang3.text.StrBuilder,append,721,733,10,1,2,7,1,2,0,2,9,9,2,2,2,1,0,2,2,0.2222,0,1,9
Lang-1f_org.apache.commons.lang3.text.StrBuilder_append_744,Lang,1,Lang-1f,org.apache.commons.lang3.text.StrBuilder,append,744,761,13,3,2,11,4,6,2,5,16,18,4,4,4,3,0,2,4,0.25,0,1,12
Lang-1f_org.apache.commons.lang3.text.StrBuilder_append_769,Lang,1,Lang-1f,org.apache.commons.lang3.text.StrBuilder,append,769,785,15,1,0,4,20,0,0,2,13,13,2,1,1,1,0,1,1,0.0769,0,1,13
Lang-1f_org.apache.commons.lang3.text.StrBuilder_append_808,Lang,1,Lang-1f,org.apache.commons.lang3.text.StrBuilder,append,808,810,2,1,0,3,0,0,0,0,1,0,1,0,1,1,1,1,0,1.0,1,1,1
Lang-1f_org.apache.commons.lang3.text.StrBuilder_append_818,Lang,1,Lang-1f,org.apache.commons.lang3.text.StrBuilder,append,818,820,2,1,0,3,0,0,0,0,1,0,1,0,1,1,1,1,0,1.0,1,1,1
Lang-1f_org.apache.commons.lang3.text.StrBuilder_append_828,Lang,1,Lang-1f,org.apache.commons.lang3.text.StrBuilder,append,828,830,2,1,0,3,0,0,0,0,1,0,1,0,1,1,1,1,0,1.0,1,1,1
Lang-1f_org.apache.commons.lang3.text.StrBuilder_append_838,Lang,1,Lang-1f,org.apache.commons.lang3.text.StrBuilder,append,838,840,2,1,0,3,0,0,0,0,1,0,1,0,1,1,1,1,0,1.0,1,1,1
Lang-1f_org.apache.commons.lang3.text.StrBuilder_appendln_851,Lang,1,Lang-1f,org.apache.commons.lang3.text.StrBuilder,appendln,851,853,2,1,0,3,0,0,0,0,1,0,1,0,0,0,0,1,0,0.0,0,0,1
Lang-1f_org.apache.commons.lang3.text.StrBuilder_appendln_863,Lang,1,Lang-1f,org.apache.commons.lang3.text.StrBuilder,appendln,863,865,2,1,0,3,0,0,0,0,1,0,1,0,0,0,0,1,0,0.0,0,0,1
Lang-1f_org.apache.commons.lang3.text.StrBuilder_appendln_877,Lang,1,Lang-1f,org.apache.commons.lang3.text.StrBuilder,appendln,877,879,2,3,2,3,0,0,0,0,1,0,1,0,0,0,0,1,0,0.0,0,0,1
Lang-1f_org.apache.commons.lang3.text.StrBuilder_appendln_890,Lang,1,Lang-1f,org.apache.commons.lang3.text.StrBuilder,appendln,890,892,2,2,1,3,0,0,0,0,1,0,1,0,0,0,0,1,0,0.0,0,0,1
Lang-1f_org.apache.commons.lang3.text.StrBuilder_appendln_902,Lang,1,Lang-1f,org.apache.commons.lang3.text.StrBuilder,appendln,902,904,2,1,0,3,0,0,0,0,1,0,1,0,0,0,0,1,0,0.0,0,0,1
Lang-1f_org.apache.commons.lang3.text.StrBuilder_appendln_914,Lang,1,Lang-1f,org.apache.commons.lang3.text.StrBuilder,appendln,914,916,2,1,0,3,0,0,0,0,1,0,1,0,0,0,0,1,0,0.0,0,0,1
Lang-1f_org.apache.commons.lang3.text.StrBuilder_appendln_928,Lang,1,Lang-1f,org.apache.commons.lang3.text.StrBuilder,appendln,928,930,2,3,2,3,0,0,0,0,1,0,1,0,0,0,0,1,0,0.0,0,0,1
Lang-1f_org.apache.commons.lang3.text.StrBuilder_appendln_942,Lang,1,Lang-1f,org.apache.commons.lang3.text.StrBuilder,appendln,942,944,2,3,2,3,0,0,0,0,1,0,1,0,0,0,0,1,0,0.0,0,0,1
Lang-1f_org.apache.commons.lang3.text.StrBuilder_appendln_954,Lang,1,Lang-1f,org.apache.commons.lang3.text.StrBuilder,appendln,954,956,2,1,0,3,0,0,0,0,1,0,1,0,0,0,0,1,0,0.0,0,0,1
Lang-1f_org.apache.commons.lang3.text.StrBuilder_appendln_968,Lang,1,Lang-1f,org.apache.commons.lang3.text.StrBuilder,appendln,968,970,2,3,2,3,0,0,0,0,1,0,1,0,0,0,0,1,0,0.0,0,0,1
Lang-1f_org.apache.commons.lang3.text.StrBuilder_appendln_980,Lang,1,Lang-1f,org.apache.commons.lang3.text.StrBuilder,appendln,980,982,2,1,0,3,0,0,0,0,1,0,1,0,0,0,0,1,0,0.0,0,0,1
Lang-1f_org.apache.commons.lang3.text.StrBuilder_appendln_994,Lang,1,Lang-1f,org.apache.commons.lang3.text.StrBuilder,appendln,994,996,2,3,1,3,0,0,0,0,1,0,1,0,0,0,0,1,0,0.0,0,0,1
Lang-1f_org.apache.commons.lang3.text.StrBuilder_appendln_1005,Lang,1,Lang-1f,org.apache.commons.lang3.text.StrBuilder,appendln,1005,1007,2,1,0,3,0,0,0,0,1,0,1,0,0,0,0,1,0,0.0,0,0,1
Lang-1f_org.apache.commons.lang3.text.StrBuilder_appendln_1016,Lang,1,Lang-1f,org.apache.commons.lang3.text.StrBuilder,appendln,1016,1018,2,1,0,3,0,0,0,0,1,0,1,0,0,0,0,1,0,0.0,0,0,1
Lang-1f_org.apache.commons.lang3.text.StrBuilder_appendln_1027,Lang,1,Lang-1f,org.apache.commons.lang3.text.StrBuilder,appendln,1027,1029,2,1,0,3,0,0,0,0,1,0,1,0,0,0,0,1,0,0.0,0,0,1
Lang-1f_org.apache.commons.lang3.text.StrBuilder_appendln_1038,Lang,1,Lang-1f,org.apache.commons.lang3.text.StrBuilder,appendln,1038,1040,2,1,0,3,0,0,0,0,1,0,1,0,0,0,0,1,0,0.0,0,0,1
Lang-1f_org.apache.commons.lang3.text.StrBuilder_appendln_1049,Lang,1,Lang-1f,org.apache.commons.lang3.text.StrBuilder,appendln,1049,1051,2,1,0,3,0,0,0,0,1,0,1,0,0,0,0,1,0,0.0,0,0,1
Lang-1f_org.apache.commons.lang3.text.StrBuilder_appendln_1060,Lang,1,Lang-1f,org.apache.commons.lang3.text.StrBuilder,appendln,1060,1062,2,1,0,3,0,0,0,0,1,0,1,0,0,0,0,1,0,0.0,0,0,1
Lang-1f_org.apache.commons.lang3.text.StrBuilder_appendAll_1093,Lang,1,Lang-1f,org.apache.commons.lang3.text.StrBuilder,appendAll,1093,1100,5,1,0,4,0,3,0,0,5,6,3,1,2,2,2,1,1,0.4,1,1,4
Lang-1f_org.apache.commons.lang3.text.StrBuilder_appendAll_1111,Lang,1,Lang-1f,org.apache.commons.lang3.text.StrBuilder,appendAll,1111,1118,5,1,0,6,0,3,0,0,4,5,3,1,2,2,1,1,1,0.5,1,1,4
Lang-1f_org.apache.commons.lang3.text.StrBuilder_appendWithSeparators_1131,Lang,1,Lang-1f,org.apache.commons.lang3.text.StrBuilder,appendWithSeparators,1131,1141,8,2,1,7,2,3,1,3,9,10,3,1,2,2,2,1,1,0.2222,1,1,7
Lang-1f_org.apache.commons.lang3.text.StrBuilder_appendWithSeparators_1153,Lang,1,Lang-1f,org.apache.commons.lang3.text.StrBuilder,appendWithSeparators,1153,1165,9,2,0,11,0,5,0,0,8,10,4,2,3,2,1,1,2,0.375,1,1,8
Lang-1f_org.apache.commons.lang3.text.StrBuilder_appendWithSeparators_1177,Lang,1,Lang-1f,org.apache.commons.lang3.text.StrBuilder,appendWithSeparators,1177,1188,8,2,0,10,0,3,0,0,7,9,4,2,3,2,1,1,2,0.4286,1,1,7
Lang-1f_org.apache.commons.lang3.text.StrBuilder_appendSeparator_1211,Lang,1,Lang-1f,org.apache.commons.lang3.text.StrBuilder,appendSeparator,1211,1213,2,1,0,2,0,0,0,0,1,0,1,0,1,1,1,1,0,1.0,1,1,1
Lang-1f_org.apache.commons.lang3.text.StrBuilder_appendSeparator_1242,Lang,1,Lang-1f,org.apache.commons.lang3.text.StrBuilder,appendSeparator,1242,1248,5,2,2,4,0,1,0,0,4,4,2,1,1,1,0,1,1,0.25,0,1,4
Lang-1f_org.apache.commons.lang3.text.StrBuilder_isEmpty_277,Lang,1,Lang-1f,org.apache.commons.lang3.text.StrBuilder,isEmpty,277,279,2,0,0,1,0,1,0,1,1,0,1,0,0,0,0,1,0,0.0,0,0,1
Lang-1f_org.apache.commons.lang3.text.StrBuilder_appendSeparator_1269,Lang,1,Lang-1f,org.apache.commons.lang3.text.StrBuilder,appendSeparator,1269,1274,4,1,0,4,0,1,0,1,3,3,2,1,1,1,0,1,1,0.3333,0,1,3
Lang-1f_org.apache.commons.lang3.text.StrBuilder_size_265,Lang,1,Lang-1f,org.apache.commons.lang3.text.StrBuilder,size,265,267,2,0,0,1,0,0,0,0,1,0,1,0,0,0,0,1,0,0.0,0,0,1
Lang-1f_org.apache.commons.lang3.text.StrBuilder_appendSeparator_1287,Lang,1,Lang-1f,org.apache.commons.lang3.text.StrBuilder,appendSeparator,1287,1294,6,2,1,5,0,1,0,1,4,4,2,1,1,1,0,1,1,0.25,0,1,4
Lang-1f_org.apache.commons.lang3.text.StrBuilder_appendSeparator_1316,Lang,1,Lang-1f,org.apache.commons.lang3.text.StrBuilder,appendSeparator,1316,1321,4,2,1,3,0,2,1,1,3,3,2,1,1,1,0,1,1,0.3333,0,1,3
Lang-1f_org.apache.commons.lang3.text.StrBuilder_appendSeparator_1343,Lang,1,Lang-1f,org.apache.commons.lang3.text.StrBuilder,appendSeparator,1343,1348,4,2,1,3,0,1,0,1,3,3,2,1,1,1,0,1,1,0.3333,0,1,3
Lang-1f_org.apache.commons.lang3.text.StrBuilder_appendPadding_1358,Lang,1,Lang-1f,org.apache.commons.lang3.text.StrBuilder,appendPadding,1358,1366,6,2,2,4,5,2,0,2,7,8,3,1,2,2,2,1,1,0.2857,1,1,5
Lang-1f_org.apache.commons.lang3.text.StrBuilder_appendFixedWidthPadLeft_1380,Lang,1,Lang-1f,org.apache.commons.lang3.text.StrBuilder,appendFixedWidthPadLeft,1380,1400,16,3,6,11,7,5,0,4,16,19,5,3,4,4,2,1,3,0.25,1,1,14
Lang-1f_org.apache.commons.lang3.text.StrBuilder_getNullText_162,Lang,1,Lang-1f,org.apache.commons.lang3.text.StrBuilder,getNullText,162,164,2,0,0,1,0,0,0,0,1,0,1,0,0,0,0,1,0,0.0,0,0,1
Lang-1f_org.apache.commons.lang3.text.StrBuilder_appendFixedWidthPadLeft_1412,Lang,1,Lang-1f,org.apache.commons.lang3.text.StrBuilder,appendFixedWidthPadLeft,1412,1414,2,3,2,3,0,0,0,0,1,0,1,0,1,1,1,1,0,1.0,1,1,1
Lang-1f_org.apache.commons.lang3.text.StrBuilder_appendFixedWidthPadRight_1427,Lang,1,Lang-1f,org.apache.commons.lang3.text.StrBuilder,appendFixedWidthPadRight,1427,1447,16,3,6,11,6,5,0,5,16,19,5,3,4,4,2,1,3,0.25,1,1,14
Lang-1f_org.apache.commons.lang3.text.StrBuilder_appendFixedWidthPadRight_1459,Lang,1,Lang-1f,org.apache.commons.lang3.text.StrBuilder,appendFixedWidthPadRight,1459,1461,2,3,2,3,0,0,0,0,1,0,1,0,1,1,1,1,0,1.0,1,1,1
Lang-1f_org.apache.commons.lang3.text.StrBuilder_insert_1473,Lang,1,Lang-1f,org.apache.commons.lang3.text.StrBuilder,insert,1473,1478,4,2,1,5,0,1,0,0,3,2,1,1,3,2,2,2,1,1.0,1,1,3
Lang-1f_org.apache.commons.lang3.text.StrBuilder_insert_1489,Lang,1,Lang-1f,org.apache.commons.lang3.text.StrBuilder,insert,1489,1505,13,2,3,9,3,3,0,2,12,14,4,3,3,2,0,1,3,0.25,0,1,12
Lang-1f_org.apache.commons.lang3.text.StrBuilder_validateIndex_2795,Lang,1,Lang-1f,org.apache.commons.lang3.text.StrBuilder,validateIndex,2795,2799,3,1,0,3,0,2,1,1,3,2,1,1,1,0,0,0,1,0.3333,0,1,2
Lang-1f_org.apache.commons.lang3.text.StrBuilder_insert_1542,Lang,1,Lang-1f,org.apache.commons.lang3.text.StrBuilder,insert,1542,1560,14,4,2,12,6,6,2,5,17,19,4,4,5,4,1,2,4,0.2941,1,1,13
Lang-1f_org.apache.commons.lang3.text.StrBuilder_insert_1570,Lang,1,Lang-1f,org.apache.commons.lang3.text.StrBuilder,insert,1570,1591,20,2,1,7,20,0,0,6,18,18,2,1,1,1,0,1,1,0.0556,0,1,18
Lang-1f_org.apache.commons.lang3.text.StrBuilder_insert_1516,Lang,1,Lang-1f,org.apache.commons.lang3.text.StrBuilder,insert,1516,1529,11,2,2,8,3,2,0,2,10,10,2,2,3,2,1,2,2,0.3,1,1,10
Lang-1f_org.apache.commons.lang3.text.StrBuilder_insert_1618,Lang,1,Lang-1f,org.apache.commons.lang3.text.StrBuilder,insert,1618,1620,2,2,1,3,0,0,0,0,1,0,1,0,1,1,1,1,0,1.0,1,1,1
Lang-1f_org.apache.commons.lang3.text.StrBuilder_insert_1630,Lang,1,Lang-1f,org.apache.commons.lang3.text.StrBuilder,insert,1630,1632,2,2,1,3,0,0,0,0,1,0,1,0,1,1,1,1,0,1.0,1,1,1
Lang-1f_org.apache.commons.lang3.text.StrBuilder_insert_1642,Lang,1,Lang-1f,org.apache.commons.lang3.text.StrBuilder,insert,1642,1644,2,2,1,3,0,0,0,0,1,0,1,0,1,1,1,1,0,1.0,1,1,1
Lang-1f_org.apache.commons.lang3.text.StrBuilder_insert_1654,Lang,1,Lang-1f,org.apache.commons.lang3.text.StrBuilder,insert,1654,1656,2,2,1,3,0,0,0,0,1,0,1,0,1,1,1,1,0,1.0,1,1,1
Lang-1f_org.apache.commons.lang3.text.StrBuilder_delete_1681,Lang,1,Lang-1f,org.apache.commons.lang3.text.StrBuilder,delete,1681,1688,6,2,2,4,1,1,0,1,5,5,2,1,1,1,0,1,1,0.2,0,1,5
Lang-1f_org.apache.commons.lang3.text.StrBuilder_deleteAll_1697,Lang,1,Lang-1f,org.apache.commons.lang3.text.StrBuilder,deleteAll,1697,1712,11,1,3,6,5,4,0,1,12,15,5,2,4,4,3,1,2,0.3333,1,1,10
Lang-1f_org.apache.commons.lang3.text.StrBuilder_deleteFirst_1720,Lang,1,Lang-1f,org.apache.commons.lang3.text.StrBuilder,deleteFirst,1720,1728,6,1,1,4,3,2,0,3,7,8,3,1,2,2,2,1,1,0.2857,1,1,5
Lang-1f_org.apache.commons.lang3.text.StrBuilder_deleteAll_1737,Lang,1,Lang-1f,org.apache.commons.lang3.text.StrBuilder,deleteAll,1737,1747,8,1,2,7,1,3,0,4,7,8,3,1,2,2,1,1,1,0.2857,1,1,7
Lang-1f_org.apache.commons.lang3.text.StrBuilder_indexOf_2331,Lang,1,Lang-1f,org.apache.commons.lang3.text.StrBuilder,indexOf,2331,2358,20,2,5,12,10,9,1,10,23,24,3,5,8,4,4,6,5,0.3478,1,1,19
Lang-1f_org.apache.commons.lang3.text.StrBuilder_deleteFirst_1755,Lang,1,Lang-1f,org.apache.commons.lang3.text.StrBuilder,deleteFirst,1755,1764,7,1,2,6,1,3,0,4,6,7,3,2,2,1,0,1,2,0.3333,0,1,6
Lang-1f_org.apache.commons.lang3.text.StrBuilder_deleteAll_1777,Lang,1,Lang-1f,org.apache.commons.lang3.text.StrBuilder,deleteAll,1777,1779,2,1,0,2,1,0,0,2,1,0,1,0,0,0,0,1,0,0.0,0,0,1
Lang-1f_org.apache.commons.lang3.text.StrBuilder_replace_1964,Lang,1,Lang-1f,org.apache.commons.lang3.text.StrBuilder,replace,1964,1969,5,5,4,3,0,0,0,0,2,1,1,0,0,0,0,1,0,0.0,0,0,2
Lang-1f_org.apache.commons.lang3.text.StrBuilder_deleteFirst_1791,Lang,1,Lang-1f,org.apache.commons.lang3.text.StrBuilder,deleteFirst,1791,1793,2,1,0,2,0,0,0,2,1,0,1,0,0,0,0,1,0,0.0,0,0,1
Lang-1f_org.apache.commons.lang3.text.StrBuilder_replaceImpl_1806,Lang,1,Lang-1f,org.apache.commons.lang3.text.StrBuilder,replaceImpl,1806,1816,8,5,5,6,4,2,0,2,7,7,2,2,2,1,0,0,2,0.2857,0,1,7
Lang-1f_org.apache.commons.lang3.text.StrBuilder_replace_1829,Lang,1,Lang-1f,org.apache.commons.lang3.text.StrBuilder,replace,1829,1834,5,3,3,4,1,1,0,1,4,3,1,0,0,0,0,1,0,0.0,0,0,4
Lang-1f_org.apache.commons.lang3.text.StrBuilder_replaceAll_1884,Lang,1,Lang-1f,org.apache.commons.lang3.text.StrBuilder,replaceAll,1884,1895,9,2,4,8,2,4,0,5,8,9,3,1,2,2,1,1,1,0.25,1,1,8
Lang-1f_org.apache.commons.lang3.text.StrBuilder_replaceFirst_1904,Lang,1,Lang-1f,org.apache.commons.lang3.text.StrBuilder,replaceFirst,1904,1914,8,2,4,7,1,4,0,5,7,8,3,2,2,1,0,1,2,0.2857,0,1,7
Lang-1f_org.apache.commons.lang3.text.StrBuilder_replaceAll_1928,Lang,1,Lang-1f,org.apache.commons.lang3.text.StrBuilder,replaceAll,1928,1930,2,2,1,2,1,0,0,2,1,0,1,0,0,0,0,1,0,0.0,0,0,1
Lang-1f_org.apache.commons.lang3.text.StrBuilder_replaceFirst_1943,Lang,1,Lang-1f,org.apache.commons.lang3.text.StrBuilder,replaceFirst,1943,1945,2,2,1,2,0,0,0,2,1,0,1,0,0,0,0,1,0,0.0,0,0,1
Lang-1f_org.apache.commons.lang3.text.StrBuilder_replaceImpl_1986,Lang,1,Lang-1f,org.apache.commons.lang3.text.StrBuilder,replaceImpl,1986,2006,16,5,7,8,9,7,2,6,15,17,4,3,5,3,3,2,3,0.3333,1,1,13
Lang-1f_org.apache.commons.lang3.text.StrMatcher_isMatch_300,Lang,1,Lang-1f,org.apache.commons.lang3.text.StrMatcher,isMatch,300,302,2,4,2,2,0,1,0,3,1,0,1,0,0,0,0,1,0,0.0,0,0,1
Lang-1f_org.apache.commons.lang3.text.StrBuilder_trim_2036,Lang,1,Lang-1f,org.apache.commons.lang3.text.StrBuilder,trim,2036,2056,15,0,2,8,5,7,2,5,14,17,5,3,5,4,2,2,3,0.3571,1,1,14
Lang-1f_org.apache.commons.lang3.text.StrBuilder_startsWith_2067,Lang,1,Lang-1f,org.apache.commons.lang3.text.StrBuilder,startsWith,2067,2084,12,1,2,8,2,5,0,2,13,13,2,4,5,1,2,5,4,0.3846,1,1,11
Lang-1f_org.apache.commons.lang3.text.StrBuilder_endsWith_2094,Lang,1,Lang-1f,org.apache.commons.lang3.text.StrBuilder,endsWith,2094,2112,13,1,3,8,5,5,0,2,14,14,2,4,5,1,2,5,4,0.3571,1,1,12
Lang-1f_org.apache.commons.lang3.text.StrBuilder_subSequence_2120,Lang,1,Lang-1f,org.apache.commons.lang3.text.StrBuilder,subSequence,2120,2131,8,2,1,8,1,3,0,1,11,13,4,3,3,3,0,1,3,0.2727,0,1,7
Lang-1f_org.apache.commons.lang3.text.StrBuilder_substring_2157,Lang,1,Lang-1f,org.apache.commons.lang3.text.StrBuilder,substring,2157,2160,3,2,1,3,1,0,0,0,2,1,1,0,0,0,0,1,0,0.0,0,0,2
Lang-1f_org.apache.commons.lang3.text.StrBuilder_substring_2140,Lang,1,Lang-1f,org.apache.commons.lang3.text.StrBuilder,substring,2140,2142,2,1,0,2,0,0,0,0,1,0,1,0,1,1,1,1,0,1.0,1,1,1
Lang-1f_org.apache.commons.lang3.text.StrBuilder_leftString_2174,Lang,1,Lang-1f,org.apache.commons.lang3.text.StrBuilder,leftString,2174,2182,7,1,0,5,0,2,0,4,5,4,1,2,2,0,0,3,2,0.4,0,1,5
Lang-1f_org.apache.commons.lang3.text.StrBuilder_rightString_2196,Lang,1,Lang-1f,org.apache.commons.lang3.text.StrBuilder,rightString,2196,2204,7,1,0,5,1,2,0,3,5,4,1,2,2,0,0,3,2,0.4,0,1,5
Lang-1f_org.apache.commons.lang3.text.StrBuilder_midString_2222,Lang,1,Lang-1f,org.apache.commons.lang3.text.StrBuilder,midString,2222,2233,8,2,1,6,2,4,1,4,7,7,2,3,3,1,0,3,3,0.4286,0,1,7
Lang-1f_org.apache.commons.lang3.text.StrBuilder_contains_2258,Lang,1,Lang-1f,org.apache.commons.lang3.text.StrBuilder,contains,2258,2260,2,1,0,2,0,1,0,2,1,0,1,0,0,0,0,1,0,0.0,0,0,1
Lang-1f_org.apache.commons.lang3.text.StrBuilder_contains_2273,Lang,1,Lang-1f,org.apache.commons.lang3.text.StrBuilder,contains,2273,2275,2,1,0,2,0,1,0,2,1,0,1,0,0,0,0,1,0,0.0,0,0,1
Lang-1f_org.apache.commons.lang3.text.StrBuilder_indexOf_2386,Lang,1,Lang-1f,org.apache.commons.lang3.text.StrBuilder,indexOf,2386,2399,10,2,3,5,4,5,1,5,11,11,2,2,3,1,2,3,2,0.2727,1,1,9
Lang-1f_org.apache.commons.lang3.text.StrBuilder_indexOf_2284,Lang,1,Lang-1f,org.apache.commons.lang3.text.StrBuilder,indexOf,2284,2286,2,1,0,2,0,0,0,1,1,0,1,0,1,1,1,1,0,1.0,1,1,1
Lang-1f_org.apache.commons.lang3.text.StrBuilder_indexOf_2295,Lang,1,Lang-1f,org.apache.commons.lang3.text.StrBuilder,indexOf,2295,2307,9,2,2,4,4,4,0,4,10,10,2,2,3,1,2,3,2,0.3,1,1,8
Lang-1f_org.apache.commons.lang3.text.StrBuilder_indexOf_2317,Lang,1,Lang-1f,org.apache.commons.lang3.text.StrBuilder,indexOf,2317,2319,2,1,0,2,0,0,0,1,1,0,1,0,1,1,1,1,0,1.0,1,1,1
Lang-1f_org.apache.commons.lang3.text.StrBuilder_indexOf_2370,Lang,1,Lang-1f,org.apache.commons.lang3.text.StrBuilder,indexOf,2370,2372,2,1,0,2,0,0,0,1,1,0,1,0,1,1,1,1,0,1.0,1,1,1
Lang-1f_org.apache.commons.lang3.text.StrBuilder_lastIndexOf_2408,Lang,1,Lang-1f,org.apache.commons.lang3.text.StrBuilder,lastIndexOf,2408,2410,2,1,0,2,1,0,0,1,1,0,1,0,1,1,1,1,0,1.0,1,1,1
Lang-1f_org.apache.commons.lang3.text.StrBuilder_lastIndexOf_2419,Lang,1,Lang-1f,org.apache.commons.lang3.text.StrBuilder,lastIndexOf,2419,2430,8,2,2,4,5,4,0,5,9,9,2,2,3,1,2,3,2,0.3333,1,1,7
Lang-1f_org.apache.commons.lang3.text.StrBuilder_lastIndexOf_2440,Lang,1,Lang-1f,org.apache.commons.lang3.text.StrBuilder,lastIndexOf,2440,2442,2,1,0,2,1,0,0,1,1,0,1,0,1,1,1,1,0,1.0,1,1,1
Lang-1f_org.apache.commons.lang3.text.StrBuilder_lastIndexOf_2454,Lang,1,Lang-1f,org.apache.commons.lang3.text.StrBuilder,lastIndexOf,2454,2479,17,2,4,12,10,10,2,11,20,22,4,5,8,5,4,5,5,0.4,1,1,16
Lang-1f_org.apache.commons.lang3.text.StrBuilder_lastIndexOf_2491,Lang,1,Lang-1f,org.apache.commons.lang3.text.StrBuilder,lastIndexOf,2491,2493,2,1,0,2,0,0,0,0,1,0,1,0,1,1,1,1,0,1.0,1,1,1
Lang-1f_org.apache.commons.lang3.text.StrBuilder_lastIndexOf_2507,Lang,1,Lang-1f,org.apache.commons.lang3.text.StrBuilder,lastIndexOf,2507,2520,10,2,3,5,6,5,1,8,11,11,2,2,3,1,2,3,2,0.2727,1,1,9
Lang-1f_org.apache.commons.lang3.text.StrBuilder_asTokenizer_2555,Lang,1,Lang-1f,org.apache.commons.lang3.text.StrBuilder,asTokenizer,2555,2557,2,0,0,2,0,0,0,0,1,0,1,0,0,0,0,1,0,0.0,0,0,1
Lang-1f_org.apache.commons.lang3.text.StrBuilder_asReader_2579,Lang,1,Lang-1f,org.apache.commons.lang3.text.StrBuilder,asReader,2579,2581,2,0,0,2,0,0,0,0,1,0,1,0,0,0,0,1,0,0.0,0,0,1
Lang-1f_org.apache.commons.lang3.text.StrBuilder_asWriter_2604,Lang,1,Lang-1f,org.apache.commons.lang3.text.StrBuilder,asWriter,2604,2606,2,0,0,2,0,0,0,0,1,0,1,0,0,0,0,1,0,0.0,0,0,1
Lang-1f_org.apache.commons.lang3.text.StrBuilder_equalsIgnoreCase_2646,Lang,1,Lang-1f,org.apache.commons.lang3.text.StrBuilder,equalsIgnoreCase,2646,2663,13,1,3,7,3,5,1,2,14,14,2,3,4,1,2,4,3,0.2857,1,1,12
Lang-1f_org.apache.commons.lang3.text.StrBuilder_equals_2697,Lang,1,Lang-1f,org.apache.commons.lang3.text.StrBuilder,equals,2697,2702,4,1,0,3,0,0,0,0,3,2,1,1,2,1,1,2,1,0.6667,1,1,3
Lang-1f_org.apache.commons.lang3.text.StrBuilder_equals_2672,Lang,1,Lang-1f,org.apache.commons.lang3.text.StrBuilder,equals,2672,2687,11,1,1,5,3,4,0,2,12,12,2,3,4,1,2,4,3,0.3333,1,1,10
Lang-1f_org.apache.commons.lang3.text.StrBuilder_toString_2730,Lang,1,Lang-1f,org.apache.commons.lang3.text.StrBuilder,toString,2730,2732,2,0,0,2,0,0,0,1,1,0,1,0,0,0,0,1,0,0.0,0,0,1
Lang-1f_org.apache.commons.lang3.text.StrBuilder_toStringBuffer_2740,Lang,1,Lang-1f,org.apache.commons.lang3.text.StrBuilder,toStringBuffer,2740,2742,2,0,0,3,0,0,0,1,1,0,1,0,0,0,0,1,0,0.0,0,0,1
Lang-1f_org.apache.commons.lang3.text.StrBuilder_toStringBuilder_2751,Lang,1,Lang-1f,org.apache.commons.lang3.text.StrBuilder,toStringBuilder,2751,2753,2,0,0,3,0,0,0,1,1,0,1,0,0,0,0,1,0,0.0,0,0,1
Lang-1f_org.apache.commons.lang3.text.StrBuilder_build_2762,Lang,1,Lang-1f,org.apache.commons.lang3.text.StrBuilder,build,2762,2764,2,0,0,2,0,0,0,0,1,0,1,0,0,0,0,1,0,0.0,0,0,1
Lang-1f_org.apache.commons.lang3.text.StrMatcher_<init>_216,Lang,1,Lang-1f,org.apache.commons.lang3.text.StrMatcher,<init>,216,218,2,0,0,2,0,0,0,0,5,4,1,0,0,0,0,0,0,0.0,0,0,2
Lang-1f_org.apache.commons.lang3.text.CompositeFormat_<init>_52,Lang,1,Lang-1f,org.apache.commons.lang3.text.CompositeFormat,<init>,52,55,3,2,1,1,0,0,0,0,10,9,1,0,0,0,0,0,0,0.0,0,0,3
Lang-1f_org.apache.commons.lang3.text.CompositeFormat_format_67,Lang,1,Lang-1f,org.apache.commons.lang3.text.CompositeFormat,format,67,70,3,3,2,2,0,0,0,0,1,0,1,0,1,1,1,1,0,1.0,1,1,1
Lang-1f_org.apache.commons.lang3.text.CompositeFormat_parseObject_83,Lang,1,Lang-1f,org.apache.commons.lang3.text.CompositeFormat,parseObject,83,85,2,2,1,2,0,0,0,0,1,0,1,0,1,1,1,1,0,1.0,1,1,1
Lang-1f_org.apache.commons.lang3.text.CompositeFormat_reformat_112,Lang,1,Lang-1f,org.apache.commons.lang3.text.CompositeFormat,reformat,112,114,2,1,0,3,0,0,0,0,1,0,1,0,0,0,0,1,0,0.0,0,0,1
Lang-1f_org.apache.commons.lang3.text.StrBuilder_read_2859,Lang,1,Lang-1f,org.apache.commons.lang3.text.StrBuilder,read,2859,2864,4,0,0,4,3,1,0,1,3,2,1,1,1,0,0,2,1,0.3333,0,1,3
Lang-1f_org.apache.commons.lang3.text.StrBuilder_ready_2902,Lang,1,Lang-1f,org.apache.commons.lang3.text.StrBuilder,ready,2902,2904,2,0,0,2,0,1,0,0,1,0,1,0,0,0,0,1,0,0.0,0,0,1
Lang-1f_org.apache.commons.lang3.text.StrBuilder_read_2868,Lang,1,Lang-1f,org.apache.commons.lang3.text.StrBuilder,read,2868,2885,13,3,1,10,6,8,4,6,12,13,3,4,4,2,0,3,4,0.3333,0,1,11
Lang-1f_org.apache.commons.lang3.text.StrBuilder_skip_2889,Lang,1,Lang-1f,org.apache.commons.lang3.text.StrBuilder,skip,2889,2898,7,1,0,5,2,2,0,2,6,6,2,2,2,1,0,2,2,0.3333,0,1,6
Lang-1f_org.apache.commons.lang3.text.translate.UnicodeEscaper_<init>_37,Lang,1,Lang-1f,org.apache.commons.lang3.text.translate.UnicodeEscaper,<init>,37,39,2,0,0,2,0,0,0,1,8,7,1,0,0,0,0,0,0,0.0,0,0,2
Lang-1f_org.apache.commons.lang3.text.translate.UnicodeEscaper_<init>_51,Lang,1,Lang-1f,org.apache.commons.lang3.text.translate.UnicodeEscaper,<init>,51,55,4,3,2,1,0,0,0,0,14,13,1,0,0,0,0,0,0,0.0,0,0,4
Lang-1f_org.apache.commons.lang3.text.translate.UnicodeEscaper_below_63,Lang,1,Lang-1f,org.apache.commons.lang3.text.translate.UnicodeEscaper,below,63,65,2,1,0,2,0,0,0,0,1,0,1,0,0,0,0,1,0,0.0,0,0,1
Lang-1f_org.apache.commons.lang3.text.translate.UnicodeEscaper_outsideOf_84,Lang,1,Lang-1f,org.apache.commons.lang3.text.translate.UnicodeEscaper,outsideOf,84,86,2,2,1,2,0,0,0,0,1,0,1,0,0,0,0,1,0,0.0,0,0,1
Lang-1f_org.apache.commons.lang3.text.translate.UnicodeEscaper_above_73,Lang,1,Lang-1f,org.apache.commons.lang3.text.translate.UnicodeEscaper,above,73,75,2,1,0,2,0,0,0,1,1,0,1,0,0,0,0,1,0,0.0,0,0,1
Lang-1f_org.apache.commons.lang3.text.translate.UnicodeEscaper_between_95,Lang,1,Lang-1f,org.apache.commons.lang3.text.translate.UnicodeEscaper,between,95,97,2,2,1,2,0,0,0,0,1,0,1,0,0,0,0,1,0,0.0,0,0,1
Lang-1f_org.apache.commons.lang3.text.translate.UnicodeEscaper_translate_103,Lang,1,Lang-1f,org.apache.commons.lang3.text.translate.UnicodeEscaper,translate,103,127,18,2,1,18,4,8,2,4,15,19,6,7,7,2,0,3,6,0.4667,0,1,15
Lang-1f_org.apache.commons.lang3.text.translate.UnicodeEscaper_toUtf16Escape_136,Lang,1,Lang-1f,org.apache.commons.lang3.text.translate.UnicodeEscaper,toUtf16Escape,136,138,2,1,0,2,1,0,0,1,1,0,1,0,0,0,0,1,0,0.0,0,0,1
Lang-1f_org.apache.commons.lang3.text.translate.LookupTranslator_translate_69,Lang,1,Lang-1f,org.apache.commons.lang3.text.translate.LookupTranslator,translate,69,84,11,3,6,11,5,3,0,1,12,13,3,2,3,2,2,2,2,0.25,1,1,10
Lang-1f_org.apache.commons.lang3.text.translate.JavaUnicodeEscaper_above_36,Lang,1,Lang-1f,org.apache.commons.lang3.text.translate.JavaUnicodeEscaper,above,36,38,2,1,0,2,0,0,0,1,1,0,1,0,0,0,0,1,0,0.0,0,0,1
Lang-1f_org.apache.commons.lang3.text.translate.JavaUnicodeEscaper_below_49,Lang,1,Lang-1f,org.apache.commons.lang3.text.translate.JavaUnicodeEscaper,below,49,51,2,1,0,2,0,0,0,0,1,0,1,0,0,0,0,1,0,0.0,0,0,1
Lang-1f_org.apache.commons.lang3.text.translate.JavaUnicodeEscaper_between_64,Lang,1,Lang-1f,org.apache.commons.lang3.text.translate.JavaUnicodeEscaper,between,64,66,2,2,1,2,0,0,0,0,1,0,1,0,0,0,0,1,0,0.0,0,0,1
Lang-1f_org.apache.commons.lang3.text.translate.JavaUnicodeEscaper_<init>_97,Lang,1,Lang-1f,org.apache.commons.lang3.text.translate.JavaUnicodeEscaper,<init>,97,99,2,3,2,2,0,0,0,0,15,14,1,0,0,0,0,0,0,0.0,0,0,2
Lang-1f_org.apache.commons.lang3.text.translate.JavaUnicodeEscaper_toUtf16Escape_109,Lang,1,Lang-1f,org.apache.commons.lang3.text.translate.JavaUnicodeEscaper,toUtf16Escape,109,112,3,1,0,4,3,0,0,4,2,1,1,0,0,0,0,1,0,0.0,0,0,2
Lang-1f_org.apache.commons.lang3.text.translate.CodePointTranslator_translate_36,Lang,1,Lang-1f,org.apache.commons.lang3.text.translate.CodePointTranslator,translate,36,44,7,3,4,4,0,0,0,2,5,4,1,1,2,1,1,2,1,0.4,1,1,5
Lang-1f_org.apache.commons.lang3.text.translate.OctalUnescaper_translate_42,Lang,1,Lang-1f,org.apache.commons.lang3.text.translate.OctalUnescaper,translate,42,59,12,3,4,18,10,4,3,8,11,12,3,2,3,2,1,2,2,0.2727,1,1,11
Lang-1f_org.apache.commons.lang3.text.translate.UnicodeUnescaper_translate_36,Lang,1,Lang-1f,org.apache.commons.lang3.text.translate.UnicodeUnescaper,translate,36,65,19,3,5,22,20,8,4,11,28,30,4,3,4,3,1,2,3,0.1429,1,1,16
Lang-1f_org.apache.commons.lang3.text.translate.NumericEntityEscaper_<init>_44,Lang,1,Lang-1f,org.apache.commons.lang3.text.translate.NumericEntityEscaper,<init>,44,48,4,3,2,1,0,0,0,0,14,13,1,0,0,0,0,0,0,0.0,0,0,4
Lang-1f_org.apache.commons.lang3.text.translate.NumericEntityEscaper_<init>_53,Lang,1,Lang-1f,org.apache.commons.lang3.text.translate.NumericEntityEscaper,<init>,53,55,2,0,0,2,0,0,0,1,8,7,1,0,0,0,0,0,0,0.0,0,0,2
Lang-1f_org.apache.commons.lang3.text.translate.NumericEntityEscaper_below_63,Lang,1,Lang-1f,org.apache.commons.lang3.text.translate.NumericEntityEscaper,below,63,65,2,1,0,2,0,0,0,0,1,0,1,0,0,0,0,1,0,0.0,0,0,1
Lang-1f_org.apache.commons.lang3.text.translate.NumericEntityEscaper_outsideOf_95,Lang,1,Lang-1f,org.apache.commons.lang3.text.translate.NumericEntityEscaper,outsideOf,95,97,2,2,1,2,0,0,0,0,1,0,1,0,0,0,0,1,0,0.0,0,0,1
Lang-1f_org.apache.commons.lang3.text.translate.NumericEntityEscaper_above_73,Lang,1,Lang-1f,org.apache.commons.lang3.text.translate.NumericEntityEscaper,above,73,75,2,1,0,2,0,0,0,1,1,0,1,0,0,0,0,1,0,0.0,0,0,1
Lang-1f_org.apache.commons.lang3.text.translate.NumericEntityEscaper_between_84,Lang,1,Lang-1f,org.apache.commons.lang3.text.translate.NumericEntityEscaper,between,84,86,2,2,1,2,0,0,0,0,1,0,1,0,0,0,0,1,0,0.0,0,0,1
Lang-1f_org.apache.commons.lang3.text.translate.NumericEntityEscaper_translate_103,Lang,1,Lang-1f,org.apache.commons.lang3.text.translate.NumericEntityEscaper,translate,103,118,11,2,1,8,0,4,2,2,9,9,2,3,3,1,0,3,2,0.3333,0,1,9
Lang-1f_org.apache.commons.lang3.text.translate.EntityArrays_invert_416,Lang,1,Lang-1f,org.apache.commons.lang3.text.translate.EntityArrays,invert,416,423,6,1,1,2,2,1,0,6,7,7,2,0,1,1,2,1,0,0.1429,1,1,5
Lang-1f_org.apache.commons.lang3.text.translate.CharSequenceTranslator_translate_75,Lang,1,Lang-1f,org.apache.commons.lang3.text.translate.CharSequenceTranslator,translate,75,98,16,2,5,14,2,5,0,4,18,21,5,3,6,4,4,1,3,0.3333,1,1,15
Lang-1f_org.apache.commons.lang3.text.translate.CharSequenceTranslator_translate_46,Lang,1,Lang-1f,org.apache.commons.lang3.text.translate.CharSequenceTranslator,translate,46,65,10,3,3,9,1,1,0,1,0,0,0,0,0,0,0,0,0,0.0,0,0,0
Lang-1f_org.apache.commons.lang3.text.translate.CharSequenceTranslator_hex_121,Lang,1,Lang-1f,org.apache.commons.lang3.text.translate.CharSequenceTranslator,hex,121,123,2,1,0,3,0,0,0,0,1,0,1,0,0,0,0,1,0,0.0,0,0,1
Lang-1f_org.apache.commons.lang3.text.translate.NumericEntityUnescaper_isSet_70,Lang,1,Lang-1f,org.apache.commons.lang3.text.translate.NumericEntityUnescaper,isSet,70,72,2,1,0,2,0,1,0,0,1,0,1,0,0,0,0,1,0,0.0,0,0,1
Lang-1f_org.apache.commons.lang3.text.translate.NumericEntityUnescaper_translate_78,Lang,1,Lang-1f,org.apache.commons.lang3.text.translate.NumericEntityUnescaper,translate,78,138,39,3,9,35,11,16,10,19,35,39,6,8,9,5,1,5,7,0.2571,1,1,32
Lang-1f_org.apache.commons.lang3.text.translate.AggregateTranslator_translate_50,Lang,1,Lang-1f,org.apache.commons.lang3.text.translate.AggregateTranslator,translate,50,58,6,3,3,4,0,1,0,2,6,6,2,1,3,2,3,2,0,0.5,1,1,5
Lang-1f_org.apache.commons.lang3.text.StrLookup_<init>_104,Lang,1,Lang-1f,org.apache.commons.lang3.text.StrLookup,<init>,104,106,2,0,0,2,0,0,0,0,5,4,1,0,0,0,0,0,0,0.0,0,0,2
Lang-1f_org.apache.commons.lang3.text.StrLookup_lookup_161,Lang,1,Lang-1f,org.apache.commons.lang3.text.StrLookup,lookup,161,170,7,1,1,5,0,2,0,0,6,5,1,2,2,0,0,3,2,0.3333,0,1,6
Lang-1f_org.apache.commons.lang3.text.FormattableUtils_<init>_53,Lang,1,Lang-1f,org.apache.commons.lang3.text.FormattableUtils,<init>,53,55,2,0,0,2,0,0,0,0,5,4,1,0,0,0,0,0,0,0.0,0,0,2
Lang-1f_org.apache.commons.lang3.text.FormattableUtils_toString_65,Lang,1,Lang-1f,org.apache.commons.lang3.text.FormattableUtils,toString,65,67,2,1,0,2,0,0,0,0,1,0,1,0,0,0,0,1,0,0.0,0,0,1
Lang-1f_org.apache.commons.lang3.text.FormattableUtils_append_81,Lang,1,Lang-1f,org.apache.commons.lang3.text.FormattableUtils,append,81,84,3,5,4,2,0,0,0,0,1,0,1,0,1,1,1,1,0,1.0,1,1,1
Lang-1f_org.apache.commons.lang3.text.FormattableUtils_append_134,Lang,1,Lang-1f,org.apache.commons.lang3.text.FormattableUtils,append,134,149,13,7,10,17,3,7,3,4,12,13,3,1,2,2,2,1,1,0.1667,1,1,10
Lang-1f_org.apache.commons.lang3.text.FormattableUtils_append_98,Lang,1,Lang-1f,org.apache.commons.lang3.text.FormattableUtils,append,98,101,3,6,5,2,0,0,0,0,1,0,1,0,1,1,1,1,0,1.0,1,1,1
Lang-1f_org.apache.commons.lang3.text.FormattableUtils_append_116,Lang,1,Lang-1f,org.apache.commons.lang3.text.FormattableUtils,append,116,119,3,6,5,2,0,0,0,0,1,0,1,0,1,1,1,1,0,1.0,1,1,1
Lang-1f_org.apache.commons.lang3.ObjectUtils_defaultIfNull_95,Lang,1,Lang-1f,org.apache.commons.lang3.ObjectUtils,defaultIfNull,95,97,2,2,1,1,0,3,0,0,1,0,1,0,0,0,0,1,0,0.0,0,0,1
Lang-1f_org.apache.commons.lang3.text.ExtendedMessageFormat_<init>_90,Lang,1,Lang-1f,org.apache.commons.lang3.text.ExtendedMessageFormat,<init>,90,92,2,1,0,3,0,0,0,0,10,9,1,0,0,0,0,0,0,0.0,0,0,2
Lang-1f_org.apache.commons.lang3.text.ExtendedMessageFormat_<init>_101,Lang,1,Lang-1f,org.apache.commons.lang3.text.ExtendedMessageFormat,<init>,101,103,2,2,1,2,0,0,0,0,12,11,1,0,0,0,0,0,0,0.0,0,0,2
Lang-1f_org.apache.commons.lang3.text.ExtendedMessageFormat_<init>_112,Lang,1,Lang-1f,org.apache.commons.lang3.text.ExtendedMessageFormat,<init>,112,114,2,2,1,3,0,2,0,0,16,15,1,0,0,0,0,0,0,0.0,0,0,2
Lang-1f_org.apache.commons.lang3.text.ExtendedMessageFormat_applyPattern_145,Lang,1,Lang-1f,org.apache.commons.lang3.text.ExtendedMessageFormat,applyPattern,145,209,51,1,9,54,5,19,0,4,49,56,9,6,11,7,5,1,6,0.2245,1,1,46
Lang-1f_org.apache.commons.lang3.text.ExtendedMessageFormat_appendQuotedString_477,Lang,1,Lang-1f,org.apache.commons.lang3.text.ExtendedMessageFormat,appendQuotedString,477,505,24,4,6,25,6,4,2,1,21,22,3,2,4,2,2,2,2,0.1905,1,1,18
Lang-1f_org.apache.commons.lang3.text.ExtendedMessageFormat_seekNonWs_447,Lang,1,Lang-1f,org.apache.commons.lang3.text.ExtendedMessageFormat,seekNonWs,447,454,7,2,2,10,1,2,1,2,5,5,2,0,1,1,1,0,0,0.2,1,1,5
Lang-1f_org.apache.commons.lang3.text.ExtendedMessageFormat_next_462,Lang,1,Lang-1f,org.apache.commons.lang3.text.ExtendedMessageFormat,next,462,465,3,1,0,3,1,0,0,1,2,1,1,0,0,0,0,1,0,0.0,0,0,2
Lang-1f_org.apache.commons.lang3.text.ExtendedMessageFormat_readArgumentIndex_330,Lang,1,Lang-1f,org.apache.commons.lang3.text.ExtendedMessageFormat,readArgumentIndex,330,363,25,2,5,28,4,6,4,4,35,38,5,4,5,5,2,1,3,0.1429,1,1,23
Lang-1f_org.apache.commons.lang3.text.ExtendedMessageFormat_parseFormatDescription_372,Lang,1,Lang-1f,org.apache.commons.lang3.text.ExtendedMessageFormat,parseFormatDescription,372,395,20,2,4,16,5,2,0,3,18,20,4,1,3,2,2,1,1,0.1667,1,1,16
Lang-1f_org.apache.commons.lang3.text.ExtendedMessageFormat_getFormat_306,Lang,1,Lang-1f,org.apache.commons.lang3.text.ExtendedMessageFormat,getFormat,306,321,12,1,4,12,1,3,0,3,11,12,3,3,4,3,1,2,3,0.3636,1,1,11
Lang-1f_org.apache.commons.lang3.text.ExtendedMessageFormat_insertFormats_404,Lang,1,Lang-1f,org.apache.commons.lang3.text.ExtendedMessageFormat,insertFormats,404,439,29,2,7,25,8,5,0,5,23,28,7,3,5,3,1,2,3,0.2174,1,1,23
Lang-1f_org.apache.commons.lang3.text.ExtendedMessageFormat_containsElements_524,Lang,1,Lang-1f,org.apache.commons.lang3.text.ExtendedMessageFormat,containsElements,524,534,7,1,0,5,0,4,1,0,7,7,2,2,3,1,2,3,1,0.4286,1,1,6
Lang-1f_org.apache.commons.lang3.text.ExtendedMessageFormat_setFormat_219,Lang,1,Lang-1f,org.apache.commons.lang3.text.ExtendedMessageFormat,setFormat,219,221,2,2,1,2,0,0,0,0,2,1,1,0,0,0,0,0,0,0.0,0,0,1
Lang-1f_org.apache.commons.lang3.text.ExtendedMessageFormat_setFormatByArgumentIndex_231,Lang,1,Lang-1f,org.apache.commons.lang3.text.ExtendedMessageFormat,setFormatByArgumentIndex,231,233,2,2,1,2,0,0,0,0,2,1,1,0,0,0,0,0,0,0.0,0,0,1
Lang-1f_org.apache.commons.lang3.text.ExtendedMessageFormat_setFormats_242,Lang,1,Lang-1f,org.apache.commons.lang3.text.ExtendedMessageFormat,setFormats,242,244,2,1,0,2,0,0,0,0,2,1,1,0,0,0,0,0,0,0.0,0,0,1
Lang-1f_org.apache.commons.lang3.text.ExtendedMessageFormat_setFormatsByArgumentIndex_253,Lang,1,Lang-1f,org.apache.commons.lang3.text.ExtendedMessageFormat,setFormatsByArgumentIndex,253,255,2,1,0,2,0,0,0,0,2,1,1,0,0,0,0,0,0,0.0,0,0,1
Lang-1f_org.apache.commons.lang3.text.ExtendedMessageFormat_equals_264,Lang,1,Lang-1f,org.apache.commons.lang3.text.ExtendedMessageFormat,equals,264,285,15,1,1,13,0,2,0,0,14,13,1,6,6,1,1,7,6,0.4286,1,1,14
Lang-1f_org.apache.commons.lang3.text.ExtendedMessageFormat_hashCode_293,Lang,1,Lang-1f,org.apache.commons.lang3.text.ExtendedMessageFormat,hashCode,293,298,5,0,1,4,4,0,0,0,4,3,1,0,3,3,3,1,0,0.75,1,1,4
Lang-1f_org.apache.commons.lang3.text.ExtendedMessageFormat_getQuotedString_514,Lang,1,Lang-1f,org.apache.commons.lang3.text.ExtendedMessageFormat,getQuotedString,514,517,3,3,2,2,0,0,0,0,1,0,1,0,0,0,0,0,0,0.0,0,0,1
Lang-1f_org.apache.commons.lang3.text.StrMatcher_splitMatcher_108,Lang,1,Lang-1f,org.apache.commons.lang3.text.StrMatcher,splitMatcher,108,110,2,0,0,1,0,0,0,0,1,0,1,0,0,0,0,1,0,0.0,0,0,1
Lang-1f_org.apache.commons.lang3.text.StrMatcher_isMatch_267,Lang,1,Lang-1f,org.apache.commons.lang3.text.StrMatcher,isMatch,267,269,2,2,0,2,0,0,0,1,1,0,1,0,1,1,1,1,0,1.0,1,1,1
Lang-1f_org.apache.commons.lang3.text.StrSubstitutor_replace_178,Lang,1,Lang-1f,org.apache.commons.lang3.text.StrSubstitutor,replace,178,190,10,2,3,10,0,7,0,0,9,9,2,1,3,2,2,2,1,0.3333,1,1,9
Lang-1f_org.apache.commons.lang3.text.StrSubstitutor_<init>_255,Lang,1,Lang-1f,org.apache.commons.lang3.text.StrSubstitutor,<init>,255,257,2,1,0,2,0,2,0,0,11,10,1,0,0,0,0,0,0,0.0,0,0,2
Lang-1f_org.apache.commons.lang3.text.StrSubstitutor_replace_502,Lang,1,Lang-1f,org.apache.commons.lang3.text.StrSubstitutor,replace,502,509,6,1,1,7,0,1,0,1,5,4,1,1,1,0,0,2,1,0.2,0,1,5
Lang-1f_org.apache.commons.lang3.text.StrSubstitutor_replaceSystemProperties_199,Lang,1,Lang-1f,org.apache.commons.lang3.text.StrSubstitutor,replaceSystemProperties,199,201,2,1,0,4,0,0,0,0,1,0,1,0,0,0,0,1,0,0.0,0,0,1
Lang-1f_org.apache.commons.lang3.text.StrLookup_systemPropertiesLookup_82,Lang,1,Lang-1f,org.apache.commons.lang3.text.StrLookup,systemPropertiesLookup,82,84,2,0,0,1,0,2,0,0,1,0,1,0,0,0,0,1,0,0.0,0,0,1
Lang-1f_org.apache.commons.lang3.text.StrSubstitutor_<init>_208,Lang,1,Lang-1f,org.apache.commons.lang3.text.StrSubstitutor,<init>,208,210,2,0,0,2,0,2,0,0,10,9,1,0,0,0,0,0,0,0.0,0,0,2
Lang-1f_org.apache.commons.lang3.text.StrSubstitutor_<init>_284,Lang,1,Lang-1f,org.apache.commons.lang3.text.StrSubstitutor,<init>,284,290,6,4,2,5,0,2,0,0,19,18,1,0,0,0,0,0,0,0.0,0,0,6
Lang-1f_org.apache.commons.lang3.text.StrSubstitutor_<init>_268,Lang,1,Lang-1f,org.apache.commons.lang3.text.StrSubstitutor,<init>,268,273,5,4,2,5,0,2,0,0,19,18,1,0,0,0,0,0,0,0.0,0,0,5
Lang-1f_org.apache.commons.lang3.text.StrSubstitutor_setVariableResolver_979,Lang,1,Lang-1f,org.apache.commons.lang3.text.StrSubstitutor,setVariableResolver,979,981,2,1,0,1,0,2,0,0,1,0,1,0,0,0,0,0,0,0.0,0,0,1
Lang-1f_org.apache.commons.lang3.text.StrSubstitutor_setVariablePrefix_891,Lang,1,Lang-1f,org.apache.commons.lang3.text.StrSubstitutor,setVariablePrefix,891,896,4,1,0,5,0,1,0,1,4,4,2,1,1,1,0,1,1,0.25,0,1,3
Lang-1f_org.apache.commons.lang3.text.StrSubstitutor_setVariableSuffix_956,Lang,1,Lang-1f,org.apache.commons.lang3.text.StrSubstitutor,setVariableSuffix,956,961,4,1,0,5,0,1,0,1,4,4,2,1,1,1,0,1,1,0.25,0,1,3
Lang-1f_org.apache.commons.lang3.text.StrSubstitutor_setEscapeChar_829,Lang,1,Lang-1f,org.apache.commons.lang3.text.StrSubstitutor,setEscapeChar,829,831,2,1,0,1,0,0,0,0,1,0,1,0,0,0,0,0,0,0.0,0,0,1
Lang-1f_org.apache.commons.lang3.text.StrSubstitutor_setVariablePrefixMatcher_859,Lang,1,Lang-1f,org.apache.commons.lang3.text.StrSubstitutor,setVariablePrefixMatcher,859,865,5,1,0,3,0,1,0,1,5,5,2,1,1,1,0,1,1,0.2,0,1,4
Lang-1f_org.apache.commons.lang3.text.StrSubstitutor_setVariableSuffixMatcher_924,Lang,1,Lang-1f,org.apache.commons.lang3.text.StrSubstitutor,setVariableSuffixMatcher,924,930,5,1,0,3,0,1,0,1,5,5,2,1,1,1,0,1,1,0.2,0,1,4
Lang-1f_org.apache.commons.lang3.text.StrSubstitutor_replace_300,Lang,1,Lang-1f,org.apache.commons.lang3.text.StrSubstitutor,replace,300,309,7,1,1,7,0,2,0,1,6,5,1,2,2,0,0,3,2,0.3333,0,1,6
Lang-1f_org.apache.commons.lang3.text.StrSubstitutor_substitute_644,Lang,1,Lang-1f,org.apache.commons.lang3.text.StrSubstitutor,substitute,644,646,2,3,2,2,0,1,0,1,1,0,1,0,1,1,1,1,0,1.0,1,1,1
Lang-1f_org.apache.commons.lang3.text.StrSubstitutor_replace_323,Lang,1,Lang-1f,org.apache.commons.lang3.text.StrSubstitutor,replace,323,332,7,3,3,8,1,2,0,1,6,5,1,2,2,0,0,3,2,0.3333,0,1,6
Lang-1f_org.apache.commons.lang3.text.StrSubstitutor_replace_343,Lang,1,Lang-1f,org.apache.commons.lang3.text.StrSubstitutor,replace,343,350,6,1,1,6,0,1,0,1,5,4,1,1,1,0,0,2,1,0.2,0,1,5
Lang-1f_org.apache.commons.lang3.text.StrSubstitutor_replace_365,Lang,1,Lang-1f,org.apache.commons.lang3.text.StrSubstitutor,replace,365,372,6,3,2,6,0,1,0,1,5,4,1,1,1,0,0,2,1,0.2,0,1,5
Lang-1f_org.apache.commons.lang3.text.StrSubstitutor_replace_383,Lang,1,Lang-1f,org.apache.commons.lang3.text.StrSubstitutor,replace,383,390,6,1,1,8,0,1,0,1,5,4,1,1,1,0,0,2,1,0.2,0,1,5
Lang-1f_org.apache.commons.lang3.text.StrSubstitutor_replace_405,Lang,1,Lang-1f,org.apache.commons.lang3.text.StrSubstitutor,replace,405,412,6,3,3,6,0,1,0,1,5,4,1,1,1,0,0,2,1,0.2,0,1,5
Lang-1f_org.apache.commons.lang3.text.StrSubstitutor_replace_423,Lang,1,Lang-1f,org.apache.commons.lang3.text.StrSubstitutor,replace,423,428,4,1,0,4,0,1,0,1,3,2,1,1,2,1,1,2,1,0.6667,1,1,3
Lang-1f_org.apache.commons.lang3.text.StrSubstitutor_replace_444,Lang,1,Lang-1f,org.apache.commons.lang3.text.StrSubstitutor,replace,444,451,6,3,3,6,0,1,0,1,5,4,1,1,1,0,0,2,1,0.2,0,1,5
Lang-1f_org.apache.commons.lang3.text.StrSubstitutor_replace_462,Lang,1,Lang-1f,org.apache.commons.lang3.text.StrSubstitutor,replace,462,469,6,1,1,8,0,1,0,1,5,4,1,1,1,0,0,2,1,0.2,0,1,5
Lang-1f_org.apache.commons.lang3.text.StrSubstitutor_replace_484,Lang,1,Lang-1f,org.apache.commons.lang3.text.StrSubstitutor,replace,484,491,6,3,3,6,0,1,0,1,5,4,1,1,1,0,0,2,1,0.2,0,1,5
Lang-1f_org.apache.commons.lang3.text.StrSubstitutor_replaceIn_520,Lang,1,Lang-1f,org.apache.commons.lang3.text.StrSubstitutor,replaceIn,520,525,4,1,0,4,0,1,0,1,3,2,1,1,2,1,1,2,1,0.6667,1,1,3
Lang-1f_org.apache.commons.lang3.text.StrSubstitutor_replaceIn_540,Lang,1,Lang-1f,org.apache.commons.lang3.text.StrSubstitutor,replaceIn,540,550,8,3,3,8,1,2,0,1,7,6,1,2,2,0,0,3,2,0.2857,0,1,7
Lang-1f_org.apache.commons.lang3.text.StrSubstitutor_replaceIn_562,Lang,1,Lang-1f,org.apache.commons.lang3.text.StrSubstitutor,replaceIn,562,567,4,1,0,4,0,1,0,1,3,2,1,1,2,1,1,2,1,0.6667,1,1,3
Lang-1f_org.apache.commons.lang3.text.StrSubstitutor_replaceIn_583,Lang,1,Lang-1f,org.apache.commons.lang3.text.StrSubstitutor,replaceIn,583,593,8,3,3,8,1,2,0,1,7,6,1,2,2,0,0,3,2,0.2857,0,1,7
Lang-1f_org.apache.commons.lang3.text.StrSubstitutor_replaceIn_603,Lang,1,Lang-1f,org.apache.commons.lang3.text.StrSubstitutor,replaceIn,603,608,4,1,0,4,0,1,0,1,3,2,1,1,1,0,0,2,1,0.3333,0,1,3
Lang-1f_org.apache.commons.lang3.text.StrSubstitutor_replaceIn_622,Lang,1,Lang-1f,org.apache.commons.lang3.text.StrSubstitutor,replaceIn,622,627,4,3,2,3,0,1,0,0,3,2,1,1,1,0,0,2,1,0.3333,0,1,3
Lang-1f_org.apache.commons.lang3.text.StrSubstitutor_substitute_660,Lang,1,Lang-1f,org.apache.commons.lang3.text.StrSubstitutor,substitute,660,766,78,4,21,36,22,15,2,13,62,71,11,9,13,7,4,2,9,0.2097,1,1,62
Lang-1f_org.apache.commons.lang3.text.StrSubstitutor_getVariablePrefixMatcher_844,Lang,1,Lang-1f,org.apache.commons.lang3.text.StrSubstitutor,getVariablePrefixMatcher,844,846,2,0,0,1,0,0,0,0,1,0,1,0,0,0,0,1,0,0.0,0,0,1
Lang-1f_org.apache.commons.lang3.text.StrSubstitutor_getVariableSuffixMatcher_909,Lang,1,Lang-1f,org.apache.commons.lang3.text.StrSubstitutor,getVariableSuffixMatcher,909,911,2,0,0,1,0,0,0,0,1,0,1,0,0,0,0,1,0,0.0,0,0,1
Lang-1f_org.apache.commons.lang3.text.StrSubstitutor_getEscapeChar_818,Lang,1,Lang-1f,org.apache.commons.lang3.text.StrSubstitutor,getEscapeChar,818,820,2,0,0,1,0,0,0,0,1,0,1,0,0,0,0,1,0,0.0,0,0,1
Lang-1f_org.apache.commons.lang3.text.StrSubstitutor_isEnableSubstitutionInVariables_991,Lang,1,Lang-1f,org.apache.commons.lang3.text.StrSubstitutor,isEnableSubstitutionInVariables,991,993,2,0,0,1,0,0,0,0,1,0,1,0,0,0,0,1,0,0.0,0,0,1
Lang-1f_org.apache.commons.lang3.text.StrSubstitutor_checkCyclicSubstitution_774,Lang,1,Lang-1f,org.apache.commons.lang3.text.StrSubstitutor,checkCyclicSubstitution,774,784,9,2,2,11,0,3,0,5,11,10,1,1,1,0,0,1,1,0.0909,0,1,8
Lang-1f_org.apache.commons.lang3.text.StrSubstitutor_resolveVariable_803,Lang,1,Lang-1f,org.apache.commons.lang3.text.StrSubstitutor,resolveVariable,803,809,5,4,3,4,0,3,0,0,4,3,1,1,1,0,0,2,1,0.25,0,1,4
Lang-1f_org.apache.commons.lang3.text.StrSubstitutor_getVariableResolver_970,Lang,1,Lang-1f,org.apache.commons.lang3.text.StrSubstitutor,getVariableResolver,970,972,2,0,0,1,0,2,0,0,1,0,1,0,0,0,0,1,0,0.0,0,0,1
Lang-1f_org.apache.commons.lang3.text.StrSubstitutor_setVariablePrefix_877,Lang,1,Lang-1f,org.apache.commons.lang3.text.StrSubstitutor,setVariablePrefix,877,879,2,1,0,3,0,0,0,0,1,0,1,0,0,0,0,1,0,0.0,0,0,1
Lang-1f_org.apache.commons.lang3.text.StrMatcher_charMatcher_163,Lang,1,Lang-1f,org.apache.commons.lang3.text.StrMatcher,charMatcher,163,165,2,1,0,2,0,0,0,0,1,0,1,0,0,0,0,1,0,0.0,0,0,1
Lang-1f_org.apache.commons.lang3.text.StrMatcher_stringMatcher_205,Lang,1,Lang-1f,org.apache.commons.lang3.text.StrMatcher,stringMatcher,205,210,4,1,0,4,0,0,0,0,3,2,1,1,1,0,0,2,1,0.3333,0,1,3
Lang-1f_org.apache.commons.lang3.text.StrSubstitutor_setVariableSuffix_942,Lang,1,Lang-1f,org.apache.commons.lang3.text.StrSubstitutor,setVariableSuffix,942,944,2,1,0,3,0,0,0,0,1,0,1,0,0,0,0,1,0,0.0,0,0,1
Lang-1f_org.apache.commons.lang3.text.StrTokenizer_<init>_240,Lang,1,Lang-1f,org.apache.commons.lang3.text.StrTokenizer,<init>,240,243,3,0,0,2,0,0,0,0,6,5,1,0,0,0,0,0,0,0.0,0,0,3
Lang-1f_org.apache.commons.lang3.text.StrBuilder_tokenize_2816,Lang,1,Lang-1f,org.apache.commons.lang3.text.StrBuilder,tokenize,2816,2821,4,3,1,5,0,3,0,1,3,2,1,1,3,2,2,2,1,1.0,1,1,3
Lang-1f_org.apache.commons.lang3.text.StrTokenizer_tokenize_635,Lang,1,Lang-1f,org.apache.commons.lang3.text.StrTokenizer,tokenize,635,654,11,3,3,8,0,11,2,3,10,11,3,2,3,1,1,2,2,0.3,1,1,10
Lang-1f_org.apache.commons.lang3.text.StrBuilder_getContent_2825,Lang,1,Lang-1f,org.apache.commons.lang3.text.StrBuilder,getContent,2825,2831,5,0,1,4,0,1,0,0,4,3,1,1,2,1,1,2,1,0.5,1,1,4
Lang-1f_org.apache.commons.lang3.text.StrTokenizer_getContent_1059,Lang,1,Lang-1f,org.apache.commons.lang3.text.StrTokenizer,getContent,1059,1064,4,0,0,3,0,1,0,0,3,2,1,1,1,0,0,2,1,0.3333,0,1,3
Lang-1f_org.apache.commons.lang3.text.StrBuilder_write_2952,Lang,1,Lang-1f,org.apache.commons.lang3.text.StrBuilder,write,2952,2954,2,1,0,2,0,0,0,0,1,0,1,0,0,0,0,0,0,0.0,0,0,1
Lang-1f_org.apache.commons.lang3.text.StrBuilder_write_2958,Lang,1,Lang-1f,org.apache.commons.lang3.text.StrBuilder,write,2958,2960,2,1,0,2,0,0,0,0,1,0,1,0,0,0,0,0,0,0.0,0,0,1
Lang-1f_org.apache.commons.lang3.text.StrBuilder_write_2964,Lang,1,Lang-1f,org.apache.commons.lang3.text.StrBuilder,write,2964,2966,2,3,1,2,0,0,0,0,1,0,1,0,0,0,0,0,0,0.0,0,0,1
Lang-1f_org.apache.commons.lang3.text.StrBuilder_write_2970,Lang,1,Lang-1f,org.apache.commons.lang3.text.StrBuilder,write,2970,2972,2,1,0,2,0,0,0,0,1,0,1,0,0,0,0,0,0,0.0,0,0,1
Lang-1f_org.apache.commons.lang3.text.StrBuilder_write_2976,Lang,1,Lang-1f,org.apache.commons.lang3.text.StrBuilder,write,2976,2978,2,3,2,2,0,0,0,0,1,0,1,0,0,0,0,0,0,0.0,0,0,1
Lang-1f_org.apache.commons.lang3.text.StrLookup_<clinit>_47,Lang,1,Lang-1f,org.apache.commons.lang3.text.StrLookup,<clinit>,47,59,11,1,0,3,0,12,0,1,10,9,1,0,0,0,0,0,0,0.0,0,0,8
Lang-1f_org.apache.commons.lang3.text.WordUtils_<init>_42,Lang,1,Lang-1f,org.apache.commons.lang3.text.WordUtils,<init>,42,44,2,0,0,2,0,0,0,0,5,4,1,0,0,0,0,0,0,0.0,0,0,2
Lang-1f_org.apache.commons.lang3.text.WordUtils_wrap_66,Lang,1,Lang-1f,org.apache.commons.lang3.text.WordUtils,wrap,66,68,2,2,1,2,0,0,0,0,1,0,1,0,1,1,1,1,0,1.0,1,1,1
Lang-1f_org.apache.commons.lang3.text.WordUtils_wrap_88,Lang,1,Lang-1f,org.apache.commons.lang3.text.WordUtils,wrap,88,141,35,4,7,28,9,7,0,7,31,37,8,7,8,3,1,2,7,0.2581,1,1,31
Lang-1f_org.apache.commons.lang3.text.WordUtils_capitalize_167,Lang,1,Lang-1f,org.apache.commons.lang3.text.WordUtils,capitalize,167,169,2,1,0,2,0,0,0,0,1,0,1,0,1,1,1,1,0,1.0,1,1,1
Lang-1f_org.apache.commons.lang3.text.WordUtils_capitalize_200,Lang,1,Lang-1f,org.apache.commons.lang3.text.WordUtils,capitalize,200,217,14,2,5,10,3,3,1,3,15,17,4,3,4,2,2,2,3,0.2667,1,1,13
Lang-1f_org.apache.commons.lang3.text.WordUtils_isDelimiter_485,Lang,1,Lang-1f,org.apache.commons.lang3.text.WordUtils,isDelimiter,485,495,7,2,1,5,0,2,0,0,7,7,2,2,3,1,2,3,1,0.4286,1,1,6
Lang-1f_org.apache.commons.lang3.text.WordUtils_capitalizeFully_239,Lang,1,Lang-1f,org.apache.commons.lang3.text.WordUtils,capitalizeFully,239,241,2,1,0,2,0,0,0,0,1,0,1,0,1,1,1,1,0,1.0,1,1,1
Lang-1f_org.apache.commons.lang3.text.WordUtils_capitalizeFully_269,Lang,1,Lang-1f,org.apache.commons.lang3.text.WordUtils,capitalizeFully,269,276,6,2,2,5,1,2,1,2,5,4,1,1,1,0,0,2,1,0.2,0,1,5
Lang-1f_org.apache.commons.lang3.text.WordUtils_uncapitalize_296,Lang,1,Lang-1f,org.apache.commons.lang3.text.WordUtils,uncapitalize,296,298,2,1,0,2,0,0,0,0,1,0,1,0,1,1,1,1,0,1.0,1,1,1
Lang-1f_org.apache.commons.lang3.text.WordUtils_uncapitalize_325,Lang,1,Lang-1f,org.apache.commons.lang3.text.WordUtils,uncapitalize,325,342,14,2,5,10,3,3,1,3,15,17,4,3,4,2,2,2,3,0.2667,1,1,13
Lang-1f_org.apache.commons.lang3.text.WordUtils_swapCase_367,Lang,1,Lang-1f,org.apache.commons.lang3.text.WordUtils,swapCase,367,395,22,1,3,18,2,1,0,1,21,25,6,5,6,2,2,2,5,0.2857,1,1,19
Lang-1f_org.apache.commons.lang3.text.WordUtils_initials_420,Lang,1,Lang-1f,org.apache.commons.lang3.text.WordUtils,initials,420,422,2,1,0,2,0,0,0,0,1,0,1,0,1,1,1,1,0,1.0,1,1,1
Lang-1f_org.apache.commons.lang3.text.WordUtils_initials_451,Lang,1,Lang-1f,org.apache.commons.lang3.text.WordUtils,initials,451,475,19,2,6,11,6,3,1,7,19,21,4,4,5,2,2,3,4,0.2632,1,1,17
Lang-1f_org.apache.commons.lang3.text.StrTokenizer_getCSVClone_138,Lang,1,Lang-1f,org.apache.commons.lang3.text.StrTokenizer,getCSVClone,138,140,2,0,0,3,0,0,0,0,1,0,1,0,0,0,0,1,0,0.0,0,0,1
Lang-1f_org.apache.commons.lang3.text.StrTokenizer_clone_1075,Lang,1,Lang-1f,org.apache.commons.lang3.text.StrTokenizer,clone,1075,1081,5,0,0,3,0,0,0,0,5,3,1,0,0,0,0,2,0,0.0,0,0,3
Lang-1f_org.apache.commons.lang3.text.StrTokenizer_getCSVInstance_151,Lang,1,Lang-1f,org.apache.commons.lang3.text.StrTokenizer,getCSVInstance,151,153,2,0,0,2,0,0,0,0,1,0,1,0,0,0,0,1,0,0.0,0,0,1
Lang-1f_org.apache.commons.lang3.text.StrTokenizer_getCSVInstance_164,Lang,1,Lang-1f,org.apache.commons.lang3.text.StrTokenizer,getCSVInstance,164,168,4,1,1,3,0,0,0,0,3,2,1,0,0,0,0,1,0,0.0,0,0,3
Lang-1f_org.apache.commons.lang3.text.StrTokenizer_reset_472,Lang,1,Lang-1f,org.apache.commons.lang3.text.StrTokenizer,reset,472,480,7,1,0,4,0,1,0,0,5,5,2,1,2,2,1,1,1,0.4,1,1,5
Lang-1f_org.apache.commons.lang3.text.StrTokenizer_getCSVInstance_179,Lang,1,Lang-1f,org.apache.commons.lang3.text.StrTokenizer,getCSVInstance,179,183,4,1,1,3,0,0,0,0,3,2,1,0,0,0,0,1,0,0.0,0,0,3
Lang-1f_org.apache.commons.lang3.text.StrTokenizer_reset_490,Lang,1,Lang-1f,org.apache.commons.lang3.text.StrTokenizer,reset,490,494,4,1,0,3,0,0,0,0,3,2,1,0,1,1,1,1,0,0.3333,1,1,3
Lang-1f_org.apache.commons.lang3.text.StrTokenizer_getTSVClone_190,Lang,1,Lang-1f,org.apache.commons.lang3.text.StrTokenizer,getTSVClone,190,192,2,0,0,3,0,0,0,0,1,0,1,0,0,0,0,1,0,0.0,0,0,1
Lang-1f_org.apache.commons.lang3.text.StrTokenizer_getTSVInstance_203,Lang,1,Lang-1f,org.apache.commons.lang3.text.StrTokenizer,getTSVInstance,203,205,2,0,0,2,0,0,0,0,1,0,1,0,0,0,0,1,0,0.0,0,0,1
Lang-1f_org.apache.commons.lang3.text.StrTokenizer_getTSVInstance_214,Lang,1,Lang-1f,org.apache.commons.lang3.text.StrTokenizer,getTSVInstance,214,218,4,1,1,3,0,0,0,0,3,2,1,0,0,0,0,1,0,0.0,0,0,3
Lang-1f_org.apache.commons.lang3.text.StrTokenizer_getTSVInstance_227,Lang,1,Lang-1f,org.apache.commons.lang3.text.StrTokenizer,getTSVInstance,227,231,4,1,1,3,0,0,0,0,3,2,1,0,0,0,0,1,0,0.0,0,0,3
Lang-1f_org.apache.commons.lang3.text.StrMatcher_noneMatcher_153,Lang,1,Lang-1f,org.apache.commons.lang3.text.StrMatcher,noneMatcher,153,155,2,0,0,1,0,0,0,0,1,0,1,0,0,0,0,1,0,0.0,0,0,1
Lang-1f_org.apache.commons.lang3.text.StrTokenizer_<init>_251,Lang,1,Lang-1f,org.apache.commons.lang3.text.StrTokenizer,<init>,251,258,6,1,0,4,0,1,0,0,10,9,1,1,1,0,0,0,1,0.1,0,1,5
Lang-1f_org.apache.commons.lang3.text.StrTokenizer_<init>_266,Lang,1,Lang-1f,org.apache.commons.lang3.text.StrTokenizer,<init>,266,269,3,2,1,3,0,0,0,0,11,10,1,0,0,0,0,0,0,0.0,0,0,3
Lang-1f_org.apache.commons.lang3.text.StrTokenizer_setDelimiterChar_874,Lang,1,Lang-1f,org.apache.commons.lang3.text.StrTokenizer,setDelimiterChar,874,876,2,1,0,3,0,0,0,0,1,0,1,0,0,0,0,1,0,0.0,0,0,1
Lang-1f_org.apache.commons.lang3.text.StrTokenizer_<init>_277,Lang,1,Lang-1f,org.apache.commons.lang3.text.StrTokenizer,<init>,277,280,3,2,1,3,0,0,0,0,11,10,1,0,0,0,0,0,0,0.0,0,0,3
Lang-1f_org.apache.commons.lang3.text.StrTokenizer_setDelimiterString_884,Lang,1,Lang-1f,org.apache.commons.lang3.text.StrTokenizer,setDelimiterString,884,886,2,1,0,3,0,0,0,0,1,0,1,0,0,0,0,1,0,0.0,0,0,1
Lang-1f_org.apache.commons.lang3.text.StrTokenizer_<init>_288,Lang,1,Lang-1f,org.apache.commons.lang3.text.StrTokenizer,<init>,288,291,3,2,1,3,0,0,0,0,11,10,1,0,0,0,0,0,0,0.0,0,0,3
Lang-1f_org.apache.commons.lang3.text.StrTokenizer_setDelimiterMatcher_859,Lang,1,Lang-1f,org.apache.commons.lang3.text.StrTokenizer,setDelimiterMatcher,859,866,6,1,0,3,0,1,0,0,4,4,2,1,1,1,0,1,1,0.25,0,1,4
Lang-1f_org.apache.commons.lang3.text.StrTokenizer_<init>_301,Lang,1,Lang-1f,org.apache.commons.lang3.text.StrTokenizer,<init>,301,304,3,3,2,3,0,0,0,0,15,14,1,0,0,0,0,0,0,0.0,0,0,3
Lang-1f_org.apache.commons.lang3.text.StrTokenizer_setQuoteChar_928,Lang,1,Lang-1f,org.apache.commons.lang3.text.StrTokenizer,setQuoteChar,928,930,2,1,0,3,0,0,0,0,1,0,1,0,0,0,0,1,0,0.0,0,0,1
Lang-1f_org.apache.commons.lang3.text.StrTokenizer_<init>_314,Lang,1,Lang-1f,org.apache.commons.lang3.text.StrTokenizer,<init>,314,317,3,3,2,3,0,0,0,0,15,14,1,0,0,0,0,0,0,0.0,0,0,3
Lang-1f_org.apache.commons.lang3.text.StrTokenizer_setQuoteMatcher_912,Lang,1,Lang-1f,org.apache.commons.lang3.text.StrTokenizer,setQuoteMatcher,912,917,4,1,0,2,0,1,0,0,3,3,2,1,1,1,0,1,1,0.3333,0,1,3
Lang-1f_org.apache.commons.lang3.text.StrTokenizer_<init>_325,Lang,1,Lang-1f,org.apache.commons.lang3.text.StrTokenizer,<init>,325,328,3,1,0,3,0,0,0,0,9,8,1,0,0,0,0,0,0,0.0,0,0,3
Lang-1f_org.apache.commons.lang3.text.StrTokenizer_<init>_336,Lang,1,Lang-1f,org.apache.commons.lang3.text.StrTokenizer,<init>,336,339,3,2,0,3,0,0,0,0,12,11,1,0,0,0,0,0,0,0.0,0,0,3
Lang-1f_org.apache.commons.lang3.text.StrTokenizer_<init>_347,Lang,1,Lang-1f,org.apache.commons.lang3.text.StrTokenizer,<init>,347,350,3,2,0,3,0,0,0,0,12,11,1,0,0,0,0,0,0,0.0,0,0,3
Lang-1f_org.apache.commons.lang3.text.StrTokenizer_<init>_358,Lang,1,Lang-1f,org.apache.commons.lang3.text.StrTokenizer,<init>,358,361,3,2,0,3,0,0,0,0,12,11,1,0,0,0,0,0,0,0.0,0,0,3
Lang-1f_org.apache.commons.lang3.text.StrTokenizer_<init>_371,Lang,1,Lang-1f,org.apache.commons.lang3.text.StrTokenizer,<init>,371,374,3,3,1,3,0,0,0,0,16,15,1,0,0,0,0,0,0,0.0,0,0,3
Lang-1f_org.apache.commons.lang3.text.StrTokenizer_<init>_384,Lang,1,Lang-1f,org.apache.commons.lang3.text.StrTokenizer,<init>,384,387,3,3,1,3,0,0,0,0,16,15,1,0,0,0,0,0,0,0.0,0,0,3
Lang-1f_org.apache.commons.lang3.text.StrTokenizer_size_396,Lang,1,Lang-1f,org.apache.commons.lang3.text.StrTokenizer,size,396,399,3,0,0,2,0,0,0,0,2,1,1,0,0,0,0,1,0,0.0,0,0,2
Lang-1f_org.apache.commons.lang3.text.StrTokenizer_checkTokenized_602,Lang,1,Lang-1f,org.apache.commons.lang3.text.StrTokenizer,checkTokenized,602,613,8,0,0,9,0,6,0,3,6,5,1,2,2,0,0,0,2,0.3333,0,1,6
Lang-1f_org.apache.commons.lang3.text.StrTokenizer_nextToken_408,Lang,1,Lang-1f,org.apache.commons.lang3.text.StrTokenizer,nextToken,408,413,4,0,0,3,2,0,0,0,3,2,1,1,1,0,0,2,1,0.3333,0,1,3
Lang-1f_org.apache.commons.lang3.text.StrTokenizer_hasNext_504,Lang,1,Lang-1f,org.apache.commons.lang3.text.StrTokenizer,hasNext,504,507,3,0,0,2,0,1,0,0,2,1,1,0,0,0,0,1,0,0.0,0,0,2
Lang-1f_org.apache.commons.lang3.text.StrTokenizer_previousToken_420,Lang,1,Lang-1f,org.apache.commons.lang3.text.StrTokenizer,previousToken,420,425,4,0,0,3,2,0,0,0,3,2,1,1,1,0,0,2,1,0.3333,0,1,3
Lang-1f_org.apache.commons.lang3.text.StrTokenizer_hasPrevious_539,Lang,1,Lang-1f,org.apache.commons.lang3.text.StrTokenizer,hasPrevious,539,542,3,0,0,2,0,1,0,1,2,1,1,0,0,0,0,1,0,0.0,0,0,2
Lang-1f_org.apache.commons.lang3.text.StrTokenizer_getTokenArray_432,Lang,1,Lang-1f,org.apache.commons.lang3.text.StrTokenizer,getTokenArray,432,435,3,0,0,3,0,0,0,0,2,1,1,0,0,0,0,1,0,0.0,0,0,2
Lang-1f_org.apache.commons.lang3.text.StrTokenizer_getTokenList_442,Lang,1,Lang-1f,org.apache.commons.lang3.text.StrTokenizer,getTokenList,442,449,6,0,0,4,0,6,0,0,6,6,2,0,1,1,2,1,0,0.1667,1,1,5
Lang-1f_org.apache.commons.lang3.text.StrTokenizer_reset_458,Lang,1,Lang-1f,org.apache.commons.lang3.text.StrTokenizer,reset,458,462,4,0,0,1,0,0,0,1,3,2,1,0,0,0,0,1,0,0.0,0,0,3
Lang-1f_org.apache.commons.lang3.text.StrTokenizer_next_516,Lang,1,Lang-1f,org.apache.commons.lang3.text.StrTokenizer,next,516,521,4,0,0,4,2,0,0,0,4,3,1,1,1,0,0,1,1,0.25,0,1,3
Lang-1f_org.apache.commons.lang3.text.StrTokenizer_previous_550,Lang,1,Lang-1f,org.apache.commons.lang3.text.StrTokenizer,previous,550,555,4,0,0,4,2,0,0,0,4,3,1,1,1,0,0,1,1,0.25,0,1,3
Lang-1f_org.apache.commons.lang3.text.StrTokenizer_remove_573,Lang,1,Lang-1f,org.apache.commons.lang3.text.StrTokenizer,remove,573,575,2,0,0,2,0,0,0,1,2,1,1,0,0,0,0,0,0,0.0,0,0,1
Lang-1f_org.apache.commons.lang3.text.StrTokenizer_set_583,Lang,1,Lang-1f,org.apache.commons.lang3.text.StrTokenizer,set,583,585,2,1,0,2,0,0,0,1,2,1,1,0,0,0,0,0,0,0.0,0,0,1
Lang-1f_org.apache.commons.lang3.text.StrTokenizer_add_593,Lang,1,Lang-1f,org.apache.commons.lang3.text.StrTokenizer,add,593,595,2,1,0,2,0,0,0,1,2,1,1,0,0,0,0,0,0,0.0,0,0,1
Lang-1f_org.apache.commons.lang3.text.StrTokenizer_readNextToken_685,Lang,1,Lang-1f,org.apache.commons.lang3.text.StrTokenizer,readNextToken,685,719,21,5,6,23,3,9,2,10,16,17,3,4,5,2,1,4,4,0.3125,1,1,16
Lang-1f_org.apache.commons.lang3.text.StrTokenizer_addToken_662,Lang,1,Lang-1f,org.apache.commons.lang3.text.StrTokenizer,addToken,662,672,7,2,0,8,0,2,0,0,6,7,3,3,3,1,0,1,3,0.5,0,1,6
Lang-1f_org.apache.commons.lang3.text.StrTokenizer_isIgnoreEmptyTokens_1037,Lang,1,Lang-1f,org.apache.commons.lang3.text.StrTokenizer,isIgnoreEmptyTokens,1037,1039,2,0,0,1,0,0,0,0,1,0,1,0,0,0,0,1,0,0.0,0,0,1
Lang-1f_org.apache.commons.lang3.text.StrTokenizer_isEmptyTokenAsNull_1014,Lang,1,Lang-1f,org.apache.commons.lang3.text.StrTokenizer,isEmptyTokenAsNull,1014,1016,2,0,0,1,0,0,0,0,1,0,1,0,0,0,0,1,0,0.0,0,0,1
Lang-1f_org.apache.commons.lang3.text.StrTokenizer_getIgnoredMatcher_943,Lang,1,Lang-1f,org.apache.commons.lang3.text.StrTokenizer,getIgnoredMatcher,943,945,2,0,0,1,0,0,0,0,1,0,1,0,0,0,0,1,0,0.0,0,0,1
Lang-1f_org.apache.commons.lang3.text.StrTokenizer_getTrimmerMatcher_987,Lang,1,Lang-1f,org.apache.commons.lang3.text.StrTokenizer,getTrimmerMatcher,987,989,2,0,0,1,0,0,0,0,1,0,1,0,0,0,0,1,0,0.0,0,0,1
Lang-1f_org.apache.commons.lang3.text.StrTokenizer_getDelimiterMatcher_847,Lang,1,Lang-1f,org.apache.commons.lang3.text.StrTokenizer,getDelimiterMatcher,847,849,2,0,0,1,0,0,0,0,1,0,1,0,0,0,0,1,0,0.0,0,0,1
Lang-1f_org.apache.commons.lang3.text.StrTokenizer_getQuoteMatcher_899,Lang,1,Lang-1f,org.apache.commons.lang3.text.StrTokenizer,getQuoteMatcher,899,901,2,0,0,1,0,0,0,0,1,0,1,0,0,0,0,1,0,0.0,0,0,1
Lang-1f_org.apache.commons.lang3.text.StrTokenizer_readWithQuotes_735,Lang,1,Lang-1f,org.apache.commons.lang3.text.StrTokenizer,readWithQuotes,735,818,41,7,10,30,8,8,1,10,38,44,8,7,8,1,1,2,5,0.2105,1,1,38
Lang-1f_org.apache.commons.lang3.text.StrBuilder_clear_292,Lang,1,Lang-1f,org.apache.commons.lang3.text.StrBuilder,clear,292,295,3,0,0,1,0,0,0,1,2,1,1,0,0,0,0,1,0,0.0,0,0,2
Lang-1f_org.apache.commons.lang3.text.StrTokenizer_isQuote_831,Lang,1,Lang-1f,org.apache.commons.lang3.text.StrTokenizer,isQuote,831,838,5,5,4,3,5,3,1,1,6,6,2,1,2,1,2,2,1,0.3333,1,1,4
Lang-1f_org.apache.commons.lang3.text.StrTokenizer_setIgnoredChar_972,Lang,1,Lang-1f,org.apache.commons.lang3.text.StrTokenizer,setIgnoredChar,972,974,2,1,0,3,0,0,0,0,1,0,1,0,0,0,0,1,0,0.0,0,0,1
Lang-1f_org.apache.commons.lang3.text.StrTokenizer_setIgnoredMatcher_956,Lang,1,Lang-1f,org.apache.commons.lang3.text.StrTokenizer,setIgnoredMatcher,956,961,4,1,0,2,0,1,0,0,3,3,2,1,1,1,0,1,1,0.3333,0,1,3
Lang-1f_org.apache.commons.lang3.text.StrTokenizer_cloneReset_1090,Lang,1,Lang-1f,org.apache.commons.lang3.text.StrTokenizer,cloneReset,1090,1098,6,0,1,5,0,1,0,0,5,5,2,1,1,1,0,1,1,0.2,0,1,5
Lang-1f_org.apache.commons.lang3.text.StrTokenizer_toString_1107,Lang,1,Lang-1f,org.apache.commons.lang3.text.StrTokenizer,toString,1107,1112,4,0,0,3,1,1,0,2,3,2,1,1,1,0,0,2,1,0.3333,0,1,3
Lang-1f_org.apache.commons.lang3.text.StrTokenizer_<clinit>_92,Lang,1,Lang-1f,org.apache.commons.lang3.text.StrTokenizer,<clinit>,92,108,15,0,0,22,0,0,0,0,14,13,1,0,0,0,0,0,0,0.0,0,0,14
Lang-1f_org.apache.commons.lang3.text.StrMatcher_commaMatcher_80,Lang,1,Lang-1f,org.apache.commons.lang3.text.StrMatcher,commaMatcher,80,82,2,0,0,1,0,0,0,0,1,0,1,0,0,0,0,1,0,0.0,0,0,1
Lang-1f_org.apache.commons.lang3.text.StrMatcher_doubleQuoteMatcher_135,Lang,1,Lang-1f,org.apache.commons.lang3.text.StrMatcher,doubleQuoteMatcher,135,137,2,0,0,1,0,0,0,0,1,0,1,0,0,0,0,1,0,0.0,0,0,1
Lang-1f_org.apache.commons.lang3.text.StrMatcher_trimMatcher_117,Lang,1,Lang-1f,org.apache.commons.lang3.text.StrMatcher,trimMatcher,117,119,2,0,0,1,0,0,0,0,1,0,1,0,0,0,0,1,0,0.0,0,0,1
Lang-1f_org.apache.commons.lang3.text.StrTokenizer_setTrimmerMatcher_1000,Lang,1,Lang-1f,org.apache.commons.lang3.text.StrTokenizer,setTrimmerMatcher,1000,1005,4,1,0,2,0,1,0,0,3,3,2,1,1,1,0,1,1,0.3333,0,1,3
Lang-1f_org.apache.commons.lang3.text.StrTokenizer_setEmptyTokenAsNull_1025,Lang,1,Lang-1f,org.apache.commons.lang3.text.StrTokenizer,setEmptyTokenAsNull,1025,1028,3,1,0,1,0,0,0,0,2,1,1,0,0,0,0,1,0,0.0,0,0,2
Lang-1f_org.apache.commons.lang3.text.StrTokenizer_setIgnoreEmptyTokens_1048,Lang,1,Lang-1f,org.apache.commons.lang3.text.StrTokenizer,setIgnoreEmptyTokens,1048,1051,3,1,0,1,0,0,0,0,2,1,1,0,0,0,0,1,0,0.0,0,0,2
Lang-1f_org.apache.commons.lang3.text.StrMatcher_tabMatcher_89,Lang,1,Lang-1f,org.apache.commons.lang3.text.StrMatcher,tabMatcher,89,91,2,0,0,1,0,0,0,0,1,0,1,0,0,0,0,1,0,0.0,0,0,1
Lang-1f_org.apache.commons.lang3.text.StrMatcher_charSetMatcher_173,Lang,1,Lang-1f,org.apache.commons.lang3.text.StrMatcher,charSetMatcher,173,181,6,1,0,5,0,3,1,3,5,4,1,2,2,0,0,3,2,0.4,0,1,5
Lang-1f_org.apache.commons.lang3.text.StrMatcher_charSetMatcher_189,Lang,1,Lang-1f,org.apache.commons.lang3.text.StrMatcher,charSetMatcher,189,197,6,1,0,9,0,1,0,2,5,4,1,2,2,0,0,3,2,0.4,0,1,5
Lang-1f_org.apache.commons.lang3.SerializationUtils_resolveClass_305,Lang,1,Lang-1f,org.apache.commons.lang3.SerializationUtils,resolveClass,305,321,13,1,1,10,0,5,0,0,13,10,1,1,1,0,0,3,0,0.0769,0,1,9
Lang-1f_org.apache.commons.lang3.AnnotationUtils_equals_122,Lang,1,Lang-1f,org.apache.commons.lang3.AnnotationUtils,equals,122,153,24,2,3,22,0,8,2,3,26,25,1,5,6,2,3,7,5,0.2308,1,1,21
Lang-1f_org.apache.commons.lang3.AnnotationUtils_isValidAnnotationMemberType_223,Lang,1,Lang-1f,org.apache.commons.lang3.AnnotationUtils,isValidAnnotationMemberType,223,232,7,1,0,10,0,3,4,0,5,5,2,2,2,1,0,2,2,0.4,0,1,5
Lang-1f_org.apache.commons.lang3.AnnotationUtils_memberEquals_263,Lang,1,Lang-1f,org.apache.commons.lang3.AnnotationUtils,memberEquals,263,277,10,3,1,11,0,5,1,0,9,8,1,4,4,0,0,5,4,0.4444,0,1,9
Lang-1f_org.apache.commons.lang3.AnnotationUtils_hashCode_167,Lang,1,Lang-1f,org.apache.commons.lang3.AnnotationUtils,hashCode,167,185,15,1,2,13,0,3,0,2,22,23,3,1,2,2,2,1,0,0.0909,1,1,13
Lang-1f_org.apache.commons.lang3.AnnotationUtils_hashMember_242,Lang,1,Lang-1f,org.apache.commons.lang3.AnnotationUtils,hashMember,242,251,7,2,2,11,1,0,0,1,6,5,1,2,2,0,0,3,2,0.3333,0,1,6
Lang-1f_org.apache.commons.lang3.builder.ToStringBuilder_append_847,Lang,1,Lang-1f,org.apache.commons.lang3.builder.ToStringBuilder,append,847,850,3,2,1,2,0,0,0,0,2,1,1,0,1,1,1,1,0,0.5,1,1,2
Lang-1f_org.apache.commons.lang3.builder.ToStringBuilder_build_1077,Lang,1,Lang-1f,org.apache.commons.lang3.builder.ToStringBuilder,build,1077,1079,2,0,0,2,0,0,0,0,1,0,1,0,0,0,0,1,0,0.0,0,0,1
Lang-1f_org.apache.commons.lang3.AnnotationUtils_arrayMemberHash_344,Lang,1,Lang-1f,org.apache.commons.lang3.AnnotationUtils,arrayMemberHash,344,370,18,2,0,26,0,2,0,0,17,16,1,8,8,0,0,9,8,0.4706,0,1,17
Lang-1f_org.apache.commons.lang3.AnnotationUtils_arrayMemberEquals_287,Lang,1,Lang-1f,org.apache.commons.lang3.AnnotationUtils,arrayMemberEquals,287,316,20,3,1,29,0,2,0,0,19,18,1,9,9,0,0,10,9,0.4737,0,1,19
Lang-1f_org.apache.commons.lang3.AnnotationUtils_annotationArrayMemberEquals_325,Lang,1,Lang-1f,org.apache.commons.lang3.AnnotationUtils,annotationArrayMemberEquals,325,335,7,2,1,5,2,2,0,1,8,8,2,2,3,1,2,3,2,0.375,1,1,6
Lang-1f_org.apache.commons.lang3.SerializationUtils_<init>_58,Lang,1,Lang-1f,org.apache.commons.lang3.SerializationUtils,<init>,58,60,2,0,0,2,0,0,0,0,5,4,1,0,0,0,0,0,0,0.0,0,0,2
Lang-1f_org.apache.commons.lang3.SerializationUtils_clone_78,Lang,1,Lang-1f,org.apache.commons.lang3.SerializationUtils,clone,78,112,22,1,3,17,0,4,0,4,28,27,1,2,2,1,0,2,1,0.0714,0,1,16
Lang-1f_org.apache.commons.lang3.SerializationUtils_serialize_162,Lang,1,Lang-1f,org.apache.commons.lang3.SerializationUtils,serialize,162,166,4,1,1,4,0,0,0,1,3,2,1,0,1,1,1,1,0,0.3333,1,1,3
Lang-1f_org.apache.commons.lang3.SerializationUtils_serialize_131,Lang,1,Lang-1f,org.apache.commons.lang3.SerializationUtils,serialize,131,152,14,2,2,10,0,2,0,1,17,18,3,2,2,2,0,0,2,0.1176,0,1,10
Lang-1f_org.apache.commons.lang3.SerializationUtils_deserialize_200,Lang,1,Lang-1f,org.apache.commons.lang3.SerializationUtils,deserialize,200,227,20,1,2,15,0,4,0,2,28,28,2,2,2,2,0,1,1,0.0714,0,1,15
Lang-1f_org.apache.commons.lang3.SerializationUtils_deserialize_249,Lang,1,Lang-1f,org.apache.commons.lang3.SerializationUtils,deserialize,249,254,4,1,0,5,0,5,0,1,4,4,2,1,2,1,1,1,1,0.5,1,1,3
Lang-1f_org.apache.commons.lang3.builder.ToStringBuilder_setDefaultStyle_135,Lang,1,Lang-1f,org.apache.commons.lang3.builder.ToStringBuilder,setDefaultStyle,135,140,4,1,0,3,0,1,0,1,4,4,2,1,1,1,0,0,1,0.25,0,1,3
Lang-1f_org.apache.commons.lang3.builder.ToStringBuilder_reflectionToString_151,Lang,1,Lang-1f,org.apache.commons.lang3.builder.ToStringBuilder,reflectionToString,151,153,2,1,0,2,0,0,0,0,1,0,1,0,0,0,0,1,0,0.0,0,0,1
Lang-1f_org.apache.commons.lang3.builder.ReflectionToStringBuilder_toString_112,Lang,1,Lang-1f,org.apache.commons.lang3.builder.ReflectionToStringBuilder,toString,112,114,2,1,0,2,0,0,0,0,1,0,1,0,1,1,1,1,0,1.0,1,1,1
Lang-1f_org.apache.commons.lang3.builder.ToStringBuilder_reflectionToString_164,Lang,1,Lang-1f,org.apache.commons.lang3.builder.ToStringBuilder,reflectionToString,164,166,2,2,1,2,0,0,0,0,1,0,1,0,0,0,0,1,0,0.0,0,0,1
Lang-1f_org.apache.commons.lang3.builder.ReflectionToStringBuilder_toString_144,Lang,1,Lang-1f,org.apache.commons.lang3.builder.ReflectionToStringBuilder,toString,144,146,2,2,1,2,0,0,0,0,1,0,1,0,1,1,1,1,0,1.0,1,1,1
Lang-1f_org.apache.commons.lang3.builder.ToStringBuilder_reflectionToString_178,Lang,1,Lang-1f,org.apache.commons.lang3.builder.ToStringBuilder,reflectionToString,178,180,2,3,2,2,0,0,0,0,1,0,1,0,0,0,0,1,0,0.0,0,0,1
Lang-1f_org.apache.commons.lang3.builder.ReflectionToStringBuilder_toString_279,Lang,1,Lang-1f,org.apache.commons.lang3.builder.ReflectionToStringBuilder,toString,279,284,5,5,4,3,0,4,0,0,1,0,1,0,1,1,1,1,0,1.0,1,1,1
Lang-1f_org.apache.commons.lang3.builder.ToStringBuilder_reflectionToString_195,Lang,1,Lang-1f,org.apache.commons.lang3.builder.ToStringBuilder,reflectionToString,195,201,6,4,3,2,0,4,0,0,1,0,1,0,0,0,0,1,0,0.0,0,0,1
Lang-1f_org.apache.commons.lang3.builder.ToStringBuilder_<init>_225,Lang,1,Lang-1f,org.apache.commons.lang3.builder.ToStringBuilder,<init>,225,227,2,1,0,2,0,0,0,0,9,8,1,0,0,0,0,0,0,0.0,0,0,2
Lang-1f_org.apache.commons.lang3.builder.ToStringBuilder_<init>_252,Lang,1,Lang-1f,org.apache.commons.lang3.builder.ToStringBuilder,<init>,252,264,9,3,2,6,0,2,0,1,17,18,3,2,2,2,0,0,2,0.1176,0,1,9
Lang-1f_org.apache.commons.lang3.builder.ToStringBuilder_getDefaultStyle_116,Lang,1,Lang-1f,org.apache.commons.lang3.builder.ToStringBuilder,getDefaultStyle,116,118,2,0,0,1,0,0,0,0,1,0,1,0,0,0,0,1,0,0.0,0,0,1
Lang-1f_org.apache.commons.lang3.builder.ToStringStyle_appendStart_376,Lang,1,Lang-1f,org.apache.commons.lang3.builder.ToStringStyle,appendStart,376,385,7,2,1,7,0,1,0,0,6,5,1,2,2,0,0,0,2,0.3333,0,1,6
Lang-1f_org.apache.commons.lang3.builder.ToStringBuilder_append_275,Lang,1,Lang-1f,org.apache.commons.lang3.builder.ToStringBuilder,append,275,278,3,1,0,2,0,0,0,0,2,1,1,0,1,1,1,1,0,0.5,1,1,2
Lang-1f_org.apache.commons.lang3.builder.ToStringStyle_append_843,Lang,1,Lang-1f,org.apache.commons.lang3.builder.ToStringStyle,append,843,847,4,3,2,4,0,0,0,0,3,2,1,0,0,0,0,0,0,0.0,0,0,3
Lang-1f_org.apache.commons.lang3.builder.ToStringBuilder_append_289,Lang,1,Lang-1f,org.apache.commons.lang3.builder.ToStringBuilder,append,289,292,3,1,0,2,0,0,0,0,2,1,1,0,1,1,1,1,0,0.5,1,1,2
Lang-1f_org.apache.commons.lang3.builder.ToStringStyle_append_1394,Lang,1,Lang-1f,org.apache.commons.lang3.builder.ToStringStyle,append,1394,1408,9,4,2,9,0,1,0,0,7,8,3,2,2,1,0,0,2,0.2857,0,1,7
Lang-1f_org.apache.commons.lang3.builder.ToStringBuilder_append_303,Lang,1,Lang-1f,org.apache.commons.lang3.builder.ToStringBuilder,append,303,306,3,1,0,2,0,0,0,0,2,1,1,0,1,1,1,1,0,0.5,1,1,2
Lang-1f_org.apache.commons.lang3.builder.ToStringStyle_append_731,Lang,1,Lang-1f,org.apache.commons.lang3.builder.ToStringStyle,append,731,735,4,3,2,4,0,0,0,0,3,2,1,0,0,0,0,0,0,0.0,0,0,3
Lang-1f_org.apache.commons.lang3.builder.ToStringBuilder_append_317,Lang,1,Lang-1f,org.apache.commons.lang3.builder.ToStringBuilder,append,317,320,3,1,0,2,0,0,0,0,2,1,1,0,1,1,1,1,0,0.5,1,1,2
Lang-1f_org.apache.commons.lang3.builder.ToStringStyle_append_1150,Lang,1,Lang-1f,org.apache.commons.lang3.builder.ToStringStyle,append,1150,1164,9,4,2,9,0,1,0,0,7,8,3,2,2,1,0,0,2,0.2857,0,1,7
Lang-1f_org.apache.commons.lang3.builder.ToStringBuilder_append_331,Lang,1,Lang-1f,org.apache.commons.lang3.builder.ToStringBuilder,append,331,334,3,1,0,2,0,0,0,0,2,1,1,0,1,1,1,1,0,0.5,1,1,2
Lang-1f_org.apache.commons.lang3.builder.ToStringStyle_append_759,Lang,1,Lang-1f,org.apache.commons.lang3.builder.ToStringStyle,append,759,763,4,3,2,4,0,0,0,0,3,2,1,0,0,0,0,0,0,0.0,0,0,3
Lang-1f_org.apache.commons.lang3.builder.ToStringBuilder_append_345,Lang,1,Lang-1f,org.apache.commons.lang3.builder.ToStringBuilder,append,345,348,3,1,0,2,0,0,0,0,2,1,1,0,1,1,1,1,0,0.5,1,1,2
Lang-1f_org.apache.commons.lang3.builder.ToStringStyle_append_1211,Lang,1,Lang-1f,org.apache.commons.lang3.builder.ToStringStyle,append,1211,1225,9,4,2,9,0,1,0,0,7,8,3,2,2,1,0,0,2,0.2857,0,1,7
Lang-1f_org.apache.commons.lang3.builder.ToStringBuilder_append_359,Lang,1,Lang-1f,org.apache.commons.lang3.builder.ToStringBuilder,append,359,362,3,1,0,2,0,0,0,0,2,1,1,0,1,1,1,1,0,0.5,1,1,2
Lang-1f_org.apache.commons.lang3.builder.ToStringStyle_append_787,Lang,1,Lang-1f,org.apache.commons.lang3.builder.ToStringStyle,append,787,791,4,3,2,4,0,0,0,0,3,2,1,0,0,0,0,0,0,0.0,0,0,3
Lang-1f_org.apache.commons.lang3.builder.ToStringBuilder_append_373,Lang,1,Lang-1f,org.apache.commons.lang3.builder.ToStringBuilder,append,373,376,3,1,0,2,0,0,0,0,2,1,1,0,1,1,1,1,0,0.5,1,1,2
Lang-1f_org.apache.commons.lang3.builder.ToStringStyle_append_1272,Lang,1,Lang-1f,org.apache.commons.lang3.builder.ToStringStyle,append,1272,1286,9,4,2,9,0,1,0,0,7,8,3,2,2,1,0,0,2,0.2857,0,1,7
Lang-1f_org.apache.commons.lang3.builder.ToStringBuilder_append_387,Lang,1,Lang-1f,org.apache.commons.lang3.builder.ToStringBuilder,append,387,390,3,1,0,2,0,0,0,0,2,1,1,0,1,1,1,1,0,0.5,1,1,2
Lang-1f_org.apache.commons.lang3.builder.ToStringStyle_append_815,Lang,1,Lang-1f,org.apache.commons.lang3.builder.ToStringStyle,append,815,819,4,3,2,4,0,0,0,0,3,2,1,0,0,0,0,0,0,0.0,0,0,3
Lang-1f_org.apache.commons.lang3.builder.ToStringBuilder_append_401,Lang,1,Lang-1f,org.apache.commons.lang3.builder.ToStringBuilder,append,401,404,3,1,0,2,0,0,0,0,2,1,1,0,1,1,1,1,0,0.5,1,1,2
Lang-1f_org.apache.commons.lang3.builder.ToStringStyle_append_1333,Lang,1,Lang-1f,org.apache.commons.lang3.builder.ToStringStyle,append,1333,1347,9,4,2,9,0,1,0,0,7,8,3,2,2,1,0,0,2,0.2857,0,1,7
Lang-1f_org.apache.commons.lang3.builder.ToStringBuilder_append_415,Lang,1,Lang-1f,org.apache.commons.lang3.builder.ToStringBuilder,append,415,418,3,1,0,2,0,0,0,0,2,1,1,0,1,1,1,1,0,0.5,1,1,2
Lang-1f_org.apache.commons.lang3.builder.ToStringStyle_append_675,Lang,1,Lang-1f,org.apache.commons.lang3.builder.ToStringStyle,append,675,679,4,3,2,4,0,0,0,0,3,2,1,0,0,0,0,0,0,0.0,0,0,3
Lang-1f_org.apache.commons.lang3.builder.ToStringBuilder_append_429,Lang,1,Lang-1f,org.apache.commons.lang3.builder.ToStringBuilder,append,429,432,3,1,0,2,0,0,0,0,2,1,1,0,1,1,1,1,0,0.5,1,1,2
Lang-1f_org.apache.commons.lang3.builder.ToStringStyle_append_1028,Lang,1,Lang-1f,org.apache.commons.lang3.builder.ToStringStyle,append,1028,1042,9,4,2,9,0,1,0,0,7,8,3,2,2,1,0,0,2,0.2857,0,1,7
Lang-1f_org.apache.commons.lang3.builder.ToStringBuilder_append_443,Lang,1,Lang-1f,org.apache.commons.lang3.builder.ToStringBuilder,append,443,446,3,1,0,2,0,0,0,0,2,1,1,0,1,1,1,1,0,0.5,1,1,2
Lang-1f_org.apache.commons.lang3.builder.ToStringStyle_append_647,Lang,1,Lang-1f,org.apache.commons.lang3.builder.ToStringStyle,append,647,651,4,3,2,4,0,0,0,0,3,2,1,0,0,0,0,0,0,0.0,0,0,3
Lang-1f_org.apache.commons.lang3.builder.ToStringBuilder_append_457,Lang,1,Lang-1f,org.apache.commons.lang3.builder.ToStringBuilder,append,457,460,3,1,0,2,0,0,0,0,2,1,1,0,1,1,1,1,0,0.5,1,1,2
Lang-1f_org.apache.commons.lang3.builder.ToStringStyle_append_967,Lang,1,Lang-1f,org.apache.commons.lang3.builder.ToStringStyle,append,967,981,9,4,2,9,0,1,0,0,7,8,3,2,2,1,0,0,2,0.2857,0,1,7
Lang-1f_org.apache.commons.lang3.builder.ToStringStyle_append_438,Lang,1,Lang-1f,org.apache.commons.lang3.builder.ToStringStyle,append,438,449,7,4,3,7,0,1,0,0,5,5,2,1,1,1,0,0,1,0.2,0,1,5
Lang-1f_org.apache.commons.lang3.builder.ToStringBuilder_append_485,Lang,1,Lang-1f,org.apache.commons.lang3.builder.ToStringBuilder,append,485,488,3,1,0,2,0,0,0,0,2,1,1,0,1,1,1,1,0,0.5,1,1,2
Lang-1f_org.apache.commons.lang3.builder.ToStringStyle_append_871,Lang,1,Lang-1f,org.apache.commons.lang3.builder.ToStringStyle,append,871,885,9,4,2,9,0,1,0,0,7,8,3,2,2,1,0,0,2,0.2857,0,1,7
Lang-1f_org.apache.commons.lang3.builder.ToStringBuilder_append_499,Lang,1,Lang-1f,org.apache.commons.lang3.builder.ToStringBuilder,append,499,502,3,1,0,2,0,0,0,0,2,1,1,0,1,1,1,1,0,0.5,1,1,2
Lang-1f_org.apache.commons.lang3.builder.ToStringStyle_append_703,Lang,1,Lang-1f,org.apache.commons.lang3.builder.ToStringStyle,append,703,707,4,3,2,4,0,0,0,0,3,2,1,0,0,0,0,0,0,0.0,0,0,3
Lang-1f_org.apache.commons.lang3.builder.ToStringBuilder_append_513,Lang,1,Lang-1f,org.apache.commons.lang3.builder.ToStringBuilder,append,513,516,3,1,0,2,0,0,0,0,2,1,1,0,1,1,1,1,0,0.5,1,1,2
Lang-1f_org.apache.commons.lang3.builder.ToStringStyle_append_1089,Lang,1,Lang-1f,org.apache.commons.lang3.builder.ToStringStyle,append,1089,1103,9,4,2,9,0,1,0,0,7,8,3,2,2,1,0,0,2,0.2857,0,1,7
Lang-1f_org.apache.commons.lang3.builder.ToStringBuilder_append_526,Lang,1,Lang-1f,org.apache.commons.lang3.builder.ToStringBuilder,append,526,529,3,2,1,2,0,0,0,0,2,1,1,0,1,1,1,1,0,0.5,1,1,2
Lang-1f_org.apache.commons.lang3.builder.ToStringBuilder_append_539,Lang,1,Lang-1f,org.apache.commons.lang3.builder.ToStringBuilder,append,539,542,3,2,1,2,0,0,0,0,2,1,1,0,1,1,1,1,0,0.5,1,1,2
Lang-1f_org.apache.commons.lang3.builder.ToStringBuilder_append_559,Lang,1,Lang-1f,org.apache.commons.lang3.builder.ToStringBuilder,append,559,562,3,3,1,3,0,0,0,0,2,1,1,0,1,1,1,1,0,0.5,1,1,2
Lang-1f_org.apache.commons.lang3.builder.ToStringBuilder_append_572,Lang,1,Lang-1f,org.apache.commons.lang3.builder.ToStringBuilder,append,572,575,3,2,1,2,0,0,0,0,2,1,1,0,1,1,1,1,0,0.5,1,1,2
Lang-1f_org.apache.commons.lang3.builder.ToStringBuilder_append_584,Lang,1,Lang-1f,org.apache.commons.lang3.builder.ToStringBuilder,append,584,587,3,2,1,2,0,0,0,0,2,1,1,0,1,1,1,1,0,0.5,1,1,2
Lang-1f_org.apache.commons.lang3.builder.ToStringBuilder_append_604,Lang,1,Lang-1f,org.apache.commons.lang3.builder.ToStringBuilder,append,604,607,3,3,1,3,0,0,0,0,2,1,1,0,1,1,1,1,0,0.5,1,1,2
Lang-1f_org.apache.commons.lang3.builder.ToStringBuilder_append_617,Lang,1,Lang-1f,org.apache.commons.lang3.builder.ToStringBuilder,append,617,620,3,2,1,2,0,0,0,0,2,1,1,0,1,1,1,1,0,0.5,1,1,2
Lang-1f_org.apache.commons.lang3.builder.ToStringBuilder_append_630,Lang,1,Lang-1f,org.apache.commons.lang3.builder.ToStringBuilder,append,630,633,3,2,1,2,0,0,0,0,2,1,1,0,1,1,1,1,0,0.5,1,1,2
Lang-1f_org.apache.commons.lang3.builder.ToStringBuilder_append_650,Lang,1,Lang-1f,org.apache.commons.lang3.builder.ToStringBuilder,append,650,653,3,3,1,3,0,0,0,0,2,1,1,0,1,1,1,1,0,0.5,1,1,2
Lang-1f_org.apache.commons.lang3.builder.ToStringBuilder_append_663,Lang,1,Lang-1f,org.apache.commons.lang3.builder.ToStringBuilder,append,663,666,3,2,1,2,0,0,0,0,2,1,1,0,1,1,1,1,0,0.5,1,1,2
Lang-1f_org.apache.commons.lang3.builder.ToStringBuilder_append_676,Lang,1,Lang-1f,org.apache.commons.lang3.builder.ToStringBuilder,append,676,679,3,2,1,2,0,0,0,0,2,1,1,0,1,1,1,1,0,0.5,1,1,2
Lang-1f_org.apache.commons.lang3.builder.ToStringBuilder_append_696,Lang,1,Lang-1f,org.apache.commons.lang3.builder.ToStringBuilder,append,696,699,3,3,1,3,0,0,0,0,2,1,1,0,1,1,1,1,0,0.5,1,1,2
Lang-1f_org.apache.commons.lang3.builder.ToStringBuilder_append_709,Lang,1,Lang-1f,org.apache.commons.lang3.builder.ToStringBuilder,append,709,712,3,2,1,2,0,0,0,0,2,1,1,0,1,1,1,1,0,0.5,1,1,2
Lang-1f_org.apache.commons.lang3.builder.ToStringBuilder_append_722,Lang,1,Lang-1f,org.apache.commons.lang3.builder.ToStringBuilder,append,722,725,3,2,1,2,0,0,0,0,2,1,1,0,1,1,1,1,0,0.5,1,1,2
Lang-1f_org.apache.commons.lang3.builder.ToStringBuilder_append_742,Lang,1,Lang-1f,org.apache.commons.lang3.builder.ToStringBuilder,append,742,745,3,3,1,3,0,0,0,0,2,1,1,0,1,1,1,1,0,0.5,1,1,2
Lang-1f_org.apache.commons.lang3.builder.ToStringBuilder_append_755,Lang,1,Lang-1f,org.apache.commons.lang3.builder.ToStringBuilder,append,755,758,3,2,1,2,0,0,0,0,2,1,1,0,1,1,1,1,0,0.5,1,1,2
Lang-1f_org.apache.commons.lang3.builder.ToStringBuilder_append_768,Lang,1,Lang-1f,org.apache.commons.lang3.builder.ToStringBuilder,append,768,771,3,2,1,2,0,0,0,0,2,1,1,0,1,1,1,1,0,0.5,1,1,2
Lang-1f_org.apache.commons.lang3.builder.ToStringBuilder_append_788,Lang,1,Lang-1f,org.apache.commons.lang3.builder.ToStringBuilder,append,788,791,3,3,1,3,0,0,0,0,2,1,1,0,1,1,1,1,0,0.5,1,1,2
Lang-1f_org.apache.commons.lang3.builder.ToStringBuilder_append_801,Lang,1,Lang-1f,org.apache.commons.lang3.builder.ToStringBuilder,append,801,804,3,2,1,2,0,0,0,0,2,1,1,0,1,1,1,1,0,0.5,1,1,2
Lang-1f_org.apache.commons.lang3.builder.ToStringBuilder_append_814,Lang,1,Lang-1f,org.apache.commons.lang3.builder.ToStringBuilder,append,814,817,3,2,1,2,0,0,0,0,2,1,1,0,1,1,1,1,0,0.5,1,1,2
Lang-1f_org.apache.commons.lang3.builder.ToStringBuilder_append_834,Lang,1,Lang-1f,org.apache.commons.lang3.builder.ToStringBuilder,append,834,837,3,3,1,3,0,0,0,0,2,1,1,0,1,1,1,1,0,0.5,1,1,2
Lang-1f_org.apache.commons.lang3.builder.ToStringBuilder_append_862,Lang,1,Lang-1f,org.apache.commons.lang3.builder.ToStringBuilder,append,862,865,3,3,2,3,0,0,0,0,2,1,1,0,1,1,1,1,0,0.5,1,1,2
Lang-1f_org.apache.commons.lang3.builder.ToStringBuilder_append_875,Lang,1,Lang-1f,org.apache.commons.lang3.builder.ToStringBuilder,append,875,878,3,2,1,2,0,0,0,0,2,1,1,0,1,1,1,1,0,0.5,1,1,2
Lang-1f_org.apache.commons.lang3.builder.ToStringBuilder_append_895,Lang,1,Lang-1f,org.apache.commons.lang3.builder.ToStringBuilder,append,895,898,3,3,1,3,0,0,0,0,2,1,1,0,1,1,1,1,0,0.5,1,1,2
Lang-1f_org.apache.commons.lang3.builder.ToStringBuilder_append_908,Lang,1,Lang-1f,org.apache.commons.lang3.builder.ToStringBuilder,append,908,911,3,2,1,2,0,0,0,0,2,1,1,0,1,1,1,1,0,0.5,1,1,2
Lang-1f_org.apache.commons.lang3.builder.ToStringBuilder_append_921,Lang,1,Lang-1f,org.apache.commons.lang3.builder.ToStringBuilder,append,921,924,3,2,1,2,0,0,0,0,2,1,1,0,1,1,1,1,0,0.5,1,1,2
Lang-1f_org.apache.commons.lang3.builder.ToStringBuilder_append_941,Lang,1,Lang-1f,org.apache.commons.lang3.builder.ToStringBuilder,append,941,944,3,3,1,3,0,0,0,0,2,1,1,0,1,1,1,1,0,0.5,1,1,2
Lang-1f_org.apache.commons.lang3.builder.ToStringBuilder_appendAsObjectToString_955,Lang,1,Lang-1f,org.apache.commons.lang3.builder.ToStringBuilder,appendAsObjectToString,955,958,3,1,0,3,0,0,0,0,2,1,1,0,0,0,0,1,0,0.0,0,0,2
Lang-1f_org.apache.commons.lang3.builder.ToStringBuilder_getStringBuffer_1030,Lang,1,Lang-1f,org.apache.commons.lang3.builder.ToStringBuilder,getStringBuffer,1030,1032,2,0,0,1,0,0,0,0,1,0,1,0,0,0,0,1,0,0.0,0,0,1
Lang-1f_org.apache.commons.lang3.builder.ToStringBuilder_appendSuper_974,Lang,1,Lang-1f,org.apache.commons.lang3.builder.ToStringBuilder,appendSuper,974,979,4,1,0,3,0,1,0,0,3,3,2,1,2,2,1,1,1,0.6667,1,1,3
Lang-1f_org.apache.commons.lang3.builder.ToStringStyle_appendSuper_341,Lang,1,Lang-1f,org.apache.commons.lang3.builder.ToStringStyle,appendSuper,341,343,2,2,1,2,0,0,0,0,1,0,1,0,0,0,0,0,0,0.0,0,0,1
Lang-1f_org.apache.commons.lang3.builder.ToStringBuilder_appendToString_1008,Lang,1,Lang-1f,org.apache.commons.lang3.builder.ToStringBuilder,appendToString,1008,1013,4,1,0,3,0,1,0,0,3,3,2,1,2,2,1,1,1,0.6667,1,1,3
Lang-1f_org.apache.commons.lang3.builder.ToStringStyle_appendToString_355,Lang,1,Lang-1f,org.apache.commons.lang3.builder.ToStringStyle,appendToString,355,368,10,2,4,11,1,4,2,2,9,9,2,3,3,1,0,0,3,0.3333,0,1,9
Lang-1f_org.apache.commons.lang3.builder.ToStringBuilder_getObject_1021,Lang,1,Lang-1f,org.apache.commons.lang3.builder.ToStringBuilder,getObject,1021,1023,2,0,0,1,0,0,0,0,1,0,1,0,0,0,0,1,0,0.0,0,0,1
Lang-1f_org.apache.commons.lang3.builder.ToStringBuilder_getStyle_1042,Lang,1,Lang-1f,org.apache.commons.lang3.builder.ToStringBuilder,getStyle,1042,1044,2,0,0,1,0,0,0,0,1,0,1,0,0,0,0,1,0,0.0,0,0,1
Lang-1f_org.apache.commons.lang3.builder.ToStringStyle_getNullText_1957,Lang,1,Lang-1f,org.apache.commons.lang3.builder.ToStringStyle,getNullText,1957,1959,2,0,0,1,0,0,0,0,1,0,1,0,0,0,0,1,0,0.0,0,0,1
Lang-1f_org.apache.commons.lang3.builder.ToStringStyle_appendEnd_394,Lang,1,Lang-1f,org.apache.commons.lang3.builder.ToStringStyle,appendEnd,394,400,5,2,1,5,0,1,0,0,4,4,2,1,1,1,0,0,1,0.25,0,1,4
Lang-1f_org.apache.commons.lang3.builder.ToStringStyle_setUseShortClassName_1634,Lang,1,Lang-1f,org.apache.commons.lang3.builder.ToStringStyle,setUseShortClassName,1634,1636,2,1,0,1,0,0,0,0,1,0,1,0,0,0,0,0,0,0.0,0,0,1
Lang-1f_org.apache.commons.lang3.builder.ToStringStyle_setUseIdentityHashCode_1654,Lang,1,Lang-1f,org.apache.commons.lang3.builder.ToStringStyle,setUseIdentityHashCode,1654,1656,2,1,0,1,0,0,0,0,1,0,1,0,0,0,0,0,0,0.0,0,0,1
Lang-1f_org.apache.commons.lang3.builder.ToStringStyle_setUseFieldNames_1674,Lang,1,Lang-1f,org.apache.commons.lang3.builder.ToStringStyle,setUseFieldNames,1674,1676,2,1,0,1,0,0,0,0,1,0,1,0,0,0,0,0,0,0.0,0,0,1
Lang-1f_org.apache.commons.lang3.builder.ToStringStyle_setContentStart_1817,Lang,1,Lang-1f,org.apache.commons.lang3.builder.ToStringStyle,setContentStart,1817,1822,4,1,0,2,0,1,0,1,3,3,2,1,1,1,0,0,1,0.3333,0,1,3
Lang-1f_org.apache.commons.lang3.builder.ToStringStyle_setFieldSeparator_1895,Lang,1,Lang-1f,org.apache.commons.lang3.builder.ToStringStyle,setFieldSeparator,1895,1900,4,1,0,2,0,1,0,1,3,3,2,1,1,1,0,0,1,0.3333,0,1,3
Lang-1f_org.apache.commons.lang3.builder.ToStringStyle_setFieldSeparatorAtStart_1922,Lang,1,Lang-1f,org.apache.commons.lang3.builder.ToStringStyle,setFieldSeparatorAtStart,1922,1924,2,1,0,1,0,0,0,0,1,0,1,0,0,0,0,0,0,0.0,0,0,1
Lang-1f_org.apache.commons.lang3.builder.ToStringStyle_setContentEnd_1843,Lang,1,Lang-1f,org.apache.commons.lang3.builder.ToStringStyle,setContentEnd,1843,1848,4,1,0,2,0,1,0,1,3,3,2,1,1,1,0,0,1,0.3333,0,1,3
Lang-1f_org.apache.commons.lang3.builder.CompareToBuilder_reflectionCompare_134,Lang,1,Lang-1f,org.apache.commons.lang3.builder.CompareToBuilder,reflectionCompare,134,136,2,2,1,2,0,0,0,0,1,0,1,0,1,1,1,1,0,1.0,1,1,1
Lang-1f_org.apache.commons.lang3.builder.CompareToBuilder_reflectionCompare_268,Lang,1,Lang-1f,org.apache.commons.lang3.builder.CompareToBuilder,reflectionCompare,268,292,19,5,4,15,0,9,2,1,15,17,4,3,4,3,1,2,3,0.2667,1,1,13
Lang-1f_org.apache.commons.lang3.builder.CompareToBuilder_reflectionCompare_166,Lang,1,Lang-1f,org.apache.commons.lang3.builder.CompareToBuilder,reflectionCompare,166,168,2,3,2,2,0,0,0,0,1,0,1,0,1,1,1,1,0,1.0,1,1,1
Lang-1f_org.apache.commons.lang3.builder.CompareToBuilder_reflectionCompare_199,Lang,1,Lang-1f,org.apache.commons.lang3.builder.CompareToBuilder,reflectionCompare,199,201,2,3,2,3,0,2,0,0,1,0,1,0,1,1,1,1,0,1.0,1,1,1
Lang-1f_org.apache.commons.lang3.builder.ReflectionToStringBuilder_toNoNullStringArray_308,Lang,1,Lang-1f,org.apache.commons.lang3.builder.ReflectionToStringBuilder,toNoNullStringArray,308,313,4,1,0,4,0,3,0,0,3,2,1,1,2,1,1,2,1,0.6667,1,1,3
Lang-1f_org.apache.commons.lang3.builder.CompareToBuilder_reflectionCompare_232,Lang,1,Lang-1f,org.apache.commons.lang3.builder.CompareToBuilder,reflectionCompare,232,234,2,3,2,2,0,0,0,0,1,0,1,0,1,1,1,1,0,1.0,1,1,1
Lang-1f_org.apache.commons.lang3.builder.CompareToBuilder_reflectionAppend_305,Lang,1,Lang-1f,org.apache.commons.lang3.builder.CompareToBuilder,reflectionAppend,305,330,19,6,6,18,3,5,5,4,13,14,3,1,2,2,2,0,1,0.1538,1,1,8
Lang-1f_org.apache.commons.lang3.builder.CompareToBuilder_append_398,Lang,1,Lang-1f,org.apache.commons.lang3.builder.CompareToBuilder,append,398,451,40,3,2,30,2,15,0,5,34,43,11,14,23,10,9,5,14,0.6765,1,1,34
Lang-1f_org.apache.commons.lang3.builder.CompareToBuilder_append_687,Lang,1,Lang-1f,org.apache.commons.lang3.builder.CompareToBuilder,append,687,710,17,2,1,8,6,8,1,7,18,18,2,5,7,2,3,6,5,0.3889,1,1,16
Lang-1f_org.apache.commons.lang3.builder.CompareToBuilder_append_727,Lang,1,Lang-1f,org.apache.commons.lang3.builder.CompareToBuilder,append,727,750,17,2,1,8,6,8,1,7,18,18,2,5,7,2,3,6,5,0.3889,1,1,16
Lang-1f_org.apache.commons.lang3.builder.CompareToBuilder_append_767,Lang,1,Lang-1f,org.apache.commons.lang3.builder.CompareToBuilder,append,767,790,17,2,1,8,6,8,1,7,18,18,2,5,7,2,3,6,5,0.3889,1,1,16
Lang-1f_org.apache.commons.lang3.builder.CompareToBuilder_append_807,Lang,1,Lang-1f,org.apache.commons.lang3.builder.CompareToBuilder,append,807,830,17,2,1,8,6,8,1,7,18,18,2,5,7,2,3,6,5,0.3889,1,1,16
Lang-1f_org.apache.commons.lang3.builder.CompareToBuilder_append_847,Lang,1,Lang-1f,org.apache.commons.lang3.builder.CompareToBuilder,append,847,870,17,2,1,8,6,8,1,7,18,18,2,5,7,2,3,6,5,0.3889,1,1,16
Lang-1f_org.apache.commons.lang3.builder.CompareToBuilder_append_887,Lang,1,Lang-1f,org.apache.commons.lang3.builder.CompareToBuilder,append,887,910,17,2,1,8,6,8,1,7,18,18,2,5,7,2,3,6,5,0.3889,1,1,16
Lang-1f_org.apache.commons.lang3.builder.CompareToBuilder_append_927,Lang,1,Lang-1f,org.apache.commons.lang3.builder.CompareToBuilder,append,927,950,17,2,1,8,6,8,1,7,18,18,2,5,7,2,3,6,5,0.3889,1,1,16
Lang-1f_org.apache.commons.lang3.builder.CompareToBuilder_append_967,Lang,1,Lang-1f,org.apache.commons.lang3.builder.CompareToBuilder,append,967,990,17,2,1,8,6,8,1,7,18,18,2,5,7,2,3,6,5,0.3889,1,1,16
Lang-1f_org.apache.commons.lang3.builder.CompareToBuilder_append_647,Lang,1,Lang-1f,org.apache.commons.lang3.builder.CompareToBuilder,append,647,670,17,3,1,8,6,10,1,7,18,18,2,5,7,2,3,6,5,0.3889,1,1,16
Lang-1f_org.apache.commons.lang3.builder.CompareToBuilder_append_547,Lang,1,Lang-1f,org.apache.commons.lang3.builder.CompareToBuilder,append,547,553,5,2,1,3,0,1,0,1,4,3,1,1,1,0,0,2,1,0.25,0,1,4
Lang-1f_org.apache.commons.lang3.builder.CompareToBuilder_append_568,Lang,1,Lang-1f,org.apache.commons.lang3.builder.CompareToBuilder,append,568,574,5,2,1,3,0,1,0,1,4,3,1,1,1,0,0,2,1,0.25,0,1,4
Lang-1f_org.apache.commons.lang3.builder.CompareToBuilder_append_620,Lang,1,Lang-1f,org.apache.commons.lang3.builder.CompareToBuilder,append,620,622,2,2,0,2,0,0,0,0,1,0,1,0,1,1,1,1,0,1.0,1,1,1
Lang-1f_org.apache.commons.lang3.builder.CompareToBuilder_append_462,Lang,1,Lang-1f,org.apache.commons.lang3.builder.CompareToBuilder,append,462,468,5,2,1,2,1,3,0,4,4,3,1,1,1,0,0,2,1,0.25,0,1,4
Lang-1f_org.apache.commons.lang3.builder.CompareToBuilder_append_478,Lang,1,Lang-1f,org.apache.commons.lang3.builder.CompareToBuilder,append,478,484,5,2,1,2,1,3,0,4,4,3,1,1,1,0,0,2,1,0.25,0,1,4
Lang-1f_org.apache.commons.lang3.builder.CompareToBuilder_append_494,Lang,1,Lang-1f,org.apache.commons.lang3.builder.CompareToBuilder,append,494,500,5,2,1,2,1,3,0,4,4,3,1,1,1,0,0,2,1,0.25,0,1,4
Lang-1f_org.apache.commons.lang3.builder.CompareToBuilder_append_510,Lang,1,Lang-1f,org.apache.commons.lang3.builder.CompareToBuilder,append,510,516,5,2,1,2,1,3,0,4,4,3,1,1,1,0,0,2,1,0.25,0,1,4
Lang-1f_org.apache.commons.lang3.builder.CompareToBuilder_append_526,Lang,1,Lang-1f,org.apache.commons.lang3.builder.CompareToBuilder,append,526,532,5,2,1,2,1,3,0,4,4,3,1,1,1,0,0,2,1,0.25,0,1,4
Lang-1f_org.apache.commons.lang3.builder.CompareToBuilder_append_584,Lang,1,Lang-1f,org.apache.commons.lang3.builder.CompareToBuilder,append,584,597,10,2,1,4,2,3,0,3,8,8,2,3,3,1,0,3,3,0.375,0,1,8
Lang-1f_org.apache.commons.lang3.builder.CompareToBuilder_build_1017,Lang,1,Lang-1f,org.apache.commons.lang3.builder.CompareToBuilder,build,1017,1019,2,0,0,3,0,0,0,0,1,0,1,0,0,0,0,1,0,0.0,0,0,1
Lang-1f_org.apache.commons.lang3.builder.EqualsBuilder_getRegistry_120,Lang,1,Lang-1f,org.apache.commons.lang3.builder.EqualsBuilder,getRegistry,120,122,2,0,0,2,0,3,0,0,1,0,1,0,0,0,0,1,0,0.0,0,0,1
Lang-1f_org.apache.commons.lang3.builder.EqualsBuilder_getRegisterPair_134,Lang,1,Lang-1f,org.apache.commons.lang3.builder.EqualsBuilder,getRegisterPair,134,138,4,2,3,4,0,2,0,0,3,2,1,0,0,0,0,1,0,0.0,0,0,3
Lang-1f_org.apache.commons.lang3.builder.IDKey_<init>_39,Lang,1,Lang-1f,org.apache.commons.lang3.builder.IDKey,<init>,39,46,3,1,0,2,0,0,0,0,7,6,1,0,0,0,0,0,0,0.0,0,0,3
Lang-1f_org.apache.commons.lang3.builder.EqualsBuilder_isRegistered_153,Lang,1,Lang-1f,org.apache.commons.lang3.builder.EqualsBuilder,isRegistered,153,160,6,2,1,8,0,8,2,0,4,3,1,0,0,0,0,1,0,0.0,0,0,4
Lang-1f_org.apache.commons.lang3.builder.EqualsBuilder_register_171,Lang,1,Lang-1f,org.apache.commons.lang3.builder.EqualsBuilder,register,171,181,7,2,1,8,0,9,0,0,6,6,2,1,1,1,0,0,1,0.1667,0,1,6
Lang-1f_org.apache.commons.lang3.builder.EqualsBuilder_unregister_195,Lang,1,Lang-1f,org.apache.commons.lang3.builder.EqualsBuilder,unregister,195,208,9,2,1,10,0,7,1,0,8,7,1,2,2,0,0,0,2,0.25,0,1,8
Lang-1f_org.apache.commons.lang3.builder.EqualsBuilder_reflectionEquals_247,Lang,1,Lang-1f,org.apache.commons.lang3.builder.EqualsBuilder,reflectionEquals,247,249,2,3,2,3,0,2,0,0,1,0,1,0,1,1,1,1,0,1.0,1,1,1
Lang-1f_org.apache.commons.lang3.builder.EqualsBuilder_reflectionEquals_270,Lang,1,Lang-1f,org.apache.commons.lang3.builder.EqualsBuilder,reflectionEquals,270,272,2,3,2,2,0,0,0,0,1,0,1,0,1,1,1,1,0,1.0,1,1,1
Lang-1f_org.apache.commons.lang3.builder.EqualsBuilder_reflectionEquals_324,Lang,1,Lang-1f,org.apache.commons.lang3.builder.EqualsBuilder,reflectionEquals,324,371,28,5,4,21,0,13,2,0,26,28,4,6,7,2,1,5,5,0.2692,1,1,24
Lang-1f_org.apache.commons.lang3.builder.EqualsBuilder_reflectionEquals_294,Lang,1,Lang-1f,org.apache.commons.lang3.builder.EqualsBuilder,reflectionEquals,294,296,2,3,2,2,0,0,0,0,1,0,1,0,1,1,1,1,0,1.0,1,1,1
Lang-1f_org.apache.commons.lang3.builder.EqualsBuilder_reflectionAppend_384,Lang,1,Lang-1f,org.apache.commons.lang3.builder.EqualsBuilder,reflectionAppend,384,418,25,6,6,22,3,4,5,3,17,18,3,2,3,2,2,1,2,0.1765,1,1,12
Lang-1f_org.apache.commons.lang3.builder.EqualsBuilder_setEquals_934,Lang,1,Lang-1f,org.apache.commons.lang3.builder.EqualsBuilder,setEquals,934,936,2,1,0,1,0,0,0,0,1,0,1,0,0,0,0,0,0,0.0,0,0,1
Lang-1f_org.apache.commons.lang3.builder.EqualsBuilder_append_666,Lang,1,Lang-1f,org.apache.commons.lang3.builder.EqualsBuilder,append,666,685,14,2,1,9,2,6,2,1,15,15,2,4,6,2,3,5,4,0.4,1,1,13
Lang-1f_org.apache.commons.lang3.builder.EqualsBuilder_append_697,Lang,1,Lang-1f,org.apache.commons.lang3.builder.EqualsBuilder,append,697,716,14,2,1,9,2,6,2,1,15,15,2,4,6,2,3,5,4,0.4,1,1,13
Lang-1f_org.apache.commons.lang3.builder.EqualsBuilder_append_728,Lang,1,Lang-1f,org.apache.commons.lang3.builder.EqualsBuilder,append,728,747,14,2,1,9,2,6,2,1,15,15,2,4,6,2,3,5,4,0.4,1,1,13
Lang-1f_org.apache.commons.lang3.builder.EqualsBuilder_append_759,Lang,1,Lang-1f,org.apache.commons.lang3.builder.EqualsBuilder,append,759,778,14,2,1,9,2,6,2,1,15,15,2,4,6,2,3,5,4,0.4,1,1,13
Lang-1f_org.apache.commons.lang3.builder.EqualsBuilder_append_790,Lang,1,Lang-1f,org.apache.commons.lang3.builder.EqualsBuilder,append,790,809,14,2,1,9,2,6,2,1,15,15,2,4,6,2,3,5,4,0.4,1,1,13
Lang-1f_org.apache.commons.lang3.builder.EqualsBuilder_append_821,Lang,1,Lang-1f,org.apache.commons.lang3.builder.EqualsBuilder,append,821,840,14,2,1,9,2,6,2,1,15,15,2,4,6,2,3,5,4,0.4,1,1,13
Lang-1f_org.apache.commons.lang3.builder.EqualsBuilder_append_852,Lang,1,Lang-1f,org.apache.commons.lang3.builder.EqualsBuilder,append,852,871,14,2,1,9,2,6,2,1,15,15,2,4,6,2,3,5,4,0.4,1,1,13
Lang-1f_org.apache.commons.lang3.builder.EqualsBuilder_append_883,Lang,1,Lang-1f,org.apache.commons.lang3.builder.EqualsBuilder,append,883,902,14,2,1,9,2,6,2,1,15,15,2,4,6,2,3,5,4,0.4,1,1,13
Lang-1f_org.apache.commons.lang3.builder.EqualsBuilder_append_635,Lang,1,Lang-1f,org.apache.commons.lang3.builder.EqualsBuilder,append,635,654,14,2,1,9,2,6,2,1,15,15,2,4,6,2,3,5,4,0.4,1,1,13
Lang-1f_org.apache.commons.lang3.builder.EqualsBuilder_append_583,Lang,1,Lang-1f,org.apache.commons.lang3.builder.EqualsBuilder,append,583,588,4,2,1,5,0,1,0,0,3,2,1,1,2,1,1,2,1,0.6667,1,1,3
Lang-1f_org.apache.commons.lang3.builder.EqualsBuilder_append_502,Lang,1,Lang-1f,org.apache.commons.lang3.builder.EqualsBuilder,append,502,508,5,2,1,2,0,2,0,0,4,3,1,1,1,0,0,2,1,0.25,0,1,4
Lang-1f_org.apache.commons.lang3.builder.EqualsBuilder_append_603,Lang,1,Lang-1f,org.apache.commons.lang3.builder.EqualsBuilder,append,603,608,4,2,1,5,0,1,0,0,3,2,1,1,2,1,1,2,1,0.6667,1,1,3
Lang-1f_org.apache.commons.lang3.builder.EqualsBuilder_append_517,Lang,1,Lang-1f,org.apache.commons.lang3.builder.EqualsBuilder,append,517,523,5,2,1,2,0,2,0,0,4,3,1,1,1,0,0,2,1,0.25,0,1,4
Lang-1f_org.apache.commons.lang3.builder.EqualsBuilder_append_532,Lang,1,Lang-1f,org.apache.commons.lang3.builder.EqualsBuilder,append,532,538,5,2,1,2,0,2,0,0,4,3,1,1,1,0,0,2,1,0.25,0,1,4
Lang-1f_org.apache.commons.lang3.builder.EqualsBuilder_append_547,Lang,1,Lang-1f,org.apache.commons.lang3.builder.EqualsBuilder,append,547,553,5,2,1,2,0,2,0,0,4,3,1,1,1,0,0,2,1,0.25,0,1,4
Lang-1f_org.apache.commons.lang3.builder.EqualsBuilder_append_562,Lang,1,Lang-1f,org.apache.commons.lang3.builder.EqualsBuilder,append,562,568,5,2,1,2,0,2,0,0,4,3,1,1,1,0,0,2,1,0.25,0,1,4
Lang-1f_org.apache.commons.lang3.builder.EqualsBuilder_append_617,Lang,1,Lang-1f,org.apache.commons.lang3.builder.EqualsBuilder,append,617,623,5,2,1,2,0,2,0,0,4,3,1,1,1,0,0,2,1,0.25,0,1,4
Lang-1f_org.apache.commons.lang3.builder.EqualsBuilder_build_924,Lang,1,Lang-1f,org.apache.commons.lang3.builder.EqualsBuilder,build,924,926,2,0,0,3,0,0,0,0,1,0,1,0,0,0,0,1,0,0.0,0,0,1
Lang-1f_org.apache.commons.lang3.builder.ReflectionToStringBuilder_toString_182,Lang,1,Lang-1f,org.apache.commons.lang3.builder.ReflectionToStringBuilder,toString,182,184,2,3,2,2,0,0,0,0,1,0,1,0,1,1,1,1,0,1.0,1,1,1
Lang-1f_org.apache.commons.lang3.builder.ReflectionToStringBuilder_toString_228,Lang,1,Lang-1f,org.apache.commons.lang3.builder.ReflectionToStringBuilder,toString,228,230,2,4,3,2,0,0,0,0,1,0,1,0,1,1,1,1,0,1.0,1,1,1
Lang-1f_org.apache.commons.lang3.builder.ReflectionToStringBuilder_<init>_453,Lang,1,Lang-1f,org.apache.commons.lang3.builder.ReflectionToStringBuilder,<init>,453,460,7,6,4,5,0,4,0,0,30,29,1,0,0,0,0,0,0,0.0,0,0,7
Lang-1f_org.apache.commons.lang3.builder.ReflectionToStringBuilder_toString_678,Lang,1,Lang-1f,org.apache.commons.lang3.builder.ReflectionToStringBuilder,toString,678,689,9,0,0,14,0,5,1,0,8,8,2,1,3,2,2,2,1,0.375,1,1,8
Lang-1f_org.apache.commons.lang3.builder.ReflectionToStringBuilder_toStringExclude_295,Lang,1,Lang-1f,org.apache.commons.lang3.builder.ReflectionToStringBuilder,toStringExclude,295,297,2,2,1,3,0,2,0,0,1,0,1,0,1,1,1,1,0,1.0,1,1,1
Lang-1f_org.apache.commons.lang3.builder.ReflectionToStringBuilder_toStringExclude_344,Lang,1,Lang-1f,org.apache.commons.lang3.builder.ReflectionToStringBuilder,toStringExclude,344,346,2,2,1,4,0,0,0,0,1,0,1,0,0,0,0,1,0,0.0,0,0,1
Lang-1f_org.apache.commons.lang3.builder.ReflectionToStringBuilder_toNoNullStringArray_324,Lang,1,Lang-1f,org.apache.commons.lang3.builder.ReflectionToStringBuilder,toNoNullStringArray,324,332,6,1,0,6,0,5,0,0,6,7,3,1,2,1,2,1,0,0.3333,1,1,5
Lang-1f_org.apache.commons.lang3.builder.ReflectionToStringBuilder_<init>_384,Lang,1,Lang-1f,org.apache.commons.lang3.builder.ReflectionToStringBuilder,<init>,384,386,2,1,0,2,0,0,0,0,7,6,1,0,0,0,0,0,0,0.0,0,0,2
Lang-1f_org.apache.commons.lang3.builder.ReflectionToStringBuilder_setExcludeFieldNames_641,Lang,1,Lang-1f,org.apache.commons.lang3.builder.ReflectionToStringBuilder,setExcludeFieldNames,641,650,7,1,0,4,0,1,0,0,5,5,2,1,1,1,0,1,1,0.2,0,1,5
Lang-1f_org.apache.commons.lang3.builder.ReflectionToStringBuilder_<init>_404,Lang,1,Lang-1f,org.apache.commons.lang3.builder.ReflectionToStringBuilder,<init>,404,406,2,2,1,2,0,0,0,0,11,10,1,0,0,0,0,0,0,0.0,0,0,2
Lang-1f_org.apache.commons.lang3.builder.ReflectionToStringBuilder_<init>_430,Lang,1,Lang-1f,org.apache.commons.lang3.builder.ReflectionToStringBuilder,<init>,430,432,2,3,2,2,0,0,0,0,15,14,1,0,0,0,0,0,0,0.0,0,0,2
Lang-1f_org.apache.commons.lang3.builder.ReflectionToStringBuilder_setUpToClass_660,Lang,1,Lang-1f,org.apache.commons.lang3.builder.ReflectionToStringBuilder,setUpToClass,660,668,6,1,1,6,0,5,1,1,6,7,3,2,2,1,0,0,2,0.3333,0,1,5
Lang-1f_org.apache.commons.lang3.builder.ReflectionToStringBuilder_setAppendTransients_630,Lang,1,Lang-1f,org.apache.commons.lang3.builder.ReflectionToStringBuilder,setAppendTransients,630,632,2,1,0,1,0,0,0,0,1,0,1,0,0,0,0,0,0,0.0,0,0,1
Lang-1f_org.apache.commons.lang3.builder.ReflectionToStringBuilder_setAppendStatics_618,Lang,1,Lang-1f,org.apache.commons.lang3.builder.ReflectionToStringBuilder,setAppendStatics,618,620,2,1,0,1,0,0,0,0,1,0,1,0,0,0,0,0,0,0.0,0,0,1
Lang-1f_org.apache.commons.lang3.builder.ReflectionToStringBuilder_accept_474,Lang,1,Lang-1f,org.apache.commons.lang3.builder.ReflectionToStringBuilder,accept,474,493,11,1,0,15,1,3,3,2,9,8,1,4,4,0,0,5,4,0.4444,0,1,9
Lang-1f_org.apache.commons.lang3.builder.ReflectionToStringBuilder_isAppendTransients_591,Lang,1,Lang-1f,org.apache.commons.lang3.builder.ReflectionToStringBuilder,isAppendTransients,591,593,2,0,0,1,0,0,0,0,1,0,1,0,0,0,0,1,0,0.0,0,0,1
Lang-1f_org.apache.commons.lang3.builder.ReflectionToStringBuilder_isAppendStatics_580,Lang,1,Lang-1f,org.apache.commons.lang3.builder.ReflectionToStringBuilder,isAppendStatics,580,582,2,0,0,1,0,0,0,0,1,0,1,0,0,0,0,1,0,0.0,0,0,1
Lang-1f_org.apache.commons.lang3.builder.ReflectionToStringBuilder_appendFieldsIn_508,Lang,1,Lang-1f,org.apache.commons.lang3.builder.ReflectionToStringBuilder,appendFieldsIn,508,532,14,1,2,16,1,2,0,1,19,20,3,2,3,1,2,1,1,0.1579,1,1,12
Lang-1f_org.apache.commons.lang3.builder.ReflectionToStringBuilder_reflectionAppendArray_604,Lang,1,Lang-1f,org.apache.commons.lang3.builder.ReflectionToStringBuilder,reflectionAppendArray,604,607,3,1,0,4,0,0,0,0,2,1,1,0,0,0,0,1,0,0.0,0,0,2
Lang-1f_org.apache.commons.lang3.builder.ReflectionToStringBuilder_getValue_568,Lang,1,Lang-1f,org.apache.commons.lang3.builder.ReflectionToStringBuilder,getValue,568,570,2,1,0,3,0,0,0,0,1,0,1,0,0,0,0,1,0,0.0,0,0,1
Lang-1f_org.apache.commons.lang3.builder.ReflectionToStringBuilder_getExcludeFieldNames_537,Lang,1,Lang-1f,org.apache.commons.lang3.builder.ReflectionToStringBuilder,getExcludeFieldNames,537,539,2,0,0,2,0,0,0,0,1,0,1,0,0,0,0,1,0,0.0,0,0,1
Lang-1f_org.apache.commons.lang3.builder.ToStringStyle_reflectionAppendArrayDetail_924,Lang,1,Lang-1f,org.apache.commons.lang3.builder.ToStringStyle,reflectionAppendArrayDetail,924,940,12,3,5,11,2,3,0,2,12,14,4,2,3,3,2,0,2,0.25,1,1,10
Lang-1f_org.apache.commons.lang3.builder.ReflectionToStringBuilder_getUpToClass_548,Lang,1,Lang-1f,org.apache.commons.lang3.builder.ReflectionToStringBuilder,getUpToClass,548,550,2,0,0,1,0,2,0,0,1,0,1,0,0,0,0,1,0,0.0,0,0,1
Lang-1f_org.apache.commons.lang3.builder.HashCodeBuilder_getRegistry_135,Lang,1,Lang-1f,org.apache.commons.lang3.builder.HashCodeBuilder,getRegistry,135,137,2,0,0,2,0,2,0,0,1,0,1,0,0,0,0,1,0,0.0,0,0,1
Lang-1f_org.apache.commons.lang3.builder.HashCodeBuilder_isRegistered_150,Lang,1,Lang-1f,org.apache.commons.lang3.builder.HashCodeBuilder,isRegistered,150,153,3,1,0,4,0,3,1,0,2,1,1,0,0,0,0,1,0,0.0,0,0,2
Lang-1f_org.apache.commons.lang3.builder.HashCodeBuilder_reflectionAppend_171,Lang,1,Lang-1f,org.apache.commons.lang3.builder.HashCodeBuilder,reflectionAppend,171,198,20,5,4,21,1,3,4,2,16,17,3,2,3,1,2,1,1,0.1875,1,1,12
Lang-1f_org.apache.commons.lang3.builder.HashCodeBuilder_register_466,Lang,1,Lang-1f,org.apache.commons.lang3.builder.HashCodeBuilder,register,466,473,5,1,0,8,0,3,0,0,4,4,2,1,1,1,0,0,1,0.25,0,1,4
Lang-1f_org.apache.commons.lang3.builder.HashCodeBuilder_unregister_487,Lang,1,Lang-1f,org.apache.commons.lang3.builder.HashCodeBuilder,unregister,487,499,8,1,0,10,0,4,1,0,7,6,1,2,2,0,0,0,2,0.2857,0,1,7
Lang-1f_org.apache.commons.lang3.builder.HashCodeBuilder_reflectionHashCode_237,Lang,1,Lang-1f,org.apache.commons.lang3.builder.HashCodeBuilder,reflectionHashCode,237,239,2,3,2,2,0,0,0,0,1,0,1,0,1,1,1,1,0,1.0,1,1,1
Lang-1f_org.apache.commons.lang3.builder.HashCodeBuilder_reflectionHashCode_332,Lang,1,Lang-1f,org.apache.commons.lang3.builder.HashCodeBuilder,reflectionHashCode,332,346,11,6,5,11,0,9,1,1,10,11,3,1,2,2,1,1,1,0.2,1,1,9
Lang-1f_org.apache.commons.lang3.builder.HashCodeBuilder_reflectionHashCode_280,Lang,1,Lang-1f,org.apache.commons.lang3.builder.HashCodeBuilder,reflectionHashCode,280,283,3,4,3,2,0,0,0,0,1,0,1,0,1,1,1,1,0,1.0,1,1,1
Lang-1f_org.apache.commons.lang3.builder.HashCodeBuilder_<init>_538,Lang,1,Lang-1f,org.apache.commons.lang3.builder.HashCodeBuilder,<init>,538,553,11,2,1,9,2,4,0,10,22,25,5,4,4,4,0,0,4,0.1818,0,1,11
Lang-1f_org.apache.commons.lang3.builder.HashCodeBuilder_reflectionHashCode_380,Lang,1,Lang-1f,org.apache.commons.lang3.builder.HashCodeBuilder,reflectionHashCode,380,382,2,2,1,2,0,0,0,2,1,0,1,0,1,1,1,1,0,1.0,1,1,1
Lang-1f_org.apache.commons.lang3.builder.HashCodeBuilder_reflectionHashCode_416,Lang,1,Lang-1f,org.apache.commons.lang3.builder.HashCodeBuilder,reflectionHashCode,416,418,2,2,1,3,0,2,0,0,1,0,1,0,1,1,1,1,0,1.0,1,1,1
Lang-1f_org.apache.commons.lang3.builder.HashCodeBuilder_reflectionHashCode_454,Lang,1,Lang-1f,org.apache.commons.lang3.builder.HashCodeBuilder,reflectionHashCode,454,456,2,2,1,2,0,0,0,2,1,0,1,0,1,1,1,1,0,1.0,1,1,1
Lang-1f_org.apache.commons.lang3.builder.HashCodeBuilder_append_590,Lang,1,Lang-1f,org.apache.commons.lang3.builder.HashCodeBuilder,append,590,599,7,1,0,4,1,1,0,0,6,7,3,1,3,3,3,1,1,0.5,1,1,5
Lang-1f_org.apache.commons.lang3.builder.HashCodeBuilder_append_576,Lang,1,Lang-1f,org.apache.commons.lang3.builder.HashCodeBuilder,append,576,579,3,1,0,1,2,0,0,2,2,1,1,0,0,0,0,1,0,0.0,0,0,2
Lang-1f_org.apache.commons.lang3.builder.HashCodeBuilder_append_628,Lang,1,Lang-1f,org.apache.commons.lang3.builder.HashCodeBuilder,append,628,637,7,1,0,4,1,1,0,0,6,7,3,1,3,3,3,1,1,0.5,1,1,5
Lang-1f_org.apache.commons.lang3.builder.HashCodeBuilder_append_612,Lang,1,Lang-1f,org.apache.commons.lang3.builder.HashCodeBuilder,append,612,615,3,1,0,1,2,0,0,0,2,1,1,0,0,0,0,1,0,0.0,0,0,2
Lang-1f_org.apache.commons.lang3.builder.HashCodeBuilder_append_662,Lang,1,Lang-1f,org.apache.commons.lang3.builder.HashCodeBuilder,append,662,671,7,1,0,4,1,1,0,0,6,7,3,1,3,3,3,1,1,0.5,1,1,5
Lang-1f_org.apache.commons.lang3.builder.HashCodeBuilder_append_648,Lang,1,Lang-1f,org.apache.commons.lang3.builder.HashCodeBuilder,append,648,651,3,1,0,1,2,0,0,0,2,1,1,0,0,0,0,1,0,0.0,0,0,2
Lang-1f_org.apache.commons.lang3.builder.HashCodeBuilder_append_682,Lang,1,Lang-1f,org.apache.commons.lang3.builder.HashCodeBuilder,append,682,684,2,1,0,3,0,0,0,0,1,0,1,0,1,1,1,1,0,1.0,1,1,1
Lang-1f_org.apache.commons.lang3.builder.HashCodeBuilder_append_787,Lang,1,Lang-1f,org.apache.commons.lang3.builder.HashCodeBuilder,append,787,790,3,1,0,1,2,1,0,1,2,1,1,0,0,0,0,1,0,0.0,0,0,2
Lang-1f_org.apache.commons.lang3.builder.HashCodeBuilder_append_695,Lang,1,Lang-1f,org.apache.commons.lang3.builder.HashCodeBuilder,append,695,704,7,1,0,4,1,1,0,0,6,7,3,1,3,3,3,1,1,0.5,1,1,5
Lang-1f_org.apache.commons.lang3.builder.HashCodeBuilder_append_715,Lang,1,Lang-1f,org.apache.commons.lang3.builder.HashCodeBuilder,append,715,718,3,1,0,2,2,0,0,0,2,1,1,0,0,0,0,1,0,0.0,0,0,2
Lang-1f_org.apache.commons.lang3.builder.HashCodeBuilder_append_729,Lang,1,Lang-1f,org.apache.commons.lang3.builder.HashCodeBuilder,append,729,738,7,1,0,4,1,1,0,0,6,7,3,1,3,3,3,1,1,0.5,1,1,5
Lang-1f_org.apache.commons.lang3.builder.HashCodeBuilder_append_763,Lang,1,Lang-1f,org.apache.commons.lang3.builder.HashCodeBuilder,append,763,772,7,1,0,4,1,1,0,0,6,7,3,1,3,3,3,1,1,0.5,1,1,5
Lang-1f_org.apache.commons.lang3.builder.HashCodeBuilder_append_749,Lang,1,Lang-1f,org.apache.commons.lang3.builder.HashCodeBuilder,append,749,752,3,1,0,1,2,0,0,0,2,1,1,0,0,0,0,1,0,0.0,0,0,2
Lang-1f_org.apache.commons.lang3.builder.HashCodeBuilder_append_801,Lang,1,Lang-1f,org.apache.commons.lang3.builder.HashCodeBuilder,append,801,810,7,1,0,4,1,1,0,0,6,7,3,1,3,3,3,1,1,0.5,1,1,5
Lang-1f_org.apache.commons.lang3.builder.HashCodeBuilder_append_899,Lang,1,Lang-1f,org.apache.commons.lang3.builder.HashCodeBuilder,append,899,908,7,1,0,4,1,1,0,0,6,7,3,1,3,3,3,1,1,0.5,1,1,5
Lang-1f_org.apache.commons.lang3.builder.HashCodeBuilder_append_865,Lang,1,Lang-1f,org.apache.commons.lang3.builder.HashCodeBuilder,append,865,874,7,1,0,4,1,1,0,0,6,7,3,1,3,3,3,1,1,0.5,1,1,5
Lang-1f_org.apache.commons.lang3.builder.HashCodeBuilder_append_885,Lang,1,Lang-1f,org.apache.commons.lang3.builder.HashCodeBuilder,append,885,888,3,1,0,1,2,0,0,0,2,1,1,0,0,0,0,1,0,0.0,0,0,2
Lang-1f_org.apache.commons.lang3.builder.HashCodeBuilder_build_944,Lang,1,Lang-1f,org.apache.commons.lang3.builder.HashCodeBuilder,build,944,946,2,0,0,3,0,0,0,0,1,0,1,0,0,0,0,1,0,0.0,0,0,1
Lang-1f_org.apache.commons.lang3.builder.HashCodeBuilder_hashCode_958,Lang,1,Lang-1f,org.apache.commons.lang3.builder.HashCodeBuilder,hashCode,958,960,2,0,0,2,0,0,0,0,1,0,1,0,0,0,0,1,0,0.0,0,0,1
Lang-1f_org.apache.commons.lang3.builder.ToStringStyle_getRegistry_156,Lang,1,Lang-1f,org.apache.commons.lang3.builder.ToStringStyle,getRegistry,156,158,2,0,0,2,0,2,0,0,1,0,1,0,0,0,0,1,0,0.0,0,0,1
Lang-1f_org.apache.commons.lang3.builder.ToStringStyle_isRegistered_171,Lang,1,Lang-1f,org.apache.commons.lang3.builder.ToStringStyle,isRegistered,171,174,3,1,0,3,0,3,1,0,2,1,1,0,0,0,0,1,0,0.0,0,0,2
Lang-1f_org.apache.commons.lang3.builder.ToStringStyle_register_185,Lang,1,Lang-1f,org.apache.commons.lang3.builder.ToStringStyle,register,185,193,6,1,0,7,0,6,0,0,5,5,2,2,2,1,0,0,2,0.4,0,1,5
Lang-1f_org.apache.commons.lang3.builder.ToStringStyle_unregister_207,Lang,1,Lang-1f,org.apache.commons.lang3.builder.ToStringStyle,unregister,207,217,7,1,0,8,0,4,0,0,6,5,1,3,3,0,0,0,3,0.5,0,1,6
Lang-1f_org.apache.commons.lang3.builder.ToStringStyle_removeLastFieldSeparator_408,Lang,1,Lang-1f,org.apache.commons.lang3.builder.ToStringStyle,removeLastFieldSeparator,408,423,11,1,4,10,7,5,2,5,12,13,3,3,4,2,2,0,3,0.3333,1,1,10
Lang-1f_org.apache.commons.lang3.builder.ToStringStyle_appendFieldSeparator_1511,Lang,1,Lang-1f,org.apache.commons.lang3.builder.ToStringStyle,appendFieldSeparator,1511,1513,2,1,0,2,0,0,0,0,1,0,1,0,0,0,0,0,0,0.0,0,0,1
Lang-1f_org.apache.commons.lang3.builder.ToStringStyle_appendClassName_1451,Lang,1,Lang-1f,org.apache.commons.lang3.builder.ToStringStyle,appendClassName,1451,1460,7,2,1,10,0,1,1,0,5,4,1,2,2,0,0,0,2,0.4,0,1,5
Lang-1f_org.apache.commons.lang3.builder.ToStringStyle_appendIdentityHashCode_1468,Lang,1,Lang-1f,org.apache.commons.lang3.builder.ToStringStyle,appendIdentityHashCode,1468,1474,5,2,1,8,0,1,1,0,4,3,1,1,1,0,0,0,1,0.25,0,1,4
Lang-1f_org.apache.commons.lang3.builder.ToStringStyle_appendContentStart_1481,Lang,1,Lang-1f,org.apache.commons.lang3.builder.ToStringStyle,appendContentStart,1481,1483,2,1,0,2,0,0,0,0,1,0,1,0,0,0,0,0,0,0.0,0,0,1
Lang-1f_org.apache.commons.lang3.builder.ToStringStyle_appendContentEnd_1490,Lang,1,Lang-1f,org.apache.commons.lang3.builder.ToStringStyle,appendContentEnd,1490,1492,2,1,0,2,0,0,0,0,1,0,1,0,0,0,0,0,0,0.0,0,0,1
Lang-1f_org.apache.commons.lang3.builder.ToStringStyle_appendFieldStart_1521,Lang,1,Lang-1f,org.apache.commons.lang3.builder.ToStringStyle,appendFieldStart,1521,1526,4,2,1,4,0,1,1,0,3,2,1,1,1,0,0,0,1,0.3333,0,1,3
Lang-1f_org.apache.commons.lang3.builder.ToStringStyle_appendNullText_1502,Lang,1,Lang-1f,org.apache.commons.lang3.builder.ToStringStyle,appendNullText,1502,1504,2,2,1,2,0,0,0,0,1,0,1,0,0,0,0,0,0,0.0,0,0,1
Lang-1f_org.apache.commons.lang3.builder.ToStringStyle_isFullDetail_1573,Lang,1,Lang-1f,org.apache.commons.lang3.builder.ToStringStyle,isFullDetail,1573,1578,4,1,0,3,0,1,0,0,3,2,1,1,1,0,0,2,1,0.3333,0,1,3
Lang-1f_org.apache.commons.lang3.builder.ToStringStyle_appendInternal_470,Lang,1,Lang-1f,org.apache.commons.lang3.builder.ToStringStyle,appendInternal,470,567,69,4,3,57,0,12,3,0,52,74,24,24,24,1,0,1,13,0.4615,0,1,52
Lang-1f_org.apache.commons.lang3.builder.ToStringStyle_appendFieldEnd_1534,Lang,1,Lang-1f,org.apache.commons.lang3.builder.ToStringStyle,appendFieldEnd,1534,1536,2,2,1,2,0,0,0,0,1,0,1,0,0,0,0,0,0,0.0,0,0,1
Lang-1f_org.apache.commons.lang3.builder.ToStringStyle_appendCyclicObject_581,Lang,1,Lang-1f,org.apache.commons.lang3.builder.ToStringStyle,appendCyclicObject,581,583,2,3,2,2,0,0,0,0,1,0,1,0,0,0,0,0,0,0.0,0,0,1
Lang-1f_org.apache.commons.lang3.builder.ToStringStyle_appendDetail_606,Lang,1,Lang-1f,org.apache.commons.lang3.builder.ToStringStyle,appendDetail,606,608,2,3,2,2,0,2,0,0,1,0,1,0,0,0,0,0,0,0.0,0,0,1
Lang-1f_org.apache.commons.lang3.builder.ToStringStyle_appendSummarySize_1553,Lang,1,Lang-1f,org.apache.commons.lang3.builder.ToStringStyle,appendSummarySize,1553,1557,4,3,2,4,0,0,0,0,3,2,1,0,0,0,0,0,0,0.0,0,0,3
Lang-1f_org.apache.commons.lang3.builder.ToStringStyle_appendDetail_992,Lang,1,Lang-1f,org.apache.commons.lang3.builder.ToStringStyle,appendDetail,992,1001,7,3,3,7,2,2,0,2,8,9,3,1,3,2,3,0,1,0.375,1,1,6
Lang-1f_org.apache.commons.lang3.builder.ToStringStyle_appendSummary_1012,Lang,1,Lang-1f,org.apache.commons.lang3.builder.ToStringStyle,appendSummary,1012,1014,2,3,2,2,0,0,0,0,1,0,1,0,0,0,0,0,0,0.0,0,0,1
Lang-1f_org.apache.commons.lang3.builder.ToStringStyle_appendDetail_1053,Lang,1,Lang-1f,org.apache.commons.lang3.builder.ToStringStyle,appendDetail,1053,1062,7,3,3,7,2,2,0,2,8,9,3,1,3,2,3,0,1,0.375,1,1,6
Lang-1f_org.apache.commons.lang3.builder.ToStringStyle_appendSummary_1073,Lang,1,Lang-1f,org.apache.commons.lang3.builder.ToStringStyle,appendSummary,1073,1075,2,3,2,2,0,0,0,0,1,0,1,0,0,0,0,0,0,0.0,0,0,1
Lang-1f_org.apache.commons.lang3.builder.ToStringStyle_appendDetail_1114,Lang,1,Lang-1f,org.apache.commons.lang3.builder.ToStringStyle,appendDetail,1114,1123,7,3,3,7,2,2,0,2,8,9,3,1,3,2,3,0,1,0.375,1,1,6
Lang-1f_org.apache.commons.lang3.builder.ToStringStyle_appendSummary_1134,Lang,1,Lang-1f,org.apache.commons.lang3.builder.ToStringStyle,appendSummary,1134,1136,2,3,2,2,0,0,0,0,1,0,1,0,0,0,0,0,0,0.0,0,0,1
Lang-1f_org.apache.commons.lang3.builder.ToStringStyle_appendDetail_1175,Lang,1,Lang-1f,org.apache.commons.lang3.builder.ToStringStyle,appendDetail,1175,1184,7,3,3,7,2,2,0,2,8,9,3,1,3,2,3,0,1,0.375,1,1,6
Lang-1f_org.apache.commons.lang3.builder.ToStringStyle_appendSummary_1195,Lang,1,Lang-1f,org.apache.commons.lang3.builder.ToStringStyle,appendSummary,1195,1197,2,3,2,2,0,0,0,0,1,0,1,0,0,0,0,0,0,0.0,0,0,1
Lang-1f_org.apache.commons.lang3.builder.ToStringStyle_appendDetail_1236,Lang,1,Lang-1f,org.apache.commons.lang3.builder.ToStringStyle,appendDetail,1236,1245,7,3,3,7,2,2,0,2,8,9,3,1,3,2,3,0,1,0.375,1,1,6
Lang-1f_org.apache.commons.lang3.builder.ToStringStyle_appendSummary_1256,Lang,1,Lang-1f,org.apache.commons.lang3.builder.ToStringStyle,appendSummary,1256,1258,2,3,2,2,0,0,0,0,1,0,1,0,0,0,0,0,0,0.0,0,0,1
Lang-1f_org.apache.commons.lang3.builder.ToStringStyle_appendDetail_1297,Lang,1,Lang-1f,org.apache.commons.lang3.builder.ToStringStyle,appendDetail,1297,1306,7,3,3,7,2,2,0,2,8,9,3,1,3,2,3,0,1,0.375,1,1,6
Lang-1f_org.apache.commons.lang3.builder.ToStringStyle_appendSummary_1317,Lang,1,Lang-1f,org.apache.commons.lang3.builder.ToStringStyle,appendSummary,1317,1319,2,3,2,2,0,0,0,0,1,0,1,0,0,0,0,0,0,0.0,0,0,1
Lang-1f_org.apache.commons.lang3.builder.ToStringStyle_appendDetail_1358,Lang,1,Lang-1f,org.apache.commons.lang3.builder.ToStringStyle,appendDetail,1358,1367,7,3,3,7,2,2,0,2,8,9,3,1,3,2,3,0,1,0.375,1,1,6
Lang-1f_org.apache.commons.lang3.builder.ToStringStyle_appendSummary_1378,Lang,1,Lang-1f,org.apache.commons.lang3.builder.ToStringStyle,appendSummary,1378,1380,2,3,2,2,0,0,0,0,1,0,1,0,0,0,0,0,0,0.0,0,0,1
Lang-1f_org.apache.commons.lang3.builder.ToStringStyle_appendDetail_1419,Lang,1,Lang-1f,org.apache.commons.lang3.builder.ToStringStyle,appendDetail,1419,1428,7,3,3,7,2,2,0,2,8,9,3,1,3,2,3,0,1,0.375,1,1,6
Lang-1f_org.apache.commons.lang3.builder.ToStringStyle_appendSummary_1439,Lang,1,Lang-1f,org.apache.commons.lang3.builder.ToStringStyle,appendSummary,1439,1441,2,3,2,2,0,0,0,0,1,0,1,0,0,0,0,0,0,0.0,0,0,1
Lang-1f_org.apache.commons.lang3.builder.ToStringStyle_appendDetail_898,Lang,1,Lang-1f,org.apache.commons.lang3.builder.ToStringStyle,appendDetail,898,913,11,3,4,9,2,3,0,2,11,13,4,2,3,3,2,0,2,0.2727,1,1,9
Lang-1f_org.apache.commons.lang3.builder.ToStringStyle_appendSummary_951,Lang,1,Lang-1f,org.apache.commons.lang3.builder.ToStringStyle,appendSummary,951,953,2,3,2,2,0,0,0,0,1,0,1,0,0,0,0,0,0,0.0,0,0,1
Lang-1f_org.apache.commons.lang3.builder.ToStringStyle_appendSummary_631,Lang,1,Lang-1f,org.apache.commons.lang3.builder.ToStringStyle,appendSummary,631,635,4,3,2,6,0,0,0,0,3,2,1,0,0,0,0,0,0,0.0,0,0,3
Lang-1f_org.apache.commons.lang3.builder.ToStringStyle_getShortClassName_1589,Lang,1,Lang-1f,org.apache.commons.lang3.builder.ToStringStyle,getShortClassName,1589,1591,2,1,0,2,0,2,0,0,1,0,1,0,1,1,1,1,0,1.0,1,1,1
Lang-1f_org.apache.commons.lang3.builder.ToStringStyle_appendDetail_661,Lang,1,Lang-1f,org.apache.commons.lang3.builder.ToStringStyle,appendDetail,661,663,2,3,2,2,0,0,0,0,1,0,1,0,0,0,0,0,0,0.0,0,0,1
Lang-1f_org.apache.commons.lang3.builder.ToStringStyle_appendDetail_689,Lang,1,Lang-1f,org.apache.commons.lang3.builder.ToStringStyle,appendDetail,689,691,2,3,2,2,0,0,0,0,1,0,1,0,0,0,0,0,0,0.0,0,0,1
Lang-1f_org.apache.commons.lang3.builder.ToStringStyle_appendDetail_717,Lang,1,Lang-1f,org.apache.commons.lang3.builder.ToStringStyle,appendDetail,717,719,2,3,2,2,0,0,0,0,1,0,1,0,0,0,0,0,0,0.0,0,0,1
Lang-1f_org.apache.commons.lang3.builder.ToStringStyle_appendDetail_745,Lang,1,Lang-1f,org.apache.commons.lang3.builder.ToStringStyle,appendDetail,745,747,2,3,2,2,0,0,0,0,1,0,1,0,0,0,0,0,0,0.0,0,0,1
Lang-1f_org.apache.commons.lang3.builder.ToStringStyle_appendDetail_773,Lang,1,Lang-1f,org.apache.commons.lang3.builder.ToStringStyle,appendDetail,773,775,2,3,2,2,0,0,0,0,1,0,1,0,0,0,0,0,0,0.0,0,0,1
Lang-1f_org.apache.commons.lang3.builder.ToStringStyle_appendDetail_801,Lang,1,Lang-1f,org.apache.commons.lang3.builder.ToStringStyle,appendDetail,801,803,2,3,2,2,0,0,0,0,1,0,1,0,0,0,0,0,0,0.0,0,0,1
Lang-1f_org.apache.commons.lang3.builder.ToStringStyle_appendDetail_829,Lang,1,Lang-1f,org.apache.commons.lang3.builder.ToStringStyle,appendDetail,829,831,2,3,2,2,0,0,0,0,1,0,1,0,0,0,0,0,0,0.0,0,0,1
Lang-1f_org.apache.commons.lang3.builder.ToStringStyle_appendDetail_857,Lang,1,Lang-1f,org.apache.commons.lang3.builder.ToStringStyle,appendDetail,857,859,2,3,2,2,0,0,0,0,1,0,1,0,0,0,0,0,0,0.0,0,0,1
Lang-1f_org.apache.commons.lang3.builder.ToStringStyle_isUseIdentityHashCode_1645,Lang,1,Lang-1f,org.apache.commons.lang3.builder.ToStringStyle,isUseIdentityHashCode,1645,1647,2,0,0,1,0,0,0,0,1,0,1,0,0,0,0,1,0,0.0,0,0,1
Lang-1f_org.apache.commons.lang3.builder.StandardToStringStyle_<init>_43,Lang,1,Lang-1f,org.apache.commons.lang3.builder.StandardToStringStyle,<init>,43,45,2,0,0,2,0,0,0,0,5,4,1,0,0,0,0,0,0,0.0,0,0,2
Lang-1f_org.apache.commons.lang3.builder.StandardToStringStyle_isUseClassName_55,Lang,1,Lang-1f,org.apache.commons.lang3.builder.StandardToStringStyle,isUseClassName,55,57,2,0,0,2,0,0,0,0,1,0,1,0,1,1,1,1,0,1.0,1,1,1
Lang-1f_org.apache.commons.lang3.builder.ToStringStyle_isUseClassName_1603,Lang,1,Lang-1f,org.apache.commons.lang3.builder.ToStringStyle,isUseClassName,1603,1605,2,0,0,1,0,0,0,0,1,0,1,0,0,0,0,1,0,0.0,0,0,1
Lang-1f_org.apache.commons.lang3.builder.StandardToStringStyle_setUseClassName_65,Lang,1,Lang-1f,org.apache.commons.lang3.builder.StandardToStringStyle,setUseClassName,65,67,2,1,0,2,0,0,0,0,1,0,1,0,1,1,1,0,0,1.0,1,1,1
Lang-1f_org.apache.commons.lang3.builder.ToStringStyle_setUseClassName_1612,Lang,1,Lang-1f,org.apache.commons.lang3.builder.ToStringStyle,setUseClassName,1612,1614,2,1,0,1,0,0,0,0,1,0,1,0,0,0,0,0,0,0.0,0,0,1
Lang-1f_org.apache.commons.lang3.builder.StandardToStringStyle_isUseShortClassName_78,Lang,1,Lang-1f,org.apache.commons.lang3.builder.StandardToStringStyle,isUseShortClassName,78,80,2,0,0,2,0,0,0,0,1,0,1,0,1,1,1,1,0,1.0,1,1,1
Lang-1f_org.apache.commons.lang3.builder.ToStringStyle_isUseShortClassName_1624,Lang,1,Lang-1f,org.apache.commons.lang3.builder.ToStringStyle,isUseShortClassName,1624,1626,2,0,0,1,0,0,0,0,1,0,1,0,0,0,0,1,0,0.0,0,0,1
Lang-1f_org.apache.commons.lang3.builder.StandardToStringStyle_setUseShortClassName_89,Lang,1,Lang-1f,org.apache.commons.lang3.builder.StandardToStringStyle,setUseShortClassName,89,91,2,1,0,2,0,0,0,0,1,0,1,0,1,1,1,0,0,1.0,1,1,1
Lang-1f_org.apache.commons.lang3.builder.StandardToStringStyle_isUseIdentityHashCode_100,Lang,1,Lang-1f,org.apache.commons.lang3.builder.StandardToStringStyle,isUseIdentityHashCode,100,102,2,0,0,2,0,0,0,0,1,0,1,0,1,1,1,1,0,1.0,1,1,1
Lang-1f_org.apache.commons.lang3.builder.StandardToStringStyle_setUseIdentityHashCode_110,Lang,1,Lang-1f,org.apache.commons.lang3.builder.StandardToStringStyle,setUseIdentityHashCode,110,112,2,1,0,2,0,0,0,0,1,0,1,0,1,1,1,0,0,1.0,1,1,1
Lang-1f_org.apache.commons.lang3.builder.StandardToStringStyle_isUseFieldNames_122,Lang,1,Lang-1f,org.apache.commons.lang3.builder.StandardToStringStyle,isUseFieldNames,122,124,2,0,0,2,0,0,0,0,1,0,1,0,1,1,1,1,0,1.0,1,1,1
Lang-1f_org.apache.commons.lang3.builder.ToStringStyle_isUseFieldNames_1665,Lang,1,Lang-1f,org.apache.commons.lang3.builder.ToStringStyle,isUseFieldNames,1665,1667,2,0,0,1,0,0,0,0,1,0,1,0,0,0,0,1,0,0.0,0,0,1
Lang-1f_org.apache.commons.lang3.builder.StandardToStringStyle_setUseFieldNames_132,Lang,1,Lang-1f,org.apache.commons.lang3.builder.StandardToStringStyle,setUseFieldNames,132,134,2,1,0,2,0,0,0,0,1,0,1,0,1,1,1,0,0,1.0,1,1,1
Lang-1f_org.apache.commons.lang3.builder.StandardToStringStyle_isDefaultFullDetail_145,Lang,1,Lang-1f,org.apache.commons.lang3.builder.StandardToStringStyle,isDefaultFullDetail,145,147,2,0,0,2,0,0,0,0,1,0,1,0,1,1,1,1,0,1.0,1,1,1
Lang-1f_org.apache.commons.lang3.builder.ToStringStyle_isDefaultFullDetail_1686,Lang,1,Lang-1f,org.apache.commons.lang3.builder.ToStringStyle,isDefaultFullDetail,1686,1688,2,0,0,1,0,0,0,0,1,0,1,0,0,0,0,1,0,0.0,0,0,1
Lang-1f_org.apache.commons.lang3.builder.StandardToStringStyle_setDefaultFullDetail_156,Lang,1,Lang-1f,org.apache.commons.lang3.builder.StandardToStringStyle,setDefaultFullDetail,156,158,2,1,0,2,0,0,0,0,1,0,1,0,1,1,1,0,0,1.0,1,1,1
Lang-1f_org.apache.commons.lang3.builder.ToStringStyle_setDefaultFullDetail_1696,Lang,1,Lang-1f,org.apache.commons.lang3.builder.ToStringStyle,setDefaultFullDetail,1696,1698,2,1,0,1,0,0,0,0,1,0,1,0,0,0,0,0,0,0.0,0,0,1
Lang-1f_org.apache.commons.lang3.builder.StandardToStringStyle_isArrayContentDetail_168,Lang,1,Lang-1f,org.apache.commons.lang3.builder.StandardToStringStyle,isArrayContentDetail,168,170,2,0,0,2,0,0,0,0,1,0,1,0,1,1,1,1,0,1.0,1,1,1
Lang-1f_org.apache.commons.lang3.builder.ToStringStyle_isArrayContentDetail_1707,Lang,1,Lang-1f,org.apache.commons.lang3.builder.ToStringStyle,isArrayContentDetail,1707,1709,2,0,0,1,0,0,0,0,1,0,1,0,0,0,0,1,0,0.0,0,0,1
Lang-1f_org.apache.commons.lang3.builder.StandardToStringStyle_setArrayContentDetail_178,Lang,1,Lang-1f,org.apache.commons.lang3.builder.StandardToStringStyle,setArrayContentDetail,178,180,2,1,0,2,0,0,0,0,1,0,1,0,1,1,1,0,0,1.0,1,1,1
Lang-1f_org.apache.commons.lang3.builder.ToStringStyle_setArrayContentDetail_1716,Lang,1,Lang-1f,org.apache.commons.lang3.builder.ToStringStyle,setArrayContentDetail,1716,1718,2,1,0,1,0,0,0,0,1,0,1,0,0,0,0,0,0,0.0,0,0,1
Lang-1f_org.apache.commons.lang3.builder.StandardToStringStyle_getArrayStart_190,Lang,1,Lang-1f,org.apache.commons.lang3.builder.StandardToStringStyle,getArrayStart,190,192,2,0,0,2,0,0,0,0,1,0,1,0,1,1,1,1,0,1.0,1,1,1
Lang-1f_org.apache.commons.lang3.builder.ToStringStyle_getArrayStart_1727,Lang,1,Lang-1f,org.apache.commons.lang3.builder.ToStringStyle,getArrayStart,1727,1729,2,0,0,1,0,0,0,0,1,0,1,0,0,0,0,1,0,0.0,0,0,1
Lang-1f_org.apache.commons.lang3.builder.StandardToStringStyle_setArrayStart_203,Lang,1,Lang-1f,org.apache.commons.lang3.builder.StandardToStringStyle,setArrayStart,203,205,2,1,0,2,0,0,0,0,1,0,1,0,1,1,1,0,0,1.0,1,1,1
Lang-1f_org.apache.commons.lang3.builder.ToStringStyle_setArrayStart_1739,Lang,1,Lang-1f,org.apache.commons.lang3.builder.ToStringStyle,setArrayStart,1739,1744,4,1,0,2,0,1,0,1,3,3,2,1,1,1,0,0,1,0.3333,0,1,3
Lang-1f_org.apache.commons.lang3.builder.StandardToStringStyle_getArrayEnd_215,Lang,1,Lang-1f,org.apache.commons.lang3.builder.StandardToStringStyle,getArrayEnd,215,217,2,0,0,2,0,0,0,0,1,0,1,0,1,1,1,1,0,1.0,1,1,1
Lang-1f_org.apache.commons.lang3.builder.ToStringStyle_getArrayEnd_1753,Lang,1,Lang-1f,org.apache.commons.lang3.builder.ToStringStyle,getArrayEnd,1753,1755,2,0,0,1,0,0,0,0,1,0,1,0,0,0,0,1,0,0.0,0,0,1
Lang-1f_org.apache.commons.lang3.builder.StandardToStringStyle_setArrayEnd_228,Lang,1,Lang-1f,org.apache.commons.lang3.builder.StandardToStringStyle,setArrayEnd,228,230,2,1,0,2,0,0,0,0,1,0,1,0,1,1,1,0,0,1.0,1,1,1
Lang-1f_org.apache.commons.lang3.builder.ToStringStyle_setArrayEnd_1765,Lang,1,Lang-1f,org.apache.commons.lang3.builder.ToStringStyle,setArrayEnd,1765,1770,4,1,0,2,0,1,0,1,3,3,2,1,1,1,0,0,1,0.3333,0,1,3
Lang-1f_org.apache.commons.lang3.builder.StandardToStringStyle_getArraySeparator_240,Lang,1,Lang-1f,org.apache.commons.lang3.builder.StandardToStringStyle,getArraySeparator,240,242,2,0,0,2,0,0,0,0,1,0,1,0,1,1,1,1,0,1.0,1,1,1
Lang-1f_org.apache.commons.lang3.builder.ToStringStyle_getArraySeparator_1779,Lang,1,Lang-1f,org.apache.commons.lang3.builder.ToStringStyle,getArraySeparator,1779,1781,2,0,0,1,0,0,0,0,1,0,1,0,0,0,0,1,0,0.0,0,0,1
Lang-1f_org.apache.commons.lang3.builder.StandardToStringStyle_setArraySeparator_253,Lang,1,Lang-1f,org.apache.commons.lang3.builder.StandardToStringStyle,setArraySeparator,253,255,2,1,0,2,0,0,0,0,1,0,1,0,1,1,1,0,0,1.0,1,1,1
Lang-1f_org.apache.commons.lang3.builder.ToStringStyle_setArraySeparator_1791,Lang,1,Lang-1f,org.apache.commons.lang3.builder.ToStringStyle,setArraySeparator,1791,1796,4,1,0,2,0,1,0,1,3,3,2,1,1,1,0,0,1,0.3333,0,1,3
Lang-1f_org.apache.commons.lang3.builder.StandardToStringStyle_getContentStart_265,Lang,1,Lang-1f,org.apache.commons.lang3.builder.StandardToStringStyle,getContentStart,265,267,2,0,0,2,0,0,0,0,1,0,1,0,1,1,1,1,0,1.0,1,1,1
Lang-1f_org.apache.commons.lang3.builder.ToStringStyle_getContentStart_1805,Lang,1,Lang-1f,org.apache.commons.lang3.builder.ToStringStyle,getContentStart,1805,1807,2,0,0,1,0,0,0,0,1,0,1,0,0,0,0,1,0,0.0,0,0,1
Lang-1f_org.apache.commons.lang3.builder.StandardToStringStyle_setContentStart_278,Lang,1,Lang-1f,org.apache.commons.lang3.builder.StandardToStringStyle,setContentStart,278,280,2,1,0,2,0,0,0,0,1,0,1,0,1,1,1,0,0,1.0,1,1,1
Lang-1f_org.apache.commons.lang3.builder.StandardToStringStyle_getContentEnd_290,Lang,1,Lang-1f,org.apache.commons.lang3.builder.StandardToStringStyle,getContentEnd,290,292,2,0,0,2,0,0,0,0,1,0,1,0,1,1,1,1,0,1.0,1,1,1
Lang-1f_org.apache.commons.lang3.builder.ToStringStyle_getContentEnd_1831,Lang,1,Lang-1f,org.apache.commons.lang3.builder.ToStringStyle,getContentEnd,1831,1833,2,0,0,1,0,0,0,0,1,0,1,0,0,0,0,1,0,0.0,0,0,1
Lang-1f_org.apache.commons.lang3.builder.StandardToStringStyle_setContentEnd_303,Lang,1,Lang-1f,org.apache.commons.lang3.builder.StandardToStringStyle,setContentEnd,303,305,2,1,0,2,0,0,0,0,1,0,1,0,1,1,1,0,0,1.0,1,1,1
Lang-1f_org.apache.commons.lang3.builder.StandardToStringStyle_getFieldNameValueSeparator_315,Lang,1,Lang-1f,org.apache.commons.lang3.builder.StandardToStringStyle,getFieldNameValueSeparator,315,317,2,0,0,2,0,0,0,0,1,0,1,0,1,1,1,1,0,1.0,1,1,1
Lang-1f_org.apache.commons.lang3.builder.ToStringStyle_getFieldNameValueSeparator_1857,Lang,1,Lang-1f,org.apache.commons.lang3.builder.ToStringStyle,getFieldNameValueSeparator,1857,1859,2,0,0,1,0,0,0,0,1,0,1,0,0,0,0,1,0,0.0,0,0,1
Lang-1f_org.apache.commons.lang3.builder.StandardToStringStyle_setFieldNameValueSeparator_328,Lang,1,Lang-1f,org.apache.commons.lang3.builder.StandardToStringStyle,setFieldNameValueSeparator,328,330,2,1,0,2,0,0,0,0,1,0,1,0,1,1,1,0,0,1.0,1,1,1
Lang-1f_org.apache.commons.lang3.builder.ToStringStyle_setFieldNameValueSeparator_1869,Lang,1,Lang-1f,org.apache.commons.lang3.builder.ToStringStyle,setFieldNameValueSeparator,1869,1874,4,1,0,2,0,1,0,1,3,3,2,1,1,1,0,0,1,0.3333,0,1,3
Lang-1f_org.apache.commons.lang3.builder.StandardToStringStyle_getFieldSeparator_340,Lang,1,Lang-1f,org.apache.commons.lang3.builder.StandardToStringStyle,getFieldSeparator,340,342,2,0,0,2,0,0,0,0,1,0,1,0,1,1,1,1,0,1.0,1,1,1
Lang-1f_org.apache.commons.lang3.builder.ToStringStyle_getFieldSeparator_1883,Lang,1,Lang-1f,org.apache.commons.lang3.builder.ToStringStyle,getFieldSeparator,1883,1885,2,0,0,1,0,0,0,0,1,0,1,0,0,0,0,1,0,0.0,0,0,1
Lang-1f_org.apache.commons.lang3.builder.StandardToStringStyle_setFieldSeparator_353,Lang,1,Lang-1f,org.apache.commons.lang3.builder.StandardToStringStyle,setFieldSeparator,353,355,2,1,0,2,0,0,0,0,1,0,1,0,1,1,1,0,0,1.0,1,1,1
Lang-1f_org.apache.commons.lang3.builder.StandardToStringStyle_isFieldSeparatorAtStart_367,Lang,1,Lang-1f,org.apache.commons.lang3.builder.StandardToStringStyle,isFieldSeparatorAtStart,367,369,2,0,0,2,0,0,0,0,1,0,1,0,1,1,1,1,0,1.0,1,1,1
Lang-1f_org.apache.commons.lang3.builder.ToStringStyle_isFieldSeparatorAtStart_1911,Lang,1,Lang-1f,org.apache.commons.lang3.builder.ToStringStyle,isFieldSeparatorAtStart,1911,1913,2,0,0,1,0,0,0,0,1,0,1,0,0,0,0,1,0,0.0,0,0,1
Lang-1f_org.apache.commons.lang3.builder.StandardToStringStyle_setFieldSeparatorAtStart_379,Lang,1,Lang-1f,org.apache.commons.lang3.builder.StandardToStringStyle,setFieldSeparatorAtStart,379,381,2,1,0,2,0,0,0,0,1,0,1,0,1,1,1,0,0,1.0,1,1,1
Lang-1f_org.apache.commons.lang3.builder.StandardToStringStyle_isFieldSeparatorAtEnd_393,Lang,1,Lang-1f,org.apache.commons.lang3.builder.StandardToStringStyle,isFieldSeparatorAtEnd,393,395,2,0,0,2,0,0,0,0,1,0,1,0,1,1,1,1,0,1.0,1,1,1
Lang-1f_org.apache.commons.lang3.builder.ToStringStyle_isFieldSeparatorAtEnd_1935,Lang,1,Lang-1f,org.apache.commons.lang3.builder.ToStringStyle,isFieldSeparatorAtEnd,1935,1937,2,0,0,1,0,0,0,0,1,0,1,0,0,0,0,1,0,0.0,0,0,1
Lang-1f_org.apache.commons.lang3.builder.StandardToStringStyle_setFieldSeparatorAtEnd_405,Lang,1,Lang-1f,org.apache.commons.lang3.builder.StandardToStringStyle,setFieldSeparatorAtEnd,405,407,2,1,0,2,0,0,0,0,1,0,1,0,1,1,1,0,0,1.0,1,1,1
Lang-1f_org.apache.commons.lang3.builder.ToStringStyle_setFieldSeparatorAtEnd_1946,Lang,1,Lang-1f,org.apache.commons.lang3.builder.ToStringStyle,setFieldSeparatorAtEnd,1946,1948,2,1,0,1,0,0,0,0,1,0,1,0,0,0,0,0,0,0.0,0,0,1
Lang-1f_org.apache.commons.lang3.builder.StandardToStringStyle_getNullText_417,Lang,1,Lang-1f,org.apache.commons.lang3.builder.StandardToStringStyle,getNullText,417,419,2,0,0,2,0,0,0,0,1,0,1,0,1,1,1,1,0,1.0,1,1,1
Lang-1f_org.apache.commons.lang3.builder.StandardToStringStyle_setNullText_430,Lang,1,Lang-1f,org.apache.commons.lang3.builder.StandardToStringStyle,setNullText,430,432,2,1,0,2,0,0,0,0,1,0,1,0,1,1,1,0,0,1.0,1,1,1
Lang-1f_org.apache.commons.lang3.builder.ToStringStyle_setNullText_1969,Lang,1,Lang-1f,org.apache.commons.lang3.builder.ToStringStyle,setNullText,1969,1974,4,1,0,2,0,1,0,1,3,3,2,1,1,1,0,0,1,0.3333,0,1,3
Lang-1f_org.apache.commons.lang3.builder.StandardToStringStyle_getSizeStartText_445,Lang,1,Lang-1f,org.apache.commons.lang3.builder.StandardToStringStyle,getSizeStartText,445,447,2,0,0,2,0,0,0,0,1,0,1,0,1,1,1,1,0,1.0,1,1,1
Lang-1f_org.apache.commons.lang3.builder.ToStringStyle_getSizeStartText_1986,Lang,1,Lang-1f,org.apache.commons.lang3.builder.ToStringStyle,getSizeStartText,1986,1988,2,0,0,1,0,0,0,0,1,0,1,0,0,0,0,1,0,0.0,0,0,1
Lang-1f_org.apache.commons.lang3.builder.StandardToStringStyle_setSizeStartText_461,Lang,1,Lang-1f,org.apache.commons.lang3.builder.StandardToStringStyle,setSizeStartText,461,463,2,1,0,2,0,0,0,0,1,0,1,0,1,1,1,0,0,1.0,1,1,1
Lang-1f_org.apache.commons.lang3.builder.ToStringStyle_setSizeStartText_2001,Lang,1,Lang-1f,org.apache.commons.lang3.builder.ToStringStyle,setSizeStartText,2001,2006,4,1,0,2,0,1,0,1,3,3,2,1,1,1,0,0,1,0.3333,0,1,3
Lang-1f_org.apache.commons.lang3.builder.StandardToStringStyle_getSizeEndText_476,Lang,1,Lang-1f,org.apache.commons.lang3.builder.StandardToStringStyle,getSizeEndText,476,478,2,0,0,2,0,0,0,0,1,0,1,0,1,1,1,1,0,1.0,1,1,1
Lang-1f_org.apache.commons.lang3.builder.ToStringStyle_getSizeEndText_2018,Lang,1,Lang-1f,org.apache.commons.lang3.builder.ToStringStyle,getSizeEndText,2018,2020,2,0,0,1,0,0,0,0,1,0,1,0,0,0,0,1,0,0.0,0,0,1
Lang-1f_org.apache.commons.lang3.builder.StandardToStringStyle_setSizeEndText_492,Lang,1,Lang-1f,org.apache.commons.lang3.builder.StandardToStringStyle,setSizeEndText,492,494,2,1,0,2,0,0,0,0,1,0,1,0,1,1,1,0,0,1.0,1,1,1
Lang-1f_org.apache.commons.lang3.builder.ToStringStyle_setSizeEndText_2033,Lang,1,Lang-1f,org.apache.commons.lang3.builder.ToStringStyle,setSizeEndText,2033,2038,4,1,0,2,0,1,0,1,3,3,2,1,1,1,0,0,1,0.3333,0,1,3
Lang-1f_org.apache.commons.lang3.builder.StandardToStringStyle_getSummaryObjectStartText_507,Lang,1,Lang-1f,org.apache.commons.lang3.builder.StandardToStringStyle,getSummaryObjectStartText,507,509,2,0,0,2,0,0,0,0,1,0,1,0,1,1,1,1,0,1.0,1,1,1
Lang-1f_org.apache.commons.lang3.builder.ToStringStyle_getSummaryObjectStartText_2050,Lang,1,Lang-1f,org.apache.commons.lang3.builder.ToStringStyle,getSummaryObjectStartText,2050,2052,2,0,0,1,0,0,0,0,1,0,1,0,0,0,0,1,0,0.0,0,0,1
Lang-1f_org.apache.commons.lang3.builder.StandardToStringStyle_setSummaryObjectStartText_523,Lang,1,Lang-1f,org.apache.commons.lang3.builder.StandardToStringStyle,setSummaryObjectStartText,523,525,2,1,0,2,0,0,0,0,1,0,1,0,1,1,1,0,0,1.0,1,1,1
Lang-1f_org.apache.commons.lang3.builder.ToStringStyle_setSummaryObjectStartText_2065,Lang,1,Lang-1f,org.apache.commons.lang3.builder.ToStringStyle,setSummaryObjectStartText,2065,2070,4,1,0,2,0,1,0,1,3,3,2,1,1,1,0,0,1,0.3333,0,1,3
Lang-1f_org.apache.commons.lang3.builder.StandardToStringStyle_getSummaryObjectEndText_538,Lang,1,Lang-1f,org.apache.commons.lang3.builder.StandardToStringStyle,getSummaryObjectEndText,538,540,2,0,0,2,0,0,0,0,1,0,1,0,1,1,1,1,0,1.0,1,1,1
Lang-1f_org.apache.commons.lang3.builder.ToStringStyle_getSummaryObjectEndText_2082,Lang,1,Lang-1f,org.apache.commons.lang3.builder.ToStringStyle,getSummaryObjectEndText,2082,2084,2,0,0,1,0,0,0,0,1,0,1,0,0,0,0,1,0,0.0,0,0,1
Lang-1f_org.apache.commons.lang3.builder.StandardToStringStyle_setSummaryObjectEndText_554,Lang,1,Lang-1f,org.apache.commons.lang3.builder.StandardToStringStyle,setSummaryObjectEndText,554,556,2,1,0,2,0,0,0,0,1,0,1,0,1,1,1,0,0,1.0,1,1,1
Lang-1f_org.apache.commons.lang3.builder.ToStringStyle_setSummaryObjectEndText_2097,Lang,1,Lang-1f,org.apache.commons.lang3.builder.ToStringStyle,setSummaryObjectEndText,2097,2102,4,1,0,2,0,1,0,1,3,3,2,1,1,1,0,0,1,0.3333,0,1,3
Lang-1f_org.apache.commons.lang3.SystemUtils_getJavaHome_1254,Lang,1,Lang-1f,org.apache.commons.lang3.SystemUtils,getJavaHome,1254,1256,2,0,0,3,0,0,0,0,1,0,1,0,0,0,0,1,0,0.0,0,0,1
Lang-1f_org.apache.commons.lang3.SystemUtils_getJavaIoTmpDir_1269,Lang,1,Lang-1f,org.apache.commons.lang3.SystemUtils,getJavaIoTmpDir,1269,1271,2,0,0,3,0,0,0,0,1,0,1,0,0,0,0,1,0,0.0,0,0,1
Lang-1f_org.apache.commons.lang3.SystemUtils_getJavaVersionMatches_1281,Lang,1,Lang-1f,org.apache.commons.lang3.SystemUtils,getJavaVersionMatches,1281,1283,2,1,0,2,0,0,0,0,1,0,1,0,0,0,0,1,0,0.0,0,0,1
Lang-1f_org.apache.commons.lang3.SystemUtils_isJavaVersionMatch_1403,Lang,1,Lang-1f,org.apache.commons.lang3.SystemUtils,isJavaVersionMatch,1403,1408,4,2,1,3,0,1,0,0,3,2,1,1,1,0,0,2,1,0.3333,0,1,3
Lang-1f_org.apache.commons.lang3.SystemUtils_getOSMatches_1292,Lang,1,Lang-1f,org.apache.commons.lang3.SystemUtils,getOSMatches,1292,1294,2,2,1,2,0,0,0,0,1,0,1,0,0,0,0,1,0,0.0,0,0,1
Lang-1f_org.apache.commons.lang3.SystemUtils_isOSMatch_1422,Lang,1,Lang-1f,org.apache.commons.lang3.SystemUtils,isOSMatch,1422,1427,4,4,3,4,0,2,2,0,3,2,1,1,1,0,0,2,1,0.3333,0,1,3
Lang-1f_org.apache.commons.lang3.SystemUtils_getOSMatchesName_1302,Lang,1,Lang-1f,org.apache.commons.lang3.SystemUtils,getOSMatchesName,1302,1304,2,1,0,2,0,0,0,0,1,0,1,0,0,0,0,1,0,0.0,0,0,1
Lang-1f_org.apache.commons.lang3.SystemUtils_isOSNameMatch_1439,Lang,1,Lang-1f,org.apache.commons.lang3.SystemUtils,isOSNameMatch,1439,1444,4,2,1,3,0,1,0,0,3,2,1,1,1,0,0,2,1,0.3333,0,1,3
Lang-1f_org.apache.commons.lang3.SystemUtils_getSystemProperty_1319,Lang,1,Lang-1f,org.apache.commons.lang3.SystemUtils,getSystemProperty,1319,1328,7,1,0,4,2,0,0,2,6,4,1,0,0,0,0,2,0,0.0,0,0,4
Lang-1f_org.apache.commons.lang3.SystemUtils_getUserDir_1341,Lang,1,Lang-1f,org.apache.commons.lang3.SystemUtils,getUserDir,1341,1343,2,0,0,3,0,0,0,0,1,0,1,0,0,0,0,1,0,0.0,0,0,1
Lang-1f_org.apache.commons.lang3.SystemUtils_getUserHome_1356,Lang,1,Lang-1f,org.apache.commons.lang3.SystemUtils,getUserHome,1356,1358,2,0,0,3,0,0,0,0,1,0,1,0,0,0,0,1,0,0.0,0,0,1
Lang-1f_org.apache.commons.lang3.SystemUtils_isJavaAwtHeadless_1368,Lang,1,Lang-1f,org.apache.commons.lang3.SystemUtils,isJavaAwtHeadless,1368,1370,2,0,0,3,0,1,0,0,1,0,1,0,0,0,0,1,0,0.0,0,0,1
Lang-1f_org.apache.commons.lang3.JavaVersion_atLeast_114,Lang,1,Lang-1f,org.apache.commons.lang3.JavaVersion,atLeast,114,116,2,1,0,1,0,1,0,0,1,0,1,0,0,0,0,1,0,0.0,0,0,1
Lang-1f_org.apache.commons.lang3.SystemUtils_<init>_1456,Lang,1,Lang-1f,org.apache.commons.lang3.SystemUtils,<init>,1456,1458,2,0,0,2,0,0,0,0,5,4,1,0,0,0,0,0,0,0.0,0,0,2
Lang-1f_org.apache.commons.lang3.JavaVersion_get_141,Lang,1,Lang-1f,org.apache.commons.lang3.JavaVersion,get,141,175,30,1,3,33,2,3,0,13,29,29,2,13,13,1,0,13,13,0.4483,0,1,29
Lang-1f_org.apache.commons.lang3.exception.CloneFailedException_<init>_38,Lang,1,Lang-1f,org.apache.commons.lang3.exception.CloneFailedException,<init>,38,40,2,1,0,2,0,0,0,0,7,6,1,0,0,0,0,0,0,0.0,0,0,2
Lang-1f_org.apache.commons.lang3.exception.CloneFailedException_<init>_48,Lang,1,Lang-1f,org.apache.commons.lang3.exception.CloneFailedException,<init>,48,50,2,1,0,2,0,0,0,0,7,6,1,0,0,0,0,0,0,0.0,0,0,2
Lang-1f_org.apache.commons.lang3.exception.DefaultExceptionContext_addContextValue_53,Lang,1,Lang-1f,org.apache.commons.lang3.exception.DefaultExceptionContext,addContextValue,53,56,3,2,1,2,0,2,0,0,2,1,1,0,0,0,0,1,0,0.0,0,0,2
Lang-1f_org.apache.commons.lang3.exception.DefaultExceptionContext_setContextValue_62,Lang,1,Lang-1f,org.apache.commons.lang3.exception.DefaultExceptionContext,setContextValue,62,71,7,2,1,10,0,5,0,0,7,9,4,1,2,1,1,1,1,0.2857,1,1,6
Lang-1f_org.apache.commons.lang3.exception.DefaultExceptionContext_getContextValues_77,Lang,1,Lang-1f,org.apache.commons.lang3.exception.DefaultExceptionContext,getContextValues,77,85,6,1,0,7,0,8,0,0,6,7,3,1,2,1,2,1,0,0.3333,1,1,5
Lang-1f_org.apache.commons.lang3.exception.DefaultExceptionContext_getFirstContextValue_91,Lang,1,Lang-1f,org.apache.commons.lang3.exception.DefaultExceptionContext,getFirstContextValue,91,98,5,1,0,6,0,2,0,0,5,5,2,1,2,1,2,2,0,0.4,1,1,4
Lang-1f_org.apache.commons.lang3.exception.DefaultExceptionContext_getContextLabels_104,Lang,1,Lang-1f,org.apache.commons.lang3.exception.DefaultExceptionContext,getContextLabels,104,110,5,0,0,4,0,8,0,0,5,5,2,0,1,1,2,1,0,0.2,1,1,4
Lang-1f_org.apache.commons.lang3.exception.DefaultExceptionContext_getFormattedExceptionMessage_127,Lang,1,Lang-1f,org.apache.commons.lang3.exception.DefaultExceptionContext,getFormattedExceptionMessage,127,163,28,1,4,27,3,6,0,11,28,32,6,4,5,5,2,1,3,0.1786,1,1,25
Lang-1f_org.apache.commons.lang3.exception.ExceptionUtils_getStackTrace_582,Lang,1,Lang-1f,org.apache.commons.lang3.exception.ExceptionUtils,getStackTrace,582,587,5,1,2,6,0,0,0,0,4,3,1,0,0,0,0,1,0,0.0,0,0,4
Lang-1f_org.apache.commons.lang3.exception.ExceptionUtils_<init>_75,Lang,1,Lang-1f,org.apache.commons.lang3.exception.ExceptionUtils,<init>,75,77,2,0,0,2,0,0,0,0,5,4,1,0,0,0,0,0,0,0.0,0,0,2
Lang-1f_org.apache.commons.lang3.exception.ExceptionUtils_getDefaultCauseMethodNames_90,Lang,1,Lang-1f,org.apache.commons.lang3.exception.ExceptionUtils,getDefaultCauseMethodNames,90,92,2,0,0,2,0,0,0,0,1,0,1,0,0,0,0,1,0,0.0,0,0,1
Lang-1f_org.apache.commons.lang3.exception.ExceptionUtils_getCause_123,Lang,1,Lang-1f,org.apache.commons.lang3.exception.ExceptionUtils,getCause,123,125,2,1,0,2,0,0,0,0,1,0,1,0,1,1,1,1,0,1.0,1,1,1
Lang-1f_org.apache.commons.lang3.exception.ExceptionUtils_getCause_141,Lang,1,Lang-1f,org.apache.commons.lang3.exception.ExceptionUtils,getCause,141,160,11,2,2,7,0,4,0,0,11,13,4,4,5,1,2,3,2,0.4545,1,1,10
Lang-1f_org.apache.commons.lang3.exception.ExceptionUtils_getCauseUsingMethodName_192,Lang,1,Lang-1f,org.apache.commons.lang3.exception.ExceptionUtils,getCauseUsingMethodName,192,214,13,2,2,13,0,1,1,0,25,24,1,1,1,1,0,2,1,0.04,0,1,10
Lang-1f_org.apache.commons.lang3.exception.ExceptionUtils_getRootCause_179,Lang,1,Lang-1f,org.apache.commons.lang3.exception.ExceptionUtils,getRootCause,179,182,3,1,0,5,1,3,0,2,2,1,1,0,0,0,0,1,0,0.0,0,0,2
Lang-1f_org.apache.commons.lang3.exception.ExceptionUtils_getThrowableList_280,Lang,1,Lang-1f,org.apache.commons.lang3.exception.ExceptionUtils,getThrowableList,280,287,6,1,0,5,0,8,1,0,5,5,2,0,1,1,1,1,0,0.2,1,1,5
Lang-1f_org.apache.commons.lang3.exception.ExceptionUtils_getThrowableCount_233,Lang,1,Lang-1f,org.apache.commons.lang3.exception.ExceptionUtils,getThrowableCount,233,235,2,1,0,3,0,0,0,0,1,0,1,0,0,0,0,1,0,0.0,0,0,1
Lang-1f_org.apache.commons.lang3.exception.ExceptionUtils_getThrowables_256,Lang,1,Lang-1f,org.apache.commons.lang3.exception.ExceptionUtils,getThrowables,256,259,3,1,0,4,0,2,0,0,2,1,1,0,0,0,0,1,0,0.0,0,0,2
Lang-1f_org.apache.commons.lang3.exception.ExceptionUtils_indexOfThrowable_304,Lang,1,Lang-1f,org.apache.commons.lang3.exception.ExceptionUtils,indexOfThrowable,304,306,2,2,1,2,0,2,0,1,1,0,1,0,0,0,0,1,0,0.0,0,0,1
Lang-1f_org.apache.commons.lang3.exception.ExceptionUtils_indexOf_386,Lang,1,Lang-1f,org.apache.commons.lang3.exception.ExceptionUtils,indexOf,386,411,17,4,4,14,7,8,1,5,19,22,5,6,8,4,4,5,5,0.4211,1,1,15
Lang-1f_org.apache.commons.lang3.exception.ExceptionUtils_indexOfThrowable_327,Lang,1,Lang-1f,org.apache.commons.lang3.exception.ExceptionUtils,indexOfThrowable,327,329,2,3,1,2,0,2,0,0,1,0,1,0,0,0,0,1,0,0.0,0,0,1
Lang-1f_org.apache.commons.lang3.exception.ExceptionUtils_indexOfType_347,Lang,1,Lang-1f,org.apache.commons.lang3.exception.ExceptionUtils,indexOfType,347,349,2,2,1,2,0,2,0,1,1,0,1,0,0,0,0,1,0,0.0,0,0,1
Lang-1f_org.apache.commons.lang3.exception.ExceptionUtils_indexOfType_371,Lang,1,Lang-1f,org.apache.commons.lang3.exception.ExceptionUtils,indexOfType,371,373,2,3,1,2,0,2,0,0,1,0,1,0,0,0,0,1,0,0.0,0,0,1
Lang-1f_org.apache.commons.lang3.exception.ExceptionUtils_printRootCauseStackTrace_432,Lang,1,Lang-1f,org.apache.commons.lang3.exception.ExceptionUtils,printRootCauseStackTrace,432,434,2,1,0,2,0,0,0,0,1,0,1,0,1,1,1,0,0,1.0,1,1,1
Lang-1f_org.apache.commons.lang3.exception.ExceptionUtils_printRootCauseStackTrace_455,Lang,1,Lang-1f,org.apache.commons.lang3.exception.ExceptionUtils,printRootCauseStackTrace,455,467,9,2,1,8,0,2,0,1,10,11,3,2,3,2,2,1,2,0.3,1,1,8
Lang-1f_org.apache.commons.lang3.exception.ExceptionUtils_getRootCauseStackTrace_516,Lang,1,Lang-1f,org.apache.commons.lang3.exception.ExceptionUtils,getRootCauseStackTrace,516,540,19,1,3,19,8,13,0,6,20,24,6,3,5,4,3,2,3,0.25,1,1,17
Lang-1f_org.apache.commons.lang3.exception.ExceptionUtils_printRootCauseStackTrace_488,Lang,1,Lang-1f,org.apache.commons.lang3.exception.ExceptionUtils,printRootCauseStackTrace,488,500,9,2,1,8,0,2,0,1,10,11,3,2,3,2,2,1,2,0.3,1,1,8
Lang-1f_org.apache.commons.lang3.exception.ExceptionUtils_getStackFrameList_640,Lang,1,Lang-1f,org.apache.commons.lang3.exception.ExceptionUtils,getStackFrameList,640,658,15,1,6,13,1,7,1,3,14,16,4,2,3,2,1,1,2,0.2143,1,1,14
Lang-1f_org.apache.commons.lang3.exception.ExceptionUtils_removeCommonFrames_550,Lang,1,Lang-1f,org.apache.commons.lang3.exception.ExceptionUtils,removeCommonFrames,550,567,12,2,4,11,6,8,2,5,12,14,4,2,3,3,1,0,2,0.25,1,1,11
Lang-1f_org.apache.commons.lang3.exception.ExceptionUtils_getStackFrames_602,Lang,1,Lang-1f,org.apache.commons.lang3.exception.ExceptionUtils,getStackFrames,602,607,4,1,0,4,0,1,0,0,3,2,1,1,2,1,1,2,1,0.6667,1,1,3
Lang-1f_org.apache.commons.lang3.exception.ExceptionUtils_getStackFrames_618,Lang,1,Lang-1f,org.apache.commons.lang3.exception.ExceptionUtils,getStackFrames,618,626,7,1,2,8,0,4,0,0,6,6,2,0,1,1,1,1,0,0.1667,1,1,6
Lang-1f_org.apache.commons.lang3.exception.ExceptionUtils_getMessage_671,Lang,1,Lang-1f,org.apache.commons.lang3.exception.ExceptionUtils,getMessage,671,678,6,1,2,5,2,1,0,2,5,4,1,1,2,1,1,2,1,0.4,1,1,5
Lang-1f_org.apache.commons.lang3.StringUtils_defaultString_6091,Lang,1,Lang-1f,org.apache.commons.lang3.StringUtils,defaultString,6091,6093,2,1,0,1,0,1,0,0,1,0,1,0,0,0,0,1,0,0.0,0,0,1
Lang-1f_org.apache.commons.lang3.exception.ExceptionUtils_getRootCauseMessage_691,Lang,1,Lang-1f,org.apache.commons.lang3.exception.ExceptionUtils,getRootCauseMessage,691,695,4,1,1,3,0,1,0,0,3,2,1,0,0,0,0,1,0,0.0,0,0,3
Lang-1f_org.apache.commons.lang3.exception.ContextedException_<init>_96,Lang,1,Lang-1f,org.apache.commons.lang3.exception.ContextedException,<init>,96,99,3,0,0,3,0,0,0,0,6,5,1,0,0,0,0,0,0,0.0,0,0,3
Lang-1f_org.apache.commons.lang3.exception.ContextedException_<init>_108,Lang,1,Lang-1f,org.apache.commons.lang3.exception.ContextedException,<init>,108,111,3,1,0,3,0,0,0,0,8,7,1,0,0,0,0,0,0,0.0,0,0,3
Lang-1f_org.apache.commons.lang3.exception.ContextedException_<init>_120,Lang,1,Lang-1f,org.apache.commons.lang3.exception.ContextedException,<init>,120,123,3,1,0,3,0,0,0,0,8,7,1,0,0,0,0,0,0,0.0,0,0,3
Lang-1f_org.apache.commons.lang3.exception.ContextedException_<init>_133,Lang,1,Lang-1f,org.apache.commons.lang3.exception.ContextedException,<init>,133,136,3,2,1,3,0,0,0,0,12,11,1,0,0,0,0,0,0,0.0,0,0,3
Lang-1f_org.apache.commons.lang3.exception.ContextedException_<init>_145,Lang,1,Lang-1f,org.apache.commons.lang3.exception.ContextedException,<init>,145,151,5,3,2,4,0,1,0,0,16,16,2,1,1,1,0,0,1,0.0625,0,1,5
Lang-1f_org.apache.commons.lang3.exception.ContextedException_addContextValue_168,Lang,1,Lang-1f,org.apache.commons.lang3.exception.ContextedException,addContextValue,168,171,3,2,1,2,0,0,0,0,2,1,1,0,1,1,1,1,0,0.5,1,1,2
Lang-1f_org.apache.commons.lang3.exception.ContextedException_setContextValue_187,Lang,1,Lang-1f,org.apache.commons.lang3.exception.ContextedException,setContextValue,187,190,3,2,1,2,0,0,0,0,2,1,1,0,1,1,1,1,0,0.5,1,1,2
Lang-1f_org.apache.commons.lang3.exception.ContextedException_getContextValues_196,Lang,1,Lang-1f,org.apache.commons.lang3.exception.ContextedException,getContextValues,196,198,2,1,0,2,0,2,0,0,1,0,1,0,1,1,1,1,0,1.0,1,1,1
Lang-1f_org.apache.commons.lang3.exception.ContextedException_getFirstContextValue_204,Lang,1,Lang-1f,org.apache.commons.lang3.exception.ContextedException,getFirstContextValue,204,206,2,1,0,2,0,0,0,0,1,0,1,0,1,1,1,1,0,1.0,1,1,1
Lang-1f_org.apache.commons.lang3.exception.ContextedException_getContextEntries_212,Lang,1,Lang-1f,org.apache.commons.lang3.exception.ContextedException,getContextEntries,212,214,2,0,0,2,0,3,0,0,1,0,1,0,1,1,1,1,0,1.0,1,1,1
Lang-1f_org.apache.commons.lang3.exception.ContextedException_getContextLabels_220,Lang,1,Lang-1f,org.apache.commons.lang3.exception.ContextedException,getContextLabels,220,222,2,0,0,2,0,2,0,0,1,0,1,0,1,1,1,1,0,1.0,1,1,1
Lang-1f_org.apache.commons.lang3.exception.ContextedException_getMessage_231,Lang,1,Lang-1f,org.apache.commons.lang3.exception.ContextedException,getMessage,231,233,2,0,0,3,0,0,0,0,1,0,1,0,1,1,1,1,0,1.0,1,1,1
Lang-1f_org.apache.commons.lang3.exception.ContextedException_getFormattedExceptionMessage_250,Lang,1,Lang-1f,org.apache.commons.lang3.exception.ContextedException,getFormattedExceptionMessage,250,252,2,1,0,2,0,0,0,0,1,0,1,0,1,1,1,1,0,1.0,1,1,1
Lang-1f_org.apache.commons.lang3.exception.ContextedException_getRawMessage_242,Lang,1,Lang-1f,org.apache.commons.lang3.exception.ContextedException,getRawMessage,242,244,2,0,0,2,0,0,0,0,1,0,1,0,0,0,0,1,0,0.0,0,0,1
Lang-1f_org.apache.commons.lang3.exception.ContextedRuntimeException_<init>_96,Lang,1,Lang-1f,org.apache.commons.lang3.exception.ContextedRuntimeException,<init>,96,99,3,0,0,3,0,0,0,0,6,5,1,0,0,0,0,0,0,0.0,0,0,3
Lang-1f_org.apache.commons.lang3.exception.ContextedRuntimeException_<init>_108,Lang,1,Lang-1f,org.apache.commons.lang3.exception.ContextedRuntimeException,<init>,108,111,3,1,0,3,0,0,0,0,8,7,1,0,0,0,0,0,0,0.0,0,0,3
Lang-1f_org.apache.commons.lang3.exception.ContextedRuntimeException_<init>_120,Lang,1,Lang-1f,org.apache.commons.lang3.exception.ContextedRuntimeException,<init>,120,123,3,1,0,3,0,0,0,0,8,7,1,0,0,0,0,0,0,0.0,0,0,3
Lang-1f_org.apache.commons.lang3.exception.ContextedRuntimeException_<init>_133,Lang,1,Lang-1f,org.apache.commons.lang3.exception.ContextedRuntimeException,<init>,133,136,3,2,1,3,0,0,0,0,12,11,1,0,0,0,0,0,0,0.0,0,0,3
Lang-1f_org.apache.commons.lang3.exception.ContextedRuntimeException_<init>_145,Lang,1,Lang-1f,org.apache.commons.lang3.exception.ContextedRuntimeException,<init>,145,151,5,3,2,4,0,1,0,0,16,16,2,1,1,1,0,0,1,0.0625,0,1,5
Lang-1f_org.apache.commons.lang3.exception.ContextedRuntimeException_addContextValue_168,Lang,1,Lang-1f,org.apache.commons.lang3.exception.ContextedRuntimeException,addContextValue,168,171,3,2,1,2,0,0,0,0,2,1,1,0,1,1,1,1,0,0.5,1,1,2
Lang-1f_org.apache.commons.lang3.exception.ContextedRuntimeException_setContextValue_187,Lang,1,Lang-1f,org.apache.commons.lang3.exception.ContextedRuntimeException,setContextValue,187,190,3,2,1,2,0,0,0,0,2,1,1,0,1,1,1,1,0,0.5,1,1,2
Lang-1f_org.apache.commons.lang3.exception.ContextedRuntimeException_getContextValues_196,Lang,1,Lang-1f,org.apache.commons.lang3.exception.ContextedRuntimeException,getContextValues,196,198,2,1,0,2,0,2,0,0,1,0,1,0,1,1,1,1,0,1.0,1,1,1
Lang-1f_org.apache.commons.lang3.exception.ContextedRuntimeException_getFirstContextValue_204,Lang,1,Lang-1f,org.apache.commons.lang3.exception.ContextedRuntimeException,getFirstContextValue,204,206,2,1,0,2,0,0,0,0,1,0,1,0,1,1,1,1,0,1.0,1,1,1
Lang-1f_org.apache.commons.lang3.exception.ContextedRuntimeException_getContextEntries_212,Lang,1,Lang-1f,org.apache.commons.lang3.exception.ContextedRuntimeException,getContextEntries,212,214,2,0,0,2,0,3,0,0,1,0,1,0,1,1,1,1,0,1.0,1,1,1
Lang-1f_org.apache.commons.lang3.exception.ContextedRuntimeException_getContextLabels_220,Lang,1,Lang-1f,org.apache.commons.lang3.exception.ContextedRuntimeException,getContextLabels,220,222,2,0,0,2,0,2,0,0,1,0,1,0,1,1,1,1,0,1.0,1,1,1
Lang-1f_org.apache.commons.lang3.exception.ContextedRuntimeException_getMessage_231,Lang,1,Lang-1f,org.apache.commons.lang3.exception.ContextedRuntimeException,getMessage,231,233,2,0,0,3,0,0,0,0,1,0,1,0,1,1,1,1,0,1.0,1,1,1
Lang-1f_org.apache.commons.lang3.exception.ContextedRuntimeException_getFormattedExceptionMessage_250,Lang,1,Lang-1f,org.apache.commons.lang3.exception.ContextedRuntimeException,getFormattedExceptionMessage,250,252,2,1,0,2,0,0,0,0,1,0,1,0,1,1,1,1,0,1.0,1,1,1
Lang-1f_org.apache.commons.lang3.exception.ContextedRuntimeException_getRawMessage_242,Lang,1,Lang-1f,org.apache.commons.lang3.exception.ContextedRuntimeException,getRawMessage,242,244,2,0,0,2,0,0,0,0,1,0,1,0,0,0,0,1,0,0.0,0,0,1
Lang-1f_org.apache.commons.lang3.event.EventListenerSupport_<init>_121,Lang,1,Lang-1f,org.apache.commons.lang3.event.EventListenerSupport,<init>,121,123,2,1,0,4,0,2,0,0,13,12,1,0,0,0,0,0,0,0.0,0,0,2
Lang-1f_org.apache.commons.lang3.event.EventListenerSupport_invoke_311,Lang,1,Lang-1f,org.apache.commons.lang3.event.EventListenerSupport,invoke,311,316,4,3,2,3,0,0,0,0,4,4,2,0,2,2,3,1,0,0.5,1,1,3
Lang-1f_org.apache.commons.lang3.event.EventListenerSupport_create_105,Lang,1,Lang-1f,org.apache.commons.lang3.event.EventListenerSupport,create,105,107,2,1,0,1,0,8,0,0,1,0,1,0,0,0,0,1,0,0.0,0,0,1
Lang-1f_org.apache.commons.lang3.event.EventListenerSupport_<init>_138,Lang,1,Lang-1f,org.apache.commons.lang3.event.EventListenerSupport,<init>,138,145,7,2,0,8,0,2,0,3,15,14,1,0,0,0,0,0,0,0.0,0,0,6
Lang-1f_org.apache.commons.lang3.event.EventListenerSupport_<init>_151,Lang,1,Lang-1f,org.apache.commons.lang3.event.EventListenerSupport,<init>,151,152,1,0,0,1,0,0,0,0,4,3,1,0,0,0,0,0,0,0.0,0,0,1
Lang-1f_org.apache.commons.lang3.event.EventListenerSupport_initializeTransientFields_266,Lang,1,Lang-1f,org.apache.commons.lang3.event.EventListenerSupport,initializeTransientFields,266,272,6,2,0,4,0,2,0,2,3,2,1,0,0,0,0,0,0,0.0,0,0,3
Lang-1f_org.apache.commons.lang3.event.EventListenerSupport_addListener_178,Lang,1,Lang-1f,org.apache.commons.lang3.event.EventListenerSupport,addListener,178,181,3,1,0,3,0,0,0,1,2,1,1,0,0,0,0,0,0,0.0,0,0,2
Lang-1f_org.apache.commons.lang3.event.EventListenerSupport_getListenerCount_188,Lang,1,Lang-1f,org.apache.commons.lang3.event.EventListenerSupport,getListenerCount,188,190,2,0,0,2,0,0,0,0,1,0,1,0,0,0,0,1,0,0.0,0,0,1
Lang-1f_org.apache.commons.lang3.event.EventListenerSupport_removeListener_200,Lang,1,Lang-1f,org.apache.commons.lang3.event.EventListenerSupport,removeListener,200,203,3,1,0,3,0,0,0,1,2,1,1,0,0,0,0,0,0,0.0,0,0,2
Lang-1f_org.apache.commons.lang3.event.EventListenerSupport_getListeners_211,Lang,1,Lang-1f,org.apache.commons.lang3.event.EventListenerSupport,getListeners,211,213,2,0,0,2,0,0,0,0,1,0,1,0,0,0,0,1,0,0.0,0,0,1
Lang-1f_org.apache.commons.lang3.event.EventListenerSupport_writeObject_220,Lang,1,Lang-1f,org.apache.commons.lang3.event.EventListenerSupport,writeObject,220,239,10,1,1,11,0,4,0,0,11,11,2,0,3,3,4,0,0,0.2727,1,1,8
Lang-1f_org.apache.commons.lang3.event.EventListenerSupport_readObject_247,Lang,1,Lang-1f,org.apache.commons.lang3.event.EventListenerSupport,readObject,247,259,9,1,0,9,0,6,0,2,4,3,1,0,1,1,1,0,0,0.25,1,1,4
Lang-1f_org.apache.commons.lang3.event.EventListenerSupport_createProxy_279,Lang,1,Lang-1f,org.apache.commons.lang3.event.EventListenerSupport,createProxy,279,282,3,2,0,4,0,2,0,0,1,0,1,0,0,0,0,0,0,0.0,0,0,1
Lang-1f_org.apache.commons.lang3.event.EventListenerSupport_createInvocationHandler_289,Lang,1,Lang-1f,org.apache.commons.lang3.event.EventListenerSupport,createInvocationHandler,289,291,2,0,0,2,0,0,0,0,1,0,1,0,0,0,0,1,0,0.0,0,0,1
Lang-1f_org.apache.commons.lang3.event.EventUtils_invoke_110,Lang,1,Lang-1f,org.apache.commons.lang3.event.EventUtils,invoke,110,119,7,3,2,9,0,0,1,0,5,4,1,2,2,0,0,3,2,0.4,0,1,5
Lang-1f_org.apache.commons.lang3.event.EventUtils_hasMatchingParametersMethod_127,Lang,1,Lang-1f,org.apache.commons.lang3.event.EventUtils,hasMatchingParametersMethod,127,129,2,1,0,4,0,1,0,0,1,0,1,0,0,0,0,1,0,0.0,0,0,1
Lang-1f_org.apache.commons.lang3.event.EventUtils_addEventListener_48,Lang,1,Lang-1f,org.apache.commons.lang3.event.EventUtils,addEventListener,48,62,13,3,1,18,13,4,0,10,47,46,1,0,0,0,0,0,0,0.0,0,0,11
Lang-1f_org.apache.commons.lang3.event.EventUtils_bindEventsToMethod_75,Lang,1,Lang-1f,org.apache.commons.lang3.event.EventUtils,bindEventsToMethod,75,80,5,5,4,7,0,4,0,0,2,1,1,0,0,0,0,0,0,0.0,0,0,2
Lang-1f_org.apache.commons.lang3.JavaVersion_getJavaVersion_128,Lang,1,Lang-1f,org.apache.commons.lang3.JavaVersion,getJavaVersion,128,130,2,1,0,2,0,0,0,0,1,0,1,0,0,0,0,1,0,0.0,0,0,1
Lang-1f_org.apache.commons.lang3.JavaVersion_toFloatVersion_199,Lang,1,Lang-1f,org.apache.commons.lang3.JavaVersion,toFloatVersion,199,209,7,1,0,5,3,1,0,5,8,7,1,1,1,1,0,2,1,0.125,0,1,5
Lang-1f_org.apache.commons.lang3.JavaVersion_maxVersion_191,Lang,1,Lang-1f,org.apache.commons.lang3.JavaVersion,maxVersion,191,197,5,0,1,4,0,1,0,3,4,3,1,1,1,0,0,2,1,0.25,0,1,4
Lang-1f_org.apache.commons.lang3.BooleanUtils_<init>_41,Lang,1,Lang-1f,org.apache.commons.lang3.BooleanUtils,<init>,41,43,2,0,0,2,0,0,0,0,5,4,1,0,0,0,0,0,0,0.0,0,0,2
Lang-1f_org.apache.commons.lang3.BooleanUtils_negate_63,Lang,1,Lang-1f,org.apache.commons.lang3.BooleanUtils,negate,63,68,4,1,0,3,0,1,0,0,3,2,1,1,1,0,0,2,1,0.3333,0,1,3
Lang-1f_org.apache.commons.lang3.BooleanUtils_isTrue_86,Lang,1,Lang-1f,org.apache.commons.lang3.BooleanUtils,isTrue,86,88,2,1,0,2,0,0,0,0,1,0,1,0,0,0,0,1,0,0.0,0,0,1
Lang-1f_org.apache.commons.lang3.BooleanUtils_isNotTrue_104,Lang,1,Lang-1f,org.apache.commons.lang3.BooleanUtils,isNotTrue,104,106,2,1,0,2,0,0,0,0,1,0,1,0,0,0,0,1,0,0.0,0,0,1
Lang-1f_org.apache.commons.lang3.BooleanUtils_isFalse_122,Lang,1,Lang-1f,org.apache.commons.lang3.BooleanUtils,isFalse,122,124,2,1,0,2,0,0,0,0,1,0,1,0,0,0,0,1,0,0.0,0,0,1
Lang-1f_org.apache.commons.lang3.BooleanUtils_isNotFalse_140,Lang,1,Lang-1f,org.apache.commons.lang3.BooleanUtils,isNotFalse,140,142,2,1,0,2,0,0,0,0,1,0,1,0,0,0,0,1,0,0.0,0,0,1
Lang-1f_org.apache.commons.lang3.BooleanUtils_toBoolean_158,Lang,1,Lang-1f,org.apache.commons.lang3.BooleanUtils,toBoolean,158,160,2,1,0,2,0,1,1,0,1,0,1,0,0,0,0,1,0,0.0,0,0,1
Lang-1f_org.apache.commons.lang3.BooleanUtils_toBooleanDefaultIfNull_175,Lang,1,Lang-1f,org.apache.commons.lang3.BooleanUtils,toBooleanDefaultIfNull,175,180,4,2,1,3,0,1,0,0,3,2,1,1,1,0,0,2,1,0.3333,0,1,3
Lang-1f_org.apache.commons.lang3.BooleanUtils_toBooleanObject_238,Lang,1,Lang-1f,org.apache.commons.lang3.BooleanUtils,toBooleanObject,238,243,4,1,0,3,0,2,0,1,3,2,1,1,1,0,0,2,1,0.3333,0,1,3
Lang-1f_org.apache.commons.lang3.BooleanUtils_toBoolean_261,Lang,1,Lang-1f,org.apache.commons.lang3.BooleanUtils,toBoolean,261,270,6,3,2,4,0,2,0,1,6,5,1,2,2,0,0,2,2,0.3333,0,1,5
Lang-1f_org.apache.commons.lang3.BooleanUtils_toBoolean_289,Lang,1,Lang-1f,org.apache.commons.lang3.BooleanUtils,toBoolean,289,304,11,3,2,9,0,3,0,1,11,11,2,5,5,1,0,4,3,0.4545,0,1,10
Lang-1f_org.apache.commons.lang3.BooleanUtils_toBooleanObject_324,Lang,1,Lang-1f,org.apache.commons.lang3.BooleanUtils,toBooleanObject,324,336,8,4,3,5,0,3,0,1,8,7,1,3,3,0,0,3,3,0.375,0,1,7
Lang-1f_org.apache.commons.lang3.BooleanUtils_toBooleanObject_356,Lang,1,Lang-1f,org.apache.commons.lang3.BooleanUtils,toBooleanObject,356,376,15,4,3,12,0,4,0,1,15,15,2,7,7,1,0,6,4,0.4667,0,1,14
Lang-1f_org.apache.commons.lang3.BooleanUtils_toIntegerObject_426,Lang,1,Lang-1f,org.apache.commons.lang3.BooleanUtils,toIntegerObject,426,431,4,1,0,3,0,1,0,0,3,2,1,1,1,0,0,2,1,0.3333,0,1,3
Lang-1f_org.apache.commons.lang3.BooleanUtils_toInteger_465,Lang,1,Lang-1f,org.apache.commons.lang3.BooleanUtils,toInteger,465,470,4,4,3,3,0,1,0,0,3,2,1,1,1,0,0,2,1,0.3333,0,1,3
Lang-1f_org.apache.commons.lang3.BooleanUtils_toIntegerObject_504,Lang,1,Lang-1f,org.apache.commons.lang3.BooleanUtils,toIntegerObject,504,509,4,4,3,3,0,1,0,0,3,2,1,1,1,0,0,2,1,0.3333,0,1,3
Lang-1f_org.apache.commons.lang3.BooleanUtils_toBooleanObject_545,Lang,1,Lang-1f,org.apache.commons.lang3.BooleanUtils,toBooleanObject,545,631,63,1,15,28,0,48,38,21,42,45,5,10,11,1,0,11,4,0.2619,0,1,42
Lang-1f_org.apache.commons.lang3.BooleanUtils_toBooleanObject_652,Lang,1,Lang-1f,org.apache.commons.lang3.BooleanUtils,toBooleanObject,652,672,15,4,3,12,0,4,0,1,15,15,2,7,7,1,0,6,4,0.4667,0,1,14
Lang-1f_org.apache.commons.lang3.BooleanUtils_toBoolean_705,Lang,1,Lang-1f,org.apache.commons.lang3.BooleanUtils,toBoolean,705,707,2,1,0,2,0,1,0,0,1,0,1,0,0,0,0,1,0,0.0,0,0,1
Lang-1f_org.apache.commons.lang3.BooleanUtils_toBoolean_723,Lang,1,Lang-1f,org.apache.commons.lang3.BooleanUtils,toBoolean,723,737,11,3,2,9,0,3,0,1,11,11,2,5,5,1,0,4,5,0.4545,0,1,10
Lang-1f_org.apache.commons.lang3.BooleanUtils_toStringTrueFalse_754,Lang,1,Lang-1f,org.apache.commons.lang3.BooleanUtils,toStringTrueFalse,754,756,2,1,0,2,0,0,0,2,1,0,1,0,0,0,0,1,0,0.0,0,0,1
Lang-1f_org.apache.commons.lang3.BooleanUtils_toString_807,Lang,1,Lang-1f,org.apache.commons.lang3.BooleanUtils,toString,807,812,4,4,3,3,0,1,0,0,3,2,1,1,1,0,0,2,1,0.3333,0,1,3
Lang-1f_org.apache.commons.lang3.BooleanUtils_toStringOnOff_771,Lang,1,Lang-1f,org.apache.commons.lang3.BooleanUtils,toStringOnOff,771,773,2,1,0,2,0,0,0,2,1,0,1,0,0,0,0,1,0,0.0,0,0,1
Lang-1f_org.apache.commons.lang3.BooleanUtils_toStringYesNo_788,Lang,1,Lang-1f,org.apache.commons.lang3.BooleanUtils,toStringYesNo,788,790,2,1,0,2,0,0,0,2,1,0,1,0,0,0,0,1,0,0.0,0,0,1
Lang-1f_org.apache.commons.lang3.BooleanUtils_toStringTrueFalse_828,Lang,1,Lang-1f,org.apache.commons.lang3.BooleanUtils,toStringTrueFalse,828,830,2,1,0,2,0,0,0,2,1,0,1,0,0,0,0,1,0,0.0,0,0,1
Lang-1f_org.apache.commons.lang3.BooleanUtils_toString_877,Lang,1,Lang-1f,org.apache.commons.lang3.BooleanUtils,toString,877,879,2,3,2,1,0,0,0,0,1,0,1,0,0,0,0,1,0,0.0,0,0,1
Lang-1f_org.apache.commons.lang3.BooleanUtils_toStringOnOff_844,Lang,1,Lang-1f,org.apache.commons.lang3.BooleanUtils,toStringOnOff,844,846,2,1,0,2,0,0,0,2,1,0,1,0,0,0,0,1,0,0.0,0,0,1
Lang-1f_org.apache.commons.lang3.BooleanUtils_toStringYesNo_860,Lang,1,Lang-1f,org.apache.commons.lang3.BooleanUtils,toStringYesNo,860,862,2,1,0,2,0,0,0,2,1,0,1,0,0,0,0,1,0,0.0,0,0,1
Lang-1f_org.apache.commons.lang3.BooleanUtils_and_900,Lang,1,Lang-1f,org.apache.commons.lang3.BooleanUtils,and,900,914,9,1,0,7,0,2,0,3,11,13,4,3,4,2,2,2,2,0.3636,1,1,8
Lang-1f_org.apache.commons.lang3.BooleanUtils_and_935,Lang,1,Lang-1f,org.apache.commons.lang3.BooleanUtils,and,935,948,10,1,0,9,0,2,0,4,13,13,2,2,3,3,1,1,2,0.2308,1,1,8
Lang-1f_org.apache.commons.lang3.BooleanUtils_or_968,Lang,1,Lang-1f,org.apache.commons.lang3.BooleanUtils,or,968,982,9,1,0,7,0,2,0,3,11,13,4,3,4,2,2,2,2,0.3636,1,1,8
Lang-1f_org.apache.commons.lang3.BooleanUtils_or_1004,Lang,1,Lang-1f,org.apache.commons.lang3.BooleanUtils,or,1004,1017,10,1,0,9,0,2,0,4,13,13,2,2,3,3,1,1,2,0.2308,1,1,8
Lang-1f_org.apache.commons.lang3.BooleanUtils_xor_1036,Lang,1,Lang-1f,org.apache.commons.lang3.BooleanUtils,xor,1036,1061,13,1,1,8,2,4,0,6,14,17,5,4,5,3,2,2,2,0.3571,1,1,11
Lang-1f_org.apache.commons.lang3.BooleanUtils_xor_1078,Lang,1,Lang-1f,org.apache.commons.lang3.BooleanUtils,xor,1078,1091,10,1,0,9,0,2,0,4,13,13,2,2,3,3,1,1,2,0.2308,1,1,8
