loc,num_params,num_local_vars,num_method_calls,num_arith_ops,num_rel_ops,num_logical_ops,num_literals,num_nodes,num_edges,cyclomatic_complexity,num_conditions,num_branches,num_joins,num_loops,num_returns,max_nesting_depth,branch_ratio,has_loop,has_branching,num_unique_lines,num_total_mutants,frac_ROR,frac_AOR,frac_LOR,frac_COR,frac_SOR,frac_ORU,frac_LVR,frac_STD,project_Lang,project_Math
10.0,2.0,1.0,7,2.0,4,1.0,4.0,10.0,12.0,4,3,3,3,0,1.0,3,0.3,0,1,8,24.0,0.4166666666666667,0.0,0.0,0.1666666666666666,0.0,0.0,0.1666666666666666,0.0833333333333333,1,0
16.0,3.0,3.0,11,4.0,6,1.0,7.5,17.0,21.0,6,5,5,5,0,1.0,5,0.2941,0,1,13,45.0,0.4,0.3555555555555555,0.0,0.0666666666666666,0.0,0.0,0.1777777777777777,0.0,1,0
17.0,2.0,2.0,10,2.0,7,2.0,7.5,18.0,21.0,5,5,5,4,0,2.0,5,0.2778,0,1,15,50.5,0.3461538461538461,0.0,0.0,0.1538461538461538,0.0,0.0,0.2692307692307692,0.1153846153846153,1,0
21.0,2.0,3.0,12,7.5,10,2.5,7.5,23.0,29.0,6,5,6,5,2,2.0,5,0.3478,1,1,18,50.5,0.2553191489361702,0.1134751773049645,0.0,0.0851063829787234,0.0,0.0,0.3404255319148936,0.0638297872340425,1,0
21.5,1.0,7.5,10,7.5,7,2.5,7.5,25.5,29.5,4,2,3,3,1,1.0,2,0.0698,1,1,18,50.5,0.1603053435114503,0.3969465648854962,0.0,0.1221374045801526,0.0,0.0,0.1984732824427481,0.1221374045801526,1,0
21.5,1.0,6.0,18,5.0,5,0.0,7.5,23.0,24.0,3,5,6,5,4,3.5,5,0.3913,1,1,18,50.5,0.2549019607843137,0.2352941176470588,0.0,0.0,0.0,0.0,0.4313725490196078,0.0784313725490196,1,0
2.0,0.0,0.0,2,1.0,0,0.0,0.0,1.0,0.0,1,0,0,0,0,1.0,0,0.0,0,0,1,4.0,0.0,0.7142857142857142,0.0,0.0,0.0,0.0,0.0,0.0,1,0
7.0,0.0,1.0,7,2.0,2,0.0,2.0,6.0,5.0,1,2,2,0,0,3.0,2,0.3333,0,1,6,20.0,0.3,0.4,0.0,0.1,0.0,0.0,0.2,0.0,1,0
8.0,1.0,1.0,8,0.0,4,1.0,0.0,6.0,5.0,1,2,2,0,0,3.0,2,0.3333,0,1,6,16.0,0.5625,0.0,0.0,0.25,0.0,0.0,0.1875,0.0,1,0
9.0,0.0,0.0,8,2.0,3,0.0,4.0,9.0,10.0,3,3,3,2,0,2.0,3,0.3333,0,1,7,16.0,0.5,0.0,0.0,0.0,0.0,0.0,0.25,0.0,1,0
4.0,0.0,0.0,4,1.0,1,0.0,1.0,4.0,4.0,2,1,1,1,0,1.0,1,0.25,0,1,3,4.0,0.5,0.0,0.0,0.0,0.0,0.0,0.0,0.0,1,0
4.0,0.0,0.0,3,0.0,1,0.0,1.0,3.0,2.0,1,1,1,0,0,2.0,1,0.3333,0,1,3,5.0,0.6,0.0,0.0,0.0,0.0,0.0,0.4,0.0,1,0
15.0,1.0,1.0,15,6.0,5,0.0,7.5,12.0,11.0,1,5,6,4,4,3.5,5,0.6189,1,1,12,50.5,0.2745098039215686,0.3137254901960784,0.0,0.0,0.0,0.0,0.3333333333333333,0.0,1,0
10.0,1.0,2.0,9,4.0,3,1.0,3.0,8.0,8.0,2,2,2,1,0,2.0,2,0.25,0,1,7,31.0,0.2258064516129032,0.5161290322580645,0.0,0.1290322580645161,0.0,0.0,0.1290322580645161,0.0,1,0
6.0,2.0,2.0,4,1.0,2,1.0,1.0,5.0,5.0,2,1,1,1,0,1.0,1,0.2,0,1,4,13.0,0.4615384615384615,0.3076923076923077,0.0,0.2307692307692307,0.0,0.0,0.0,0.0,1,0
5.0,2.0,2.0,4,1.0,1,0.0,1.0,5.0,5.0,2,1,1,1,0,1.0,1,0.2,0,1,4,7.0,0.4285714285714285,0.5714285714285714,0.0,0.0,0.0,0.0,0.0,0.0,1,0
6.0,2.0,2.0,4,1.0,2,1.0,1.0,5.0,5.0,2,1,1,1,0,1.0,1,0.2,0,1,4,13.0,0.4615384615384615,0.3076923076923077,0.0,0.2307692307692307,0.0,0.0,0.0,0.0,1,0
6.0,2.0,2.0,4,1.0,2,1.0,1.0,5.0,5.0,2,1,1,1,0,1.0,1,0.2,0,1,4,13.0,0.4615384615384615,0.3076923076923077,0.0,0.2307692307692307,0.0,0.0,0.0,0.0,1,0
2.0,1.0,0.0,2,0.0,0,0.0,0.0,1.0,0.0,1,0,0,0,0,1.0,0,0.0,0,0,1,1.0,0.0,0.0,0.0,0.0,0.0,0.0,0.9375,0.0,1,0
21.5,2.0,7.5,18,4.0,6,0.0,7.0,22.0,23.0,3,5,5,2,0,3.5,5,0.2273,0,1,18,48.0,0.3333333333333333,0.3333333333333333,0.0,0.125,0.0,0.0,0.2083333333333333,0.0,1,0
2.0,1.0,0.0,2,0.0,0,0.0,0.0,1.0,0.0,1,0,0,0,0,1.0,0,0.0,0,0,1,1.0,0.0,0.0,0.0,0.0,0.0,0.0,0.9375,0.0,1,0
6.0,1.0,0.0,7,0.0,2,0.0,3.0,7.0,8.0,3,2,2,2,0,1.0,2,0.2857,0,1,5,6.0,0.6666666666666666,0.0,0.0,0.0,0.0,0.0,0.3333333333333333,0.0,1,0
4.0,0.0,0.0,4,4.0,1,0.0,4.0,3.0,3.0,2,1,1,1,0,1.0,1,0.3333,0,1,3,28.0,0.1071428571428571,0.5714285714285714,0.0,0.0,0.0,0.0,0.2857142857142857,0.0357142857142857,1,0
7.0,0.0,0.0,9,1.0,1,0.0,1.0,3.0,3.0,2,1,2,2,1,1.0,1,0.6189,1,1,3,4.0,0.25,0.0,0.0,0.0,0.0,0.0,0.5,0.25,1,0
21.5,0.0,1.0,18,6.0,7,0.0,7.5,14.0,19.0,6,5,6,1,0,1.0,5,0.4286,0,1,14,45.0,0.4222222222222222,0.0888888888888888,0.0,0.0,0.0,0.0,0.2666666666666666,0.1333333333333333,1,0
2.0,0.0,0.0,1,1.0,0,0.0,0.0,1.0,0.0,1,0,0,0,0,1.0,0,0.0,0,0,1,4.0,0.0,0.7142857142857142,0.0,0.0,0.0,0.0,0.0,0.0,1,0
2.0,1.0,0.0,2,0.0,0,0.0,1.0,1.0,0.0,1,0,1,1,1,1.0,0,0.6189,1,1,1,2.0,0.0,0.0,0.0,0.0,0.0,0.0,0.9375,0.0,1,0
7.0,2.0,1.0,4,0.0,1,0.0,0.0,6.0,4.0,1,1,1,0,0,3.0,1,0.1667,0,1,5,1.0,1.0,0.0,0.0,0.0,0.0,0.0,0.0,0.0,1,0
2.0,1.0,0.0,2,0.0,0,0.0,0.0,1.0,0.0,1,0,1,1,1,1.0,0,0.6189,1,1,1,2.0,0.0,0.0,0.0,0.0,0.0,0.0,0.9375,0.0,1,0
7.0,2.0,1.0,4,0.0,1,0.0,0.0,6.0,4.0,1,1,1,0,0,3.0,1,0.1667,0,1,5,1.0,1.0,0.0,0.0,0.0,0.0,0.0,0.0,0.0,1,0
2.0,1.0,0.0,2,0.0,0,0.0,1.0,1.0,0.0,1,0,1,1,1,1.0,0,0.6189,1,1,1,2.0,0.0,0.0,0.0,0.0,0.0,0.0,0.9375,0.0,1,0
7.0,2.0,1.0,4,0.0,1,0.0,0.0,6.0,4.0,1,1,1,0,0,3.0,1,0.1667,0,1,5,1.0,1.0,0.0,0.0,0.0,0.0,0.0,0.0,0.0,1,0
2.0,1.0,0.0,2,0.0,0,0.0,1.0,1.0,0.0,1,0,1,1,1,1.0,0,0.6189,1,1,1,2.0,0.0,0.0,0.0,0.0,0.0,0.0,0.9375,0.0,1,0
7.0,2.0,1.0,4,0.0,1,0.0,0.0,6.0,4.0,1,1,1,0,0,3.0,1,0.1667,0,1,5,1.0,1.0,0.0,0.0,0.0,0.0,0.0,0.0,0.0,1,0
7.0,2.0,1.0,4,0.0,1,0.0,0.0,6.0,4.0,1,1,1,0,0,3.0,1,0.1667,0,1,5,1.0,1.0,0.0,0.0,0.0,0.0,0.0,0.0,0.0,1,0
7.0,2.0,1.0,4,0.0,1,0.0,0.0,6.0,4.0,1,1,1,0,0,3.0,1,0.1667,0,1,5,1.0,1.0,0.0,0.0,0.0,0.0,0.0,0.0,0.0,1,0
21.5,1.0,7.5,18,7.5,10,2.5,7.5,25.5,29.5,6,5,6,5,0,3.5,5,0.2,0,1,18,50.5,0.2146118721461187,0.2009132420091324,0.0,0.365296803652968,0.0,0.0,0.2191780821917808,0.0,1,0
4.0,1.0,0.0,3,0.0,1,0.0,0.0,3.0,2.0,1,1,1,0,0,2.0,1,0.3333,0,1,3,1.0,1.0,0.0,0.0,0.0,0.0,0.0,0.0,0.0,1,0
7.0,1.0,1.0,7,3.0,4,0.0,4.0,8.0,8.0,2,2,3,1,2,3.0,2,0.375,1,1,6,21.0,0.4285714285714285,0.1904761904761904,0.0,0.0,0.0,0.0,0.3809523809523809,0.0,1,0
7.0,1.0,1.0,8,2.0,1,0.0,1.0,8.0,8.0,2,2,3,1,2,3.0,2,0.375,1,1,6,12.0,0.25,0.0,0.0,0.3333333333333333,0.0,0.0,0.4166666666666667,0.0,1,0
4.0,1.0,0.0,3,0.0,1,0.0,0.0,3.0,2.0,1,1,1,0,0,2.0,1,0.3333,0,1,3,1.0,1.0,0.0,0.0,0.0,0.0,0.0,0.0,0.0,1,0
4.0,1.0,0.0,3,0.0,1,0.0,0.0,3.0,2.0,1,1,1,0,0,2.0,1,0.3333,0,1,3,1.0,1.0,0.0,0.0,0.0,0.0,0.0,0.0,0.0,1,0
4.0,1.0,0.0,3,0.0,1,0.0,0.0,3.0,2.0,1,1,1,0,0,2.0,1,0.3333,0,1,3,1.0,1.0,0.0,0.0,0.0,0.0,0.0,0.0,0.0,1,0
4.0,1.0,0.0,3,0.0,1,0.0,0.0,3.0,2.0,1,1,1,0,0,2.0,1,0.3333,0,1,3,1.0,1.0,0.0,0.0,0.0,0.0,0.0,0.0,0.0,1,0
6.0,1.0,0.0,6,0.0,1,0.0,1.0,6.0,6.0,2,2,2,1,0,2.0,2,0.3333,0,1,5,3.0,0.3333333333333333,0.0,0.0,0.4166666666666665,0.0,0.0,0.0,0.0,1,0
10.0,1.0,2.0,7,2.0,4,0.0,5.0,13.0,16.0,5,3,4,3,2,1.0,3,0.3077,1,1,9,16.0,0.5625,0.0,0.0,0.0,0.0,0.0,0.375,0.0625,1,0
10.0,1.0,2.0,7,2.0,4,0.0,5.0,13.0,16.0,5,3,4,3,2,1.0,3,0.3077,1,1,9,16.0,0.5625,0.0,0.0,0.0,0.0,0.0,0.375,0.0625,1,0
10.0,1.0,2.0,7,2.0,4,0.0,5.0,13.0,16.0,5,3,4,3,2,1.0,3,0.3077,1,1,9,16.0,0.5625,0.0,0.0,0.0,0.0,0.0,0.375,0.0625,1,0
10.0,1.0,2.0,7,2.0,4,0.0,5.0,13.0,16.0,5,3,4,3,2,1.0,3,0.3077,1,1,9,16.0,0.5625,0.0,0.0,0.0,0.0,0.0,0.375,0.0625,1,0
12.0,1.0,2.0,9,2.0,4,0.0,5.0,15.0,18.0,5,4,5,3,2,2.0,4,0.3333,1,1,11,18.0,0.5,0.0,0.0,0.1111111111111111,0.0,0.0,0.3333333333333333,0.0555555555555555,1,0
12.0,1.0,2.0,9,2.0,4,0.0,5.0,15.0,18.0,5,4,5,3,2,2.0,4,0.3333,1,1,11,18.0,0.5,0.0,0.0,0.1111111111111111,0.0,0.0,0.3333333333333333,0.0555555555555555,1,0
10.0,1.0,2.0,7,2.0,4,0.0,5.0,13.0,16.0,5,3,4,3,2,1.0,3,0.3077,1,1,9,16.0,0.5625,0.0,0.0,0.0,0.0,0.0,0.375,0.0625,1,0
10.0,1.0,2.0,7,2.0,4,0.0,5.0,13.0,16.0,5,3,4,3,2,1.0,3,0.3077,1,1,9,16.0,0.5625,0.0,0.0,0.0,0.0,0.0,0.375,0.0625,1,0
10.0,1.0,2.0,7,2.0,4,0.0,5.0,13.0,16.0,5,3,4,3,2,1.0,3,0.3077,1,1,9,16.0,0.5625,0.0,0.0,0.0,0.0,0.0,0.375,0.0625,1,0
10.0,1.0,2.0,7,2.0,4,0.0,5.0,13.0,16.0,5,3,4,3,2,1.0,3,0.3077,1,1,9,16.0,0.5625,0.0,0.0,0.0,0.0,0.0,0.375,0.0625,1,0
12.0,1.0,2.0,9,2.0,4,0.0,5.0,15.0,18.0,5,4,5,3,2,2.0,4,0.3333,1,1,11,18.0,0.5,0.0,0.0,0.1111111111111111,0.0,0.0,0.3333333333333333,0.0555555555555555,1,0
12.0,1.0,2.0,9,2.0,4,0.0,5.0,15.0,18.0,5,4,5,3,2,2.0,4,0.3333,1,1,11,18.0,0.5,0.0,0.0,0.1111111111111111,0.0,0.0,0.3333333333333333,0.0555555555555555,1,0
21.5,1.0,7.5,18,7.5,10,2.5,7.5,25.5,29.5,6,5,6,4,3,3.5,5,0.3793,1,1,18,50.5,0.3778625954198473,0.0610687022900763,0.0,0.3816793893129771,0.0,0.0,0.1450381679389313,0.0343511450381679,1,0
2.0,1.0,0.0,2,0.0,0,0.0,0.0,1.0,0.0,1,0,1,1,1,1.0,0,0.6189,1,1,1,2.0,0.0,0.0,0.0,0.0,0.0,0.0,0.9375,0.0,1,0
2.0,3.0,2.0,2,0.0,0,0.0,2.0,1.0,0.0,1,0,1,1,1,1.0,0,0.6189,1,1,1,4.0,0.0,0.0,0.0,0.0,0.0,0.0,0.9375,0.0,1,0
2.0,1.0,0.0,2,0.0,0,0.0,2.0,1.0,0.0,1,0,0,0,0,1.0,0,0.0,0,0,1,6.0,0.0,0.0,0.0,0.0,0.0,0.0,0.9375,0.0,1,0
2.0,1.0,0.0,2,0.0,0,0.0,0.0,1.0,0.0,1,0,0,0,0,1.0,0,0.0,0,0,1,2.0,0.0,0.0,0.0,0.0,0.0,0.0,0.9375,0.0,1,0
2.0,1.0,0.0,2,0.0,0,0.0,0.0,1.0,0.0,1,0,0,0,0,1.0,0,0.0,0,0,1,2.0,0.0,0.0,0.0,0.0,0.0,0.0,0.9375,0.0,1,0
2.0,1.0,0.0,2,0.0,0,0.0,0.0,1.0,0.0,1,0,0,0,0,1.0,0,0.0,0,0,1,2.0,0.0,0.0,0.0,0.0,0.0,0.0,0.9375,0.0,1,0
21.5,3.5,7.0,18,7.5,10,2.5,7.5,25.5,29.5,6,5,6,5,1,2.0,5,0.3333,1,1,18,50.5,0.2716049382716049,0.1481481481481481,0.0,0.2530864197530864,0.0,0.0,0.2345679012345679,0.0925925925925925,1,0
4.0,2.0,1.0,5,0.0,1,0.0,2.0,3.0,2.0,1,1,3,2,2,2.0,1,0.6189,1,1,3,7.0,0.1428571428571428,0.0,0.0,0.0,0.0,0.0,0.8571428571428571,0.0,1,0
4.0,2.0,1.0,4,0.0,1,0.0,3.0,3.0,2.0,1,1,3,2,2,2.0,1,0.6189,1,1,3,11.0,0.0909090909090909,0.0,0.0,0.0,0.0,0.0,0.9090909090909092,0.0,1,0
8.0,3.0,4.0,6,0.0,1,0.0,0.0,7.0,7.0,2,1,1,1,0,1.0,1,0.1429,0,1,7,4.0,0.25,0.0,0.0,0.0,0.0,0.0,0.0,0.357142857142857,1,0
4.0,1.0,1.0,6,0.0,0,0.0,0.0,3.0,2.0,1,0,0,0,0,1.0,0,0.0,0,0,3,1.0,0.0,0.0,0.0,0.0,0.0,0.0,0.0,0.357142857142857,1,0
4.0,0.0,0.0,4,0.0,1,0.0,0.0,3.0,3.0,2,1,1,1,0,1.0,1,0.3333,0,1,3,2.0,0.5,0.0,0.0,0.0,0.0,0.0,0.0,0.357142857142857,1,0
13.0,3.0,2.0,8,0.0,5,0.0,1.0,22.0,24.0,4,3,3,3,0,0.0,3,0.1364,0,1,13,7.0,0.7142857142857143,0.0,0.0,0.0,0.0,0.0,0.0,0.2857142857142857,1,0
7.0,0.0,2.0,6,2.0,3,0.0,2.0,7.0,8.0,3,0,1,1,1,0.0,0,0.1429,1,1,6,10.0,0.3,0.0,0.0,0.0,0.0,0.0,0.4,0.3,1,0
17.0,3.0,6.0,15,1.0,3,0.0,1.0,18.0,20.0,4,3,4,4,1,1.0,3,0.2222,1,1,15,8.0,0.375,0.0,0.0,0.0,0.0,0.0,0.0,0.357142857142857,1,0
19.0,3.5,7.0,17,1.0,3,0.0,1.0,18.0,20.0,4,3,4,4,1,1.0,3,0.2222,1,1,15,8.0,0.375,0.0,0.0,0.0,0.0,0.0,0.0,0.357142857142857,1,0
21.5,0.0,7.5,18,3.0,10,0.0,7.5,25.5,29.5,6,5,6,5,2,1.0,4,0.122,1,1,18,50.5,0.4615384615384615,0.0,0.0,0.0,0.0,0.0,0.4923076923076923,0.0461538461538461,1,0
21.5,2.0,7.0,18,7.5,10,2.5,6.0,25.5,29.5,6,5,6,4,3,1.0,3,0.25,1,1,18,50.5,0.3888888888888889,0.1481481481481481,0.0,0.2407407407407407,0.0,0.0,0.1203703703703703,0.1018518518518518,1,0
6.0,2.0,1.0,6,0.0,0,0.0,0.0,5.0,5.0,2,1,1,1,0,1.0,1,0.2,0,1,5,5.0,0.0,0.0,0.0,0.4,0.0,0.0,0.0,0.357142857142857,1,0
6.0,2.0,3.0,3,2.0,1,0.0,1.0,7.0,7.0,2,0,1,1,2,1.0,0,0.1429,1,1,5,6.0,0.5,0.0,0.0,0.0,0.0,0.0,0.3333333333333333,0.1666666666666666,1,0
13.0,1.0,1.0,6,0.0,6,2.5,0.0,6.0,5.0,1,2,2,1,1,3.0,2,0.3333,1,1,6,44.0,0.2727272727272727,0.0,0.0,0.4166666666666665,0.0,0.0,0.0909090909090909,0.0,1,0
8.0,0.0,1.0,4,0.0,0,0.0,5.0,7.0,6.0,1,0,3,3,3,1.0,0,0.4286,1,1,7,19.0,0.0,0.0,0.0,0.2105263157894736,0.0,0.0,0.5263157894736842,0.2631578947368421,1,0
3.0,1.0,0.0,3,0.0,0,0.0,0.0,2.0,1.0,1,0,0,0,0,0.0,0,0.0,0,0,2,2.0,0.0,0.0,0.0,0.0,0.0,0.0,0.0,0.357142857142857,1,0
2.0,1.0,0.0,2,0.0,2,1.0,1.0,1.0,0.0,1,0,0,0,0,1.0,0,0.0,0,0,1,9.0,0.3333333333333333,0.0,0.0,0.4166666666666665,0.0,0.0,0.2222222222222222,0.0,1,0
12.0,1.0,3.0,11,4.0,2,0.0,3.0,13.0,14.0,3,3,4,2,2,3.0,2,0.3077,1,1,11,17.0,0.3529411764705882,0.0,0.0,0.2352941176470588,0.0,0.0,0.3529411764705882,0.0588235294117647,1,0
8.0,1.0,2.0,7,2.0,4,1.0,2.0,9.0,9.0,2,2,3,1,2,3.0,2,0.3333,1,1,7,20.0,0.45,0.0,0.0,0.15,0.0,0.0,0.4,0.0,1,0
2.0,1.0,0.0,2,0.0,1,0.0,0.0,1.0,0.0,1,0,1,1,1,1.0,0,0.6189,1,1,1,1.0,1.0,0.0,0.0,0.0,0.0,0.0,0.0,0.0,1,0
3.0,1.0,1.0,3,0.0,0,0.0,0.0,2.0,1.0,1,0,0,0,0,1.0,0,0.0,0,0,2,2.0,0.0,0.0,0.0,0.4166666666666665,0.0,0.0,0.0,0.0,1,0
2.0,1.0,0.0,2,0.0,1,0.0,0.0,1.0,0.0,1,0,0,0,0,1.0,0,0.0,0,0,1,1.0,1.0,0.0,0.0,0.0,0.0,0.0,0.0,0.0,1,0
5.0,2.0,1.0,5,0.0,0,0.0,0.0,4.0,3.0,1,1,1,0,0,2.0,1,0.25,0,1,4,3.0,0.0,0.0,0.0,0.4166666666666665,0.0,0.0,0.0,0.3333333333333333,1,0
5.0,1.0,0.0,4,0.0,2,0.0,1.0,4.0,3.0,1,1,1,0,0,2.0,1,0.25,0,1,4,6.0,0.5,0.0,0.0,0.0,0.0,0.0,0.3333333333333333,0.1666666666666666,1,0
2.0,1.0,0.0,2,0.0,1,0.0,0.0,1.0,0.0,1,0,0,0,0,1.0,0,0.0,0,0,1,1.0,1.0,0.0,0.0,0.0,0.0,0.0,0.0,0.0,1,0
14.0,2.0,3.0,13,5.0,7,2.5,4.0,12.0,14.0,4,3,5,3,2,3.0,3,0.4167,1,1,12,35.0,0.4,0.0,0.0,0.3142857142857143,0.0,0.0,0.2285714285714285,0.0571428571428571,1,0
13.0,2.0,2.0,13,7.0,7,2.5,7.5,11.0,13.0,4,3,5,3,2,3.0,3,0.4545,1,1,11,50.5,0.2745098039215686,0.1568627450980392,0.0,0.2156862745098039,0.0,0.0,0.3137254901960784,0.0392156862745098,1,0
8.0,2.0,2.0,4,2.0,3,1.0,2.0,9.0,9.0,2,1,2,1,2,2.0,1,0.2222,1,1,7,14.0,0.4285714285714285,0.0,0.0,0.2142857142857142,0.0,0.0,0.2857142857142857,0.0714285714285714,1,0
2.0,2.0,1.0,2,0.0,2,0.0,0.0,1.0,0.0,1,0,1,1,1,1.0,0,0.6189,1,1,1,2.0,1.0,0.0,0.0,0.0,0.0,0.0,0.0,0.0,1,0
2.0,2.0,1.0,2,0.0,2,0.0,0.0,1.0,0.0,1,0,1,1,1,1.0,0,0.6189,1,1,1,2.0,1.0,0.0,0.0,0.0,0.0,0.0,0.0,0.0,1,0
4.0,2.0,1.0,4,1.0,0,0.0,1.0,3.0,2.0,1,1,2,1,1,2.0,1,0.6189,1,1,3,4.0,0.0,0.0,0.0,0.4166666666666665,0.0,0.0,0.5,0.0,1,0
4.0,3.0,2.0,4,1.0,0,0.0,1.0,3.0,2.0,1,1,2,1,1,2.0,1,0.6189,1,1,3,4.0,0.0,0.0,0.0,0.4166666666666665,0.0,0.0,0.5,0.0,1,0
4.0,2.0,1.0,3,1.0,2,1.0,1.0,3.0,2.0,1,1,2,1,1,2.0,1,0.6189,1,1,3,8.0,0.25,0.0,0.0,0.4166666666666665,0.0,0.0,0.25,0.0,1,0
14.0,3.0,4.0,7,3.0,6,2.0,6.0,12.0,12.0,2,3,4,1,1,3.5,3,0.3333,1,1,12,39.0,0.3333333333333333,0.1025641025641025,0.0,0.2051282051282051,0.0,0.0,0.3076923076923077,0.0512820512820512,1,0
6.0,3.0,2.0,7,1.0,4,2.0,2.0,5.0,4.0,1,2,3,1,1,3.0,2,0.6,1,1,5,19.0,0.3684210526315789,0.0,0.0,0.4166666666666665,0.0,0.0,0.2105263157894736,0.0,1,0
4.0,2.0,1.0,4,1.0,0,0.0,1.0,3.0,2.0,1,1,2,1,1,2.0,1,0.6189,1,1,3,4.0,0.0,0.0,0.0,0.4166666666666665,0.0,0.0,0.5,0.0,1,0
4.0,3.0,2.0,4,1.0,0,0.0,1.0,3.0,2.0,1,1,2,1,1,2.0,1,0.6189,1,1,3,4.0,0.0,0.0,0.0,0.4166666666666665,0.0,0.0,0.5,0.0,1,0
4.0,2.0,1.0,3,1.0,2,1.0,1.0,3.0,2.0,1,1,2,1,1,2.0,1,0.6189,1,1,3,8.0,0.25,0.0,0.0,0.4166666666666665,0.0,0.0,0.25,0.0,1,0
4.0,3.0,2.0,3,1.0,2,1.0,1.0,3.0,2.0,1,1,2,1,1,2.0,1,0.6189,1,1,3,8.0,0.25,0.0,0.0,0.4166666666666665,0.0,0.0,0.25,0.0,1,0
4.0,2.0,1.0,4,0.0,1,0.0,1.0,3.0,2.0,1,1,1,0,0,2.0,1,0.3333,0,1,3,8.0,0.375,0.0,0.0,0.25,0.0,0.0,0.375,0.0,1,0
4.0,2.0,1.0,3,0.0,3,1.0,1.0,3.0,2.0,1,1,1,0,0,2.0,1,0.3333,0,1,3,12.0,0.4166666666666667,0.0,0.0,0.3333333333333333,0.0,0.0,0.25,0.0,1,0
9.0,2.0,4.0,7,3.0,3,1.0,2.0,10.0,10.0,2,2,3,1,2,3.0,2,0.3,1,1,8,23.0,0.217391304347826,0.1739130434782608,0.0,0.2608695652173913,0.0,0.0,0.3478260869565217,0.0,1,0
9.0,2.0,4.0,9,6.0,3,1.0,4.0,12.0,13.0,3,2,4,2,4,3.0,2,0.3333,1,1,8,20.0,0.4,0.0,0.0,0.2,0.0,0.0,0.4,0.0,1,0
4.0,2.0,1.0,6,1.0,0,1.0,1.0,3.0,2.0,1,1,2,1,1,2.0,1,0.6189,1,1,3,6.0,0.0,0.0,0.0,0.4166666666666665,0.0,0.0,0.3333333333333333,0.0,1,0
9.0,2.0,4.0,8,4.0,7,2.5,4.0,12.0,13.0,3,2,4,2,4,3.0,2,0.3333,1,1,8,37.0,0.3783783783783784,0.0,0.0,0.3243243243243243,0.0,0.0,0.2972972972972973,0.0,1,0
4.0,2.0,1.0,4,0.0,1,0.0,0.0,3.0,2.0,1,1,2,1,1,2.0,1,0.6189,1,1,3,2.0,0.5,0.0,0.0,0.0,0.0,0.0,0.5,0.0,1,0
10.0,2.0,4.0,9,6.0,3,1.0,4.0,14.0,15.0,3,2,4,3,3,3.0,2,0.2857,1,1,9,20.0,0.4,0.0,0.0,0.2,0.0,0.0,0.4,0.0,1,0
7.0,2.0,2.0,9,4.0,2,1.0,4.0,8.0,8.0,2,2,3,1,2,3.0,2,0.375,1,1,6,18.0,0.3333333333333333,0.0,0.0,0.2222222222222222,0.0,0.0,0.4444444444444444,0.0,1,0
8.0,2.0,1.0,6,1.0,5,1.0,3.0,7.0,6.0,1,3,3,0,0,3.5,3,0.4286,0,1,7,22.0,0.4090909090909091,0.0,0.0,0.1818181818181818,0.0,0.0,0.4090909090909091,0.0,1,0
4.0,2.0,1.0,4,0.0,2,1.0,0.0,3.0,2.0,1,1,2,1,1,2.0,1,0.6189,1,1,3,7.0,0.2857142857142857,0.0,0.0,0.4166666666666665,0.0,0.0,0.1428571428571428,0.0,1,0
11.0,2.0,6.0,7,4.0,5,1.0,2.0,14.0,15.0,3,2,4,2,4,3.0,2,0.2857,1,1,10,22.0,0.5,0.0,0.0,0.1818181818181818,0.0,0.0,0.3181818181818182,0.0,1,0
4.0,2.0,1.0,4,0.0,2,1.0,0.0,3.0,2.0,1,1,2,1,1,2.0,1,0.6189,1,1,3,7.0,0.2857142857142857,0.0,0.0,0.4166666666666665,0.0,0.0,0.1428571428571428,0.0,1,0
16.0,2.0,6.0,8,5.0,7,1.0,5.0,17.0,20.0,5,4,5,2,2,2.0,4,0.2941,1,1,15,28.0,0.5,0.0,0.0,0.1428571428571428,0.0,0.0,0.2857142857142857,0.0714285714285714,1,0
14.0,2.0,6.0,6,4.0,5,1.0,4.0,15.0,17.0,4,3,4,2,2,2.0,3,0.2667,1,1,13,21.0,0.4285714285714285,0.0,0.0,0.1904761904761904,0.0,0.0,0.2857142857142857,0.0952380952380952,1,0
10.0,2.0,1.0,8,1.0,4,0.0,3.0,9.0,10.0,3,4,5,3,1,3.0,4,0.5556,1,1,9,22.0,0.4545454545454545,0.1818181818181818,0.0,0.0,0.0,0.0,0.2727272727272727,0.0909090909090909,1,0
16.0,3.0,2.0,13,2.0,7,0.0,6.0,15.0,19.0,6,5,6,5,1,3.0,5,0.5333,1,1,15,44.0,0.4318181818181818,0.1818181818181818,0.0,0.0,0.0,0.0,0.2727272727272727,0.1136363636363636,1,0
8.0,2.0,1.0,6,0.0,3,0.0,2.0,7.0,6.0,1,3,3,0,0,3.5,3,0.4286,0,1,7,11.0,0.6363636363636364,0.0,0.0,0.0,0.0,0.0,0.3636363636363636,0.0,1,0
8.0,2.0,1.0,7,1.0,3,0.0,1.0,7.0,6.0,1,3,3,0,0,3.5,3,0.4286,0,1,7,13.0,0.5384615384615384,0.3076923076923077,0.0,0.0,0.0,0.0,0.1538461538461538,0.0,1,0
10.0,3.0,2.0,9,2.0,5,1.0,3.0,9.0,9.0,2,4,4,1,0,3.5,4,0.4444,0,1,9,32.0,0.40625,0.25,0.0,0.125,0.0,0.0,0.1875,0.03125,1,0
9.0,2.0,2.0,8,1.0,3,1.0,3.0,8.0,7.0,1,3,3,0,0,3.5,3,0.375,0,1,8,16.0,0.375,0.0,0.0,0.25,0.0,0.0,0.375,0.0,1,0
9.0,2.0,2.0,8,2.0,2,0.0,1.0,8.0,7.0,1,3,3,0,0,3.5,3,0.375,0,1,8,12.0,0.3333333333333333,0.3333333333333333,0.0,0.1666666666666666,0.0,0.0,0.1666666666666666,0.0,1,0
7.0,2.0,2.0,7,1.0,1,1.0,2.0,6.0,5.0,1,2,2,0,0,3.0,2,0.3333,0,1,6,11.0,0.2727272727272727,0.0,0.0,0.3636363636363636,0.0,0.0,0.3636363636363636,0.0,1,0
9.0,2.0,2.0,11,3.0,2,1.0,1.0,8.0,7.0,1,3,3,0,0,3.5,3,0.375,0,1,8,24.0,0.25,0.3333333333333333,0.0,0.3333333333333333,0.0,0.0,0.0833333333333333,0.0,1,0
9.0,3.0,4.0,9,4.0,5,2.0,2.0,8.0,8.0,2,3,3,1,0,3.0,3,0.375,0,1,8,29.0,0.3103448275862069,0.2758620689655172,0.0,0.2758620689655172,0.0,0.0,0.1379310344827586,0.0,1,0
21.5,3.0,7.5,18,2.0,9,2.0,4.0,22.0,24.0,4,5,6,2,1,3.5,5,0.2727,1,1,18,42.0,0.3095238095238095,0.1904761904761904,0.0,0.238095238095238,0.0,0.0,0.1904761904761904,0.0714285714285714,1,0
2.0,1.0,0.0,2,1.0,0,0.0,1.0,1.0,0.0,1,0,1,1,1,1.0,0,0.6189,1,1,1,2.0,0.0,0.0,0.0,0.0,0.0,0.0,0.9375,0.0,1,0
2.0,3.0,2.0,2,0.0,0,0.0,0.0,1.0,0.0,1,0,0,0,0,1.0,0,0.0,0,0,1,1.0,0.0,0.0,0.0,0.0,0.0,0.0,0.9375,0.0,1,0
2.0,2.0,1.0,2,0.0,0,0.0,0.0,1.0,0.0,1,0,0,0,0,1.0,0,0.0,0,0,1,1.0,0.0,0.0,0.0,0.0,0.0,0.0,0.9375,0.0,1,0
21.5,3.0,6.0,15,4.0,8,2.5,3.0,23.0,26.0,5,5,6,3,1,3.0,4,0.2609,1,1,18,42.0,0.238095238095238,0.0,0.0,0.2857142857142857,0.0,0.0,0.2857142857142857,0.1904761904761904,1,0
2.0,2.0,1.0,2,1.0,0,0.0,1.0,1.0,0.0,1,0,0,0,0,1.0,0,0.0,0,0,1,3.0,0.0,0.0,0.0,0.0,0.0,0.0,0.9375,0.0,1,0
21.5,3.5,7.5,18,7.5,10,2.5,7.0,25.5,29.5,6,5,6,5,3,3.0,5,0.2931,1,1,18,50.5,0.2831858407079646,0.0,0.0,0.1946902654867256,0.0,0.0,0.2743362831858407,0.247787610619469,1,0
2.0,2.0,1.0,2,1.0,0,0.0,1.0,1.0,0.0,1,0,0,0,0,1.0,0,0.0,0,0,1,3.0,0.0,0.0,0.0,0.0,0.0,0.0,0.9375,0.0,1,0
21.5,3.5,7.5,18,3.0,10,1.0,7.0,25.5,29.5,6,5,6,2,1,3.5,5,0.2812,1,1,18,50.5,0.3278688524590163,0.1311475409836065,0.0,0.0983606557377049,0.0,0.0,0.2295081967213114,0.2131147540983606,1,0
2.0,3.0,2.0,2,0.0,0,0.0,0.0,1.0,0.0,1,0,0,0,0,1.0,0,0.0,0,0,1,1.0,0.0,0.0,0.0,0.0,0.0,0.0,0.9375,0.0,1,0
2.0,3.0,2.0,2,0.0,0,0.0,0.0,1.0,0.0,1,0,0,0,0,1.0,0,0.0,0,0,1,1.0,0.0,0.0,0.0,0.0,0.0,0.0,0.9375,0.0,1,0
2.0,1.0,0.0,2,1.0,0,0.0,1.0,1.0,0.0,1,0,0,0,0,1.0,0,0.0,0,0,1,3.0,0.0,0.0,0.0,0.0,0.0,0.0,0.9375,0.0,1,0
2.0,2.0,1.0,2,0.0,0,0.0,0.0,1.0,0.0,1,0,0,0,0,1.0,0,0.0,0,0,1,1.0,0.0,0.0,0.0,0.0,0.0,0.0,0.9375,0.0,1,0
2.0,2.0,1.0,2,1.0,0,0.0,1.0,1.0,0.0,1,0,0,0,0,1.0,0,0.0,0,0,1,3.0,0.0,0.0,0.0,0.0,0.0,0.0,0.9375,0.0,1,0
2.0,3.0,2.0,2,0.0,0,0.0,0.0,1.0,0.0,1,0,0,0,0,1.0,0,0.0,0,0,1,1.0,0.0,0.0,0.0,0.0,0.0,0.0,0.9375,0.0,1,0
2.0,1.0,0.0,2,0.0,0,0.0,0.0,1.0,0.0,1,0,1,1,1,1.0,0,0.6189,1,1,1,1.0,0.0,0.0,0.0,0.0,0.0,0.0,0.9375,0.0,1,0
21.5,2.0,6.0,18,7.0,10,2.0,4.0,24.0,27.0,5,5,6,3,2,3.0,5,0.25,1,1,18,50.5,0.3,0.3333333333333333,0.0,0.1333333333333333,0.0,0.0,0.1333333333333333,0.1,1,0
2.0,1.0,0.0,2,0.0,0,0.0,0.0,1.0,0.0,1,0,0,0,0,1.0,0,0.0,0,0,1,1.0,0.0,0.0,0.0,0.0,0.0,0.0,0.9375,0.0,1,0
4.0,2.0,0.0,3,0.0,1,0.0,1.0,3.0,2.0,1,1,2,1,1,2.0,1,0.6189,1,1,3,3.0,0.3333333333333333,0.0,0.0,0.0,0.0,0.0,0.6666666666666666,0.0,1,0
4.0,2.0,0.0,3,0.0,1,0.0,1.0,3.0,2.0,1,1,2,1,1,2.0,1,0.6189,1,1,3,3.0,0.3333333333333333,0.0,0.0,0.0,0.0,0.0,0.6666666666666666,0.0,1,0
14.0,3.5,5.0,12,4.0,6,0.0,3.0,15.0,17.0,4,4,5,3,2,3.0,4,0.3333,1,1,13,29.0,0.4137931034482758,0.2758620689655172,0.0,0.0,0.0,0.0,0.2068965517241379,0.1034482758620689,1,0
17.0,3.5,5.0,14,4.0,7,0.0,2.0,17.0,20.0,5,5,6,4,2,3.0,5,0.3529,1,1,15,29.0,0.4482758620689655,0.2758620689655172,0.0,0.0,0.0,0.0,0.1379310344827586,0.1379310344827586,1,0
17.0,2.0,3.0,18,0.0,5,0.0,1.0,16.0,18.0,4,5,6,1,1,3.5,5,0.375,1,1,16,12.0,0.25,0.0,0.0,0.3333333333333333,0.0,0.0,0.1666666666666666,0.25,1,0
18.0,2.0,3.0,18,0.0,6,0.0,1.0,17.0,20.0,5,5,6,2,1,3.5,5,0.4118,1,1,17,13.0,0.3076923076923077,0.0,0.0,0.3076923076923077,0.0,0.0,0.1538461538461538,0.2307692307692307,1,0
4.0,2.0,0.0,4,0.0,3,0.0,0.0,3.0,2.0,1,1,2,1,1,2.0,1,0.6189,1,1,3,1.0,1.0,0.0,0.0,0.0,0.0,0.0,0.0,0.0,1,0
4.0,2.0,0.0,4,0.0,3,0.0,0.0,3.0,2.0,1,1,2,1,1,2.0,1,0.6189,1,1,3,1.0,1.0,0.0,0.0,0.0,0.0,0.0,0.0,0.0,1,0
6.0,2.0,1.0,8,0.0,0,1.0,0.0,5.0,4.0,1,2,2,0,0,3.0,2,0.4,0,1,5,6.0,0.0,0.0,0.0,0.4166666666666665,0.0,0.0,0.0,0.0,1,0
6.0,2.0,1.0,8,0.0,0,1.0,0.0,5.0,4.0,1,2,2,0,0,3.0,2,0.4,0,1,5,6.0,0.0,0.0,0.0,0.4166666666666665,0.0,0.0,0.0,0.0,1,0
2.0,2.0,1.0,2,0.0,0,0.0,0.0,1.0,0.0,1,0,0,0,0,1.0,0,0.0,0,0,1,1.0,0.0,0.0,0.0,0.0,0.0,0.0,0.9375,0.0,1,0
6.0,2.0,1.0,9,1.0,0,1.0,1.0,5.0,4.0,1,2,2,0,0,3.0,2,0.4,0,1,5,12.0,0.0,0.3333333333333333,0.0,0.4166666666666665,0.0,0.0,0.1666666666666666,0.0,1,0
6.0,2.0,1.0,9,1.0,0,1.0,1.0,5.0,4.0,1,2,2,0,0,3.0,2,0.4,0,1,5,12.0,0.0,0.3333333333333333,0.0,0.4166666666666665,0.0,0.0,0.1666666666666666,0.0,1,0
2.0,2.0,1.0,2,0.0,0,0.0,0.0,1.0,0.0,1,0,0,0,0,1.0,0,0.0,0,0,1,1.0,0.0,0.0,0.0,0.0,0.0,0.0,0.9375,0.0,1,0
4.0,2.0,1.0,5,1.0,0,1.0,1.0,3.0,2.0,1,1,1,0,0,2.0,1,0.3333,0,1,3,6.0,0.0,0.0,0.0,0.4166666666666665,0.0,0.0,0.3333333333333333,0.0,1,0
20.0,3.5,7.5,18,7.0,8,2.5,7.5,19.0,20.0,3,3,4,2,1,3.0,3,0.2105,1,1,18,50.5,0.2972972972972973,0.1621621621621621,0.0,0.1621621621621621,0.0,0.0,0.2972972972972973,0.081081081081081,1,0
9.0,2.0,3.0,8,5.0,3,1.0,4.0,10.0,11.0,3,2,3,2,2,2.0,2,0.3,1,1,8,20.0,0.35,0.0,0.0,0.2,0.0,0.0,0.4,0.05,1,0
2.0,3.0,2.0,2,0.0,0,0.0,1.0,1.0,0.0,1,0,0,0,0,1.0,0,0.0,0,0,1,2.0,0.0,0.0,0.0,0.0,0.0,0.0,0.9375,0.0,1,0
2.0,3.0,2.0,2,1.0,0,0.0,1.0,1.0,0.0,1,0,1,1,1,1.0,0,0.6189,1,1,1,2.0,0.0,0.0,0.0,0.0,0.0,0.0,0.9375,0.0,1,0
2.0,3.0,1.0,2,0.0,0,0.0,1.0,1.0,0.0,1,0,1,1,1,1.0,0,0.6189,1,1,1,3.0,0.0,0.0,0.0,0.0,0.0,0.0,0.9375,0.0,1,0
21.5,3.5,7.5,18,7.5,10,2.5,7.5,25.5,29.5,6,5,6,5,5,3.5,5,0.2603,1,1,18,50.5,0.3004694835680751,0.1126760563380281,0.0,0.2535211267605634,0.0,0.0,0.2535211267605634,0.0798122065727699,1,0
3.0,3.0,2.0,2,0.0,1,0.0,1.0,2.0,1.0,1,0,0,0,0,1.0,0,0.0,0,0,2,4.0,0.25,0.0,0.0,0.0,0.0,0.0,0.75,0.0,1,0
4.0,3.0,2.0,3,0.0,1,0.0,0.0,3.0,2.0,1,1,1,0,0,2.0,1,0.3333,0,1,3,1.0,1.0,0.0,0.0,0.0,0.0,0.0,0.0,0.0,1,0
21.0,3.0,7.5,18,2.0,4,1.0,2.0,21.0,24.0,5,5,6,3,2,3.0,4,0.2857,1,1,18,26.0,0.3846153846153846,0.0,0.0,0.2307692307692307,0.0,0.0,0.2307692307692307,0.1538461538461538,1,0
21.5,3.5,5.0,17,4.0,7,0.0,6.0,18.0,23.0,6,5,6,5,0,2.0,5,0.3889,0,1,18,50.5,0.3269230769230769,0.3076923076923077,0.0,0.0,0.0,0.0,0.2307692307692307,0.1346153846153846,1,0
16.0,1.0,3.0,14,6.0,6,1.0,5.0,15.0,17.0,4,5,6,1,0,3.5,4,0.4,0,1,15,43.0,0.4186046511627907,0.1860465116279069,0.0,0.1162790697674418,0.0,0.0,0.2325581395348837,0.0465116279069767,1,0
6.0,2.0,1.0,8,1.0,1,1.0,1.0,5.0,4.0,1,2,2,0,0,3.0,2,0.4,0,1,5,13.0,0.0769230769230769,0.3076923076923077,0.0,0.4166666666666665,0.0,0.0,0.1538461538461538,0.0,1,0
13.0,1.0,4.0,10,3.0,4,0.0,6.0,12.0,12.0,2,4,4,1,0,3.5,4,0.3333,0,1,12,34.0,0.2941176470588235,0.3529411764705882,0.0,0.0,0.0,0.0,0.3529411764705882,0.0,1,0
21.5,2.0,7.5,18,7.5,9,2.0,7.5,25.5,29.5,4,4,6,3,5,3.5,4,0.2424,1,1,18,50.5,0.2873563218390804,0.2298850574712643,0.0,0.0919540229885057,0.0,0.0,0.3448275862068966,0.0459770114942528,1,0
7.0,2.0,2.0,5,3.0,2,0.0,3.0,10.0,11.0,3,1,2,2,2,1.0,1,0.2,1,1,6,10.0,0.5,0.0,0.0,0.0,0.0,0.0,0.4,0.1,1,0
6.0,3.0,3.0,5,1.0,2,1.0,0.0,4.0,3.0,1,1,3,2,2,2.0,1,0.6189,1,1,4,6.0,0.3333333333333333,0.0,0.0,0.4166666666666665,0.0,0.0,0.0,0.0,1,0
9.0,3.0,3.0,9,1.0,3,0.0,1.0,8.0,7.0,1,3,4,1,1,3.5,3,0.5,1,1,8,13.0,0.5384615384615384,0.3076923076923077,0.0,0.0,0.0,0.0,0.1538461538461538,0.0,1,0
21.5,3.0,6.0,18,4.0,7,1.0,6.0,22.0,23.0,3,5,6,3,3,3.5,5,0.3636,1,1,18,45.0,0.4222222222222222,0.1777777777777777,0.0,0.1333333333333333,0.0,0.0,0.2222222222222222,0.0444444444444444,1,0
9.0,3.0,3.0,9,1.0,3,0.0,1.0,8.0,7.0,1,3,4,1,1,3.5,3,0.5,1,1,8,13.0,0.5384615384615384,0.3076923076923077,0.0,0.0,0.0,0.0,0.1538461538461538,0.0,1,0
21.5,3.0,6.0,18,4.0,7,1.0,6.0,22.0,23.0,3,5,6,3,3,3.5,5,0.3636,1,1,18,45.0,0.4222222222222222,0.1777777777777777,0.0,0.1333333333333333,0.0,0.0,0.2222222222222222,0.0444444444444444,1,0
2.0,1.0,0.0,2,0.0,1,0.0,1.0,1.0,0.0,1,0,1,1,1,1.0,0,0.6189,1,1,1,3.0,0.3333333333333333,0.0,0.0,0.0,0.0,0.0,0.6666666666666666,0.0,1,0
10.0,3.0,4.0,6,3.0,3,1.0,3.0,9.0,8.0,1,2,2,0,0,3.0,2,0.2222,0,1,9,31.0,0.2258064516129032,0.3870967741935484,0.0,0.1290322580645161,0.0,0.0,0.1935483870967742,0.064516129032258,1,0
12.0,3.0,4.0,8,3.0,3,1.0,4.0,11.0,11.0,2,3,3,1,0,3.0,3,0.2727,0,1,11,34.0,0.2058823529411764,0.3529411764705882,0.0,0.1764705882352941,0.0,0.0,0.1764705882352941,0.088235294117647,1,0
4.0,1.0,0.0,3,0.0,1,0.0,0.0,3.0,2.0,1,1,1,0,0,2.0,1,0.3333,0,1,3,1.0,1.0,0.0,0.0,0.0,0.0,0.0,0.0,0.0,1,0
4.0,2.0,1.0,3,0.0,1,0.0,0.0,3.0,2.0,1,1,1,0,0,2.0,1,0.3333,0,1,3,1.0,1.0,0.0,0.0,0.0,0.0,0.0,0.0,0.0,1,0
4.0,1.0,0.0,3,0.0,1,0.0,0.0,3.0,2.0,1,1,1,0,0,2.0,1,0.3333,0,1,3,1.0,1.0,0.0,0.0,0.0,0.0,0.0,0.0,0.0,1,0
4.0,2.0,1.0,3,0.0,1,0.0,0.0,3.0,2.0,1,1,1,0,0,2.0,1,0.3333,0,1,3,1.0,1.0,0.0,0.0,0.0,0.0,0.0,0.0,0.0,1,0
8.0,1.0,1.0,10,0.0,2,1.0,3.0,4.0,3.0,1,1,1,0,0,2.0,1,0.25,0,1,4,12.0,0.25,0.0,0.0,0.25,0.0,0.0,0.5,0.0,1,0
8.0,1.0,1.0,10,0.0,2,1.0,3.0,4.0,3.0,1,1,1,0,0,2.0,1,0.25,0,1,4,12.0,0.25,0.0,0.0,0.25,0.0,0.0,0.5,0.0,1,0
16.0,1.0,4.0,17,2.0,3,1.0,3.0,17.0,20.0,5,4,5,2,2,2.0,4,0.2941,1,1,15,24.0,0.25,0.0,0.0,0.375,0.0,0.0,0.1666666666666666,0.2083333333333333,1,0
9.0,2.0,3.0,7,3.0,1,1.0,4.0,8.0,8.0,2,1,2,1,1,2.0,1,0.25,1,1,8,17.0,0.1764705882352941,0.0,0.0,0.2352941176470588,0.0,0.0,0.4705882352941176,0.1176470588235294,1,0
8.0,1.0,2.0,7,2.0,3,0.0,1.0,9.0,9.0,2,2,3,1,2,3.0,2,0.3333,1,1,7,13.0,0.5384615384615384,0.0,0.0,0.0,0.0,0.0,0.4615384615384615,0.0,1,0
8.0,1.0,2.0,8,2.0,4,1.0,1.0,9.0,9.0,2,2,3,1,2,3.0,2,0.3333,1,1,7,20.0,0.5,0.0,0.0,0.2,0.0,0.0,0.3,0.0,1,0
8.0,1.0,2.0,7,2.0,3,0.0,1.0,9.0,9.0,2,2,3,1,2,3.0,2,0.3333,1,1,7,13.0,0.5384615384615384,0.0,0.0,0.0,0.0,0.0,0.4615384615384615,0.0,1,0
8.0,1.0,2.0,8,2.0,4,1.0,1.0,9.0,9.0,2,2,3,1,2,3.0,2,0.3333,1,1,7,20.0,0.5,0.0,0.0,0.2,0.0,0.0,0.3,0.0,1,0
8.0,1.0,2.0,7,2.0,3,0.0,1.0,9.0,9.0,2,2,3,2,3,3.0,2,0.3333,1,1,7,13.0,0.5384615384615384,0.0,0.0,0.0,0.0,0.0,0.4615384615384615,0.0,1,0
8.0,1.0,2.0,7,2.0,3,0.0,1.0,9.0,9.0,2,2,3,1,2,3.0,2,0.3333,1,1,7,13.0,0.5384615384615384,0.0,0.0,0.0,0.0,0.0,0.4615384615384615,0.0,1,0
8.0,1.0,2.0,8,2.0,4,1.0,1.0,9.0,9.0,2,2,3,1,2,3.0,2,0.3333,1,1,7,20.0,0.5,0.0,0.0,0.2,0.0,0.0,0.3,0.0,1,0
8.0,1.0,2.0,7,2.0,3,0.0,1.0,9.0,9.0,2,2,3,2,3,3.0,2,0.3333,1,1,7,13.0,0.5384615384615384,0.0,0.0,0.0,0.0,0.0,0.4615384615384615,0.0,1,0
8.0,1.0,2.0,8,2.0,3,1.0,1.0,9.0,9.0,2,2,3,1,2,3.0,2,0.3333,1,1,7,17.0,0.4117647058823529,0.0,0.0,0.2352941176470588,0.0,0.0,0.3529411764705882,0.0,1,0
8.0,1.0,2.0,8,2.0,3,1.0,1.0,9.0,9.0,2,2,3,1,2,3.0,2,0.3333,1,1,7,17.0,0.4117647058823529,0.0,0.0,0.2352941176470588,0.0,0.0,0.3529411764705882,0.0,1,0
2.0,2.0,1.0,2,0.0,0,0.0,0.0,1.0,0.0,1,0,0,0,0,1.0,0,0.0,0,0,1,2.0,0.0,0.0,0.0,0.4166666666666665,0.0,0.0,0.0,0.0,1,0
4.0,1.0,0.0,5,0.0,1,0.0,0.0,3.0,2.0,1,1,2,1,1,2.0,1,0.6189,1,1,3,1.0,1.0,0.0,0.0,0.0,0.0,0.0,0.0,0.0,1,0
6.0,2.0,1.0,5,0.0,1,0.0,0.0,5.0,4.0,1,1,1,0,0,2.0,1,0.2,0,1,5,2.0,0.5,0.0,0.0,0.0,0.0,0.0,0.0,0.357142857142857,1,0
2.0,2.0,1.0,2,0.0,0,0.0,1.0,1.0,0.0,1,0,1,1,1,1.0,0,0.6189,1,1,1,2.0,0.0,0.0,0.0,0.0,0.0,0.0,0.9375,0.0,1,0
18.0,3.0,2.0,18,7.5,8,0.0,7.5,19.0,22.0,5,5,6,5,1,3.5,5,0.4737,1,1,17,50.5,0.2619047619047619,0.4761904761904761,0.0,0.0,0.0,0.0,0.238095238095238,0.0238095238095238,1,0
9.0,2.0,2.0,6,1.0,3,0.0,1.0,8.0,7.0,1,3,3,0,0,3.5,3,0.375,0,1,8,7.0,0.7142857142857143,0.0,0.0,0.0,0.0,0.0,0.2857142857142857,0.0,1,0
12.0,2.0,2.0,12,4.0,8,2.5,4.0,13.0,14.0,3,4,5,2,2,3.5,4,0.3846,1,1,11,38.0,0.4736842105263157,0.0,0.0,0.3157894736842105,0.0,0.0,0.2105263157894736,0.0,1,0
21.5,1.0,7.5,17,7.5,10,2.5,7.5,25.5,29.5,6,5,6,5,5,3.5,5,0.2778,1,1,18,50.5,0.3636363636363636,0.0,0.0,0.1818181818181818,0.0,0.0,0.3863636363636363,0.0681818181818181,1,0
12.0,1.0,1.0,7,1.0,5,1.0,7.0,10.0,9.0,1,4,4,0,0,3.5,3,0.4,0,1,10,28.0,0.3571428571428571,0.0,0.0,0.1428571428571428,0.0,0.0,0.5,0.0,1,0
21.5,2.0,7.5,16,7.5,9,1.0,7.5,25.5,29.5,6,4,6,5,5,3.0,4,0.175,1,1,18,50.5,0.219047619047619,0.3428571428571428,0.0,0.0380952380952381,0.0,0.0,0.3047619047619048,0.0952380952380952,1,0
2.0,2.0,1.0,2,0.0,0,0.0,0.0,1.0,0.0,1,0,1,1,1,1.0,0,0.6189,1,1,1,1.0,0.0,0.0,0.0,0.0,0.0,0.0,0.9375,0.0,1,0
6.0,3.0,2.0,8,0.0,5,2.0,2.0,5.0,4.0,1,2,2,0,0,3.0,2,0.4,0,1,5,20.0,0.35,0.0,0.0,0.4,0.0,0.0,0.25,0.0,1,0
8.0,2.0,3.0,7,2.0,1,1.0,1.0,9.0,9.0,2,2,3,1,2,3.0,2,0.3333,1,1,7,13.0,0.1538461538461538,0.0,0.0,0.4166666666666665,0.0,0.0,0.3846153846153846,0.0,1,0
2.0,2.0,1.0,2,0.0,0,0.0,0.0,1.0,0.0,1,0,1,1,1,1.0,0,0.6189,1,1,1,1.0,0.0,0.0,0.0,0.0,0.0,0.0,0.9375,0.0,1,0
7.0,3.0,3.0,10,1.0,5,2.0,1.0,6.0,5.0,1,2,2,0,0,3.0,2,0.3333,0,1,6,22.0,0.3181818181818182,0.1818181818181818,0.0,0.3636363636363636,0.0,0.0,0.1363636363636363,0.0,1,0
2.0,1.0,0.0,1,0.0,1,0.0,0.0,1.0,0.0,1,0,0,0,0,1.0,0,0.0,0,0,1,1.0,1.0,0.0,0.0,0.0,0.0,0.0,0.0,0.0,1,0
2.0,1.0,0.0,2,0.0,0,0.0,1.0,1.0,0.0,1,0,1,1,1,1.0,0,0.6189,1,1,1,2.0,0.0,0.0,0.0,0.0,0.0,0.0,0.9375,0.0,1,0
7.0,2.0,1.0,4,0.0,1,0.0,0.0,6.0,4.0,1,1,1,0,0,3.0,1,0.1667,0,1,5,1.0,1.0,0.0,0.0,0.0,0.0,0.0,0.0,0.0,1,0
2.0,1.0,0.0,2,0.0,0,0.0,0.0,1.0,0.0,1,0,1,1,1,1.0,0,0.6189,1,1,1,2.0,0.0,0.0,0.0,0.0,0.0,0.0,0.9375,0.0,1,0
7.0,2.0,1.0,4,0.0,1,0.0,0.0,6.0,4.0,1,1,1,0,0,3.0,1,0.1667,0,1,5,1.0,1.0,0.0,0.0,0.0,0.0,0.0,0.0,0.0,1,0
2.0,1.0,0.0,2,0.0,0,0.0,1.0,1.0,0.0,1,0,1,1,1,1.0,0,0.6189,1,1,1,2.0,0.0,0.0,0.0,0.0,0.0,0.0,0.9375,0.0,1,0
7.0,2.0,1.0,4,0.0,1,0.0,0.0,6.0,4.0,1,1,1,0,0,3.0,1,0.1667,0,1,5,1.0,1.0,0.0,0.0,0.0,0.0,0.0,0.0,0.0,1,0
2.0,1.0,0.0,2,0.0,0,0.0,1.0,1.0,0.0,1,0,1,1,1,1.0,0,0.6189,1,1,1,2.0,0.0,0.0,0.0,0.0,0.0,0.0,0.9375,0.0,1,0
7.0,2.0,1.0,4,0.0,1,0.0,0.0,6.0,4.0,1,1,1,0,0,3.0,1,0.1667,0,1,5,1.0,1.0,0.0,0.0,0.0,0.0,0.0,0.0,0.0,1,0
7.0,2.0,1.0,4,0.0,1,0.0,0.0,6.0,4.0,1,1,1,0,0,3.0,1,0.1667,0,1,5,1.0,1.0,0.0,0.0,0.0,0.0,0.0,0.0,0.0,1,0
7.0,2.0,1.0,4,0.0,1,0.0,0.0,6.0,4.0,1,1,1,0,0,3.0,1,0.1667,0,1,5,1.0,1.0,0.0,0.0,0.0,0.0,0.0,0.0,0.0,1,0
21.5,1.0,7.5,18,7.5,10,2.5,7.5,25.5,29.5,6,5,6,5,0,3.5,5,0.2021,0,1,18,50.5,0.2236286919831223,0.1856540084388185,0.0,0.3881856540084388,0.0,0.0,0.2025316455696202,0.0,1,0
4.0,1.0,0.0,3,0.0,1,0.0,0.0,3.0,2.0,1,1,1,0,0,2.0,1,0.3333,0,1,3,1.0,1.0,0.0,0.0,0.0,0.0,0.0,0.0,0.0,1,0
7.0,1.0,1.0,7,3.0,4,0.0,4.0,8.0,8.0,2,2,3,1,2,3.0,2,0.375,1,1,6,21.0,0.4285714285714285,0.1904761904761904,0.0,0.0,0.0,0.0,0.3809523809523809,0.0,1,0
7.0,1.0,1.0,8,2.0,1,0.0,1.0,8.0,8.0,2,2,3,1,2,3.0,2,0.375,1,1,6,12.0,0.25,0.0,0.0,0.3333333333333333,0.0,0.0,0.4166666666666667,0.0,1,0
4.0,1.0,0.0,3,0.0,1,0.0,0.0,3.0,2.0,1,1,1,0,0,2.0,1,0.3333,0,1,3,1.0,1.0,0.0,0.0,0.0,0.0,0.0,0.0,0.0,1,0
4.0,1.0,0.0,3,0.0,1,0.0,0.0,3.0,2.0,1,1,1,0,0,2.0,1,0.3333,0,1,3,1.0,1.0,0.0,0.0,0.0,0.0,0.0,0.0,0.0,1,0
4.0,1.0,0.0,3,0.0,1,0.0,0.0,3.0,2.0,1,1,1,0,0,2.0,1,0.3333,0,1,3,1.0,1.0,0.0,0.0,0.0,0.0,0.0,0.0,0.0,1,0
4.0,1.0,0.0,3,0.0,1,0.0,0.0,3.0,2.0,1,1,1,0,0,2.0,1,0.3333,0,1,3,1.0,1.0,0.0,0.0,0.0,0.0,0.0,0.0,0.0,1,0
6.0,1.0,0.0,6,0.0,1,0.0,1.0,6.0,6.0,2,2,2,1,0,2.0,2,0.3333,0,1,5,3.0,0.3333333333333333,0.0,0.0,0.4166666666666665,0.0,0.0,0.0,0.0,1,0
10.0,1.0,2.0,7,2.0,4,0.0,5.0,13.0,16.0,5,3,4,3,2,1.0,3,0.3077,1,1,9,16.0,0.5625,0.0,0.0,0.0,0.0,0.0,0.375,0.0625,1,0
10.0,1.0,2.0,7,2.0,4,0.0,5.0,13.0,16.0,5,3,4,3,2,1.0,3,0.3077,1,1,9,16.0,0.5625,0.0,0.0,0.0,0.0,0.0,0.375,0.0625,1,0
10.0,1.0,2.0,7,2.0,4,0.0,5.0,13.0,16.0,5,3,4,3,2,1.0,3,0.3077,1,1,9,16.0,0.5625,0.0,0.0,0.0,0.0,0.0,0.375,0.0625,1,0
10.0,1.0,2.0,7,2.0,4,0.0,5.0,13.0,16.0,5,3,4,3,2,1.0,3,0.3077,1,1,9,16.0,0.5625,0.0,0.0,0.0,0.0,0.0,0.375,0.0625,1,0
12.0,1.0,2.0,9,2.0,4,0.0,5.0,15.0,18.0,5,4,5,3,2,2.0,4,0.3333,1,1,11,18.0,0.5,0.0,0.0,0.1111111111111111,0.0,0.0,0.3333333333333333,0.0555555555555555,1,0
12.0,1.0,2.0,9,2.0,4,0.0,5.0,15.0,18.0,5,4,5,3,2,2.0,4,0.3333,1,1,11,18.0,0.5,0.0,0.0,0.1111111111111111,0.0,0.0,0.3333333333333333,0.0555555555555555,1,0
10.0,1.0,2.0,7,2.0,4,0.0,5.0,13.0,16.0,5,3,4,3,2,1.0,3,0.3077,1,1,9,16.0,0.5625,0.0,0.0,0.0,0.0,0.0,0.375,0.0625,1,0
10.0,1.0,2.0,7,2.0,4,0.0,5.0,13.0,16.0,5,3,4,3,2,1.0,3,0.3077,1,1,9,16.0,0.5625,0.0,0.0,0.0,0.0,0.0,0.375,0.0625,1,0
10.0,1.0,2.0,7,2.0,4,0.0,5.0,13.0,16.0,5,3,4,3,2,1.0,3,0.3077,1,1,9,16.0,0.5625,0.0,0.0,0.0,0.0,0.0,0.375,0.0625,1,0
10.0,1.0,2.0,7,2.0,4,0.0,5.0,13.0,16.0,5,3,4,3,2,1.0,3,0.3077,1,1,9,16.0,0.5625,0.0,0.0,0.0,0.0,0.0,0.375,0.0625,1,0
12.0,1.0,2.0,9,2.0,4,0.0,5.0,15.0,18.0,5,4,5,3,2,2.0,4,0.3333,1,1,11,18.0,0.5,0.0,0.0,0.1111111111111111,0.0,0.0,0.3333333333333333,0.0555555555555555,1,0
12.0,1.0,2.0,9,2.0,4,0.0,5.0,15.0,18.0,5,4,5,3,2,2.0,4,0.3333,1,1,11,18.0,0.5,0.0,0.0,0.1111111111111111,0.0,0.0,0.3333333333333333,0.0555555555555555,1,0
21.5,1.0,7.5,18,7.5,10,2.5,7.5,25.5,29.5,6,5,6,3,3,3.5,5,0.3684,1,1,18,50.5,0.3666666666666666,0.0592592592592592,0.0,0.4,0.0,0.0,0.1407407407407407,0.0333333333333333,1,0
10.0,2.0,1.0,7,2.0,4,1.0,4.0,10.0,12.0,4,3,3,3,0,1.0,3,0.3,0,1,8,24.0,0.4166666666666667,0.0,0.0,0.1666666666666666,0.0,0.0,0.1666666666666666,0.0833333333333333,1,0
16.0,3.0,3.0,11,4.0,6,1.0,7.5,17.0,21.0,6,5,5,5,0,1.0,5,0.2941,0,1,13,45.0,0.4,0.3555555555555555,0.0,0.0666666666666666,0.0,0.0,0.1777777777777777,0.0,1,0
17.0,2.0,2.0,10,2.0,7,2.0,7.5,18.0,21.0,5,5,5,4,0,2.0,5,0.2778,0,1,15,50.5,0.3461538461538461,0.0,0.0,0.1538461538461538,0.0,0.0,0.2692307692307692,0.1153846153846153,1,0
21.5,2.0,3.0,17,7.5,10,2.5,7.5,25.5,29.5,6,5,6,5,2,3.0,5,0.3571,1,1,18,50.5,0.2754491017964072,0.1197604790419161,0.0,0.1197604790419161,0.0,0.0,0.311377245508982,0.0538922155688622,1,0
21.5,1.0,7.5,10,7.5,7,2.5,7.5,25.5,29.5,4,2,3,3,1,1.0,2,0.0698,1,1,18,50.5,0.1603053435114503,0.3969465648854962,0.0,0.1221374045801526,0.0,0.0,0.1984732824427481,0.1221374045801526,1,0
21.5,1.0,6.0,18,5.0,5,0.0,7.5,23.0,24.0,3,5,6,5,4,3.5,5,0.3913,1,1,18,50.5,0.2549019607843137,0.2352941176470588,0.0,0.0,0.0,0.0,0.4313725490196078,0.0784313725490196,1,0
2.0,0.0,0.0,2,1.0,0,0.0,0.0,1.0,0.0,1,0,0,0,0,1.0,0,0.0,0,0,1,4.0,0.0,0.7142857142857142,0.0,0.0,0.0,0.0,0.0,0.0,1,0
7.0,0.0,1.0,7,2.0,2,0.0,2.0,6.0,5.0,1,2,2,0,0,3.0,2,0.3333,0,1,6,20.0,0.3,0.4,0.0,0.1,0.0,0.0,0.2,0.0,1,0
8.0,1.0,1.0,8,0.0,4,1.0,0.0,6.0,5.0,1,2,2,0,0,3.0,2,0.3333,0,1,6,16.0,0.5625,0.0,0.0,0.25,0.0,0.0,0.1875,0.0,1,0
9.0,0.0,0.0,8,2.0,3,0.0,4.0,9.0,10.0,3,3,3,2,0,2.0,3,0.3333,0,1,7,16.0,0.5,0.0,0.0,0.0,0.0,0.0,0.25,0.0,1,0
4.0,0.0,0.0,4,1.0,1,0.0,1.0,4.0,4.0,2,1,1,1,0,1.0,1,0.25,0,1,3,4.0,0.5,0.0,0.0,0.0,0.0,0.0,0.0,0.0,1,0
4.0,0.0,0.0,3,0.0,1,0.0,1.0,3.0,2.0,1,1,1,0,0,2.0,1,0.3333,0,1,3,5.0,0.6,0.0,0.0,0.0,0.0,0.0,0.4,0.0,1,0
15.0,1.0,1.0,15,6.0,5,0.0,7.5,12.0,11.0,1,5,6,4,4,3.5,5,0.6189,1,1,12,50.5,0.2745098039215686,0.3137254901960784,0.0,0.0,0.0,0.0,0.3333333333333333,0.0,1,0
10.0,1.0,2.0,9,4.0,3,1.0,3.0,8.0,8.0,2,2,2,1,0,2.0,2,0.25,0,1,7,31.0,0.2258064516129032,0.5161290322580645,0.0,0.1290322580645161,0.0,0.0,0.1290322580645161,0.0,1,0
6.0,2.0,2.0,4,1.0,2,1.0,1.0,5.0,5.0,2,1,1,1,0,1.0,1,0.2,0,1,4,13.0,0.4615384615384615,0.3076923076923077,0.0,0.2307692307692307,0.0,0.0,0.0,0.0,1,0
5.0,2.0,2.0,4,1.0,1,0.0,1.0,5.0,5.0,2,1,1,1,0,1.0,1,0.2,0,1,4,7.0,0.4285714285714285,0.5714285714285714,0.0,0.0,0.0,0.0,0.0,0.0,1,0
6.0,2.0,2.0,4,1.0,2,1.0,1.0,5.0,5.0,2,1,1,1,0,1.0,1,0.2,0,1,4,13.0,0.4615384615384615,0.3076923076923077,0.0,0.2307692307692307,0.0,0.0,0.0,0.0,1,0
6.0,2.0,2.0,4,1.0,2,1.0,1.0,5.0,5.0,2,1,1,1,0,1.0,1,0.2,0,1,4,13.0,0.4615384615384615,0.3076923076923077,0.0,0.2307692307692307,0.0,0.0,0.0,0.0,1,0
2.0,1.0,0.0,2,0.0,0,0.0,0.0,1.0,0.0,1,0,0,0,0,1.0,0,0.0,0,0,1,1.0,0.0,0.0,0.0,0.0,0.0,0.0,0.9375,0.0,1,0
21.5,2.0,7.5,18,4.0,6,0.0,7.0,22.0,23.0,3,5,5,2,0,3.5,5,0.2273,0,1,18,48.0,0.3333333333333333,0.3333333333333333,0.0,0.125,0.0,0.0,0.2083333333333333,0.0,1,0
2.0,1.0,0.0,2,0.0,0,0.0,0.0,1.0,0.0,1,0,0,0,0,1.0,0,0.0,0,0,1,1.0,0.0,0.0,0.0,0.0,0.0,0.0,0.9375,0.0,1,0
6.0,1.0,0.0,7,0.0,2,0.0,3.0,7.0,8.0,3,2,2,2,0,1.0,2,0.2857,0,1,5,6.0,0.6666666666666666,0.0,0.0,0.0,0.0,0.0,0.3333333333333333,0.0,1,0
4.0,0.0,0.0,4,4.0,1,0.0,4.0,3.0,3.0,2,1,1,1,0,1.0,1,0.3333,0,1,3,28.0,0.1071428571428571,0.5714285714285714,0.0,0.0,0.0,0.0,0.2857142857142857,0.0357142857142857,1,0
7.0,0.0,0.0,9,1.0,1,0.0,1.0,3.0,3.0,2,1,2,2,1,1.0,1,0.6189,1,1,3,4.0,0.25,0.0,0.0,0.0,0.0,0.0,0.5,0.25,1,0
21.5,0.0,1.0,18,6.0,7,0.0,7.5,14.0,19.0,6,5,6,1,0,1.0,5,0.4286,0,1,14,45.0,0.4222222222222222,0.0888888888888888,0.0,0.0,0.0,0.0,0.2666666666666666,0.1333333333333333,1,0
2.0,0.0,0.0,1,1.0,0,0.0,0.0,1.0,0.0,1,0,0,0,0,1.0,0,0.0,0,0,1,4.0,0.0,0.7142857142857142,0.0,0.0,0.0,0.0,0.0,0.0,1,0
13.0,1.0,2.0,5,3.0,5,1.0,5.0,11.0,10.0,1,4,4,0,0,3.5,4,0.3636,0,1,11,35.0,0.3714285714285714,0.2285714285714285,0.0,0.1142857142857142,0.0,0.0,0.2857142857142857,0.0,1,0
2.0,1.0,0.0,2,0.0,0,0.0,1.0,1.0,0.0,1,0,1,1,1,1.0,0,0.6189,1,1,1,2.0,0.0,0.0,0.0,0.0,0.0,0.0,0.9375,0.0,1,0
21.5,1.0,7.5,18,7.5,10,2.5,7.5,25.5,29.5,6,5,6,5,0,3.5,5,0.1979,0,1,18,50.5,0.2158590308370044,0.1938325991189427,0.0,0.3524229074889868,0.0,0.0,0.237885462555066,0.0,1,0
7.0,1.0,1.0,7,3.0,4,0.0,4.0,8.0,8.0,2,2,3,1,2,3.0,2,0.375,1,1,6,21.0,0.4285714285714285,0.1904761904761904,0.0,0.0,0.0,0.0,0.3809523809523809,0.0,1,0
7.0,1.0,1.0,8,2.0,3,1.0,2.0,8.0,8.0,2,2,3,1,2,3.0,2,0.375,1,1,6,19.0,0.3157894736842105,0.0,0.0,0.3157894736842105,0.0,0.0,0.3684210526315789,0.0,1,0
13.0,2.0,3.0,7,4.0,4,0.0,5.0,11.0,10.0,1,4,4,0,0,3.5,4,0.3636,0,1,11,26.0,0.4615384615384615,0.0,0.0,0.0,0.0,0.0,0.3846153846153846,0.0,1,0
13.0,2.0,3.0,7,4.0,4,0.0,5.0,11.0,10.0,1,4,4,0,0,3.5,4,0.3636,0,1,11,26.0,0.4615384615384615,0.0,0.0,0.0,0.0,0.0,0.3846153846153846,0.0,1,0
21.5,1.0,7.5,18,7.5,10,2.5,7.5,25.5,29.5,6,5,6,4,3,3.5,5,0.3704,1,1,18,50.5,0.3779527559055118,0.0629921259842519,0.0,0.3779527559055118,0.0,0.0,0.1456692913385826,0.0354330708661417,1,0
3.0,2.0,1.0,3,0.0,0,0.0,0.0,2.0,1.0,1,0,0,0,0,0.0,0,0.0,0,0,2,2.0,0.0,0.0,0.0,0.0,0.0,0.0,0.0,0.357142857142857,1,0
4.0,2.0,1.0,4,0.0,1,0.0,0.0,3.0,2.0,1,1,2,1,1,2.0,1,0.6189,1,1,3,1.0,1.0,0.0,0.0,0.0,0.0,0.0,0.0,0.0,1,0
4.0,1.0,0.0,4,0.0,3,0.0,0.0,3.0,2.0,1,1,2,1,1,2.0,1,0.6189,1,1,3,1.0,1.0,0.0,0.0,0.0,0.0,0.0,0.0,0.0,1,0
21.0,1.0,4.0,18,7.0,7,1.0,7.5,19.0,23.0,6,5,6,4,1,3.0,5,0.3684,1,1,18,50.5,0.2535211267605634,0.2253521126760563,0.0,0.1126760563380281,0.0,0.0,0.3380281690140845,0.0704225352112676,1,0
4.0,2.0,1.0,4,0.0,1,0.0,0.0,3.0,2.0,1,1,2,1,1,2.0,1,0.6189,1,1,3,1.0,1.0,0.0,0.0,0.0,0.0,0.0,0.0,0.0,1,0
4.0,1.0,0.0,4,0.0,3,0.0,0.0,3.0,2.0,1,1,2,1,1,2.0,1,0.6189,1,1,3,1.0,1.0,0.0,0.0,0.0,0.0,0.0,0.0,0.0,1,0
11.0,1.0,1.0,14,2.0,6,2.0,7.5,10.0,11.0,3,3,4,2,1,3.0,3,0.4,1,1,10,45.0,0.3333333333333333,0.0888888888888888,0.0,0.1777777777777777,0.0,0.0,0.3555555555555555,0.0444444444444444,1,0
9.0,1.0,0.0,6,0.0,10,0.0,0.0,8.0,8.0,2,1,2,1,1,2.0,1,0.25,1,1,8,4.0,0.5,0.0,0.0,0.0,0.0,0.0,0.0,0.357142857142857,1,0
6.0,1.0,0.0,3,0.0,10,0.0,0.0,5.0,4.0,1,1,2,1,1,2.0,1,0.4,1,1,5,2.0,0.5,0.0,0.0,0.0,0.0,0.0,0.0,0.357142857142857,1,0
7.0,2.0,0.0,8,0.0,10,0.0,0.0,7.0,9.0,4,1,4,3,4,0.0,0,0.5714,1,1,6,5.0,0.2,0.0,0.0,0.4,0.0,0.0,0.0,0.357142857142857,1,0
10.0,1.0,0.0,8,0.0,10,0.0,0.0,10.0,10.0,2,1,2,1,2,2.0,1,0.2,1,1,8,3.0,0.3333333333333333,0.0,0.0,0.0,0.0,0.0,0.0,0.357142857142857,1,0
10.0,1.0,0.0,8,0.0,10,0.0,0.0,9.0,10.0,3,2,3,1,2,2.0,1,0.3333,1,1,8,4.0,0.5,0.0,0.0,0.0,0.0,0.0,0.0,0.357142857142857,1,0
2.0,2.0,0.0,2,0.0,4,0.0,0.0,1.0,0.0,1,0,1,1,1,1.0,0,0.6189,1,1,1,1.0,0.0,0.0,0.0,0.0,0.0,0.0,0.9375,0.0,1,0
11.0,3.0,1.0,8,2.0,9,0.0,1.0,12.0,14.0,4,4,5,4,3,3.0,4,0.4167,1,1,10,19.0,0.5263157894736842,0.0,0.0,0.0,0.0,0.0,0.3684210526315789,0.1052631578947368,1,0
21.5,3.0,0.0,18,0.0,9,2.5,0.0,25.5,29.5,4,5,6,2,0,3.5,5,0.5,0,1,18,50.5,0.07,0.0,0.0,0.4166666666666665,0.0,0.0,0.09,0.02,1,0
2.0,2.0,0.0,2,0.0,4,0.0,0.0,1.0,0.0,1,0,1,1,1,1.0,0,0.6189,1,1,1,1.0,0.0,0.0,0.0,0.0,0.0,0.0,0.9375,0.0,1,0
5.0,1.0,0.0,4,0.0,7,1.0,0.0,4.0,4.0,2,1,1,1,0,1.0,1,0.25,0,1,4,6.0,0.1666666666666666,0.0,0.0,0.4166666666666665,0.0,0.0,0.0,0.1666666666666666,1,0
9.0,1.0,1.0,5,2.0,9,0.0,2.0,10.0,10.0,2,2,3,1,2,3.0,2,0.3,1,1,8,10.0,0.5,0.0,0.0,0.0,0.0,0.0,0.4,0.1,1,0
9.0,1.0,1.0,5,2.0,9,0.0,2.0,10.0,10.0,2,2,3,1,2,3.0,2,0.3,1,1,8,10.0,0.5,0.0,0.0,0.0,0.0,0.0,0.4,0.1,1,0
4.0,1.0,0.0,4,0.0,4,0.0,1.0,3.0,2.0,1,1,1,0,0,2.0,1,0.3333,0,1,3,7.0,0.5714285714285714,0.0,0.0,0.0,0.0,0.0,0.4285714285714285,0.0,1,0
9.0,3.0,3.0,8,1.0,4,0.0,1.0,6.0,6.0,2,1,1,1,0,1.0,1,0.1667,0,1,6,2.0,0.0,0.0,0.0,0.4166666666666665,0.0,0.0,0.0,0.0,1,0
16.0,1.0,2.0,18,1.0,2,0.0,7.5,15.0,18.0,5,3,4,3,1,1.0,3,0.2667,1,1,14,18.0,0.1111111111111111,0.2222222222222222,0.0,0.1111111111111111,0.0,0.0,0.2222222222222222,0.3333333333333333,1,0
2.0,1.0,0.0,2,0.0,2,0.0,0.0,1.0,0.0,1,0,1,1,1,1.0,0,0.6189,1,1,1,1.0,0.0,0.0,0.0,0.0,0.0,0.0,0.9375,0.0,1,0
4.0,2.0,3.0,5,0.0,3,0.0,0.0,3.0,2.0,1,0,1,1,1,1.0,0,0.3333,1,1,3,1.0,1.0,0.0,0.0,0.0,0.0,0.0,0.0,0.0,1,0
20.0,3.0,3.0,18,3.0,10,0.0,2.0,24.0,25.0,3,3,4,1,2,2.0,1,0.1667,1,1,17,8.0,0.0,0.0,0.0,0.4166666666666665,0.0,0.0,0.0,0.25,1,0
9.0,1.0,1.0,5,2.0,7,0.0,2.0,10.0,10.0,2,2,3,1,2,3.0,2,0.3,1,1,8,10.0,0.5,0.0,0.0,0.0,0.0,0.0,0.4,0.1,1,0
4.0,2.0,1.0,5,0.0,1,0.0,0.0,3.0,2.0,1,1,2,1,1,2.0,1,0.6189,1,1,3,1.0,1.0,0.0,0.0,0.0,0.0,0.0,0.0,0.0,1,0
4.0,1.0,0.0,4,0.0,3,0.0,0.0,3.0,2.0,1,1,2,1,1,2.0,1,0.6189,1,1,3,1.0,1.0,0.0,0.0,0.0,0.0,0.0,0.0,0.0,1,0
21.5,1.0,3.0,18,5.0,4,0.0,7.5,19.0,22.0,5,4,6,3,3,3.0,4,0.3158,1,1,17,41.0,0.2195121951219512,0.0975609756097561,0.0,0.0975609756097561,0.0,0.0,0.4390243902439024,0.1463414634146341,1,0
4.0,2.0,1.0,5,0.0,1,0.0,0.0,3.0,2.0,1,1,2,1,1,2.0,1,0.6189,1,1,3,1.0,1.0,0.0,0.0,0.0,0.0,0.0,0.0,0.0,1,0
4.0,1.0,0.0,4,0.0,3,0.0,0.0,3.0,2.0,1,1,2,1,1,2.0,1,0.6189,1,1,3,1.0,1.0,0.0,0.0,0.0,0.0,0.0,0.0,0.0,1,0
8.0,3.0,4.0,6,0.0,1,0.0,0.0,7.0,7.0,2,1,1,1,0,1.0,1,0.1429,0,1,7,4.0,0.25,0.0,0.0,0.0,0.0,0.0,0.0,0.357142857142857,1,0
4.0,1.0,1.0,6,0.0,0,0.0,0.0,3.0,2.0,1,0,0,0,0,1.0,0,0.0,0,0,3,1.0,0.0,0.0,0.0,0.0,0.0,0.0,0.0,0.357142857142857,1,0
4.0,0.0,0.0,4,0.0,1,0.0,0.0,3.0,3.0,2,1,1,1,0,1.0,1,0.3333,0,1,3,2.0,0.5,0.0,0.0,0.0,0.0,0.0,0.0,0.357142857142857,1,0
13.0,3.0,2.0,8,0.0,5,0.0,1.0,22.0,24.0,4,3,3,3,0,0.0,3,0.1364,0,1,13,7.0,0.7142857142857143,0.0,0.0,0.0,0.0,0.0,0.0,0.2857142857142857,1,0
7.0,0.0,2.0,6,2.0,3,0.0,2.0,7.0,8.0,3,0,1,1,1,0.0,0,0.1429,1,1,6,10.0,0.3,0.0,0.0,0.0,0.0,0.0,0.4,0.3,1,0
17.0,3.0,6.0,15,1.0,3,0.0,1.0,18.0,20.0,4,3,4,4,1,1.0,3,0.2222,1,1,15,8.0,0.375,0.0,0.0,0.0,0.0,0.0,0.0,0.357142857142857,1,0
19.0,3.5,7.0,17,1.0,3,0.0,1.0,18.0,20.0,4,3,4,4,1,1.0,3,0.2222,1,1,15,8.0,0.375,0.0,0.0,0.0,0.0,0.0,0.0,0.357142857142857,1,0
21.5,0.0,7.5,18,3.0,10,0.0,7.5,25.5,29.5,6,5,6,5,2,1.0,4,0.122,1,1,18,50.5,0.4615384615384615,0.0,0.0,0.0,0.0,0.0,0.4923076923076923,0.0461538461538461,1,0
21.5,2.0,7.0,18,7.5,10,2.5,6.0,25.5,29.5,6,5,6,4,3,1.0,3,0.25,1,1,18,50.5,0.3888888888888889,0.1481481481481481,0.0,0.2407407407407407,0.0,0.0,0.1203703703703703,0.1018518518518518,1,0
6.0,2.0,1.0,6,0.0,0,0.0,0.0,5.0,5.0,2,1,1,1,0,1.0,1,0.2,0,1,5,5.0,0.0,0.0,0.0,0.4,0.0,0.0,0.0,0.357142857142857,1,0
6.0,2.0,3.0,3,2.0,1,0.0,1.0,7.0,7.0,2,0,1,1,2,1.0,0,0.1429,1,1,5,6.0,0.5,0.0,0.0,0.0,0.0,0.0,0.3333333333333333,0.1666666666666666,1,0
13.0,1.0,1.0,6,0.0,6,2.5,0.0,6.0,5.0,1,2,2,1,1,3.0,2,0.3333,1,1,6,44.0,0.2727272727272727,0.0,0.0,0.4166666666666665,0.0,0.0,0.0909090909090909,0.0,1,0
8.0,0.0,1.0,4,0.0,0,0.0,5.0,7.0,6.0,1,0,3,3,3,1.0,0,0.4286,1,1,7,19.0,0.0,0.0,0.0,0.2105263157894736,0.0,0.0,0.5263157894736842,0.2631578947368421,1,0
3.0,1.0,0.0,3,0.0,0,0.0,0.0,2.0,1.0,1,0,0,0,0,0.0,0,0.0,0,0,2,2.0,0.0,0.0,0.0,0.0,0.0,0.0,0.0,0.357142857142857,1,0
8.0,0.0,0.0,6,1.0,2,0.0,3.0,9.0,10.0,3,2,2,2,0,0.0,2,0.2222,0,1,7,11.0,0.5454545454545454,0.0,0.0,0.0,0.0,0.0,0.1818181818181818,0.2727272727272727,1,0
6.0,0.0,0.0,5,0.0,3,1.0,1.0,6.0,7.0,3,2,2,2,0,0.0,2,0.3333,0,1,5,15.0,0.6,0.0,0.0,0.2666666666666666,0.0,0.0,0.0,0.1333333333333333,1,0
5.0,0.0,0.0,4,0.0,1,0.0,1.0,5.0,5.0,2,1,1,1,0,0.0,1,0.2,0,1,4,5.0,0.6,0.0,0.0,0.0,0.0,0.0,0.0,0.357142857142857,1,0
5.0,0.0,0.0,3,1.0,1,0.0,2.0,5.0,5.0,2,1,1,1,0,0.0,1,0.2,0,1,4,7.0,0.4285714285714285,0.0,0.0,0.0,0.0,0.0,0.2857142857142857,0.2857142857142857,1,0
5.0,0.0,0.0,4,0.0,1,0.0,1.0,5.0,5.0,2,1,1,1,0,0.0,1,0.2,0,1,4,5.0,0.6,0.0,0.0,0.0,0.0,0.0,0.0,0.357142857142857,1,0
6.0,0.0,0.0,4,2.0,1,0.0,2.0,6.0,6.0,2,1,1,1,0,0.0,1,0.1667,0,1,5,12.0,0.25,0.3333333333333333,0.0,0.0,0.0,0.0,0.1666666666666666,0.25,1,0
10.0,0.0,0.0,6,2.0,4,1.0,2.0,8.0,7.0,1,3,3,0,0,3.0,3,0.375,0,1,7,26.0,0.4615384615384615,0.3076923076923077,0.0,0.1538461538461538,0.0,0.0,0.0769230769230769,0.0,1,0
4.0,0.0,0.0,3,1.0,1,0.0,1.0,4.0,4.0,2,1,1,1,0,1.0,1,0.25,0,1,3,7.0,0.4285714285714285,0.5714285714285714,0.0,0.0,0.0,0.0,0.0,0.0,1,0
2.0,1.0,0.0,2,0.0,2,1.0,1.0,1.0,0.0,1,0,0,0,0,1.0,0,0.0,0,0,1,9.0,0.3333333333333333,0.0,0.0,0.4166666666666665,0.0,0.0,0.2222222222222222,0.0,1,0
17.0,2.0,7.5,12,7.5,8,2.5,6.0,19.0,21.0,4,4,6,3,4,3.5,4,0.3158,1,1,15,50.5,0.3333333333333333,0.2222222222222222,0.0,0.2222222222222222,0.0,0.0,0.2222222222222222,0.0,1,0
2.0,3.0,2.0,2,1.0,0,0.0,1.0,1.0,0.0,1,0,1,1,1,1.0,0,0.6189,1,1,1,2.0,0.0,0.0,0.0,0.0,0.0,0.0,0.9375,0.0,1,0
12.0,1.0,3.0,11,4.0,2,0.0,3.0,13.0,14.0,3,3,4,2,2,3.0,2,0.3077,1,1,11,17.0,0.3529411764705882,0.0,0.0,0.2352941176470588,0.0,0.0,0.3529411764705882,0.0588235294117647,1,0
8.0,1.0,2.0,7,2.0,4,1.0,2.0,9.0,9.0,2,2,3,1,2,3.0,2,0.3333,1,1,7,20.0,0.45,0.0,0.0,0.15,0.0,0.0,0.4,0.0,1,0
2.0,1.0,0.0,2,0.0,1,0.0,0.0,1.0,0.0,1,0,1,1,1,1.0,0,0.6189,1,1,1,1.0,1.0,0.0,0.0,0.0,0.0,0.0,0.0,0.0,1,0
3.0,1.0,1.0,3,0.0,0,0.0,0.0,2.0,1.0,1,0,0,0,0,1.0,0,0.0,0,0,2,2.0,0.0,0.0,0.0,0.4166666666666665,0.0,0.0,0.0,0.0,1,0
2.0,1.0,0.0,2,0.0,1,0.0,0.0,1.0,0.0,1,0,0,0,0,1.0,0,0.0,0,0,1,1.0,1.0,0.0,0.0,0.0,0.0,0.0,0.0,0.0,1,0
5.0,2.0,1.0,5,0.0,0,0.0,0.0,4.0,3.0,1,1,1,0,0,2.0,1,0.25,0,1,4,3.0,0.0,0.0,0.0,0.4166666666666665,0.0,0.0,0.0,0.3333333333333333,1,0
5.0,1.0,0.0,4,0.0,2,0.0,1.0,4.0,3.0,1,1,1,0,0,2.0,1,0.25,0,1,4,6.0,0.5,0.0,0.0,0.0,0.0,0.0,0.3333333333333333,0.1666666666666666,1,0
2.0,1.0,0.0,2,0.0,1,0.0,0.0,1.0,0.0,1,0,0,0,0,1.0,0,0.0,0,0,1,1.0,1.0,0.0,0.0,0.0,0.0,0.0,0.0,0.0,1,0
14.0,2.0,3.0,13,4.0,7,2.5,3.0,12.0,14.0,4,3,5,3,2,3.0,3,0.4167,1,1,12,33.0,0.4242424242424242,0.0,0.0,0.3333333333333333,0.0,0.0,0.1818181818181818,0.0606060606060606,1,0
13.0,2.0,2.0,13,6.0,7,2.5,7.0,11.0,13.0,4,3,5,3,2,3.0,3,0.4545,1,1,11,49.0,0.2857142857142857,0.1632653061224489,0.0,0.2244897959183673,0.0,0.0,0.2857142857142857,0.0408163265306122,1,0
8.0,2.0,2.0,4,2.0,3,1.0,2.0,9.0,9.0,2,1,2,1,2,2.0,1,0.2222,1,1,7,14.0,0.4285714285714285,0.0,0.0,0.2142857142857142,0.0,0.0,0.2857142857142857,0.0714285714285714,1,0
21.5,1.0,4.0,18,0.0,5,0.0,7.5,25.5,29.5,1,2,2,0,0,2.0,2,0.04,0,1,18,7.0,0.1428571428571428,0.0,0.0,0.2857142857142857,0.0,0.0,0.5714285714285714,0.0,1,0
2.0,2.0,1.0,2,0.0,2,0.0,0.0,1.0,0.0,1,0,1,1,1,1.0,0,0.6189,1,1,1,2.0,1.0,0.0,0.0,0.0,0.0,0.0,0.0,0.0,1,0
2.0,2.0,1.0,2,0.0,2,0.0,0.0,1.0,0.0,1,0,1,1,1,1.0,0,0.6189,1,1,1,2.0,1.0,0.0,0.0,0.0,0.0,0.0,0.0,0.0,1,0
4.0,2.0,1.0,4,0.0,0,0.0,0.0,3.0,2.0,1,1,2,1,1,2.0,1,0.6189,1,1,3,2.0,0.0,0.0,0.0,0.4166666666666665,0.0,0.0,0.0,0.0,1,0
4.0,3.0,2.0,4,0.0,0,0.0,0.0,3.0,2.0,1,1,2,1,1,2.0,1,0.6189,1,1,3,2.0,0.0,0.0,0.0,0.4166666666666665,0.0,0.0,0.0,0.0,1,0
4.0,2.0,1.0,3,0.0,2,1.0,0.0,3.0,2.0,1,1,2,1,1,2.0,1,0.6189,1,1,3,6.0,0.3333333333333333,0.0,0.0,0.4166666666666665,0.0,0.0,0.0,0.0,1,0
4.0,3.0,2.0,3,0.0,2,1.0,0.0,3.0,2.0,1,1,2,1,1,2.0,1,0.6189,1,1,3,6.0,0.3333333333333333,0.0,0.0,0.4166666666666665,0.0,0.0,0.0,0.0,1,0
2.0,3.0,2.0,2,0.0,0,0.0,0.0,1.0,0.0,1,0,1,1,1,1.0,0,0.6189,1,1,1,1.0,0.0,0.0,0.0,0.0,0.0,0.0,0.9375,0.0,1,0
17.0,3.5,5.0,11,4.0,6,2.0,7.0,14.0,15.0,3,4,5,2,1,3.5,4,0.3571,1,1,14,50.5,0.25,0.1538461538461538,0.0,0.2692307692307692,0.0,0.0,0.2692307692307692,0.0576923076923076,1,0
2.0,2.0,1.0,2,0.0,0,0.0,1.0,1.0,0.0,1,0,1,1,1,1.0,0,0.6189,1,1,1,2.0,0.0,0.0,0.0,0.0,0.0,0.0,0.9375,0.0,1,0
14.0,3.0,4.0,12,4.0,6,1.0,5.0,15.0,16.0,3,5,6,2,2,3.5,5,0.4,1,1,13,39.0,0.3333333333333333,0.2051282051282051,0.0,0.1538461538461538,0.0,0.0,0.282051282051282,0.0256410256410256,1,0
4.0,2.0,1.0,4,0.0,0,0.0,0.0,3.0,2.0,1,1,2,1,1,2.0,1,0.6189,1,1,3,2.0,0.0,0.0,0.0,0.4166666666666665,0.0,0.0,0.0,0.0,1,0
4.0,3.0,2.0,4,0.0,0,0.0,0.0,3.0,2.0,1,1,2,1,1,2.0,1,0.6189,1,1,3,2.0,0.0,0.0,0.0,0.4166666666666665,0.0,0.0,0.0,0.0,1,0
4.0,2.0,1.0,3,0.0,2,1.0,0.0,3.0,2.0,1,1,2,1,1,2.0,1,0.6189,1,1,3,6.0,0.3333333333333333,0.0,0.0,0.4166666666666665,0.0,0.0,0.0,0.0,1,0
2.0,3.0,2.0,2,0.0,0,0.0,0.0,1.0,0.0,1,0,0,0,0,1.0,0,0.0,0,0,1,1.0,0.0,0.0,0.0,0.0,0.0,0.0,0.9375,0.0,1,0
4.0,3.0,2.0,3,0.0,2,1.0,0.0,3.0,2.0,1,1,2,1,1,2.0,1,0.6189,1,1,3,6.0,0.3333333333333333,0.0,0.0,0.4166666666666665,0.0,0.0,0.0,0.0,1,0
4.0,2.0,1.0,4,0.0,2,1.0,0.0,3.0,2.0,1,1,2,1,1,2.0,1,0.6189,1,1,3,6.0,0.3333333333333333,0.0,0.0,0.4166666666666665,0.0,0.0,0.0,0.0,1,0
13.0,3.0,3.0,14,4.0,6,1.0,4.0,14.0,15.0,3,5,6,2,2,3.5,5,0.4286,1,1,12,37.0,0.3513513513513513,0.2162162162162162,0.0,0.1621621621621621,0.0,0.0,0.2432432432432432,0.027027027027027,1,0
4.0,2.0,1.0,4,0.0,1,0.0,1.0,3.0,2.0,1,1,1,0,0,2.0,1,0.3333,0,1,3,8.0,0.375,0.0,0.0,0.25,0.0,0.0,0.375,0.0,1,0
4.0,2.0,1.0,3,0.0,3,1.0,1.0,3.0,2.0,1,1,1,0,0,2.0,1,0.3333,0,1,3,12.0,0.4166666666666667,0.0,0.0,0.3333333333333333,0.0,0.0,0.25,0.0,1,0
9.0,2.0,4.0,7,3.0,3,1.0,2.0,10.0,10.0,2,2,3,1,2,3.0,2,0.3,1,1,8,23.0,0.217391304347826,0.1739130434782608,0.0,0.2608695652173913,0.0,0.0,0.3478260869565217,0.0,1,0
9.0,2.0,4.0,9,4.0,3,1.0,2.0,12.0,13.0,3,2,4,2,4,3.0,2,0.3333,1,1,8,16.0,0.5,0.0,0.0,0.25,0.0,0.0,0.25,0.0,1,0
4.0,2.0,1.0,6,0.0,0,1.0,0.0,3.0,2.0,1,1,2,1,1,2.0,1,0.6189,1,1,3,4.0,0.0,0.0,0.0,0.4166666666666665,0.0,0.0,0.0,0.0,1,0
4.0,2.0,1.0,4,0.0,1,0.0,0.0,3.0,2.0,1,1,2,1,1,2.0,1,0.6189,1,1,3,2.0,0.5,0.0,0.0,0.0,0.0,0.0,0.5,0.0,1,0
10.0,2.0,4.0,9,4.0,3,1.0,2.0,14.0,15.0,3,2,4,3,3,3.0,2,0.2857,1,1,9,16.0,0.5,0.0,0.0,0.25,0.0,0.0,0.25,0.0,1,0
7.0,2.0,2.0,9,2.0,2,1.0,2.0,8.0,8.0,2,2,3,1,2,3.0,2,0.375,1,1,6,14.0,0.4285714285714285,0.0,0.0,0.2857142857142857,0.0,0.0,0.2857142857142857,0.0,1,0
8.0,2.0,1.0,6,0.0,5,1.0,2.0,7.0,6.0,1,3,3,0,0,3.5,3,0.4286,0,1,7,20.0,0.45,0.0,0.0,0.2,0.0,0.0,0.35,0.0,1,0
4.0,2.0,1.0,4,0.0,2,1.0,0.0,3.0,2.0,1,1,2,1,1,2.0,1,0.6189,1,1,3,7.0,0.2857142857142857,0.0,0.0,0.4166666666666665,0.0,0.0,0.1428571428571428,0.0,1,0
11.0,2.0,6.0,7,4.0,5,1.0,2.0,14.0,15.0,3,2,4,2,4,3.0,2,0.2857,1,1,10,22.0,0.5,0.0,0.0,0.1818181818181818,0.0,0.0,0.3181818181818182,0.0,1,0
4.0,2.0,1.0,4,0.0,2,1.0,0.0,3.0,2.0,1,1,2,1,1,2.0,1,0.6189,1,1,3,7.0,0.2857142857142857,0.0,0.0,0.4166666666666665,0.0,0.0,0.1428571428571428,0.0,1,0
16.0,2.0,6.0,8,2.0,7,1.0,2.0,17.0,20.0,5,4,5,2,2,2.0,4,0.2941,1,1,15,22.0,0.6363636363636364,0.0,0.0,0.1818181818181818,0.0,0.0,0.0909090909090909,0.0909090909090909,1,0
14.0,2.0,6.0,6,2.0,5,1.0,2.0,15.0,17.0,4,3,4,2,2,2.0,3,0.2667,1,1,13,17.0,0.5294117647058824,0.0,0.0,0.2352941176470588,0.0,0.0,0.1176470588235294,0.1176470588235294,1,0
10.0,2.0,1.0,8,1.0,4,0.0,3.0,9.0,10.0,3,4,5,3,1,3.0,4,0.5556,1,1,9,22.0,0.4545454545454545,0.1818181818181818,0.0,0.0,0.0,0.0,0.2727272727272727,0.0909090909090909,1,0
16.0,3.0,2.0,13,2.0,7,0.0,6.0,15.0,19.0,6,5,6,5,1,3.0,5,0.5333,1,1,15,44.0,0.4318181818181818,0.1818181818181818,0.0,0.0,0.0,0.0,0.2727272727272727,0.1136363636363636,1,0
8.0,2.0,1.0,6,0.0,3,0.0,2.0,7.0,6.0,1,3,3,0,0,3.5,3,0.4286,0,1,7,11.0,0.6363636363636364,0.0,0.0,0.0,0.0,0.0,0.3636363636363636,0.0,1,0
8.0,2.0,1.0,7,1.0,3,0.0,1.0,7.0,6.0,1,3,3,0,0,3.5,3,0.4286,0,1,7,13.0,0.5384615384615384,0.3076923076923077,0.0,0.0,0.0,0.0,0.1538461538461538,0.0,1,0
10.0,3.0,2.0,9,2.0,5,1.0,3.0,9.0,9.0,2,4,4,1,0,3.5,4,0.4444,0,1,9,32.0,0.40625,0.25,0.0,0.125,0.0,0.0,0.1875,0.03125,1,0
9.0,2.0,2.0,8,0.0,3,1.0,2.0,8.0,7.0,1,3,3,0,0,3.5,3,0.375,0,1,8,14.0,0.4285714285714285,0.0,0.0,0.2857142857142857,0.0,0.0,0.2857142857142857,0.0,1,0
9.0,2.0,2.0,8,1.0,2,0.0,0.0,8.0,7.0,1,3,3,0,0,3.5,3,0.375,0,1,8,10.0,0.4,0.4,0.0,0.2,0.0,0.0,0.0,0.0,1,0
7.0,2.0,2.0,7,0.0,1,1.0,1.0,6.0,5.0,1,2,2,0,0,3.0,2,0.3333,0,1,6,9.0,0.3333333333333333,0.0,0.0,0.4166666666666665,0.0,0.0,0.2222222222222222,0.0,1,0
9.0,2.0,2.0,11,2.0,2,1.0,0.0,8.0,7.0,1,3,3,0,0,3.5,3,0.375,0,1,8,22.0,0.2727272727272727,0.3636363636363636,0.0,0.3636363636363636,0.0,0.0,0.0,0.0,1,0
9.0,3.0,4.0,9,2.0,5,2.0,0.0,8.0,8.0,2,3,3,1,0,3.0,3,0.375,0,1,8,25.0,0.36,0.32,0.0,0.32,0.0,0.0,0.0,0.0,1,0
21.5,3.0,7.5,18,2.0,9,2.0,4.0,22.0,24.0,4,5,6,2,1,3.5,5,0.2727,1,1,18,42.0,0.3095238095238095,0.1904761904761904,0.0,0.238095238095238,0.0,0.0,0.1904761904761904,0.0714285714285714,1,0
2.0,1.0,0.0,2,1.0,0,0.0,1.0,1.0,0.0,1,0,1,1,1,1.0,0,0.6189,1,1,1,2.0,0.0,0.0,0.0,0.0,0.0,0.0,0.9375,0.0,1,0
2.0,3.0,2.0,2,0.0,0,0.0,0.0,1.0,0.0,1,0,0,0,0,1.0,0,0.0,0,0,1,1.0,0.0,0.0,0.0,0.0,0.0,0.0,0.9375,0.0,1,0
2.0,2.0,1.0,2,0.0,0,0.0,0.0,1.0,0.0,1,0,0,0,0,1.0,0,0.0,0,0,1,1.0,0.0,0.0,0.0,0.0,0.0,0.0,0.9375,0.0,1,0
21.5,3.0,6.0,15,4.0,8,2.5,3.0,23.0,26.0,5,5,6,3,1,3.0,4,0.2609,1,1,18,42.0,0.238095238095238,0.0,0.0,0.2857142857142857,0.0,0.0,0.2857142857142857,0.1904761904761904,1,0
2.0,2.0,1.0,2,1.0,0,0.0,1.0,1.0,0.0,1,0,0,0,0,1.0,0,0.0,0,0,1,3.0,0.0,0.0,0.0,0.0,0.0,0.0,0.9375,0.0,1,0
21.5,3.5,7.5,18,7.5,10,2.5,7.0,25.5,29.5,6,5,6,5,3,3.0,5,0.2931,1,1,18,50.5,0.2831858407079646,0.0,0.0,0.1946902654867256,0.0,0.0,0.2743362831858407,0.247787610619469,1,0
2.0,2.0,1.0,2,1.0,0,0.0,1.0,1.0,0.0,1,0,0,0,0,1.0,0,0.0,0,0,1,3.0,0.0,0.0,0.0,0.0,0.0,0.0,0.9375,0.0,1,0
21.5,3.5,7.5,18,3.0,10,1.0,7.0,25.5,29.5,6,5,6,2,1,3.5,5,0.2812,1,1,18,50.5,0.3278688524590163,0.1311475409836065,0.0,0.0983606557377049,0.0,0.0,0.2295081967213114,0.2131147540983606,1,0
2.0,3.0,2.0,2,0.0,0,0.0,0.0,1.0,0.0,1,0,0,0,0,1.0,0,0.0,0,0,1,1.0,0.0,0.0,0.0,0.0,0.0,0.0,0.9375,0.0,1,0
2.0,3.0,2.0,2,0.0,0,0.0,0.0,1.0,0.0,1,0,0,0,0,1.0,0,0.0,0,0,1,1.0,0.0,0.0,0.0,0.0,0.0,0.0,0.9375,0.0,1,0
2.0,1.0,0.0,2,1.0,0,0.0,1.0,1.0,0.0,1,0,0,0,0,1.0,0,0.0,0,0,1,3.0,0.0,0.0,0.0,0.0,0.0,0.0,0.9375,0.0,1,0
2.0,2.0,1.0,2,0.0,0,0.0,0.0,1.0,0.0,1,0,0,0,0,1.0,0,0.0,0,0,1,1.0,0.0,0.0,0.0,0.0,0.0,0.0,0.9375,0.0,1,0
2.0,2.0,1.0,2,1.0,0,0.0,1.0,1.0,0.0,1,0,0,0,0,1.0,0,0.0,0,0,1,3.0,0.0,0.0,0.0,0.0,0.0,0.0,0.9375,0.0,1,0
2.0,3.0,2.0,2,0.0,0,0.0,0.0,1.0,0.0,1,0,0,0,0,1.0,0,0.0,0,0,1,1.0,0.0,0.0,0.0,0.0,0.0,0.0,0.9375,0.0,1,0
2.0,1.0,0.0,2,0.0,0,0.0,0.0,1.0,0.0,1,0,1,1,1,1.0,0,0.6189,1,1,1,1.0,0.0,0.0,0.0,0.0,0.0,0.0,0.9375,0.0,1,0
21.5,2.0,6.0,18,7.0,10,2.0,4.0,24.0,27.0,5,5,6,3,2,3.0,5,0.25,1,1,18,50.5,0.3,0.3333333333333333,0.0,0.1333333333333333,0.0,0.0,0.1333333333333333,0.1,1,0
2.0,1.0,0.0,2,0.0,0,0.0,0.0,1.0,0.0,1,0,0,0,0,1.0,0,0.0,0,0,1,1.0,0.0,0.0,0.0,0.0,0.0,0.0,0.9375,0.0,1,0
4.0,2.0,0.0,3,0.0,1,0.0,1.0,3.0,2.0,1,1,2,1,1,2.0,1,0.6189,1,1,3,3.0,0.3333333333333333,0.0,0.0,0.0,0.0,0.0,0.6666666666666666,0.0,1,0
4.0,2.0,0.0,3,0.0,1,0.0,1.0,3.0,2.0,1,1,2,1,1,2.0,1,0.6189,1,1,3,3.0,0.3333333333333333,0.0,0.0,0.0,0.0,0.0,0.6666666666666666,0.0,1,0
14.0,3.5,5.0,12,4.0,6,0.0,3.0,15.0,17.0,4,4,5,3,2,3.0,4,0.3333,1,1,13,29.0,0.4137931034482758,0.2758620689655172,0.0,0.0,0.0,0.0,0.2068965517241379,0.1034482758620689,1,0
17.0,3.5,5.0,14,4.0,7,0.0,2.0,17.0,20.0,5,5,6,4,2,3.0,5,0.3529,1,1,15,29.0,0.4482758620689655,0.2758620689655172,0.0,0.0,0.0,0.0,0.1379310344827586,0.1379310344827586,1,0
17.0,2.0,3.0,18,0.0,5,0.0,1.0,16.0,18.0,4,5,6,1,1,3.5,5,0.375,1,1,16,12.0,0.25,0.0,0.0,0.3333333333333333,0.0,0.0,0.1666666666666666,0.25,1,0
18.0,2.0,3.0,18,0.0,6,0.0,1.0,17.0,20.0,5,5,6,2,1,3.5,5,0.4118,1,1,17,13.0,0.3076923076923077,0.0,0.0,0.3076923076923077,0.0,0.0,0.1538461538461538,0.2307692307692307,1,0
4.0,2.0,0.0,4,0.0,3,0.0,0.0,3.0,2.0,1,1,2,1,1,2.0,1,0.6189,1,1,3,1.0,1.0,0.0,0.0,0.0,0.0,0.0,0.0,0.0,1,0
4.0,2.0,0.0,4,0.0,3,0.0,0.0,3.0,2.0,1,1,2,1,1,2.0,1,0.6189,1,1,3,1.0,1.0,0.0,0.0,0.0,0.0,0.0,0.0,0.0,1,0
6.0,2.0,1.0,8,0.0,0,1.0,0.0,5.0,4.0,1,2,2,0,0,3.0,2,0.4,0,1,5,6.0,0.0,0.0,0.0,0.4166666666666665,0.0,0.0,0.0,0.0,1,0
6.0,2.0,1.0,8,0.0,0,1.0,0.0,5.0,4.0,1,2,2,0,0,3.0,2,0.4,0,1,5,6.0,0.0,0.0,0.0,0.4166666666666665,0.0,0.0,0.0,0.0,1,0
2.0,2.0,1.0,2,0.0,0,0.0,0.0,1.0,0.0,1,0,0,0,0,1.0,0,0.0,0,0,1,1.0,0.0,0.0,0.0,0.0,0.0,0.0,0.9375,0.0,1,0
6.0,2.0,1.0,9,1.0,0,1.0,1.0,5.0,4.0,1,2,2,0,0,3.0,2,0.4,0,1,5,12.0,0.0,0.3333333333333333,0.0,0.4166666666666665,0.0,0.0,0.1666666666666666,0.0,1,0
6.0,2.0,1.0,9,1.0,0,1.0,1.0,5.0,4.0,1,2,2,0,0,3.0,2,0.4,0,1,5,12.0,0.0,0.3333333333333333,0.0,0.4166666666666665,0.0,0.0,0.1666666666666666,0.0,1,0
2.0,2.0,1.0,2,0.0,0,0.0,0.0,1.0,0.0,1,0,0,0,0,1.0,0,0.0,0,0,1,1.0,0.0,0.0,0.0,0.0,0.0,0.0,0.9375,0.0,1,0
4.0,2.0,1.0,5,1.0,0,1.0,1.0,3.0,2.0,1,1,1,0,0,2.0,1,0.3333,0,1,3,6.0,0.0,0.0,0.0,0.4166666666666665,0.0,0.0,0.3333333333333333,0.0,1,0
20.0,3.5,7.5,18,5.0,8,2.5,7.5,19.0,20.0,3,3,4,2,1,3.0,3,0.2105,1,1,18,50.5,0.3142857142857143,0.1714285714285714,0.0,0.1714285714285714,0.0,0.0,0.2571428571428571,0.0857142857142857,1,0
9.0,2.0,3.0,8,4.0,3,1.0,3.0,10.0,11.0,3,2,3,2,2,2.0,2,0.3,1,1,8,18.0,0.3888888888888889,0.0,0.0,0.2222222222222222,0.0,0.0,0.3333333333333333,0.0555555555555555,1,0
2.0,3.0,2.0,2,0.0,0,0.0,1.0,1.0,0.0,1,0,0,0,0,1.0,0,0.0,0,0,1,2.0,0.0,0.0,0.0,0.0,0.0,0.0,0.9375,0.0,1,0
2.0,3.0,1.0,2,0.0,0,0.0,1.0,1.0,0.0,1,0,1,1,1,1.0,0,0.6189,1,1,1,3.0,0.0,0.0,0.0,0.0,0.0,0.0,0.9375,0.0,1,0
21.5,3.5,7.5,18,7.5,10,2.5,7.5,25.5,29.5,6,5,6,5,5,3.5,5,0.2667,1,1,18,50.5,0.3013698630136986,0.1095890410958904,0.0,0.2648401826484018,0.0,0.0,0.2465753424657534,0.0776255707762557,1,0
3.0,3.0,2.0,2,0.0,1,0.0,1.0,2.0,1.0,1,0,0,0,0,1.0,0,0.0,0,0,2,4.0,0.25,0.0,0.0,0.0,0.0,0.0,0.75,0.0,1,0
4.0,3.0,2.0,3,0.0,1,0.0,0.0,3.0,2.0,1,1,1,0,0,2.0,1,0.3333,0,1,3,1.0,1.0,0.0,0.0,0.0,0.0,0.0,0.0,0.0,1,0
21.0,3.0,7.5,18,2.0,4,1.0,2.0,21.0,24.0,5,5,6,3,2,3.0,4,0.2857,1,1,18,26.0,0.3846153846153846,0.0,0.0,0.2307692307692307,0.0,0.0,0.2307692307692307,0.1538461538461538,1,0
21.5,3.5,5.0,17,4.0,7,0.0,6.0,18.0,23.0,6,5,6,5,0,2.0,5,0.3889,0,1,18,50.5,0.3269230769230769,0.3076923076923077,0.0,0.0,0.0,0.0,0.2307692307692307,0.1346153846153846,1,0
16.0,1.0,3.0,14,6.0,6,1.0,5.0,15.0,17.0,4,5,6,1,0,3.5,4,0.4,0,1,15,43.0,0.4186046511627907,0.1860465116279069,0.0,0.1162790697674418,0.0,0.0,0.2325581395348837,0.0465116279069767,1,0
6.0,2.0,1.0,8,1.0,1,1.0,1.0,5.0,4.0,1,2,2,0,0,3.0,2,0.4,0,1,5,13.0,0.0769230769230769,0.3076923076923077,0.0,0.4166666666666665,0.0,0.0,0.1538461538461538,0.0,1,0
13.0,1.0,4.0,10,3.0,4,0.0,6.0,12.0,12.0,2,4,4,1,0,3.5,4,0.3333,0,1,12,34.0,0.2941176470588235,0.3529411764705882,0.0,0.0,0.0,0.0,0.3529411764705882,0.0,1,0
21.5,2.0,7.5,18,7.5,9,2.0,7.5,25.5,29.5,4,4,6,3,5,3.5,4,0.2424,1,1,18,50.5,0.2873563218390804,0.2298850574712643,0.0,0.0919540229885057,0.0,0.0,0.3448275862068966,0.0459770114942528,1,0
7.0,2.0,2.0,5,3.0,2,0.0,3.0,10.0,11.0,3,1,2,2,2,1.0,1,0.2,1,1,6,10.0,0.5,0.0,0.0,0.0,0.0,0.0,0.4,0.1,1,0
6.0,3.0,3.0,5,1.0,2,1.0,0.0,4.0,3.0,1,1,3,2,2,2.0,1,0.6189,1,1,4,6.0,0.3333333333333333,0.0,0.0,0.4166666666666665,0.0,0.0,0.0,0.0,1,0
9.0,3.0,3.0,9,1.0,3,0.0,1.0,8.0,7.0,1,3,4,1,1,3.5,3,0.5,1,1,8,13.0,0.5384615384615384,0.3076923076923077,0.0,0.0,0.0,0.0,0.1538461538461538,0.0,1,0
21.5,3.0,6.0,18,4.0,7,1.0,6.0,22.0,23.0,3,5,6,3,3,3.5,5,0.3636,1,1,18,45.0,0.4222222222222222,0.1777777777777777,0.0,0.1333333333333333,0.0,0.0,0.2222222222222222,0.0444444444444444,1,0
9.0,3.0,3.0,9,1.0,3,0.0,1.0,8.0,7.0,1,3,4,1,1,3.5,3,0.5,1,1,8,13.0,0.5384615384615384,0.3076923076923077,0.0,0.0,0.0,0.0,0.1538461538461538,0.0,1,0
21.5,3.0,6.0,18,4.0,7,1.0,6.0,22.0,23.0,3,5,6,3,3,3.5,5,0.3636,1,1,18,45.0,0.4222222222222222,0.1777777777777777,0.0,0.1333333333333333,0.0,0.0,0.2222222222222222,0.0444444444444444,1,0
10.0,3.0,4.0,6,3.0,3,1.0,3.0,9.0,8.0,1,2,2,0,0,3.0,2,0.2222,0,1,9,31.0,0.2258064516129032,0.3870967741935484,0.0,0.1290322580645161,0.0,0.0,0.1935483870967742,0.064516129032258,1,0
12.0,3.0,4.0,8,3.0,3,1.0,4.0,11.0,11.0,2,3,3,1,0,3.0,3,0.2727,0,1,11,34.0,0.2058823529411764,0.3529411764705882,0.0,0.1764705882352941,0.0,0.0,0.1764705882352941,0.088235294117647,1,0
4.0,1.0,0.0,3,0.0,1,0.0,0.0,3.0,2.0,1,1,1,0,0,2.0,1,0.3333,0,1,3,1.0,1.0,0.0,0.0,0.0,0.0,0.0,0.0,0.0,1,0
4.0,2.0,1.0,3,0.0,1,0.0,0.0,3.0,2.0,1,1,1,0,0,2.0,1,0.3333,0,1,3,1.0,1.0,0.0,0.0,0.0,0.0,0.0,0.0,0.0,1,0
4.0,1.0,0.0,3,0.0,1,0.0,0.0,3.0,2.0,1,1,1,0,0,2.0,1,0.3333,0,1,3,1.0,1.0,0.0,0.0,0.0,0.0,0.0,0.0,0.0,1,0
4.0,2.0,1.0,3,0.0,1,0.0,0.0,3.0,2.0,1,1,1,0,0,2.0,1,0.3333,0,1,3,1.0,1.0,0.0,0.0,0.0,0.0,0.0,0.0,0.0,1,0
10.0,1.0,1.0,12,0.0,2,0.0,3.0,6.0,5.0,1,2,2,0,0,3.0,2,0.3333,0,1,6,9.0,0.3333333333333333,0.0,0.0,0.0,0.0,0.0,0.6666666666666666,0.0,1,0
10.0,1.0,1.0,12,0.0,2,0.0,3.0,6.0,5.0,1,2,2,0,0,3.0,2,0.3333,0,1,6,9.0,0.3333333333333333,0.0,0.0,0.0,0.0,0.0,0.6666666666666666,0.0,1,0
16.0,1.0,4.0,17,2.0,3,1.0,3.0,17.0,20.0,5,4,5,2,2,2.0,4,0.2941,1,1,15,24.0,0.25,0.0,0.0,0.375,0.0,0.0,0.1666666666666666,0.2083333333333333,1,0
9.0,2.0,3.0,7,2.0,1,1.0,3.0,8.0,8.0,2,1,2,1,1,2.0,1,0.25,1,1,8,15.0,0.2,0.0,0.0,0.2666666666666666,0.0,0.0,0.4,0.1333333333333333,1,0
8.0,1.0,2.0,7,2.0,3,0.0,1.0,9.0,9.0,2,2,3,1,2,3.0,2,0.3333,1,1,7,13.0,0.5384615384615384,0.0,0.0,0.0,0.0,0.0,0.4615384615384615,0.0,1,0
8.0,1.0,2.0,8,2.0,4,1.0,1.0,9.0,9.0,2,2,3,1,2,3.0,2,0.3333,1,1,7,20.0,0.5,0.0,0.0,0.2,0.0,0.0,0.3,0.0,1,0
8.0,1.0,2.0,7,2.0,3,0.0,1.0,9.0,9.0,2,2,3,1,2,3.0,2,0.3333,1,1,7,13.0,0.5384615384615384,0.0,0.0,0.0,0.0,0.0,0.4615384615384615,0.0,1,0
8.0,1.0,2.0,8,2.0,4,1.0,1.0,9.0,9.0,2,2,3,1,2,3.0,2,0.3333,1,1,7,20.0,0.5,0.0,0.0,0.2,0.0,0.0,0.3,0.0,1,0
8.0,1.0,2.0,7,2.0,3,0.0,1.0,9.0,9.0,2,2,3,2,3,3.0,2,0.3333,1,1,7,13.0,0.5384615384615384,0.0,0.0,0.0,0.0,0.0,0.4615384615384615,0.0,1,0
8.0,1.0,2.0,7,2.0,3,0.0,1.0,9.0,9.0,2,2,3,1,2,3.0,2,0.3333,1,1,7,13.0,0.5384615384615384,0.0,0.0,0.0,0.0,0.0,0.4615384615384615,0.0,1,0
8.0,1.0,2.0,8,2.0,4,1.0,1.0,9.0,9.0,2,2,3,1,2,3.0,2,0.3333,1,1,7,20.0,0.5,0.0,0.0,0.2,0.0,0.0,0.3,0.0,1,0
8.0,1.0,2.0,7,2.0,3,0.0,1.0,9.0,9.0,2,2,3,2,3,3.0,2,0.3333,1,1,7,13.0,0.5384615384615384,0.0,0.0,0.0,0.0,0.0,0.4615384615384615,0.0,1,0
8.0,1.0,2.0,8,2.0,3,1.0,1.0,9.0,9.0,2,2,3,1,2,3.0,2,0.3333,1,1,7,17.0,0.4117647058823529,0.0,0.0,0.2352941176470588,0.0,0.0,0.3529411764705882,0.0,1,0
8.0,1.0,2.0,8,2.0,3,1.0,1.0,9.0,9.0,2,2,3,1,2,3.0,2,0.3333,1,1,7,17.0,0.4117647058823529,0.0,0.0,0.2352941176470588,0.0,0.0,0.3529411764705882,0.0,1,0
2.0,2.0,1.0,2,0.0,0,0.0,0.0,1.0,0.0,1,0,0,0,0,1.0,0,0.0,0,0,1,2.0,0.0,0.0,0.0,0.4166666666666665,0.0,0.0,0.0,0.0,1,0
4.0,1.0,0.0,4,0.0,1,0.0,0.0,3.0,2.0,1,1,2,1,1,2.0,1,0.6189,1,1,3,1.0,1.0,0.0,0.0,0.0,0.0,0.0,0.0,0.0,1,0
6.0,2.0,1.0,5,0.0,1,0.0,0.0,5.0,4.0,1,1,1,0,0,2.0,1,0.2,0,1,5,2.0,0.5,0.0,0.0,0.0,0.0,0.0,0.0,0.357142857142857,1,0
2.0,2.0,1.0,2,0.0,0,0.0,1.0,1.0,0.0,1,0,1,1,1,1.0,0,0.6189,1,1,1,2.0,0.0,0.0,0.0,0.0,0.0,0.0,0.9375,0.0,1,0
19.0,3.0,3.0,18,7.5,8,0.0,7.5,20.0,23.0,5,5,6,5,1,3.5,5,0.45,1,1,18,50.5,0.2619047619047619,0.4761904761904761,0.0,0.0,0.0,0.0,0.238095238095238,0.0238095238095238,1,0
13.0,3.0,6.0,16,7.0,2,2.0,5.0,12.0,11.0,1,2,2,0,0,3.0,2,0.1667,0,1,12,50.5,0.1111111111111111,0.5185185185185185,0.0,0.1481481481481481,0.0,0.0,0.1666666666666666,0.0555555555555555,1,0
9.0,2.0,2.0,6,0.0,3,0.0,0.0,8.0,7.0,1,3,3,0,0,3.5,3,0.375,0,1,8,5.0,1.0,0.0,0.0,0.0,0.0,0.0,0.0,0.0,1,0
12.0,2.0,2.0,12,2.0,8,2.5,2.0,13.0,14.0,3,4,5,2,2,3.5,4,0.3846,1,1,11,34.0,0.5294117647058824,0.0,0.0,0.3529411764705882,0.0,0.0,0.1176470588235294,0.0,1,0
21.5,1.0,7.5,17,7.5,10,2.5,7.5,25.5,29.5,6,5,6,5,5,3.5,5,0.2778,1,1,18,50.5,0.3809523809523809,0.0,0.0,0.1904761904761904,0.0,0.0,0.3571428571428571,0.0714285714285714,1,0
12.0,1.0,1.0,7,0.0,5,1.0,6.0,10.0,9.0,1,4,4,0,0,3.5,3,0.4,0,1,10,26.0,0.3846153846153846,0.0,0.0,0.1538461538461538,0.0,0.0,0.4615384615384615,0.0,1,0
21.5,2.0,7.5,16,7.5,9,1.0,7.5,25.5,29.5,6,4,6,5,5,3.0,4,0.175,1,1,18,50.5,0.219047619047619,0.3428571428571428,0.0,0.0380952380952381,0.0,0.0,0.3047619047619048,0.0952380952380952,1,0
2.0,2.0,1.0,2,0.0,0,0.0,0.0,1.0,0.0,1,0,1,1,1,1.0,0,0.6189,1,1,1,1.0,0.0,0.0,0.0,0.0,0.0,0.0,0.9375,0.0,1,0
6.0,3.0,2.0,8,0.0,5,2.0,2.0,5.0,4.0,1,2,2,0,0,3.0,2,0.4,0,1,5,20.0,0.35,0.0,0.0,0.4,0.0,0.0,0.25,0.0,1,0
8.0,2.0,3.0,7,2.0,1,1.0,1.0,9.0,9.0,2,2,3,1,2,3.0,2,0.3333,1,1,7,13.0,0.1538461538461538,0.0,0.0,0.4166666666666665,0.0,0.0,0.3846153846153846,0.0,1,0
2.0,2.0,1.0,2,0.0,0,0.0,0.0,1.0,0.0,1,0,1,1,1,1.0,0,0.6189,1,1,1,1.0,0.0,0.0,0.0,0.0,0.0,0.0,0.9375,0.0,1,0
7.0,3.0,3.0,9,1.0,5,2.0,1.0,6.0,5.0,1,2,2,0,0,3.0,2,0.3333,0,1,6,22.0,0.3181818181818182,0.1818181818181818,0.0,0.3636363636363636,0.0,0.0,0.1363636363636363,0.0,1,0
2.0,1.0,0.0,1,0.0,1,0.0,0.0,1.0,0.0,1,0,0,0,0,1.0,0,0.0,0,0,1,1.0,1.0,0.0,0.0,0.0,0.0,0.0,0.0,0.0,1,0
3.0,2.0,1.0,3,0.0,0,0.0,0.0,2.0,1.0,1,0,0,0,0,0.0,0,0.0,0,0,2,2.0,0.0,0.0,0.0,0.0,0.0,0.0,0.0,0.357142857142857,1,0
4.0,2.0,1.0,4,0.0,1,0.0,0.0,3.0,2.0,1,1,2,1,1,2.0,1,0.6189,1,1,3,1.0,1.0,0.0,0.0,0.0,0.0,0.0,0.0,0.0,1,0
4.0,1.0,0.0,4,0.0,3,0.0,0.0,3.0,2.0,1,1,2,1,1,2.0,1,0.6189,1,1,3,1.0,1.0,0.0,0.0,0.0,0.0,0.0,0.0,0.0,1,0
21.0,1.0,4.0,18,7.0,7,1.0,7.5,19.0,23.0,6,5,6,4,1,3.0,5,0.3684,1,1,18,50.5,0.2535211267605634,0.2253521126760563,0.0,0.1126760563380281,0.0,0.0,0.3380281690140845,0.0704225352112676,1,0
4.0,2.0,1.0,4,0.0,1,0.0,0.0,3.0,2.0,1,1,2,1,1,2.0,1,0.6189,1,1,3,1.0,1.0,0.0,0.0,0.0,0.0,0.0,0.0,0.0,1,0
4.0,1.0,0.0,4,0.0,3,0.0,0.0,3.0,2.0,1,1,2,1,1,2.0,1,0.6189,1,1,3,1.0,1.0,0.0,0.0,0.0,0.0,0.0,0.0,0.0,1,0
11.0,1.0,1.0,14,2.0,6,2.0,7.5,10.0,11.0,3,3,4,2,1,3.0,3,0.4,1,1,10,45.0,0.3333333333333333,0.0888888888888888,0.0,0.1777777777777777,0.0,0.0,0.3555555555555555,0.0444444444444444,1,0
9.0,1.0,0.0,6,0.0,10,0.0,0.0,8.0,8.0,2,1,2,1,1,2.0,1,0.25,1,1,8,4.0,0.5,0.0,0.0,0.0,0.0,0.0,0.0,0.357142857142857,1,0
6.0,1.0,0.0,3,0.0,10,0.0,0.0,5.0,4.0,1,1,2,1,1,2.0,1,0.4,1,1,5,2.0,0.5,0.0,0.0,0.0,0.0,0.0,0.0,0.357142857142857,1,0
7.0,2.0,0.0,8,0.0,10,0.0,0.0,7.0,9.0,4,1,4,3,4,0.0,0,0.5714,1,1,6,5.0,0.2,0.0,0.0,0.4,0.0,0.0,0.0,0.357142857142857,1,0
10.0,1.0,0.0,8,0.0,10,0.0,0.0,10.0,10.0,2,1,2,1,2,2.0,1,0.2,1,1,8,3.0,0.3333333333333333,0.0,0.0,0.0,0.0,0.0,0.0,0.357142857142857,1,0
10.0,1.0,0.0,8,0.0,10,0.0,0.0,9.0,10.0,3,2,3,1,2,2.0,1,0.3333,1,1,8,4.0,0.5,0.0,0.0,0.0,0.0,0.0,0.0,0.357142857142857,1,0
2.0,2.0,0.0,3,0.0,4,0.0,1.0,1.0,0.0,1,0,1,1,1,1.0,0,0.6189,1,1,1,2.0,0.0,0.0,0.0,0.0,0.0,0.0,0.9375,0.0,1,0
11.0,3.0,1.0,8,2.0,9,0.0,1.0,12.0,14.0,4,4,5,4,3,3.0,4,0.4167,1,1,10,19.0,0.5263157894736842,0.0,0.0,0.0,0.0,0.0,0.3684210526315789,0.1052631578947368,1,0
21.5,3.0,0.0,18,0.0,9,2.5,0.0,25.5,29.5,4,5,6,2,0,3.5,5,0.5,0,1,18,50.5,0.07,0.0,0.0,0.4166666666666665,0.0,0.0,0.09,0.02,1,0
2.0,2.0,0.0,3,0.0,4,0.0,1.0,1.0,0.0,1,0,1,1,1,1.0,0,0.6189,1,1,1,2.0,0.0,0.0,0.0,0.0,0.0,0.0,0.9375,0.0,1,0
5.0,1.0,0.0,4,0.0,7,1.0,0.0,4.0,4.0,2,1,1,1,0,1.0,1,0.25,0,1,4,6.0,0.1666666666666666,0.0,0.0,0.4166666666666665,0.0,0.0,0.0,0.1666666666666666,1,0
9.0,1.0,1.0,5,2.0,9,0.0,2.0,10.0,10.0,2,2,3,1,2,3.0,2,0.3,1,1,8,10.0,0.5,0.0,0.0,0.0,0.0,0.0,0.4,0.1,1,0
9.0,1.0,1.0,5,2.0,9,0.0,2.0,10.0,10.0,2,2,3,1,2,3.0,2,0.3,1,1,8,10.0,0.5,0.0,0.0,0.0,0.0,0.0,0.4,0.1,1,0
4.0,1.0,0.0,4,0.0,4,0.0,1.0,3.0,2.0,1,1,1,0,0,2.0,1,0.3333,0,1,3,7.0,0.5714285714285714,0.0,0.0,0.0,0.0,0.0,0.4285714285714285,0.0,1,0
9.0,3.0,3.0,8,1.0,4,0.0,1.0,6.0,6.0,2,1,1,1,0,1.0,1,0.1667,0,1,6,2.0,0.0,0.0,0.0,0.4166666666666665,0.0,0.0,0.0,0.0,1,0
16.0,1.0,2.0,18,1.0,2,0.0,7.5,15.0,18.0,5,3,4,3,1,1.0,3,0.2667,1,1,14,18.0,0.1111111111111111,0.2222222222222222,0.0,0.1111111111111111,0.0,0.0,0.2222222222222222,0.3333333333333333,1,0
2.0,1.0,0.0,2,0.0,2,0.0,0.0,1.0,0.0,1,0,1,1,1,1.0,0,0.6189,1,1,1,1.0,0.0,0.0,0.0,0.0,0.0,0.0,0.9375,0.0,1,0
4.0,2.0,3.0,5,0.0,3,0.0,0.0,3.0,2.0,1,0,1,1,1,1.0,0,0.3333,1,1,3,1.0,1.0,0.0,0.0,0.0,0.0,0.0,0.0,0.0,1,0
20.0,3.0,3.0,18,3.0,10,0.0,2.0,24.0,25.0,3,3,4,1,2,2.0,1,0.1667,1,1,17,8.0,0.0,0.0,0.0,0.4166666666666665,0.0,0.0,0.0,0.25,1,0
9.0,1.0,1.0,5,2.0,8,0.0,2.0,10.0,10.0,2,2,3,1,2,3.0,2,0.3,1,1,8,11.0,0.5454545454545454,0.0,0.0,0.0,0.0,0.0,0.3636363636363636,0.0909090909090909,1,0
4.0,2.0,1.0,5,0.0,1,0.0,0.0,3.0,2.0,1,1,2,1,1,2.0,1,0.6189,1,1,3,1.0,1.0,0.0,0.0,0.0,0.0,0.0,0.0,0.0,1,0
4.0,1.0,0.0,4,0.0,3,0.0,0.0,3.0,2.0,1,1,2,1,1,2.0,1,0.6189,1,1,3,1.0,1.0,0.0,0.0,0.0,0.0,0.0,0.0,0.0,1,0
21.5,1.0,3.0,18,5.0,4,0.0,7.5,19.0,22.0,5,4,6,3,3,3.0,4,0.3158,1,1,17,41.0,0.2195121951219512,0.0975609756097561,0.0,0.0975609756097561,0.0,0.0,0.4390243902439024,0.1463414634146341,1,0
4.0,2.0,1.0,5,0.0,1,0.0,0.0,3.0,2.0,1,1,2,1,1,2.0,1,0.6189,1,1,3,1.0,1.0,0.0,0.0,0.0,0.0,0.0,0.0,0.0,1,0
4.0,1.0,0.0,4,0.0,3,0.0,0.0,3.0,2.0,1,1,2,1,1,2.0,1,0.6189,1,1,3,1.0,1.0,0.0,0.0,0.0,0.0,0.0,0.0,0.0,1,0
21.5,1.0,5.0,18,5.0,10,2.5,7.5,25.5,29.5,6,5,6,5,0,3.5,5,0.25,0,1,18,50.5,0.4035087719298245,0.0,0.0,0.2456140350877192,0.0,0.0,0.3508771929824561,0.0,1,0
11.0,2.0,2.0,18,0.0,4,0.0,4.0,10.0,13.0,5,4,4,3,0,1.0,4,0.4,0,1,10,19.0,0.4210526315789473,0.0,0.0,0.0,0.0,0.0,0.3684210526315789,0.2105263157894736,1,0
7.0,0.0,1.0,5,0.0,1,0.0,0.0,6.0,6.0,2,1,1,1,0,1.0,1,0.1667,0,1,6,4.0,0.25,0.0,0.0,0.0,0.0,0.0,0.0,0.357142857142857,1,0
16.0,1.0,4.0,17,2.0,4,1.0,2.0,15.0,18.0,5,3,4,4,2,1.0,3,0.2667,1,1,13,19.0,0.3157894736842105,0.0,0.0,0.2105263157894736,0.0,0.0,0.2105263157894736,0.2631578947368421,1,0
17.0,1.0,4.0,18,2.0,5,2.0,3.0,15.0,18.0,5,3,4,4,2,1.0,3,0.2667,1,1,13,27.0,0.2962962962962963,0.0,0.0,0.2962962962962963,0.0,0.0,0.2222222222222222,0.1851851851851851,1,0
2.0,1.0,0.0,2,0.0,0,0.0,1.0,1.0,0.0,1,0,1,1,1,1.0,0,0.6189,1,1,1,2.0,0.0,0.0,0.0,0.0,0.0,0.0,0.9375,0.0,1,0
7.0,2.0,1.0,4,0.0,1,0.0,0.0,6.0,4.0,1,1,1,0,0,3.0,1,0.1667,0,1,5,1.0,1.0,0.0,0.0,0.0,0.0,0.0,0.0,0.0,1,0
2.0,1.0,0.0,2,0.0,0,0.0,0.0,1.0,0.0,1,0,1,1,1,1.0,0,0.6189,1,1,1,2.0,0.0,0.0,0.0,0.0,0.0,0.0,0.9375,0.0,1,0
7.0,2.0,1.0,4,0.0,1,0.0,0.0,6.0,4.0,1,1,1,0,0,3.0,1,0.1667,0,1,5,1.0,1.0,0.0,0.0,0.0,0.0,0.0,0.0,0.0,1,0
2.0,1.0,0.0,2,0.0,0,0.0,1.0,1.0,0.0,1,0,1,1,1,1.0,0,0.6189,1,1,1,2.0,0.0,0.0,0.0,0.0,0.0,0.0,0.9375,0.0,1,0
7.0,2.0,1.0,4,0.0,1,0.0,0.0,6.0,4.0,1,1,1,0,0,3.0,1,0.1667,0,1,5,1.0,1.0,0.0,0.0,0.0,0.0,0.0,0.0,0.0,1,0
2.0,1.0,0.0,2,0.0,0,0.0,1.0,1.0,0.0,1,0,1,1,1,1.0,0,0.6189,1,1,1,2.0,0.0,0.0,0.0,0.0,0.0,0.0,0.9375,0.0,1,0
7.0,2.0,1.0,4,0.0,1,0.0,0.0,6.0,4.0,1,1,1,0,0,3.0,1,0.1667,0,1,5,1.0,1.0,0.0,0.0,0.0,0.0,0.0,0.0,0.0,1,0
7.0,2.0,1.0,4,0.0,1,0.0,0.0,6.0,4.0,1,1,1,0,0,3.0,1,0.1667,0,1,5,1.0,1.0,0.0,0.0,0.0,0.0,0.0,0.0,0.0,1,0
7.0,2.0,1.0,4,0.0,1,0.0,0.0,6.0,4.0,1,1,1,0,0,3.0,1,0.1667,0,1,5,1.0,1.0,0.0,0.0,0.0,0.0,0.0,0.0,0.0,1,0
21.5,1.0,7.5,18,7.5,10,2.5,7.5,25.5,29.5,6,5,6,5,0,3.5,5,0.2021,0,1,18,50.5,0.2314410480349345,0.1921397379912663,0.0,0.3668122270742358,0.0,0.0,0.2096069868995633,0.0,1,0
4.0,1.0,0.0,3,0.0,1,0.0,0.0,3.0,2.0,1,1,1,0,0,2.0,1,0.3333,0,1,3,1.0,1.0,0.0,0.0,0.0,0.0,0.0,0.0,0.0,1,0
7.0,1.0,1.0,7,3.0,4,0.0,4.0,8.0,8.0,2,2,3,1,2,3.0,2,0.375,1,1,6,21.0,0.4285714285714285,0.1904761904761904,0.0,0.0,0.0,0.0,0.3809523809523809,0.0,1,0
7.0,1.0,1.0,8,2.0,1,0.0,1.0,8.0,8.0,2,2,3,1,2,3.0,2,0.375,1,1,6,12.0,0.25,0.0,0.0,0.3333333333333333,0.0,0.0,0.4166666666666667,0.0,1,0
4.0,1.0,0.0,3,0.0,1,0.0,0.0,3.0,2.0,1,1,1,0,0,2.0,1,0.3333,0,1,3,1.0,1.0,0.0,0.0,0.0,0.0,0.0,0.0,0.0,1,0
4.0,1.0,0.0,3,0.0,1,0.0,0.0,3.0,2.0,1,1,1,0,0,2.0,1,0.3333,0,1,3,1.0,1.0,0.0,0.0,0.0,0.0,0.0,0.0,0.0,1,0
4.0,1.0,0.0,3,0.0,1,0.0,0.0,3.0,2.0,1,1,1,0,0,2.0,1,0.3333,0,1,3,1.0,1.0,0.0,0.0,0.0,0.0,0.0,0.0,0.0,1,0
4.0,1.0,0.0,3,0.0,1,0.0,0.0,3.0,2.0,1,1,1,0,0,2.0,1,0.3333,0,1,3,1.0,1.0,0.0,0.0,0.0,0.0,0.0,0.0,0.0,1,0
6.0,1.0,0.0,6,0.0,1,0.0,1.0,6.0,6.0,2,2,2,1,0,2.0,2,0.3333,0,1,5,3.0,0.3333333333333333,0.0,0.0,0.4166666666666665,0.0,0.0,0.0,0.0,1,0
10.0,1.0,2.0,7,2.0,4,0.0,5.0,13.0,16.0,5,3,4,3,2,1.0,3,0.3077,1,1,9,16.0,0.5625,0.0,0.0,0.0,0.0,0.0,0.375,0.0625,1,0
10.0,1.0,2.0,7,2.0,4,0.0,5.0,13.0,16.0,5,3,4,3,2,1.0,3,0.3077,1,1,9,16.0,0.5625,0.0,0.0,0.0,0.0,0.0,0.375,0.0625,1,0
10.0,1.0,2.0,7,2.0,4,0.0,5.0,13.0,16.0,5,3,4,3,2,1.0,3,0.3077,1,1,9,16.0,0.5625,0.0,0.0,0.0,0.0,0.0,0.375,0.0625,1,0
10.0,1.0,2.0,7,2.0,4,0.0,5.0,13.0,16.0,5,3,4,3,2,1.0,3,0.3077,1,1,9,16.0,0.5625,0.0,0.0,0.0,0.0,0.0,0.375,0.0625,1,0
12.0,1.0,2.0,9,2.0,4,0.0,5.0,15.0,18.0,5,4,5,3,2,2.0,4,0.3333,1,1,11,18.0,0.5,0.0,0.0,0.1111111111111111,0.0,0.0,0.3333333333333333,0.0555555555555555,1,0
12.0,1.0,2.0,9,2.0,4,0.0,5.0,15.0,18.0,5,4,5,3,2,2.0,4,0.3333,1,1,11,18.0,0.5,0.0,0.0,0.1111111111111111,0.0,0.0,0.3333333333333333,0.0555555555555555,1,0
10.0,1.0,2.0,7,2.0,4,0.0,5.0,13.0,16.0,5,3,4,3,2,1.0,3,0.3077,1,1,9,16.0,0.5625,0.0,0.0,0.0,0.0,0.0,0.375,0.0625,1,0
10.0,1.0,2.0,7,2.0,4,0.0,5.0,13.0,16.0,5,3,4,3,2,1.0,3,0.3077,1,1,9,16.0,0.5625,0.0,0.0,0.0,0.0,0.0,0.375,0.0625,1,0
10.0,1.0,2.0,7,2.0,4,0.0,5.0,13.0,16.0,5,3,4,3,2,1.0,3,0.3077,1,1,9,16.0,0.5625,0.0,0.0,0.0,0.0,0.0,0.375,0.0625,1,0
10.0,1.0,2.0,7,2.0,4,0.0,5.0,13.0,16.0,5,3,4,3,2,1.0,3,0.3077,1,1,9,16.0,0.5625,0.0,0.0,0.0,0.0,0.0,0.375,0.0625,1,0
12.0,1.0,2.0,9,2.0,4,0.0,5.0,15.0,18.0,5,4,5,3,2,2.0,4,0.3333,1,1,11,18.0,0.5,0.0,0.0,0.1111111111111111,0.0,0.0,0.3333333333333333,0.0555555555555555,1,0
12.0,1.0,2.0,9,2.0,4,0.0,5.0,15.0,18.0,5,4,5,3,2,2.0,4,0.3333,1,1,11,18.0,0.5,0.0,0.0,0.1111111111111111,0.0,0.0,0.3333333333333333,0.0555555555555555,1,0
21.5,1.0,7.5,18,7.5,10,2.5,7.5,25.5,29.5,6,5,6,4,3,3.5,5,0.3793,1,1,18,50.5,0.3721804511278195,0.0601503759398496,0.0,0.3909774436090225,0.0,0.0,0.1428571428571428,0.0338345864661654,1,0
5.0,3.0,2.0,2,0.0,0,0.0,0.0,12.0,11.0,1,0,0,0,0,0.0,0,0.0,0,0,5,1.0,0.0,0.0,0.0,0.0,0.0,0.0,0.0,0.357142857142857,1,0
9.0,1.0,1.0,10,7.5,1,0.0,7.5,25.5,29.0,3,2,3,3,1,1.0,2,0.1071,1,1,8,9.0,0.1111111111111111,0.0,0.0,0.2222222222222222,0.0,0.0,0.6666666666666666,0.0,1,0
12.0,2.0,6.0,14,3.0,1,0.0,1.0,12.0,13.0,3,1,2,1,1,2.0,1,0.1667,1,1,11,14.0,0.2142857142857142,0.2857142857142857,0.0,0.1428571428571428,0.0,0.0,0.1428571428571428,0.2142857142857142,1,0
5.0,1.0,1.0,2,5.0,1,0.0,3.0,4.0,3.0,1,1,1,0,0,2.0,1,0.25,0,1,4,28.0,0.1071428571428571,0.7142857142857142,0.0,0.0,0.0,0.0,0.1785714285714285,0.0,1,0
2.0,0.0,0.0,2,0.0,1,1.0,0.0,1.0,0.0,1,0,0,0,0,1.0,0,0.0,0,0,1,5.0,0.2,0.0,0.0,0.4166666666666665,0.0,0.0,0.0,0.0,1,0
21.5,1.0,3.0,18,1.0,2,0.0,1.0,23.0,28.0,6,2,5,4,2,1.0,2,0.2174,1,1,18,7.0,0.2857142857142857,0.0,0.0,0.0,0.0,0.0,0.0,0.357142857142857,1,0
21.5,0.0,4.0,18,3.0,7,0.0,3.0,25.5,29.5,6,5,6,5,0,0.0,5,0.1667,0,1,18,24.0,0.125,0.0,0.0,0.3333333333333333,0.0,0.0,0.0,0.357142857142857,1,0
21.5,1.0,2.0,15,1.0,5,0.0,6.0,25.5,29.5,5,3,4,3,0,3.5,2,0.1333,0,1,18,29.0,0.3793103448275862,0.1379310344827586,0.0,0.0,0.0,0.0,0.4137931034482758,0.0689655172413793,1,0
7.0,1.0,1.0,5,0.0,0,2.0,0.0,4.0,3.0,1,1,2,1,1,2.0,1,0.5,1,1,4,9.0,0.0,0.0,0.0,0.4166666666666665,0.0,0.0,0.1111111111111111,0.0,1,0
2.0,0.0,0.0,4,4.0,0,0.0,2.0,1.0,0.0,1,0,1,1,1,1.0,0,0.6189,1,1,1,20.0,0.0,0.7142857142857142,0.0,0.0,0.0,0.0,0.2,0.0,1,0
3.0,1.0,0.0,3,0.0,0,0.0,0.0,2.0,1.0,1,0,0,0,0,0.0,0,0.0,0,0,2,2.0,0.0,0.0,0.0,0.0,0.0,0.0,0.0,0.357142857142857,1,0
21.5,3.0,4.0,11,6.0,2,0.0,1.0,13.0,15.0,4,2,4,3,2,2.0,2,0.3077,1,1,11,13.0,0.4615384615384615,0.0,0.0,0.1538461538461538,0.0,0.0,0.1538461538461538,0.2307692307692307,1,0
5.0,2.0,0.0,6,1.0,0,0.0,1.0,4.0,3.0,1,0,0,0,0,1.0,0,0.0,0,0,4,8.0,0.0,0.5,0.0,0.0,0.0,0.0,0.25,0.25,1,0
7.0,1.0,1.0,5,2.0,2,0.0,2.0,7.0,9.0,4,2,3,2,2,1.0,1,0.4286,1,1,6,8.0,0.375,0.0,0.0,0.0,0.0,0.0,0.5,0.125,1,0
7.0,3.0,3.0,6,4.0,3,0.0,2.0,8.0,10.0,4,2,3,3,2,1.0,2,0.375,1,1,6,10.0,0.5,0.0,0.0,0.0,0.0,0.0,0.4,0.1,1,0
5.0,1.0,0.0,3,0.0,1,0.0,1.0,9.0,9.0,2,1,1,1,0,0.0,1,0.1111,0,1,5,7.0,0.4285714285714285,0.0,0.0,0.0,0.0,0.0,0.2857142857142857,0.2857142857142857,1,0
7.0,1.0,0.0,5,1.0,1,0.0,0.0,10.0,9.0,1,1,1,0,0,0.0,1,0.1,0,1,6,8.0,0.125,0.5,0.0,0.0,0.0,0.0,0.0,0.357142857142857,1,0
10.0,1.0,2.0,8,1.0,2,0.0,2.0,9.0,9.0,2,2,2,1,0,2.0,2,0.2222,0,1,9,15.0,0.2666666666666666,0.2666666666666666,0.0,0.0,0.0,0.0,0.2666666666666666,0.2,1,0
5.0,1.0,0.0,3,0.0,2,1.0,1.0,4.0,4.0,2,1,1,1,0,1.0,1,0.25,0,1,4,11.0,0.2727272727272727,0.0,0.0,0.3636363636363636,0.0,0.0,0.1818181818181818,0.1818181818181818,1,0
13.0,1.0,3.0,7,2.0,4,0.0,2.0,15.0,18.0,5,3,4,3,2,1.0,3,0.2667,1,1,12,18.0,0.6666666666666666,0.0,0.0,0.0,0.0,0.0,0.1111111111111111,0.2222222222222222,1,0
6.0,1.0,0.0,3,0.0,1,0.0,2.0,5.0,5.0,2,1,1,1,0,1.0,1,0.2,0,1,5,9.0,0.3333333333333333,0.0,0.0,0.0,0.0,0.0,0.4444444444444444,0.2222222222222222,1,0
6.0,0.0,0.0,5,0.0,1,0.0,2.0,5.0,5.0,2,1,1,1,0,1.0,1,0.2,0,1,5,9.0,0.3333333333333333,0.0,0.0,0.0,0.0,0.0,0.4444444444444444,0.2222222222222222,1,0
4.0,1.0,0.0,4,0.0,2,1.0,1.0,4.0,4.0,2,1,1,1,0,1.0,1,0.25,0,1,3,12.0,0.5,0.0,0.0,0.3333333333333333,0.0,0.0,0.1666666666666666,0.0,1,0
5.0,2.0,1.0,4,0.0,2,1.0,1.0,5.0,5.0,2,1,1,1,0,1.0,1,0.2,0,1,4,13.0,0.4615384615384615,0.0,0.0,0.3076923076923077,0.0,0.0,0.1538461538461538,0.0769230769230769,1,0
5.0,1.0,0.0,4,1.0,2,1.0,3.0,5.0,5.0,2,1,1,1,0,1.0,1,0.2,0,1,4,21.0,0.2857142857142857,0.1904761904761904,0.0,0.1904761904761904,0.0,0.0,0.2857142857142857,0.0476190476190476,1,0
3.0,3.0,2.0,2,1.0,0,0.0,0.0,2.0,1.0,1,0,0,0,0,0.0,0,0.0,0,0,2,6.0,0.0,0.6666666666666666,0.0,0.0,0.0,0.0,0.0,0.3333333333333333,1,0
6.0,0.0,0.0,3,0.0,1,0.0,3.0,5.0,4.0,1,1,1,0,0,2.0,1,0.2,0,1,5,10.0,0.3,0.0,0.0,0.0,0.0,0.0,0.6,0.1,1,0
8.0,2.0,2.0,4,1.0,1,0.0,2.0,7.0,6.0,1,1,1,0,0,2.0,1,0.1429,0,1,7,13.0,0.2307692307692307,0.3076923076923077,0.0,0.0,0.0,0.0,0.3076923076923077,0.1538461538461538,1,0
8.0,2.0,1.0,6,0.0,3,0.0,2.0,9.0,11.0,4,3,3,3,0,1.0,3,0.3333,0,1,7,12.0,0.75,0.0,0.0,0.0,0.0,0.0,0.1666666666666666,0.0833333333333333,1,0
6.0,1.0,1.0,4,0.0,2,1.0,2.0,5.0,5.0,2,1,1,1,0,1.0,1,0.2,0,1,5,14.0,0.2857142857142857,0.0,0.0,0.2857142857142857,0.0,0.0,0.2857142857142857,0.1428571428571428,1,0
8.0,3.5,2.0,9,1.0,4,1.0,3.0,10.0,12.0,4,3,3,3,0,0.0,3,0.3,0,1,7,25.0,0.48,0.16,0.0,0.16,0.0,0.0,0.16,0.04,1,0
5.0,0.0,0.0,4,0.0,1,0.0,0.0,4.0,3.0,1,1,1,0,0,2.0,1,0.25,0,1,4,2.0,0.5,0.0,0.0,0.0,0.0,0.0,0.0,0.357142857142857,1,0
4.0,0.0,0.0,3,0.0,1,0.0,0.0,3.0,2.0,1,1,1,0,0,2.0,1,0.3333,0,1,3,1.0,1.0,0.0,0.0,0.0,0.0,0.0,0.0,0.0,1,0
4.0,1.0,0.0,5,0.0,1,0.0,0.0,3.0,2.0,1,1,2,1,1,2.0,1,0.6189,1,1,3,1.0,1.0,0.0,0.0,0.0,0.0,0.0,0.0,0.0,1,0
13.0,3.0,3.0,13,3.0,6,2.0,5.0,14.0,16.0,4,4,4,3,0,2.0,4,0.2857,0,1,12,45.0,0.3555555555555555,0.2666666666666666,0.0,0.1777777777777777,0.0,0.0,0.1333333333333333,0.0666666666666666,1,0
10.0,1.0,2.0,8,1.0,2,0.0,2.0,9.0,9.0,2,2,2,1,0,2.0,2,0.2222,0,1,9,15.0,0.2666666666666666,0.2666666666666666,0.0,0.0,0.0,0.0,0.2666666666666666,0.2,1,0
13.0,3.0,3.0,13,3.0,6,2.0,5.0,14.0,16.0,4,4,4,3,0,2.0,4,0.2857,0,1,12,45.0,0.3555555555555555,0.2666666666666666,0.0,0.1777777777777777,0.0,0.0,0.1333333333333333,0.0666666666666666,1,0
10.0,1.0,2.0,8,1.0,2,0.0,2.0,9.0,9.0,2,2,2,1,0,2.0,2,0.2222,0,1,9,15.0,0.2666666666666666,0.2666666666666666,0.0,0.0,0.0,0.0,0.2666666666666666,0.2,1,0
13.0,3.0,3.0,13,3.0,6,2.0,5.0,14.0,16.0,4,4,4,3,0,2.0,4,0.2857,0,1,12,45.0,0.3555555555555555,0.2666666666666666,0.0,0.1777777777777777,0.0,0.0,0.1333333333333333,0.0666666666666666,1,0
10.0,1.0,2.0,7,1.0,2,0.0,2.0,9.0,9.0,2,2,2,1,0,2.0,2,0.2222,0,1,9,15.0,0.2666666666666666,0.2666666666666666,0.0,0.0,0.0,0.0,0.2666666666666666,0.2,1,0
13.0,3.0,2.0,11,4.0,6,2.0,5.0,16.0,18.0,4,4,4,3,0,2.0,4,0.25,0,1,12,41.0,0.3902439024390244,0.1951219512195122,0.0,0.1951219512195122,0.0,0.0,0.1463414634146341,0.073170731707317,1,0
15.0,1.0,0.0,4,7.5,0,0.0,2.0,13.0,13.0,2,1,1,1,0,1.0,1,0.0769,0,1,13,25.0,0.0,0.32,0.0,0.08,0.0,0.0,0.16,0.357142857142857,1,0
5.0,1.0,1.0,3,3.0,0,0.0,1.0,4.0,3.0,1,0,0,0,0,1.0,0,0.0,0,0,4,8.0,0.0,0.5,0.0,0.0,0.0,0.0,0.25,0.25,1,0
5.0,1.0,1.0,4,2.0,3,1.0,2.0,6.0,7.0,3,1,2,2,2,1.0,1,0.3333,1,1,4,14.0,0.3571428571428571,0.0,0.0,0.2857142857142857,0.0,0.0,0.2857142857142857,0.0714285714285714,1,0
6.0,1.0,1.0,8,0.0,2,1.0,1.0,5.0,6.0,3,1,2,2,1,1.0,1,0.4,1,1,5,10.0,0.3,0.0,0.0,0.4,0.0,0.0,0.2,0.1,1,0
5.0,1.0,0.0,6,0.0,1,0.0,0.0,4.0,5.0,3,1,2,2,1,1.0,1,0.5,1,1,4,2.0,0.5,0.0,0.0,0.0,0.0,0.0,0.0,0.357142857142857,1,0
8.0,2.0,1.0,6,2.0,4,1.0,4.0,9.0,10.0,3,1,2,2,2,1.0,1,0.2222,1,1,7,21.0,0.3333333333333333,0.0,0.0,0.1904761904761904,0.0,0.0,0.2857142857142857,0.1904761904761904,1,0
9.0,2.0,2.0,11,0.0,3,1.0,2.0,8.0,10.0,4,2,3,2,1,1.0,2,0.375,1,1,8,15.0,0.2666666666666666,0.0,0.0,0.4,0.0,0.0,0.1333333333333333,0.2,1,0
8.0,2.0,1.0,9,0.0,2,0.0,1.0,7.0,9.0,4,2,3,2,1,1.0,2,0.4286,1,1,7,7.0,0.2857142857142857,0.0,0.0,0.2857142857142857,0.0,0.0,0.0,0.357142857142857,1,0
4.0,1.0,0.0,4,0.0,2,1.0,1.0,3.0,3.0,2,1,1,1,0,1.0,1,0.3333,0,1,3,11.0,0.3636363636363636,0.0,0.0,0.3636363636363636,0.0,0.0,0.1818181818181818,0.0909090909090909,1,0
4.0,1.0,0.0,4,0.0,1,0.0,1.0,3.0,3.0,2,1,1,1,0,1.0,1,0.3333,0,1,3,6.0,0.5,0.0,0.0,0.0,0.0,0.0,0.3333333333333333,0.1666666666666666,1,0
4.0,2.0,1.0,3,0.0,2,1.0,1.0,3.0,3.0,2,1,1,1,0,1.0,1,0.3333,0,1,3,11.0,0.3636363636363636,0.0,0.0,0.3636363636363636,0.0,0.0,0.1818181818181818,0.0909090909090909,1,0
4.0,2.0,1.0,3,0.0,1,0.0,1.0,3.0,3.0,2,1,1,1,0,1.0,1,0.3333,0,1,3,6.0,0.5,0.0,0.0,0.0,0.0,0.0,0.3333333333333333,0.1666666666666666,1,0
6.0,2.0,2.0,4,5.0,2,0.0,2.0,7.0,8.0,3,1,2,2,2,1.0,1,0.2857,1,1,5,16.0,0.375,0.25,0.0,0.0,0.0,0.0,0.25,0.125,1,0
16.0,3.0,6.0,11,7.0,5,0.0,4.0,16.0,19.0,5,3,4,4,2,1.0,3,0.25,1,1,14,43.0,0.2558139534883721,0.4651162790697674,0.0,0.0,0.0,0.0,0.1395348837209302,0.1395348837209302,1,0
16.0,3.0,6.0,11,6.0,5,0.0,5.0,16.0,19.0,5,3,4,4,2,1.0,3,0.25,1,1,14,41.0,0.2682926829268293,0.3902439024390244,0.0,0.0,0.0,0.0,0.1951219512195122,0.1463414634146341,1,0
4.0,2.0,1.0,5,0.0,1,0.0,0.0,3.0,2.0,1,1,3,2,2,2.0,1,0.6189,1,1,3,1.0,1.0,0.0,0.0,0.0,0.0,0.0,0.0,0.0,1,0
12.0,2.0,3.0,8,3.0,3,0.0,3.0,11.0,12.0,3,2,2,2,0,1.0,2,0.1818,0,1,11,29.0,0.1724137931034483,0.4137931034482758,0.0,0.0,0.0,0.0,0.2068965517241379,0.2068965517241379,1,0
3.0,1.0,0.0,3,0.0,2,1.0,1.0,3.0,2.0,1,1,1,0,0,0.0,1,0.3333,0,1,2,12.0,0.5,0.0,0.0,0.3333333333333333,0.0,0.0,0.1666666666666666,0.0,1,0
14.0,3.5,2.0,12,6.0,6,2.0,5.0,17.0,19.0,4,4,5,4,1,2.0,4,0.2941,1,1,13,50.5,0.3137254901960784,0.3137254901960784,0.0,0.1568627450980392,0.0,0.0,0.1176470588235294,0.0980392156862745,1,0
20.0,2.0,1.0,7,7.5,0,0.0,6.0,18.0,18.0,2,1,1,1,0,1.0,1,0.0556,0,1,18,50.5,0.0,0.4444444444444444,0.0,0.037037037037037,0.0,0.0,0.2222222222222222,0.2962962962962963,1,0
11.0,2.0,2.0,8,3.0,2,0.0,2.0,10.0,10.0,2,2,3,2,1,2.0,2,0.3,1,1,10,25.0,0.16,0.48,0.0,0.0,0.0,0.0,0.16,0.2,1,0
6.0,2.0,2.0,4,1.0,1,0.0,1.0,5.0,5.0,2,1,1,1,0,1.0,1,0.2,0,1,5,11.0,0.2727272727272727,0.3636363636363636,0.0,0.0,0.0,0.0,0.1818181818181818,0.1818181818181818,1,0
11.0,1.0,3.0,6,5.0,4,0.0,1.0,12.0,15.0,5,2,4,4,3,1.0,2,0.3333,1,1,10,20.0,0.6,0.2,0.0,0.0,0.0,0.0,0.1,0.1,1,0
6.0,1.0,1.0,4,3.0,2,0.0,3.0,7.0,8.0,3,1,2,2,2,1.0,1,0.2857,1,1,5,17.0,0.3529411764705882,0.2352941176470588,0.0,0.0,0.0,0.0,0.3529411764705882,0.0588235294117647,1,0
8.0,1.0,2.0,7,1.0,3,0.0,4.0,7.0,8.0,3,1,2,2,1,1.0,1,0.2857,1,1,7,21.0,0.3333333333333333,0.1904761904761904,0.0,0.0,0.0,0.0,0.3809523809523809,0.0952380952380952,1,0
20.0,2.0,5.0,12,7.5,9,1.0,7.5,23.0,24.0,3,5,6,4,4,3.5,5,0.3478,1,1,18,50.5,0.4032258064516129,0.1935483870967742,0.0,0.064516129032258,0.0,0.0,0.3225806451612903,0.0161290322580645,1,0
7.0,1.0,2.0,6,1.0,3,0.0,4.0,6.0,7.0,3,2,2,1,0,1.0,2,0.3333,0,1,6,20.0,0.35,0.2,0.0,0.0,0.0,0.0,0.4,0.05,1,0
2.0,1.0,0.0,2,1.0,0,0.0,2.0,1.0,0.0,1,0,0,0,0,1.0,0,0.0,0,0,1,4.0,0.0,0.0,0.0,0.0,0.0,0.0,0.9375,0.0,1,0
5.0,3.5,4.0,3,0.0,0,0.0,0.0,2.0,1.0,1,0,0,0,0,1.0,0,0.0,0,0,2,1.0,0.0,0.0,0.0,0.0,0.0,0.0,0.0,0.357142857142857,1,0
2.0,1.0,0.0,2,0.0,0,0.0,2.0,1.0,0.0,1,0,0,0,0,1.0,0,0.0,0,0,1,4.0,0.0,0.0,0.0,0.0,0.0,0.0,0.9375,0.0,1,0
8.0,3.5,5.0,6,4.0,2,0.0,2.0,7.0,7.0,2,2,2,1,0,0.0,2,0.2857,0,1,7,30.0,0.2,0.5333333333333333,0.0,0.0,0.0,0.0,0.1333333333333333,0.1333333333333333,1,0
5.0,3.0,3.0,4,1.0,1,0.0,1.0,4.0,3.0,1,0,0,0,0,1.0,0,0.0,0,0,4,9.0,0.1111111111111111,0.4444444444444444,0.0,0.0,0.0,0.0,0.2222222222222222,0.2222222222222222,1,0
9.0,2.0,4.0,8,2.0,4,0.0,5.0,8.0,9.0,3,1,2,2,1,1.0,1,0.25,1,1,8,28.0,0.2857142857142857,0.2857142857142857,0.0,0.0,0.0,0.0,0.3571428571428571,0.0714285714285714,1,0
8.0,2.0,4.0,7,1.0,4,0.0,5.0,7.0,8.0,3,2,2,1,0,1.0,2,0.2857,0,1,7,23.0,0.3478260869565217,0.1739130434782608,0.0,0.0,0.0,0.0,0.4347826086956521,0.0434782608695652,1,0
2.0,2.0,1.0,2,1.0,0,0.0,2.0,1.0,0.0,1,0,0,0,0,1.0,0,0.0,0,0,1,4.0,0.0,0.0,0.0,0.0,0.0,0.0,0.9375,0.0,1,0
2.0,2.0,1.0,2,0.0,0,0.0,2.0,1.0,0.0,1,0,0,0,0,1.0,0,0.0,0,0,1,4.0,0.0,0.0,0.0,0.0,0.0,0.0,0.9375,0.0,1,0
16.0,3.5,7.0,8,7.5,7,2.0,6.0,15.0,17.0,4,3,5,3,3,2.0,3,0.3333,1,1,13,50.5,0.2786885245901639,0.3278688524590163,0.0,0.1311475409836065,0.0,0.0,0.1967213114754098,0.0655737704918032,1,0
15.0,0.0,2.0,8,5.0,7,2.0,5.0,14.0,17.0,5,3,5,4,2,2.0,3,0.3571,1,1,14,47.0,0.4468085106382978,0.0851063829787234,0.0,0.1702127659574468,0.0,0.0,0.2127659574468085,0.0851063829787234,1,0
12.0,1.0,2.0,8,2.0,5,0.0,2.0,13.0,13.0,2,4,5,1,2,3.5,4,0.3846,1,1,11,22.0,0.5909090909090909,0.0,0.0,0.0,0.0,0.0,0.4090909090909091,0.0,1,0
13.0,1.0,3.0,8,5.0,5,0.0,2.0,14.0,14.0,2,4,5,1,2,3.5,4,0.3571,1,1,12,26.0,0.5,0.1538461538461538,0.0,0.0,0.0,0.0,0.3461538461538461,0.0,1,0
3.0,2.0,1.0,3,1.0,0,0.0,0.0,2.0,1.0,1,0,0,0,0,1.0,0,0.0,0,0,2,5.0,0.0,0.7142857142857142,0.0,0.0,0.0,0.0,0.0,0.2,1,0
7.0,1.0,0.0,5,0.0,2,0.0,4.0,5.0,4.0,1,2,2,0,0,3.0,2,0.4,0,1,5,12.0,0.5,0.0,0.0,0.0,0.0,0.0,0.5,0.0,1,0
7.0,1.0,0.0,5,1.0,2,0.0,3.0,5.0,4.0,1,2,2,0,0,3.0,2,0.4,0,1,5,14.0,0.4285714285714285,0.2857142857142857,0.0,0.0,0.0,0.0,0.2857142857142857,0.0,1,0
9.0,2.0,1.0,6,2.0,4,1.0,4.0,7.0,7.0,2,3,3,1,0,3.0,3,0.4286,0,1,7,31.0,0.3870967741935484,0.2580645161290322,0.0,0.1290322580645161,0.0,0.0,0.1935483870967742,0.032258064516129,1,0
2.0,1.0,0.0,2,0.0,1,0.0,2.0,1.0,0.0,1,0,0,0,0,1.0,0,0.0,0,0,1,7.0,0.4285714285714285,0.0,0.0,0.0,0.0,0.0,0.5714285714285714,0.0,1,0
2.0,1.0,0.0,2,0.0,1,0.0,2.0,1.0,0.0,1,0,0,0,0,1.0,0,0.0,0,0,1,7.0,0.4285714285714285,0.0,0.0,0.0,0.0,0.0,0.5714285714285714,0.0,1,0
10.0,2.0,3.0,5,4.0,5,1.0,5.0,11.0,11.0,2,2,3,1,2,3.0,2,0.2727,1,1,9,28.0,0.4642857142857143,0.0,0.0,0.1428571428571428,0.0,0.0,0.3571428571428571,0.0357142857142857,1,0
2.0,1.0,0.0,2,0.0,0,0.0,1.0,1.0,0.0,1,0,1,1,1,1.0,0,0.6189,1,1,1,2.0,0.0,0.0,0.0,0.0,0.0,0.0,0.9375,0.0,1,0
9.0,2.0,2.0,4,4.0,4,0.0,4.0,10.0,10.0,2,2,3,1,2,3.0,2,0.3,1,1,8,21.0,0.5714285714285714,0.0,0.0,0.0,0.0,0.0,0.3809523809523809,0.0476190476190476,1,0
2.0,1.0,0.0,2,0.0,0,0.0,1.0,1.0,0.0,1,0,1,1,1,1.0,0,0.6189,1,1,1,2.0,0.0,0.0,0.0,0.0,0.0,0.0,0.9375,0.0,1,0
2.0,1.0,0.0,2,0.0,0,0.0,1.0,1.0,0.0,1,0,1,1,1,1.0,0,0.6189,1,1,1,2.0,0.0,0.0,0.0,0.0,0.0,0.0,0.9375,0.0,1,0
2.0,1.0,0.0,2,1.0,0,0.0,1.0,1.0,0.0,1,0,1,1,1,1.0,0,0.6189,1,1,1,6.0,0.0,0.6666666666666666,0.0,0.0,0.0,0.0,0.3333333333333333,0.0,1,0
8.0,2.0,2.0,4,5.0,4,0.0,5.0,9.0,9.0,2,2,3,1,2,3.0,2,0.3333,1,1,7,27.0,0.4444444444444444,0.1481481481481481,0.0,0.0,0.0,0.0,0.3703703703703703,0.037037037037037,1,0
2.0,1.0,0.0,2,1.0,0,0.0,1.0,1.0,0.0,1,0,1,1,1,1.0,0,0.6189,1,1,1,6.0,0.0,0.6666666666666666,0.0,0.0,0.0,0.0,0.3333333333333333,0.0,1,0
17.0,2.0,4.0,12,7.5,10,2.0,7.5,20.0,22.0,4,5,6,5,4,3.5,5,0.4,1,1,16,50.5,0.3733333333333333,0.2133333333333333,0.0,0.1066666666666666,0.0,0.0,0.2933333333333333,0.0133333333333333,1,0
10.0,2.0,3.0,5,6.0,5,1.0,7.5,11.0,11.0,2,2,3,1,2,3.0,2,0.2727,1,1,9,42.0,0.3095238095238095,0.1904761904761904,0.0,0.0952380952380952,0.0,0.0,0.3809523809523809,0.0238095238095238,1,0
13.0,1.0,3.0,7,3.0,5,1.0,2.0,14.0,14.0,2,3,4,1,2,3.5,3,0.2857,1,1,12,29.0,0.4482758620689655,0.1379310344827586,0.0,0.1379310344827586,0.0,0.0,0.2758620689655172,0.0,1,0
4.0,1.0,0.0,3,0.0,0,0.0,0.0,3.0,2.0,1,1,2,1,1,2.0,1,0.6189,1,1,3,1.0,0.0,0.0,0.0,0.0,0.0,0.0,0.9375,0.0,1,0
11.0,1.0,1.0,5,3.0,4,0.0,2.0,12.0,12.0,2,3,4,1,2,3.5,3,0.3333,1,1,10,22.0,0.4545454545454545,0.1818181818181818,0.0,0.0,0.0,0.0,0.3636363636363636,0.0,1,0
2.0,0.0,0.0,2,0.0,0,0.0,1.0,1.0,0.0,1,0,0,0,0,1.0,0,0.0,0,0,1,2.0,0.0,0.0,0.0,0.0,0.0,0.0,0.9375,0.0,1,0
2.0,0.0,0.0,3,0.0,0,0.0,1.0,1.0,0.0,1,0,0,0,0,1.0,0,0.0,0,0,1,2.0,0.0,0.0,0.0,0.0,0.0,0.0,0.9375,0.0,1,0
3.0,0.0,0.0,1,0.0,0,0.0,1.0,2.0,1.0,1,0,0,0,0,1.0,0,0.0,0,0,2,3.0,0.0,0.0,0.0,0.0,0.0,0.0,0.6666666666666666,0.3333333333333333,1,0
5.0,3.0,2.0,4,0.0,0,0.0,0.0,13.0,12.0,1,0,0,0,0,0.0,0,0.0,0,0,5,3.0,0.0,0.0,0.0,0.0,0.0,0.0,0.0,0.357142857142857,1,0
21.5,1.0,7.5,18,5.0,9,0.0,4.0,25.5,29.5,6,5,6,5,5,1.0,5,0.2245,1,1,18,48.0,0.3958333333333333,0.0,0.0,0.0416666666666666,0.0,0.0,0.1458333333333333,0.357142857142857,1,0
21.5,3.5,6.0,18,6.0,4,2.0,1.0,21.0,22.0,3,2,4,2,2,2.0,2,0.1905,1,1,18,34.0,0.2352941176470588,0.3529411764705882,0.0,0.2352941176470588,0.0,0.0,0.0,0.1764705882352941,1,0
7.0,2.0,2.0,10,1.0,2,1.0,2.0,5.0,5.0,2,0,1,1,1,0.0,0,0.2,1,1,5,18.0,0.3333333333333333,0.2222222222222222,0.0,0.2222222222222222,0.0,0.0,0.1111111111111111,0.1111111111111111,1,0
3.0,1.0,0.0,3,1.0,0,0.0,1.0,2.0,1.0,1,0,0,0,0,1.0,0,0.0,0,0,2,7.0,0.0,0.5714285714285714,0.0,0.0,0.0,0.0,0.2857142857142857,0.1428571428571428,1,0
21.5,2.0,5.0,18,4.0,6,2.5,4.0,25.5,29.5,5,4,5,5,2,1.0,3,0.1471,1,1,18,45.0,0.3777777777777777,0.0,0.0,0.4,0.0,0.0,0.0888888888888888,0.1333333333333333,1,0
20.0,2.0,4.0,16,5.0,2,0.0,3.0,18.0,20.0,4,1,3,2,2,1.0,1,0.1667,1,1,16,15.0,0.4,0.0,0.0,0.0,0.0,0.0,0.3333333333333333,0.2666666666666666,1,0
12.0,1.0,4.0,12,1.0,3,0.0,3.0,11.0,12.0,3,3,4,3,1,2.0,3,0.3636,1,1,11,17.0,0.2941176470588235,0.2352941176470588,0.0,0.0,0.0,0.0,0.3529411764705882,0.1176470588235294,1,0
21.5,2.0,7.0,18,7.5,3,0.0,5.0,23.0,28.0,6,3,5,3,1,2.0,3,0.2174,1,1,18,32.0,0.21875,0.125,0.0,0.0625,0.0,0.0,0.34375,0.25,1,0
7.0,1.0,1.0,8,0.0,3,1.0,1.0,7.0,8.0,3,2,3,1,1,3.0,2,0.4286,1,1,6,13.0,0.3076923076923077,0.0,0.0,0.3076923076923077,0.0,0.0,0.3846153846153846,0.0,1,0
2.0,1.0,0.0,2,0.0,0,0.0,0.0,1.0,0.0,1,0,0,0,0,1.0,0,0.0,0,0,1,2.0,0.0,0.0,0.0,0.0,0.0,0.0,0.9375,0.0,1,0
10.0,3.0,3.0,8,1.0,1,0.0,1.0,9.0,7.0,1,1,2,1,1,3.0,1,0.2222,1,1,8,9.0,0.1111111111111111,0.4444444444444444,0.0,0.0,0.0,0.0,0.2222222222222222,0.2222222222222222,1,0
2.0,2.0,1.0,2,0.0,0,0.0,0.0,1.0,0.0,1,0,0,0,0,0.0,0,0.0,0,0,1,3.0,0.0,0.0,0.0,0.0,0.0,0.0,0.6666666666666666,0.3333333333333333,1,0
21.5,3.5,6.0,18,7.5,8,0.0,7.5,25.5,29.5,6,5,6,5,2,1.0,5,0.2182,1,1,18,50.5,0.3333333333333333,0.0,0.0,0.0666666666666666,0.0,0.0,0.2,0.357142857142857,1,0
2.0,1.0,0.0,2,0.0,0,0.0,0.0,1.0,0.0,1,0,0,0,0,1.0,0,0.0,0,0,1,2.0,0.0,0.0,0.0,0.0,0.0,0.0,0.9375,0.0,1,0
2.0,2.0,1.0,2,0.0,0,0.0,0.0,1.0,0.0,1,0,0,0,0,0.0,0,0.0,0,0,1,3.0,0.0,0.0,0.0,0.0,0.0,0.0,0.6666666666666666,0.3333333333333333,1,0
10.0,1.0,1.0,8,0.0,1,0.0,0.0,9.0,7.0,1,1,2,1,1,3.0,1,0.2222,1,1,8,3.0,0.3333333333333333,0.0,0.0,0.0,0.0,0.0,0.0,0.357142857142857,1,0
21.5,2.0,7.5,18,3.0,5,0.0,7.5,25.5,29.5,6,5,6,5,2,1.0,5,0.1552,1,1,18,50.5,0.2075471698113207,0.0,0.0,0.1132075471698113,0.0,0.0,0.320754716981132,0.357142857142857,1,0
10.0,1.0,1.0,8,1.0,1,0.0,1.0,9.0,7.0,1,1,2,1,1,3.0,1,0.2222,1,1,8,9.0,0.1111111111111111,0.4444444444444444,0.0,0.0,0.0,0.0,0.2222222222222222,0.2222222222222222,1,0
6.0,2.0,1.0,5,0.0,2,0.0,1.0,6.0,6.0,2,2,2,1,0,1.0,2,0.3333,0,1,5,3.0,0.6666666666666666,0.0,0.0,0.0,0.0,0.0,0.0,0.3333333333333333,1,0
10.0,1.0,1.0,8,1.0,1,0.0,1.0,9.0,7.0,1,1,2,1,1,3.0,1,0.2222,1,1,8,9.0,0.1111111111111111,0.4444444444444444,0.0,0.0,0.0,0.0,0.2222222222222222,0.2222222222222222,1,0
6.0,2.0,1.0,5,0.0,2,0.0,1.0,6.0,6.0,2,2,2,1,0,1.0,2,0.3333,0,1,5,3.0,0.6666666666666666,0.0,0.0,0.0,0.0,0.0,0.0,0.3333333333333333,1,0
6.0,2.0,1.0,5,0.0,2,0.0,1.0,6.0,6.0,2,2,2,1,0,1.0,2,0.3333,0,1,5,3.0,0.6666666666666666,0.0,0.0,0.0,0.0,0.0,0.0,0.3333333333333333,1,0
4.0,1.0,0.0,3,0.0,1,0.0,0.0,3.0,2.0,1,1,1,0,0,2.0,1,0.3333,0,1,3,1.0,1.0,0.0,0.0,0.0,0.0,0.0,0.0,0.0,1,0
6.0,2.0,1.0,5,0.0,2,0.0,1.0,6.0,6.0,2,2,2,1,0,1.0,2,0.3333,0,1,5,3.0,0.6666666666666666,0.0,0.0,0.0,0.0,0.0,0.0,0.3333333333333333,1,0
4.0,1.0,0.0,3,0.0,1,0.0,0.0,3.0,2.0,1,1,1,0,0,2.0,1,0.3333,0,1,3,1.0,1.0,0.0,0.0,0.0,0.0,0.0,0.0,0.0,1,0
4.0,1.0,0.0,3,0.0,1,0.0,2.0,3.0,2.0,1,1,1,0,0,2.0,1,0.3333,0,1,3,1.0,1.0,0.0,0.0,0.0,0.0,0.0,0.0,0.0,1,0
10.0,1.0,1.0,8,0.0,0,0.0,0.0,9.0,7.0,1,1,2,1,1,3.0,1,0.2222,1,1,8,4.0,0.0,0.0,0.0,0.4166666666666665,0.0,0.0,0.0,0.357142857142857,1,0
12.0,2.0,3.0,13,2.0,3,0.0,1.0,13.0,15.0,4,3,4,3,2,1.0,2,0.3077,1,1,11,16.0,0.4375,0.0,0.0,0.125,0.0,0.0,0.125,0.3125,1,0
10.0,1.0,1.0,7,0.0,1,0.0,0.0,9.0,7.0,1,1,2,1,1,3.0,1,0.2222,1,1,8,3.0,0.3333333333333333,0.0,0.0,0.0,0.0,0.0,0.0,0.357142857142857,1,0
13.0,2.0,2.0,16,3.0,4,1.0,5.0,12.0,12.0,2,4,4,1,0,3.0,4,0.3333,0,1,12,38.0,0.2631578947368421,0.2105263157894736,0.0,0.1578947368421052,0.0,0.0,0.2631578947368421,0.1052631578947368,1,0
2.0,1.0,0.0,2,0.0,0,0.0,1.0,1.0,0.0,1,0,1,1,1,1.0,0,0.6189,1,1,1,2.0,0.0,0.0,0.0,0.0,0.0,0.0,0.9375,0.0,1,0
7.0,2.0,1.0,4,0.0,1,0.0,0.0,6.0,4.0,1,1,1,0,0,3.0,1,0.1667,0,1,5,1.0,1.0,0.0,0.0,0.0,0.0,0.0,0.0,0.0,1,0
2.0,1.0,0.0,2,0.0,0,0.0,0.0,1.0,0.0,1,0,1,1,1,1.0,0,0.6189,1,1,1,2.0,0.0,0.0,0.0,0.0,0.0,0.0,0.9375,0.0,1,0
7.0,2.0,1.0,4,0.0,1,0.0,0.0,6.0,4.0,1,1,1,0,0,3.0,1,0.1667,0,1,5,1.0,1.0,0.0,0.0,0.0,0.0,0.0,0.0,0.0,1,0
2.0,1.0,0.0,2,0.0,0,0.0,1.0,1.0,0.0,1,0,1,1,1,1.0,0,0.6189,1,1,1,2.0,0.0,0.0,0.0,0.0,0.0,0.0,0.9375,0.0,1,0
7.0,2.0,1.0,4,0.0,1,0.0,0.0,6.0,4.0,1,1,1,0,0,3.0,1,0.1667,0,1,5,1.0,1.0,0.0,0.0,0.0,0.0,0.0,0.0,0.0,1,0
2.0,1.0,0.0,2,0.0,0,0.0,1.0,1.0,0.0,1,0,1,1,1,1.0,0,0.6189,1,1,1,2.0,0.0,0.0,0.0,0.0,0.0,0.0,0.9375,0.0,1,0
7.0,2.0,1.0,4,0.0,1,0.0,0.0,6.0,4.0,1,1,1,0,0,3.0,1,0.1667,0,1,5,1.0,1.0,0.0,0.0,0.0,0.0,0.0,0.0,0.0,1,0
7.0,2.0,1.0,4,0.0,1,0.0,0.0,6.0,4.0,1,1,1,0,0,3.0,1,0.1667,0,1,5,1.0,1.0,0.0,0.0,0.0,0.0,0.0,0.0,0.0,1,0
7.0,2.0,1.0,4,0.0,1,0.0,0.0,6.0,4.0,1,1,1,0,0,3.0,1,0.1667,0,1,5,1.0,1.0,0.0,0.0,0.0,0.0,0.0,0.0,0.0,1,0
21.5,1.0,7.5,18,7.5,10,2.5,7.5,25.5,29.5,6,5,6,5,0,3.5,5,0.2021,0,1,18,50.5,0.2314410480349345,0.1921397379912663,0.0,0.3668122270742358,0.0,0.0,0.2096069868995633,0.0,1,0
4.0,1.0,0.0,3,0.0,1,0.0,0.0,3.0,2.0,1,1,1,0,0,2.0,1,0.3333,0,1,3,1.0,1.0,0.0,0.0,0.0,0.0,0.0,0.0,0.0,1,0
7.0,1.0,1.0,7,3.0,4,0.0,4.0,8.0,8.0,2,2,3,1,2,3.0,2,0.375,1,1,6,21.0,0.4285714285714285,0.1904761904761904,0.0,0.0,0.0,0.0,0.3809523809523809,0.0,1,0
7.0,1.0,1.0,8,2.0,1,0.0,1.0,8.0,8.0,2,2,3,1,2,3.0,2,0.375,1,1,6,12.0,0.25,0.0,0.0,0.3333333333333333,0.0,0.0,0.4166666666666667,0.0,1,0
4.0,1.0,0.0,3,0.0,1,0.0,0.0,3.0,2.0,1,1,1,0,0,2.0,1,0.3333,0,1,3,1.0,1.0,0.0,0.0,0.0,0.0,0.0,0.0,0.0,1,0
4.0,1.0,0.0,3,0.0,1,0.0,0.0,3.0,2.0,1,1,1,0,0,2.0,1,0.3333,0,1,3,1.0,1.0,0.0,0.0,0.0,0.0,0.0,0.0,0.0,1,0
4.0,1.0,0.0,3,0.0,1,0.0,0.0,3.0,2.0,1,1,1,0,0,2.0,1,0.3333,0,1,3,1.0,1.0,0.0,0.0,0.0,0.0,0.0,0.0,0.0,1,0
4.0,1.0,0.0,3,0.0,1,0.0,0.0,3.0,2.0,1,1,1,0,0,2.0,1,0.3333,0,1,3,1.0,1.0,0.0,0.0,0.0,0.0,0.0,0.0,0.0,1,0
6.0,1.0,0.0,6,0.0,1,0.0,1.0,6.0,6.0,2,2,2,1,0,2.0,2,0.3333,0,1,5,3.0,0.3333333333333333,0.0,0.0,0.4166666666666665,0.0,0.0,0.0,0.0,1,0
10.0,1.0,2.0,7,2.0,4,0.0,5.0,13.0,16.0,5,3,4,3,2,1.0,3,0.3077,1,1,9,16.0,0.5625,0.0,0.0,0.0,0.0,0.0,0.375,0.0625,1,0
10.0,1.0,2.0,7,2.0,4,0.0,5.0,13.0,16.0,5,3,4,3,2,1.0,3,0.3077,1,1,9,16.0,0.5625,0.0,0.0,0.0,0.0,0.0,0.375,0.0625,1,0
10.0,1.0,2.0,7,2.0,4,0.0,5.0,13.0,16.0,5,3,4,3,2,1.0,3,0.3077,1,1,9,16.0,0.5625,0.0,0.0,0.0,0.0,0.0,0.375,0.0625,1,0
10.0,1.0,2.0,7,2.0,4,0.0,5.0,13.0,16.0,5,3,4,3,2,1.0,3,0.3077,1,1,9,16.0,0.5625,0.0,0.0,0.0,0.0,0.0,0.375,0.0625,1,0
12.0,1.0,2.0,9,2.0,4,0.0,5.0,15.0,18.0,5,4,5,3,2,2.0,4,0.3333,1,1,11,18.0,0.5,0.0,0.0,0.1111111111111111,0.0,0.0,0.3333333333333333,0.0555555555555555,1,0
12.0,1.0,2.0,9,2.0,4,0.0,5.0,15.0,18.0,5,4,5,3,2,2.0,4,0.3333,1,1,11,18.0,0.5,0.0,0.0,0.1111111111111111,0.0,0.0,0.3333333333333333,0.0555555555555555,1,0
10.0,1.0,2.0,7,2.0,4,0.0,5.0,13.0,16.0,5,3,4,3,2,1.0,3,0.3077,1,1,9,16.0,0.5625,0.0,0.0,0.0,0.0,0.0,0.375,0.0625,1,0
10.0,1.0,2.0,7,2.0,4,0.0,5.0,13.0,16.0,5,3,4,3,2,1.0,3,0.3077,1,1,9,16.0,0.5625,0.0,0.0,0.0,0.0,0.0,0.375,0.0625,1,0
10.0,1.0,2.0,7,2.0,4,0.0,5.0,13.0,16.0,5,3,4,3,2,1.0,3,0.3077,1,1,9,16.0,0.5625,0.0,0.0,0.0,0.0,0.0,0.375,0.0625,1,0
10.0,1.0,2.0,7,2.0,4,0.0,5.0,13.0,16.0,5,3,4,3,2,1.0,3,0.3077,1,1,9,16.0,0.5625,0.0,0.0,0.0,0.0,0.0,0.375,0.0625,1,0
12.0,1.0,2.0,9,2.0,4,0.0,5.0,15.0,18.0,5,4,5,3,2,2.0,4,0.3333,1,1,11,18.0,0.5,0.0,0.0,0.1111111111111111,0.0,0.0,0.3333333333333333,0.0555555555555555,1,0
12.0,1.0,2.0,9,2.0,4,0.0,5.0,15.0,18.0,5,4,5,3,2,2.0,4,0.3333,1,1,11,18.0,0.5,0.0,0.0,0.1111111111111111,0.0,0.0,0.3333333333333333,0.0555555555555555,1,0
21.5,1.0,7.5,18,7.5,10,2.5,7.5,25.5,29.5,6,5,6,4,3,3.5,5,0.3793,1,1,18,50.5,0.3778625954198473,0.0610687022900763,0.0,0.3816793893129771,0.0,0.0,0.1450381679389313,0.0343511450381679,1,0
4.0,1.0,0.0,4,0.0,0,0.0,0.0,3.0,2.0,1,0,0,0,0,0.0,0,0.0,0,0,3,3.0,0.0,0.0,0.0,0.0,0.0,0.0,0.0,0.357142857142857,1,0
3.0,1.0,1.0,4,2.0,1,0.0,3.0,4.0,4.0,2,0,1,1,2,0.0,0,0.25,1,1,2,9.0,0.2222222222222222,0.0,0.0,0.0,0.0,0.0,0.6666666666666666,0.1111111111111111,1,0
2.0,2.0,1.0,2,0.0,0,0.0,0.0,1.0,0.0,1,0,0,0,0,0.0,0,0.0,0,0,1,1.0,0.0,0.0,0.0,0.0,0.0,0.0,0.0,0.357142857142857,1,0
19.0,1.0,5.0,17,3.0,3,0.0,3.0,18.0,20.0,4,2,3,2,2,1.0,2,0.1667,1,1,16,24.0,0.2916666666666667,0.1666666666666666,0.0,0.0,0.0,0.0,0.25,0.2916666666666667,1,0
16.0,2.0,5.0,15,2.0,3,0.0,3.0,15.0,17.0,4,2,3,2,2,0.0,2,0.2,1,1,13,20.0,0.35,0.0,0.0,0.0,0.0,0.0,0.3,0.35,1,0
21.5,1.0,7.5,18,7.5,10,2.0,7.5,25.5,29.5,6,5,6,5,2,2.0,5,0.2558,1,1,18,50.5,0.3551401869158878,0.1121495327102803,0.0,0.0654205607476635,0.0,0.0,0.3738317757009345,0.0934579439252336,1,0
21.5,2.0,7.5,18,7.5,10,1.0,7.5,25.5,29.5,6,5,6,5,2,1.0,5,0.25,1,1,18,50.5,0.336734693877551,0.0816326530612244,0.0,0.0408163265306122,0.0,0.0,0.3877551020408163,0.1530612244897959,1,0
21.0,1.0,3.0,17,0.0,4,0.0,4.0,25.0,24.0,1,2,2,1,0,2.0,1,0.08,0,1,16,4.0,0.5,0.0,0.0,0.0,0.0,0.0,0.0,0.357142857142857,1,0
4.0,1.0,1.0,4,0.0,0,0.0,1.0,3.0,2.0,1,0,1,1,1,1.0,0,0.3333,1,1,3,3.0,0.0,0.0,0.0,0.0,0.0,0.0,0.6666666666666666,0.3333333333333333,1,0
14.0,2.0,2.0,10,0.0,2,0.0,1.0,15.0,16.0,3,2,2,2,0,0.0,2,0.1333,0,1,10,5.0,0.4,0.0,0.0,0.0,0.0,0.0,0.0,0.357142857142857,1,0
16.0,1.0,1.0,12,0.0,2,0.0,1.0,19.0,19.0,2,2,2,2,0,1.0,1,0.1053,0,1,12,4.0,0.5,0.0,0.0,0.0,0.0,0.0,0.0,0.357142857142857,1,0
5.0,1.0,1.0,5,0.0,1,0.0,1.0,5.0,5.0,2,1,2,2,1,1.0,1,0.4,1,1,4,1.0,1.0,0.0,0.0,0.0,0.0,0.0,0.0,0.0,1,0
7.0,2.0,1.0,7,0.0,1,0.0,0.0,6.0,5.0,1,2,2,0,0,0.0,2,0.3333,0,1,6,7.0,0.1428571428571428,0.0,0.0,0.2857142857142857,0.0,0.0,0.0,0.357142857142857,1,0
4.0,3.0,2.0,4,0.0,0,0.0,0.0,3.0,2.0,1,0,0,0,0,0.0,0,0.0,0,0,3,3.0,0.0,0.0,0.0,0.0,0.0,0.0,0.0,0.357142857142857,1,0
9.0,3.5,2.0,9,0.0,1,0.0,0.0,7.0,8.0,3,2,2,1,0,0.0,2,0.2857,0,1,7,8.0,0.125,0.0,0.0,0.25,0.0,0.0,0.0,0.357142857142857,1,0
4.0,3.0,2.0,4,0.0,0,0.0,0.0,3.0,2.0,1,0,0,0,0,0.0,0,0.0,0,0,3,3.0,0.0,0.0,0.0,0.0,0.0,0.0,0.0,0.357142857142857,1,0
9.0,3.5,2.0,9,0.0,1,0.0,0.0,7.0,8.0,3,2,2,1,0,0.0,2,0.2857,0,1,7,8.0,0.125,0.0,0.0,0.25,0.0,0.0,0.0,0.357142857142857,1,0
4.0,3.0,2.0,4,0.0,0,0.0,0.0,3.0,2.0,1,0,0,0,0,0.0,0,0.0,0,0,3,3.0,0.0,0.0,0.0,0.0,0.0,0.0,0.0,0.357142857142857,1,0
9.0,3.5,2.0,9,0.0,1,0.0,0.0,7.0,8.0,3,2,2,1,0,0.0,2,0.2857,0,1,7,8.0,0.125,0.0,0.0,0.25,0.0,0.0,0.0,0.357142857142857,1,0
4.0,3.0,2.0,4,0.0,0,0.0,0.0,3.0,2.0,1,0,0,0,0,0.0,0,0.0,0,0,3,3.0,0.0,0.0,0.0,0.0,0.0,0.0,0.0,0.357142857142857,1,0
9.0,3.5,2.0,9,0.0,1,0.0,0.0,7.0,8.0,3,2,2,1,0,0.0,2,0.2857,0,1,7,8.0,0.125,0.0,0.0,0.25,0.0,0.0,0.0,0.357142857142857,1,0
4.0,3.0,2.0,4,0.0,0,0.0,0.0,3.0,2.0,1,0,0,0,0,0.0,0,0.0,0,0,3,3.0,0.0,0.0,0.0,0.0,0.0,0.0,0.0,0.357142857142857,1,0
9.0,3.5,2.0,9,0.0,1,0.0,0.0,7.0,8.0,3,2,2,1,0,0.0,2,0.2857,0,1,7,8.0,0.125,0.0,0.0,0.25,0.0,0.0,0.0,0.357142857142857,1,0
4.0,3.0,2.0,4,0.0,0,0.0,0.0,3.0,2.0,1,0,0,0,0,0.0,0,0.0,0,0,3,3.0,0.0,0.0,0.0,0.0,0.0,0.0,0.0,0.357142857142857,1,0
9.0,3.5,2.0,9,0.0,1,0.0,0.0,7.0,8.0,3,2,2,1,0,0.0,2,0.2857,0,1,7,8.0,0.125,0.0,0.0,0.25,0.0,0.0,0.0,0.357142857142857,1,0
4.0,3.0,2.0,4,0.0,0,0.0,0.0,3.0,2.0,1,0,0,0,0,0.0,0,0.0,0,0,3,3.0,0.0,0.0,0.0,0.0,0.0,0.0,0.0,0.357142857142857,1,0
9.0,3.5,2.0,9,0.0,1,0.0,0.0,7.0,8.0,3,2,2,1,0,0.0,2,0.2857,0,1,7,8.0,0.125,0.0,0.0,0.25,0.0,0.0,0.0,0.357142857142857,1,0
7.0,3.5,3.0,7,0.0,1,0.0,0.0,5.0,5.0,2,1,1,1,0,0.0,1,0.2,0,1,5,5.0,0.2,0.0,0.0,0.0,0.0,0.0,0.0,0.357142857142857,1,0
9.0,3.5,2.0,9,0.0,1,0.0,0.0,7.0,8.0,3,2,2,1,0,0.0,2,0.2857,0,1,7,8.0,0.125,0.0,0.0,0.25,0.0,0.0,0.0,0.357142857142857,1,0
4.0,3.0,2.0,4,0.0,0,0.0,0.0,3.0,2.0,1,0,0,0,0,0.0,0,0.0,0,0,3,3.0,0.0,0.0,0.0,0.0,0.0,0.0,0.0,0.357142857142857,1,0
9.0,3.5,2.0,9,0.0,1,0.0,0.0,7.0,8.0,3,2,2,1,0,0.0,2,0.2857,0,1,7,8.0,0.125,0.0,0.0,0.25,0.0,0.0,0.0,0.357142857142857,1,0
2.0,2.0,1.0,2,0.0,0,0.0,0.0,1.0,0.0,1,0,0,0,0,0.0,0,0.0,0,0,1,1.0,0.0,0.0,0.0,0.0,0.0,0.0,0.0,0.357142857142857,1,0
10.0,2.0,4.0,11,1.0,4,2.0,2.0,9.0,9.0,2,3,3,1,0,0.0,3,0.3333,0,1,9,31.0,0.3225806451612903,0.1290322580645161,0.0,0.3225806451612903,0.0,0.0,0.1290322580645161,0.0967741935483871,1,0
5.0,2.0,1.0,5,0.0,1,0.0,0.0,4.0,4.0,2,1,1,1,0,0.0,1,0.25,0,1,4,7.0,0.4285714285714285,0.0,0.0,0.0,0.0,0.0,0.1428571428571428,0.357142857142857,1,0
2.0,1.0,0.0,1,0.0,0,0.0,0.0,1.0,0.0,1,0,0,0,0,0.0,0,0.0,0,0,1,1.0,0.0,0.0,0.0,0.0,0.0,0.0,0.0,0.357142857142857,1,0
2.0,1.0,0.0,1,0.0,0,0.0,0.0,1.0,0.0,1,0,0,0,0,0.0,0,0.0,0,0,1,1.0,0.0,0.0,0.0,0.0,0.0,0.0,0.0,0.357142857142857,1,0
2.0,1.0,0.0,1,0.0,0,0.0,0.0,1.0,0.0,1,0,0,0,0,0.0,0,0.0,0,0,1,1.0,0.0,0.0,0.0,0.0,0.0,0.0,0.0,0.357142857142857,1,0
4.0,1.0,0.0,2,0.0,1,0.0,1.0,3.0,3.0,2,1,1,1,0,0.0,1,0.3333,0,1,3,3.0,0.3333333333333333,0.0,0.0,0.0,0.0,0.0,0.0,0.357142857142857,1,0
4.0,1.0,0.0,2,0.0,1,0.0,1.0,3.0,3.0,2,1,1,1,0,0.0,1,0.3333,0,1,3,3.0,0.3333333333333333,0.0,0.0,0.0,0.0,0.0,0.0,0.357142857142857,1,0
2.0,1.0,0.0,1,0.0,0,0.0,0.0,1.0,0.0,1,0,0,0,0,0.0,0,0.0,0,0,1,1.0,0.0,0.0,0.0,0.0,0.0,0.0,0.0,0.357142857142857,1,0
4.0,1.0,0.0,2,0.0,1,0.0,1.0,3.0,3.0,2,1,1,1,0,0.0,1,0.3333,0,1,3,3.0,0.3333333333333333,0.0,0.0,0.0,0.0,0.0,0.0,0.357142857142857,1,0
12.0,3.0,5.0,11,2.0,3,0.0,2.0,12.0,14.0,4,2,3,3,2,0.0,2,0.25,1,1,10,16.0,0.4375,0.0,0.0,0.0,0.0,0.0,0.25,0.3125,1,0
3.0,1.0,0.0,3,0.0,3,1.0,0.0,2.0,1.0,1,0,0,0,0,1.0,0,0.0,0,0,2,5.0,0.2,0.0,0.0,0.4166666666666665,0.0,0.0,0.0,0.0,1,0
9.0,1.0,0.0,7,0.0,6,0.0,0.0,8.0,8.0,2,2,2,1,0,0.0,2,0.25,0,1,8,5.0,0.4,0.0,0.0,0.0,0.0,0.0,0.0,0.357142857142857,1,0
9.0,1.0,0.0,9,0.0,4,0.0,0.0,8.0,7.0,1,3,3,0,0,0.0,3,0.375,0,1,8,6.0,0.3333333333333333,0.0,0.0,0.3333333333333333,0.0,0.0,0.0,0.3333333333333333,1,0
11.0,1.0,4.0,10,7.0,5,2.0,5.0,12.0,13.0,3,3,4,2,2,0.0,3,0.3333,1,1,10,50.5,0.2542372881355932,0.3389830508474576,0.0,0.1694915254237288,0.0,0.0,0.2033898305084746,0.0338983050847457,1,0
2.0,1.0,0.0,2,0.0,0,0.0,0.0,1.0,0.0,1,0,0,0,0,0.0,0,0.0,0,0,1,1.0,0.0,0.0,0.0,0.0,0.0,0.0,0.0,0.357142857142857,1,0
7.0,2.0,1.0,10,0.0,1,1.0,0.0,5.0,4.0,1,2,2,0,0,0.0,2,0.4,0,1,5,10.0,0.1,0.0,0.0,0.4166666666666665,0.0,0.0,0.0,0.3,1,0
5.0,2.0,1.0,8,0.0,1,1.0,0.0,4.0,3.0,1,1,1,0,0,0.0,1,0.25,0,1,4,8.0,0.125,0.0,0.0,0.4166666666666665,0.0,0.0,0.0,0.357142857142857,1,0
2.0,1.0,0.0,2,0.0,0,0.0,0.0,1.0,0.0,1,0,0,0,0,0.0,0,0.0,0,0,1,1.0,0.0,0.0,0.0,0.0,0.0,0.0,0.0,0.357142857142857,1,0
2.0,1.0,0.0,2,0.0,0,0.0,0.0,1.0,0.0,1,0,0,0,0,0.0,0,0.0,0,0,1,1.0,0.0,0.0,0.0,0.0,0.0,0.0,0.0,0.357142857142857,1,0
4.0,2.0,1.0,4,0.0,1,1.0,0.0,3.0,2.0,1,1,1,0,0,0.0,1,0.3333,0,1,3,7.0,0.1428571428571428,0.0,0.0,0.4166666666666665,0.0,0.0,0.0,0.2857142857142857,1,0
2.0,2.0,1.0,2,0.0,0,0.0,0.0,1.0,0.0,1,0,0,0,0,0.0,0,0.0,0,0,1,1.0,0.0,0.0,0.0,0.0,0.0,0.0,0.0,0.357142857142857,1,0
4.0,1.0,0.0,3,0.0,1,0.0,0.0,3.0,2.0,1,1,1,0,0,2.0,1,0.3333,0,1,3,1.0,1.0,0.0,0.0,0.0,0.0,0.0,0.0,0.0,1,0
21.5,3.5,3.0,18,0.0,10,2.5,0.0,25.5,29.5,6,5,6,1,0,1.0,5,0.4615,0,1,18,50.5,0.0,0.0,0.0,0.4166666666666665,0.0,0.0,0.0,0.357142857142857,1,0
2.0,2.0,1.0,2,0.0,0,0.0,0.0,1.0,0.0,1,0,0,0,0,0.0,0,0.0,0,0,1,1.0,0.0,0.0,0.0,0.0,0.0,0.0,0.0,0.357142857142857,1,0
2.0,3.0,2.0,2,0.0,0,0.0,0.0,1.0,0.0,1,0,0,0,0,0.0,0,0.0,0,0,1,1.0,0.0,0.0,0.0,0.0,0.0,0.0,0.0,0.357142857142857,1,0
2.0,3.0,2.0,2,0.0,2,0.0,0.0,1.0,0.0,1,0,0,0,0,0.0,0,0.0,0,0,1,1.0,0.0,0.0,0.0,0.0,0.0,0.0,0.0,0.357142857142857,1,0
4.0,3.0,2.0,4,0.0,0,0.0,0.0,3.0,2.0,1,0,0,0,0,0.0,0,0.0,0,0,3,3.0,0.0,0.0,0.0,0.0,0.0,0.0,0.0,0.357142857142857,1,0
7.0,3.0,3.0,7,2.0,2,0.0,2.0,8.0,9.0,3,1,3,2,3,0.0,1,0.375,1,1,6,13.0,0.3846153846153846,0.0,0.0,0.0,0.0,0.0,0.3076923076923077,0.3076923076923077,1,0
7.0,3.0,3.0,7,2.0,2,0.0,2.0,8.0,9.0,3,1,3,2,3,0.0,1,0.375,1,1,6,13.0,0.3846153846153846,0.0,0.0,0.0,0.0,0.0,0.3076923076923077,0.3076923076923077,1,0
7.0,3.0,3.0,7,2.0,2,0.0,2.0,8.0,9.0,3,1,3,2,3,0.0,1,0.375,1,1,6,13.0,0.3846153846153846,0.0,0.0,0.0,0.0,0.0,0.3076923076923077,0.3076923076923077,1,0
7.0,3.0,3.0,7,2.0,2,0.0,2.0,8.0,9.0,3,1,3,2,3,0.0,1,0.375,1,1,6,13.0,0.3846153846153846,0.0,0.0,0.0,0.0,0.0,0.3076923076923077,0.3076923076923077,1,0
7.0,3.0,3.0,7,2.0,2,0.0,2.0,8.0,9.0,3,1,3,2,3,0.0,1,0.375,1,1,6,13.0,0.3846153846153846,0.0,0.0,0.0,0.0,0.0,0.3076923076923077,0.3076923076923077,1,0
7.0,3.0,3.0,7,2.0,2,0.0,2.0,8.0,9.0,3,1,3,2,3,0.0,1,0.375,1,1,6,13.0,0.3846153846153846,0.0,0.0,0.0,0.0,0.0,0.3076923076923077,0.3076923076923077,1,0
7.0,3.0,3.0,7,2.0,2,0.0,2.0,8.0,9.0,3,1,3,2,3,0.0,1,0.375,1,1,6,13.0,0.3846153846153846,0.0,0.0,0.0,0.0,0.0,0.3076923076923077,0.3076923076923077,1,0
7.0,3.0,3.0,7,2.0,2,0.0,2.0,8.0,9.0,3,1,3,2,3,0.0,1,0.375,1,1,6,13.0,0.3846153846153846,0.0,0.0,0.0,0.0,0.0,0.3076923076923077,0.3076923076923077,1,0
11.0,3.0,4.0,9,2.0,3,0.0,2.0,11.0,13.0,4,2,3,3,2,0.0,2,0.2727,1,1,9,15.0,0.4,0.0,0.0,0.0,0.0,0.0,0.2666666666666666,0.3333333333333333,1,0
2.0,3.0,2.0,2,0.0,0,0.0,0.0,1.0,0.0,1,0,0,0,0,0.0,0,0.0,0,0,1,1.0,0.0,0.0,0.0,0.0,0.0,0.0,0.0,0.357142857142857,1,0
2.0,3.0,2.0,2,0.0,0,0.0,0.0,1.0,0.0,1,0,0,0,0,0.0,0,0.0,0,0,1,1.0,0.0,0.0,0.0,0.0,0.0,0.0,0.0,0.357142857142857,1,0
4.0,3.0,2.0,6,0.0,0,0.0,0.0,3.0,2.0,1,0,0,0,0,0.0,0,0.0,0,0,3,3.0,0.0,0.0,0.0,0.0,0.0,0.0,0.0,0.357142857142857,1,0
2.0,3.0,2.0,2,0.0,0,0.0,0.0,1.0,0.0,1,0,0,0,0,0.0,0,0.0,0,0,1,1.0,0.0,0.0,0.0,0.0,0.0,0.0,0.0,0.357142857142857,1,0
2.0,3.0,2.0,2,0.0,0,0.0,0.0,1.0,0.0,1,0,0,0,0,0.0,0,0.0,0,0,1,1.0,0.0,0.0,0.0,0.0,0.0,0.0,0.0,0.357142857142857,1,0
2.0,3.0,2.0,2,0.0,0,0.0,0.0,1.0,0.0,1,0,0,0,0,0.0,0,0.0,0,0,1,1.0,0.0,0.0,0.0,0.0,0.0,0.0,0.0,0.357142857142857,1,0
2.0,3.0,2.0,2,0.0,0,0.0,0.0,1.0,0.0,1,0,0,0,0,0.0,0,0.0,0,0,1,1.0,0.0,0.0,0.0,0.0,0.0,0.0,0.0,0.357142857142857,1,0
2.0,3.0,2.0,2,0.0,0,0.0,0.0,1.0,0.0,1,0,0,0,0,0.0,0,0.0,0,0,1,1.0,0.0,0.0,0.0,0.0,0.0,0.0,0.0,0.357142857142857,1,0
2.0,3.0,2.0,2,0.0,0,0.0,0.0,1.0,0.0,1,0,0,0,0,0.0,0,0.0,0,0,1,1.0,0.0,0.0,0.0,0.0,0.0,0.0,0.0,0.357142857142857,1,0
2.0,3.0,2.0,2,0.0,0,0.0,0.0,1.0,0.0,1,0,0,0,0,0.0,0,0.0,0,0,1,1.0,0.0,0.0,0.0,0.0,0.0,0.0,0.0,0.357142857142857,1,0
2.0,3.0,2.0,2,0.0,0,0.0,0.0,1.0,0.0,1,0,0,0,0,0.0,0,0.0,0,0,1,1.0,0.0,0.0,0.0,0.0,0.0,0.0,0.0,0.357142857142857,1,0
2.0,1.0,0.0,1,0.0,0,0.0,0.0,1.0,0.0,1,0,0,0,0,0.0,0,0.0,0,0,1,1.0,0.0,0.0,0.0,0.0,0.0,0.0,0.0,0.357142857142857,1,0
4.0,1.0,0.0,2,0.0,1,0.0,1.0,3.0,3.0,2,1,1,1,0,0.0,1,0.3333,0,1,3,3.0,0.3333333333333333,0.0,0.0,0.0,0.0,0.0,0.0,0.357142857142857,1,0
4.0,1.0,0.0,2,0.0,1,0.0,1.0,3.0,3.0,2,1,1,1,0,0.0,1,0.3333,0,1,3,3.0,0.3333333333333333,0.0,0.0,0.0,0.0,0.0,0.0,0.357142857142857,1,0
4.0,1.0,0.0,2,0.0,1,0.0,1.0,3.0,3.0,2,1,1,1,0,0.0,1,0.3333,0,1,3,3.0,0.3333333333333333,0.0,0.0,0.0,0.0,0.0,0.0,0.357142857142857,1,0
4.0,1.0,0.0,2,0.0,1,0.0,1.0,3.0,3.0,2,1,1,1,0,0.0,1,0.3333,0,1,3,3.0,0.3333333333333333,0.0,0.0,0.0,0.0,0.0,0.0,0.357142857142857,1,0
4.0,1.0,0.0,2,0.0,1,0.0,1.0,3.0,3.0,2,1,1,1,0,0.0,1,0.3333,0,1,3,3.0,0.3333333333333333,0.0,0.0,0.0,0.0,0.0,0.0,0.357142857142857,1,0
4.0,1.0,0.0,2,0.0,1,0.0,1.0,3.0,3.0,2,1,1,1,0,0.0,1,0.3333,0,1,3,3.0,0.3333333333333333,0.0,0.0,0.0,0.0,0.0,0.0,0.357142857142857,1,0
4.0,1.0,0.0,2,0.0,1,0.0,1.0,3.0,3.0,2,1,1,1,0,0.0,1,0.3333,0,1,3,3.0,0.3333333333333333,0.0,0.0,0.0,0.0,0.0,0.0,0.357142857142857,1,0
4.0,1.0,0.0,2,0.0,1,0.0,1.0,3.0,3.0,2,1,1,1,0,0.0,1,0.3333,0,1,3,3.0,0.3333333333333333,0.0,0.0,0.0,0.0,0.0,0.0,0.357142857142857,1,0
4.0,1.0,0.0,2,0.0,1,0.0,1.0,3.0,3.0,2,1,1,1,0,0.0,1,0.3333,0,1,3,3.0,0.3333333333333333,0.0,0.0,0.0,0.0,0.0,0.0,0.357142857142857,1,0
5.0,1.0,0.0,3,1.0,0,0.0,4.0,4.0,3.0,1,0,0,0,0,1.0,0,0.0,0,0,4,14.0,0.0,0.2857142857142857,0.0,0.0,0.0,0.0,0.5714285714285714,0.1428571428571428,1,0
16.0,2.0,5.0,14,2.0,5,0.0,4.0,18.0,21.0,5,3,6,4,4,1.0,3,0.3333,1,1,15,20.0,0.55,0.0,0.0,0.0,0.0,0.0,0.3,0.15,1,0
10.0,3.0,3.0,9,1.0,1,0.0,1.0,0.0,0.0,0,0,0,0,0,0.0,0,0.0,0,0,0,8.0,0.125,0.5,0.0,0.0,0.0,0.0,0.25,0.125,1,0
8.0,2.0,3.0,8,0.0,2,1.0,1.0,8.0,8.0,2,1,2,2,1,1.0,1,0.25,1,1,7,8.0,0.25,0.0,0.0,0.4166666666666665,0.0,0.0,0.0,0.25,1,0
6.0,2.0,1.0,10,0.0,5,2.5,1.0,4.0,4.0,2,1,1,1,0,1.0,1,0.25,0,1,3,23.0,0.4782608695652174,0.0,0.0,0.4166666666666665,0.0,0.0,0.0,0.0,1,0
4.0,2.0,1.0,5,0.0,3,1.0,1.0,4.0,4.0,2,1,1,1,0,1.0,1,0.25,0,1,3,9.0,0.5555555555555556,0.0,0.0,0.4166666666666665,0.0,0.0,0.0,0.0,1,0
4.0,2.0,1.0,7,0.0,3,1.0,1.0,4.0,4.0,2,1,1,1,0,1.0,1,0.25,0,1,3,9.0,0.5555555555555556,0.0,0.0,0.4166666666666665,0.0,0.0,0.0,0.0,1,0
11.0,2.0,1.0,18,0.0,10,2.5,1.0,4.0,4.0,2,1,1,1,0,1.0,1,0.25,0,1,3,50.5,0.4285714285714285,0.0,0.0,0.4166666666666665,0.0,0.0,0.0,0.0,1,0
15.0,2.0,5.0,14,4.0,6,2.0,7.5,19.0,21.0,4,3,4,3,2,1.0,3,0.2105,1,1,13,34.0,0.3235294117647059,0.0,0.0,0.2352941176470588,0.0,0.0,0.3529411764705882,0.088235294117647,1,0
7.0,3.0,3.0,7,0.0,1,0.0,1.0,7.0,7.0,2,1,2,2,1,1.0,1,0.2857,1,1,6,3.0,0.3333333333333333,0.0,0.0,0.0,0.0,0.0,0.0,0.357142857142857,1,0
7.0,2.0,2.0,7,0.0,1,0.0,1.0,7.0,7.0,2,1,1,1,0,1.0,1,0.1429,0,1,6,4.0,0.25,0.0,0.0,0.0,0.0,0.0,0.25,0.357142857142857,1,0
21.5,3.0,7.5,18,7.5,10,2.5,7.5,25.5,29.5,6,5,6,5,4,2.0,5,0.3088,1,1,18,50.5,0.2831050228310502,0.182648401826484,0.0,0.1187214611872146,0.0,0.0,0.3150684931506849,0.1004566210045662,1,0
6.0,2.0,2.0,5,0.0,1,0.0,1.0,6.0,6.0,2,1,1,1,0,1.0,1,0.1667,0,1,5,3.0,0.3333333333333333,0.0,0.0,0.0,0.0,0.0,0.3333333333333333,0.3333333333333333,1,0
9.0,2.0,1.0,9,1.0,1,0.0,2.0,10.0,10.0,2,3,5,3,2,2.0,3,0.5,1,1,7,1.0,1.0,0.0,0.0,0.0,0.0,0.0,0.0,0.0,1,0
7.0,2.0,2.0,7,0.0,1,0.0,1.0,7.0,7.0,2,1,1,1,0,1.0,1,0.1429,0,1,6,4.0,0.25,0.0,0.0,0.0,0.0,0.0,0.25,0.357142857142857,1,0
6.0,2.0,2.0,5,0.0,1,0.0,1.0,6.0,6.0,2,1,1,1,0,1.0,1,0.1667,0,1,5,3.0,0.3333333333333333,0.0,0.0,0.0,0.0,0.0,0.3333333333333333,0.3333333333333333,1,0
9.0,2.0,1.0,9,1.0,1,0.0,2.0,10.0,10.0,2,3,5,3,2,2.0,3,0.5,1,1,7,1.0,1.0,0.0,0.0,0.0,0.0,0.0,0.0,0.0,1,0
6.0,2.0,2.0,6,0.0,1,0.0,1.0,6.0,6.0,2,1,2,2,1,1.0,1,0.3333,1,1,5,2.0,0.5,0.0,0.0,0.0,0.0,0.0,0.0,0.357142857142857,1,0
21.5,2.0,5.0,18,7.0,8,0.0,7.5,25.5,29.5,6,5,6,5,2,1.0,5,0.2128,1,1,18,50.5,0.2894736842105263,0.1578947368421052,0.0,0.0,0.0,0.0,0.2894736842105263,0.2631578947368421,1,0
9.0,2.0,1.0,8,1.0,1,0.0,2.0,10.0,10.0,2,3,5,3,2,2.0,3,0.5,1,1,7,1.0,1.0,0.0,0.0,0.0,0.0,0.0,0.0,0.0,1,0
6.0,2.0,0.0,2,0.0,9,2.5,2.0,3.0,2.0,1,1,1,0,0,2.0,1,0.3333,0,1,3,50.5,0.2549019607843137,0.0,0.0,0.4166666666666665,0.0,0.0,0.1176470588235294,0.0,1,0
4.0,1.0,0.0,2,0.0,2,1.0,1.0,3.0,2.0,1,1,1,0,0,2.0,1,0.3333,0,1,3,11.0,0.2727272727272727,0.0,0.0,0.3636363636363636,0.0,0.0,0.3636363636363636,0.0,1,0
12.0,1.0,3.0,3,5.0,2,0.0,2.0,11.0,11.0,2,1,2,1,1,1.0,1,0.1818,1,1,11,16.0,0.25,0.25,0.0,0.0,0.0,0.0,0.25,0.25,1,0
4.0,2.0,1.0,5,0.0,1,0.0,0.0,3.0,2.0,1,1,2,1,1,2.0,1,0.6189,1,1,3,1.0,1.0,0.0,0.0,0.0,0.0,0.0,0.0,0.0,1,0
21.0,1.0,2.0,12,7.5,10,0.0,7.5,25.5,29.5,5,4,5,3,2,2.0,4,0.1852,1,1,18,22.0,0.2727272727272727,0.1818181818181818,0.0,0.0,0.0,0.0,0.4545454545454545,0.0909090909090909,1,0
4.0,1.0,0.0,3,0.0,1,0.0,0.0,3.0,2.0,1,1,2,1,1,2.0,1,0.6189,1,1,3,1.0,1.0,0.0,0.0,0.0,0.0,0.0,0.0,0.0,1,0
4.0,1.0,0.0,3,0.0,1,0.0,0.0,3.0,2.0,1,1,2,1,1,2.0,1,0.6189,1,1,3,1.0,1.0,0.0,0.0,0.0,0.0,0.0,0.0,0.0,1,0
4.0,1.0,0.0,3,0.0,1,0.0,0.0,3.0,2.0,1,1,2,1,1,2.0,1,0.6189,1,1,3,1.0,1.0,0.0,0.0,0.0,0.0,0.0,0.0,0.0,1,0
4.0,1.0,0.0,3,0.0,1,0.0,0.0,3.0,2.0,1,1,2,1,1,2.0,1,0.6189,1,1,3,1.0,1.0,0.0,0.0,0.0,0.0,0.0,0.0,0.0,1,0
4.0,1.0,0.0,3,0.0,1,0.0,0.0,3.0,2.0,1,1,2,1,1,2.0,1,0.6189,1,1,3,1.0,1.0,0.0,0.0,0.0,0.0,0.0,0.0,0.0,1,0
4.0,1.0,0.0,3,0.0,1,0.0,0.0,3.0,2.0,1,1,2,1,1,2.0,1,0.6189,1,1,3,1.0,1.0,0.0,0.0,0.0,0.0,0.0,0.0,0.0,1,0
4.0,1.0,0.0,3,0.0,1,0.0,0.0,3.0,2.0,1,1,2,1,1,2.0,1,0.6189,1,1,3,1.0,1.0,0.0,0.0,0.0,0.0,0.0,0.0,0.0,1,0
4.0,1.0,0.0,3,0.0,1,0.0,0.0,3.0,2.0,1,1,2,1,1,2.0,1,0.6189,1,1,3,1.0,1.0,0.0,0.0,0.0,0.0,0.0,0.0,0.0,1,0
13.0,3.0,2.0,6,1.0,4,0.0,4.0,12.0,13.0,3,4,4,2,0,3.0,4,0.3333,0,1,12,25.0,0.4,0.16,0.0,0.0,0.0,0.0,0.32,0.12,1,0
13.0,3.0,2.0,6,1.0,4,0.0,4.0,12.0,13.0,3,4,4,2,0,3.0,4,0.3333,0,1,12,25.0,0.4,0.16,0.0,0.0,0.0,0.0,0.32,0.12,1,0
13.0,3.0,2.0,6,1.0,4,0.0,4.0,12.0,13.0,3,4,4,2,0,3.0,4,0.3333,0,1,12,25.0,0.4,0.16,0.0,0.0,0.0,0.0,0.32,0.12,1,0
13.0,3.0,2.0,6,1.0,4,0.0,4.0,12.0,13.0,3,4,4,2,0,3.0,4,0.3333,0,1,12,25.0,0.4,0.16,0.0,0.0,0.0,0.0,0.32,0.12,1,0
13.0,3.0,2.0,6,1.0,4,0.0,4.0,12.0,13.0,3,4,4,2,0,3.0,4,0.3333,0,1,12,25.0,0.4,0.16,0.0,0.0,0.0,0.0,0.32,0.12,1,0
13.0,3.0,2.0,6,1.0,4,0.0,4.0,12.0,13.0,3,4,4,2,0,3.0,4,0.3333,0,1,12,25.0,0.4,0.16,0.0,0.0,0.0,0.0,0.32,0.12,1,0
13.0,3.0,2.0,6,1.0,4,0.0,4.0,12.0,13.0,3,4,4,2,0,3.0,4,0.3333,0,1,12,25.0,0.4,0.16,0.0,0.0,0.0,0.0,0.32,0.12,1,0
13.0,3.0,2.0,6,1.0,4,0.0,4.0,12.0,13.0,3,4,4,2,0,3.0,4,0.3333,0,1,12,25.0,0.4,0.16,0.0,0.0,0.0,0.0,0.32,0.12,1,0
4.0,1.0,0.0,3,0.0,1,0.0,1.0,3.0,2.0,1,1,2,1,1,2.0,1,0.6189,1,1,3,3.0,0.3333333333333333,0.0,0.0,0.0,0.0,0.0,0.6666666666666666,0.0,1,0
4.0,2.0,1.0,8,0.0,2,1.0,1.0,4.0,4.0,2,1,1,1,0,1.0,1,0.25,0,1,3,6.0,0.3333333333333333,0.0,0.0,0.4166666666666665,0.0,0.0,0.0,0.0,1,0
2.0,2.0,0.0,2,0.0,0,0.0,1.0,1.0,0.0,1,0,1,1,1,1.0,0,0.6189,1,1,1,2.0,0.0,0.0,0.0,0.0,0.0,0.0,0.9375,0.0,1,0
14.0,3.0,3.0,13,4.0,6,0.0,2.0,17.0,21.0,6,5,6,4,4,3.5,5,0.4706,1,1,13,21.0,0.5714285714285714,0.0,0.0,0.1904761904761904,0.0,0.0,0.1904761904761904,0.0476190476190476,1,0
16.0,3.0,3.0,14,5.0,7,0.0,4.0,19.0,23.0,6,5,6,4,4,3.5,5,0.4737,1,1,15,32.0,0.46875,0.125,0.0,0.125,0.0,0.0,0.25,0.03125,1,0
2.0,2.0,0.0,2,0.0,1,0.0,0.0,1.0,0.0,1,0,0,0,0,1.0,0,0.0,0,0,1,3.0,1.0,0.0,0.0,0.0,0.0,0.0,0.0,0.0,1,0
2.0,2.0,0.0,2,0.0,0,0.0,1.0,1.0,0.0,1,0,1,1,1,1.0,0,0.6189,1,1,1,2.0,0.0,0.0,0.0,0.0,0.0,0.0,0.9375,0.0,1,0
9.0,3.0,2.0,5,2.0,4,0.0,2.0,10.0,11.0,3,3,4,2,2,3.0,3,0.4,1,1,8,15.0,0.6666666666666666,0.0,0.0,0.0,0.0,0.0,0.2666666666666666,0.0666666666666666,1,0
11.0,3.0,2.0,6,3.0,5,0.0,3.0,12.0,13.0,3,4,5,2,2,3.5,4,0.4167,1,1,10,24.0,0.5416666666666666,0.1666666666666666,0.0,0.0,0.0,0.0,0.25,0.0416666666666666,1,0
2.0,2.0,0.0,2,0.0,1,0.0,0.0,1.0,0.0,1,0,0,0,0,1.0,0,0.0,0,0,1,3.0,1.0,0.0,0.0,0.0,0.0,0.0,0.0,0.0,1,0
2.0,2.0,0.0,2,0.0,0,0.0,1.0,1.0,0.0,1,0,1,1,1,1.0,0,0.6189,1,1,1,2.0,0.0,0.0,0.0,0.0,0.0,0.0,0.9375,0.0,1,0
9.0,3.0,2.0,5,2.0,4,0.0,2.0,10.0,11.0,3,3,4,2,2,3.0,3,0.4,1,1,8,15.0,0.6666666666666666,0.0,0.0,0.0,0.0,0.0,0.2666666666666666,0.0666666666666666,1,0
11.0,3.0,2.0,6,3.0,5,0.0,3.0,12.0,13.0,3,4,5,2,2,3.5,4,0.4167,1,1,10,24.0,0.5416666666666666,0.1666666666666666,0.0,0.0,0.0,0.0,0.25,0.0416666666666666,1,0
2.0,2.0,0.0,2,0.0,1,0.0,0.0,1.0,0.0,1,0,0,0,0,1.0,0,0.0,0,0,1,3.0,1.0,0.0,0.0,0.0,0.0,0.0,0.0,0.0,1,0
2.0,2.0,0.0,2,0.0,0,0.0,1.0,1.0,0.0,1,0,1,1,1,1.0,0,0.6189,1,1,1,2.0,0.0,0.0,0.0,0.0,0.0,0.0,0.9375,0.0,1,0
9.0,3.0,2.0,5,2.0,4,0.0,2.0,10.0,11.0,3,3,4,2,2,3.0,3,0.4,1,1,8,15.0,0.6666666666666666,0.0,0.0,0.0,0.0,0.0,0.2666666666666666,0.0666666666666666,1,0
11.0,3.0,2.0,6,3.0,5,0.0,3.0,12.0,13.0,3,4,5,2,2,3.5,4,0.4167,1,1,10,24.0,0.5416666666666666,0.1666666666666666,0.0,0.0,0.0,0.0,0.25,0.0416666666666666,1,0
2.0,2.0,0.0,2,0.0,1,0.0,0.0,1.0,0.0,1,0,0,0,0,1.0,0,0.0,0,0,1,3.0,1.0,0.0,0.0,0.0,0.0,0.0,0.0,0.0,1,0
2.0,2.0,0.0,2,0.0,0,0.0,1.0,1.0,0.0,1,0,1,1,1,1.0,0,0.6189,1,1,1,2.0,0.0,0.0,0.0,0.0,0.0,0.0,0.9375,0.0,1,0
9.0,3.0,2.0,5,2.0,4,0.0,2.0,10.0,11.0,3,3,4,2,2,3.0,3,0.4,1,1,8,15.0,0.6666666666666666,0.0,0.0,0.0,0.0,0.0,0.2666666666666666,0.0666666666666666,1,0
11.0,3.0,2.0,6,3.0,5,0.0,3.0,12.0,13.0,3,4,5,2,2,3.5,4,0.4167,1,1,10,24.0,0.5416666666666666,0.1666666666666666,0.0,0.0,0.0,0.0,0.25,0.0416666666666666,1,0
2.0,2.0,0.0,2,0.0,1,0.0,0.0,1.0,0.0,1,0,0,0,0,1.0,0,0.0,0,0,1,3.0,1.0,0.0,0.0,0.0,0.0,0.0,0.0,0.0,1,0
2.0,2.0,0.0,2,0.0,0,0.0,1.0,1.0,0.0,1,0,1,1,1,1.0,0,0.6189,1,1,1,2.0,0.0,0.0,0.0,0.0,0.0,0.0,0.9375,0.0,1,0
9.0,3.0,2.0,5,2.0,4,0.0,2.0,10.0,11.0,3,3,4,2,2,3.0,3,0.4,1,1,8,15.0,0.6666666666666666,0.0,0.0,0.0,0.0,0.0,0.2666666666666666,0.0666666666666666,1,0
11.0,3.0,2.0,6,3.0,5,0.0,3.0,12.0,13.0,3,4,5,2,2,3.5,4,0.4167,1,1,10,24.0,0.5416666666666666,0.1666666666666666,0.0,0.0,0.0,0.0,0.25,0.0416666666666666,1,0
2.0,2.0,0.0,2,0.0,1,0.0,0.0,1.0,0.0,1,0,0,0,0,1.0,0,0.0,0,0,1,3.0,1.0,0.0,0.0,0.0,0.0,0.0,0.0,0.0,1,0
2.0,2.0,0.0,2,0.0,0,0.0,1.0,1.0,0.0,1,0,1,1,1,1.0,0,0.6189,1,1,1,2.0,0.0,0.0,0.0,0.0,0.0,0.0,0.9375,0.0,1,0
9.0,3.0,2.0,6,2.0,3,0.0,2.0,10.0,11.0,3,3,4,2,2,3.0,3,0.4,1,1,8,16.0,0.5625,0.0,0.0,0.125,0.0,0.0,0.25,0.0625,1,0
2.0,3.0,1.0,2,0.0,0,0.0,1.0,1.0,0.0,1,0,1,1,1,1.0,0,0.6189,1,1,1,2.0,0.0,0.0,0.0,0.0,0.0,0.0,0.9375,0.0,1,0
11.0,3.5,5.0,6,4.0,4,1.0,2.0,12.0,13.0,3,3,4,2,2,3.0,3,0.3333,1,1,10,31.0,0.3870967741935484,0.2580645161290322,0.0,0.1935483870967742,0.0,0.0,0.1290322580645161,0.032258064516129,1,0
4.0,1.0,0.0,2,0.0,2,1.0,1.0,3.0,2.0,1,1,1,0,0,2.0,1,0.3333,0,1,3,11.0,0.2727272727272727,0.0,0.0,0.3636363636363636,0.0,0.0,0.3636363636363636,0.0,1,0
11.0,3.0,2.0,7,3.0,4,0.0,3.0,12.0,13.0,3,4,5,2,2,3.5,4,0.4167,1,1,10,25.0,0.48,0.16,0.0,0.08,0.0,0.0,0.24,0.04,1,0
13.0,3.5,5.0,7,5.0,5,1.0,3.0,14.0,15.0,3,4,5,2,2,3.5,4,0.3571,1,1,12,40.0,0.375,0.3,0.0,0.15,0.0,0.0,0.15,0.025,1,0
2.0,2.0,0.0,2,0.0,1,0.0,0.0,1.0,0.0,1,0,0,0,0,1.0,0,0.0,0,0,1,3.0,1.0,0.0,0.0,0.0,0.0,0.0,0.0,0.0,1,0
2.0,3.0,1.0,2,0.0,1,0.0,1.0,1.0,0.0,1,0,0,0,0,1.0,0,0.0,0,0,1,5.0,0.6,0.0,0.0,0.0,0.0,0.0,0.4,0.0,1,0
2.0,2.0,0.0,2,0.0,0,0.0,1.0,1.0,0.0,1,0,1,1,1,1.0,0,0.6189,1,1,1,2.0,0.0,0.0,0.0,0.0,0.0,0.0,0.9375,0.0,1,0
9.0,3.0,2.0,6,2.0,3,0.0,2.0,10.0,11.0,3,3,4,2,2,3.0,3,0.4,1,1,8,16.0,0.5625,0.0,0.0,0.125,0.0,0.0,0.25,0.0625,1,0
4.0,1.0,0.0,2,0.0,2,1.0,1.0,3.0,2.0,1,1,1,0,0,2.0,1,0.3333,0,1,3,11.0,0.2727272727272727,0.0,0.0,0.3636363636363636,0.0,0.0,0.3636363636363636,0.0,1,0
11.0,3.0,2.0,7,3.0,4,0.0,3.0,12.0,13.0,3,4,5,2,2,3.5,4,0.4167,1,1,10,25.0,0.48,0.16,0.0,0.08,0.0,0.0,0.24,0.04,1,0
2.0,2.0,0.0,2,0.0,1,0.0,0.0,1.0,0.0,1,0,0,0,0,1.0,0,0.0,0,0,1,3.0,1.0,0.0,0.0,0.0,0.0,0.0,0.0,0.0,1,0
2.0,2.0,0.0,2,0.0,0,0.0,1.0,1.0,0.0,1,0,1,1,1,1.0,0,0.6189,1,1,1,2.0,0.0,0.0,0.0,0.0,0.0,0.0,0.9375,0.0,1,0
9.0,3.0,2.0,6,2.0,3,0.0,2.0,10.0,11.0,3,3,4,2,2,3.0,3,0.4,1,1,8,16.0,0.5625,0.0,0.0,0.125,0.0,0.0,0.25,0.0625,1,0
4.0,1.0,0.0,2,0.0,2,1.0,1.0,3.0,2.0,1,1,1,0,0,2.0,1,0.3333,0,1,3,11.0,0.2727272727272727,0.0,0.0,0.3636363636363636,0.0,0.0,0.3636363636363636,0.0,1,0
11.0,3.0,2.0,7,3.0,4,0.0,3.0,12.0,13.0,3,4,5,2,2,3.5,4,0.4167,1,1,10,25.0,0.48,0.16,0.0,0.08,0.0,0.0,0.24,0.04,1,0
2.0,2.0,0.0,2,0.0,1,0.0,0.0,1.0,0.0,1,0,0,0,0,1.0,0,0.0,0,0,1,3.0,1.0,0.0,0.0,0.0,0.0,0.0,0.0,0.0,1,0
9.0,1.0,1.0,5,2.0,3,0.0,2.0,10.0,10.0,2,2,3,1,2,3.0,2,0.3,1,1,8,10.0,0.5,0.0,0.0,0.0,0.0,0.0,0.4,0.1,1,0
10.0,2.0,2.0,5,2.0,4,0.0,2.0,11.0,11.0,2,2,3,1,2,3.0,2,0.2727,1,1,9,11.0,0.5454545454545454,0.0,0.0,0.0,0.0,0.0,0.3636363636363636,0.0909090909090909,1,0
9.0,1.0,1.0,5,2.0,3,0.0,2.0,10.0,10.0,2,2,3,1,2,3.0,2,0.3,1,1,8,10.0,0.5,0.0,0.0,0.0,0.0,0.0,0.4,0.1,1,0
9.0,1.0,1.0,5,2.0,3,0.0,2.0,10.0,10.0,2,2,3,1,2,3.0,2,0.3,1,1,8,10.0,0.5,0.0,0.0,0.0,0.0,0.0,0.4,0.1,1,0
10.0,2.0,2.0,5,2.0,4,0.0,2.0,11.0,11.0,2,2,3,1,2,3.0,2,0.2727,1,1,9,11.0,0.5454545454545454,0.0,0.0,0.0,0.0,0.0,0.3636363636363636,0.0909090909090909,1,0
9.0,1.0,1.0,5,2.0,3,0.0,2.0,10.0,10.0,2,2,3,1,2,3.0,2,0.3,1,1,8,10.0,0.5,0.0,0.0,0.0,0.0,0.0,0.4,0.1,1,0
9.0,1.0,1.0,5,2.0,3,0.0,2.0,10.0,10.0,2,2,3,1,2,3.0,2,0.3,1,1,8,10.0,0.5,0.0,0.0,0.0,0.0,0.0,0.4,0.1,1,0
10.0,2.0,2.0,5,2.0,4,0.0,2.0,11.0,11.0,2,2,3,1,2,3.0,2,0.2727,1,1,9,11.0,0.5454545454545454,0.0,0.0,0.0,0.0,0.0,0.3636363636363636,0.0909090909090909,1,0
9.0,1.0,1.0,5,2.0,3,0.0,2.0,10.0,10.0,2,2,3,1,2,3.0,2,0.3,1,1,8,10.0,0.5,0.0,0.0,0.0,0.0,0.0,0.4,0.1,1,0
9.0,1.0,1.0,5,2.0,3,0.0,2.0,10.0,10.0,2,2,3,1,2,3.0,2,0.3,1,1,8,10.0,0.5,0.0,0.0,0.0,0.0,0.0,0.4,0.1,1,0
10.0,2.0,2.0,5,2.0,4,0.0,2.0,11.0,11.0,2,2,3,1,2,3.0,2,0.2727,1,1,9,11.0,0.5454545454545454,0.0,0.0,0.0,0.0,0.0,0.3636363636363636,0.0909090909090909,1,0
9.0,1.0,1.0,5,2.0,3,0.0,2.0,10.0,10.0,2,2,3,1,2,3.0,2,0.3,1,1,8,10.0,0.5,0.0,0.0,0.0,0.0,0.0,0.4,0.1,1,0
9.0,1.0,1.0,5,2.0,3,0.0,2.0,10.0,10.0,2,2,3,1,2,3.0,2,0.3,1,1,8,10.0,0.5,0.0,0.0,0.0,0.0,0.0,0.4,0.1,1,0
10.0,2.0,2.0,5,2.0,4,0.0,2.0,11.0,11.0,2,2,3,1,2,3.0,2,0.2727,1,1,9,11.0,0.5454545454545454,0.0,0.0,0.0,0.0,0.0,0.3636363636363636,0.0909090909090909,1,0
9.0,1.0,1.0,5,2.0,3,0.0,2.0,10.0,10.0,2,2,3,1,2,3.0,2,0.3,1,1,8,10.0,0.5,0.0,0.0,0.0,0.0,0.0,0.4,0.1,1,0
9.0,1.0,1.0,5,2.0,3,0.0,2.0,10.0,10.0,2,2,3,1,2,3.0,2,0.3,1,1,8,10.0,0.5,0.0,0.0,0.0,0.0,0.0,0.4,0.1,1,0
10.0,2.0,2.0,5,2.0,4,0.0,2.0,11.0,11.0,2,2,3,1,2,3.0,2,0.2727,1,1,9,11.0,0.5454545454545454,0.0,0.0,0.0,0.0,0.0,0.3636363636363636,0.0909090909090909,1,0
9.0,1.0,1.0,5,2.0,3,0.0,2.0,10.0,10.0,2,2,3,1,2,3.0,2,0.3,1,1,8,10.0,0.5,0.0,0.0,0.0,0.0,0.0,0.4,0.1,1,0
9.0,1.0,1.0,5,2.0,3,0.0,2.0,10.0,10.0,2,2,3,1,2,3.0,2,0.3,1,1,8,10.0,0.5,0.0,0.0,0.0,0.0,0.0,0.4,0.1,1,0
10.0,2.0,2.0,5,2.0,4,0.0,2.0,11.0,11.0,2,2,3,1,2,3.0,2,0.2727,1,1,9,11.0,0.5454545454545454,0.0,0.0,0.0,0.0,0.0,0.3636363636363636,0.0909090909090909,1,0
9.0,1.0,1.0,5,2.0,3,0.0,2.0,10.0,10.0,2,2,3,1,2,3.0,2,0.3,1,1,8,10.0,0.5,0.0,0.0,0.0,0.0,0.0,0.4,0.1,1,0
9.0,1.0,1.0,5,2.0,3,0.0,2.0,10.0,10.0,2,2,3,1,2,3.0,2,0.3,1,1,8,10.0,0.5,0.0,0.0,0.0,0.0,0.0,0.4,0.1,1,0
10.0,2.0,2.0,5,2.0,4,0.0,2.0,11.0,11.0,2,2,3,1,2,3.0,2,0.2727,1,1,9,11.0,0.5454545454545454,0.0,0.0,0.0,0.0,0.0,0.3636363636363636,0.0909090909090909,1,0
9.0,2.0,0.0,7,1.0,2,0.0,3.0,8.0,7.0,1,2,2,0,0,3.0,2,0.25,0,1,8,14.0,0.1428571428571428,0.2857142857142857,0.0,0.0,0.0,0.0,0.4285714285714285,0.1428571428571428,1,0
9.0,2.0,0.0,7,1.0,2,0.0,3.0,8.0,7.0,1,2,2,0,0,3.0,2,0.25,0,1,8,14.0,0.1428571428571428,0.2857142857142857,0.0,0.0,0.0,0.0,0.4285714285714285,0.1428571428571428,1,0
9.0,2.0,0.0,7,1.0,2,0.0,3.0,8.0,7.0,1,2,2,0,0,3.0,2,0.25,0,1,8,14.0,0.1428571428571428,0.2857142857142857,0.0,0.0,0.0,0.0,0.4285714285714285,0.1428571428571428,1,0
9.0,2.0,0.0,7,1.0,2,0.0,3.0,8.0,7.0,1,2,2,0,0,3.0,2,0.25,0,1,8,14.0,0.1428571428571428,0.2857142857142857,0.0,0.0,0.0,0.0,0.4285714285714285,0.1428571428571428,1,0
9.0,2.0,0.0,7,1.0,2,0.0,3.0,8.0,7.0,1,2,2,0,0,3.0,2,0.25,0,1,8,14.0,0.1428571428571428,0.2857142857142857,0.0,0.0,0.0,0.0,0.4285714285714285,0.1428571428571428,1,0
9.0,2.0,0.0,7,1.0,2,0.0,3.0,8.0,7.0,1,2,2,0,0,3.0,2,0.25,0,1,8,14.0,0.1428571428571428,0.2857142857142857,0.0,0.0,0.0,0.0,0.4285714285714285,0.1428571428571428,1,0
9.0,2.0,0.0,7,1.0,2,0.0,3.0,8.0,7.0,1,2,2,0,0,3.0,2,0.25,0,1,8,14.0,0.1428571428571428,0.2857142857142857,0.0,0.0,0.0,0.0,0.4285714285714285,0.1428571428571428,1,0
9.0,2.0,0.0,7,1.0,2,0.0,3.0,8.0,7.0,1,2,2,0,0,3.0,2,0.25,0,1,8,14.0,0.1428571428571428,0.2857142857142857,0.0,0.0,0.0,0.0,0.4285714285714285,0.1428571428571428,1,0
7.0,2.0,3.0,8,1.0,3,0.0,4.0,6.0,5.0,1,1,1,0,0,2.0,1,0.1667,0,1,6,14.0,0.0714285714285714,0.2857142857142857,0.0,0.0,0.0,0.0,0.5714285714285714,0.0714285714285714,1,0
4.0,2.0,0.0,2,1.0,0,0.0,1.0,3.0,2.0,1,0,0,0,0,1.0,0,0.0,0,0,3,7.0,0.0,0.5714285714285714,0.0,0.0,0.0,0.0,0.2857142857142857,0.1428571428571428,1,0
4.0,2.0,0.0,2,1.0,0,0.0,1.0,3.0,2.0,1,0,0,0,0,1.0,0,0.0,0,0,3,7.0,0.0,0.5714285714285714,0.0,0.0,0.0,0.0,0.2857142857142857,0.1428571428571428,1,0
4.0,2.0,0.0,2,1.0,0,0.0,1.0,3.0,2.0,1,0,0,0,0,1.0,0,0.0,0,0,3,7.0,0.0,0.5714285714285714,0.0,0.0,0.0,0.0,0.2857142857142857,0.1428571428571428,1,0
4.0,2.0,0.0,2,1.0,0,0.0,1.0,3.0,2.0,1,0,0,0,0,1.0,0,0.0,0,0,3,7.0,0.0,0.5714285714285714,0.0,0.0,0.0,0.0,0.2857142857142857,0.1428571428571428,1,0
4.0,2.0,0.0,2,1.0,0,0.0,1.0,3.0,2.0,1,0,0,0,0,1.0,0,0.0,0,0,3,7.0,0.0,0.5714285714285714,0.0,0.0,0.0,0.0,0.2857142857142857,0.1428571428571428,1,0
4.0,2.0,0.0,2,1.0,0,0.0,1.0,3.0,2.0,1,0,0,0,0,1.0,0,0.0,0,0,3,7.0,0.0,0.5714285714285714,0.0,0.0,0.0,0.0,0.2857142857142857,0.1428571428571428,1,0
4.0,2.0,0.0,2,1.0,0,0.0,1.0,3.0,2.0,1,0,0,0,0,1.0,0,0.0,0,0,3,7.0,0.0,0.5714285714285714,0.0,0.0,0.0,0.0,0.2857142857142857,0.1428571428571428,1,0
4.0,2.0,0.0,2,1.0,0,0.0,1.0,3.0,2.0,1,0,0,0,0,1.0,0,0.0,0,0,3,7.0,0.0,0.5714285714285714,0.0,0.0,0.0,0.0,0.2857142857142857,0.1428571428571428,1,0
16.0,3.5,6.0,14,7.5,7,1.0,7.5,22.0,24.0,4,4,4,3,0,2.0,3,0.1818,0,1,15,49.0,0.2653061224489796,0.2448979591836734,0.0,0.0816326530612244,0.0,0.0,0.3265306122448979,0.0816326530612244,1,0
9.0,2.0,3.0,10,7.5,3,1.0,7.5,12.0,13.0,3,2,2,2,0,1.0,2,0.1667,0,1,8,49.0,0.1836734693877551,0.4081632653061224,0.0,0.0816326530612244,0.0,0.0,0.2857142857142857,0.0408163265306122,1,0
5.0,2.0,1.0,5,0.0,1,0.0,0.0,4.0,3.0,1,1,1,0,0,2.0,1,0.25,0,1,4,3.0,1.0,0.0,0.0,0.0,0.0,0.0,0.0,0.0,1,0
5.0,2.0,1.0,5,0.0,1,0.0,0.0,4.0,3.0,1,1,1,0,0,2.0,1,0.25,0,1,4,3.0,1.0,0.0,0.0,0.0,0.0,0.0,0.0,0.0,1,0
5.0,2.0,1.0,5,0.0,1,0.0,0.0,4.0,3.0,1,1,1,0,0,2.0,1,0.25,0,1,4,3.0,1.0,0.0,0.0,0.0,0.0,0.0,0.0,0.0,1,0
5.0,2.0,1.0,5,0.0,1,0.0,0.0,4.0,3.0,1,1,1,0,0,2.0,1,0.25,0,1,4,3.0,1.0,0.0,0.0,0.0,0.0,0.0,0.0,0.0,1,0
5.0,2.0,1.0,5,0.0,1,0.0,0.0,4.0,3.0,1,1,1,0,0,2.0,1,0.25,0,1,4,3.0,1.0,0.0,0.0,0.0,0.0,0.0,0.0,0.0,1,0
5.0,2.0,1.0,5,0.0,1,0.0,0.0,4.0,3.0,1,1,1,0,0,2.0,1,0.25,0,1,4,3.0,1.0,0.0,0.0,0.0,0.0,0.0,0.0,0.0,1,0
5.0,2.0,1.0,5,0.0,1,0.0,0.0,4.0,3.0,1,1,1,0,0,2.0,1,0.25,0,1,4,3.0,1.0,0.0,0.0,0.0,0.0,0.0,0.0,0.0,1,0
5.0,2.0,1.0,5,0.0,1,0.0,0.0,4.0,3.0,1,1,1,0,0,2.0,1,0.25,0,1,4,3.0,1.0,0.0,0.0,0.0,0.0,0.0,0.0,0.0,1,0
2.0,1.0,0.0,2,0.0,2,1.0,1.0,1.0,0.0,1,0,0,0,0,1.0,0,0.0,0,0,1,9.0,0.3333333333333333,0.0,0.0,0.4166666666666665,0.0,0.0,0.2222222222222222,0.0,1,0
19.0,2.0,7.5,14,7.5,6,2.0,6.0,21.0,23.0,4,5,6,3,4,3.5,5,0.3333,1,1,17,50.5,0.2950819672131147,0.2622950819672131,0.0,0.1639344262295081,0.0,0.0,0.2786885245901639,0.0,1,0
2.0,3.0,2.0,2,1.0,0,0.0,1.0,1.0,0.0,1,0,1,1,1,1.0,0,0.6189,1,1,1,2.0,0.0,0.0,0.0,0.0,0.0,0.0,0.9375,0.0,1,0
12.0,1.0,3.0,11,4.0,2,0.0,3.0,13.0,14.0,3,3,4,2,2,3.0,2,0.3077,1,1,11,17.0,0.3529411764705882,0.0,0.0,0.2352941176470588,0.0,0.0,0.3529411764705882,0.0588235294117647,1,0
8.0,1.0,2.0,7,2.0,4,1.0,2.0,9.0,9.0,2,2,3,1,2,3.0,2,0.3333,1,1,7,20.0,0.45,0.0,0.0,0.15,0.0,0.0,0.4,0.0,1,0
2.0,1.0,0.0,2,0.0,1,0.0,0.0,1.0,0.0,1,0,1,1,1,1.0,0,0.6189,1,1,1,1.0,1.0,0.0,0.0,0.0,0.0,0.0,0.0,0.0,1,0
3.0,1.0,1.0,3,0.0,0,0.0,0.0,2.0,1.0,1,0,0,0,0,1.0,0,0.0,0,0,2,2.0,0.0,0.0,0.0,0.4166666666666665,0.0,0.0,0.0,0.0,1,0
2.0,1.0,0.0,2,0.0,1,0.0,0.0,1.0,0.0,1,0,0,0,0,1.0,0,0.0,0,0,1,1.0,1.0,0.0,0.0,0.0,0.0,0.0,0.0,0.0,1,0
5.0,2.0,1.0,5,0.0,0,0.0,0.0,4.0,3.0,1,1,1,0,0,2.0,1,0.25,0,1,4,3.0,0.0,0.0,0.0,0.4166666666666665,0.0,0.0,0.0,0.3333333333333333,1,0
5.0,1.0,0.0,4,0.0,2,0.0,1.0,4.0,3.0,1,1,1,0,0,2.0,1,0.25,0,1,4,6.0,0.5,0.0,0.0,0.0,0.0,0.0,0.3333333333333333,0.1666666666666666,1,0
2.0,1.0,0.0,2,0.0,1,0.0,0.0,1.0,0.0,1,0,0,0,0,1.0,0,0.0,0,0,1,1.0,1.0,0.0,0.0,0.0,0.0,0.0,0.0,0.0,1,0
14.0,2.0,3.0,13,4.0,7,2.5,3.0,12.0,14.0,4,3,5,3,2,3.0,3,0.4167,1,1,12,33.0,0.4242424242424242,0.0,0.0,0.3333333333333333,0.0,0.0,0.1818181818181818,0.0606060606060606,1,0
13.0,2.0,2.0,13,6.0,7,2.5,7.0,11.0,13.0,4,3,5,3,2,3.0,3,0.4545,1,1,11,49.0,0.2857142857142857,0.1632653061224489,0.0,0.2244897959183673,0.0,0.0,0.2857142857142857,0.0408163265306122,1,0
8.0,2.0,2.0,4,2.0,3,1.0,2.0,9.0,9.0,2,1,2,1,2,2.0,1,0.2222,1,1,7,14.0,0.4285714285714285,0.0,0.0,0.2142857142857142,0.0,0.0,0.2857142857142857,0.0714285714285714,1,0
21.0,1.0,1.0,15,0.0,1,0.0,5.0,25.5,29.5,2,3,3,1,0,2.0,3,0.1,0,1,18,7.0,0.1428571428571428,0.0,0.0,0.4166666666666665,0.0,0.0,0.0,0.2857142857142857,1,0
8.0,1.0,1.0,6,0.0,1,1.0,2.0,7.0,7.0,2,1,1,1,0,1.0,1,0.1429,0,1,6,6.0,0.1666666666666666,0.0,0.0,0.4166666666666665,0.0,0.0,0.0,0.1666666666666666,1,0
2.0,2.0,1.0,2,0.0,2,0.0,0.0,1.0,0.0,1,0,1,1,1,1.0,0,0.6189,1,1,1,2.0,1.0,0.0,0.0,0.0,0.0,0.0,0.0,0.0,1,0
5.0,2.0,1.0,6,0.0,3,1.0,2.0,3.0,2.0,1,1,1,0,0,2.0,1,0.3333,0,1,3,12.0,0.25,0.0,0.0,0.3333333333333333,0.0,0.0,0.4166666666666667,0.0,1,0
4.0,2.0,1.0,4,0.0,0,0.0,1.0,3.0,2.0,1,1,2,1,1,2.0,1,0.6189,1,1,3,4.0,0.0,0.0,0.0,0.4166666666666665,0.0,0.0,0.5,0.0,1,0
4.0,3.0,2.0,4,0.0,0,0.0,0.0,3.0,2.0,1,1,2,1,1,2.0,1,0.6189,1,1,3,2.0,0.0,0.0,0.0,0.4166666666666665,0.0,0.0,0.0,0.0,1,0
4.0,2.0,1.0,3,0.0,2,1.0,1.0,3.0,2.0,1,1,2,1,1,2.0,1,0.6189,1,1,3,8.0,0.25,0.0,0.0,0.4166666666666665,0.0,0.0,0.25,0.0,1,0
4.0,3.0,2.0,3,0.0,2,1.0,0.0,3.0,2.0,1,1,2,1,1,2.0,1,0.6189,1,1,3,6.0,0.3333333333333333,0.0,0.0,0.4166666666666665,0.0,0.0,0.0,0.0,1,0
2.0,3.0,2.0,2,0.0,0,0.0,0.0,1.0,0.0,1,0,1,1,1,1.0,0,0.6189,1,1,1,1.0,0.0,0.0,0.0,0.0,0.0,0.0,0.9375,0.0,1,0
17.0,3.5,5.0,11,4.0,6,2.0,7.0,14.0,15.0,3,4,5,2,1,3.5,4,0.3571,1,1,14,50.5,0.25,0.1538461538461538,0.0,0.2692307692307692,0.0,0.0,0.2692307692307692,0.0576923076923076,1,0
2.0,2.0,1.0,2,0.0,0,0.0,1.0,1.0,0.0,1,0,1,1,1,1.0,0,0.6189,1,1,1,2.0,0.0,0.0,0.0,0.0,0.0,0.0,0.9375,0.0,1,0
14.0,3.0,4.0,12,4.0,6,1.0,5.0,15.0,16.0,3,5,6,2,2,3.5,5,0.4,1,1,13,39.0,0.3333333333333333,0.2051282051282051,0.0,0.1538461538461538,0.0,0.0,0.282051282051282,0.0256410256410256,1,0
4.0,2.0,1.0,5,0.0,0,0.0,0.0,3.0,2.0,1,1,2,1,1,2.0,1,0.6189,1,1,3,2.0,0.0,0.0,0.0,0.4166666666666665,0.0,0.0,0.0,0.0,1,0
4.0,3.0,2.0,4,0.0,0,0.0,0.0,3.0,2.0,1,1,2,1,1,2.0,1,0.6189,1,1,3,2.0,0.0,0.0,0.0,0.4166666666666665,0.0,0.0,0.0,0.0,1,0
4.0,2.0,1.0,4,0.0,2,1.0,0.0,3.0,2.0,1,1,2,1,1,2.0,1,0.6189,1,1,3,6.0,0.3333333333333333,0.0,0.0,0.4166666666666665,0.0,0.0,0.0,0.0,1,0
2.0,3.0,2.0,2,0.0,0,0.0,0.0,1.0,0.0,1,0,0,0,0,1.0,0,0.0,0,0,1,1.0,0.0,0.0,0.0,0.0,0.0,0.0,0.9375,0.0,1,0
4.0,3.0,2.0,3,0.0,2,1.0,0.0,3.0,2.0,1,1,2,1,1,2.0,1,0.6189,1,1,3,6.0,0.3333333333333333,0.0,0.0,0.4166666666666665,0.0,0.0,0.0,0.0,1,0
4.0,2.0,1.0,4,0.0,2,1.0,0.0,3.0,2.0,1,1,2,1,1,2.0,1,0.6189,1,1,3,6.0,0.3333333333333333,0.0,0.0,0.4166666666666665,0.0,0.0,0.0,0.0,1,0
13.0,3.0,3.0,14,4.0,6,1.0,4.0,14.0,15.0,3,5,6,2,2,3.5,5,0.4286,1,1,12,37.0,0.3513513513513513,0.2162162162162162,0.0,0.1621621621621621,0.0,0.0,0.2432432432432432,0.027027027027027,1,0
4.0,2.0,1.0,4,0.0,1,0.0,2.0,3.0,2.0,1,1,1,0,0,2.0,1,0.3333,0,1,3,10.0,0.3,0.0,0.0,0.2,0.0,0.0,0.5,0.0,1,0
4.0,2.0,1.0,3,0.0,3,1.0,2.0,3.0,2.0,1,1,1,0,0,2.0,1,0.3333,0,1,3,14.0,0.3571428571428571,0.0,0.0,0.2857142857142857,0.0,0.0,0.3571428571428571,0.0,1,0
9.0,2.0,4.0,7,3.0,3,1.0,2.0,10.0,10.0,2,2,3,1,2,3.0,2,0.3,1,1,8,23.0,0.217391304347826,0.1739130434782608,0.0,0.2608695652173913,0.0,0.0,0.3478260869565217,0.0,1,0
8.0,1.0,2.0,8,2.0,1,0.0,1.0,9.0,9.0,2,2,3,1,2,3.0,2,0.3333,1,1,7,12.0,0.25,0.0,0.0,0.3333333333333333,0.0,0.0,0.4166666666666667,0.0,1,0
17.0,2.0,7.5,13,7.5,6,2.5,6.0,19.0,21.0,4,4,6,3,4,3.5,4,0.3158,1,1,15,50.5,0.3103448275862069,0.2758620689655172,0.0,0.2068965517241379,0.0,0.0,0.2068965517241379,0.0,1,0
4.0,2.0,1.0,6,0.0,0,1.0,0.0,3.0,2.0,1,1,2,1,1,2.0,1,0.6189,1,1,3,4.0,0.0,0.0,0.0,0.4166666666666665,0.0,0.0,0.0,0.0,1,0
4.0,2.0,1.0,4,0.0,1,0.0,0.0,3.0,2.0,1,1,2,1,1,2.0,1,0.6189,1,1,3,2.0,0.5,0.0,0.0,0.0,0.0,0.0,0.5,0.0,1,0
19.0,2.0,7.5,13,7.5,6,2.5,6.0,21.0,24.0,5,4,6,3,3,3.0,4,0.2857,1,1,17,50.5,0.3103448275862069,0.2758620689655172,0.0,0.2068965517241379,0.0,0.0,0.2068965517241379,0.0,1,0
15.0,2.0,6.0,14,4.0,4,2.5,7.0,15.0,16.0,3,4,5,2,2,3.5,3,0.3333,1,1,13,48.0,0.25,0.1666666666666666,0.0,0.2916666666666667,0.0,0.0,0.2916666666666667,0.0,1,0
8.0,2.0,1.0,6,0.0,5,1.0,2.0,7.0,6.0,1,3,3,0,0,3.5,3,0.4286,0,1,7,20.0,0.45,0.0,0.0,0.2,0.0,0.0,0.35,0.0,1,0
4.0,2.0,1.0,4,0.0,2,1.0,0.0,3.0,2.0,1,1,2,1,1,2.0,1,0.6189,1,1,3,7.0,0.2857142857142857,0.0,0.0,0.4166666666666665,0.0,0.0,0.1428571428571428,0.0,1,0
19.0,2.0,7.5,12,7.5,8,2.0,6.0,21.0,23.0,4,5,6,3,4,3.5,5,0.3333,1,1,17,50.5,0.3174603174603174,0.2539682539682539,0.0,0.1587301587301587,0.0,0.0,0.2698412698412698,0.0,1,0
4.0,2.0,1.0,4,0.0,2,1.0,0.0,3.0,2.0,1,1,2,1,1,2.0,1,0.6189,1,1,3,7.0,0.2857142857142857,0.0,0.0,0.4166666666666665,0.0,0.0,0.1428571428571428,0.0,1,0
16.0,2.0,6.0,8,2.0,7,1.0,3.0,17.0,20.0,5,4,5,2,2,2.0,4,0.2941,1,1,15,24.0,0.5833333333333334,0.0,0.0,0.1666666666666666,0.0,0.0,0.1666666666666666,0.0833333333333333,1,0
14.0,2.0,6.0,7,2.0,5,1.0,2.0,15.0,17.0,4,3,4,2,2,2.0,3,0.2667,1,1,13,17.0,0.5294117647058824,0.0,0.0,0.2352941176470588,0.0,0.0,0.1176470588235294,0.1176470588235294,1,0
10.0,2.0,1.0,8,1.0,4,0.0,3.0,9.0,10.0,3,4,5,3,1,3.0,4,0.5556,1,1,9,22.0,0.4545454545454545,0.1818181818181818,0.0,0.0,0.0,0.0,0.2727272727272727,0.0909090909090909,1,0
16.0,3.0,2.0,13,2.0,7,0.0,6.0,15.0,19.0,6,5,6,5,1,3.0,5,0.5333,1,1,15,44.0,0.4318181818181818,0.1818181818181818,0.0,0.0,0.0,0.0,0.2727272727272727,0.1136363636363636,1,0
8.0,2.0,1.0,6,0.0,3,0.0,2.0,7.0,6.0,1,3,3,0,0,3.5,3,0.4286,0,1,7,11.0,0.6363636363636364,0.0,0.0,0.0,0.0,0.0,0.3636363636363636,0.0,1,0
8.0,2.0,1.0,7,1.0,3,0.0,1.0,7.0,6.0,1,3,3,0,0,3.5,3,0.4286,0,1,7,13.0,0.5384615384615384,0.3076923076923077,0.0,0.0,0.0,0.0,0.1538461538461538,0.0,1,0
10.0,3.0,2.0,9,2.0,5,1.0,3.0,9.0,9.0,2,4,4,1,0,3.5,4,0.4444,0,1,9,32.0,0.40625,0.25,0.0,0.125,0.0,0.0,0.1875,0.03125,1,0
9.0,2.0,2.0,8,0.0,3,1.0,2.0,8.0,7.0,1,3,3,0,0,3.5,3,0.375,0,1,8,14.0,0.4285714285714285,0.0,0.0,0.2857142857142857,0.0,0.0,0.2857142857142857,0.0,1,0
9.0,2.0,2.0,8,1.0,2,0.0,0.0,8.0,7.0,1,3,3,0,0,3.5,3,0.375,0,1,8,10.0,0.4,0.4,0.0,0.2,0.0,0.0,0.0,0.0,1,0
7.0,2.0,2.0,7,0.0,1,1.0,1.0,6.0,5.0,1,2,2,0,0,3.0,2,0.3333,0,1,6,9.0,0.3333333333333333,0.0,0.0,0.4166666666666665,0.0,0.0,0.2222222222222222,0.0,1,0
9.0,2.0,2.0,11,2.0,2,1.0,0.0,8.0,7.0,1,3,3,0,0,3.5,3,0.375,0,1,8,22.0,0.2727272727272727,0.3636363636363636,0.0,0.3636363636363636,0.0,0.0,0.0,0.0,1,0
9.0,3.0,4.0,9,2.0,5,2.0,0.0,8.0,8.0,2,3,3,1,0,3.0,3,0.375,0,1,8,25.0,0.36,0.32,0.0,0.32,0.0,0.0,0.0,0.0,1,0
21.5,3.0,7.5,18,2.0,9,2.0,4.0,22.0,24.0,4,5,6,2,1,3.5,5,0.2727,1,1,18,42.0,0.3095238095238095,0.1904761904761904,0.0,0.238095238095238,0.0,0.0,0.1904761904761904,0.0714285714285714,1,0
2.0,1.0,0.0,2,1.0,0,0.0,1.0,1.0,0.0,1,0,1,1,1,1.0,0,0.6189,1,1,1,2.0,0.0,0.0,0.0,0.0,0.0,0.0,0.9375,0.0,1,0
2.0,3.0,2.0,2,0.0,0,0.0,0.0,1.0,0.0,1,0,0,0,0,1.0,0,0.0,0,0,1,1.0,0.0,0.0,0.0,0.0,0.0,0.0,0.9375,0.0,1,0
2.0,2.0,1.0,2,0.0,0,0.0,0.0,1.0,0.0,1,0,0,0,0,1.0,0,0.0,0,0,1,1.0,0.0,0.0,0.0,0.0,0.0,0.0,0.9375,0.0,1,0
21.5,3.0,6.0,15,4.0,8,2.5,3.0,23.0,26.0,5,5,6,3,1,3.0,4,0.2609,1,1,18,42.0,0.238095238095238,0.0,0.0,0.2857142857142857,0.0,0.0,0.2857142857142857,0.1904761904761904,1,0
2.0,2.0,1.0,2,1.0,0,0.0,1.0,1.0,0.0,1,0,0,0,0,1.0,0,0.0,0,0,1,3.0,0.0,0.0,0.0,0.0,0.0,0.0,0.9375,0.0,1,0
21.5,3.5,7.5,18,7.5,10,2.5,7.0,25.5,29.5,6,5,6,5,3,3.0,5,0.2931,1,1,18,50.5,0.2831858407079646,0.0,0.0,0.1946902654867256,0.0,0.0,0.2743362831858407,0.247787610619469,1,0
2.0,2.0,1.0,2,1.0,0,0.0,1.0,1.0,0.0,1,0,0,0,0,1.0,0,0.0,0,0,1,3.0,0.0,0.0,0.0,0.0,0.0,0.0,0.9375,0.0,1,0
21.5,3.5,7.5,18,3.0,10,1.0,7.0,25.5,29.5,6,5,6,2,1,3.5,5,0.2812,1,1,18,50.5,0.3278688524590163,0.1311475409836065,0.0,0.0983606557377049,0.0,0.0,0.2295081967213114,0.2131147540983606,1,0
2.0,3.0,2.0,2,0.0,0,0.0,0.0,1.0,0.0,1,0,0,0,0,1.0,0,0.0,0,0,1,1.0,0.0,0.0,0.0,0.0,0.0,0.0,0.9375,0.0,1,0
2.0,3.0,2.0,2,0.0,0,0.0,0.0,1.0,0.0,1,0,0,0,0,1.0,0,0.0,0,0,1,1.0,0.0,0.0,0.0,0.0,0.0,0.0,0.9375,0.0,1,0
2.0,1.0,0.0,2,1.0,0,0.0,1.0,1.0,0.0,1,0,0,0,0,1.0,0,0.0,0,0,1,3.0,0.0,0.0,0.0,0.0,0.0,0.0,0.9375,0.0,1,0
2.0,2.0,1.0,2,0.0,0,0.0,0.0,1.0,0.0,1,0,0,0,0,1.0,0,0.0,0,0,1,1.0,0.0,0.0,0.0,0.0,0.0,0.0,0.9375,0.0,1,0
2.0,2.0,1.0,2,1.0,0,0.0,1.0,1.0,0.0,1,0,0,0,0,1.0,0,0.0,0,0,1,3.0,0.0,0.0,0.0,0.0,0.0,0.0,0.9375,0.0,1,0
2.0,3.0,2.0,2,0.0,0,0.0,0.0,1.0,0.0,1,0,0,0,0,1.0,0,0.0,0,0,1,1.0,0.0,0.0,0.0,0.0,0.0,0.0,0.9375,0.0,1,0
2.0,1.0,0.0,2,0.0,0,0.0,0.0,1.0,0.0,1,0,1,1,1,1.0,0,0.6189,1,1,1,1.0,0.0,0.0,0.0,0.0,0.0,0.0,0.9375,0.0,1,0
21.5,2.0,6.0,18,7.0,10,2.0,4.0,24.0,27.0,5,5,6,3,2,3.0,5,0.25,1,1,18,50.5,0.3,0.3333333333333333,0.0,0.1333333333333333,0.0,0.0,0.1333333333333333,0.1,1,0
2.0,1.0,0.0,2,0.0,0,0.0,0.0,1.0,0.0,1,0,0,0,0,1.0,0,0.0,0,0,1,1.0,0.0,0.0,0.0,0.0,0.0,0.0,0.9375,0.0,1,0
4.0,2.0,0.0,3,0.0,1,0.0,1.0,3.0,2.0,1,1,2,1,1,2.0,1,0.6189,1,1,3,3.0,0.3333333333333333,0.0,0.0,0.0,0.0,0.0,0.6666666666666666,0.0,1,0
4.0,2.0,0.0,3,0.0,1,0.0,1.0,3.0,2.0,1,1,2,1,1,2.0,1,0.6189,1,1,3,3.0,0.3333333333333333,0.0,0.0,0.0,0.0,0.0,0.6666666666666666,0.0,1,0
13.0,3.5,5.0,10,4.0,5,0.0,2.0,14.0,16.0,4,4,5,3,2,3.0,4,0.3571,1,1,12,25.0,0.44,0.32,0.0,0.0,0.0,0.0,0.16,0.08,1,0
15.0,3.5,5.0,11,4.0,6,0.0,2.0,16.0,19.0,5,5,6,4,2,3.0,5,0.375,1,1,14,27.0,0.4444444444444444,0.2962962962962963,0.0,0.0,0.0,0.0,0.1481481481481481,0.1111111111111111,1,0
17.0,2.0,3.0,18,0.0,5,0.0,1.0,16.0,18.0,4,5,6,1,1,3.5,5,0.375,1,1,16,12.0,0.25,0.0,0.0,0.3333333333333333,0.0,0.0,0.1666666666666666,0.25,1,0
18.0,2.0,3.0,18,0.0,6,0.0,1.0,17.0,20.0,5,5,6,2,1,3.5,5,0.4118,1,1,17,13.0,0.3076923076923077,0.0,0.0,0.3076923076923077,0.0,0.0,0.1538461538461538,0.2307692307692307,1,0
4.0,2.0,0.0,4,0.0,3,0.0,0.0,3.0,2.0,1,1,2,1,1,2.0,1,0.6189,1,1,3,1.0,1.0,0.0,0.0,0.0,0.0,0.0,0.0,0.0,1,0
4.0,2.0,0.0,4,0.0,3,0.0,0.0,3.0,2.0,1,1,2,1,1,2.0,1,0.6189,1,1,3,1.0,1.0,0.0,0.0,0.0,0.0,0.0,0.0,0.0,1,0
6.0,2.0,1.0,8,0.0,0,1.0,0.0,5.0,4.0,1,2,2,0,0,3.0,2,0.4,0,1,5,6.0,0.0,0.0,0.0,0.4166666666666665,0.0,0.0,0.0,0.0,1,0
6.0,2.0,1.0,8,0.0,0,1.0,0.0,5.0,4.0,1,2,2,0,0,3.0,2,0.4,0,1,5,6.0,0.0,0.0,0.0,0.4166666666666665,0.0,0.0,0.0,0.0,1,0
2.0,2.0,1.0,2,0.0,0,0.0,0.0,1.0,0.0,1,0,0,0,0,1.0,0,0.0,0,0,1,1.0,0.0,0.0,0.0,0.0,0.0,0.0,0.9375,0.0,1,0
6.0,2.0,1.0,9,1.0,0,1.0,1.0,5.0,4.0,1,2,2,0,0,3.0,2,0.4,0,1,5,12.0,0.0,0.3333333333333333,0.0,0.4166666666666665,0.0,0.0,0.1666666666666666,0.0,1,0
6.0,2.0,1.0,9,1.0,0,1.0,1.0,5.0,4.0,1,2,2,0,0,3.0,2,0.4,0,1,5,12.0,0.0,0.3333333333333333,0.0,0.4166666666666665,0.0,0.0,0.1666666666666666,0.0,1,0
2.0,2.0,1.0,2,0.0,0,0.0,0.0,1.0,0.0,1,0,0,0,0,1.0,0,0.0,0,0,1,1.0,0.0,0.0,0.0,0.0,0.0,0.0,0.9375,0.0,1,0
4.0,2.0,1.0,5,1.0,0,1.0,1.0,3.0,2.0,1,1,1,0,0,2.0,1,0.3333,0,1,3,6.0,0.0,0.0,0.0,0.4166666666666665,0.0,0.0,0.3333333333333333,0.0,1,0
20.0,3.5,7.5,18,5.0,8,2.5,7.5,19.0,20.0,3,3,4,2,1,3.0,3,0.2105,1,1,18,50.5,0.3142857142857143,0.1714285714285714,0.0,0.1714285714285714,0.0,0.0,0.2571428571428571,0.0857142857142857,1,0
9.0,2.0,3.0,8,4.0,3,1.0,3.0,10.0,11.0,3,2,3,2,2,2.0,2,0.3,1,1,8,18.0,0.3888888888888889,0.0,0.0,0.2222222222222222,0.0,0.0,0.3333333333333333,0.0555555555555555,1,0
2.0,3.0,2.0,2,0.0,0,0.0,1.0,1.0,0.0,1,0,0,0,0,1.0,0,0.0,0,0,1,2.0,0.0,0.0,0.0,0.0,0.0,0.0,0.9375,0.0,1,0
2.0,3.0,1.0,2,0.0,0,0.0,1.0,1.0,0.0,1,0,1,1,1,1.0,0,0.6189,1,1,1,3.0,0.0,0.0,0.0,0.0,0.0,0.0,0.9375,0.0,1,0
21.5,3.5,7.5,18,7.5,10,2.5,7.5,25.5,29.5,6,5,6,5,5,3.5,5,0.2667,1,1,18,50.5,0.3013698630136986,0.1095890410958904,0.0,0.2648401826484018,0.0,0.0,0.2465753424657534,0.0776255707762557,1,0
3.0,3.0,2.0,2,0.0,1,0.0,1.0,2.0,1.0,1,0,0,0,0,1.0,0,0.0,0,0,2,4.0,0.25,0.0,0.0,0.0,0.0,0.0,0.75,0.0,1,0
4.0,3.0,2.0,3,0.0,1,0.0,0.0,3.0,2.0,1,1,1,0,0,2.0,1,0.3333,0,1,3,1.0,1.0,0.0,0.0,0.0,0.0,0.0,0.0,0.0,1,0
21.0,3.0,7.5,18,2.0,4,1.0,2.0,21.0,24.0,5,5,6,3,2,3.0,4,0.2857,1,1,18,26.0,0.3846153846153846,0.0,0.0,0.2307692307692307,0.0,0.0,0.2307692307692307,0.1538461538461538,1,0
21.5,3.5,5.0,17,4.0,7,0.0,6.0,18.0,23.0,6,5,6,5,0,2.0,5,0.3889,0,1,18,50.5,0.3269230769230769,0.3076923076923077,0.0,0.0,0.0,0.0,0.2307692307692307,0.1346153846153846,1,0
16.0,1.0,3.0,14,6.0,6,1.0,5.0,15.0,17.0,4,5,6,1,0,3.5,4,0.4,0,1,15,43.0,0.4186046511627907,0.1860465116279069,0.0,0.1162790697674418,0.0,0.0,0.2325581395348837,0.0465116279069767,1,0
6.0,2.0,1.0,8,1.0,1,1.0,1.0,5.0,4.0,1,2,2,0,0,3.0,2,0.4,0,1,5,13.0,0.0769230769230769,0.3076923076923077,0.0,0.4166666666666665,0.0,0.0,0.1538461538461538,0.0,1,0
13.0,1.0,4.0,10,3.0,4,0.0,6.0,12.0,12.0,2,4,4,1,0,3.5,4,0.3333,0,1,12,34.0,0.2941176470588235,0.3529411764705882,0.0,0.0,0.0,0.0,0.3529411764705882,0.0,1,0
21.5,2.0,7.5,18,7.5,8,2.0,7.5,25.5,28.0,3,4,6,4,5,3.5,4,0.3333,1,1,18,50.5,0.2933333333333333,0.2133333333333333,0.0,0.1066666666666666,0.0,0.0,0.3466666666666667,0.04,1,0
5.0,2.0,2.0,3,3.0,1,0.0,2.0,6.0,6.0,2,0,1,1,2,1.0,0,0.1667,1,1,4,12.0,0.25,0.3333333333333333,0.0,0.0,0.0,0.0,0.3333333333333333,0.0833333333333333,1,0
6.0,3.0,3.0,5,1.0,2,1.0,0.0,4.0,3.0,1,1,3,2,2,2.0,1,0.6189,1,1,4,6.0,0.3333333333333333,0.0,0.0,0.4166666666666665,0.0,0.0,0.0,0.0,1,0
9.0,3.0,3.0,9,1.0,3,0.0,1.0,8.0,7.0,1,3,4,1,1,3.5,3,0.5,1,1,8,13.0,0.5384615384615384,0.3076923076923077,0.0,0.0,0.0,0.0,0.1538461538461538,0.0,1,0
21.5,3.0,6.0,18,4.0,7,1.0,6.0,22.0,23.0,3,5,6,3,3,3.5,5,0.3636,1,1,18,45.0,0.4222222222222222,0.1777777777777777,0.0,0.1333333333333333,0.0,0.0,0.2222222222222222,0.0444444444444444,1,0
9.0,3.0,3.0,9,1.0,3,0.0,1.0,8.0,7.0,1,3,4,1,1,3.5,3,0.5,1,1,8,13.0,0.5384615384615384,0.3076923076923077,0.0,0.0,0.0,0.0,0.1538461538461538,0.0,1,0
21.5,3.0,6.0,18,4.0,7,1.0,6.0,22.0,23.0,3,5,6,3,3,3.5,5,0.3636,1,1,18,45.0,0.4222222222222222,0.1777777777777777,0.0,0.1333333333333333,0.0,0.0,0.2222222222222222,0.0444444444444444,1,0
2.0,1.0,0.0,2,0.0,1,0.0,1.0,1.0,0.0,1,0,1,1,1,1.0,0,0.6189,1,1,1,3.0,0.3333333333333333,0.0,0.0,0.0,0.0,0.0,0.6666666666666666,0.0,1,0
10.0,3.0,4.0,6,3.0,3,1.0,3.0,9.0,8.0,1,2,2,0,0,3.0,2,0.2222,0,1,9,31.0,0.2258064516129032,0.3870967741935484,0.0,0.1290322580645161,0.0,0.0,0.1935483870967742,0.064516129032258,1,0
12.0,3.0,4.0,8,3.0,3,1.0,4.0,11.0,11.0,2,3,3,1,0,3.0,3,0.2727,0,1,11,34.0,0.2058823529411764,0.3529411764705882,0.0,0.1764705882352941,0.0,0.0,0.1764705882352941,0.088235294117647,1,0
4.0,1.0,0.0,3,0.0,1,0.0,0.0,3.0,2.0,1,1,1,0,0,2.0,1,0.3333,0,1,3,1.0,1.0,0.0,0.0,0.0,0.0,0.0,0.0,0.0,1,0
4.0,2.0,1.0,3,0.0,1,0.0,0.0,3.0,2.0,1,1,1,0,0,2.0,1,0.3333,0,1,3,1.0,1.0,0.0,0.0,0.0,0.0,0.0,0.0,0.0,1,0
4.0,1.0,0.0,3,0.0,1,0.0,0.0,3.0,2.0,1,1,1,0,0,2.0,1,0.3333,0,1,3,1.0,1.0,0.0,0.0,0.0,0.0,0.0,0.0,0.0,1,0
4.0,2.0,1.0,3,0.0,1,0.0,0.0,3.0,2.0,1,1,1,0,0,2.0,1,0.3333,0,1,3,1.0,1.0,0.0,0.0,0.0,0.0,0.0,0.0,0.0,1,0
8.0,1.0,1.0,10,0.0,2,1.0,3.0,4.0,3.0,1,1,1,0,0,2.0,1,0.25,0,1,4,12.0,0.25,0.0,0.0,0.25,0.0,0.0,0.5,0.0,1,0
8.0,1.0,1.0,10,0.0,2,1.0,3.0,4.0,3.0,1,1,1,0,0,2.0,1,0.25,0,1,4,12.0,0.25,0.0,0.0,0.25,0.0,0.0,0.5,0.0,1,0
16.0,1.0,4.0,17,2.0,3,1.0,3.0,17.0,20.0,5,4,5,2,2,2.0,4,0.2941,1,1,15,24.0,0.25,0.0,0.0,0.375,0.0,0.0,0.1666666666666666,0.2083333333333333,1,0
9.0,2.0,3.0,7,2.0,1,1.0,3.0,8.0,8.0,2,1,2,1,1,2.0,1,0.25,1,1,8,15.0,0.2,0.0,0.0,0.2666666666666666,0.0,0.0,0.4,0.1333333333333333,1,0
8.0,1.0,2.0,8,2.0,4,1.0,2.0,9.0,9.0,2,2,3,1,2,3.0,2,0.3333,1,1,7,21.0,0.4285714285714285,0.0,0.0,0.1904761904761904,0.0,0.0,0.3809523809523809,0.0,1,0
8.0,1.0,2.0,8,2.0,4,1.0,1.0,9.0,9.0,2,2,3,1,2,3.0,2,0.3333,1,1,7,20.0,0.5,0.0,0.0,0.2,0.0,0.0,0.3,0.0,1,0
8.0,1.0,2.0,8,2.0,4,1.0,2.0,9.0,9.0,2,2,3,1,2,3.0,2,0.3333,1,1,7,21.0,0.4285714285714285,0.0,0.0,0.1904761904761904,0.0,0.0,0.3809523809523809,0.0,1,0
8.0,1.0,2.0,8,2.0,4,1.0,1.0,9.0,9.0,2,2,3,1,2,3.0,2,0.3333,1,1,7,20.0,0.5,0.0,0.0,0.2,0.0,0.0,0.3,0.0,1,0
8.0,1.0,2.0,7,2.0,3,0.0,1.0,9.0,9.0,2,2,3,2,3,3.0,2,0.3333,1,1,7,13.0,0.5384615384615384,0.0,0.0,0.0,0.0,0.0,0.4615384615384615,0.0,1,0
8.0,1.0,2.0,8,2.0,4,1.0,2.0,9.0,9.0,2,2,3,1,2,3.0,2,0.3333,1,1,7,21.0,0.4285714285714285,0.0,0.0,0.1904761904761904,0.0,0.0,0.3809523809523809,0.0,1,0
8.0,1.0,2.0,8,2.0,4,1.0,1.0,9.0,9.0,2,2,3,1,2,3.0,2,0.3333,1,1,7,20.0,0.5,0.0,0.0,0.2,0.0,0.0,0.3,0.0,1,0
8.0,1.0,2.0,7,2.0,3,0.0,1.0,9.0,9.0,2,2,3,2,3,3.0,2,0.3333,1,1,7,13.0,0.5384615384615384,0.0,0.0,0.0,0.0,0.0,0.4615384615384615,0.0,1,0
8.0,1.0,2.0,8,2.0,3,1.0,1.0,9.0,9.0,2,2,3,1,2,3.0,2,0.3333,1,1,7,17.0,0.4117647058823529,0.0,0.0,0.2352941176470588,0.0,0.0,0.3529411764705882,0.0,1,0
8.0,1.0,2.0,8,2.0,3,1.0,1.0,9.0,9.0,2,2,3,1,2,3.0,2,0.3333,1,1,7,17.0,0.4117647058823529,0.0,0.0,0.2352941176470588,0.0,0.0,0.3529411764705882,0.0,1,0
2.0,2.0,1.0,2,0.0,2,0.0,0.0,1.0,0.0,1,0,0,0,0,1.0,0,0.0,0,0,1,2.0,0.0,0.0,0.0,0.4166666666666665,0.0,0.0,0.0,0.0,1,0
2.0,2.0,1.0,2,0.0,2,0.0,0.0,1.0,0.0,1,0,0,0,0,1.0,0,0.0,0,0,1,2.0,0.0,0.0,0.0,0.4166666666666665,0.0,0.0,0.0,0.0,1,0
4.0,1.0,0.0,5,0.0,1,0.0,0.0,3.0,2.0,1,1,2,1,1,2.0,1,0.6189,1,1,3,1.0,1.0,0.0,0.0,0.0,0.0,0.0,0.0,0.0,1,0
6.0,2.0,1.0,5,0.0,1,0.0,0.0,5.0,4.0,1,1,1,0,0,2.0,1,0.2,0,1,5,2.0,0.5,0.0,0.0,0.0,0.0,0.0,0.0,0.357142857142857,1,0
2.0,2.0,1.0,2,0.0,0,0.0,1.0,1.0,0.0,1,0,1,1,1,1.0,0,0.6189,1,1,1,2.0,0.0,0.0,0.0,0.0,0.0,0.0,0.9375,0.0,1,0
19.0,3.0,3.0,18,7.5,8,0.0,7.5,20.0,23.0,5,5,6,5,1,3.5,5,0.45,1,1,18,50.5,0.2619047619047619,0.4761904761904761,0.0,0.0,0.0,0.0,0.238095238095238,0.0238095238095238,1,0
13.0,3.0,6.0,16,7.0,2,2.0,5.0,12.0,11.0,1,2,2,0,0,3.0,2,0.1667,0,1,12,50.5,0.1111111111111111,0.5185185185185185,0.0,0.1481481481481481,0.0,0.0,0.1666666666666666,0.0555555555555555,1,0
9.0,2.0,2.0,6,0.0,3,0.0,0.0,8.0,7.0,1,3,3,0,0,3.5,3,0.375,0,1,8,5.0,1.0,0.0,0.0,0.0,0.0,0.0,0.0,0.0,1,0
12.0,2.0,2.0,12,2.0,8,2.5,2.0,13.0,14.0,3,4,5,2,2,3.5,4,0.3846,1,1,11,34.0,0.5294117647058824,0.0,0.0,0.3529411764705882,0.0,0.0,0.1176470588235294,0.0,1,0
21.5,1.0,7.5,17,7.5,10,2.5,7.5,25.5,29.5,6,5,6,5,5,3.5,5,0.2778,1,1,18,50.5,0.3809523809523809,0.0,0.0,0.1904761904761904,0.0,0.0,0.3571428571428571,0.0714285714285714,1,0
12.0,1.0,1.0,7,0.0,5,1.0,6.0,10.0,9.0,1,4,4,0,0,3.5,3,0.4,0,1,10,26.0,0.3846153846153846,0.0,0.0,0.1538461538461538,0.0,0.0,0.4615384615384615,0.0,1,0
21.5,2.0,7.5,16,7.5,9,1.0,7.5,25.5,29.5,6,4,6,5,5,3.0,4,0.175,1,1,18,50.5,0.219047619047619,0.3428571428571428,0.0,0.0380952380952381,0.0,0.0,0.3047619047619048,0.0952380952380952,1,0
21.5,3.0,7.5,18,7.5,10,1.0,7.5,25.5,29.5,6,5,6,5,5,3.5,5,0.2353,1,1,18,50.5,0.2733333333333333,0.32,0.0,0.0266666666666666,0.0,0.0,0.2933333333333333,0.0866666666666666,1,0
2.0,2.0,1.0,2,0.0,0,0.0,0.0,1.0,0.0,1,0,1,1,1,1.0,0,0.6189,1,1,1,1.0,0.0,0.0,0.0,0.0,0.0,0.0,0.9375,0.0,1,0
6.0,3.0,2.0,8,0.0,5,2.0,2.0,5.0,4.0,1,2,2,0,0,3.0,2,0.4,0,1,5,20.0,0.35,0.0,0.0,0.4,0.0,0.0,0.25,0.0,1,0
8.0,2.0,3.0,7,2.0,1,1.0,1.0,9.0,9.0,2,2,3,1,2,3.0,2,0.3333,1,1,7,13.0,0.1538461538461538,0.0,0.0,0.4166666666666665,0.0,0.0,0.3846153846153846,0.0,1,0
2.0,2.0,1.0,2,0.0,0,0.0,0.0,1.0,0.0,1,0,1,1,1,1.0,0,0.6189,1,1,1,1.0,0.0,0.0,0.0,0.0,0.0,0.0,0.9375,0.0,1,0
7.0,3.0,3.0,9,1.0,5,2.0,1.0,6.0,5.0,1,2,2,0,0,3.0,2,0.3333,0,1,6,22.0,0.3181818181818182,0.1818181818181818,0.0,0.3636363636363636,0.0,0.0,0.1363636363636363,0.0,1,0
4.0,1.0,0.0,5,0.0,1,0.0,1.0,3.0,2.0,1,1,1,0,0,2.0,1,0.3333,0,1,3,1.0,1.0,0.0,0.0,0.0,0.0,0.0,0.0,0.0,1,0
8.0,2.0,3.0,7,2.0,1,1.0,1.0,9.0,9.0,2,2,3,1,2,3.0,2,0.3333,1,1,7,13.0,0.1538461538461538,0.0,0.0,0.4166666666666665,0.0,0.0,0.3846153846153846,0.0,1,0
2.0,1.0,0.0,1,0.0,1,0.0,0.0,1.0,0.0,1,0,0,0,0,1.0,0,0.0,0,0,1,1.0,1.0,0.0,0.0,0.0,0.0,0.0,0.0,0.0,1,0
2.0,2.0,1.0,2,0.0,0,0.0,0.0,1.0,0.0,1,0,1,1,1,1.0,0,0.6189,1,1,1,1.0,0.0,0.0,0.0,0.0,0.0,0.0,0.9375,0.0,1,0
21.5,3.5,7.0,18,7.5,7,0.0,7.0,25.5,29.5,6,5,6,3,1,2.0,5,0.2581,1,1,18,50.5,0.2207792207792207,0.3636363636363636,0.0,0.0259740259740259,0.0,0.0,0.1818181818181818,0.2077922077922078,1,0
18.0,2.0,7.0,15,3.0,5,2.0,4.0,18.0,20.0,4,3,4,2,2,2.0,3,0.2222,1,1,16,38.0,0.2631578947368421,0.0,0.0,0.3157894736842105,0.0,0.0,0.2894736842105263,0.131578947368421,1,0
7.0,2.0,2.0,5,2.0,3,0.0,1.0,8.0,8.0,2,2,3,1,2,3.0,2,0.375,1,1,6,11.0,0.6363636363636364,0.0,0.0,0.0,0.0,0.0,0.3636363636363636,0.0,1,0
6.0,2.0,2.0,5,1.0,4,2.0,3.0,5.0,4.0,1,1,1,0,0,2.0,1,0.2,0,1,5,22.0,0.3181818181818182,0.0,0.0,0.3636363636363636,0.0,0.0,0.2727272727272727,0.0454545454545454,1,0
18.0,2.0,7.0,15,3.0,5,2.0,4.0,18.0,20.0,4,3,4,2,2,2.0,3,0.2222,1,1,16,38.0,0.2631578947368421,0.0,0.0,0.3157894736842105,0.0,0.0,0.2894736842105263,0.131578947368421,1,0
21.5,1.0,6.0,18,2.0,3,1.0,4.0,23.0,27.0,6,5,6,2,2,2.0,5,0.2609,1,1,18,30.0,0.2,0.0,0.0,0.3666666666666666,0.0,0.0,0.1666666666666666,0.2666666666666666,1,0
18.0,2.0,6.0,11,6.0,5,2.0,7.5,19.0,21.0,4,4,5,2,2,3.0,4,0.2632,1,1,16,49.0,0.1836734693877551,0.1632653061224489,0.0,0.2448979591836734,0.0,0.0,0.3469387755102041,0.0612244897959183,1,0
21.5,3.5,5.0,18,2.0,9,1.0,7.0,22.0,27.0,6,5,6,4,0,3.0,5,0.3636,0,1,18,49.0,0.4897959183673469,0.0,0.0,0.0816326530612244,0.0,0.0,0.2448979591836734,0.1836734693877551,1,0
9.0,2.0,4.0,10,0.0,2,0.0,1.0,10.0,12.0,4,2,3,2,1,2.0,2,0.3,1,1,8,4.0,1.0,0.0,0.0,0.0,0.0,0.0,0.0,0.0,1,0
9.0,1.0,0.0,15,4.0,2,0.0,3.0,14.0,14.0,2,3,3,1,0,3.0,3,0.2143,0,1,8,14.0,0.1428571428571428,0.5714285714285714,0.0,0.1428571428571428,0.0,0.0,0.1428571428571428,0.0,1,0
5.0,0.0,1.0,6,5.0,1,0.0,3.0,4.0,4.0,2,1,1,1,0,1.0,1,0.25,0,1,4,2.0,0.5,0.0,0.0,0.0,0.0,0.0,0.0,0.357142857142857,1,0
5.0,3.0,2.0,2,0.0,0,0.0,0.0,12.0,11.0,1,0,0,0,0,0.0,0,0.0,0,0,5,1.0,0.0,0.0,0.0,0.0,0.0,0.0,0.0,0.357142857142857,1,0
9.0,1.0,1.0,10,7.5,1,0.0,7.5,25.5,29.0,3,2,3,3,1,1.0,2,0.1071,1,1,8,9.0,0.1111111111111111,0.0,0.0,0.2222222222222222,0.0,0.0,0.6666666666666666,0.0,1,0
12.0,2.0,6.0,14,3.0,1,0.0,1.0,12.0,13.0,3,1,2,1,1,2.0,1,0.1667,1,1,11,14.0,0.2142857142857142,0.2857142857142857,0.0,0.1428571428571428,0.0,0.0,0.1428571428571428,0.2142857142857142,1,0
5.0,1.0,1.0,2,5.0,1,0.0,3.0,4.0,3.0,1,1,1,0,0,2.0,1,0.25,0,1,4,28.0,0.1071428571428571,0.7142857142857142,0.0,0.0,0.0,0.0,0.1785714285714285,0.0,1,0
2.0,0.0,0.0,2,0.0,1,1.0,0.0,1.0,0.0,1,0,0,0,0,1.0,0,0.0,0,0,1,5.0,0.2,0.0,0.0,0.4166666666666665,0.0,0.0,0.0,0.0,1,0
21.5,1.0,3.0,18,1.0,2,0.0,1.0,23.0,28.0,6,2,5,4,2,1.0,2,0.2174,1,1,18,7.0,0.2857142857142857,0.0,0.0,0.0,0.0,0.0,0.0,0.357142857142857,1,0
21.5,0.0,4.0,18,0.0,6,0.0,1.0,25.5,29.5,6,4,5,5,0,0.0,4,0.1923,0,1,18,21.0,0.0,0.0,0.0,0.3809523809523809,0.0,0.0,0.0,0.357142857142857,1,0
21.5,1.0,2.0,15,1.0,5,0.0,6.0,25.5,29.5,5,3,4,3,0,3.5,2,0.1333,0,1,18,29.0,0.3793103448275862,0.1379310344827586,0.0,0.0,0.0,0.0,0.4137931034482758,0.0689655172413793,1,0
7.0,1.0,1.0,5,0.0,0,2.0,0.0,4.0,3.0,1,1,2,1,1,2.0,1,0.5,1,1,4,9.0,0.0,0.0,0.0,0.4166666666666665,0.0,0.0,0.1111111111111111,0.0,1,0
2.0,0.0,0.0,4,4.0,0,0.0,2.0,1.0,0.0,1,0,1,1,1,1.0,0,0.6189,1,1,1,20.0,0.0,0.7142857142857142,0.0,0.0,0.0,0.0,0.2,0.0,1,0
3.0,1.0,0.0,3,0.0,0,0.0,0.0,2.0,1.0,1,0,0,0,0,0.0,0,0.0,0,0,2,2.0,0.0,0.0,0.0,0.0,0.0,0.0,0.0,0.357142857142857,1,0
21.5,3.0,4.0,11,6.0,2,0.0,1.0,13.0,15.0,4,2,4,3,2,2.0,2,0.3077,1,1,11,13.0,0.4615384615384615,0.0,0.0,0.1538461538461538,0.0,0.0,0.1538461538461538,0.2307692307692307,1,0
5.0,2.0,0.0,6,1.0,0,0.0,1.0,4.0,3.0,1,0,0,0,0,1.0,0,0.0,0,0,4,8.0,0.0,0.5,0.0,0.0,0.0,0.0,0.25,0.25,1,0
7.0,1.0,1.0,5,2.0,2,0.0,2.0,7.0,9.0,4,2,3,2,2,1.0,1,0.4286,1,1,6,8.0,0.375,0.0,0.0,0.0,0.0,0.0,0.5,0.125,1,0
7.0,3.0,3.0,6,4.0,3,0.0,2.0,8.0,10.0,4,2,3,3,2,1.0,2,0.375,1,1,6,10.0,0.5,0.0,0.0,0.0,0.0,0.0,0.4,0.1,1,0
21.5,3.0,7.5,18,7.5,10,2.5,7.5,25.5,29.5,4,5,6,4,1,3.5,4,0.2069,1,1,18,50.5,0.2962962962962963,0.1728395061728395,0.0,0.2777777777777778,0.0,0.0,0.2098765432098765,0.0432098765432098,1,0
2.0,1.0,0.0,2,0.0,0,0.0,1.0,1.0,0.0,1,0,1,1,1,1.0,0,0.6189,1,1,1,2.0,0.0,0.0,0.0,0.0,0.0,0.0,0.9375,0.0,1,0
7.0,2.0,1.0,4,0.0,1,0.0,0.0,6.0,4.0,1,1,1,0,0,3.0,1,0.1667,0,1,5,1.0,1.0,0.0,0.0,0.0,0.0,0.0,0.0,0.0,1,0
2.0,1.0,0.0,2,0.0,0,0.0,0.0,1.0,0.0,1,0,1,1,1,1.0,0,0.6189,1,1,1,2.0,0.0,0.0,0.0,0.0,0.0,0.0,0.9375,0.0,1,0
7.0,2.0,1.0,4,0.0,1,0.0,0.0,6.0,4.0,1,1,1,0,0,3.0,1,0.1667,0,1,5,1.0,1.0,0.0,0.0,0.0,0.0,0.0,0.0,0.0,1,0
2.0,1.0,0.0,2,0.0,0,0.0,1.0,1.0,0.0,1,0,1,1,1,1.0,0,0.6189,1,1,1,2.0,0.0,0.0,0.0,0.0,0.0,0.0,0.9375,0.0,1,0
7.0,2.0,1.0,4,0.0,1,0.0,0.0,6.0,4.0,1,1,1,0,0,3.0,1,0.1667,0,1,5,1.0,1.0,0.0,0.0,0.0,0.0,0.0,0.0,0.0,1,0
2.0,1.0,0.0,2,0.0,0,0.0,1.0,1.0,0.0,1,0,1,1,1,1.0,0,0.6189,1,1,1,2.0,0.0,0.0,0.0,0.0,0.0,0.0,0.9375,0.0,1,0
7.0,2.0,1.0,4,0.0,1,0.0,0.0,6.0,4.0,1,1,1,0,0,3.0,1,0.1667,0,1,5,1.0,1.0,0.0,0.0,0.0,0.0,0.0,0.0,0.0,1,0
7.0,2.0,1.0,4,0.0,1,0.0,0.0,6.0,4.0,1,1,1,0,0,3.0,1,0.1667,0,1,5,1.0,1.0,0.0,0.0,0.0,0.0,0.0,0.0,0.0,1,0
7.0,2.0,1.0,4,0.0,1,0.0,0.0,6.0,4.0,1,1,1,0,0,3.0,1,0.1667,0,1,5,1.0,1.0,0.0,0.0,0.0,0.0,0.0,0.0,0.0,1,0
21.5,1.0,7.5,18,7.5,10,2.5,7.5,25.5,29.5,6,5,6,5,0,3.5,5,0.2062,0,1,18,50.5,0.2248995983935743,0.1927710843373494,0.0,0.3694779116465863,0.0,0.0,0.2088353413654618,0.0040160642570281,1,0
4.0,1.0,0.0,3,0.0,1,0.0,0.0,3.0,2.0,1,1,1,0,0,2.0,1,0.3333,0,1,3,1.0,1.0,0.0,0.0,0.0,0.0,0.0,0.0,0.0,1,0
4.0,1.0,0.0,3,0.0,1,0.0,0.0,3.0,2.0,1,1,1,0,0,2.0,1,0.3333,0,1,3,1.0,1.0,0.0,0.0,0.0,0.0,0.0,0.0,0.0,1,0
7.0,1.0,1.0,7,3.0,4,0.0,4.0,8.0,8.0,2,2,3,1,2,3.0,2,0.375,1,1,6,21.0,0.4285714285714285,0.1904761904761904,0.0,0.0,0.0,0.0,0.3809523809523809,0.0,1,0
7.0,1.0,1.0,8,2.0,1,0.0,1.0,8.0,8.0,2,2,3,1,2,3.0,2,0.375,1,1,6,12.0,0.25,0.0,0.0,0.3333333333333333,0.0,0.0,0.4166666666666667,0.0,1,0
4.0,1.0,0.0,3,0.0,1,0.0,0.0,3.0,2.0,1,1,1,0,0,2.0,1,0.3333,0,1,3,1.0,1.0,0.0,0.0,0.0,0.0,0.0,0.0,0.0,1,0
4.0,1.0,0.0,3,0.0,1,0.0,0.0,3.0,2.0,1,1,1,0,0,2.0,1,0.3333,0,1,3,1.0,1.0,0.0,0.0,0.0,0.0,0.0,0.0,0.0,1,0
4.0,1.0,0.0,3,0.0,1,0.0,0.0,3.0,2.0,1,1,1,0,0,2.0,1,0.3333,0,1,3,1.0,1.0,0.0,0.0,0.0,0.0,0.0,0.0,0.0,1,0
8.0,1.0,0.0,10,1.0,1,0.0,3.0,10.0,11.0,3,3,3,2,0,2.0,3,0.3,0,1,7,5.0,0.2,0.0,0.0,0.4166666666666665,0.0,0.0,0.0,0.0,1,0
10.0,1.0,2.0,7,2.0,4,0.0,5.0,13.0,16.0,5,3,4,3,2,1.0,3,0.3077,1,1,9,16.0,0.5625,0.0,0.0,0.0,0.0,0.0,0.375,0.0625,1,0
10.0,1.0,2.0,7,2.0,4,0.0,5.0,13.0,16.0,5,3,4,3,2,1.0,3,0.3077,1,1,9,16.0,0.5625,0.0,0.0,0.0,0.0,0.0,0.375,0.0625,1,0
10.0,1.0,2.0,7,2.0,4,0.0,5.0,13.0,16.0,5,3,4,3,2,1.0,3,0.3077,1,1,9,16.0,0.5625,0.0,0.0,0.0,0.0,0.0,0.375,0.0625,1,0
10.0,1.0,2.0,7,2.0,4,0.0,5.0,13.0,16.0,5,3,4,3,2,1.0,3,0.3077,1,1,9,16.0,0.5625,0.0,0.0,0.0,0.0,0.0,0.375,0.0625,1,0
12.0,1.0,2.0,9,2.0,4,0.0,5.0,15.0,18.0,5,4,5,3,2,2.0,4,0.3333,1,1,11,18.0,0.5,0.0,0.0,0.1111111111111111,0.0,0.0,0.3333333333333333,0.0555555555555555,1,0
12.0,1.0,2.0,9,2.0,4,0.0,5.0,15.0,18.0,5,4,5,3,2,2.0,4,0.3333,1,1,11,18.0,0.5,0.0,0.0,0.1111111111111111,0.0,0.0,0.3333333333333333,0.0555555555555555,1,0
10.0,1.0,2.0,7,2.0,4,0.0,5.0,13.0,16.0,5,3,4,3,2,1.0,3,0.3077,1,1,9,16.0,0.5625,0.0,0.0,0.0,0.0,0.0,0.375,0.0625,1,0
10.0,1.0,2.0,7,2.0,4,0.0,5.0,13.0,16.0,5,3,4,3,2,1.0,3,0.3077,1,1,9,16.0,0.5625,0.0,0.0,0.0,0.0,0.0,0.375,0.0625,1,0
10.0,1.0,2.0,7,2.0,4,0.0,5.0,13.0,16.0,5,3,4,3,2,1.0,3,0.3077,1,1,9,16.0,0.5625,0.0,0.0,0.0,0.0,0.0,0.375,0.0625,1,0
10.0,1.0,2.0,7,2.0,4,0.0,5.0,13.0,16.0,5,3,4,3,2,1.0,3,0.3077,1,1,9,16.0,0.5625,0.0,0.0,0.0,0.0,0.0,0.375,0.0625,1,0
12.0,1.0,2.0,9,2.0,4,0.0,5.0,15.0,18.0,5,4,5,3,2,2.0,4,0.3333,1,1,11,18.0,0.5,0.0,0.0,0.1111111111111111,0.0,0.0,0.3333333333333333,0.0555555555555555,1,0
12.0,1.0,2.0,9,2.0,4,0.0,5.0,15.0,18.0,5,4,5,3,2,2.0,4,0.3333,1,1,11,18.0,0.5,0.0,0.0,0.1111111111111111,0.0,0.0,0.3333333333333333,0.0555555555555555,1,0
21.5,1.0,7.5,18,7.5,10,2.5,7.5,25.5,29.5,6,5,6,3,3,3.5,5,0.3684,1,1,18,50.5,0.3666666666666666,0.0592592592592592,0.0,0.4,0.0,0.0,0.1407407407407407,0.0333333333333333,1,0
2.0,1.0,0.0,1,0.0,0,0.0,0.0,1.0,0.0,1,0,0,0,0,1.0,0,0.0,0,0,1,2.0,0.0,0.0,0.0,0.4166666666666665,0.0,0.0,0.0,0.0,1,0
4.0,1.0,0.0,4,0.0,1,0.0,0.0,3.0,2.0,1,1,1,0,0,2.0,1,0.3333,0,1,3,3.0,0.3333333333333333,0.0,0.0,0.4166666666666665,0.0,0.0,0.0,0.0,1,0
4.0,1.0,0.0,3,0.0,1,0.0,0.0,3.0,2.0,1,1,1,0,0,2.0,1,0.3333,0,1,3,6.0,0.1666666666666666,0.0,0.0,0.3333333333333333,0.0,0.0,0.5,0.0,1,0
4.0,1.0,0.0,3,0.0,1,0.0,0.0,3.0,2.0,1,1,1,0,0,2.0,1,0.3333,0,1,3,6.0,0.1666666666666666,0.0,0.0,0.3333333333333333,0.0,0.0,0.5,0.0,1,0
4.0,1.0,0.0,3,0.0,1,0.0,0.0,3.0,2.0,1,1,1,0,0,2.0,1,0.3333,0,1,3,6.0,0.1666666666666666,0.0,0.0,0.3333333333333333,0.0,0.0,0.5,0.0,1,0
4.0,2.0,1.0,3,0.0,1,0.0,0.0,3.0,2.0,1,1,1,0,0,2.0,1,0.3333,0,1,3,5.0,0.2,0.0,0.0,0.4,0.0,0.0,0.4,0.0,1,0
4.0,1.0,0.0,3,0.0,2,0.0,1.0,3.0,2.0,1,1,1,0,0,2.0,1,0.3333,0,1,3,6.0,0.6666666666666666,0.0,0.0,0.0,0.0,0.0,0.3333333333333333,0.0,1,0
6.0,3.0,2.0,4,0.0,2,0.0,1.0,6.0,5.0,1,2,2,0,0,2.0,2,0.3333,0,1,5,8.0,0.75,0.0,0.0,0.0,0.0,0.0,0.25,0.0,1,0
11.0,3.0,2.0,9,0.0,3,0.0,1.0,11.0,11.0,2,5,5,1,0,3.5,3,0.4545,0,1,10,11.0,0.2727272727272727,0.0,0.0,0.3636363636363636,0.0,0.0,0.3636363636363636,0.0,1,0
8.0,3.5,3.0,5,0.0,3,0.0,1.0,8.0,7.0,1,3,3,0,0,3.0,3,0.375,0,1,7,9.0,1.0,0.0,0.0,0.0,0.0,0.0,0.0,0.0,1,0
15.0,3.5,3.0,12,0.0,4,0.0,1.0,15.0,15.0,2,5,6,1,0,3.5,4,0.4667,0,1,14,10.0,0.4,0.0,0.0,0.4166666666666665,0.0,0.0,0.0,0.0,1,0
4.0,1.0,0.0,3,0.0,1,0.0,0.0,3.0,2.0,1,1,1,0,0,2.0,1,0.3333,0,1,3,3.0,0.3333333333333333,0.0,0.0,0.4166666666666665,0.0,0.0,0.0,0.0,1,0
4.0,3.5,3.0,3,0.0,1,0.0,0.0,3.0,2.0,1,1,1,0,0,2.0,1,0.3333,0,1,3,3.0,0.3333333333333333,0.0,0.0,0.4166666666666665,0.0,0.0,0.0,0.0,1,0
4.0,3.5,3.0,3,0.0,1,0.0,0.0,3.0,2.0,1,1,1,0,0,2.0,1,0.3333,0,1,3,3.0,0.3333333333333333,0.0,0.0,0.4166666666666665,0.0,0.0,0.0,0.0,1,0
14.0,1.0,0.0,13,0.0,0,0.0,6.0,13.0,12.0,1,5,6,0,0,3.5,5,0.4615,0,1,13,12.0,0.0,0.0,0.0,0.4166666666666665,0.0,0.0,0.0,0.0,1,0
15.0,3.5,3.0,12,0.0,4,0.0,1.0,15.0,15.0,2,5,6,1,0,3.5,4,0.4667,0,1,14,10.0,0.4,0.0,0.0,0.4166666666666665,0.0,0.0,0.0,0.0,1,0
21.5,1.0,4.0,18,0.0,10,2.5,7.5,20.0,19.0,1,5,6,0,0,3.5,4,0.35,0,1,18,50.5,0.4056603773584906,0.0,0.0,0.3490566037735849,0.0,0.0,0.2452830188679245,0.0,1,0
11.0,3.0,2.0,9,0.0,3,0.0,1.0,11.0,11.0,2,5,5,1,0,3.5,3,0.4545,0,1,10,11.0,0.2727272727272727,0.0,0.0,0.3636363636363636,0.0,0.0,0.3636363636363636,0.0,1,0
4.0,3.5,3.0,3,0.0,1,0.0,0.0,3.0,2.0,1,1,1,0,0,2.0,1,0.3333,0,1,3,3.0,0.3333333333333333,0.0,0.0,0.4166666666666665,0.0,0.0,0.0,0.0,1,0
2.0,3.0,2.0,1,0.0,0,0.0,0.0,1.0,0.0,1,0,0,0,0,1.0,0,0.0,0,0,1,2.0,0.0,0.0,0.0,0.4166666666666665,0.0,0.0,0.0,0.0,1,0
13.0,1.0,2.0,8,4.0,5,0.0,7.0,15.0,18.0,5,4,5,3,2,2.0,4,0.3333,1,1,11,23.0,0.4782608695652174,0.0,0.0,0.0,0.0,0.0,0.4782608695652174,0.0434782608695652,1,0
11.0,1.0,0.0,9,0.0,2,0.0,4.0,13.0,14.0,3,2,3,2,1,1.0,2,0.2308,1,1,9,8.0,0.375,0.0,0.0,0.25,0.0,0.0,0.25,0.125,1,0
5.0,1.0,0.0,3,0.0,1,0.0,1.0,9.0,9.0,2,1,1,1,0,0.0,1,0.1111,0,1,5,7.0,0.4285714285714285,0.0,0.0,0.0,0.0,0.0,0.2857142857142857,0.2857142857142857,1,0
7.0,1.0,0.0,5,1.0,1,0.0,0.0,10.0,9.0,1,1,1,0,0,0.0,1,0.1,0,1,6,8.0,0.125,0.5,0.0,0.0,0.0,0.0,0.0,0.357142857142857,1,0
10.0,1.0,2.0,8,1.0,2,0.0,2.0,9.0,9.0,2,2,2,1,0,2.0,2,0.2222,0,1,9,15.0,0.2666666666666666,0.2666666666666666,0.0,0.0,0.0,0.0,0.2666666666666666,0.2,1,0
5.0,1.0,0.0,3,0.0,2,1.0,1.0,4.0,4.0,2,1,1,1,0,1.0,1,0.25,0,1,4,11.0,0.2727272727272727,0.0,0.0,0.3636363636363636,0.0,0.0,0.1818181818181818,0.1818181818181818,1,0
13.0,1.0,3.0,7,2.0,4,0.0,2.0,15.0,18.0,5,3,4,3,2,1.0,3,0.2667,1,1,12,18.0,0.6666666666666666,0.0,0.0,0.0,0.0,0.0,0.1111111111111111,0.2222222222222222,1,0
6.0,1.0,0.0,3,0.0,1,0.0,2.0,5.0,5.0,2,1,1,1,0,1.0,1,0.2,0,1,5,9.0,0.3333333333333333,0.0,0.0,0.0,0.0,0.0,0.4444444444444444,0.2222222222222222,1,0
6.0,0.0,0.0,5,0.0,1,0.0,2.0,5.0,5.0,2,1,1,1,0,1.0,1,0.2,0,1,5,9.0,0.3333333333333333,0.0,0.0,0.0,0.0,0.0,0.4444444444444444,0.2222222222222222,1,0
4.0,1.0,0.0,4,0.0,2,1.0,1.0,4.0,4.0,2,1,1,1,0,1.0,1,0.25,0,1,3,12.0,0.5,0.0,0.0,0.3333333333333333,0.0,0.0,0.1666666666666666,0.0,1,0
5.0,2.0,1.0,4,0.0,2,1.0,1.0,5.0,5.0,2,1,1,1,0,1.0,1,0.2,0,1,4,13.0,0.4615384615384615,0.0,0.0,0.3076923076923077,0.0,0.0,0.1538461538461538,0.0769230769230769,1,0
5.0,1.0,0.0,4,1.0,2,1.0,3.0,5.0,5.0,2,1,1,1,0,1.0,1,0.2,0,1,4,21.0,0.2857142857142857,0.1904761904761904,0.0,0.1904761904761904,0.0,0.0,0.2857142857142857,0.0476190476190476,1,0
3.0,3.0,2.0,2,1.0,0,0.0,0.0,2.0,1.0,1,0,0,0,0,0.0,0,0.0,0,0,2,6.0,0.0,0.6666666666666666,0.0,0.0,0.0,0.0,0.0,0.3333333333333333,1,0
6.0,0.0,0.0,3,0.0,1,0.0,3.0,5.0,4.0,1,1,1,0,0,2.0,1,0.2,0,1,5,10.0,0.3,0.0,0.0,0.0,0.0,0.0,0.6,0.1,1,0
8.0,2.0,2.0,4,1.0,1,0.0,2.0,7.0,6.0,1,1,1,0,0,2.0,1,0.1429,0,1,7,13.0,0.2307692307692307,0.3076923076923077,0.0,0.0,0.0,0.0,0.3076923076923077,0.1538461538461538,1,0
8.0,2.0,1.0,6,0.0,3,0.0,2.0,9.0,11.0,4,3,3,3,0,1.0,3,0.3333,0,1,7,12.0,0.75,0.0,0.0,0.0,0.0,0.0,0.1666666666666666,0.0833333333333333,1,0
6.0,1.0,1.0,4,0.0,2,1.0,2.0,5.0,5.0,2,1,1,1,0,1.0,1,0.2,0,1,5,14.0,0.2857142857142857,0.0,0.0,0.2857142857142857,0.0,0.0,0.2857142857142857,0.1428571428571428,1,0
8.0,3.5,2.0,9,1.0,4,1.0,3.0,10.0,12.0,4,3,3,3,0,0.0,3,0.3,0,1,7,25.0,0.48,0.16,0.0,0.16,0.0,0.0,0.16,0.04,1,0
5.0,0.0,0.0,4,0.0,1,0.0,0.0,4.0,3.0,1,1,1,0,0,2.0,1,0.25,0,1,4,2.0,0.5,0.0,0.0,0.0,0.0,0.0,0.0,0.357142857142857,1,0
4.0,0.0,0.0,3,0.0,1,0.0,0.0,3.0,2.0,1,1,1,0,0,2.0,1,0.3333,0,1,3,1.0,1.0,0.0,0.0,0.0,0.0,0.0,0.0,0.0,1,0
4.0,1.0,0.0,5,0.0,1,0.0,0.0,3.0,2.0,1,1,2,1,1,2.0,1,0.6189,1,1,3,1.0,1.0,0.0,0.0,0.0,0.0,0.0,0.0,0.0,1,0
13.0,3.0,3.0,13,3.0,6,2.0,5.0,14.0,16.0,4,4,4,3,0,2.0,4,0.2857,0,1,12,45.0,0.3555555555555555,0.2666666666666666,0.0,0.1777777777777777,0.0,0.0,0.1333333333333333,0.0666666666666666,1,0
10.0,1.0,2.0,8,1.0,2,0.0,2.0,9.0,9.0,2,2,2,1,0,2.0,2,0.2222,0,1,9,15.0,0.2666666666666666,0.2666666666666666,0.0,0.0,0.0,0.0,0.2666666666666666,0.2,1,0
13.0,3.0,3.0,13,3.0,6,2.0,5.0,14.0,16.0,4,4,4,3,0,2.0,4,0.2857,0,1,12,45.0,0.3555555555555555,0.2666666666666666,0.0,0.1777777777777777,0.0,0.0,0.1333333333333333,0.0666666666666666,1,0
10.0,1.0,2.0,8,1.0,2,0.0,2.0,9.0,9.0,2,2,2,1,0,2.0,2,0.2222,0,1,9,15.0,0.2666666666666666,0.2666666666666666,0.0,0.0,0.0,0.0,0.2666666666666666,0.2,1,0
13.0,3.0,3.0,13,3.0,6,2.0,5.0,14.0,16.0,4,4,4,3,0,2.0,4,0.2857,0,1,12,45.0,0.3555555555555555,0.2666666666666666,0.0,0.1777777777777777,0.0,0.0,0.1333333333333333,0.0666666666666666,1,0
10.0,1.0,2.0,7,1.0,2,0.0,2.0,9.0,9.0,2,2,2,1,0,2.0,2,0.2222,0,1,9,15.0,0.2666666666666666,0.2666666666666666,0.0,0.0,0.0,0.0,0.2666666666666666,0.2,1,0
13.0,3.0,2.0,11,4.0,6,2.0,5.0,16.0,18.0,4,4,4,3,0,2.0,4,0.25,0,1,12,41.0,0.3902439024390244,0.1951219512195122,0.0,0.1951219512195122,0.0,0.0,0.1463414634146341,0.073170731707317,1,0
15.0,1.0,0.0,4,7.5,0,0.0,2.0,13.0,13.0,2,1,1,1,0,1.0,1,0.0769,0,1,13,25.0,0.0,0.32,0.0,0.08,0.0,0.0,0.16,0.357142857142857,1,0
5.0,1.0,1.0,3,3.0,0,0.0,1.0,4.0,3.0,1,0,0,0,0,1.0,0,0.0,0,0,4,8.0,0.0,0.5,0.0,0.0,0.0,0.0,0.25,0.25,1,0
8.0,2.0,1.0,6,2.0,4,1.0,4.0,9.0,10.0,3,1,2,2,2,1.0,1,0.2222,1,1,7,21.0,0.3333333333333333,0.0,0.0,0.1904761904761904,0.0,0.0,0.2857142857142857,0.1904761904761904,1,0
9.0,2.0,2.0,11,0.0,3,1.0,2.0,8.0,10.0,4,2,3,2,1,1.0,2,0.375,1,1,8,15.0,0.2666666666666666,0.0,0.0,0.4,0.0,0.0,0.1333333333333333,0.2,1,0
8.0,2.0,1.0,9,0.0,2,0.0,1.0,7.0,9.0,4,2,3,2,1,1.0,2,0.4286,1,1,7,7.0,0.2857142857142857,0.0,0.0,0.2857142857142857,0.0,0.0,0.0,0.357142857142857,1,0
6.0,2.0,2.0,4,5.0,2,0.0,2.0,7.0,8.0,3,1,2,2,2,1.0,1,0.2857,1,1,5,16.0,0.375,0.25,0.0,0.0,0.0,0.0,0.25,0.125,1,0
14.0,3.0,6.0,10,7.0,4,0.0,3.0,14.0,16.0,4,2,3,3,2,1.0,2,0.2143,1,1,12,41.0,0.2439024390243902,0.4878048780487805,0.0,0.0,0.0,0.0,0.1463414634146341,0.1219512195121951,1,0
14.0,3.0,6.0,10,6.0,4,0.0,4.0,14.0,16.0,4,2,3,3,2,1.0,2,0.2143,1,1,12,39.0,0.2564102564102564,0.4102564102564102,0.0,0.0,0.0,0.0,0.2051282051282051,0.1282051282051282,1,0
4.0,2.0,1.0,5,0.0,1,0.0,0.0,3.0,2.0,1,1,3,2,2,2.0,1,0.6189,1,1,3,1.0,1.0,0.0,0.0,0.0,0.0,0.0,0.0,0.0,1,0
12.0,2.0,3.0,8,3.0,3,0.0,3.0,11.0,12.0,3,2,2,2,0,1.0,2,0.1818,0,1,11,29.0,0.1724137931034483,0.4137931034482758,0.0,0.0,0.0,0.0,0.2068965517241379,0.2068965517241379,1,0
3.0,1.0,0.0,3,0.0,2,1.0,1.0,3.0,2.0,1,1,1,0,0,0.0,1,0.3333,0,1,2,12.0,0.5,0.0,0.0,0.3333333333333333,0.0,0.0,0.1666666666666666,0.0,1,0
14.0,3.5,2.0,12,6.0,6,2.0,5.0,17.0,19.0,4,4,5,4,1,2.0,4,0.2941,1,1,13,50.5,0.3137254901960784,0.3137254901960784,0.0,0.1568627450980392,0.0,0.0,0.1176470588235294,0.0980392156862745,1,0
20.0,2.0,1.0,7,7.5,0,0.0,6.0,18.0,18.0,2,1,1,1,0,1.0,1,0.0556,0,1,18,50.5,0.0,0.4444444444444444,0.0,0.037037037037037,0.0,0.0,0.2222222222222222,0.2962962962962963,1,0
11.0,2.0,2.0,8,3.0,2,0.0,2.0,10.0,10.0,2,2,3,2,1,2.0,2,0.3,1,1,10,25.0,0.16,0.48,0.0,0.0,0.0,0.0,0.16,0.2,1,0
6.0,2.0,2.0,4,1.0,1,0.0,1.0,5.0,5.0,2,1,1,1,0,1.0,1,0.2,0,1,5,11.0,0.2727272727272727,0.3636363636363636,0.0,0.0,0.0,0.0,0.1818181818181818,0.1818181818181818,1,0
11.0,1.0,3.0,6,5.0,4,0.0,1.0,12.0,15.0,5,2,4,4,3,1.0,2,0.3333,1,1,10,20.0,0.6,0.2,0.0,0.0,0.0,0.0,0.1,0.1,1,0
6.0,1.0,1.0,4,3.0,2,0.0,3.0,7.0,8.0,3,1,2,2,2,1.0,1,0.2857,1,1,5,17.0,0.3529411764705882,0.2352941176470588,0.0,0.0,0.0,0.0,0.3529411764705882,0.0588235294117647,1,0
8.0,1.0,2.0,7,1.0,3,0.0,4.0,7.0,8.0,3,1,2,2,1,1.0,1,0.2857,1,1,7,21.0,0.3333333333333333,0.1904761904761904,0.0,0.0,0.0,0.0,0.3809523809523809,0.0952380952380952,1,0
20.0,2.0,5.0,12,7.5,9,1.0,7.5,23.0,24.0,3,5,6,4,4,3.5,5,0.3478,1,1,18,50.5,0.4032258064516129,0.1935483870967742,0.0,0.064516129032258,0.0,0.0,0.3225806451612903,0.0161290322580645,1,0
7.0,1.0,2.0,6,1.0,3,0.0,4.0,6.0,7.0,3,2,2,1,0,1.0,2,0.3333,0,1,6,20.0,0.35,0.2,0.0,0.0,0.0,0.0,0.4,0.05,1,0
2.0,1.0,0.0,2,1.0,0,0.0,2.0,1.0,0.0,1,0,0,0,0,1.0,0,0.0,0,0,1,4.0,0.0,0.0,0.0,0.0,0.0,0.0,0.9375,0.0,1,0
5.0,3.5,4.0,3,0.0,0,0.0,0.0,2.0,1.0,1,0,0,0,0,1.0,0,0.0,0,0,2,1.0,0.0,0.0,0.0,0.0,0.0,0.0,0.0,0.357142857142857,1,0
2.0,1.0,0.0,2,0.0,0,0.0,2.0,1.0,0.0,1,0,0,0,0,1.0,0,0.0,0,0,1,4.0,0.0,0.0,0.0,0.0,0.0,0.0,0.9375,0.0,1,0
8.0,3.5,5.0,6,4.0,2,0.0,2.0,7.0,7.0,2,2,2,1,0,0.0,2,0.2857,0,1,7,30.0,0.2,0.5333333333333333,0.0,0.0,0.0,0.0,0.1333333333333333,0.1333333333333333,1,0
5.0,3.0,3.0,4,1.0,1,0.0,1.0,4.0,3.0,1,0,0,0,0,1.0,0,0.0,0,0,4,9.0,0.1111111111111111,0.4444444444444444,0.0,0.0,0.0,0.0,0.2222222222222222,0.2222222222222222,1,0
9.0,2.0,4.0,8,2.0,4,0.0,5.0,8.0,9.0,3,1,2,2,1,1.0,1,0.25,1,1,8,28.0,0.2857142857142857,0.2857142857142857,0.0,0.0,0.0,0.0,0.3571428571428571,0.0714285714285714,1,0
8.0,2.0,4.0,7,1.0,4,0.0,5.0,7.0,8.0,3,2,2,1,0,1.0,2,0.2857,0,1,7,23.0,0.3478260869565217,0.1739130434782608,0.0,0.0,0.0,0.0,0.4347826086956521,0.0434782608695652,1,0
2.0,2.0,1.0,2,1.0,0,0.0,2.0,1.0,0.0,1,0,0,0,0,1.0,0,0.0,0,0,1,4.0,0.0,0.0,0.0,0.0,0.0,0.0,0.9375,0.0,1,0
2.0,2.0,1.0,2,0.0,0,0.0,2.0,1.0,0.0,1,0,0,0,0,1.0,0,0.0,0,0,1,4.0,0.0,0.0,0.0,0.0,0.0,0.0,0.9375,0.0,1,0
16.0,3.5,7.0,8,7.5,7,2.0,6.0,15.0,17.0,4,3,5,3,3,2.0,3,0.3333,1,1,13,50.5,0.2786885245901639,0.3278688524590163,0.0,0.1311475409836065,0.0,0.0,0.1967213114754098,0.0655737704918032,1,0
15.0,0.0,2.0,8,5.0,7,2.0,5.0,14.0,17.0,5,3,5,4,2,2.0,3,0.3571,1,1,14,47.0,0.4468085106382978,0.0851063829787234,0.0,0.1702127659574468,0.0,0.0,0.2127659574468085,0.0851063829787234,1,0
12.0,1.0,2.0,8,2.0,5,0.0,2.0,13.0,13.0,2,4,5,1,2,3.5,4,0.3846,1,1,11,22.0,0.5909090909090909,0.0,0.0,0.0,0.0,0.0,0.4090909090909091,0.0,1,0
13.0,1.0,3.0,8,5.0,5,0.0,2.0,14.0,14.0,2,4,5,1,2,3.5,4,0.3571,1,1,12,26.0,0.5,0.1538461538461538,0.0,0.0,0.0,0.0,0.3461538461538461,0.0,1,0
3.0,2.0,1.0,3,1.0,0,0.0,0.0,2.0,1.0,1,0,0,0,0,1.0,0,0.0,0,0,2,5.0,0.0,0.7142857142857142,0.0,0.0,0.0,0.0,0.0,0.2,1,0
7.0,1.0,0.0,5,0.0,2,0.0,4.0,5.0,4.0,1,2,2,0,0,3.0,2,0.4,0,1,5,12.0,0.5,0.0,0.0,0.0,0.0,0.0,0.5,0.0,1,0
7.0,1.0,0.0,5,1.0,2,0.0,3.0,5.0,4.0,1,2,2,0,0,3.0,2,0.4,0,1,5,14.0,0.4285714285714285,0.2857142857142857,0.0,0.0,0.0,0.0,0.2857142857142857,0.0,1,0
9.0,2.0,1.0,6,2.0,4,1.0,4.0,7.0,7.0,2,3,3,1,0,3.0,3,0.4286,0,1,7,31.0,0.3870967741935484,0.2580645161290322,0.0,0.1290322580645161,0.0,0.0,0.1935483870967742,0.032258064516129,1,0
2.0,1.0,0.0,2,0.0,1,0.0,2.0,1.0,0.0,1,0,0,0,0,1.0,0,0.0,0,0,1,7.0,0.4285714285714285,0.0,0.0,0.0,0.0,0.0,0.5714285714285714,0.0,1,0
2.0,1.0,0.0,2,0.0,1,0.0,2.0,1.0,0.0,1,0,0,0,0,1.0,0,0.0,0,0,1,7.0,0.4285714285714285,0.0,0.0,0.0,0.0,0.0,0.5714285714285714,0.0,1,0
10.0,2.0,3.0,5,4.0,5,1.0,5.0,11.0,11.0,2,2,3,1,2,3.0,2,0.2727,1,1,9,28.0,0.4642857142857143,0.0,0.0,0.1428571428571428,0.0,0.0,0.3571428571428571,0.0357142857142857,1,0
2.0,1.0,0.0,2,0.0,0,0.0,1.0,1.0,0.0,1,0,1,1,1,1.0,0,0.6189,1,1,1,2.0,0.0,0.0,0.0,0.0,0.0,0.0,0.9375,0.0,1,0
9.0,2.0,2.0,4,4.0,4,0.0,4.0,10.0,10.0,2,2,3,1,2,3.0,2,0.3,1,1,8,21.0,0.5714285714285714,0.0,0.0,0.0,0.0,0.0,0.3809523809523809,0.0476190476190476,1,0
2.0,1.0,0.0,2,0.0,0,0.0,1.0,1.0,0.0,1,0,1,1,1,1.0,0,0.6189,1,1,1,2.0,0.0,0.0,0.0,0.0,0.0,0.0,0.9375,0.0,1,0
2.0,1.0,0.0,2,0.0,0,0.0,1.0,1.0,0.0,1,0,1,1,1,1.0,0,0.6189,1,1,1,2.0,0.0,0.0,0.0,0.0,0.0,0.0,0.9375,0.0,1,0
2.0,1.0,0.0,2,1.0,0,0.0,1.0,1.0,0.0,1,0,1,1,1,1.0,0,0.6189,1,1,1,6.0,0.0,0.6666666666666666,0.0,0.0,0.0,0.0,0.3333333333333333,0.0,1,0
8.0,2.0,2.0,4,5.0,4,0.0,5.0,9.0,9.0,2,2,3,1,2,3.0,2,0.3333,1,1,7,27.0,0.4444444444444444,0.1481481481481481,0.0,0.0,0.0,0.0,0.3703703703703703,0.037037037037037,1,0
2.0,1.0,0.0,2,1.0,0,0.0,1.0,1.0,0.0,1,0,1,1,1,1.0,0,0.6189,1,1,1,6.0,0.0,0.6666666666666666,0.0,0.0,0.0,0.0,0.3333333333333333,0.0,1,0
17.0,2.0,4.0,12,7.5,10,2.0,7.5,20.0,22.0,4,5,6,5,4,3.5,5,0.4,1,1,16,50.5,0.3733333333333333,0.2133333333333333,0.0,0.1066666666666666,0.0,0.0,0.2933333333333333,0.0133333333333333,1,0
10.0,2.0,3.0,5,6.0,5,1.0,7.5,11.0,11.0,2,2,3,1,2,3.0,2,0.2727,1,1,9,42.0,0.3095238095238095,0.1904761904761904,0.0,0.0952380952380952,0.0,0.0,0.3809523809523809,0.0238095238095238,1,0
13.0,1.0,3.0,7,3.0,5,1.0,2.0,14.0,14.0,2,3,4,1,2,3.5,3,0.2857,1,1,12,29.0,0.4482758620689655,0.1379310344827586,0.0,0.1379310344827586,0.0,0.0,0.2758620689655172,0.0,1,0
4.0,1.0,0.0,3,0.0,0,0.0,0.0,3.0,2.0,1,1,2,1,1,2.0,1,0.6189,1,1,3,1.0,0.0,0.0,0.0,0.0,0.0,0.0,0.9375,0.0,1,0
11.0,1.0,1.0,5,3.0,4,0.0,2.0,12.0,12.0,2,3,4,1,2,3.5,3,0.3333,1,1,10,22.0,0.4545454545454545,0.1818181818181818,0.0,0.0,0.0,0.0,0.3636363636363636,0.0,1,0
2.0,0.0,0.0,2,0.0,0,0.0,1.0,1.0,0.0,1,0,0,0,0,1.0,0,0.0,0,0,1,2.0,0.0,0.0,0.0,0.0,0.0,0.0,0.9375,0.0,1,0
2.0,0.0,0.0,3,0.0,0,0.0,1.0,1.0,0.0,1,0,0,0,0,1.0,0,0.0,0,0,1,2.0,0.0,0.0,0.0,0.0,0.0,0.0,0.9375,0.0,1,0
3.0,0.0,0.0,1,0.0,0,0.0,1.0,2.0,1.0,1,0,0,0,0,1.0,0,0.0,0,0,2,3.0,0.0,0.0,0.0,0.0,0.0,0.0,0.6666666666666666,0.3333333333333333,1,0
5.0,3.0,2.0,2,0.0,0,0.0,0.0,12.0,11.0,1,0,0,0,0,0.0,0,0.0,0,0,5,1.0,0.0,0.0,0.0,0.0,0.0,0.0,0.0,0.357142857142857,1,0
9.0,3.5,6.0,7,0.0,2,0.0,0.0,8.0,9.0,3,2,2,1,0,1.0,2,0.25,0,1,8,4.0,0.5,0.0,0.0,0.0,0.0,0.0,0.0,0.357142857142857,1,0
2.0,0.0,0.0,4,4.0,0,0.0,2.0,1.0,0.0,1,0,1,1,1,1.0,0,0.6189,1,1,1,20.0,0.0,0.7142857142857142,0.0,0.0,0.0,0.0,0.2,0.0,1,0
7.0,1.0,1.0,5,0.0,1,2.0,0.0,4.0,3.0,1,1,2,1,1,2.0,1,0.5,1,1,4,13.0,0.2307692307692307,0.0,0.0,0.4166666666666665,0.0,0.0,0.1538461538461538,0.0,1,0
4.0,1.0,1.0,6,0.0,0,0.0,0.0,3.0,2.0,1,0,0,0,0,1.0,0,0.0,0,0,3,1.0,0.0,0.0,0.0,0.0,0.0,0.0,0.0,0.357142857142857,1,0
4.0,2.0,2.0,4,0.0,0,0.0,0.0,3.0,2.0,1,0,0,0,0,1.0,0,0.0,0,0,3,1.0,0.0,0.0,0.0,0.0,0.0,0.0,0.0,0.357142857142857,1,0
4.0,2.0,1.0,3,0.0,0,0.0,0.0,4.0,4.0,2,0,1,1,2,1.0,0,0.25,1,1,3,1.0,0.0,0.0,0.0,0.0,0.0,0.0,0.0,0.357142857142857,1,0
7.0,0.0,2.0,6,2.0,3,0.0,2.0,7.0,8.0,3,0,1,1,1,0.0,0,0.1429,1,1,6,10.0,0.3,0.0,0.0,0.0,0.0,0.0,0.4,0.3,1,0
21.5,0.0,7.5,18,3.0,10,0.0,7.5,25.5,29.5,6,5,6,5,2,1.0,4,0.122,1,1,18,50.5,0.4583333333333333,0.0,0.0,0.0,0.0,0.0,0.5,0.0416666666666666,1,0
21.5,2.0,7.0,18,7.5,10,2.5,6.0,25.5,29.5,6,5,6,4,3,1.0,3,0.25,1,1,18,50.5,0.3888888888888889,0.1481481481481481,0.0,0.2407407407407407,0.0,0.0,0.1203703703703703,0.1018518518518518,1,0
3.0,1.0,0.0,3,0.0,0,0.0,0.0,2.0,1.0,1,0,0,0,0,0.0,0,0.0,0,0,2,2.0,0.0,0.0,0.0,0.0,0.0,0.0,0.0,0.357142857142857,1,0
2.0,1.0,0.0,2,0.0,2,1.0,1.0,1.0,0.0,1,0,0,0,0,1.0,0,0.0,0,0,1,9.0,0.3333333333333333,0.0,0.0,0.4166666666666665,0.0,0.0,0.2222222222222222,0.0,1,0
19.0,2.0,7.5,14,7.5,6,2.0,6.0,21.0,23.0,4,5,6,3,4,3.5,5,0.3333,1,1,17,50.5,0.2950819672131147,0.2622950819672131,0.0,0.1639344262295081,0.0,0.0,0.2786885245901639,0.0,1,0
2.0,3.0,2.0,2,1.0,0,0.0,1.0,1.0,0.0,1,0,1,1,1,1.0,0,0.6189,1,1,1,2.0,0.0,0.0,0.0,0.0,0.0,0.0,0.9375,0.0,1,0
12.0,1.0,3.0,11,4.0,2,0.0,3.0,13.0,14.0,3,3,4,2,2,3.0,2,0.3077,1,1,11,17.0,0.3529411764705882,0.0,0.0,0.2352941176470588,0.0,0.0,0.3529411764705882,0.0588235294117647,1,0
8.0,1.0,2.0,7,2.0,4,1.0,2.0,9.0,9.0,2,2,3,1,2,3.0,2,0.3333,1,1,7,20.0,0.45,0.0,0.0,0.15,0.0,0.0,0.4,0.0,1,0
2.0,1.0,0.0,2,0.0,1,0.0,0.0,1.0,0.0,1,0,1,1,1,1.0,0,0.6189,1,1,1,1.0,1.0,0.0,0.0,0.0,0.0,0.0,0.0,0.0,1,0
3.0,1.0,1.0,3,0.0,0,0.0,0.0,2.0,1.0,1,0,0,0,0,1.0,0,0.0,0,0,2,2.0,0.0,0.0,0.0,0.4166666666666665,0.0,0.0,0.0,0.0,1,0
2.0,1.0,0.0,2,0.0,1,0.0,0.0,1.0,0.0,1,0,0,0,0,1.0,0,0.0,0,0,1,1.0,1.0,0.0,0.0,0.0,0.0,0.0,0.0,0.0,1,0
5.0,2.0,1.0,5,0.0,0,0.0,0.0,4.0,3.0,1,1,1,0,0,2.0,1,0.25,0,1,4,3.0,0.0,0.0,0.0,0.4166666666666665,0.0,0.0,0.0,0.3333333333333333,1,0
5.0,1.0,0.0,4,0.0,2,0.0,1.0,4.0,3.0,1,1,1,0,0,2.0,1,0.25,0,1,4,6.0,0.5,0.0,0.0,0.0,0.0,0.0,0.3333333333333333,0.1666666666666666,1,0
2.0,1.0,0.0,2,0.0,1,0.0,0.0,1.0,0.0,1,0,0,0,0,1.0,0,0.0,0,0,1,1.0,1.0,0.0,0.0,0.0,0.0,0.0,0.0,0.0,1,0
14.0,2.0,3.0,13,4.0,7,2.5,3.0,12.0,14.0,4,3,5,3,2,3.0,3,0.4167,1,1,12,33.0,0.4242424242424242,0.0,0.0,0.3333333333333333,0.0,0.0,0.1818181818181818,0.0606060606060606,1,0
13.0,2.0,2.0,13,6.0,7,2.5,7.0,11.0,13.0,4,3,5,3,2,3.0,3,0.4545,1,1,11,49.0,0.2857142857142857,0.1632653061224489,0.0,0.2244897959183673,0.0,0.0,0.2857142857142857,0.0408163265306122,1,0
8.0,2.0,2.0,4,2.0,3,1.0,2.0,9.0,9.0,2,1,2,1,2,2.0,1,0.2222,1,1,7,14.0,0.4285714285714285,0.0,0.0,0.2142857142857142,0.0,0.0,0.2857142857142857,0.0714285714285714,1,0
21.5,1.0,4.0,18,0.0,5,0.0,7.5,25.5,29.5,1,2,2,0,0,2.0,2,0.04,0,1,18,7.0,0.1428571428571428,0.0,0.0,0.2857142857142857,0.0,0.0,0.5714285714285714,0.0,1,0
2.0,2.0,1.0,2,0.0,2,0.0,0.0,1.0,0.0,1,0,1,1,1,1.0,0,0.6189,1,1,1,2.0,1.0,0.0,0.0,0.0,0.0,0.0,0.0,0.0,1,0
2.0,2.0,1.0,2,0.0,2,0.0,0.0,1.0,0.0,1,0,1,1,1,1.0,0,0.6189,1,1,1,2.0,1.0,0.0,0.0,0.0,0.0,0.0,0.0,0.0,1,0
4.0,2.0,1.0,4,0.0,0,0.0,0.0,3.0,2.0,1,1,2,1,1,2.0,1,0.6189,1,1,3,2.0,0.0,0.0,0.0,0.4166666666666665,0.0,0.0,0.0,0.0,1,0
4.0,3.0,2.0,4,0.0,0,0.0,0.0,3.0,2.0,1,1,2,1,1,2.0,1,0.6189,1,1,3,2.0,0.0,0.0,0.0,0.4166666666666665,0.0,0.0,0.0,0.0,1,0
4.0,2.0,1.0,3,0.0,2,1.0,0.0,3.0,2.0,1,1,2,1,1,2.0,1,0.6189,1,1,3,6.0,0.3333333333333333,0.0,0.0,0.4166666666666665,0.0,0.0,0.0,0.0,1,0
4.0,3.0,2.0,3,0.0,2,1.0,0.0,3.0,2.0,1,1,2,1,1,2.0,1,0.6189,1,1,3,6.0,0.3333333333333333,0.0,0.0,0.4166666666666665,0.0,0.0,0.0,0.0,1,0
2.0,3.0,2.0,2,0.0,0,0.0,0.0,1.0,0.0,1,0,1,1,1,1.0,0,0.6189,1,1,1,1.0,0.0,0.0,0.0,0.0,0.0,0.0,0.9375,0.0,1,0
17.0,3.5,5.0,11,4.0,6,2.0,7.0,14.0,15.0,3,4,5,2,1,3.5,4,0.3571,1,1,14,50.5,0.25,0.1538461538461538,0.0,0.2692307692307692,0.0,0.0,0.2692307692307692,0.0576923076923076,1,0
2.0,2.0,1.0,2,0.0,0,0.0,1.0,1.0,0.0,1,0,1,1,1,1.0,0,0.6189,1,1,1,2.0,0.0,0.0,0.0,0.0,0.0,0.0,0.9375,0.0,1,0
14.0,3.0,4.0,12,4.0,6,1.0,5.0,15.0,16.0,3,5,6,2,2,3.5,5,0.4,1,1,13,39.0,0.3333333333333333,0.2051282051282051,0.0,0.1538461538461538,0.0,0.0,0.282051282051282,0.0256410256410256,1,0
4.0,2.0,1.0,4,0.0,0,0.0,0.0,3.0,2.0,1,1,2,1,1,2.0,1,0.6189,1,1,3,2.0,0.0,0.0,0.0,0.4166666666666665,0.0,0.0,0.0,0.0,1,0
4.0,3.0,2.0,4,0.0,0,0.0,0.0,3.0,2.0,1,1,2,1,1,2.0,1,0.6189,1,1,3,2.0,0.0,0.0,0.0,0.4166666666666665,0.0,0.0,0.0,0.0,1,0
4.0,2.0,1.0,3,0.0,2,1.0,0.0,3.0,2.0,1,1,2,1,1,2.0,1,0.6189,1,1,3,6.0,0.3333333333333333,0.0,0.0,0.4166666666666665,0.0,0.0,0.0,0.0,1,0
2.0,3.0,2.0,2,0.0,0,0.0,0.0,1.0,0.0,1,0,0,0,0,1.0,0,0.0,0,0,1,1.0,0.0,0.0,0.0,0.0,0.0,0.0,0.9375,0.0,1,0
4.0,3.0,2.0,3,0.0,2,1.0,0.0,3.0,2.0,1,1,2,1,1,2.0,1,0.6189,1,1,3,6.0,0.3333333333333333,0.0,0.0,0.4166666666666665,0.0,0.0,0.0,0.0,1,0
4.0,2.0,1.0,4,0.0,2,1.0,0.0,3.0,2.0,1,1,2,1,1,2.0,1,0.6189,1,1,3,6.0,0.3333333333333333,0.0,0.0,0.4166666666666665,0.0,0.0,0.0,0.0,1,0
13.0,3.0,3.0,14,4.0,6,1.0,4.0,14.0,15.0,3,5,6,2,2,3.5,5,0.4286,1,1,12,37.0,0.3513513513513513,0.2162162162162162,0.0,0.1621621621621621,0.0,0.0,0.2432432432432432,0.027027027027027,1,0
4.0,2.0,1.0,4,0.0,1,0.0,1.0,3.0,2.0,1,1,1,0,0,2.0,1,0.3333,0,1,3,8.0,0.375,0.0,0.0,0.25,0.0,0.0,0.375,0.0,1,0
4.0,2.0,1.0,3,0.0,3,1.0,1.0,3.0,2.0,1,1,1,0,0,2.0,1,0.3333,0,1,3,12.0,0.4166666666666667,0.0,0.0,0.3333333333333333,0.0,0.0,0.25,0.0,1,0
9.0,2.0,4.0,7,3.0,3,1.0,2.0,10.0,10.0,2,2,3,1,2,3.0,2,0.3,1,1,8,23.0,0.217391304347826,0.1739130434782608,0.0,0.2608695652173913,0.0,0.0,0.3478260869565217,0.0,1,0
17.0,2.0,7.5,13,7.5,6,2.5,6.0,19.0,21.0,4,4,6,3,4,3.5,4,0.3158,1,1,15,50.5,0.3103448275862069,0.2758620689655172,0.0,0.2068965517241379,0.0,0.0,0.2068965517241379,0.0,1,0
4.0,2.0,1.0,6,0.0,0,1.0,0.0,3.0,2.0,1,1,2,1,1,2.0,1,0.6189,1,1,3,4.0,0.0,0.0,0.0,0.4166666666666665,0.0,0.0,0.0,0.0,1,0
4.0,2.0,1.0,4,0.0,1,0.0,0.0,3.0,2.0,1,1,2,1,1,2.0,1,0.6189,1,1,3,2.0,0.5,0.0,0.0,0.0,0.0,0.0,0.5,0.0,1,0
19.0,2.0,7.5,13,7.5,6,2.5,6.0,21.0,24.0,5,4,6,3,3,3.0,4,0.2857,1,1,17,50.5,0.3103448275862069,0.2758620689655172,0.0,0.2068965517241379,0.0,0.0,0.2068965517241379,0.0,1,0
15.0,2.0,6.0,14,4.0,4,2.5,5.0,15.0,16.0,3,4,5,2,2,3.5,3,0.3333,1,1,13,44.0,0.2727272727272727,0.1818181818181818,0.0,0.3181818181818182,0.0,0.0,0.2272727272727272,0.0,1,0
8.0,2.0,1.0,6,0.0,5,1.0,2.0,7.0,6.0,1,3,3,0,0,3.5,3,0.4286,0,1,7,20.0,0.45,0.0,0.0,0.2,0.0,0.0,0.35,0.0,1,0
4.0,2.0,1.0,4,0.0,2,1.0,0.0,3.0,2.0,1,1,2,1,1,2.0,1,0.6189,1,1,3,7.0,0.2857142857142857,0.0,0.0,0.4166666666666665,0.0,0.0,0.1428571428571428,0.0,1,0
19.0,2.0,7.5,12,7.5,8,2.0,6.0,21.0,23.0,4,5,6,3,4,3.5,5,0.3333,1,1,17,50.5,0.3174603174603174,0.2539682539682539,0.0,0.1587301587301587,0.0,0.0,0.2698412698412698,0.0,1,0
4.0,2.0,1.0,4,0.0,2,1.0,0.0,3.0,2.0,1,1,2,1,1,2.0,1,0.6189,1,1,3,7.0,0.2857142857142857,0.0,0.0,0.4166666666666665,0.0,0.0,0.1428571428571428,0.0,1,0
16.0,2.0,6.0,8,2.0,7,1.0,2.0,17.0,20.0,5,4,5,2,2,2.0,4,0.2941,1,1,15,22.0,0.6363636363636364,0.0,0.0,0.1818181818181818,0.0,0.0,0.0909090909090909,0.0909090909090909,1,0
14.0,2.0,6.0,6,2.0,5,1.0,2.0,15.0,17.0,4,3,4,2,2,2.0,3,0.2667,1,1,13,17.0,0.5294117647058824,0.0,0.0,0.2352941176470588,0.0,0.0,0.1176470588235294,0.1176470588235294,1,0
10.0,2.0,1.0,8,1.0,4,0.0,3.0,9.0,10.0,3,4,5,3,1,3.0,4,0.5556,1,1,9,22.0,0.4545454545454545,0.1818181818181818,0.0,0.0,0.0,0.0,0.2727272727272727,0.0909090909090909,1,0
16.0,3.0,2.0,13,2.0,7,0.0,6.0,15.0,19.0,6,5,6,5,1,3.0,5,0.5333,1,1,15,44.0,0.4318181818181818,0.1818181818181818,0.0,0.0,0.0,0.0,0.2727272727272727,0.1136363636363636,1,0
8.0,2.0,1.0,6,0.0,3,0.0,2.0,7.0,6.0,1,3,3,0,0,3.5,3,0.4286,0,1,7,11.0,0.6363636363636364,0.0,0.0,0.0,0.0,0.0,0.3636363636363636,0.0,1,0
8.0,2.0,1.0,7,1.0,3,0.0,1.0,7.0,6.0,1,3,3,0,0,3.5,3,0.4286,0,1,7,13.0,0.5384615384615384,0.3076923076923077,0.0,0.0,0.0,0.0,0.1538461538461538,0.0,1,0
10.0,3.0,2.0,9,2.0,5,1.0,3.0,9.0,9.0,2,4,4,1,0,3.5,4,0.4444,0,1,9,32.0,0.40625,0.25,0.0,0.125,0.0,0.0,0.1875,0.03125,1,0
9.0,2.0,2.0,8,0.0,3,1.0,2.0,8.0,7.0,1,3,3,0,0,3.5,3,0.375,0,1,8,14.0,0.4285714285714285,0.0,0.0,0.2857142857142857,0.0,0.0,0.2857142857142857,0.0,1,0
9.0,2.0,2.0,8,1.0,2,0.0,0.0,8.0,7.0,1,3,3,0,0,3.5,3,0.375,0,1,8,10.0,0.4,0.4,0.0,0.2,0.0,0.0,0.0,0.0,1,0
7.0,2.0,2.0,7,0.0,1,1.0,1.0,6.0,5.0,1,2,2,0,0,3.0,2,0.3333,0,1,6,9.0,0.3333333333333333,0.0,0.0,0.4166666666666665,0.0,0.0,0.2222222222222222,0.0,1,0
9.0,2.0,2.0,11,2.0,2,1.0,0.0,8.0,7.0,1,3,3,0,0,3.5,3,0.375,0,1,8,22.0,0.2727272727272727,0.3636363636363636,0.0,0.3636363636363636,0.0,0.0,0.0,0.0,1,0
9.0,3.0,4.0,9,2.0,5,2.0,0.0,8.0,8.0,2,3,3,1,0,3.0,3,0.375,0,1,8,25.0,0.36,0.32,0.0,0.32,0.0,0.0,0.0,0.0,1,0
21.5,3.0,7.5,18,2.0,9,2.0,4.0,22.0,24.0,4,5,6,2,1,3.5,5,0.2727,1,1,18,42.0,0.3095238095238095,0.1904761904761904,0.0,0.238095238095238,0.0,0.0,0.1904761904761904,0.0714285714285714,1,0
2.0,1.0,0.0,2,1.0,0,0.0,1.0,1.0,0.0,1,0,1,1,1,1.0,0,0.6189,1,1,1,2.0,0.0,0.0,0.0,0.0,0.0,0.0,0.9375,0.0,1,0
2.0,3.0,2.0,2,0.0,0,0.0,0.0,1.0,0.0,1,0,0,0,0,1.0,0,0.0,0,0,1,1.0,0.0,0.0,0.0,0.0,0.0,0.0,0.9375,0.0,1,0
2.0,2.0,1.0,2,0.0,0,0.0,0.0,1.0,0.0,1,0,0,0,0,1.0,0,0.0,0,0,1,1.0,0.0,0.0,0.0,0.0,0.0,0.0,0.9375,0.0,1,0
21.5,3.0,6.0,15,4.0,8,2.5,3.0,23.0,26.0,5,5,6,3,1,3.0,4,0.2609,1,1,18,42.0,0.238095238095238,0.0,0.0,0.2857142857142857,0.0,0.0,0.2857142857142857,0.1904761904761904,1,0
2.0,2.0,1.0,2,1.0,0,0.0,1.0,1.0,0.0,1,0,0,0,0,1.0,0,0.0,0,0,1,3.0,0.0,0.0,0.0,0.0,0.0,0.0,0.9375,0.0,1,0
21.5,3.5,7.5,18,7.5,10,2.5,7.0,25.5,29.5,6,5,6,5,3,3.0,5,0.2931,1,1,18,50.5,0.2831858407079646,0.0,0.0,0.1946902654867256,0.0,0.0,0.2743362831858407,0.247787610619469,1,0
2.0,2.0,1.0,2,1.0,0,0.0,1.0,1.0,0.0,1,0,0,0,0,1.0,0,0.0,0,0,1,3.0,0.0,0.0,0.0,0.0,0.0,0.0,0.9375,0.0,1,0
21.5,3.5,7.5,18,3.0,10,1.0,7.0,25.5,29.5,6,5,6,2,1,3.5,5,0.2812,1,1,18,50.5,0.3278688524590163,0.1311475409836065,0.0,0.0983606557377049,0.0,0.0,0.2295081967213114,0.2131147540983606,1,0
2.0,3.0,2.0,2,0.0,0,0.0,0.0,1.0,0.0,1,0,0,0,0,1.0,0,0.0,0,0,1,1.0,0.0,0.0,0.0,0.0,0.0,0.0,0.9375,0.0,1,0
2.0,3.0,2.0,2,0.0,0,0.0,0.0,1.0,0.0,1,0,0,0,0,1.0,0,0.0,0,0,1,1.0,0.0,0.0,0.0,0.0,0.0,0.0,0.9375,0.0,1,0
2.0,1.0,0.0,2,1.0,0,0.0,1.0,1.0,0.0,1,0,0,0,0,1.0,0,0.0,0,0,1,3.0,0.0,0.0,0.0,0.0,0.0,0.0,0.9375,0.0,1,0
2.0,2.0,1.0,2,0.0,0,0.0,0.0,1.0,0.0,1,0,0,0,0,1.0,0,0.0,0,0,1,1.0,0.0,0.0,0.0,0.0,0.0,0.0,0.9375,0.0,1,0
2.0,2.0,1.0,2,1.0,0,0.0,1.0,1.0,0.0,1,0,0,0,0,1.0,0,0.0,0,0,1,3.0,0.0,0.0,0.0,0.0,0.0,0.0,0.9375,0.0,1,0
2.0,3.0,2.0,2,0.0,0,0.0,0.0,1.0,0.0,1,0,0,0,0,1.0,0,0.0,0,0,1,1.0,0.0,0.0,0.0,0.0,0.0,0.0,0.9375,0.0,1,0
2.0,1.0,0.0,2,0.0,0,0.0,0.0,1.0,0.0,1,0,1,1,1,1.0,0,0.6189,1,1,1,1.0,0.0,0.0,0.0,0.0,0.0,0.0,0.9375,0.0,1,0
21.5,2.0,6.0,18,7.0,10,2.0,4.0,24.0,27.0,5,5,6,3,2,3.0,5,0.25,1,1,18,50.5,0.3,0.3333333333333333,0.0,0.1333333333333333,0.0,0.0,0.1333333333333333,0.1,1,0
2.0,1.0,0.0,2,0.0,0,0.0,0.0,1.0,0.0,1,0,0,0,0,1.0,0,0.0,0,0,1,1.0,0.0,0.0,0.0,0.0,0.0,0.0,0.9375,0.0,1,0
4.0,2.0,0.0,3,0.0,1,0.0,1.0,3.0,2.0,1,1,2,1,1,2.0,1,0.6189,1,1,3,3.0,0.3333333333333333,0.0,0.0,0.0,0.0,0.0,0.6666666666666666,0.0,1,0
4.0,2.0,0.0,3,0.0,1,0.0,1.0,3.0,2.0,1,1,2,1,1,2.0,1,0.6189,1,1,3,3.0,0.3333333333333333,0.0,0.0,0.0,0.0,0.0,0.6666666666666666,0.0,1,0
14.0,3.5,5.0,12,4.0,6,0.0,3.0,15.0,17.0,4,4,5,3,2,3.0,4,0.3333,1,1,13,29.0,0.4137931034482758,0.2758620689655172,0.0,0.0,0.0,0.0,0.2068965517241379,0.1034482758620689,1,0
17.0,3.5,5.0,14,4.0,7,0.0,2.0,17.0,20.0,5,5,6,4,2,3.0,5,0.3529,1,1,15,29.0,0.4482758620689655,0.2758620689655172,0.0,0.0,0.0,0.0,0.1379310344827586,0.1379310344827586,1,0
17.0,2.0,3.0,18,0.0,5,0.0,1.0,16.0,18.0,4,5,6,1,1,3.5,5,0.375,1,1,16,12.0,0.25,0.0,0.0,0.3333333333333333,0.0,0.0,0.1666666666666666,0.25,1,0
18.0,2.0,3.0,18,0.0,6,0.0,1.0,17.0,20.0,5,5,6,2,1,3.5,5,0.4118,1,1,17,13.0,0.3076923076923077,0.0,0.0,0.3076923076923077,0.0,0.0,0.1538461538461538,0.2307692307692307,1,0
4.0,2.0,0.0,4,0.0,3,0.0,0.0,3.0,2.0,1,1,2,1,1,2.0,1,0.6189,1,1,3,1.0,1.0,0.0,0.0,0.0,0.0,0.0,0.0,0.0,1,0
4.0,2.0,0.0,4,0.0,3,0.0,0.0,3.0,2.0,1,1,2,1,1,2.0,1,0.6189,1,1,3,1.0,1.0,0.0,0.0,0.0,0.0,0.0,0.0,0.0,1,0
6.0,2.0,1.0,8,0.0,0,1.0,0.0,5.0,4.0,1,2,2,0,0,3.0,2,0.4,0,1,5,6.0,0.0,0.0,0.0,0.4166666666666665,0.0,0.0,0.0,0.0,1,0
6.0,2.0,1.0,8,0.0,0,1.0,0.0,5.0,4.0,1,2,2,0,0,3.0,2,0.4,0,1,5,6.0,0.0,0.0,0.0,0.4166666666666665,0.0,0.0,0.0,0.0,1,0
2.0,2.0,1.0,2,0.0,0,0.0,0.0,1.0,0.0,1,0,0,0,0,1.0,0,0.0,0,0,1,1.0,0.0,0.0,0.0,0.0,0.0,0.0,0.9375,0.0,1,0
6.0,2.0,1.0,9,1.0,0,1.0,1.0,5.0,4.0,1,2,2,0,0,3.0,2,0.4,0,1,5,12.0,0.0,0.3333333333333333,0.0,0.4166666666666665,0.0,0.0,0.1666666666666666,0.0,1,0
6.0,2.0,1.0,9,1.0,0,1.0,1.0,5.0,4.0,1,2,2,0,0,3.0,2,0.4,0,1,5,12.0,0.0,0.3333333333333333,0.0,0.4166666666666665,0.0,0.0,0.1666666666666666,0.0,1,0
2.0,2.0,1.0,2,0.0,0,0.0,0.0,1.0,0.0,1,0,0,0,0,1.0,0,0.0,0,0,1,1.0,0.0,0.0,0.0,0.0,0.0,0.0,0.9375,0.0,1,0
4.0,2.0,1.0,5,1.0,0,1.0,1.0,3.0,2.0,1,1,1,0,0,2.0,1,0.3333,0,1,3,6.0,0.0,0.0,0.0,0.4166666666666665,0.0,0.0,0.3333333333333333,0.0,1,0
20.0,3.5,7.5,18,5.0,8,2.5,7.5,19.0,20.0,3,3,4,2,1,3.0,3,0.2105,1,1,18,50.5,0.3142857142857143,0.1714285714285714,0.0,0.1714285714285714,0.0,0.0,0.2571428571428571,0.0857142857142857,1,0
9.0,2.0,3.0,8,4.0,3,1.0,3.0,10.0,11.0,3,2,3,2,2,2.0,2,0.3,1,1,8,18.0,0.3888888888888889,0.0,0.0,0.2222222222222222,0.0,0.0,0.3333333333333333,0.0555555555555555,1,0
2.0,3.0,2.0,2,0.0,0,0.0,1.0,1.0,0.0,1,0,0,0,0,1.0,0,0.0,0,0,1,2.0,0.0,0.0,0.0,0.0,0.0,0.0,0.9375,0.0,1,0
2.0,3.0,1.0,2,0.0,0,0.0,1.0,1.0,0.0,1,0,1,1,1,1.0,0,0.6189,1,1,1,3.0,0.0,0.0,0.0,0.0,0.0,0.0,0.9375,0.0,1,0
21.5,3.5,7.5,18,7.5,10,2.5,7.5,25.5,29.5,6,5,6,5,5,3.5,5,0.2667,1,1,18,50.5,0.3013698630136986,0.1095890410958904,0.0,0.2648401826484018,0.0,0.0,0.2465753424657534,0.0776255707762557,1,0
3.0,3.0,2.0,2,0.0,1,0.0,1.0,2.0,1.0,1,0,0,0,0,1.0,0,0.0,0,0,2,4.0,0.25,0.0,0.0,0.0,0.0,0.0,0.75,0.0,1,0
4.0,3.0,2.0,3,0.0,1,0.0,0.0,3.0,2.0,1,1,1,0,0,2.0,1,0.3333,0,1,3,1.0,1.0,0.0,0.0,0.0,0.0,0.0,0.0,0.0,1,0
21.0,3.0,7.5,18,2.0,4,1.0,2.0,21.0,24.0,5,5,6,3,2,3.0,4,0.2857,1,1,18,26.0,0.3846153846153846,0.0,0.0,0.2307692307692307,0.0,0.0,0.2307692307692307,0.1538461538461538,1,0
21.5,3.5,5.0,17,4.0,7,0.0,6.0,18.0,23.0,6,5,6,5,0,2.0,5,0.3889,0,1,18,50.5,0.3269230769230769,0.3076923076923077,0.0,0.0,0.0,0.0,0.2307692307692307,0.1346153846153846,1,0
16.0,1.0,3.0,14,6.0,6,1.0,5.0,15.0,17.0,4,5,6,1,0,3.5,4,0.4,0,1,15,43.0,0.4186046511627907,0.1860465116279069,0.0,0.1162790697674418,0.0,0.0,0.2325581395348837,0.0465116279069767,1,0
6.0,2.0,1.0,8,1.0,1,1.0,1.0,5.0,4.0,1,2,2,0,0,3.0,2,0.4,0,1,5,13.0,0.0769230769230769,0.3076923076923077,0.0,0.4166666666666665,0.0,0.0,0.1538461538461538,0.0,1,0
13.0,1.0,4.0,10,3.0,4,0.0,6.0,12.0,12.0,2,4,4,1,0,3.5,4,0.3333,0,1,12,34.0,0.2941176470588235,0.3529411764705882,0.0,0.0,0.0,0.0,0.3529411764705882,0.0,1,0
21.5,2.0,7.5,18,7.5,9,2.0,7.5,25.5,29.5,4,4,6,3,5,3.5,4,0.2424,1,1,18,50.5,0.2873563218390804,0.2298850574712643,0.0,0.0919540229885057,0.0,0.0,0.3448275862068966,0.0459770114942528,1,0
7.0,2.0,2.0,5,3.0,2,0.0,3.0,10.0,11.0,3,1,2,2,2,1.0,1,0.2,1,1,6,10.0,0.5,0.0,0.0,0.0,0.0,0.0,0.4,0.1,1,0
6.0,3.0,3.0,5,1.0,2,1.0,0.0,4.0,3.0,1,1,3,2,2,2.0,1,0.6189,1,1,4,6.0,0.3333333333333333,0.0,0.0,0.4166666666666665,0.0,0.0,0.0,0.0,1,0
9.0,3.0,3.0,9,1.0,3,0.0,1.0,8.0,7.0,1,3,4,1,1,3.5,3,0.5,1,1,8,13.0,0.5384615384615384,0.3076923076923077,0.0,0.0,0.0,0.0,0.1538461538461538,0.0,1,0
21.5,3.0,6.0,18,4.0,7,1.0,6.0,22.0,23.0,3,5,6,3,3,3.5,5,0.3636,1,1,18,45.0,0.4222222222222222,0.1777777777777777,0.0,0.1333333333333333,0.0,0.0,0.2222222222222222,0.0444444444444444,1,0
9.0,3.0,3.0,9,1.0,3,0.0,1.0,8.0,7.0,1,3,4,1,1,3.5,3,0.5,1,1,8,13.0,0.5384615384615384,0.3076923076923077,0.0,0.0,0.0,0.0,0.1538461538461538,0.0,1,0
21.5,3.0,6.0,18,4.0,7,1.0,6.0,22.0,23.0,3,5,6,3,3,3.5,5,0.3636,1,1,18,45.0,0.4222222222222222,0.1777777777777777,0.0,0.1333333333333333,0.0,0.0,0.2222222222222222,0.0444444444444444,1,0
10.0,3.0,4.0,6,3.0,3,1.0,3.0,9.0,8.0,1,2,2,0,0,3.0,2,0.2222,0,1,9,31.0,0.2258064516129032,0.3870967741935484,0.0,0.1290322580645161,0.0,0.0,0.1935483870967742,0.064516129032258,1,0
12.0,3.0,4.0,8,3.0,3,1.0,4.0,11.0,11.0,2,3,3,1,0,3.0,3,0.2727,0,1,11,34.0,0.2058823529411764,0.3529411764705882,0.0,0.1764705882352941,0.0,0.0,0.1764705882352941,0.088235294117647,1,0
4.0,1.0,0.0,3,0.0,1,0.0,0.0,3.0,2.0,1,1,1,0,0,2.0,1,0.3333,0,1,3,1.0,1.0,0.0,0.0,0.0,0.0,0.0,0.0,0.0,1,0
4.0,2.0,1.0,3,0.0,1,0.0,0.0,3.0,2.0,1,1,1,0,0,2.0,1,0.3333,0,1,3,1.0,1.0,0.0,0.0,0.0,0.0,0.0,0.0,0.0,1,0
4.0,1.0,0.0,3,0.0,1,0.0,0.0,3.0,2.0,1,1,1,0,0,2.0,1,0.3333,0,1,3,1.0,1.0,0.0,0.0,0.0,0.0,0.0,0.0,0.0,1,0
4.0,2.0,1.0,3,0.0,1,0.0,0.0,3.0,2.0,1,1,1,0,0,2.0,1,0.3333,0,1,3,1.0,1.0,0.0,0.0,0.0,0.0,0.0,0.0,0.0,1,0
10.0,1.0,1.0,12,0.0,2,0.0,3.0,6.0,5.0,1,2,2,0,0,3.0,2,0.3333,0,1,6,9.0,0.3333333333333333,0.0,0.0,0.0,0.0,0.0,0.6666666666666666,0.0,1,0
10.0,1.0,1.0,12,0.0,2,0.0,3.0,6.0,5.0,1,2,2,0,0,3.0,2,0.3333,0,1,6,9.0,0.3333333333333333,0.0,0.0,0.0,0.0,0.0,0.6666666666666666,0.0,1,0
16.0,1.0,4.0,17,2.0,3,1.0,3.0,17.0,20.0,5,4,5,2,2,2.0,4,0.2941,1,1,15,24.0,0.25,0.0,0.0,0.375,0.0,0.0,0.1666666666666666,0.2083333333333333,1,0
9.0,2.0,3.0,7,2.0,1,1.0,3.0,8.0,8.0,2,1,2,1,1,2.0,1,0.25,1,1,8,15.0,0.2,0.0,0.0,0.2666666666666666,0.0,0.0,0.4,0.1333333333333333,1,0
8.0,1.0,2.0,7,2.0,3,0.0,1.0,9.0,9.0,2,2,3,1,2,3.0,2,0.3333,1,1,7,13.0,0.5384615384615384,0.0,0.0,0.0,0.0,0.0,0.4615384615384615,0.0,1,0
8.0,1.0,2.0,8,2.0,4,1.0,1.0,9.0,9.0,2,2,3,1,2,3.0,2,0.3333,1,1,7,20.0,0.5,0.0,0.0,0.2,0.0,0.0,0.3,0.0,1,0
8.0,1.0,2.0,7,2.0,3,0.0,1.0,9.0,9.0,2,2,3,1,2,3.0,2,0.3333,1,1,7,13.0,0.5384615384615384,0.0,0.0,0.0,0.0,0.0,0.4615384615384615,0.0,1,0
8.0,1.0,2.0,8,2.0,4,1.0,1.0,9.0,9.0,2,2,3,1,2,3.0,2,0.3333,1,1,7,20.0,0.5,0.0,0.0,0.2,0.0,0.0,0.3,0.0,1,0
8.0,1.0,2.0,7,2.0,3,0.0,1.0,9.0,9.0,2,2,3,2,3,3.0,2,0.3333,1,1,7,13.0,0.5384615384615384,0.0,0.0,0.0,0.0,0.0,0.4615384615384615,0.0,1,0
8.0,1.0,2.0,7,2.0,3,0.0,1.0,9.0,9.0,2,2,3,1,2,3.0,2,0.3333,1,1,7,13.0,0.5384615384615384,0.0,0.0,0.0,0.0,0.0,0.4615384615384615,0.0,1,0
8.0,1.0,2.0,8,2.0,4,1.0,1.0,9.0,9.0,2,2,3,1,2,3.0,2,0.3333,1,1,7,20.0,0.5,0.0,0.0,0.2,0.0,0.0,0.3,0.0,1,0
8.0,1.0,2.0,7,2.0,3,0.0,1.0,9.0,9.0,2,2,3,2,3,3.0,2,0.3333,1,1,7,13.0,0.5384615384615384,0.0,0.0,0.0,0.0,0.0,0.4615384615384615,0.0,1,0
8.0,1.0,2.0,8,2.0,3,1.0,1.0,9.0,9.0,2,2,3,1,2,3.0,2,0.3333,1,1,7,17.0,0.4117647058823529,0.0,0.0,0.2352941176470588,0.0,0.0,0.3529411764705882,0.0,1,0
8.0,1.0,2.0,8,2.0,3,1.0,1.0,9.0,9.0,2,2,3,1,2,3.0,2,0.3333,1,1,7,17.0,0.4117647058823529,0.0,0.0,0.2352941176470588,0.0,0.0,0.3529411764705882,0.0,1,0
2.0,2.0,1.0,2,0.0,2,0.0,0.0,1.0,0.0,1,0,0,0,0,1.0,0,0.0,0,0,1,2.0,0.0,0.0,0.0,0.4166666666666665,0.0,0.0,0.0,0.0,1,0
4.0,1.0,0.0,5,0.0,1,0.0,0.0,3.0,2.0,1,1,2,1,1,2.0,1,0.6189,1,1,3,1.0,1.0,0.0,0.0,0.0,0.0,0.0,0.0,0.0,1,0
6.0,2.0,1.0,5,0.0,1,0.0,0.0,5.0,4.0,1,1,1,0,0,2.0,1,0.2,0,1,5,2.0,0.5,0.0,0.0,0.0,0.0,0.0,0.0,0.357142857142857,1,0
2.0,2.0,1.0,2,0.0,0,0.0,1.0,1.0,0.0,1,0,1,1,1,1.0,0,0.6189,1,1,1,2.0,0.0,0.0,0.0,0.0,0.0,0.0,0.9375,0.0,1,0
19.0,3.0,3.0,18,7.5,8,0.0,7.5,20.0,23.0,5,5,6,5,1,3.5,5,0.45,1,1,18,50.5,0.2619047619047619,0.4761904761904761,0.0,0.0,0.0,0.0,0.238095238095238,0.0238095238095238,1,0
13.0,3.0,6.0,16,7.0,2,2.0,5.0,12.0,11.0,1,2,2,0,0,3.0,2,0.1667,0,1,12,50.5,0.1111111111111111,0.5185185185185185,0.0,0.1481481481481481,0.0,0.0,0.1666666666666666,0.0555555555555555,1,0
9.0,2.0,2.0,6,0.0,3,0.0,0.0,8.0,7.0,1,3,3,0,0,3.5,3,0.375,0,1,8,5.0,1.0,0.0,0.0,0.0,0.0,0.0,0.0,0.0,1,0
12.0,2.0,2.0,12,2.0,8,2.5,2.0,13.0,14.0,3,4,5,2,2,3.5,4,0.3846,1,1,11,34.0,0.5294117647058824,0.0,0.0,0.3529411764705882,0.0,0.0,0.1176470588235294,0.0,1,0
21.5,1.0,7.5,17,7.5,10,2.5,7.5,25.5,29.5,6,5,6,5,5,3.5,5,0.2778,1,1,18,50.5,0.3809523809523809,0.0,0.0,0.1904761904761904,0.0,0.0,0.3571428571428571,0.0714285714285714,1,0
12.0,1.0,1.0,7,0.0,5,1.0,6.0,10.0,9.0,1,4,4,0,0,3.5,3,0.4,0,1,10,26.0,0.3846153846153846,0.0,0.0,0.1538461538461538,0.0,0.0,0.4615384615384615,0.0,1,0
21.5,2.0,7.5,16,7.5,9,1.0,7.5,25.5,29.5,6,4,6,5,5,3.0,4,0.175,1,1,18,50.5,0.219047619047619,0.3428571428571428,0.0,0.0380952380952381,0.0,0.0,0.3047619047619048,0.0952380952380952,1,0
2.0,2.0,1.0,2,0.0,0,0.0,0.0,1.0,0.0,1,0,1,1,1,1.0,0,0.6189,1,1,1,1.0,0.0,0.0,0.0,0.0,0.0,0.0,0.9375,0.0,1,0
6.0,3.0,2.0,8,0.0,5,2.0,2.0,5.0,4.0,1,2,2,0,0,3.0,2,0.4,0,1,5,20.0,0.35,0.0,0.0,0.4,0.0,0.0,0.25,0.0,1,0
8.0,2.0,3.0,7,2.0,1,1.0,1.0,9.0,9.0,2,2,3,1,2,3.0,2,0.3333,1,1,7,13.0,0.1538461538461538,0.0,0.0,0.4166666666666665,0.0,0.0,0.3846153846153846,0.0,1,0
2.0,2.0,1.0,2,0.0,0,0.0,0.0,1.0,0.0,1,0,1,1,1,1.0,0,0.6189,1,1,1,1.0,0.0,0.0,0.0,0.0,0.0,0.0,0.9375,0.0,1,0
7.0,3.0,3.0,9,1.0,5,2.0,1.0,6.0,5.0,1,2,2,0,0,3.0,2,0.3333,0,1,6,22.0,0.3181818181818182,0.1818181818181818,0.0,0.3636363636363636,0.0,0.0,0.1363636363636363,0.0,1,0
2.0,1.0,0.0,1,0.0,1,0.0,0.0,1.0,0.0,1,0,0,0,0,1.0,0,0.0,0,0,1,1.0,1.0,0.0,0.0,0.0,0.0,0.0,0.0,0.0,1,0
2.0,1.0,0.0,2,0.0,0,0.0,1.0,1.0,0.0,1,0,1,1,1,1.0,0,0.6189,1,1,1,2.0,0.0,0.0,0.0,0.0,0.0,0.0,0.9375,0.0,1,0
7.0,2.0,1.0,4,0.0,1,0.0,0.0,7.0,5.0,1,1,1,0,0,3.0,1,0.1429,0,1,5,1.0,1.0,0.0,0.0,0.0,0.0,0.0,0.0,0.0,1,0
2.0,1.0,0.0,2,0.0,0,0.0,0.0,1.0,0.0,1,0,1,1,1,1.0,0,0.6189,1,1,1,2.0,0.0,0.0,0.0,0.0,0.0,0.0,0.9375,0.0,1,0
7.0,2.0,1.0,4,0.0,1,0.0,0.0,7.0,5.0,1,1,1,0,0,3.0,1,0.1429,0,1,5,1.0,1.0,0.0,0.0,0.0,0.0,0.0,0.0,0.0,1,0
2.0,1.0,0.0,2,0.0,0,0.0,1.0,1.0,0.0,1,0,1,1,1,1.0,0,0.6189,1,1,1,2.0,0.0,0.0,0.0,0.0,0.0,0.0,0.9375,0.0,1,0
7.0,2.0,1.0,4,0.0,1,0.0,0.0,7.0,5.0,1,1,1,0,0,3.0,1,0.1429,0,1,5,1.0,1.0,0.0,0.0,0.0,0.0,0.0,0.0,0.0,1,0
2.0,1.0,0.0,2,0.0,0,0.0,1.0,1.0,0.0,1,0,1,1,1,1.0,0,0.6189,1,1,1,2.0,0.0,0.0,0.0,0.0,0.0,0.0,0.9375,0.0,1,0
7.0,2.0,1.0,4,0.0,1,0.0,0.0,7.0,5.0,1,1,1,0,0,3.0,1,0.1429,0,1,5,1.0,1.0,0.0,0.0,0.0,0.0,0.0,0.0,0.0,1,0
7.0,2.0,1.0,4,0.0,1,0.0,0.0,7.0,5.0,1,1,1,0,0,3.0,1,0.1429,0,1,5,1.0,1.0,0.0,0.0,0.0,0.0,0.0,0.0,0.0,1,0
7.0,2.0,1.0,4,0.0,1,0.0,0.0,7.0,5.0,1,1,1,0,0,3.0,1,0.1429,0,1,5,1.0,1.0,0.0,0.0,0.0,0.0,0.0,0.0,0.0,1,0
21.5,1.0,7.5,18,7.5,10,2.5,7.5,25.5,29.5,6,5,6,5,2,3.5,5,0.2069,1,1,18,50.5,0.2615384615384615,0.1846153846153846,0.0,0.3076923076923077,0.0,0.0,0.2384615384615384,0.0076923076923076,1,0
20.0,1.0,4.0,15,5.0,2,2.0,7.5,19.0,22.0,5,5,5,2,0,2.0,5,0.2632,0,1,18,48.0,0.0833333333333333,0.0833333333333333,0.0,0.2916666666666667,0.0,0.0,0.375,0.1666666666666666,1,0
4.0,1.0,0.0,3,0.0,1,0.0,0.0,3.0,2.0,1,1,1,0,0,2.0,1,0.3333,0,1,3,1.0,1.0,0.0,0.0,0.0,0.0,0.0,0.0,0.0,1,0
4.0,1.0,0.0,3,0.0,1,0.0,0.0,3.0,2.0,1,1,1,0,0,2.0,1,0.3333,0,1,3,1.0,1.0,0.0,0.0,0.0,0.0,0.0,0.0,0.0,1,0
7.0,1.0,1.0,7,3.0,4,0.0,4.0,8.0,8.0,2,2,3,1,2,3.0,2,0.375,1,1,6,21.0,0.4285714285714285,0.1904761904761904,0.0,0.0,0.0,0.0,0.3809523809523809,0.0,1,0
7.0,1.0,1.0,8,2.0,1,0.0,1.0,8.0,8.0,2,2,3,1,2,3.0,2,0.375,1,1,6,12.0,0.25,0.0,0.0,0.3333333333333333,0.0,0.0,0.4166666666666667,0.0,1,0
4.0,1.0,0.0,3,0.0,1,0.0,0.0,3.0,2.0,1,1,1,0,0,2.0,1,0.3333,0,1,3,1.0,1.0,0.0,0.0,0.0,0.0,0.0,0.0,0.0,1,0
4.0,1.0,0.0,3,0.0,1,0.0,0.0,3.0,2.0,1,1,1,0,0,2.0,1,0.3333,0,1,3,1.0,1.0,0.0,0.0,0.0,0.0,0.0,0.0,0.0,1,0
8.0,1.0,0.0,10,1.0,1,0.0,3.0,10.0,11.0,3,3,3,2,0,2.0,3,0.3,0,1,7,5.0,0.2,0.0,0.0,0.4166666666666665,0.0,0.0,0.0,0.0,1,0
7.0,1.0,2.0,4,2.0,2,0.0,2.0,8.0,9.0,3,1,2,2,2,1.0,1,0.25,1,1,6,12.0,0.5,0.0,0.0,0.0,0.0,0.0,0.3333333333333333,0.1666666666666666,1,0
5.0,1.0,0.0,6,0.0,2,0.0,3.0,6.0,5.0,1,2,2,0,0,0.0,2,0.3333,0,1,4,6.0,0.6666666666666666,0.0,0.0,0.0,0.0,0.0,0.3333333333333333,0.0,1,0
7.0,1.0,2.0,4,2.0,2,0.0,2.0,8.0,9.0,3,1,2,2,2,1.0,1,0.25,1,1,6,12.0,0.5,0.0,0.0,0.0,0.0,0.0,0.3333333333333333,0.1666666666666666,1,0
7.0,1.0,2.0,4,2.0,2,0.0,2.0,8.0,9.0,3,1,2,2,2,1.0,1,0.25,1,1,6,12.0,0.5,0.0,0.0,0.0,0.0,0.0,0.3333333333333333,0.1666666666666666,1,0
7.0,1.0,2.0,4,2.0,2,0.0,2.0,8.0,9.0,3,1,2,2,2,1.0,1,0.25,1,1,6,12.0,0.5,0.0,0.0,0.0,0.0,0.0,0.3333333333333333,0.1666666666666666,1,0
9.0,1.0,2.0,6,2.0,2,0.0,2.0,10.0,11.0,3,2,3,2,2,2.0,2,0.3,1,1,8,14.0,0.4285714285714285,0.0,0.0,0.1428571428571428,0.0,0.0,0.2857142857142857,0.1428571428571428,1,0
9.0,1.0,2.0,6,2.0,2,0.0,2.0,10.0,11.0,3,2,3,2,2,2.0,2,0.3,1,1,8,14.0,0.4285714285714285,0.0,0.0,0.1428571428571428,0.0,0.0,0.2857142857142857,0.1428571428571428,1,0
7.0,1.0,2.0,4,2.0,2,0.0,2.0,8.0,9.0,3,1,2,2,2,1.0,1,0.25,1,1,6,12.0,0.5,0.0,0.0,0.0,0.0,0.0,0.3333333333333333,0.1666666666666666,1,0
7.0,1.0,2.0,4,2.0,2,0.0,2.0,8.0,9.0,3,1,2,2,2,1.0,1,0.25,1,1,6,12.0,0.5,0.0,0.0,0.0,0.0,0.0,0.3333333333333333,0.1666666666666666,1,0
7.0,1.0,2.0,4,2.0,2,0.0,2.0,8.0,9.0,3,1,2,2,2,1.0,1,0.25,1,1,6,12.0,0.5,0.0,0.0,0.0,0.0,0.0,0.3333333333333333,0.1666666666666666,1,0
7.0,1.0,2.0,4,2.0,2,0.0,2.0,8.0,9.0,3,1,2,2,2,1.0,1,0.25,1,1,6,12.0,0.5,0.0,0.0,0.0,0.0,0.0,0.3333333333333333,0.1666666666666666,1,0
9.0,1.0,2.0,6,2.0,2,0.0,2.0,10.0,11.0,3,2,3,2,2,2.0,2,0.3,1,1,8,14.0,0.4285714285714285,0.0,0.0,0.1428571428571428,0.0,0.0,0.2857142857142857,0.1428571428571428,1,0
9.0,1.0,2.0,6,2.0,2,0.0,2.0,10.0,11.0,3,2,3,2,2,2.0,2,0.3,1,1,8,14.0,0.4285714285714285,0.0,0.0,0.1428571428571428,0.0,0.0,0.2857142857142857,0.1428571428571428,1,0
21.5,1.0,7.5,18,7.5,10,2.5,7.5,25.5,29.5,6,5,6,3,3,3.5,5,0.3684,1,1,18,50.5,0.3666666666666666,0.0592592592592592,0.0,0.4,0.0,0.0,0.1407407407407407,0.0333333333333333,1,0
4.0,1.0,0.0,4,0.0,0,0.0,0.0,3.0,2.0,1,0,0,0,0,0.0,0,0.0,0,0,3,3.0,0.0,0.0,0.0,0.0,0.0,0.0,0.0,0.357142857142857,1,0
3.0,1.0,1.0,4,2.0,1,0.0,3.0,4.0,4.0,2,0,1,1,2,0.0,0,0.25,1,1,2,9.0,0.2222222222222222,0.0,0.0,0.0,0.0,0.0,0.6666666666666666,0.1111111111111111,1,0
2.0,2.0,1.0,2,0.0,0,0.0,0.0,1.0,0.0,1,0,0,0,0,0.0,0,0.0,0,0,1,1.0,0.0,0.0,0.0,0.0,0.0,0.0,0.0,0.357142857142857,1,0
7.0,1.0,1.0,6,0.0,0,0.0,0.0,7.0,6.0,1,0,1,1,1,1.0,0,0.1429,1,1,5,1.0,0.0,0.0,0.0,0.0,0.0,0.0,0.0,0.357142857142857,1,0
2.0,1.0,0.0,4,2.0,0,0.0,1.0,1.0,0.0,1,0,0,0,0,1.0,0,0.0,0,0,1,10.0,0.0,0.7142857142857142,0.0,0.0,0.0,0.0,0.2,0.0,1,0
21.0,2.0,5.0,18,5.0,5,1.0,6.0,20.0,23.0,5,3,4,2,2,0.0,3,0.2,1,1,18,44.0,0.2954545454545454,0.0909090909090909,0.0,0.0909090909090909,0.0,0.0,0.2727272727272727,0.25,1,0
11.0,1.0,2.0,8,0.0,1,0.0,1.0,10.0,9.0,1,1,1,0,0,2.0,1,0.1,0,1,8,6.0,0.5,0.0,0.0,0.0,0.0,0.0,0.3333333333333333,0.1666666666666666,1,0
21.5,3.0,7.5,18,7.5,10,1.0,7.5,25.5,29.5,6,5,6,5,2,0.0,5,0.25,1,1,18,50.5,0.3260869565217391,0.0869565217391304,0.0,0.0434782608695652,0.0,0.0,0.391304347826087,0.1521739130434782,1,0
7.0,2.0,2.0,5,0.0,1,0.0,1.0,5.0,4.0,1,1,1,0,0,1.0,1,0.2,0,1,5,7.0,0.4285714285714285,0.0,0.0,0.0,0.0,0.0,0.2857142857142857,0.2857142857142857,1,0
8.0,3.0,4.0,6,0.0,1,0.0,0.0,7.0,7.0,2,1,1,1,0,1.0,1,0.1429,0,1,7,4.0,0.25,0.0,0.0,0.0,0.0,0.0,0.0,0.357142857142857,1,0
4.0,1.0,1.0,6,0.0,0,0.0,0.0,3.0,2.0,1,0,0,0,0,1.0,0,0.0,0,0,3,1.0,0.0,0.0,0.0,0.0,0.0,0.0,0.0,0.357142857142857,1,0
4.0,0.0,0.0,4,0.0,1,0.0,0.0,3.0,3.0,2,1,1,1,0,1.0,1,0.3333,0,1,3,2.0,0.5,0.0,0.0,0.0,0.0,0.0,0.0,0.357142857142857,1,0
13.0,3.0,2.0,8,0.0,5,0.0,1.0,22.0,24.0,4,3,3,3,0,0.0,3,0.1364,0,1,13,7.0,0.7142857142857143,0.0,0.0,0.0,0.0,0.0,0.0,0.2857142857142857,1,0
7.0,0.0,3.0,6,2.0,1,0.0,2.0,7.0,8.0,3,0,1,1,1,0.0,0,0.1429,1,1,6,10.0,0.3,0.0,0.0,0.0,0.0,0.0,0.4,0.3,1,0
17.0,3.0,6.0,15,1.0,3,0.0,1.0,18.0,20.0,4,3,4,4,1,1.0,3,0.2222,1,1,15,8.0,0.375,0.0,0.0,0.0,0.0,0.0,0.0,0.357142857142857,1,0
19.0,3.5,7.0,17,1.0,3,0.0,1.0,18.0,20.0,4,3,4,4,1,1.0,3,0.2222,1,1,15,8.0,0.375,0.0,0.0,0.0,0.0,0.0,0.0,0.357142857142857,1,0
21.5,0.0,7.5,18,3.0,10,0.0,7.5,25.5,29.5,6,5,6,5,2,1.0,4,0.122,1,1,18,50.5,0.4615384615384615,0.0,0.0,0.0,0.0,0.0,0.4923076923076923,0.0461538461538461,1,0
21.5,2.0,7.0,18,7.5,10,2.5,6.0,25.5,29.5,6,5,6,4,3,1.0,3,0.25,1,1,18,50.5,0.3888888888888889,0.1481481481481481,0.0,0.2407407407407407,0.0,0.0,0.1203703703703703,0.1018518518518518,1,0
5.0,2.0,1.0,5,0.0,0,0.0,0.0,4.0,4.0,2,1,1,1,0,1.0,1,0.25,0,1,4,4.0,0.0,0.0,0.0,0.4166666666666665,0.0,0.0,0.0,0.357142857142857,1,0
6.0,2.0,3.0,3,2.0,1,0.0,1.0,7.0,7.0,2,0,1,1,2,1.0,0,0.1429,1,1,5,6.0,0.5,0.0,0.0,0.0,0.0,0.0,0.3333333333333333,0.1666666666666666,1,0
13.0,1.0,1.0,6,0.0,6,2.5,0.0,6.0,5.0,1,2,2,1,1,3.0,2,0.3333,1,1,6,44.0,0.2727272727272727,0.0,0.0,0.4166666666666665,0.0,0.0,0.0909090909090909,0.0,1,0
8.0,0.0,1.0,4,0.0,0,0.0,5.0,7.0,6.0,1,0,3,3,3,1.0,0,0.4286,1,1,7,19.0,0.0,0.0,0.0,0.2105263157894736,0.0,0.0,0.5263157894736842,0.2631578947368421,1,0
3.0,1.0,0.0,3,0.0,0,0.0,0.0,2.0,1.0,1,0,0,0,0,0.0,0,0.0,0,0,2,2.0,0.0,0.0,0.0,0.0,0.0,0.0,0.0,0.357142857142857,1,0
5.0,1.0,0.0,3,0.0,1,0.0,1.0,9.0,9.0,2,1,1,1,0,0.0,1,0.1111,0,1,5,7.0,0.4285714285714285,0.0,0.0,0.0,0.0,0.0,0.2857142857142857,0.2857142857142857,1,0
7.0,1.0,0.0,5,1.0,1,0.0,0.0,10.0,9.0,1,1,1,0,0,0.0,1,0.1,0,1,6,8.0,0.125,0.5,0.0,0.0,0.0,0.0,0.0,0.357142857142857,1,0
10.0,1.0,2.0,8,1.0,2,0.0,2.0,9.0,9.0,2,2,2,1,0,2.0,2,0.2222,0,1,9,15.0,0.2666666666666666,0.2666666666666666,0.0,0.0,0.0,0.0,0.2666666666666666,0.2,1,0
5.0,1.0,0.0,3,0.0,2,1.0,1.0,4.0,4.0,2,1,1,1,0,1.0,1,0.25,0,1,4,11.0,0.2727272727272727,0.0,0.0,0.3636363636363636,0.0,0.0,0.1818181818181818,0.1818181818181818,1,0
13.0,1.0,3.0,7,2.0,4,0.0,2.0,15.0,18.0,5,3,4,3,2,1.0,3,0.2667,1,1,12,18.0,0.6666666666666666,0.0,0.0,0.0,0.0,0.0,0.1111111111111111,0.2222222222222222,1,0
6.0,1.0,0.0,3,0.0,1,0.0,2.0,5.0,5.0,2,1,1,1,0,1.0,1,0.2,0,1,5,9.0,0.3333333333333333,0.0,0.0,0.0,0.0,0.0,0.4444444444444444,0.2222222222222222,1,0
6.0,0.0,0.0,5,0.0,1,0.0,2.0,5.0,5.0,2,1,1,1,0,1.0,1,0.2,0,1,5,9.0,0.3333333333333333,0.0,0.0,0.0,0.0,0.0,0.4444444444444444,0.2222222222222222,1,0
4.0,1.0,0.0,4,0.0,2,1.0,1.0,4.0,4.0,2,1,1,1,0,1.0,1,0.25,0,1,3,12.0,0.5,0.0,0.0,0.3333333333333333,0.0,0.0,0.1666666666666666,0.0,1,0
5.0,2.0,1.0,4,0.0,2,1.0,1.0,5.0,5.0,2,1,1,1,0,1.0,1,0.2,0,1,4,13.0,0.4615384615384615,0.0,0.0,0.3076923076923077,0.0,0.0,0.1538461538461538,0.0769230769230769,1,0
5.0,1.0,0.0,4,1.0,2,1.0,3.0,5.0,5.0,2,1,1,1,0,1.0,1,0.2,0,1,4,21.0,0.2857142857142857,0.1904761904761904,0.0,0.1904761904761904,0.0,0.0,0.2857142857142857,0.0476190476190476,1,0
3.0,3.0,2.0,2,1.0,0,0.0,0.0,2.0,1.0,1,0,0,0,0,0.0,0,0.0,0,0,2,6.0,0.0,0.6666666666666666,0.0,0.0,0.0,0.0,0.0,0.3333333333333333,1,0
6.0,0.0,0.0,3,0.0,1,0.0,3.0,5.0,4.0,1,1,1,0,0,2.0,1,0.2,0,1,5,10.0,0.3,0.0,0.0,0.0,0.0,0.0,0.6,0.1,1,0
8.0,2.0,2.0,4,1.0,1,0.0,2.0,7.0,6.0,1,1,1,0,0,2.0,1,0.1429,0,1,7,13.0,0.2307692307692307,0.3076923076923077,0.0,0.0,0.0,0.0,0.3076923076923077,0.1538461538461538,1,0
8.0,2.0,1.0,6,0.0,3,0.0,2.0,9.0,11.0,4,3,3,3,0,1.0,3,0.3333,0,1,7,12.0,0.75,0.0,0.0,0.0,0.0,0.0,0.1666666666666666,0.0833333333333333,1,0
6.0,1.0,1.0,4,0.0,2,1.0,2.0,5.0,5.0,2,1,1,1,0,1.0,1,0.2,0,1,5,14.0,0.2857142857142857,0.0,0.0,0.2857142857142857,0.0,0.0,0.2857142857142857,0.1428571428571428,1,0
8.0,3.5,2.0,9,1.0,4,1.0,3.0,10.0,12.0,4,3,3,3,0,0.0,3,0.3,0,1,7,25.0,0.48,0.16,0.0,0.16,0.0,0.0,0.16,0.04,1,0
5.0,0.0,0.0,4,0.0,1,0.0,0.0,4.0,3.0,1,1,1,0,0,2.0,1,0.25,0,1,4,2.0,0.5,0.0,0.0,0.0,0.0,0.0,0.0,0.357142857142857,1,0
4.0,0.0,0.0,3,0.0,1,0.0,0.0,3.0,2.0,1,1,1,0,0,2.0,1,0.3333,0,1,3,1.0,1.0,0.0,0.0,0.0,0.0,0.0,0.0,0.0,1,0
4.0,1.0,0.0,5,0.0,1,0.0,0.0,3.0,2.0,1,1,2,1,1,2.0,1,0.6189,1,1,3,1.0,1.0,0.0,0.0,0.0,0.0,0.0,0.0,0.0,1,0
13.0,3.0,3.0,13,3.0,6,2.0,5.0,14.0,16.0,4,4,4,3,0,2.0,4,0.2857,0,1,12,45.0,0.3555555555555555,0.2666666666666666,0.0,0.1777777777777777,0.0,0.0,0.1333333333333333,0.0666666666666666,1,0
10.0,1.0,2.0,8,1.0,2,0.0,2.0,9.0,9.0,2,2,2,1,0,2.0,2,0.2222,0,1,9,15.0,0.2666666666666666,0.2666666666666666,0.0,0.0,0.0,0.0,0.2666666666666666,0.2,1,0
13.0,3.0,3.0,13,3.0,6,2.0,5.0,14.0,16.0,4,4,4,3,0,2.0,4,0.2857,0,1,12,45.0,0.3555555555555555,0.2666666666666666,0.0,0.1777777777777777,0.0,0.0,0.1333333333333333,0.0666666666666666,1,0
10.0,1.0,2.0,8,1.0,2,0.0,2.0,9.0,9.0,2,2,2,1,0,2.0,2,0.2222,0,1,9,15.0,0.2666666666666666,0.2666666666666666,0.0,0.0,0.0,0.0,0.2666666666666666,0.2,1,0
13.0,3.0,3.0,13,3.0,6,2.0,5.0,14.0,16.0,4,4,4,3,0,2.0,4,0.2857,0,1,12,45.0,0.3555555555555555,0.2666666666666666,0.0,0.1777777777777777,0.0,0.0,0.1333333333333333,0.0666666666666666,1,0
10.0,1.0,2.0,7,1.0,2,0.0,2.0,9.0,9.0,2,2,2,1,0,2.0,2,0.2222,0,1,9,15.0,0.2666666666666666,0.2666666666666666,0.0,0.0,0.0,0.0,0.2666666666666666,0.2,1,0
13.0,3.0,2.0,11,4.0,6,2.0,5.0,16.0,18.0,4,4,4,3,0,2.0,4,0.25,0,1,12,41.0,0.3902439024390244,0.1951219512195122,0.0,0.1951219512195122,0.0,0.0,0.1463414634146341,0.073170731707317,1,0
15.0,1.0,0.0,4,7.5,0,0.0,2.0,13.0,13.0,2,1,1,1,0,1.0,1,0.0769,0,1,13,25.0,0.0,0.32,0.0,0.08,0.0,0.0,0.16,0.357142857142857,1,0
5.0,1.0,1.0,3,3.0,0,0.0,1.0,4.0,3.0,1,0,0,0,0,1.0,0,0.0,0,0,4,8.0,0.0,0.5,0.0,0.0,0.0,0.0,0.25,0.25,1,0
8.0,2.0,1.0,6,2.0,4,1.0,4.0,9.0,10.0,3,1,2,2,2,1.0,1,0.2222,1,1,7,21.0,0.3333333333333333,0.0,0.0,0.1904761904761904,0.0,0.0,0.2857142857142857,0.1904761904761904,1,0
9.0,2.0,2.0,11,0.0,3,1.0,2.0,8.0,10.0,4,2,3,2,1,1.0,2,0.375,1,1,8,15.0,0.2666666666666666,0.0,0.0,0.4,0.0,0.0,0.1333333333333333,0.2,1,0
8.0,2.0,1.0,9,0.0,2,0.0,1.0,7.0,9.0,4,2,3,2,1,1.0,2,0.4286,1,1,7,7.0,0.2857142857142857,0.0,0.0,0.2857142857142857,0.0,0.0,0.0,0.357142857142857,1,0
6.0,2.0,2.0,4,5.0,2,0.0,2.0,7.0,8.0,3,1,2,2,2,1.0,1,0.2857,1,1,5,16.0,0.375,0.25,0.0,0.0,0.0,0.0,0.25,0.125,1,0
14.0,3.0,6.0,10,7.0,4,0.0,3.0,14.0,16.0,4,2,3,3,2,1.0,2,0.2143,1,1,12,41.0,0.2439024390243902,0.4878048780487805,0.0,0.0,0.0,0.0,0.1463414634146341,0.1219512195121951,1,0
14.0,3.0,6.0,10,6.0,4,0.0,4.0,14.0,16.0,4,2,3,3,2,1.0,2,0.2143,1,1,12,39.0,0.2564102564102564,0.4102564102564102,0.0,0.0,0.0,0.0,0.2051282051282051,0.1282051282051282,1,0
4.0,2.0,1.0,5,0.0,1,0.0,0.0,3.0,2.0,1,1,3,2,2,2.0,1,0.6189,1,1,3,1.0,1.0,0.0,0.0,0.0,0.0,0.0,0.0,0.0,1,0
12.0,2.0,3.0,8,3.0,3,0.0,3.0,11.0,12.0,3,2,2,2,0,1.0,2,0.1818,0,1,11,29.0,0.1724137931034483,0.4137931034482758,0.0,0.0,0.0,0.0,0.2068965517241379,0.2068965517241379,1,0
3.0,1.0,0.0,3,0.0,2,1.0,1.0,3.0,2.0,1,1,1,0,0,0.0,1,0.3333,0,1,2,12.0,0.5,0.0,0.0,0.3333333333333333,0.0,0.0,0.1666666666666666,0.0,1,0
14.0,3.5,2.0,12,6.0,6,2.0,5.0,17.0,19.0,4,4,5,4,1,2.0,4,0.2941,1,1,13,50.5,0.3137254901960784,0.3137254901960784,0.0,0.1568627450980392,0.0,0.0,0.1176470588235294,0.0980392156862745,1,0
20.0,2.0,1.0,7,7.5,0,0.0,6.0,18.0,18.0,2,1,1,1,0,1.0,1,0.0556,0,1,18,50.5,0.0,0.4444444444444444,0.0,0.037037037037037,0.0,0.0,0.2222222222222222,0.2962962962962963,1,0
11.0,2.0,2.0,8,3.0,2,0.0,2.0,10.0,10.0,2,2,3,2,1,2.0,2,0.3,1,1,10,25.0,0.16,0.48,0.0,0.0,0.0,0.0,0.16,0.2,1,0
6.0,2.0,2.0,4,1.0,1,0.0,1.0,5.0,5.0,2,1,1,1,0,1.0,1,0.2,0,1,5,11.0,0.2727272727272727,0.3636363636363636,0.0,0.0,0.0,0.0,0.1818181818181818,0.1818181818181818,1,0
11.0,1.0,3.0,6,5.0,4,0.0,1.0,12.0,15.0,5,2,4,4,3,1.0,2,0.3333,1,1,10,20.0,0.6,0.2,0.0,0.0,0.0,0.0,0.1,0.1,1,0
6.0,1.0,1.0,4,3.0,2,0.0,3.0,7.0,8.0,3,1,2,2,2,1.0,1,0.2857,1,1,5,17.0,0.3529411764705882,0.2352941176470588,0.0,0.0,0.0,0.0,0.3529411764705882,0.0588235294117647,1,0
8.0,1.0,2.0,7,1.0,3,0.0,4.0,7.0,8.0,3,1,2,2,1,1.0,1,0.2857,1,1,7,21.0,0.3333333333333333,0.1904761904761904,0.0,0.0,0.0,0.0,0.3809523809523809,0.0952380952380952,1,0
20.0,2.0,5.0,12,7.5,9,1.0,7.5,23.0,24.0,3,5,6,4,4,3.5,5,0.3478,1,1,18,50.5,0.4032258064516129,0.1935483870967742,0.0,0.064516129032258,0.0,0.0,0.3225806451612903,0.0161290322580645,1,0
7.0,1.0,2.0,6,1.0,3,0.0,4.0,6.0,7.0,3,2,2,1,0,1.0,2,0.3333,0,1,6,20.0,0.35,0.2,0.0,0.0,0.0,0.0,0.4,0.05,1,0
2.0,1.0,0.0,2,1.0,0,0.0,2.0,1.0,0.0,1,0,0,0,0,1.0,0,0.0,0,0,1,4.0,0.0,0.0,0.0,0.0,0.0,0.0,0.9375,0.0,1,0
5.0,3.5,4.0,3,0.0,0,0.0,0.0,2.0,1.0,1,0,0,0,0,1.0,0,0.0,0,0,2,1.0,0.0,0.0,0.0,0.0,0.0,0.0,0.0,0.357142857142857,1,0
2.0,1.0,0.0,2,0.0,0,0.0,2.0,1.0,0.0,1,0,0,0,0,1.0,0,0.0,0,0,1,4.0,0.0,0.0,0.0,0.0,0.0,0.0,0.9375,0.0,1,0
8.0,3.5,5.0,6,4.0,2,0.0,2.0,7.0,7.0,2,2,2,1,0,0.0,2,0.2857,0,1,7,30.0,0.2,0.5333333333333333,0.0,0.0,0.0,0.0,0.1333333333333333,0.1333333333333333,1,0
5.0,3.0,3.0,4,1.0,1,0.0,1.0,4.0,3.0,1,0,0,0,0,1.0,0,0.0,0,0,4,9.0,0.1111111111111111,0.4444444444444444,0.0,0.0,0.0,0.0,0.2222222222222222,0.2222222222222222,1,0
9.0,2.0,4.0,8,2.0,4,0.0,5.0,8.0,9.0,3,1,2,2,1,1.0,1,0.25,1,1,8,28.0,0.2857142857142857,0.2857142857142857,0.0,0.0,0.0,0.0,0.3571428571428571,0.0714285714285714,1,0
8.0,2.0,4.0,7,1.0,4,0.0,5.0,7.0,8.0,3,2,2,1,0,1.0,2,0.2857,0,1,7,23.0,0.3478260869565217,0.1739130434782608,0.0,0.0,0.0,0.0,0.4347826086956521,0.0434782608695652,1,0
2.0,2.0,1.0,2,1.0,0,0.0,2.0,1.0,0.0,1,0,0,0,0,1.0,0,0.0,0,0,1,4.0,0.0,0.0,0.0,0.0,0.0,0.0,0.9375,0.0,1,0
2.0,2.0,1.0,2,0.0,0,0.0,2.0,1.0,0.0,1,0,0,0,0,1.0,0,0.0,0,0,1,4.0,0.0,0.0,0.0,0.0,0.0,0.0,0.9375,0.0,1,0
16.0,3.5,7.0,8,7.5,7,2.0,6.0,15.0,17.0,4,3,5,3,3,2.0,3,0.3333,1,1,13,50.5,0.2786885245901639,0.3278688524590163,0.0,0.1311475409836065,0.0,0.0,0.1967213114754098,0.0655737704918032,1,0
15.0,0.0,2.0,8,5.0,7,2.0,5.0,14.0,17.0,5,3,5,4,2,2.0,3,0.3571,1,1,14,47.0,0.4468085106382978,0.0851063829787234,0.0,0.1702127659574468,0.0,0.0,0.2127659574468085,0.0851063829787234,1,0
12.0,1.0,2.0,8,2.0,5,0.0,2.0,13.0,13.0,2,4,5,1,2,3.5,4,0.3846,1,1,11,22.0,0.5909090909090909,0.0,0.0,0.0,0.0,0.0,0.4090909090909091,0.0,1,0
13.0,1.0,3.0,8,5.0,5,0.0,2.0,14.0,14.0,2,4,5,1,2,3.5,4,0.3571,1,1,12,26.0,0.5,0.1538461538461538,0.0,0.0,0.0,0.0,0.3461538461538461,0.0,1,0
3.0,2.0,1.0,3,1.0,0,0.0,0.0,2.0,1.0,1,0,0,0,0,1.0,0,0.0,0,0,2,5.0,0.0,0.7142857142857142,0.0,0.0,0.0,0.0,0.0,0.2,1,0
7.0,1.0,0.0,5,0.0,2,0.0,4.0,5.0,4.0,1,2,2,0,0,3.0,2,0.4,0,1,5,12.0,0.5,0.0,0.0,0.0,0.0,0.0,0.5,0.0,1,0
7.0,1.0,0.0,5,1.0,2,0.0,3.0,5.0,4.0,1,2,2,0,0,3.0,2,0.4,0,1,5,14.0,0.4285714285714285,0.2857142857142857,0.0,0.0,0.0,0.0,0.2857142857142857,0.0,1,0
9.0,2.0,1.0,6,2.0,4,1.0,4.0,7.0,7.0,2,3,3,1,0,3.0,3,0.4286,0,1,7,31.0,0.3870967741935484,0.2580645161290322,0.0,0.1290322580645161,0.0,0.0,0.1935483870967742,0.032258064516129,1,0
2.0,1.0,0.0,2,0.0,1,0.0,2.0,1.0,0.0,1,0,0,0,0,1.0,0,0.0,0,0,1,7.0,0.4285714285714285,0.0,0.0,0.0,0.0,0.0,0.5714285714285714,0.0,1,0
2.0,1.0,0.0,2,0.0,1,0.0,2.0,1.0,0.0,1,0,0,0,0,1.0,0,0.0,0,0,1,7.0,0.4285714285714285,0.0,0.0,0.0,0.0,0.0,0.5714285714285714,0.0,1,0
10.0,2.0,3.0,5,4.0,5,1.0,5.0,11.0,11.0,2,2,3,1,2,3.0,2,0.2727,1,1,9,28.0,0.4642857142857143,0.0,0.0,0.1428571428571428,0.0,0.0,0.3571428571428571,0.0357142857142857,1,0
2.0,1.0,0.0,2,0.0,0,0.0,1.0,1.0,0.0,1,0,1,1,1,1.0,0,0.6189,1,1,1,2.0,0.0,0.0,0.0,0.0,0.0,0.0,0.9375,0.0,1,0
9.0,2.0,2.0,4,4.0,4,0.0,4.0,10.0,10.0,2,2,3,1,2,3.0,2,0.3,1,1,8,21.0,0.5714285714285714,0.0,0.0,0.0,0.0,0.0,0.3809523809523809,0.0476190476190476,1,0
2.0,1.0,0.0,2,0.0,0,0.0,1.0,1.0,0.0,1,0,1,1,1,1.0,0,0.6189,1,1,1,2.0,0.0,0.0,0.0,0.0,0.0,0.0,0.9375,0.0,1,0
2.0,1.0,0.0,2,0.0,0,0.0,1.0,1.0,0.0,1,0,1,1,1,1.0,0,0.6189,1,1,1,2.0,0.0,0.0,0.0,0.0,0.0,0.0,0.9375,0.0,1,0
2.0,1.0,0.0,2,1.0,0,0.0,1.0,1.0,0.0,1,0,1,1,1,1.0,0,0.6189,1,1,1,6.0,0.0,0.6666666666666666,0.0,0.0,0.0,0.0,0.3333333333333333,0.0,1,0
8.0,2.0,2.0,4,5.0,4,0.0,5.0,9.0,9.0,2,2,3,1,2,3.0,2,0.3333,1,1,7,27.0,0.4444444444444444,0.1481481481481481,0.0,0.0,0.0,0.0,0.3703703703703703,0.037037037037037,1,0
2.0,1.0,0.0,2,1.0,0,0.0,1.0,1.0,0.0,1,0,1,1,1,1.0,0,0.6189,1,1,1,6.0,0.0,0.6666666666666666,0.0,0.0,0.0,0.0,0.3333333333333333,0.0,1,0
17.0,2.0,4.0,12,7.5,10,2.0,7.5,20.0,22.0,4,5,6,5,4,3.5,5,0.4,1,1,16,50.5,0.3733333333333333,0.2133333333333333,0.0,0.1066666666666666,0.0,0.0,0.2933333333333333,0.0133333333333333,1,0
10.0,2.0,3.0,5,6.0,5,1.0,7.5,11.0,11.0,2,2,3,1,2,3.0,2,0.2727,1,1,9,42.0,0.3095238095238095,0.1904761904761904,0.0,0.0952380952380952,0.0,0.0,0.3809523809523809,0.0238095238095238,1,0
13.0,1.0,3.0,7,3.0,5,1.0,2.0,14.0,14.0,2,3,4,1,2,3.5,3,0.2857,1,1,12,29.0,0.4482758620689655,0.1379310344827586,0.0,0.1379310344827586,0.0,0.0,0.2758620689655172,0.0,1,0
4.0,1.0,0.0,3,0.0,0,0.0,0.0,3.0,2.0,1,1,2,1,1,2.0,1,0.6189,1,1,3,1.0,0.0,0.0,0.0,0.0,0.0,0.0,0.9375,0.0,1,0
11.0,1.0,1.0,5,3.0,4,0.0,2.0,12.0,12.0,2,3,4,1,2,3.5,3,0.3333,1,1,10,22.0,0.4545454545454545,0.1818181818181818,0.0,0.0,0.0,0.0,0.3636363636363636,0.0,1,0
2.0,0.0,0.0,2,0.0,0,0.0,1.0,1.0,0.0,1,0,0,0,0,1.0,0,0.0,0,0,1,2.0,0.0,0.0,0.0,0.0,0.0,0.0,0.9375,0.0,1,0
2.0,0.0,0.0,3,0.0,0,0.0,1.0,1.0,0.0,1,0,0,0,0,1.0,0,0.0,0,0,1,2.0,0.0,0.0,0.0,0.0,0.0,0.0,0.9375,0.0,1,0
3.0,0.0,0.0,1,0.0,0,0.0,1.0,2.0,1.0,1,0,0,0,0,1.0,0,0.0,0,0,2,3.0,0.0,0.0,0.0,0.0,0.0,0.0,0.6666666666666666,0.3333333333333333,1,0
2.0,1.0,0.0,2,0.0,0,0.0,0.0,1.0,0.0,1,0,0,0,0,1.0,0,0.0,0,0,1,1.0,0.0,0.0,0.0,0.0,0.0,0.0,0.9375,0.0,1,0
10.0,2.0,2.0,8,1.0,1,0.0,1.0,9.0,7.0,1,1,2,1,1,3.0,1,0.2222,1,1,8,9.0,0.1111111111111111,0.4444444444444444,0.0,0.0,0.0,0.0,0.2222222222222222,0.2222222222222222,1,0
2.0,2.0,1.0,2,0.0,0,0.0,0.0,1.0,0.0,1,0,0,0,0,0.0,0,0.0,0,0,1,2.0,0.0,0.0,0.0,0.0,0.0,0.0,0.5,0.357142857142857,1,0
21.5,3.0,5.0,18,7.5,8,0.0,7.5,25.5,29.5,6,5,6,5,2,1.0,5,0.2037,1,1,18,50.5,0.3448275862068966,0.0,0.0,0.0344827586206896,0.0,0.0,0.2068965517241379,0.357142857142857,1,0
2.0,1.0,0.0,2,0.0,0,0.0,0.0,1.0,0.0,1,0,0,0,0,1.0,0,0.0,0,0,1,1.0,0.0,0.0,0.0,0.0,0.0,0.0,0.9375,0.0,1,0
2.0,2.0,1.0,2,0.0,0,0.0,0.0,1.0,0.0,1,0,0,0,0,0.0,0,0.0,0,0,1,2.0,0.0,0.0,0.0,0.0,0.0,0.0,0.5,0.357142857142857,1,0
10.0,1.0,1.0,8,0.0,1,0.0,0.0,9.0,7.0,1,1,2,1,1,3.0,1,0.2222,1,1,8,3.0,0.3333333333333333,0.0,0.0,0.0,0.0,0.0,0.0,0.357142857142857,1,0
21.5,2.0,7.5,18,3.0,5,0.0,7.5,25.5,29.5,6,5,6,5,2,1.0,5,0.1552,1,1,18,50.5,0.2075471698113207,0.0,0.0,0.1132075471698113,0.0,0.0,0.320754716981132,0.357142857142857,1,0
10.0,1.0,1.0,8,1.0,1,0.0,1.0,9.0,7.0,1,1,2,1,1,3.0,1,0.2222,1,1,8,9.0,0.1111111111111111,0.4444444444444444,0.0,0.0,0.0,0.0,0.2222222222222222,0.2222222222222222,1,0
6.0,2.0,1.0,5,0.0,2,0.0,1.0,6.0,6.0,2,2,2,1,0,1.0,2,0.3333,0,1,5,3.0,0.6666666666666666,0.0,0.0,0.0,0.0,0.0,0.0,0.3333333333333333,1,0
10.0,1.0,1.0,8,1.0,1,0.0,1.0,9.0,7.0,1,1,2,1,1,3.0,1,0.2222,1,1,8,9.0,0.1111111111111111,0.4444444444444444,0.0,0.0,0.0,0.0,0.2222222222222222,0.2222222222222222,1,0
6.0,2.0,1.0,5,0.0,2,0.0,1.0,6.0,6.0,2,2,2,1,0,1.0,2,0.3333,0,1,5,3.0,0.6666666666666666,0.0,0.0,0.0,0.0,0.0,0.0,0.3333333333333333,1,0
6.0,2.0,1.0,5,0.0,2,0.0,1.0,6.0,6.0,2,2,2,1,0,1.0,2,0.3333,0,1,5,3.0,0.6666666666666666,0.0,0.0,0.0,0.0,0.0,0.0,0.3333333333333333,1,0
4.0,1.0,0.0,3,0.0,1,0.0,0.0,3.0,2.0,1,1,1,0,0,2.0,1,0.3333,0,1,3,1.0,1.0,0.0,0.0,0.0,0.0,0.0,0.0,0.0,1,0
6.0,2.0,1.0,5,0.0,2,0.0,1.0,6.0,6.0,2,2,2,1,0,1.0,2,0.3333,0,1,5,3.0,0.6666666666666666,0.0,0.0,0.0,0.0,0.0,0.0,0.3333333333333333,1,0
4.0,1.0,0.0,3,0.0,1,0.0,0.0,3.0,2.0,1,1,1,0,0,2.0,1,0.3333,0,1,3,1.0,1.0,0.0,0.0,0.0,0.0,0.0,0.0,0.0,1,0
4.0,1.0,0.0,3,0.0,1,0.0,2.0,3.0,2.0,1,1,1,0,0,2.0,1,0.3333,0,1,3,1.0,1.0,0.0,0.0,0.0,0.0,0.0,0.0,0.0,1,0
21.5,3.0,7.0,18,7.5,6,2.0,7.5,24.0,26.0,4,4,5,4,1,3.0,3,0.2083,1,1,18,50.5,0.2068965517241379,0.2758620689655172,0.0,0.1264367816091954,0.0,0.0,0.3218390804597701,0.0689655172413793,1,0
6.0,2.0,0.0,2,0.0,9,2.5,2.0,3.0,2.0,1,1,1,0,0,2.0,1,0.3333,0,1,3,50.5,0.2549019607843137,0.0,0.0,0.4166666666666665,0.0,0.0,0.1176470588235294,0.0,1,0
4.0,1.0,0.0,2,0.0,2,1.0,1.0,3.0,2.0,1,1,1,0,0,2.0,1,0.3333,0,1,3,11.0,0.2727272727272727,0.0,0.0,0.3636363636363636,0.0,0.0,0.3636363636363636,0.0,1,0
12.0,1.0,3.0,3,5.0,2,0.0,2.0,11.0,11.0,2,1,2,1,1,1.0,1,0.1818,1,1,11,16.0,0.25,0.25,0.0,0.0,0.0,0.0,0.25,0.25,1,0
4.0,2.0,1.0,5,0.0,1,0.0,0.0,3.0,2.0,1,1,2,1,1,2.0,1,0.6189,1,1,3,1.0,1.0,0.0,0.0,0.0,0.0,0.0,0.0,0.0,1,0
21.0,1.0,2.0,12,7.5,10,0.0,7.5,25.5,29.5,5,4,5,3,2,2.0,4,0.1852,1,1,18,22.0,0.2727272727272727,0.1818181818181818,0.0,0.0,0.0,0.0,0.4545454545454545,0.0909090909090909,1,0
4.0,1.0,0.0,3,0.0,1,0.0,0.0,3.0,2.0,1,1,2,1,1,2.0,1,0.6189,1,1,3,1.0,1.0,0.0,0.0,0.0,0.0,0.0,0.0,0.0,1,0
4.0,1.0,0.0,3,0.0,1,0.0,0.0,3.0,2.0,1,1,2,1,1,2.0,1,0.6189,1,1,3,1.0,1.0,0.0,0.0,0.0,0.0,0.0,0.0,0.0,1,0
4.0,1.0,0.0,3,0.0,1,0.0,0.0,3.0,2.0,1,1,2,1,1,2.0,1,0.6189,1,1,3,1.0,1.0,0.0,0.0,0.0,0.0,0.0,0.0,0.0,1,0
4.0,1.0,0.0,3,0.0,1,0.0,0.0,3.0,2.0,1,1,2,1,1,2.0,1,0.6189,1,1,3,1.0,1.0,0.0,0.0,0.0,0.0,0.0,0.0,0.0,1,0
4.0,1.0,0.0,3,0.0,1,0.0,0.0,3.0,2.0,1,1,2,1,1,2.0,1,0.6189,1,1,3,1.0,1.0,0.0,0.0,0.0,0.0,0.0,0.0,0.0,1,0
4.0,1.0,0.0,3,0.0,1,0.0,0.0,3.0,2.0,1,1,2,1,1,2.0,1,0.6189,1,1,3,1.0,1.0,0.0,0.0,0.0,0.0,0.0,0.0,0.0,1,0
4.0,1.0,0.0,3,0.0,1,0.0,0.0,3.0,2.0,1,1,2,1,1,2.0,1,0.6189,1,1,3,1.0,1.0,0.0,0.0,0.0,0.0,0.0,0.0,0.0,1,0
4.0,1.0,0.0,3,0.0,1,0.0,0.0,3.0,2.0,1,1,2,1,1,2.0,1,0.6189,1,1,3,1.0,1.0,0.0,0.0,0.0,0.0,0.0,0.0,0.0,1,0
13.0,3.0,2.0,6,1.0,4,0.0,4.0,12.0,13.0,3,4,4,2,0,3.0,4,0.3333,0,1,12,25.0,0.4,0.16,0.0,0.0,0.0,0.0,0.32,0.12,1,0
13.0,3.0,2.0,6,1.0,4,0.0,4.0,12.0,13.0,3,4,4,2,0,3.0,4,0.3333,0,1,12,25.0,0.4,0.16,0.0,0.0,0.0,0.0,0.32,0.12,1,0
13.0,3.0,2.0,6,1.0,4,0.0,4.0,12.0,13.0,3,4,4,2,0,3.0,4,0.3333,0,1,12,25.0,0.4,0.16,0.0,0.0,0.0,0.0,0.32,0.12,1,0
13.0,3.0,2.0,6,1.0,4,0.0,4.0,12.0,13.0,3,4,4,2,0,3.0,4,0.3333,0,1,12,25.0,0.4,0.16,0.0,0.0,0.0,0.0,0.32,0.12,1,0
13.0,3.0,2.0,6,1.0,4,0.0,4.0,12.0,13.0,3,4,4,2,0,3.0,4,0.3333,0,1,12,25.0,0.4,0.16,0.0,0.0,0.0,0.0,0.32,0.12,1,0
13.0,3.0,2.0,6,1.0,4,0.0,4.0,12.0,13.0,3,4,4,2,0,3.0,4,0.3333,0,1,12,25.0,0.4,0.16,0.0,0.0,0.0,0.0,0.32,0.12,1,0
13.0,3.0,2.0,6,1.0,4,0.0,4.0,12.0,13.0,3,4,4,2,0,3.0,4,0.3333,0,1,12,25.0,0.4,0.16,0.0,0.0,0.0,0.0,0.32,0.12,1,0
13.0,3.0,2.0,6,1.0,4,0.0,4.0,12.0,13.0,3,4,4,2,0,3.0,4,0.3333,0,1,12,25.0,0.4,0.16,0.0,0.0,0.0,0.0,0.32,0.12,1,0
4.0,1.0,0.0,3,0.0,1,0.0,1.0,3.0,2.0,1,1,2,1,1,2.0,1,0.6189,1,1,3,3.0,0.3333333333333333,0.0,0.0,0.0,0.0,0.0,0.6666666666666666,0.0,1,0
4.0,2.0,1.0,8,0.0,2,1.0,1.0,4.0,4.0,2,1,1,1,0,1.0,1,0.25,0,1,3,6.0,0.3333333333333333,0.0,0.0,0.4166666666666665,0.0,0.0,0.0,0.0,1,0
2.0,2.0,0.0,2,0.0,0,0.0,1.0,1.0,0.0,1,0,1,1,1,1.0,0,0.6189,1,1,1,2.0,0.0,0.0,0.0,0.0,0.0,0.0,0.9375,0.0,1,0
14.0,3.0,3.0,13,4.0,6,0.0,2.0,17.0,21.0,6,5,6,4,4,3.5,5,0.4706,1,1,13,21.0,0.5714285714285714,0.0,0.0,0.1904761904761904,0.0,0.0,0.1904761904761904,0.0476190476190476,1,0
16.0,3.0,3.0,14,5.0,7,0.0,4.0,19.0,23.0,6,5,6,4,4,3.5,5,0.4737,1,1,15,32.0,0.46875,0.125,0.0,0.125,0.0,0.0,0.25,0.03125,1,0
2.0,2.0,0.0,2,0.0,1,0.0,0.0,1.0,0.0,1,0,0,0,0,1.0,0,0.0,0,0,1,3.0,1.0,0.0,0.0,0.0,0.0,0.0,0.0,0.0,1,0
2.0,2.0,0.0,2,0.0,0,0.0,1.0,1.0,0.0,1,0,1,1,1,1.0,0,0.6189,1,1,1,2.0,0.0,0.0,0.0,0.0,0.0,0.0,0.9375,0.0,1,0
9.0,3.0,2.0,5,2.0,4,0.0,2.0,10.0,11.0,3,3,4,2,2,3.0,3,0.4,1,1,8,15.0,0.6666666666666666,0.0,0.0,0.0,0.0,0.0,0.2666666666666666,0.0666666666666666,1,0
11.0,3.0,2.0,6,3.0,5,0.0,3.0,12.0,13.0,3,4,5,2,2,3.5,4,0.4167,1,1,10,24.0,0.5416666666666666,0.1666666666666666,0.0,0.0,0.0,0.0,0.25,0.0416666666666666,1,0
2.0,2.0,0.0,2,0.0,1,0.0,0.0,1.0,0.0,1,0,0,0,0,1.0,0,0.0,0,0,1,3.0,1.0,0.0,0.0,0.0,0.0,0.0,0.0,0.0,1,0
2.0,2.0,0.0,2,0.0,0,0.0,1.0,1.0,0.0,1,0,1,1,1,1.0,0,0.6189,1,1,1,2.0,0.0,0.0,0.0,0.0,0.0,0.0,0.9375,0.0,1,0
9.0,3.0,2.0,5,2.0,4,0.0,2.0,10.0,11.0,3,3,4,2,2,3.0,3,0.4,1,1,8,15.0,0.6666666666666666,0.0,0.0,0.0,0.0,0.0,0.2666666666666666,0.0666666666666666,1,0
11.0,3.0,2.0,6,3.0,5,0.0,3.0,12.0,13.0,3,4,5,2,2,3.5,4,0.4167,1,1,10,24.0,0.5416666666666666,0.1666666666666666,0.0,0.0,0.0,0.0,0.25,0.0416666666666666,1,0
2.0,2.0,0.0,2,0.0,1,0.0,0.0,1.0,0.0,1,0,0,0,0,1.0,0,0.0,0,0,1,3.0,1.0,0.0,0.0,0.0,0.0,0.0,0.0,0.0,1,0
2.0,2.0,0.0,2,0.0,0,0.0,1.0,1.0,0.0,1,0,1,1,1,1.0,0,0.6189,1,1,1,2.0,0.0,0.0,0.0,0.0,0.0,0.0,0.9375,0.0,1,0
9.0,3.0,2.0,5,2.0,4,0.0,2.0,10.0,11.0,3,3,4,2,2,3.0,3,0.4,1,1,8,15.0,0.6666666666666666,0.0,0.0,0.0,0.0,0.0,0.2666666666666666,0.0666666666666666,1,0
11.0,3.0,2.0,6,3.0,5,0.0,3.0,12.0,13.0,3,4,5,2,2,3.5,4,0.4167,1,1,10,24.0,0.5416666666666666,0.1666666666666666,0.0,0.0,0.0,0.0,0.25,0.0416666666666666,1,0
2.0,2.0,0.0,2,0.0,1,0.0,0.0,1.0,0.0,1,0,0,0,0,1.0,0,0.0,0,0,1,3.0,1.0,0.0,0.0,0.0,0.0,0.0,0.0,0.0,1,0
2.0,2.0,0.0,2,0.0,0,0.0,1.0,1.0,0.0,1,0,1,1,1,1.0,0,0.6189,1,1,1,2.0,0.0,0.0,0.0,0.0,0.0,0.0,0.9375,0.0,1,0
9.0,3.0,2.0,5,2.0,4,0.0,2.0,10.0,11.0,3,3,4,2,2,3.0,3,0.4,1,1,8,15.0,0.6666666666666666,0.0,0.0,0.0,0.0,0.0,0.2666666666666666,0.0666666666666666,1,0
11.0,3.0,2.0,6,3.0,5,0.0,3.0,12.0,13.0,3,4,5,2,2,3.5,4,0.4167,1,1,10,24.0,0.5416666666666666,0.1666666666666666,0.0,0.0,0.0,0.0,0.25,0.0416666666666666,1,0
2.0,2.0,0.0,2,0.0,1,0.0,0.0,1.0,0.0,1,0,0,0,0,1.0,0,0.0,0,0,1,3.0,1.0,0.0,0.0,0.0,0.0,0.0,0.0,0.0,1,0
2.0,2.0,0.0,2,0.0,0,0.0,1.0,1.0,0.0,1,0,1,1,1,1.0,0,0.6189,1,1,1,2.0,0.0,0.0,0.0,0.0,0.0,0.0,0.9375,0.0,1,0
9.0,3.0,2.0,5,2.0,4,0.0,2.0,10.0,11.0,3,3,4,2,2,3.0,3,0.4,1,1,8,15.0,0.6666666666666666,0.0,0.0,0.0,0.0,0.0,0.2666666666666666,0.0666666666666666,1,0
11.0,3.0,2.0,6,3.0,5,0.0,3.0,12.0,13.0,3,4,5,2,2,3.5,4,0.4167,1,1,10,24.0,0.5416666666666666,0.1666666666666666,0.0,0.0,0.0,0.0,0.25,0.0416666666666666,1,0
2.0,2.0,0.0,2,0.0,1,0.0,0.0,1.0,0.0,1,0,0,0,0,1.0,0,0.0,0,0,1,3.0,1.0,0.0,0.0,0.0,0.0,0.0,0.0,0.0,1,0
2.0,2.0,0.0,2,0.0,0,0.0,1.0,1.0,0.0,1,0,1,1,1,1.0,0,0.6189,1,1,1,2.0,0.0,0.0,0.0,0.0,0.0,0.0,0.9375,0.0,1,0
9.0,3.0,2.0,6,2.0,3,0.0,2.0,10.0,11.0,3,3,4,2,2,3.0,3,0.4,1,1,8,16.0,0.5625,0.0,0.0,0.125,0.0,0.0,0.25,0.0625,1,0
2.0,3.0,1.0,2,0.0,0,0.0,1.0,1.0,0.0,1,0,1,1,1,1.0,0,0.6189,1,1,1,2.0,0.0,0.0,0.0,0.0,0.0,0.0,0.9375,0.0,1,0
11.0,3.5,5.0,6,4.0,4,1.0,2.0,12.0,13.0,3,3,4,2,2,3.0,3,0.3333,1,1,10,31.0,0.3870967741935484,0.2580645161290322,0.0,0.1935483870967742,0.0,0.0,0.1290322580645161,0.032258064516129,1,0
4.0,1.0,0.0,2,0.0,2,1.0,1.0,3.0,2.0,1,1,1,0,0,2.0,1,0.3333,0,1,3,11.0,0.2727272727272727,0.0,0.0,0.3636363636363636,0.0,0.0,0.3636363636363636,0.0,1,0
11.0,3.0,2.0,7,3.0,4,0.0,3.0,12.0,13.0,3,4,5,2,2,3.5,4,0.4167,1,1,10,25.0,0.48,0.16,0.0,0.08,0.0,0.0,0.24,0.04,1,0
13.0,3.5,5.0,7,5.0,5,1.0,3.0,14.0,15.0,3,4,5,2,2,3.5,4,0.3571,1,1,12,40.0,0.375,0.3,0.0,0.15,0.0,0.0,0.15,0.025,1,0
2.0,2.0,0.0,2,0.0,1,0.0,0.0,1.0,0.0,1,0,0,0,0,1.0,0,0.0,0,0,1,3.0,1.0,0.0,0.0,0.0,0.0,0.0,0.0,0.0,1,0
2.0,3.0,1.0,2,0.0,1,0.0,1.0,1.0,0.0,1,0,0,0,0,1.0,0,0.0,0,0,1,5.0,0.6,0.0,0.0,0.0,0.0,0.0,0.4,0.0,1,0
2.0,2.0,0.0,2,0.0,0,0.0,1.0,1.0,0.0,1,0,1,1,1,1.0,0,0.6189,1,1,1,2.0,0.0,0.0,0.0,0.0,0.0,0.0,0.9375,0.0,1,0
9.0,3.0,2.0,6,2.0,3,0.0,2.0,10.0,11.0,3,3,4,2,2,3.0,3,0.4,1,1,8,16.0,0.5625,0.0,0.0,0.125,0.0,0.0,0.25,0.0625,1,0
4.0,1.0,0.0,2,0.0,2,1.0,1.0,3.0,2.0,1,1,1,0,0,2.0,1,0.3333,0,1,3,11.0,0.2727272727272727,0.0,0.0,0.3636363636363636,0.0,0.0,0.3636363636363636,0.0,1,0
11.0,3.0,2.0,7,3.0,4,0.0,3.0,12.0,13.0,3,4,5,2,2,3.5,4,0.4167,1,1,10,25.0,0.48,0.16,0.0,0.08,0.0,0.0,0.24,0.04,1,0
2.0,2.0,0.0,2,0.0,1,0.0,0.0,1.0,0.0,1,0,0,0,0,1.0,0,0.0,0,0,1,3.0,1.0,0.0,0.0,0.0,0.0,0.0,0.0,0.0,1,0
2.0,2.0,0.0,2,0.0,0,0.0,1.0,1.0,0.0,1,0,1,1,1,1.0,0,0.6189,1,1,1,2.0,0.0,0.0,0.0,0.0,0.0,0.0,0.9375,0.0,1,0
9.0,3.0,2.0,6,2.0,3,0.0,2.0,10.0,11.0,3,3,4,2,2,3.0,3,0.4,1,1,8,16.0,0.5625,0.0,0.0,0.125,0.0,0.0,0.25,0.0625,1,0
4.0,1.0,0.0,2,0.0,2,1.0,1.0,3.0,2.0,1,1,1,0,0,2.0,1,0.3333,0,1,3,11.0,0.2727272727272727,0.0,0.0,0.3636363636363636,0.0,0.0,0.3636363636363636,0.0,1,0
11.0,3.0,2.0,7,3.0,4,0.0,3.0,12.0,13.0,3,4,5,2,2,3.5,4,0.4167,1,1,10,25.0,0.48,0.16,0.0,0.08,0.0,0.0,0.24,0.04,1,0
2.0,2.0,0.0,2,0.0,1,0.0,0.0,1.0,0.0,1,0,0,0,0,1.0,0,0.0,0,0,1,3.0,1.0,0.0,0.0,0.0,0.0,0.0,0.0,0.0,1,0
9.0,1.0,1.0,5,2.0,3,0.0,2.0,10.0,10.0,2,2,3,1,2,3.0,2,0.3,1,1,8,10.0,0.5,0.0,0.0,0.0,0.0,0.0,0.4,0.1,1,0
10.0,2.0,2.0,5,2.0,4,0.0,2.0,11.0,11.0,2,2,3,1,2,3.0,2,0.2727,1,1,9,11.0,0.5454545454545454,0.0,0.0,0.0,0.0,0.0,0.3636363636363636,0.0909090909090909,1,0
9.0,1.0,1.0,5,2.0,3,0.0,2.0,10.0,10.0,2,2,3,1,2,3.0,2,0.3,1,1,8,10.0,0.5,0.0,0.0,0.0,0.0,0.0,0.4,0.1,1,0
9.0,1.0,1.0,5,2.0,3,0.0,2.0,10.0,10.0,2,2,3,1,2,3.0,2,0.3,1,1,8,10.0,0.5,0.0,0.0,0.0,0.0,0.0,0.4,0.1,1,0
10.0,2.0,2.0,5,2.0,4,0.0,2.0,11.0,11.0,2,2,3,1,2,3.0,2,0.2727,1,1,9,11.0,0.5454545454545454,0.0,0.0,0.0,0.0,0.0,0.3636363636363636,0.0909090909090909,1,0
9.0,1.0,1.0,5,2.0,3,0.0,2.0,10.0,10.0,2,2,3,1,2,3.0,2,0.3,1,1,8,10.0,0.5,0.0,0.0,0.0,0.0,0.0,0.4,0.1,1,0
9.0,1.0,1.0,5,2.0,3,0.0,2.0,10.0,10.0,2,2,3,1,2,3.0,2,0.3,1,1,8,10.0,0.5,0.0,0.0,0.0,0.0,0.0,0.4,0.1,1,0
10.0,2.0,2.0,5,2.0,4,0.0,2.0,11.0,11.0,2,2,3,1,2,3.0,2,0.2727,1,1,9,11.0,0.5454545454545454,0.0,0.0,0.0,0.0,0.0,0.3636363636363636,0.0909090909090909,1,0
9.0,1.0,1.0,5,2.0,3,0.0,2.0,10.0,10.0,2,2,3,1,2,3.0,2,0.3,1,1,8,10.0,0.5,0.0,0.0,0.0,0.0,0.0,0.4,0.1,1,0
9.0,1.0,1.0,5,2.0,3,0.0,2.0,10.0,10.0,2,2,3,1,2,3.0,2,0.3,1,1,8,10.0,0.5,0.0,0.0,0.0,0.0,0.0,0.4,0.1,1,0
10.0,2.0,2.0,5,2.0,4,0.0,2.0,11.0,11.0,2,2,3,1,2,3.0,2,0.2727,1,1,9,11.0,0.5454545454545454,0.0,0.0,0.0,0.0,0.0,0.3636363636363636,0.0909090909090909,1,0
9.0,1.0,1.0,5,2.0,3,0.0,2.0,10.0,10.0,2,2,3,1,2,3.0,2,0.3,1,1,8,10.0,0.5,0.0,0.0,0.0,0.0,0.0,0.4,0.1,1,0
9.0,1.0,1.0,5,2.0,3,0.0,2.0,10.0,10.0,2,2,3,1,2,3.0,2,0.3,1,1,8,10.0,0.5,0.0,0.0,0.0,0.0,0.0,0.4,0.1,1,0
10.0,2.0,2.0,5,2.0,4,0.0,2.0,11.0,11.0,2,2,3,1,2,3.0,2,0.2727,1,1,9,11.0,0.5454545454545454,0.0,0.0,0.0,0.0,0.0,0.3636363636363636,0.0909090909090909,1,0
9.0,1.0,1.0,5,2.0,3,0.0,2.0,10.0,10.0,2,2,3,1,2,3.0,2,0.3,1,1,8,10.0,0.5,0.0,0.0,0.0,0.0,0.0,0.4,0.1,1,0
9.0,1.0,1.0,5,2.0,3,0.0,2.0,10.0,10.0,2,2,3,1,2,3.0,2,0.3,1,1,8,10.0,0.5,0.0,0.0,0.0,0.0,0.0,0.4,0.1,1,0
10.0,2.0,2.0,5,2.0,4,0.0,2.0,11.0,11.0,2,2,3,1,2,3.0,2,0.2727,1,1,9,11.0,0.5454545454545454,0.0,0.0,0.0,0.0,0.0,0.3636363636363636,0.0909090909090909,1,0
9.0,1.0,1.0,5,2.0,3,0.0,2.0,10.0,10.0,2,2,3,1,2,3.0,2,0.3,1,1,8,10.0,0.5,0.0,0.0,0.0,0.0,0.0,0.4,0.1,1,0
9.0,1.0,1.0,5,2.0,3,0.0,2.0,10.0,10.0,2,2,3,1,2,3.0,2,0.3,1,1,8,10.0,0.5,0.0,0.0,0.0,0.0,0.0,0.4,0.1,1,0
10.0,2.0,2.0,5,2.0,4,0.0,2.0,11.0,11.0,2,2,3,1,2,3.0,2,0.2727,1,1,9,11.0,0.5454545454545454,0.0,0.0,0.0,0.0,0.0,0.3636363636363636,0.0909090909090909,1,0
9.0,1.0,1.0,5,2.0,3,0.0,2.0,10.0,10.0,2,2,3,1,2,3.0,2,0.3,1,1,8,10.0,0.5,0.0,0.0,0.0,0.0,0.0,0.4,0.1,1,0
9.0,1.0,1.0,5,2.0,3,0.0,2.0,10.0,10.0,2,2,3,1,2,3.0,2,0.3,1,1,8,10.0,0.5,0.0,0.0,0.0,0.0,0.0,0.4,0.1,1,0
10.0,2.0,2.0,5,2.0,4,0.0,2.0,11.0,11.0,2,2,3,1,2,3.0,2,0.2727,1,1,9,11.0,0.5454545454545454,0.0,0.0,0.0,0.0,0.0,0.3636363636363636,0.0909090909090909,1,0
9.0,2.0,0.0,7,1.0,2,0.0,3.0,8.0,7.0,1,2,2,0,0,3.0,2,0.25,0,1,8,14.0,0.1428571428571428,0.2857142857142857,0.0,0.0,0.0,0.0,0.4285714285714285,0.1428571428571428,1,0
9.0,2.0,0.0,7,1.0,2,0.0,3.0,8.0,7.0,1,2,2,0,0,3.0,2,0.25,0,1,8,14.0,0.1428571428571428,0.2857142857142857,0.0,0.0,0.0,0.0,0.4285714285714285,0.1428571428571428,1,0
9.0,2.0,0.0,7,1.0,2,0.0,3.0,8.0,7.0,1,2,2,0,0,3.0,2,0.25,0,1,8,14.0,0.1428571428571428,0.2857142857142857,0.0,0.0,0.0,0.0,0.4285714285714285,0.1428571428571428,1,0
9.0,2.0,0.0,7,1.0,2,0.0,3.0,8.0,7.0,1,2,2,0,0,3.0,2,0.25,0,1,8,14.0,0.1428571428571428,0.2857142857142857,0.0,0.0,0.0,0.0,0.4285714285714285,0.1428571428571428,1,0
9.0,2.0,0.0,7,1.0,2,0.0,3.0,8.0,7.0,1,2,2,0,0,3.0,2,0.25,0,1,8,14.0,0.1428571428571428,0.2857142857142857,0.0,0.0,0.0,0.0,0.4285714285714285,0.1428571428571428,1,0
9.0,2.0,0.0,7,1.0,2,0.0,3.0,8.0,7.0,1,2,2,0,0,3.0,2,0.25,0,1,8,14.0,0.1428571428571428,0.2857142857142857,0.0,0.0,0.0,0.0,0.4285714285714285,0.1428571428571428,1,0
9.0,2.0,0.0,7,1.0,2,0.0,3.0,8.0,7.0,1,2,2,0,0,3.0,2,0.25,0,1,8,14.0,0.1428571428571428,0.2857142857142857,0.0,0.0,0.0,0.0,0.4285714285714285,0.1428571428571428,1,0
9.0,2.0,0.0,7,1.0,2,0.0,3.0,8.0,7.0,1,2,2,0,0,3.0,2,0.25,0,1,8,14.0,0.1428571428571428,0.2857142857142857,0.0,0.0,0.0,0.0,0.4285714285714285,0.1428571428571428,1,0
7.0,2.0,3.0,8,1.0,3,0.0,4.0,6.0,5.0,1,1,1,0,0,2.0,1,0.1667,0,1,6,14.0,0.0714285714285714,0.2857142857142857,0.0,0.0,0.0,0.0,0.5714285714285714,0.0714285714285714,1,0
4.0,2.0,0.0,2,1.0,0,0.0,1.0,3.0,2.0,1,0,0,0,0,1.0,0,0.0,0,0,3,7.0,0.0,0.5714285714285714,0.0,0.0,0.0,0.0,0.2857142857142857,0.1428571428571428,1,0
4.0,2.0,0.0,2,1.0,0,0.0,1.0,3.0,2.0,1,0,0,0,0,1.0,0,0.0,0,0,3,7.0,0.0,0.5714285714285714,0.0,0.0,0.0,0.0,0.2857142857142857,0.1428571428571428,1,0
4.0,2.0,0.0,2,1.0,0,0.0,1.0,3.0,2.0,1,0,0,0,0,1.0,0,0.0,0,0,3,7.0,0.0,0.5714285714285714,0.0,0.0,0.0,0.0,0.2857142857142857,0.1428571428571428,1,0
4.0,2.0,0.0,2,1.0,0,0.0,1.0,3.0,2.0,1,0,0,0,0,1.0,0,0.0,0,0,3,7.0,0.0,0.5714285714285714,0.0,0.0,0.0,0.0,0.2857142857142857,0.1428571428571428,1,0
4.0,2.0,0.0,2,1.0,0,0.0,1.0,3.0,2.0,1,0,0,0,0,1.0,0,0.0,0,0,3,7.0,0.0,0.5714285714285714,0.0,0.0,0.0,0.0,0.2857142857142857,0.1428571428571428,1,0
4.0,2.0,0.0,2,1.0,0,0.0,1.0,3.0,2.0,1,0,0,0,0,1.0,0,0.0,0,0,3,7.0,0.0,0.5714285714285714,0.0,0.0,0.0,0.0,0.2857142857142857,0.1428571428571428,1,0
4.0,2.0,0.0,2,1.0,0,0.0,1.0,3.0,2.0,1,0,0,0,0,1.0,0,0.0,0,0,3,7.0,0.0,0.5714285714285714,0.0,0.0,0.0,0.0,0.2857142857142857,0.1428571428571428,1,0
4.0,2.0,0.0,2,1.0,0,0.0,1.0,3.0,2.0,1,0,0,0,0,1.0,0,0.0,0,0,3,7.0,0.0,0.5714285714285714,0.0,0.0,0.0,0.0,0.2857142857142857,0.1428571428571428,1,0
9.0,2.0,3.0,10,7.5,3,1.0,7.5,12.0,13.0,3,2,2,2,0,1.0,2,0.1667,0,1,8,49.0,0.1836734693877551,0.4081632653061224,0.0,0.0816326530612244,0.0,0.0,0.2857142857142857,0.0408163265306122,1,0
5.0,2.0,1.0,5,0.0,1,0.0,0.0,4.0,3.0,1,1,1,0,0,2.0,1,0.25,0,1,4,3.0,1.0,0.0,0.0,0.0,0.0,0.0,0.0,0.0,1,0
5.0,2.0,1.0,5,0.0,1,0.0,0.0,4.0,3.0,1,1,1,0,0,2.0,1,0.25,0,1,4,3.0,1.0,0.0,0.0,0.0,0.0,0.0,0.0,0.0,1,0
5.0,2.0,1.0,5,0.0,1,0.0,0.0,4.0,3.0,1,1,1,0,0,2.0,1,0.25,0,1,4,3.0,1.0,0.0,0.0,0.0,0.0,0.0,0.0,0.0,1,0
5.0,2.0,1.0,5,0.0,1,0.0,0.0,4.0,3.0,1,1,1,0,0,2.0,1,0.25,0,1,4,3.0,1.0,0.0,0.0,0.0,0.0,0.0,0.0,0.0,1,0
5.0,2.0,1.0,5,0.0,1,0.0,0.0,4.0,3.0,1,1,1,0,0,2.0,1,0.25,0,1,4,3.0,1.0,0.0,0.0,0.0,0.0,0.0,0.0,0.0,1,0
5.0,2.0,1.0,5,0.0,1,0.0,0.0,4.0,3.0,1,1,1,0,0,2.0,1,0.25,0,1,4,3.0,1.0,0.0,0.0,0.0,0.0,0.0,0.0,0.0,1,0
5.0,2.0,1.0,5,0.0,1,0.0,0.0,4.0,3.0,1,1,1,0,0,2.0,1,0.25,0,1,4,3.0,1.0,0.0,0.0,0.0,0.0,0.0,0.0,0.0,1,0
5.0,2.0,1.0,5,0.0,1,0.0,0.0,4.0,3.0,1,1,1,0,0,2.0,1,0.25,0,1,4,3.0,1.0,0.0,0.0,0.0,0.0,0.0,0.0,0.0,1,0
5.0,1.0,0.0,3,1.0,0,0.0,4.0,4.0,3.0,1,0,0,0,0,1.0,0,0.0,0,0,4,14.0,0.0,0.2857142857142857,0.0,0.0,0.0,0.0,0.5714285714285714,0.1428571428571428,1,0
16.0,2.0,5.0,14,2.0,5,0.0,4.0,18.0,21.0,5,3,6,4,4,1.0,3,0.3333,1,1,15,20.0,0.55,0.0,0.0,0.0,0.0,0.0,0.3,0.15,1,0
10.0,3.0,3.0,9,1.0,1,0.0,1.0,0.0,0.0,0,0,0,0,0,0.0,0,0.0,0,0,0,8.0,0.125,0.5,0.0,0.0,0.0,0.0,0.25,0.125,1,0
2.0,1.0,0.0,1,0.0,1,0.0,0.0,1.0,0.0,1,0,0,0,0,1.0,0,0.0,0,0,1,3.0,1.0,0.0,0.0,0.0,0.0,0.0,0.0,0.0,1,0
11.0,2.0,4.0,9,4.0,4,1.0,4.0,12.0,13.0,3,2,3,2,2,2.0,2,0.25,1,1,10,20.0,0.45,0.0,0.0,0.2,0.0,0.0,0.3,0.05,1,0
14.0,1.0,2.0,11,2.0,4,1.0,5.0,15.0,14.0,1,2,3,1,2,3.5,2,0.2,1,1,12,30.0,0.3,0.0,0.0,0.1333333333333333,0.0,0.0,0.4666666666666667,0.1,1,0
12.0,1.0,2.0,5,2.0,4,0.0,7.5,11.0,13.0,4,4,4,3,0,2.0,4,0.3636,0,1,11,41.0,0.2439024390243902,0.1951219512195122,0.0,0.0,0.0,0.0,0.4878048780487805,0.073170731707317,1,0
4.0,2.0,1.0,3,0.0,1,0.0,0.0,3.0,2.0,1,1,1,0,0,2.0,1,0.3333,0,1,3,2.0,0.5,0.0,0.0,0.0,0.0,0.0,0.5,0.0,1,0
7.0,0.0,2.0,7,2.0,4,1.0,3.0,8.0,9.0,3,2,3,2,2,2.0,2,0.375,1,1,6,15.0,0.6666666666666666,0.0,0.0,0.2,0.0,0.0,0.1333333333333333,0.0,1,0
4.0,3.5,3.0,4,0.0,2,2.0,0.0,3.0,2.0,1,1,1,0,0,2.0,1,0.3333,0,1,3,11.0,0.1818181818181818,0.0,0.0,0.4166666666666665,0.0,0.0,0.0909090909090909,0.0,1,0
4.0,2.0,1.0,3,0.0,1,0.0,0.0,3.0,2.0,1,1,1,0,0,2.0,1,0.3333,0,1,3,2.0,0.5,0.0,0.0,0.0,0.0,0.0,0.5,0.0,1,0
2.0,0.0,0.0,3,0.0,1,0.0,0.0,1.0,0.0,1,0,0,0,0,1.0,0,0.0,0,0,1,2.0,0.5,0.0,0.0,0.0,0.0,0.0,0.5,0.0,1,0
21.5,1.0,7.0,18,7.5,10,2.5,7.5,25.5,29.5,6,5,6,5,0,3.5,5,0.2656,0,1,18,50.5,0.3333333333333333,0.0,0.0,0.1,0.0,0.0,0.5666666666666667,0.0,1,0
11.0,2.0,1.0,18,0.0,10,0.0,4.0,10.0,13.0,5,4,4,3,0,1.0,4,0.4,0,1,10,19.0,0.4210526315789473,0.0,0.0,0.0,0.0,0.0,0.3684210526315789,0.2105263157894736,1,0
16.0,1.0,2.0,18,2.0,10,1.0,1.0,16.0,18.0,4,3,4,3,2,2.0,3,0.25,1,1,14,15.0,0.2666666666666666,0.0,0.0,0.2666666666666666,0.0,0.0,0.1333333333333333,0.3333333333333333,1,0
17.0,1.0,2.0,18,2.0,10,2.0,2.0,16.0,18.0,4,3,4,3,2,2.0,3,0.25,1,1,14,23.0,0.2608695652173913,0.0,0.0,0.3478260869565217,0.0,0.0,0.1739130434782608,0.217391304347826,1,0
8.0,3.0,4.0,6,0.0,1,0.0,0.0,7.0,7.0,2,1,1,1,0,1.0,1,0.1429,0,1,7,4.0,0.25,0.0,0.0,0.0,0.0,0.0,0.0,0.357142857142857,1,0
4.0,1.0,1.0,6,0.0,0,0.0,0.0,3.0,2.0,1,0,0,0,0,1.0,0,0.0,0,0,3,1.0,0.0,0.0,0.0,0.0,0.0,0.0,0.0,0.357142857142857,1,0
4.0,0.0,0.0,4,0.0,1,0.0,0.0,3.0,3.0,2,1,1,1,0,1.0,1,0.3333,0,1,3,2.0,0.5,0.0,0.0,0.0,0.0,0.0,0.0,0.357142857142857,1,0
13.0,3.0,2.0,8,0.0,5,0.0,1.0,22.0,24.0,4,3,3,3,0,0.0,3,0.1364,0,1,13,7.0,0.7142857142857143,0.0,0.0,0.0,0.0,0.0,0.0,0.2857142857142857,1,0
7.0,0.0,3.0,6,2.0,1,0.0,2.0,7.0,8.0,3,0,1,1,1,0.0,0,0.1429,1,1,6,10.0,0.3,0.0,0.0,0.0,0.0,0.0,0.4,0.3,1,0
18.0,3.0,6.0,16,1.0,4,0.0,1.0,19.0,22.0,5,4,5,4,1,1.0,4,0.2632,1,1,16,9.0,0.4444444444444444,0.0,0.0,0.0,0.0,0.0,0.0,0.357142857142857,1,0
21.5,0.0,7.5,18,3.0,10,0.0,7.5,25.5,29.5,6,5,6,5,2,1.0,4,0.122,1,1,18,50.5,0.4615384615384615,0.0,0.0,0.0,0.0,0.0,0.4923076923076923,0.0461538461538461,1,0
21.5,2.0,7.0,18,7.5,10,2.5,6.0,25.5,29.5,6,5,6,4,3,1.0,3,0.25,1,1,18,50.5,0.3888888888888889,0.1481481481481481,0.0,0.2407407407407407,0.0,0.0,0.1203703703703703,0.1018518518518518,1,0
5.0,2.0,1.0,5,0.0,0,0.0,0.0,4.0,4.0,2,1,1,1,0,1.0,1,0.25,0,1,4,4.0,0.0,0.0,0.0,0.4166666666666665,0.0,0.0,0.0,0.357142857142857,1,0
6.0,2.0,3.0,3,2.0,1,0.0,1.0,7.0,7.0,2,0,1,1,2,1.0,0,0.1429,1,1,5,6.0,0.5,0.0,0.0,0.0,0.0,0.0,0.3333333333333333,0.1666666666666666,1,0
13.0,1.0,1.0,6,0.0,6,2.5,0.0,6.0,5.0,1,2,2,1,1,3.0,2,0.3333,1,1,6,44.0,0.2727272727272727,0.0,0.0,0.4166666666666665,0.0,0.0,0.0909090909090909,0.0,1,0
8.0,0.0,1.0,4,0.0,0,0.0,5.0,7.0,6.0,1,0,3,3,3,1.0,0,0.4286,1,1,7,19.0,0.0,0.0,0.0,0.2105263157894736,0.0,0.0,0.5263157894736842,0.2631578947368421,1,0
3.0,1.0,0.0,3,0.0,0,0.0,0.0,2.0,1.0,1,0,0,0,0,0.0,0,0.0,0,0,2,2.0,0.0,0.0,0.0,0.0,0.0,0.0,0.0,0.357142857142857,1,0
2.0,2.0,1.0,2,0.0,0,0.0,0.0,1.0,0.0,1,0,1,1,1,1.0,0,0.6189,1,1,1,1.0,0.0,0.0,0.0,0.0,0.0,0.0,0.9375,0.0,1,0
2.0,1.0,0.0,2,0.0,0,0.0,0.0,1.0,0.0,1,0,0,0,0,1.0,0,0.0,0,0,1,1.0,0.0,0.0,0.0,0.0,0.0,0.0,0.9375,0.0,1,0
21.5,3.0,7.0,13,7.5,0,0.0,7.0,21.0,25.0,6,5,5,5,0,1.0,5,0.2381,0,1,18,50.5,0.0,0.5925925925925926,0.0,0.1234567901234567,0.0,0.0,0.1728395061728395,0.1111111111111111,1,0
21.5,1.0,7.5,18,2.0,6,2.0,2.0,25.5,29.5,6,5,6,5,2,1.0,4,0.1458,1,1,18,47.0,0.2127659574468085,0.0,0.0,0.2127659574468085,0.0,0.0,0.1489361702127659,0.357142857142857,1,0
21.5,3.5,7.5,18,2.0,8,0.0,7.5,25.5,29.5,6,5,6,3,2,1.0,5,0.2703,1,1,18,50.5,0.1694915254237288,0.0,0.0,0.3050847457627119,0.0,0.0,0.2372881355932203,0.288135593220339,1,0
21.5,3.0,5.0,18,2.0,7,0.0,7.5,25.5,29.5,6,5,6,3,0,1.0,5,0.2903,0,1,18,46.0,0.4347826086956521,0.0,0.0,0.0869565217391304,0.0,0.0,0.0869565217391304,0.357142857142857,1,0
21.5,3.5,7.5,18,7.5,7,0.0,7.5,25.5,29.5,6,5,6,5,5,2.0,5,0.2456,1,1,18,50.5,0.1076923076923077,0.3282051282051282,0.0,0.0717948717948717,0.0,0.0,0.3384615384615385,0.1538461538461538,1,0
2.0,3.0,2.0,3,0.0,0,0.0,0.0,1.0,0.0,1,0,1,1,1,1.0,0,0.6189,1,1,1,1.0,0.0,0.0,0.0,0.0,0.0,0.0,0.9375,0.0,1,0
8.0,2.0,3.0,8,0.0,2,1.0,1.0,8.0,8.0,2,1,2,2,1,1.0,1,0.25,1,1,7,8.0,0.25,0.0,0.0,0.4166666666666665,0.0,0.0,0.0,0.25,1,0
6.0,2.0,1.0,10,0.0,5,2.5,1.0,4.0,4.0,2,1,1,1,0,1.0,1,0.25,0,1,3,23.0,0.4782608695652174,0.0,0.0,0.4166666666666665,0.0,0.0,0.0,0.0,1,0
4.0,2.0,1.0,5,0.0,3,1.0,1.0,4.0,4.0,2,1,1,1,0,1.0,1,0.25,0,1,3,9.0,0.5555555555555556,0.0,0.0,0.4166666666666665,0.0,0.0,0.0,0.0,1,0
4.0,2.0,1.0,7,0.0,3,1.0,1.0,4.0,4.0,2,1,1,1,0,1.0,1,0.25,0,1,3,9.0,0.5555555555555556,0.0,0.0,0.4166666666666665,0.0,0.0,0.0,0.0,1,0
11.0,2.0,1.0,18,0.0,10,2.5,1.0,4.0,4.0,2,1,1,1,0,1.0,1,0.25,0,1,3,50.5,0.4285714285714285,0.0,0.0,0.4166666666666665,0.0,0.0,0.0,0.0,1,0
15.0,2.0,5.0,14,4.0,6,2.0,7.5,19.0,21.0,4,3,4,3,2,1.0,3,0.2105,1,1,13,34.0,0.3235294117647059,0.0,0.0,0.2352941176470588,0.0,0.0,0.3529411764705882,0.088235294117647,1,0
7.0,3.0,3.0,7,0.0,1,0.0,1.0,7.0,7.0,2,1,2,2,1,1.0,1,0.2857,1,1,6,3.0,0.3333333333333333,0.0,0.0,0.0,0.0,0.0,0.0,0.357142857142857,1,0
7.0,2.0,2.0,7,0.0,1,0.0,1.0,7.0,7.0,2,1,1,1,0,1.0,1,0.1429,0,1,6,4.0,0.25,0.0,0.0,0.0,0.0,0.0,0.25,0.357142857142857,1,0
21.5,3.0,7.5,18,7.5,10,2.5,7.5,25.5,29.5,6,5,6,5,4,2.0,5,0.3088,1,1,18,50.5,0.2831050228310502,0.182648401826484,0.0,0.1187214611872146,0.0,0.0,0.3150684931506849,0.1004566210045662,1,0
6.0,2.0,2.0,5,0.0,1,0.0,1.0,6.0,6.0,2,1,1,1,0,1.0,1,0.1667,0,1,5,3.0,0.3333333333333333,0.0,0.0,0.0,0.0,0.0,0.3333333333333333,0.3333333333333333,1,0
9.0,2.0,1.0,9,1.0,1,0.0,2.0,10.0,10.0,2,3,5,3,2,2.0,3,0.5,1,1,7,1.0,1.0,0.0,0.0,0.0,0.0,0.0,0.0,0.0,1,0
7.0,2.0,2.0,7,0.0,1,0.0,1.0,7.0,7.0,2,1,1,1,0,1.0,1,0.1429,0,1,6,4.0,0.25,0.0,0.0,0.0,0.0,0.0,0.25,0.357142857142857,1,0
6.0,2.0,2.0,5,0.0,1,0.0,1.0,6.0,6.0,2,1,1,1,0,1.0,1,0.1667,0,1,5,3.0,0.3333333333333333,0.0,0.0,0.0,0.0,0.0,0.3333333333333333,0.3333333333333333,1,0
9.0,2.0,1.0,9,1.0,1,0.0,2.0,10.0,10.0,2,3,5,3,2,2.0,3,0.5,1,1,7,1.0,1.0,0.0,0.0,0.0,0.0,0.0,0.0,0.0,1,0
6.0,2.0,2.0,6,0.0,1,0.0,1.0,6.0,6.0,2,1,2,2,1,1.0,1,0.3333,1,1,5,2.0,0.5,0.0,0.0,0.0,0.0,0.0,0.0,0.357142857142857,1,0
21.5,2.0,5.0,18,7.0,8,0.0,7.5,25.5,29.5,6,5,6,5,2,1.0,5,0.2128,1,1,18,50.5,0.2894736842105263,0.1578947368421052,0.0,0.0,0.0,0.0,0.2894736842105263,0.2631578947368421,1,0
9.0,2.0,1.0,8,1.0,1,0.0,2.0,10.0,10.0,2,3,5,3,2,2.0,3,0.5,1,1,7,1.0,1.0,0.0,0.0,0.0,0.0,0.0,0.0,0.0,1,0
21.5,1.0,7.5,18,5.0,10,0.0,4.0,25.5,29.5,6,5,6,5,5,1.0,5,0.2245,1,1,18,48.0,0.3958333333333333,0.0,0.0,0.0416666666666666,0.0,0.0,0.1458333333333333,0.357142857142857,1,0
21.5,3.5,6.0,18,6.0,4,2.0,1.0,21.0,22.0,3,2,4,2,2,2.0,2,0.1905,1,1,18,34.0,0.2352941176470588,0.3529411764705882,0.0,0.2352941176470588,0.0,0.0,0.0,0.1764705882352941,1,0
7.0,2.0,2.0,10,1.0,2,1.0,2.0,5.0,5.0,2,0,1,1,1,0.0,0,0.2,1,1,5,18.0,0.3333333333333333,0.2222222222222222,0.0,0.2222222222222222,0.0,0.0,0.1111111111111111,0.1111111111111111,1,0
3.0,1.0,0.0,3,1.0,0,0.0,1.0,2.0,1.0,1,0,0,0,0,1.0,0,0.0,0,0,2,7.0,0.0,0.5714285714285714,0.0,0.0,0.0,0.0,0.2857142857142857,0.1428571428571428,1,0
21.5,2.0,5.0,18,4.0,6,2.5,4.0,25.5,29.5,5,4,5,5,2,1.0,3,0.1471,1,1,18,45.0,0.3777777777777777,0.0,0.0,0.4,0.0,0.0,0.0888888888888888,0.1333333333333333,1,0
20.0,2.0,4.0,16,5.0,2,0.0,3.0,18.0,20.0,4,1,3,2,2,1.0,1,0.1667,1,1,16,15.0,0.4,0.0,0.0,0.0,0.0,0.0,0.3333333333333333,0.2666666666666666,1,0
12.0,1.0,4.0,12,1.0,3,0.0,3.0,11.0,12.0,3,3,4,3,1,2.0,3,0.3636,1,1,11,17.0,0.2941176470588235,0.2352941176470588,0.0,0.0,0.0,0.0,0.3529411764705882,0.1176470588235294,1,0
21.5,2.0,7.0,18,7.5,5,0.0,5.0,23.0,28.0,6,3,5,3,1,2.0,3,0.2174,1,1,18,32.0,0.21875,0.125,0.0,0.0625,0.0,0.0,0.34375,0.25,1,0
7.0,1.0,0.0,8,0.0,7,1.0,1.0,7.0,8.0,3,2,3,1,1,3.0,2,0.4286,1,1,6,13.0,0.3076923076923077,0.0,0.0,0.3076923076923077,0.0,0.0,0.3846153846153846,0.0,1,0
15.0,1.0,1.0,13,0.0,2,0.0,0.0,14.0,13.0,1,5,6,1,1,3.5,5,0.4286,1,1,14,16.0,0.0625,0.0,0.0,0.4166666666666665,0.0,0.0,0.4375,0.0,1,0
5.0,0.0,1.0,4,4.0,0,0.0,0.0,4.0,3.0,1,0,3,3,3,1.0,0,0.6189,1,1,4,18.0,0.0,0.7142857142857142,0.0,0.0,0.0,0.0,0.0,0.1111111111111111,1,0
2.0,1.0,0.0,2,0.0,2,1.0,1.0,1.0,0.0,1,0,0,0,0,1.0,0,0.0,0,0,1,9.0,0.3333333333333333,0.0,0.0,0.4166666666666665,0.0,0.0,0.2222222222222222,0.0,1,0
9.0,2.0,4.0,8,4.0,7,2.5,4.0,12.0,13.0,3,2,4,2,4,3.0,2,0.3333,1,1,8,37.0,0.3783783783783784,0.0,0.0,0.3243243243243243,0.0,0.0,0.2972972972972973,0.0,1,0
2.0,3.0,2.0,2,1.0,0,0.0,1.0,1.0,0.0,1,0,1,1,1,1.0,0,0.6189,1,1,1,2.0,0.0,0.0,0.0,0.0,0.0,0.0,0.9375,0.0,1,0
12.0,1.0,3.0,11,4.0,2,0.0,3.0,13.0,14.0,3,3,4,2,2,3.0,2,0.3077,1,1,11,17.0,0.3529411764705882,0.0,0.0,0.2352941176470588,0.0,0.0,0.3529411764705882,0.0588235294117647,1,0
8.0,1.0,2.0,7,2.0,4,1.0,2.0,9.0,9.0,2,2,3,1,2,3.0,2,0.3333,1,1,7,20.0,0.45,0.0,0.0,0.15,0.0,0.0,0.4,0.0,1,0
2.0,1.0,0.0,2,0.0,1,0.0,0.0,1.0,0.0,1,0,1,1,1,1.0,0,0.6189,1,1,1,1.0,1.0,0.0,0.0,0.0,0.0,0.0,0.0,0.0,1,0
3.0,1.0,1.0,3,0.0,0,0.0,0.0,2.0,1.0,1,0,0,0,0,1.0,0,0.0,0,0,2,2.0,0.0,0.0,0.0,0.4166666666666665,0.0,0.0,0.0,0.0,1,0
2.0,1.0,0.0,2,0.0,1,0.0,0.0,1.0,0.0,1,0,0,0,0,1.0,0,0.0,0,0,1,1.0,1.0,0.0,0.0,0.0,0.0,0.0,0.0,0.0,1,0
5.0,2.0,1.0,5,0.0,0,0.0,0.0,4.0,3.0,1,1,1,0,0,2.0,1,0.25,0,1,4,3.0,0.0,0.0,0.0,0.4166666666666665,0.0,0.0,0.0,0.3333333333333333,1,0
5.0,1.0,0.0,4,0.0,2,0.0,1.0,4.0,3.0,1,1,1,0,0,2.0,1,0.25,0,1,4,6.0,0.5,0.0,0.0,0.0,0.0,0.0,0.3333333333333333,0.1666666666666666,1,0
2.0,1.0,0.0,2,0.0,1,0.0,0.0,1.0,0.0,1,0,0,0,0,1.0,0,0.0,0,0,1,1.0,1.0,0.0,0.0,0.0,0.0,0.0,0.0,0.0,1,0
14.0,2.0,3.0,13,5.0,7,2.5,4.0,12.0,14.0,4,3,5,3,2,3.0,3,0.4167,1,1,12,35.0,0.4,0.0,0.0,0.3142857142857143,0.0,0.0,0.2285714285714285,0.0571428571428571,1,0
13.0,2.0,2.0,13,7.0,7,2.5,7.5,11.0,13.0,4,3,5,3,2,3.0,3,0.4545,1,1,11,50.5,0.2745098039215686,0.1568627450980392,0.0,0.2156862745098039,0.0,0.0,0.3137254901960784,0.0392156862745098,1,0
8.0,2.0,2.0,4,2.0,3,1.0,2.0,9.0,9.0,2,1,2,1,2,2.0,1,0.2222,1,1,7,14.0,0.4285714285714285,0.0,0.0,0.2142857142857142,0.0,0.0,0.2857142857142857,0.0714285714285714,1,0
21.5,1.0,6.0,18,0.0,1,0.0,7.5,25.5,29.5,1,2,2,0,0,2.0,2,0.04,0,1,18,7.0,0.1428571428571428,0.0,0.0,0.2857142857142857,0.0,0.0,0.5714285714285714,0.0,1,0
2.0,2.0,1.0,2,0.0,2,0.0,0.0,1.0,0.0,1,0,1,1,1,1.0,0,0.6189,1,1,1,2.0,1.0,0.0,0.0,0.0,0.0,0.0,0.0,0.0,1,0
2.0,2.0,1.0,2,0.0,2,0.0,0.0,1.0,0.0,1,0,1,1,1,1.0,0,0.6189,1,1,1,2.0,1.0,0.0,0.0,0.0,0.0,0.0,0.0,0.0,1,0
4.0,2.0,1.0,4,1.0,0,0.0,1.0,3.0,2.0,1,1,2,1,1,2.0,1,0.6189,1,1,3,4.0,0.0,0.0,0.0,0.4166666666666665,0.0,0.0,0.5,0.0,1,0
4.0,3.0,2.0,4,1.0,0,0.0,1.0,3.0,2.0,1,1,2,1,1,2.0,1,0.6189,1,1,3,4.0,0.0,0.0,0.0,0.4166666666666665,0.0,0.0,0.5,0.0,1,0
4.0,2.0,1.0,3,1.0,2,1.0,1.0,3.0,2.0,1,1,2,1,1,2.0,1,0.6189,1,1,3,8.0,0.25,0.0,0.0,0.4166666666666665,0.0,0.0,0.25,0.0,1,0
14.0,3.0,4.0,7,3.0,6,2.0,6.0,12.0,12.0,2,3,4,1,1,3.5,3,0.3333,1,1,12,39.0,0.3333333333333333,0.1025641025641025,0.0,0.2051282051282051,0.0,0.0,0.3076923076923077,0.0512820512820512,1,0
6.0,3.0,2.0,7,1.0,4,2.0,2.0,5.0,4.0,1,2,3,1,1,3.0,2,0.6,1,1,5,19.0,0.3684210526315789,0.0,0.0,0.4166666666666665,0.0,0.0,0.2105263157894736,0.0,1,0
4.0,2.0,1.0,4,1.0,0,0.0,1.0,3.0,2.0,1,1,2,1,1,2.0,1,0.6189,1,1,3,4.0,0.0,0.0,0.0,0.4166666666666665,0.0,0.0,0.5,0.0,1,0
4.0,3.0,2.0,4,1.0,0,0.0,1.0,3.0,2.0,1,1,2,1,1,2.0,1,0.6189,1,1,3,4.0,0.0,0.0,0.0,0.4166666666666665,0.0,0.0,0.5,0.0,1,0
4.0,2.0,1.0,3,1.0,2,1.0,1.0,3.0,2.0,1,1,2,1,1,2.0,1,0.6189,1,1,3,8.0,0.25,0.0,0.0,0.4166666666666665,0.0,0.0,0.25,0.0,1,0
4.0,3.0,2.0,3,1.0,2,1.0,1.0,3.0,2.0,1,1,2,1,1,2.0,1,0.6189,1,1,3,8.0,0.25,0.0,0.0,0.4166666666666665,0.0,0.0,0.25,0.0,1,0
4.0,2.0,1.0,4,0.0,1,0.0,1.0,3.0,2.0,1,1,1,0,0,2.0,1,0.3333,0,1,3,8.0,0.375,0.0,0.0,0.25,0.0,0.0,0.375,0.0,1,0
4.0,2.0,1.0,3,0.0,3,1.0,1.0,3.0,2.0,1,1,1,0,0,2.0,1,0.3333,0,1,3,12.0,0.4166666666666667,0.0,0.0,0.3333333333333333,0.0,0.0,0.25,0.0,1,0
9.0,2.0,4.0,7,3.0,3,1.0,2.0,10.0,10.0,2,2,3,1,2,3.0,2,0.3,1,1,8,23.0,0.217391304347826,0.1739130434782608,0.0,0.2608695652173913,0.0,0.0,0.3478260869565217,0.0,1,0
9.0,2.0,4.0,9,6.0,3,1.0,4.0,12.0,13.0,3,2,4,2,4,3.0,2,0.3333,1,1,8,20.0,0.4,0.0,0.0,0.2,0.0,0.0,0.4,0.0,1,0
4.0,2.0,1.0,6,1.0,0,1.0,1.0,3.0,2.0,1,1,2,1,1,2.0,1,0.6189,1,1,3,6.0,0.0,0.0,0.0,0.4166666666666665,0.0,0.0,0.3333333333333333,0.0,1,0
4.0,2.0,1.0,4,0.0,1,0.0,0.0,3.0,2.0,1,1,2,1,1,2.0,1,0.6189,1,1,3,2.0,0.5,0.0,0.0,0.0,0.0,0.0,0.5,0.0,1,0
10.0,2.0,4.0,9,6.0,3,1.0,4.0,14.0,15.0,3,2,4,3,3,3.0,2,0.2857,1,1,9,20.0,0.4,0.0,0.0,0.2,0.0,0.0,0.4,0.0,1,0
7.0,2.0,2.0,9,4.0,2,1.0,4.0,8.0,8.0,2,2,3,1,2,3.0,2,0.375,1,1,6,18.0,0.3333333333333333,0.0,0.0,0.2222222222222222,0.0,0.0,0.4444444444444444,0.0,1,0
8.0,2.0,1.0,6,1.0,5,1.0,3.0,7.0,6.0,1,3,3,0,0,3.5,3,0.4286,0,1,7,22.0,0.4090909090909091,0.0,0.0,0.1818181818181818,0.0,0.0,0.4090909090909091,0.0,1,0
4.0,2.0,1.0,4,0.0,2,1.0,0.0,3.0,2.0,1,1,2,1,1,2.0,1,0.6189,1,1,3,7.0,0.2857142857142857,0.0,0.0,0.4166666666666665,0.0,0.0,0.1428571428571428,0.0,1,0
11.0,2.0,6.0,7,4.0,5,1.0,2.0,14.0,15.0,3,2,4,2,4,3.0,2,0.2857,1,1,10,22.0,0.5,0.0,0.0,0.1818181818181818,0.0,0.0,0.3181818181818182,0.0,1,0
4.0,2.0,1.0,4,0.0,2,1.0,0.0,3.0,2.0,1,1,2,1,1,2.0,1,0.6189,1,1,3,7.0,0.2857142857142857,0.0,0.0,0.4166666666666665,0.0,0.0,0.1428571428571428,0.0,1,0
16.0,2.0,6.0,8,5.0,7,1.0,5.0,17.0,20.0,5,4,5,2,2,2.0,4,0.2941,1,1,15,28.0,0.5,0.0,0.0,0.1428571428571428,0.0,0.0,0.2857142857142857,0.0714285714285714,1,0
14.0,2.0,6.0,6,4.0,5,1.0,4.0,15.0,17.0,4,3,4,2,2,2.0,3,0.2667,1,1,13,21.0,0.4285714285714285,0.0,0.0,0.1904761904761904,0.0,0.0,0.2857142857142857,0.0952380952380952,1,0
10.0,2.0,1.0,8,1.0,4,0.0,3.0,9.0,10.0,3,4,5,3,1,3.0,4,0.5556,1,1,9,22.0,0.4545454545454545,0.1818181818181818,0.0,0.0,0.0,0.0,0.2727272727272727,0.0909090909090909,1,0
16.0,3.0,2.0,13,2.0,7,0.0,6.0,15.0,19.0,6,5,6,5,1,3.0,5,0.5333,1,1,15,44.0,0.4318181818181818,0.1818181818181818,0.0,0.0,0.0,0.0,0.2727272727272727,0.1136363636363636,1,0
8.0,2.0,1.0,6,0.0,3,0.0,2.0,7.0,6.0,1,3,3,0,0,3.5,3,0.4286,0,1,7,11.0,0.6363636363636364,0.0,0.0,0.0,0.0,0.0,0.3636363636363636,0.0,1,0
8.0,2.0,1.0,7,1.0,3,0.0,1.0,7.0,6.0,1,3,3,0,0,3.5,3,0.4286,0,1,7,13.0,0.5384615384615384,0.3076923076923077,0.0,0.0,0.0,0.0,0.1538461538461538,0.0,1,0
10.0,3.0,2.0,9,2.0,5,1.0,3.0,9.0,9.0,2,4,4,1,0,3.5,4,0.4444,0,1,9,32.0,0.40625,0.25,0.0,0.125,0.0,0.0,0.1875,0.03125,1,0
9.0,2.0,2.0,8,1.0,3,1.0,3.0,8.0,7.0,1,3,3,0,0,3.5,3,0.375,0,1,8,16.0,0.375,0.0,0.0,0.25,0.0,0.0,0.375,0.0,1,0
9.0,2.0,2.0,8,2.0,2,0.0,1.0,8.0,7.0,1,3,3,0,0,3.5,3,0.375,0,1,8,12.0,0.3333333333333333,0.3333333333333333,0.0,0.1666666666666666,0.0,0.0,0.1666666666666666,0.0,1,0
7.0,2.0,2.0,7,1.0,1,1.0,2.0,6.0,5.0,1,2,2,0,0,3.0,2,0.3333,0,1,6,11.0,0.2727272727272727,0.0,0.0,0.3636363636363636,0.0,0.0,0.3636363636363636,0.0,1,0
9.0,2.0,2.0,11,3.0,2,1.0,1.0,8.0,7.0,1,3,3,0,0,3.5,3,0.375,0,1,8,24.0,0.25,0.3333333333333333,0.0,0.3333333333333333,0.0,0.0,0.0833333333333333,0.0,1,0
9.0,3.0,4.0,9,4.0,5,2.0,2.0,8.0,8.0,2,3,3,1,0,3.0,3,0.375,0,1,8,29.0,0.3103448275862069,0.2758620689655172,0.0,0.2758620689655172,0.0,0.0,0.1379310344827586,0.0,1,0
21.5,3.0,7.5,18,2.0,9,2.0,4.0,22.0,24.0,4,5,6,2,1,3.5,5,0.2727,1,1,18,42.0,0.3095238095238095,0.1904761904761904,0.0,0.238095238095238,0.0,0.0,0.1904761904761904,0.0714285714285714,1,0
2.0,1.0,0.0,2,1.0,0,0.0,1.0,1.0,0.0,1,0,1,1,1,1.0,0,0.6189,1,1,1,2.0,0.0,0.0,0.0,0.0,0.0,0.0,0.9375,0.0,1,0
2.0,3.0,2.0,2,0.0,0,0.0,0.0,1.0,0.0,1,0,0,0,0,1.0,0,0.0,0,0,1,1.0,0.0,0.0,0.0,0.0,0.0,0.0,0.9375,0.0,1,0
2.0,2.0,1.0,2,0.0,0,0.0,0.0,1.0,0.0,1,0,0,0,0,1.0,0,0.0,0,0,1,1.0,0.0,0.0,0.0,0.0,0.0,0.0,0.9375,0.0,1,0
21.5,3.0,6.0,15,4.0,8,2.5,3.0,23.0,26.0,5,5,6,3,1,3.0,4,0.2609,1,1,18,42.0,0.238095238095238,0.0,0.0,0.2857142857142857,0.0,0.0,0.2857142857142857,0.1904761904761904,1,0
2.0,2.0,1.0,2,1.0,0,0.0,1.0,1.0,0.0,1,0,0,0,0,1.0,0,0.0,0,0,1,3.0,0.0,0.0,0.0,0.0,0.0,0.0,0.9375,0.0,1,0
21.5,3.5,7.5,18,7.5,10,2.5,7.0,25.5,29.5,6,5,6,5,3,3.0,5,0.2931,1,1,18,50.5,0.2831858407079646,0.0,0.0,0.1946902654867256,0.0,0.0,0.2743362831858407,0.247787610619469,1,0
2.0,2.0,1.0,2,1.0,0,0.0,1.0,1.0,0.0,1,0,0,0,0,1.0,0,0.0,0,0,1,3.0,0.0,0.0,0.0,0.0,0.0,0.0,0.9375,0.0,1,0
21.5,3.5,7.5,18,3.0,10,1.0,7.0,25.5,29.5,6,5,6,2,1,3.5,5,0.2812,1,1,18,50.5,0.3278688524590163,0.1311475409836065,0.0,0.0983606557377049,0.0,0.0,0.2295081967213114,0.2131147540983606,1,0
2.0,3.0,2.0,2,0.0,0,0.0,0.0,1.0,0.0,1,0,0,0,0,1.0,0,0.0,0,0,1,1.0,0.0,0.0,0.0,0.0,0.0,0.0,0.9375,0.0,1,0
2.0,3.0,2.0,2,0.0,0,0.0,0.0,1.0,0.0,1,0,0,0,0,1.0,0,0.0,0,0,1,1.0,0.0,0.0,0.0,0.0,0.0,0.0,0.9375,0.0,1,0
2.0,1.0,0.0,2,1.0,0,0.0,1.0,1.0,0.0,1,0,0,0,0,1.0,0,0.0,0,0,1,3.0,0.0,0.0,0.0,0.0,0.0,0.0,0.9375,0.0,1,0
2.0,2.0,1.0,2,0.0,0,0.0,0.0,1.0,0.0,1,0,0,0,0,1.0,0,0.0,0,0,1,1.0,0.0,0.0,0.0,0.0,0.0,0.0,0.9375,0.0,1,0
2.0,2.0,1.0,2,1.0,0,0.0,1.0,1.0,0.0,1,0,0,0,0,1.0,0,0.0,0,0,1,3.0,0.0,0.0,0.0,0.0,0.0,0.0,0.9375,0.0,1,0
2.0,3.0,2.0,2,0.0,0,0.0,0.0,1.0,0.0,1,0,0,0,0,1.0,0,0.0,0,0,1,1.0,0.0,0.0,0.0,0.0,0.0,0.0,0.9375,0.0,1,0
2.0,1.0,0.0,2,0.0,0,0.0,0.0,1.0,0.0,1,0,1,1,1,1.0,0,0.6189,1,1,1,1.0,0.0,0.0,0.0,0.0,0.0,0.0,0.9375,0.0,1,0
21.5,2.0,6.0,18,7.0,10,2.0,4.0,24.0,27.0,5,5,6,3,2,3.0,5,0.25,1,1,18,50.5,0.3,0.3333333333333333,0.0,0.1333333333333333,0.0,0.0,0.1333333333333333,0.1,1,0
2.0,1.0,0.0,2,0.0,0,0.0,0.0,1.0,0.0,1,0,0,0,0,1.0,0,0.0,0,0,1,1.0,0.0,0.0,0.0,0.0,0.0,0.0,0.9375,0.0,1,0
4.0,2.0,0.0,3,0.0,1,0.0,1.0,3.0,2.0,1,1,2,1,1,2.0,1,0.6189,1,1,3,3.0,0.3333333333333333,0.0,0.0,0.0,0.0,0.0,0.6666666666666666,0.0,1,0
4.0,2.0,0.0,3,0.0,1,0.0,1.0,3.0,2.0,1,1,2,1,1,2.0,1,0.6189,1,1,3,3.0,0.3333333333333333,0.0,0.0,0.0,0.0,0.0,0.6666666666666666,0.0,1,0
14.0,3.5,5.0,12,4.0,6,0.0,3.0,15.0,17.0,4,4,5,3,2,3.0,4,0.3333,1,1,13,29.0,0.4137931034482758,0.2758620689655172,0.0,0.0,0.0,0.0,0.2068965517241379,0.1034482758620689,1,0
17.0,3.5,5.0,14,4.0,7,0.0,2.0,17.0,20.0,5,5,6,4,2,3.0,5,0.3529,1,1,15,29.0,0.4482758620689655,0.2758620689655172,0.0,0.0,0.0,0.0,0.1379310344827586,0.1379310344827586,1,0
17.0,2.0,3.0,18,0.0,5,0.0,1.0,16.0,18.0,4,5,6,1,1,3.5,5,0.375,1,1,16,12.0,0.25,0.0,0.0,0.3333333333333333,0.0,0.0,0.1666666666666666,0.25,1,0
18.0,2.0,3.0,18,0.0,6,0.0,1.0,17.0,20.0,5,5,6,2,1,3.5,5,0.4118,1,1,17,13.0,0.3076923076923077,0.0,0.0,0.3076923076923077,0.0,0.0,0.1538461538461538,0.2307692307692307,1,0
4.0,2.0,0.0,4,0.0,3,0.0,0.0,3.0,2.0,1,1,2,1,1,2.0,1,0.6189,1,1,3,1.0,1.0,0.0,0.0,0.0,0.0,0.0,0.0,0.0,1,0
4.0,2.0,0.0,4,0.0,3,0.0,0.0,3.0,2.0,1,1,2,1,1,2.0,1,0.6189,1,1,3,1.0,1.0,0.0,0.0,0.0,0.0,0.0,0.0,0.0,1,0
6.0,2.0,1.0,8,0.0,0,1.0,0.0,5.0,4.0,1,2,2,0,0,3.0,2,0.4,0,1,5,6.0,0.0,0.0,0.0,0.4166666666666665,0.0,0.0,0.0,0.0,1,0
6.0,2.0,1.0,8,0.0,0,1.0,0.0,5.0,4.0,1,2,2,0,0,3.0,2,0.4,0,1,5,6.0,0.0,0.0,0.0,0.4166666666666665,0.0,0.0,0.0,0.0,1,0
2.0,2.0,1.0,2,0.0,0,0.0,0.0,1.0,0.0,1,0,0,0,0,1.0,0,0.0,0,0,1,1.0,0.0,0.0,0.0,0.0,0.0,0.0,0.9375,0.0,1,0
6.0,2.0,1.0,9,1.0,0,1.0,1.0,5.0,4.0,1,2,2,0,0,3.0,2,0.4,0,1,5,12.0,0.0,0.3333333333333333,0.0,0.4166666666666665,0.0,0.0,0.1666666666666666,0.0,1,0
6.0,2.0,1.0,9,1.0,0,1.0,1.0,5.0,4.0,1,2,2,0,0,3.0,2,0.4,0,1,5,12.0,0.0,0.3333333333333333,0.0,0.4166666666666665,0.0,0.0,0.1666666666666666,0.0,1,0
2.0,2.0,1.0,2,0.0,0,0.0,0.0,1.0,0.0,1,0,0,0,0,1.0,0,0.0,0,0,1,1.0,0.0,0.0,0.0,0.0,0.0,0.0,0.9375,0.0,1,0
4.0,2.0,1.0,5,1.0,0,1.0,1.0,3.0,2.0,1,1,1,0,0,2.0,1,0.3333,0,1,3,6.0,0.0,0.0,0.0,0.4166666666666665,0.0,0.0,0.3333333333333333,0.0,1,0
20.0,3.5,7.5,18,7.0,8,2.5,7.5,19.0,20.0,3,3,4,2,1,3.0,3,0.2105,1,1,18,50.5,0.2972972972972973,0.1621621621621621,0.0,0.1621621621621621,0.0,0.0,0.2972972972972973,0.081081081081081,1,0
9.0,2.0,3.0,8,5.0,3,1.0,4.0,10.0,11.0,3,2,3,2,2,2.0,2,0.3,1,1,8,20.0,0.35,0.0,0.0,0.2,0.0,0.0,0.4,0.05,1,0
2.0,3.0,2.0,2,0.0,0,0.0,1.0,1.0,0.0,1,0,0,0,0,1.0,0,0.0,0,0,1,2.0,0.0,0.0,0.0,0.0,0.0,0.0,0.9375,0.0,1,0
2.0,3.0,1.0,2,0.0,0,0.0,1.0,1.0,0.0,1,0,1,1,1,1.0,0,0.6189,1,1,1,3.0,0.0,0.0,0.0,0.0,0.0,0.0,0.9375,0.0,1,0
21.5,3.5,7.5,18,7.5,10,2.5,7.5,25.5,29.5,6,5,6,5,5,3.5,5,0.2667,1,1,18,50.5,0.3013698630136986,0.1095890410958904,0.0,0.2648401826484018,0.0,0.0,0.2465753424657534,0.0776255707762557,1,0
3.0,3.0,2.0,2,0.0,1,0.0,1.0,2.0,1.0,1,0,0,0,0,1.0,0,0.0,0,0,2,4.0,0.25,0.0,0.0,0.0,0.0,0.0,0.75,0.0,1,0
4.0,3.0,2.0,3,0.0,1,0.0,0.0,3.0,2.0,1,1,1,0,0,2.0,1,0.3333,0,1,3,1.0,1.0,0.0,0.0,0.0,0.0,0.0,0.0,0.0,1,0
21.0,3.0,7.5,18,2.0,4,1.0,2.0,21.0,24.0,5,5,6,3,2,3.0,4,0.2857,1,1,18,26.0,0.3846153846153846,0.0,0.0,0.2307692307692307,0.0,0.0,0.2307692307692307,0.1538461538461538,1,0
21.5,3.5,5.0,17,4.0,7,0.0,6.0,18.0,23.0,6,5,6,5,0,2.0,5,0.3889,0,1,18,50.5,0.3269230769230769,0.3076923076923077,0.0,0.0,0.0,0.0,0.2307692307692307,0.1346153846153846,1,0
16.0,1.0,3.0,14,6.0,6,1.0,5.0,15.0,17.0,4,5,6,1,0,3.5,4,0.4,0,1,15,43.0,0.4186046511627907,0.1860465116279069,0.0,0.1162790697674418,0.0,0.0,0.2325581395348837,0.0465116279069767,1,0
6.0,2.0,1.0,8,1.0,1,1.0,1.0,5.0,4.0,1,2,2,0,0,3.0,2,0.4,0,1,5,13.0,0.0769230769230769,0.3076923076923077,0.0,0.4166666666666665,0.0,0.0,0.1538461538461538,0.0,1,0
13.0,1.0,4.0,10,3.0,4,0.0,6.0,12.0,12.0,2,4,4,1,0,3.5,4,0.3333,0,1,12,34.0,0.2941176470588235,0.3529411764705882,0.0,0.0,0.0,0.0,0.3529411764705882,0.0,1,0
21.5,2.0,7.5,18,7.5,9,2.0,7.5,25.5,29.5,4,4,6,3,5,3.5,4,0.2424,1,1,18,50.5,0.2873563218390804,0.2298850574712643,0.0,0.0919540229885057,0.0,0.0,0.3448275862068966,0.0459770114942528,1,0
7.0,2.0,2.0,5,3.0,2,0.0,3.0,10.0,11.0,3,1,2,2,2,1.0,1,0.2,1,1,6,10.0,0.5,0.0,0.0,0.0,0.0,0.0,0.4,0.1,1,0
6.0,3.0,3.0,5,1.0,2,1.0,0.0,4.0,3.0,1,1,3,2,2,2.0,1,0.6189,1,1,4,6.0,0.3333333333333333,0.0,0.0,0.4166666666666665,0.0,0.0,0.0,0.0,1,0
9.0,3.0,3.0,9,1.0,3,0.0,1.0,8.0,7.0,1,3,4,1,1,3.5,3,0.5,1,1,8,13.0,0.5384615384615384,0.3076923076923077,0.0,0.0,0.0,0.0,0.1538461538461538,0.0,1,0
21.5,3.0,6.0,18,4.0,7,1.0,6.0,22.0,23.0,3,5,6,3,3,3.5,5,0.3636,1,1,18,45.0,0.4222222222222222,0.1777777777777777,0.0,0.1333333333333333,0.0,0.0,0.2222222222222222,0.0444444444444444,1,0
9.0,3.0,3.0,9,1.0,3,0.0,1.0,8.0,7.0,1,3,4,1,1,3.5,3,0.5,1,1,8,13.0,0.5384615384615384,0.3076923076923077,0.0,0.0,0.0,0.0,0.1538461538461538,0.0,1,0
21.5,3.0,6.0,18,4.0,7,1.0,6.0,22.0,23.0,3,5,6,3,3,3.5,5,0.3636,1,1,18,45.0,0.4222222222222222,0.1777777777777777,0.0,0.1333333333333333,0.0,0.0,0.2222222222222222,0.0444444444444444,1,0
2.0,1.0,0.0,2,0.0,1,0.0,1.0,1.0,0.0,1,0,1,1,1,1.0,0,0.6189,1,1,1,3.0,0.3333333333333333,0.0,0.0,0.0,0.0,0.0,0.6666666666666666,0.0,1,0
10.0,3.0,4.0,6,3.0,3,1.0,3.0,9.0,8.0,1,2,2,0,0,3.0,2,0.2222,0,1,9,31.0,0.2258064516129032,0.3870967741935484,0.0,0.1290322580645161,0.0,0.0,0.1935483870967742,0.064516129032258,1,0
12.0,3.0,4.0,8,3.0,3,1.0,4.0,11.0,11.0,2,3,3,1,0,3.0,3,0.2727,0,1,11,34.0,0.2058823529411764,0.3529411764705882,0.0,0.1764705882352941,0.0,0.0,0.1764705882352941,0.088235294117647,1,0
4.0,1.0,0.0,3,0.0,1,0.0,0.0,3.0,2.0,1,1,1,0,0,2.0,1,0.3333,0,1,3,1.0,1.0,0.0,0.0,0.0,0.0,0.0,0.0,0.0,1,0
4.0,2.0,1.0,3,0.0,1,0.0,0.0,3.0,2.0,1,1,1,0,0,2.0,1,0.3333,0,1,3,1.0,1.0,0.0,0.0,0.0,0.0,0.0,0.0,0.0,1,0
4.0,1.0,0.0,3,0.0,1,0.0,0.0,3.0,2.0,1,1,1,0,0,2.0,1,0.3333,0,1,3,1.0,1.0,0.0,0.0,0.0,0.0,0.0,0.0,0.0,1,0
4.0,2.0,1.0,3,0.0,1,0.0,0.0,3.0,2.0,1,1,1,0,0,2.0,1,0.3333,0,1,3,1.0,1.0,0.0,0.0,0.0,0.0,0.0,0.0,0.0,1,0
8.0,1.0,1.0,10,0.0,2,1.0,3.0,4.0,3.0,1,1,1,0,0,2.0,1,0.25,0,1,4,12.0,0.25,0.0,0.0,0.25,0.0,0.0,0.5,0.0,1,0
8.0,1.0,1.0,10,0.0,2,1.0,3.0,4.0,3.0,1,1,1,0,0,2.0,1,0.25,0,1,4,12.0,0.25,0.0,0.0,0.25,0.0,0.0,0.5,0.0,1,0
16.0,1.0,4.0,17,2.0,3,1.0,3.0,17.0,20.0,5,4,5,2,2,2.0,4,0.2941,1,1,15,24.0,0.25,0.0,0.0,0.375,0.0,0.0,0.1666666666666666,0.2083333333333333,1,0
9.0,2.0,3.0,7,3.0,1,1.0,4.0,8.0,8.0,2,1,2,1,1,2.0,1,0.25,1,1,8,17.0,0.1764705882352941,0.0,0.0,0.2352941176470588,0.0,0.0,0.4705882352941176,0.1176470588235294,1,0
8.0,1.0,2.0,7,2.0,3,0.0,1.0,9.0,9.0,2,2,3,1,2,3.0,2,0.3333,1,1,7,13.0,0.5384615384615384,0.0,0.0,0.0,0.0,0.0,0.4615384615384615,0.0,1,0
8.0,1.0,2.0,8,2.0,4,1.0,1.0,9.0,9.0,2,2,3,1,2,3.0,2,0.3333,1,1,7,20.0,0.5,0.0,0.0,0.2,0.0,0.0,0.3,0.0,1,0
8.0,1.0,2.0,7,2.0,3,0.0,1.0,9.0,9.0,2,2,3,1,2,3.0,2,0.3333,1,1,7,13.0,0.5384615384615384,0.0,0.0,0.0,0.0,0.0,0.4615384615384615,0.0,1,0
8.0,1.0,2.0,8,2.0,4,1.0,1.0,9.0,9.0,2,2,3,1,2,3.0,2,0.3333,1,1,7,20.0,0.5,0.0,0.0,0.2,0.0,0.0,0.3,0.0,1,0
8.0,1.0,2.0,7,2.0,3,0.0,1.0,9.0,9.0,2,2,3,2,3,3.0,2,0.3333,1,1,7,13.0,0.5384615384615384,0.0,0.0,0.0,0.0,0.0,0.4615384615384615,0.0,1,0
8.0,1.0,2.0,7,2.0,3,0.0,1.0,9.0,9.0,2,2,3,1,2,3.0,2,0.3333,1,1,7,13.0,0.5384615384615384,0.0,0.0,0.0,0.0,0.0,0.4615384615384615,0.0,1,0
8.0,1.0,2.0,8,2.0,4,1.0,1.0,9.0,9.0,2,2,3,1,2,3.0,2,0.3333,1,1,7,20.0,0.5,0.0,0.0,0.2,0.0,0.0,0.3,0.0,1,0
8.0,1.0,2.0,7,2.0,3,0.0,1.0,9.0,9.0,2,2,3,2,3,3.0,2,0.3333,1,1,7,13.0,0.5384615384615384,0.0,0.0,0.0,0.0,0.0,0.4615384615384615,0.0,1,0
8.0,1.0,2.0,8,2.0,3,1.0,1.0,9.0,9.0,2,2,3,1,2,3.0,2,0.3333,1,1,7,17.0,0.4117647058823529,0.0,0.0,0.2352941176470588,0.0,0.0,0.3529411764705882,0.0,1,0
8.0,1.0,2.0,8,2.0,3,1.0,1.0,9.0,9.0,2,2,3,1,2,3.0,2,0.3333,1,1,7,17.0,0.4117647058823529,0.0,0.0,0.2352941176470588,0.0,0.0,0.3529411764705882,0.0,1,0
2.0,2.0,1.0,2,0.0,0,0.0,0.0,1.0,0.0,1,0,0,0,0,1.0,0,0.0,0,0,1,2.0,0.0,0.0,0.0,0.4166666666666665,0.0,0.0,0.0,0.0,1,0
4.0,1.0,0.0,5,0.0,1,0.0,0.0,3.0,2.0,1,1,2,1,1,2.0,1,0.6189,1,1,3,1.0,1.0,0.0,0.0,0.0,0.0,0.0,0.0,0.0,1,0
6.0,2.0,1.0,5,0.0,1,0.0,0.0,5.0,4.0,1,1,1,0,0,2.0,1,0.2,0,1,5,2.0,0.5,0.0,0.0,0.0,0.0,0.0,0.0,0.357142857142857,1,0
2.0,2.0,1.0,2,0.0,0,0.0,1.0,1.0,0.0,1,0,1,1,1,1.0,0,0.6189,1,1,1,2.0,0.0,0.0,0.0,0.0,0.0,0.0,0.9375,0.0,1,0
18.0,3.0,2.0,18,7.5,8,0.0,7.5,19.0,22.0,5,5,6,5,1,3.5,5,0.4737,1,1,17,50.5,0.2619047619047619,0.4761904761904761,0.0,0.0,0.0,0.0,0.238095238095238,0.0238095238095238,1,0
9.0,2.0,2.0,6,1.0,3,0.0,1.0,8.0,7.0,1,3,3,0,0,3.5,3,0.375,0,1,8,7.0,0.7142857142857143,0.0,0.0,0.0,0.0,0.0,0.2857142857142857,0.0,1,0
12.0,2.0,2.0,12,4.0,8,2.5,4.0,13.0,14.0,3,4,5,2,2,3.5,4,0.3846,1,1,11,38.0,0.4736842105263157,0.0,0.0,0.3157894736842105,0.0,0.0,0.2105263157894736,0.0,1,0
21.5,1.0,7.5,17,7.5,10,2.5,7.5,25.5,29.5,6,5,6,5,5,3.5,5,0.2778,1,1,18,50.5,0.3636363636363636,0.0,0.0,0.1818181818181818,0.0,0.0,0.3863636363636363,0.0681818181818181,1,0
12.0,1.0,1.0,7,1.0,5,1.0,7.0,10.0,9.0,1,4,4,0,0,3.5,3,0.4,0,1,10,28.0,0.3571428571428571,0.0,0.0,0.1428571428571428,0.0,0.0,0.5,0.0,1,0
21.5,2.0,7.5,16,7.5,9,1.0,7.5,25.5,29.5,6,4,6,5,5,3.0,4,0.175,1,1,18,50.5,0.219047619047619,0.3428571428571428,0.0,0.0380952380952381,0.0,0.0,0.3047619047619048,0.0952380952380952,1,0
2.0,2.0,1.0,2,0.0,0,0.0,0.0,1.0,0.0,1,0,1,1,1,1.0,0,0.6189,1,1,1,1.0,0.0,0.0,0.0,0.0,0.0,0.0,0.9375,0.0,1,0
6.0,3.0,2.0,8,0.0,5,2.0,2.0,5.0,4.0,1,2,2,0,0,3.0,2,0.4,0,1,5,20.0,0.35,0.0,0.0,0.4,0.0,0.0,0.25,0.0,1,0
8.0,2.0,3.0,7,2.0,1,1.0,1.0,9.0,9.0,2,2,3,1,2,3.0,2,0.3333,1,1,7,13.0,0.1538461538461538,0.0,0.0,0.4166666666666665,0.0,0.0,0.3846153846153846,0.0,1,0
2.0,2.0,1.0,2,0.0,0,0.0,0.0,1.0,0.0,1,0,1,1,1,1.0,0,0.6189,1,1,1,1.0,0.0,0.0,0.0,0.0,0.0,0.0,0.9375,0.0,1,0
7.0,3.0,3.0,10,1.0,5,2.0,1.0,6.0,5.0,1,2,2,0,0,3.0,2,0.3333,0,1,6,22.0,0.3181818181818182,0.1818181818181818,0.0,0.3636363636363636,0.0,0.0,0.1363636363636363,0.0,1,0
2.0,1.0,0.0,1,0.0,1,0.0,0.0,1.0,0.0,1,0,0,0,0,1.0,0,0.0,0,0,1,1.0,1.0,0.0,0.0,0.0,0.0,0.0,0.0,0.0,1,0
13.0,2.0,3.0,7,4.0,4,0.0,5.0,11.0,10.0,1,4,4,0,0,3.5,4,0.3636,0,1,11,26.0,0.4615384615384615,0.0,0.0,0.0,0.0,0.0,0.3846153846153846,0.0,1,0
13.0,2.0,3.0,7,4.0,4,0.0,5.0,11.0,10.0,1,4,4,0,0,3.5,4,0.3636,0,1,11,26.0,0.4615384615384615,0.0,0.0,0.0,0.0,0.0,0.3846153846153846,0.0,1,0
2.0,1.0,0.0,2,0.0,0,0.0,1.0,1.0,0.0,1,0,1,1,1,1.0,0,0.6189,1,1,1,2.0,0.0,0.0,0.0,0.0,0.0,0.0,0.9375,0.0,1,0
7.0,2.0,1.0,4,0.0,1,0.0,0.0,6.0,4.0,1,1,1,0,0,3.0,1,0.1667,0,1,5,1.0,1.0,0.0,0.0,0.0,0.0,0.0,0.0,0.0,1,0
2.0,1.0,0.0,2,0.0,0,0.0,0.0,1.0,0.0,1,0,1,1,1,1.0,0,0.6189,1,1,1,2.0,0.0,0.0,0.0,0.0,0.0,0.0,0.9375,0.0,1,0
7.0,2.0,1.0,4,0.0,1,0.0,0.0,6.0,4.0,1,1,1,0,0,3.0,1,0.1667,0,1,5,1.0,1.0,0.0,0.0,0.0,0.0,0.0,0.0,0.0,1,0
2.0,1.0,0.0,2,0.0,0,0.0,1.0,1.0,0.0,1,0,1,1,1,1.0,0,0.6189,1,1,1,2.0,0.0,0.0,0.0,0.0,0.0,0.0,0.9375,0.0,1,0
7.0,2.0,1.0,4,0.0,1,0.0,0.0,6.0,4.0,1,1,1,0,0,3.0,1,0.1667,0,1,5,1.0,1.0,0.0,0.0,0.0,0.0,0.0,0.0,0.0,1,0
2.0,1.0,0.0,2,0.0,0,0.0,1.0,1.0,0.0,1,0,1,1,1,1.0,0,0.6189,1,1,1,2.0,0.0,0.0,0.0,0.0,0.0,0.0,0.9375,0.0,1,0
7.0,2.0,1.0,4,0.0,1,0.0,0.0,6.0,4.0,1,1,1,0,0,3.0,1,0.1667,0,1,5,1.0,1.0,0.0,0.0,0.0,0.0,0.0,0.0,0.0,1,0
21.5,1.0,7.5,18,7.5,10,2.5,7.5,25.5,29.5,6,5,6,5,0,3.5,5,0.2,0,1,18,50.5,0.205607476635514,0.205607476635514,0.0,0.3644859813084112,0.0,0.0,0.2242990654205607,0.0,1,0
4.0,1.0,0.0,3,0.0,1,0.0,0.0,3.0,2.0,1,1,1,0,0,2.0,1,0.3333,0,1,3,1.0,1.0,0.0,0.0,0.0,0.0,0.0,0.0,0.0,1,0
7.0,1.0,1.0,7,3.0,4,0.0,4.0,8.0,8.0,2,2,3,1,2,3.0,2,0.375,1,1,6,21.0,0.4285714285714285,0.1904761904761904,0.0,0.0,0.0,0.0,0.3809523809523809,0.0,1,0
7.0,1.0,1.0,8,2.0,1,0.0,1.0,8.0,8.0,2,2,3,1,2,3.0,2,0.375,1,1,6,12.0,0.25,0.0,0.0,0.3333333333333333,0.0,0.0,0.4166666666666667,0.0,1,0
4.0,1.0,0.0,3,0.0,1,0.0,0.0,3.0,2.0,1,1,1,0,0,2.0,1,0.3333,0,1,3,1.0,1.0,0.0,0.0,0.0,0.0,0.0,0.0,0.0,1,0
4.0,1.0,0.0,3,0.0,1,0.0,0.0,3.0,2.0,1,1,1,0,0,2.0,1,0.3333,0,1,3,1.0,1.0,0.0,0.0,0.0,0.0,0.0,0.0,0.0,1,0
4.0,1.0,0.0,3,0.0,1,0.0,0.0,3.0,2.0,1,1,1,0,0,2.0,1,0.3333,0,1,3,1.0,1.0,0.0,0.0,0.0,0.0,0.0,0.0,0.0,1,0
4.0,1.0,0.0,3,0.0,1,0.0,0.0,3.0,2.0,1,1,1,0,0,2.0,1,0.3333,0,1,3,1.0,1.0,0.0,0.0,0.0,0.0,0.0,0.0,0.0,1,0
6.0,1.0,0.0,6,0.0,1,0.0,1.0,6.0,6.0,2,2,2,1,0,2.0,2,0.3333,0,1,5,3.0,0.3333333333333333,0.0,0.0,0.4166666666666665,0.0,0.0,0.0,0.0,1,0
11.0,2.0,1.0,7,2.0,6,1.0,2.0,12.0,12.0,2,4,5,1,2,3.5,4,0.4167,1,1,10,24.0,0.4583333333333333,0.0,0.0,0.1666666666666666,0.0,0.0,0.375,0.0,1,0
11.0,2.0,1.0,7,2.0,6,1.0,2.0,12.0,12.0,2,4,5,1,2,3.5,4,0.4167,1,1,10,24.0,0.4583333333333333,0.0,0.0,0.1666666666666666,0.0,0.0,0.375,0.0,1,0
10.0,1.0,2.0,7,2.0,4,0.0,5.0,13.0,16.0,5,3,4,3,2,1.0,3,0.3077,1,1,9,16.0,0.5625,0.0,0.0,0.0,0.0,0.0,0.375,0.0625,1,0
10.0,1.0,2.0,7,2.0,4,0.0,5.0,13.0,16.0,5,3,4,3,2,1.0,3,0.3077,1,1,9,16.0,0.5625,0.0,0.0,0.0,0.0,0.0,0.375,0.0625,1,0
10.0,1.0,2.0,7,2.0,4,0.0,5.0,13.0,16.0,5,3,4,3,2,1.0,3,0.3077,1,1,9,16.0,0.5625,0.0,0.0,0.0,0.0,0.0,0.375,0.0625,1,0
10.0,1.0,2.0,7,2.0,4,0.0,5.0,13.0,16.0,5,3,4,3,2,1.0,3,0.3077,1,1,9,16.0,0.5625,0.0,0.0,0.0,0.0,0.0,0.375,0.0625,1,0
10.0,1.0,2.0,7,2.0,4,0.0,5.0,13.0,16.0,5,3,4,3,2,1.0,3,0.3077,1,1,9,16.0,0.5625,0.0,0.0,0.0,0.0,0.0,0.375,0.0625,1,0
10.0,1.0,2.0,7,2.0,4,0.0,5.0,13.0,16.0,5,3,4,3,2,1.0,3,0.3077,1,1,9,16.0,0.5625,0.0,0.0,0.0,0.0,0.0,0.375,0.0625,1,0
10.0,1.0,2.0,7,2.0,4,0.0,5.0,13.0,16.0,5,3,4,3,2,1.0,3,0.3077,1,1,9,16.0,0.5625,0.0,0.0,0.0,0.0,0.0,0.375,0.0625,1,0
10.0,1.0,2.0,7,2.0,4,0.0,5.0,13.0,16.0,5,3,4,3,2,1.0,3,0.3077,1,1,9,16.0,0.5625,0.0,0.0,0.0,0.0,0.0,0.375,0.0625,1,0
10.0,1.0,2.0,7,2.0,4,0.0,5.0,13.0,16.0,5,3,4,3,2,1.0,3,0.3077,1,1,9,16.0,0.5625,0.0,0.0,0.0,0.0,0.0,0.375,0.0625,1,0
10.0,1.0,2.0,7,2.0,4,0.0,5.0,13.0,16.0,5,3,4,3,2,1.0,3,0.3077,1,1,9,16.0,0.5625,0.0,0.0,0.0,0.0,0.0,0.375,0.0625,1,0
10.0,1.0,2.0,7,2.0,4,0.0,5.0,13.0,16.0,5,3,4,3,2,1.0,3,0.3077,1,1,9,16.0,0.5625,0.0,0.0,0.0,0.0,0.0,0.375,0.0625,1,0
10.0,1.0,2.0,7,2.0,4,0.0,5.0,13.0,16.0,5,3,4,3,2,1.0,3,0.3077,1,1,9,16.0,0.5625,0.0,0.0,0.0,0.0,0.0,0.375,0.0625,1,0
21.5,1.0,7.5,18,7.5,10,2.5,7.5,25.5,29.5,6,5,6,4,3,3.5,5,0.3704,1,1,18,50.5,0.3779527559055118,0.0629921259842519,0.0,0.3779527559055118,0.0,0.0,0.1456692913385826,0.0354330708661417,1,0
5.0,1.0,0.0,3,0.0,1,0.0,1.0,9.0,9.0,2,1,1,1,0,0.0,1,0.1111,0,1,5,7.0,0.4285714285714285,0.0,0.0,0.0,0.0,0.0,0.2857142857142857,0.2857142857142857,1,0
7.0,1.0,0.0,5,1.0,1,0.0,0.0,10.0,9.0,1,1,1,0,0,0.0,1,0.1,0,1,6,8.0,0.125,0.5,0.0,0.0,0.0,0.0,0.0,0.357142857142857,1,0
10.0,1.0,2.0,8,1.0,2,0.0,2.0,9.0,9.0,2,2,2,1,0,2.0,2,0.2222,0,1,9,15.0,0.2666666666666666,0.2666666666666666,0.0,0.0,0.0,0.0,0.2666666666666666,0.2,1,0
5.0,1.0,0.0,3,0.0,2,1.0,1.0,4.0,4.0,2,1,1,1,0,1.0,1,0.25,0,1,4,11.0,0.2727272727272727,0.0,0.0,0.3636363636363636,0.0,0.0,0.1818181818181818,0.1818181818181818,1,0
13.0,1.0,3.0,7,2.0,4,0.0,2.0,15.0,18.0,5,3,4,3,2,1.0,3,0.2667,1,1,12,18.0,0.6666666666666666,0.0,0.0,0.0,0.0,0.0,0.1111111111111111,0.2222222222222222,1,0
6.0,1.0,0.0,3,0.0,1,0.0,2.0,5.0,5.0,2,1,1,1,0,1.0,1,0.2,0,1,5,9.0,0.3333333333333333,0.0,0.0,0.0,0.0,0.0,0.4444444444444444,0.2222222222222222,1,0
6.0,0.0,0.0,5,0.0,1,0.0,2.0,5.0,5.0,2,1,1,1,0,1.0,1,0.2,0,1,5,9.0,0.3333333333333333,0.0,0.0,0.0,0.0,0.0,0.4444444444444444,0.2222222222222222,1,0
4.0,1.0,0.0,4,0.0,2,1.0,1.0,4.0,4.0,2,1,1,1,0,1.0,1,0.25,0,1,3,12.0,0.5,0.0,0.0,0.3333333333333333,0.0,0.0,0.1666666666666666,0.0,1,0
5.0,2.0,1.0,4,0.0,2,1.0,1.0,5.0,5.0,2,1,1,1,0,1.0,1,0.2,0,1,4,13.0,0.4615384615384615,0.0,0.0,0.3076923076923077,0.0,0.0,0.1538461538461538,0.0769230769230769,1,0
5.0,1.0,0.0,4,1.0,2,1.0,3.0,5.0,5.0,2,1,1,1,0,1.0,1,0.2,0,1,4,21.0,0.2857142857142857,0.1904761904761904,0.0,0.1904761904761904,0.0,0.0,0.2857142857142857,0.0476190476190476,1,0
3.0,3.0,2.0,2,1.0,0,0.0,0.0,2.0,1.0,1,0,0,0,0,0.0,0,0.0,0,0,2,6.0,0.0,0.6666666666666666,0.0,0.0,0.0,0.0,0.0,0.3333333333333333,1,0
6.0,0.0,0.0,3,0.0,1,0.0,3.0,5.0,4.0,1,1,1,0,0,2.0,1,0.2,0,1,5,10.0,0.3,0.0,0.0,0.0,0.0,0.0,0.6,0.1,1,0
8.0,2.0,2.0,4,1.0,1,0.0,2.0,7.0,6.0,1,1,1,0,0,2.0,1,0.1429,0,1,7,13.0,0.2307692307692307,0.3076923076923077,0.0,0.0,0.0,0.0,0.3076923076923077,0.1538461538461538,1,0
8.0,2.0,1.0,6,0.0,3,0.0,2.0,9.0,11.0,4,3,3,3,0,1.0,3,0.3333,0,1,7,12.0,0.75,0.0,0.0,0.0,0.0,0.0,0.1666666666666666,0.0833333333333333,1,0
6.0,1.0,1.0,4,0.0,2,1.0,2.0,5.0,5.0,2,1,1,1,0,1.0,1,0.2,0,1,5,14.0,0.2857142857142857,0.0,0.0,0.2857142857142857,0.0,0.0,0.2857142857142857,0.1428571428571428,1,0
8.0,3.5,2.0,9,1.0,4,1.0,3.0,10.0,12.0,4,3,3,3,0,0.0,3,0.3,0,1,7,25.0,0.48,0.16,0.0,0.16,0.0,0.0,0.16,0.04,1,0
5.0,0.0,0.0,4,0.0,1,0.0,0.0,4.0,3.0,1,1,1,0,0,2.0,1,0.25,0,1,4,2.0,0.5,0.0,0.0,0.0,0.0,0.0,0.0,0.357142857142857,1,0
4.0,0.0,0.0,3,0.0,1,0.0,0.0,3.0,2.0,1,1,1,0,0,2.0,1,0.3333,0,1,3,1.0,1.0,0.0,0.0,0.0,0.0,0.0,0.0,0.0,1,0
4.0,1.0,0.0,5,0.0,1,0.0,0.0,3.0,2.0,1,1,2,1,1,2.0,1,0.6189,1,1,3,1.0,1.0,0.0,0.0,0.0,0.0,0.0,0.0,0.0,1,0
13.0,3.0,3.0,13,3.0,6,2.0,5.0,14.0,16.0,4,4,4,3,0,2.0,4,0.2857,0,1,12,45.0,0.3555555555555555,0.2666666666666666,0.0,0.1777777777777777,0.0,0.0,0.1333333333333333,0.0666666666666666,1,0
10.0,1.0,2.0,8,1.0,2,0.0,2.0,9.0,9.0,2,2,2,1,0,2.0,2,0.2222,0,1,9,15.0,0.2666666666666666,0.2666666666666666,0.0,0.0,0.0,0.0,0.2666666666666666,0.2,1,0
13.0,3.0,3.0,13,3.0,6,2.0,5.0,14.0,16.0,4,4,4,3,0,2.0,4,0.2857,0,1,12,45.0,0.3555555555555555,0.2666666666666666,0.0,0.1777777777777777,0.0,0.0,0.1333333333333333,0.0666666666666666,1,0
10.0,1.0,2.0,8,1.0,2,0.0,2.0,9.0,9.0,2,2,2,1,0,2.0,2,0.2222,0,1,9,15.0,0.2666666666666666,0.2666666666666666,0.0,0.0,0.0,0.0,0.2666666666666666,0.2,1,0
13.0,3.0,3.0,13,3.0,6,2.0,5.0,14.0,16.0,4,4,4,3,0,2.0,4,0.2857,0,1,12,45.0,0.3555555555555555,0.2666666666666666,0.0,0.1777777777777777,0.0,0.0,0.1333333333333333,0.0666666666666666,1,0
10.0,1.0,2.0,7,1.0,2,0.0,2.0,9.0,9.0,2,2,2,1,0,2.0,2,0.2222,0,1,9,15.0,0.2666666666666666,0.2666666666666666,0.0,0.0,0.0,0.0,0.2666666666666666,0.2,1,0
13.0,3.0,2.0,11,4.0,6,2.0,5.0,16.0,18.0,4,4,4,3,0,2.0,4,0.25,0,1,12,41.0,0.3902439024390244,0.1951219512195122,0.0,0.1951219512195122,0.0,0.0,0.1463414634146341,0.073170731707317,1,0
15.0,1.0,0.0,4,7.5,0,0.0,2.0,13.0,13.0,2,1,1,1,0,1.0,1,0.0769,0,1,13,25.0,0.0,0.32,0.0,0.08,0.0,0.0,0.16,0.357142857142857,1,0
5.0,1.0,1.0,3,3.0,0,0.0,1.0,4.0,3.0,1,0,0,0,0,1.0,0,0.0,0,0,4,8.0,0.0,0.5,0.0,0.0,0.0,0.0,0.25,0.25,1,0
8.0,2.0,1.0,6,2.0,4,1.0,4.0,9.0,10.0,3,1,2,2,2,1.0,1,0.2222,1,1,7,21.0,0.3333333333333333,0.0,0.0,0.1904761904761904,0.0,0.0,0.2857142857142857,0.1904761904761904,1,0
9.0,2.0,2.0,11,0.0,3,1.0,2.0,8.0,10.0,4,2,3,2,1,1.0,2,0.375,1,1,8,15.0,0.2666666666666666,0.0,0.0,0.4,0.0,0.0,0.1333333333333333,0.2,1,0
8.0,2.0,1.0,9,0.0,2,0.0,1.0,7.0,9.0,4,2,3,2,1,1.0,2,0.4286,1,1,7,7.0,0.2857142857142857,0.0,0.0,0.2857142857142857,0.0,0.0,0.0,0.357142857142857,1,0
6.0,2.0,2.0,4,5.0,2,0.0,2.0,7.0,8.0,3,1,2,2,2,1.0,1,0.2857,1,1,5,16.0,0.375,0.25,0.0,0.0,0.0,0.0,0.25,0.125,1,0
14.0,3.0,6.0,10,7.0,4,0.0,3.0,14.0,16.0,4,2,3,3,2,1.0,2,0.2143,1,1,12,41.0,0.2439024390243902,0.4878048780487805,0.0,0.0,0.0,0.0,0.1463414634146341,0.1219512195121951,1,0
14.0,3.0,6.0,10,6.0,4,0.0,4.0,14.0,16.0,4,2,3,3,2,1.0,2,0.2143,1,1,12,39.0,0.2564102564102564,0.4102564102564102,0.0,0.0,0.0,0.0,0.2051282051282051,0.1282051282051282,1,0
4.0,2.0,1.0,5,0.0,1,0.0,0.0,3.0,2.0,1,1,3,2,2,2.0,1,0.6189,1,1,3,1.0,1.0,0.0,0.0,0.0,0.0,0.0,0.0,0.0,1,0
12.0,2.0,3.0,8,3.0,3,0.0,3.0,11.0,12.0,3,2,2,2,0,1.0,2,0.1818,0,1,11,29.0,0.1724137931034483,0.4137931034482758,0.0,0.0,0.0,0.0,0.2068965517241379,0.2068965517241379,1,0
3.0,1.0,0.0,3,0.0,2,1.0,1.0,3.0,2.0,1,1,1,0,0,0.0,1,0.3333,0,1,2,12.0,0.5,0.0,0.0,0.3333333333333333,0.0,0.0,0.1666666666666666,0.0,1,0
14.0,3.5,2.0,12,6.0,6,2.0,5.0,17.0,19.0,4,4,5,4,1,2.0,4,0.2941,1,1,13,50.5,0.3137254901960784,0.3137254901960784,0.0,0.1568627450980392,0.0,0.0,0.1176470588235294,0.0980392156862745,1,0
20.0,2.0,1.0,7,7.5,0,0.0,6.0,18.0,18.0,2,1,1,1,0,1.0,1,0.0556,0,1,18,50.5,0.0,0.4444444444444444,0.0,0.037037037037037,0.0,0.0,0.2222222222222222,0.2962962962962963,1,0
11.0,2.0,2.0,8,3.0,2,0.0,2.0,10.0,10.0,2,2,3,2,1,2.0,2,0.3,1,1,10,25.0,0.16,0.48,0.0,0.0,0.0,0.0,0.16,0.2,1,0
6.0,2.0,2.0,4,1.0,1,0.0,1.0,5.0,5.0,2,1,1,1,0,1.0,1,0.2,0,1,5,11.0,0.2727272727272727,0.3636363636363636,0.0,0.0,0.0,0.0,0.1818181818181818,0.1818181818181818,1,0
11.0,1.0,3.0,6,5.0,4,0.0,1.0,12.0,15.0,5,2,4,4,3,1.0,2,0.3333,1,1,10,20.0,0.6,0.2,0.0,0.0,0.0,0.0,0.1,0.1,1,0
6.0,1.0,1.0,4,3.0,2,0.0,3.0,7.0,8.0,3,1,2,2,2,1.0,1,0.2857,1,1,5,17.0,0.3529411764705882,0.2352941176470588,0.0,0.0,0.0,0.0,0.3529411764705882,0.0588235294117647,1,0
8.0,1.0,2.0,7,1.0,3,0.0,4.0,7.0,8.0,3,1,2,2,1,1.0,1,0.2857,1,1,7,21.0,0.3333333333333333,0.1904761904761904,0.0,0.0,0.0,0.0,0.3809523809523809,0.0952380952380952,1,0
20.0,2.0,5.0,12,7.5,9,1.0,7.5,23.0,24.0,3,5,6,4,4,3.5,5,0.3478,1,1,18,50.5,0.4032258064516129,0.1935483870967742,0.0,0.064516129032258,0.0,0.0,0.3225806451612903,0.0161290322580645,1,0
7.0,1.0,2.0,6,1.0,3,0.0,4.0,6.0,7.0,3,2,2,1,0,1.0,2,0.3333,0,1,6,20.0,0.35,0.2,0.0,0.0,0.0,0.0,0.4,0.05,1,0
2.0,1.0,0.0,2,1.0,0,0.0,2.0,1.0,0.0,1,0,0,0,0,1.0,0,0.0,0,0,1,4.0,0.0,0.0,0.0,0.0,0.0,0.0,0.9375,0.0,1,0
5.0,3.5,4.0,3,0.0,0,0.0,0.0,2.0,1.0,1,0,0,0,0,1.0,0,0.0,0,0,2,1.0,0.0,0.0,0.0,0.0,0.0,0.0,0.0,0.357142857142857,1,0
2.0,1.0,0.0,2,0.0,0,0.0,2.0,1.0,0.0,1,0,0,0,0,1.0,0,0.0,0,0,1,4.0,0.0,0.0,0.0,0.0,0.0,0.0,0.9375,0.0,1,0
8.0,3.5,5.0,6,4.0,2,0.0,2.0,7.0,7.0,2,2,2,1,0,0.0,2,0.2857,0,1,7,30.0,0.2,0.5333333333333333,0.0,0.0,0.0,0.0,0.1333333333333333,0.1333333333333333,1,0
5.0,3.0,3.0,4,1.0,1,0.0,1.0,4.0,3.0,1,0,0,0,0,1.0,0,0.0,0,0,4,9.0,0.1111111111111111,0.4444444444444444,0.0,0.0,0.0,0.0,0.2222222222222222,0.2222222222222222,1,0
9.0,2.0,4.0,8,2.0,4,0.0,5.0,8.0,9.0,3,1,2,2,1,1.0,1,0.25,1,1,8,28.0,0.2857142857142857,0.2857142857142857,0.0,0.0,0.0,0.0,0.3571428571428571,0.0714285714285714,1,0
8.0,2.0,4.0,7,1.0,4,0.0,5.0,7.0,8.0,3,2,2,1,0,1.0,2,0.2857,0,1,7,23.0,0.3478260869565217,0.1739130434782608,0.0,0.0,0.0,0.0,0.4347826086956521,0.0434782608695652,1,0
2.0,2.0,1.0,2,1.0,0,0.0,2.0,1.0,0.0,1,0,0,0,0,1.0,0,0.0,0,0,1,4.0,0.0,0.0,0.0,0.0,0.0,0.0,0.9375,0.0,1,0
2.0,2.0,1.0,2,0.0,0,0.0,2.0,1.0,0.0,1,0,0,0,0,1.0,0,0.0,0,0,1,4.0,0.0,0.0,0.0,0.0,0.0,0.0,0.9375,0.0,1,0
16.0,3.5,7.0,8,7.5,7,2.0,6.0,15.0,17.0,4,3,5,3,3,2.0,3,0.3333,1,1,13,50.5,0.2786885245901639,0.3278688524590163,0.0,0.1311475409836065,0.0,0.0,0.1967213114754098,0.0655737704918032,1,0
15.0,0.0,2.0,8,5.0,7,2.0,5.0,14.0,17.0,5,3,5,4,2,2.0,3,0.3571,1,1,14,47.0,0.4468085106382978,0.0851063829787234,0.0,0.1702127659574468,0.0,0.0,0.2127659574468085,0.0851063829787234,1,0
12.0,1.0,2.0,8,2.0,5,0.0,2.0,13.0,13.0,2,4,5,1,2,3.5,4,0.3846,1,1,11,22.0,0.5909090909090909,0.0,0.0,0.0,0.0,0.0,0.4090909090909091,0.0,1,0
13.0,1.0,3.0,8,5.0,5,0.0,2.0,14.0,14.0,2,4,5,1,2,3.5,4,0.3571,1,1,12,26.0,0.5,0.1538461538461538,0.0,0.0,0.0,0.0,0.3461538461538461,0.0,1,0
3.0,2.0,1.0,3,1.0,0,0.0,0.0,2.0,1.0,1,0,0,0,0,1.0,0,0.0,0,0,2,5.0,0.0,0.7142857142857142,0.0,0.0,0.0,0.0,0.0,0.2,1,0
7.0,1.0,0.0,5,0.0,2,0.0,4.0,5.0,4.0,1,2,2,0,0,3.0,2,0.4,0,1,5,12.0,0.5,0.0,0.0,0.0,0.0,0.0,0.5,0.0,1,0
7.0,1.0,0.0,5,1.0,2,0.0,3.0,5.0,4.0,1,2,2,0,0,3.0,2,0.4,0,1,5,14.0,0.4285714285714285,0.2857142857142857,0.0,0.0,0.0,0.0,0.2857142857142857,0.0,1,0
9.0,2.0,1.0,6,2.0,4,1.0,4.0,7.0,7.0,2,3,3,1,0,3.0,3,0.4286,0,1,7,31.0,0.3870967741935484,0.2580645161290322,0.0,0.1290322580645161,0.0,0.0,0.1935483870967742,0.032258064516129,1,0
2.0,1.0,0.0,2,0.0,1,0.0,2.0,1.0,0.0,1,0,0,0,0,1.0,0,0.0,0,0,1,7.0,0.4285714285714285,0.0,0.0,0.0,0.0,0.0,0.5714285714285714,0.0,1,0
2.0,1.0,0.0,2,0.0,1,0.0,2.0,1.0,0.0,1,0,0,0,0,1.0,0,0.0,0,0,1,7.0,0.4285714285714285,0.0,0.0,0.0,0.0,0.0,0.5714285714285714,0.0,1,0
10.0,2.0,3.0,5,4.0,5,1.0,5.0,11.0,11.0,2,2,3,1,2,3.0,2,0.2727,1,1,9,28.0,0.4642857142857143,0.0,0.0,0.1428571428571428,0.0,0.0,0.3571428571428571,0.0357142857142857,1,0
2.0,1.0,0.0,2,0.0,0,0.0,1.0,1.0,0.0,1,0,1,1,1,1.0,0,0.6189,1,1,1,2.0,0.0,0.0,0.0,0.0,0.0,0.0,0.9375,0.0,1,0
9.0,2.0,2.0,4,4.0,4,0.0,4.0,10.0,10.0,2,2,3,1,2,3.0,2,0.3,1,1,8,21.0,0.5714285714285714,0.0,0.0,0.0,0.0,0.0,0.3809523809523809,0.0476190476190476,1,0
2.0,1.0,0.0,2,0.0,0,0.0,1.0,1.0,0.0,1,0,1,1,1,1.0,0,0.6189,1,1,1,2.0,0.0,0.0,0.0,0.0,0.0,0.0,0.9375,0.0,1,0
2.0,1.0,0.0,2,0.0,0,0.0,1.0,1.0,0.0,1,0,1,1,1,1.0,0,0.6189,1,1,1,2.0,0.0,0.0,0.0,0.0,0.0,0.0,0.9375,0.0,1,0
2.0,1.0,0.0,2,1.0,0,0.0,1.0,1.0,0.0,1,0,1,1,1,1.0,0,0.6189,1,1,1,6.0,0.0,0.6666666666666666,0.0,0.0,0.0,0.0,0.3333333333333333,0.0,1,0
8.0,2.0,2.0,4,5.0,4,0.0,5.0,9.0,9.0,2,2,3,1,2,3.0,2,0.3333,1,1,7,27.0,0.4444444444444444,0.1481481481481481,0.0,0.0,0.0,0.0,0.3703703703703703,0.037037037037037,1,0
2.0,1.0,0.0,2,1.0,0,0.0,1.0,1.0,0.0,1,0,1,1,1,1.0,0,0.6189,1,1,1,6.0,0.0,0.6666666666666666,0.0,0.0,0.0,0.0,0.3333333333333333,0.0,1,0
17.0,2.0,4.0,12,7.5,10,2.0,7.5,20.0,22.0,4,5,6,5,4,3.5,5,0.4,1,1,16,50.5,0.3733333333333333,0.2133333333333333,0.0,0.1066666666666666,0.0,0.0,0.2933333333333333,0.0133333333333333,1,0
10.0,2.0,3.0,5,6.0,5,1.0,7.5,11.0,11.0,2,2,3,1,2,3.0,2,0.2727,1,1,9,42.0,0.3095238095238095,0.1904761904761904,0.0,0.0952380952380952,0.0,0.0,0.3809523809523809,0.0238095238095238,1,0
13.0,1.0,3.0,7,3.0,5,1.0,2.0,14.0,14.0,2,3,4,1,2,3.5,3,0.2857,1,1,12,29.0,0.4482758620689655,0.1379310344827586,0.0,0.1379310344827586,0.0,0.0,0.2758620689655172,0.0,1,0
4.0,1.0,0.0,3,0.0,0,0.0,0.0,3.0,2.0,1,1,2,1,1,2.0,1,0.6189,1,1,3,1.0,0.0,0.0,0.0,0.0,0.0,0.0,0.9375,0.0,1,0
11.0,1.0,1.0,5,3.0,4,0.0,2.0,12.0,12.0,2,3,4,1,2,3.5,3,0.3333,1,1,10,22.0,0.4545454545454545,0.1818181818181818,0.0,0.0,0.0,0.0,0.3636363636363636,0.0,1,0
2.0,0.0,0.0,2,0.0,0,0.0,1.0,1.0,0.0,1,0,0,0,0,1.0,0,0.0,0,0,1,2.0,0.0,0.0,0.0,0.0,0.0,0.0,0.9375,0.0,1,0
2.0,0.0,0.0,3,0.0,0,0.0,1.0,1.0,0.0,1,0,0,0,0,1.0,0,0.0,0,0,1,2.0,0.0,0.0,0.0,0.0,0.0,0.0,0.9375,0.0,1,0
3.0,0.0,0.0,1,0.0,0,0.0,1.0,2.0,1.0,1,0,0,0,0,1.0,0,0.0,0,0,2,3.0,0.0,0.0,0.0,0.0,0.0,0.0,0.6666666666666666,0.3333333333333333,1,0
3.0,1.0,0.0,4,0.0,3,1.0,0.0,2.0,1.0,1,0,0,0,0,1.0,0,0.0,0,0,2,5.0,0.2,0.0,0.0,0.4166666666666665,0.0,0.0,0.0,0.0,1,0
20.0,3.5,4.0,18,1.0,3,2.5,2.0,15.0,16.0,3,2,3,1,2,1.0,1,0.2,1,1,12,27.0,0.074074074074074,0.0,0.0,0.4166666666666665,0.0,0.0,0.1111111111111111,0.1481481481481481,1,0
5.0,1.0,0.0,8,0.0,3,0.0,0.0,4.0,4.0,2,1,1,1,0,0.0,1,0.25,0,1,4,3.0,0.3333333333333333,0.0,0.0,0.0,0.0,0.0,0.0,0.357142857142857,1,0
21.5,1.0,0.0,18,3.0,1,0.0,0.0,22.0,29.5,6,5,6,5,5,1.0,5,0.6189,1,1,18,26.0,0.0384615384615384,0.4615384615384615,0.0,0.0769230769230769,0.0,0.0,0.0,0.357142857142857,1,0
7.0,1.0,0.0,9,0.0,3,0.0,0.0,6.0,5.0,1,2,2,0,0,0.0,2,0.3333,0,1,6,5.0,0.2,0.0,0.0,0.4,0.0,0.0,0.0,0.357142857142857,1,0
11.0,3.5,5.0,11,0.0,9,1.0,1.0,10.0,11.0,3,1,2,2,1,1.0,1,0.2,1,1,9,10.0,0.3,0.0,0.0,0.4,0.0,0.0,0.0,0.3,1,0
11.0,2.0,1.0,9,2.0,4,0.0,7.5,20.0,23.0,5,4,4,4,0,0.0,4,0.2,0,1,11,31.0,0.3870967741935484,0.2580645161290322,0.0,0.0,0.0,0.0,0.3225806451612903,0.032258064516129,1,0
2.0,1.0,0.0,2,0.0,0,0.0,2.0,1.0,0.0,1,0,1,1,1,1.0,0,0.6189,1,1,1,5.0,0.0,0.0,0.0,0.0,0.0,0.0,0.9375,0.0,1,0
2.0,2.0,1.0,2,0.0,0,0.0,2.0,1.0,0.0,1,0,1,1,1,1.0,0,0.6189,1,1,1,4.0,0.0,0.0,0.0,0.0,0.0,0.0,0.9375,0.0,1,0
2.0,2.0,1.0,2,0.0,0,0.0,2.0,1.0,0.0,1,0,1,1,1,1.0,0,0.6189,1,1,1,5.0,0.0,0.0,0.0,0.0,0.0,0.0,0.9375,0.0,1,0
7.0,1.0,1.0,4,3.0,2,0.0,1.0,7.0,8.0,3,1,3,3,3,1.0,1,0.4286,1,1,5,11.0,0.2727272727272727,0.3636363636363636,0.0,0.0,0.0,0.0,0.1818181818181818,0.1818181818181818,1,0
3.0,1.0,0.0,1,2.0,0,0.0,2.0,2.0,1.0,1,0,0,0,0,1.0,0,0.0,0,0,2,15.0,0.0,0.5333333333333333,0.0,0.1333333333333333,0.0,0.0,0.2666666666666666,0.0666666666666666,1,0
7.0,1.0,1.0,4,3.0,2,0.0,1.0,7.0,8.0,3,1,3,3,3,1.0,1,0.4286,1,1,5,11.0,0.2727272727272727,0.3636363636363636,0.0,0.0,0.0,0.0,0.1818181818181818,0.1818181818181818,1,0
3.0,1.0,0.0,1,2.0,0,0.0,0.0,2.0,1.0,1,0,0,0,0,1.0,0,0.0,0,0,2,9.0,0.0,0.7142857142857142,0.0,0.0,0.0,0.0,0.0,0.1111111111111111,1,0
7.0,1.0,1.0,4,3.0,2,0.0,1.0,7.0,8.0,3,1,3,3,3,1.0,1,0.4286,1,1,5,11.0,0.2727272727272727,0.3636363636363636,0.0,0.0,0.0,0.0,0.1818181818181818,0.1818181818181818,1,0
3.0,1.0,0.0,1,2.0,0,0.0,0.0,2.0,1.0,1,0,0,0,0,1.0,0,0.0,0,0,2,9.0,0.0,0.7142857142857142,0.0,0.0,0.0,0.0,0.0,0.1111111111111111,1,0
3.0,1.0,0.0,1,2.0,1,0.0,1.0,2.0,1.0,1,0,0,0,0,1.0,0,0.0,0,0,2,14.0,0.0,0.5714285714285714,0.0,0.0,0.0,0.0,0.0714285714285714,0.0714285714285714,1,0
7.0,1.0,1.0,4,3.0,2,0.0,1.0,7.0,8.0,3,1,3,3,3,1.0,1,0.4286,1,1,5,11.0,0.2727272727272727,0.3636363636363636,0.0,0.0,0.0,0.0,0.1818181818181818,0.1818181818181818,1,0
3.0,1.0,0.0,2,2.0,0,0.0,0.0,2.0,1.0,1,0,0,0,0,1.0,0,0.0,0,0,2,9.0,0.0,0.7142857142857142,0.0,0.0,0.0,0.0,0.0,0.1111111111111111,1,0
7.0,1.0,1.0,4,3.0,2,0.0,1.0,7.0,8.0,3,1,3,3,3,1.0,1,0.4286,1,1,5,11.0,0.2727272727272727,0.3636363636363636,0.0,0.0,0.0,0.0,0.1818181818181818,0.1818181818181818,1,0
7.0,1.0,1.0,4,3.0,2,0.0,1.0,7.0,8.0,3,1,3,3,3,1.0,1,0.4286,1,1,5,11.0,0.2727272727272727,0.3636363636363636,0.0,0.0,0.0,0.0,0.1818181818181818,0.1818181818181818,1,0
3.0,1.0,0.0,1,2.0,0,0.0,0.0,2.0,1.0,1,0,0,0,0,1.0,0,0.0,0,0,2,9.0,0.0,0.7142857142857142,0.0,0.0,0.0,0.0,0.0,0.1111111111111111,1,0
7.0,1.0,1.0,4,3.0,2,0.0,1.0,7.0,8.0,3,1,3,3,3,1.0,1,0.4286,1,1,5,11.0,0.2727272727272727,0.3636363636363636,0.0,0.0,0.0,0.0,0.1818181818181818,0.1818181818181818,1,0
7.0,1.0,1.0,4,3.0,2,0.0,1.0,7.0,8.0,3,1,3,3,3,1.0,1,0.4286,1,1,5,11.0,0.2727272727272727,0.3636363636363636,0.0,0.0,0.0,0.0,0.1818181818181818,0.1818181818181818,1,0
7.0,1.0,1.0,4,3.0,2,0.0,1.0,7.0,8.0,3,1,3,3,3,1.0,1,0.4286,1,1,5,11.0,0.2727272727272727,0.3636363636363636,0.0,0.0,0.0,0.0,0.1818181818181818,0.1818181818181818,1,0
3.0,1.0,0.0,1,2.0,0,0.0,0.0,2.0,1.0,1,0,0,0,0,1.0,0,0.0,0,0,2,9.0,0.0,0.7142857142857142,0.0,0.0,0.0,0.0,0.0,0.1111111111111111,1,0
8.0,2.0,3.0,8,0.0,2,1.0,1.0,8.0,8.0,2,1,2,2,1,1.0,1,0.25,1,1,7,8.0,0.25,0.0,0.0,0.4166666666666665,0.0,0.0,0.0,0.25,1,0
6.0,2.0,1.0,10,0.0,5,2.5,1.0,4.0,4.0,2,1,1,1,0,1.0,1,0.25,0,1,3,23.0,0.4782608695652174,0.0,0.0,0.4166666666666665,0.0,0.0,0.0,0.0,1,0
4.0,2.0,1.0,5,0.0,3,1.0,1.0,4.0,4.0,2,1,1,1,0,1.0,1,0.25,0,1,3,9.0,0.5555555555555556,0.0,0.0,0.4166666666666665,0.0,0.0,0.0,0.0,1,0
4.0,2.0,1.0,7,0.0,3,1.0,1.0,4.0,4.0,2,1,1,1,0,1.0,1,0.25,0,1,3,9.0,0.5555555555555556,0.0,0.0,0.4166666666666665,0.0,0.0,0.0,0.0,1,0
11.0,2.0,1.0,18,0.0,10,2.5,1.0,4.0,4.0,2,1,1,1,0,1.0,1,0.25,0,1,3,50.5,0.4285714285714285,0.0,0.0,0.4166666666666665,0.0,0.0,0.0,0.0,1,0
2.0,2.0,1.0,2,0.0,0,0.0,0.0,1.0,0.0,1,0,0,0,0,1.0,0,0.0,0,0,1,1.0,0.0,0.0,0.0,0.0,0.0,0.0,0.9375,0.0,1,0
20.0,3.0,7.0,18,5.0,5,2.0,7.5,24.0,27.0,5,4,5,4,2,1.0,4,0.2083,1,1,18,41.0,0.1951219512195122,0.0975609756097561,0.0,0.2926829268292683,0.0,0.0,0.2926829268292683,0.1219512195121951,1,0
2.0,2.0,1.0,2,0.0,0,0.0,0.0,1.0,0.0,1,0,0,0,0,1.0,0,0.0,0,0,1,1.0,0.0,0.0,0.0,0.0,0.0,0.0,0.9375,0.0,1,0
7.0,3.0,3.0,7,0.0,1,0.0,1.0,7.0,7.0,2,1,2,2,1,1.0,1,0.2857,1,1,6,3.0,0.3333333333333333,0.0,0.0,0.0,0.0,0.0,0.0,0.357142857142857,1,0
8.0,3.0,3.0,8,0.0,1,0.0,1.0,8.0,8.0,2,1,2,2,1,1.0,1,0.25,1,1,7,5.0,0.2,0.0,0.0,0.0,0.0,0.0,0.2,0.357142857142857,1,0
4.0,1.0,1.0,3,0.0,0,0.0,0.0,3.0,2.0,1,0,0,0,0,1.0,0,0.0,0,0,3,1.0,0.0,0.0,0.0,0.0,0.0,0.0,0.0,0.357142857142857,1,0
7.0,2.0,2.0,7,0.0,1,0.0,1.0,7.0,7.0,2,1,1,1,0,1.0,1,0.1429,0,1,6,3.0,0.3333333333333333,0.0,0.0,0.0,0.0,0.0,0.0,0.357142857142857,1,0
21.5,3.0,7.5,18,7.5,10,2.5,7.5,25.5,29.5,6,5,6,5,4,2.0,5,0.3151,1,1,18,50.5,0.3254901960784314,0.1568627450980392,0.0,0.1176470588235294,0.0,0.0,0.3019607843137254,0.0980392156862745,1,0
6.0,2.0,2.0,5,0.0,1,0.0,1.0,6.0,6.0,2,1,1,1,0,1.0,1,0.1667,0,1,5,2.0,0.5,0.0,0.0,0.0,0.0,0.0,0.0,0.357142857142857,1,0
9.0,2.0,1.0,9,1.0,1,0.0,2.0,10.0,10.0,2,3,5,3,2,2.0,3,0.5,1,1,7,1.0,1.0,0.0,0.0,0.0,0.0,0.0,0.0,0.0,1,0
7.0,2.0,2.0,7,0.0,1,0.0,1.0,7.0,7.0,2,1,1,1,0,1.0,1,0.1429,0,1,6,3.0,0.3333333333333333,0.0,0.0,0.0,0.0,0.0,0.0,0.357142857142857,1,0
6.0,2.0,2.0,5,0.0,1,0.0,1.0,6.0,6.0,2,1,1,1,0,1.0,1,0.1667,0,1,5,2.0,0.5,0.0,0.0,0.0,0.0,0.0,0.0,0.357142857142857,1,0
9.0,2.0,1.0,9,1.0,1,0.0,2.0,10.0,10.0,2,3,5,3,2,2.0,3,0.5,1,1,7,1.0,1.0,0.0,0.0,0.0,0.0,0.0,0.0,0.0,1,0
7.0,2.0,2.0,7,0.0,1,0.0,1.0,7.0,7.0,2,1,1,1,0,1.0,1,0.1429,0,1,6,3.0,0.3333333333333333,0.0,0.0,0.0,0.0,0.0,0.0,0.357142857142857,1,0
6.0,2.0,2.0,5,0.0,1,0.0,1.0,6.0,6.0,2,1,1,1,0,1.0,1,0.1667,0,1,5,2.0,0.5,0.0,0.0,0.0,0.0,0.0,0.0,0.357142857142857,1,0
9.0,2.0,1.0,10,1.0,1,0.0,2.0,12.0,12.0,2,3,5,3,2,2.0,3,0.4167,1,1,7,1.0,1.0,0.0,0.0,0.0,0.0,0.0,0.0,0.0,1,0
6.0,2.0,2.0,6,0.0,3,0.0,1.0,6.0,6.0,2,1,2,2,1,1.0,1,0.3333,1,1,5,2.0,0.5,0.0,0.0,0.0,0.0,0.0,0.0,0.357142857142857,1,0
21.5,2.0,5.0,18,7.0,10,0.0,7.5,25.5,29.5,6,5,6,5,2,1.0,5,0.2128,1,1,18,50.5,0.2894736842105263,0.1578947368421052,0.0,0.0,0.0,0.0,0.2894736842105263,0.2631578947368421,1,0
9.0,2.0,1.0,8,1.0,3,0.0,2.0,10.0,10.0,2,3,5,3,2,2.0,3,0.5,1,1,7,1.0,1.0,0.0,0.0,0.0,0.0,0.0,0.0,0.0,1,0
6.0,3.0,3.0,6,0.0,1,0.0,1.0,6.0,6.0,2,1,2,2,1,1.0,1,0.3333,1,1,5,2.0,0.5,0.0,0.0,0.0,0.0,0.0,0.0,0.357142857142857,1,0
21.5,3.0,4.0,13,7.5,1,0.0,5.0,22.0,28.0,6,1,3,5,0,1.0,1,0.1364,0,1,18,50.5,0.0172413793103448,0.7142857142857142,0.0,0.0,0.0,0.0,0.0689655172413793,0.1034482758620689,1,0
21.0,1.0,1.0,3,2.0,0,0.0,3.0,17.0,21.0,6,0,1,1,0,1.0,0,0.0588,0,1,14,7.0,0.0,0.0,0.0,0.0,0.0,0.0,0.2857142857142857,0.357142857142857,1,0
14.0,1.0,3.0,8,0.0,5,0.0,4.0,20.0,23.0,5,3,4,3,2,0.0,1,0.2,1,1,14,18.0,0.3888888888888889,0.0,0.0,0.0,0.0,0.0,0.4444444444444444,0.1666666666666666,1,0
11.0,3.0,6.0,11,5.0,3,0.0,1.0,12.0,13.0,3,2,3,2,2,2.0,2,0.25,1,1,10,23.0,0.3043478260869565,0.5217391304347826,0.0,0.0,0.0,0.0,0.0869565217391304,0.0869565217391304,1,0
2.0,1.0,0.0,2,0.0,2,1.0,1.0,1.0,0.0,1,0,0,0,0,1.0,0,0.0,0,0,1,9.0,0.3333333333333333,0.0,0.0,0.4166666666666665,0.0,0.0,0.2222222222222222,0.0,1,0
19.0,2.0,7.5,14,7.5,6,2.0,6.0,21.0,23.0,4,5,6,3,4,3.5,5,0.3333,1,1,17,50.5,0.2950819672131147,0.2622950819672131,0.0,0.1639344262295081,0.0,0.0,0.2786885245901639,0.0,1,0
2.0,3.0,2.0,2,1.0,0,0.0,1.0,1.0,0.0,1,0,1,1,1,1.0,0,0.6189,1,1,1,2.0,0.0,0.0,0.0,0.0,0.0,0.0,0.9375,0.0,1,0
12.0,1.0,3.0,11,4.0,2,0.0,3.0,13.0,14.0,3,3,4,2,2,3.0,2,0.3077,1,1,11,17.0,0.3529411764705882,0.0,0.0,0.2352941176470588,0.0,0.0,0.3529411764705882,0.0588235294117647,1,0
8.0,1.0,2.0,7,2.0,4,1.0,2.0,9.0,9.0,2,2,3,1,2,3.0,2,0.3333,1,1,7,20.0,0.45,0.0,0.0,0.15,0.0,0.0,0.4,0.0,1,0
2.0,1.0,0.0,2,0.0,1,0.0,0.0,1.0,0.0,1,0,1,1,1,1.0,0,0.6189,1,1,1,1.0,1.0,0.0,0.0,0.0,0.0,0.0,0.0,0.0,1,0
3.0,1.0,1.0,3,0.0,0,0.0,0.0,2.0,1.0,1,0,0,0,0,1.0,0,0.0,0,0,2,2.0,0.0,0.0,0.0,0.4166666666666665,0.0,0.0,0.0,0.0,1,0
2.0,1.0,0.0,2,0.0,1,0.0,0.0,1.0,0.0,1,0,0,0,0,1.0,0,0.0,0,0,1,1.0,1.0,0.0,0.0,0.0,0.0,0.0,0.0,0.0,1,0
5.0,2.0,1.0,5,0.0,0,0.0,0.0,4.0,3.0,1,1,1,0,0,2.0,1,0.25,0,1,4,3.0,0.0,0.0,0.0,0.4166666666666665,0.0,0.0,0.0,0.3333333333333333,1,0
5.0,1.0,0.0,4,0.0,2,0.0,1.0,4.0,3.0,1,1,1,0,0,2.0,1,0.25,0,1,4,6.0,0.5,0.0,0.0,0.0,0.0,0.0,0.3333333333333333,0.1666666666666666,1,0
2.0,1.0,0.0,2,0.0,1,0.0,0.0,1.0,0.0,1,0,0,0,0,1.0,0,0.0,0,0,1,1.0,1.0,0.0,0.0,0.0,0.0,0.0,0.0,0.0,1,0
14.0,2.0,3.0,13,4.0,7,2.5,3.0,12.0,14.0,4,3,5,3,2,3.0,3,0.4167,1,1,12,33.0,0.4242424242424242,0.0,0.0,0.3333333333333333,0.0,0.0,0.1818181818181818,0.0606060606060606,1,0
13.0,2.0,2.0,13,6.0,7,2.5,7.0,11.0,13.0,4,3,5,3,2,3.0,3,0.4545,1,1,11,49.0,0.2857142857142857,0.1632653061224489,0.0,0.2244897959183673,0.0,0.0,0.2857142857142857,0.0408163265306122,1,0
8.0,2.0,2.0,4,2.0,3,1.0,2.0,9.0,9.0,2,1,2,1,2,2.0,1,0.2222,1,1,7,14.0,0.4285714285714285,0.0,0.0,0.2142857142857142,0.0,0.0,0.2857142857142857,0.0714285714285714,1,0
21.5,1.0,1.0,15,4.0,3,0.0,7.0,25.5,29.5,2,3,3,1,0,2.0,3,0.0833,0,1,18,5.0,0.6,0.0,0.0,0.0,0.0,0.0,0.0,0.357142857142857,1,0
8.0,1.0,1.0,6,0.0,2,1.0,2.0,9.0,9.0,2,1,1,1,0,1.0,1,0.1111,0,1,6,7.0,0.2857142857142857,0.0,0.0,0.4166666666666665,0.0,0.0,0.0,0.1428571428571428,1,0
8.0,2.0,1.0,9,0.0,3,2.0,2.0,7.0,6.0,1,3,4,1,1,3.5,3,0.5714,1,1,7,18.0,0.1666666666666666,0.0,0.0,0.4166666666666665,0.0,0.0,0.3888888888888889,0.0,1,0
5.0,2.0,1.0,6,0.0,3,1.0,2.0,3.0,2.0,1,1,1,0,0,2.0,1,0.3333,0,1,3,12.0,0.25,0.0,0.0,0.3333333333333333,0.0,0.0,0.4166666666666667,0.0,1,0
4.0,2.0,1.0,4,0.0,0,0.0,1.0,3.0,2.0,1,1,2,1,1,2.0,1,0.6189,1,1,3,4.0,0.0,0.0,0.0,0.4166666666666665,0.0,0.0,0.5,0.0,1,0
4.0,3.0,2.0,4,0.0,0,0.0,0.0,3.0,2.0,1,1,2,1,1,2.0,1,0.6189,1,1,3,2.0,0.0,0.0,0.0,0.4166666666666665,0.0,0.0,0.0,0.0,1,0
4.0,2.0,1.0,3,0.0,2,1.0,1.0,3.0,2.0,1,1,2,1,1,2.0,1,0.6189,1,1,3,8.0,0.25,0.0,0.0,0.4166666666666665,0.0,0.0,0.25,0.0,1,0
4.0,3.0,2.0,3,0.0,2,1.0,0.0,3.0,2.0,1,1,2,1,1,2.0,1,0.6189,1,1,3,6.0,0.3333333333333333,0.0,0.0,0.4166666666666665,0.0,0.0,0.0,0.0,1,0
2.0,3.0,2.0,2,0.0,0,0.0,0.0,1.0,0.0,1,0,1,1,1,1.0,0,0.6189,1,1,1,1.0,0.0,0.0,0.0,0.0,0.0,0.0,0.9375,0.0,1,0
17.0,3.5,5.0,11,4.0,6,2.0,7.0,14.0,15.0,3,4,5,2,1,3.5,4,0.3571,1,1,14,50.5,0.25,0.1538461538461538,0.0,0.2692307692307692,0.0,0.0,0.2692307692307692,0.0576923076923076,1,0
2.0,2.0,1.0,2,0.0,0,0.0,1.0,1.0,0.0,1,0,1,1,1,1.0,0,0.6189,1,1,1,2.0,0.0,0.0,0.0,0.0,0.0,0.0,0.9375,0.0,1,0
14.0,3.0,4.0,12,4.0,6,1.0,5.0,15.0,16.0,3,5,6,2,2,3.5,5,0.4,1,1,13,39.0,0.3333333333333333,0.2051282051282051,0.0,0.1538461538461538,0.0,0.0,0.282051282051282,0.0256410256410256,1,0
4.0,2.0,1.0,5,0.0,0,0.0,0.0,3.0,2.0,1,1,2,1,1,2.0,1,0.6189,1,1,3,2.0,0.0,0.0,0.0,0.4166666666666665,0.0,0.0,0.0,0.0,1,0
4.0,3.0,2.0,4,0.0,0,0.0,0.0,3.0,2.0,1,1,2,1,1,2.0,1,0.6189,1,1,3,2.0,0.0,0.0,0.0,0.4166666666666665,0.0,0.0,0.0,0.0,1,0
4.0,2.0,1.0,4,0.0,2,1.0,0.0,3.0,2.0,1,1,2,1,1,2.0,1,0.6189,1,1,3,6.0,0.3333333333333333,0.0,0.0,0.4166666666666665,0.0,0.0,0.0,0.0,1,0
2.0,3.0,2.0,2,0.0,0,0.0,0.0,1.0,0.0,1,0,0,0,0,1.0,0,0.0,0,0,1,1.0,0.0,0.0,0.0,0.0,0.0,0.0,0.9375,0.0,1,0
4.0,3.0,2.0,3,0.0,2,1.0,0.0,3.0,2.0,1,1,2,1,1,2.0,1,0.6189,1,1,3,6.0,0.3333333333333333,0.0,0.0,0.4166666666666665,0.0,0.0,0.0,0.0,1,0
4.0,2.0,1.0,4,0.0,2,1.0,0.0,3.0,2.0,1,1,2,1,1,2.0,1,0.6189,1,1,3,6.0,0.3333333333333333,0.0,0.0,0.4166666666666665,0.0,0.0,0.0,0.0,1,0
13.0,3.0,3.0,14,4.0,6,1.0,4.0,14.0,15.0,3,5,6,2,2,3.5,5,0.4286,1,1,12,37.0,0.3513513513513513,0.2162162162162162,0.0,0.1621621621621621,0.0,0.0,0.2432432432432432,0.027027027027027,1,0
4.0,2.0,1.0,4,0.0,1,0.0,2.0,3.0,2.0,1,1,1,0,0,2.0,1,0.3333,0,1,3,10.0,0.3,0.0,0.0,0.2,0.0,0.0,0.5,0.0,1,0
4.0,2.0,1.0,3,0.0,3,1.0,2.0,3.0,2.0,1,1,1,0,0,2.0,1,0.3333,0,1,3,14.0,0.3571428571428571,0.0,0.0,0.2857142857142857,0.0,0.0,0.3571428571428571,0.0,1,0
9.0,2.0,4.0,7,3.0,3,1.0,2.0,10.0,10.0,2,2,3,1,2,3.0,2,0.3,1,1,8,23.0,0.217391304347826,0.1739130434782608,0.0,0.2608695652173913,0.0,0.0,0.3478260869565217,0.0,1,0
8.0,1.0,2.0,8,2.0,1,0.0,1.0,9.0,9.0,2,2,3,1,2,3.0,2,0.3333,1,1,7,12.0,0.25,0.0,0.0,0.3333333333333333,0.0,0.0,0.4166666666666667,0.0,1,0
17.0,2.0,7.5,13,7.5,6,2.5,6.0,19.0,21.0,4,4,6,3,4,3.5,4,0.3158,1,1,15,50.5,0.3103448275862069,0.2758620689655172,0.0,0.2068965517241379,0.0,0.0,0.2068965517241379,0.0,1,0
4.0,2.0,1.0,6,0.0,0,1.0,0.0,3.0,2.0,1,1,2,1,1,2.0,1,0.6189,1,1,3,4.0,0.0,0.0,0.0,0.4166666666666665,0.0,0.0,0.0,0.0,1,0
4.0,2.0,1.0,4,0.0,1,0.0,0.0,3.0,2.0,1,1,2,1,1,2.0,1,0.6189,1,1,3,2.0,0.5,0.0,0.0,0.0,0.0,0.0,0.5,0.0,1,0
19.0,2.0,7.5,13,7.5,6,2.5,6.0,21.0,24.0,5,4,6,3,3,3.0,4,0.2857,1,1,17,50.5,0.3103448275862069,0.2758620689655172,0.0,0.2068965517241379,0.0,0.0,0.2068965517241379,0.0,1,0
15.0,2.0,6.0,14,4.0,4,2.5,7.0,15.0,16.0,3,4,5,2,2,3.5,3,0.3333,1,1,13,48.0,0.25,0.1666666666666666,0.0,0.2916666666666667,0.0,0.0,0.2916666666666667,0.0,1,0
8.0,2.0,1.0,6,0.0,5,1.0,2.0,7.0,6.0,1,3,3,0,0,3.5,3,0.4286,0,1,7,20.0,0.45,0.0,0.0,0.2,0.0,0.0,0.35,0.0,1,0
4.0,2.0,1.0,4,0.0,2,1.0,0.0,3.0,2.0,1,1,2,1,1,2.0,1,0.6189,1,1,3,7.0,0.2857142857142857,0.0,0.0,0.4166666666666665,0.0,0.0,0.1428571428571428,0.0,1,0
19.0,2.0,7.5,12,7.5,8,2.0,6.0,21.0,23.0,4,5,6,3,4,3.5,5,0.3333,1,1,17,50.5,0.3174603174603174,0.2539682539682539,0.0,0.1587301587301587,0.0,0.0,0.2698412698412698,0.0,1,0
4.0,2.0,1.0,4,0.0,2,1.0,0.0,3.0,2.0,1,1,2,1,1,2.0,1,0.6189,1,1,3,7.0,0.2857142857142857,0.0,0.0,0.4166666666666665,0.0,0.0,0.1428571428571428,0.0,1,0
16.0,2.0,6.0,7,2.0,7,1.0,3.0,17.0,20.0,5,4,5,2,2,2.0,4,0.2941,1,1,15,24.0,0.5833333333333334,0.0,0.0,0.1666666666666666,0.0,0.0,0.1666666666666666,0.0833333333333333,1,0
14.0,2.0,6.0,7,2.0,5,1.0,2.0,15.0,17.0,4,3,4,2,2,2.0,3,0.2667,1,1,13,17.0,0.5294117647058824,0.0,0.0,0.2352941176470588,0.0,0.0,0.1176470588235294,0.1176470588235294,1,0
10.0,2.0,1.0,8,1.0,4,0.0,3.0,9.0,10.0,3,4,5,3,1,3.0,4,0.5556,1,1,9,22.0,0.4545454545454545,0.1818181818181818,0.0,0.0,0.0,0.0,0.2727272727272727,0.0909090909090909,1,0
16.0,3.0,2.0,13,2.0,7,0.0,6.0,15.0,19.0,6,5,6,5,1,3.0,5,0.5333,1,1,15,44.0,0.4318181818181818,0.1818181818181818,0.0,0.0,0.0,0.0,0.2727272727272727,0.1136363636363636,1,0
8.0,2.0,1.0,6,0.0,3,0.0,2.0,7.0,6.0,1,3,3,0,0,3.5,3,0.4286,0,1,7,11.0,0.6363636363636364,0.0,0.0,0.0,0.0,0.0,0.3636363636363636,0.0,1,0
8.0,2.0,1.0,7,1.0,3,0.0,1.0,7.0,6.0,1,3,3,0,0,3.5,3,0.4286,0,1,7,13.0,0.5384615384615384,0.3076923076923077,0.0,0.0,0.0,0.0,0.1538461538461538,0.0,1,0
10.0,3.0,2.0,9,2.0,5,1.0,3.0,9.0,9.0,2,4,4,1,0,3.5,4,0.4444,0,1,9,32.0,0.40625,0.25,0.0,0.125,0.0,0.0,0.1875,0.03125,1,0
9.0,2.0,2.0,8,0.0,3,1.0,2.0,8.0,7.0,1,3,3,0,0,3.5,3,0.375,0,1,8,14.0,0.4285714285714285,0.0,0.0,0.2857142857142857,0.0,0.0,0.2857142857142857,0.0,1,0
9.0,2.0,2.0,8,1.0,2,0.0,0.0,8.0,7.0,1,3,3,0,0,3.5,3,0.375,0,1,8,10.0,0.4,0.4,0.0,0.2,0.0,0.0,0.0,0.0,1,0
7.0,2.0,2.0,7,0.0,1,1.0,1.0,6.0,5.0,1,2,2,0,0,3.0,2,0.3333,0,1,6,9.0,0.3333333333333333,0.0,0.0,0.4166666666666665,0.0,0.0,0.2222222222222222,0.0,1,0
9.0,2.0,2.0,11,2.0,2,1.0,0.0,8.0,7.0,1,3,3,0,0,3.5,3,0.375,0,1,8,22.0,0.2727272727272727,0.3636363636363636,0.0,0.3636363636363636,0.0,0.0,0.0,0.0,1,0
9.0,3.0,4.0,9,2.0,5,2.0,0.0,8.0,8.0,2,3,3,1,0,3.0,3,0.375,0,1,8,25.0,0.36,0.32,0.0,0.32,0.0,0.0,0.0,0.0,1,0
21.5,3.0,7.5,18,2.0,9,2.0,4.0,22.0,24.0,4,5,6,2,1,3.5,5,0.2727,1,1,18,42.0,0.3095238095238095,0.1904761904761904,0.0,0.238095238095238,0.0,0.0,0.1904761904761904,0.0714285714285714,1,0
2.0,1.0,0.0,2,1.0,0,0.0,1.0,1.0,0.0,1,0,1,1,1,1.0,0,0.6189,1,1,1,2.0,0.0,0.0,0.0,0.0,0.0,0.0,0.9375,0.0,1,0
2.0,3.0,2.0,2,0.0,0,0.0,0.0,1.0,0.0,1,0,0,0,0,1.0,0,0.0,0,0,1,1.0,0.0,0.0,0.0,0.0,0.0,0.0,0.9375,0.0,1,0
2.0,2.0,1.0,2,0.0,0,0.0,0.0,1.0,0.0,1,0,0,0,0,1.0,0,0.0,0,0,1,1.0,0.0,0.0,0.0,0.0,0.0,0.0,0.9375,0.0,1,0
21.5,3.0,6.0,15,4.0,8,2.5,3.0,23.0,26.0,5,5,6,3,1,3.0,4,0.2609,1,1,18,42.0,0.238095238095238,0.0,0.0,0.2857142857142857,0.0,0.0,0.2857142857142857,0.1904761904761904,1,0
2.0,2.0,1.0,2,1.0,0,0.0,1.0,1.0,0.0,1,0,0,0,0,1.0,0,0.0,0,0,1,3.0,0.0,0.0,0.0,0.0,0.0,0.0,0.9375,0.0,1,0
21.5,3.5,7.5,18,7.5,10,2.5,7.0,25.5,29.5,6,5,6,5,3,3.0,5,0.2931,1,1,18,50.5,0.2831858407079646,0.0,0.0,0.1946902654867256,0.0,0.0,0.2743362831858407,0.247787610619469,1,0
2.0,2.0,1.0,2,1.0,0,0.0,1.0,1.0,0.0,1,0,0,0,0,1.0,0,0.0,0,0,1,3.0,0.0,0.0,0.0,0.0,0.0,0.0,0.9375,0.0,1,0
21.5,3.5,7.5,18,3.0,10,1.0,7.0,25.5,29.5,6,5,6,2,1,3.5,5,0.2812,1,1,18,50.5,0.3278688524590163,0.1311475409836065,0.0,0.0983606557377049,0.0,0.0,0.2295081967213114,0.2131147540983606,1,0
2.0,3.0,2.0,2,0.0,0,0.0,0.0,1.0,0.0,1,0,0,0,0,1.0,0,0.0,0,0,1,1.0,0.0,0.0,0.0,0.0,0.0,0.0,0.9375,0.0,1,0
2.0,3.0,2.0,2,0.0,0,0.0,0.0,1.0,0.0,1,0,0,0,0,1.0,0,0.0,0,0,1,1.0,0.0,0.0,0.0,0.0,0.0,0.0,0.9375,0.0,1,0
2.0,1.0,0.0,2,1.0,0,0.0,1.0,1.0,0.0,1,0,0,0,0,1.0,0,0.0,0,0,1,3.0,0.0,0.0,0.0,0.0,0.0,0.0,0.9375,0.0,1,0
2.0,2.0,1.0,2,0.0,0,0.0,0.0,1.0,0.0,1,0,0,0,0,1.0,0,0.0,0,0,1,1.0,0.0,0.0,0.0,0.0,0.0,0.0,0.9375,0.0,1,0
2.0,2.0,1.0,2,1.0,0,0.0,1.0,1.0,0.0,1,0,0,0,0,1.0,0,0.0,0,0,1,3.0,0.0,0.0,0.0,0.0,0.0,0.0,0.9375,0.0,1,0
2.0,3.0,2.0,2,0.0,0,0.0,0.0,1.0,0.0,1,0,0,0,0,1.0,0,0.0,0,0,1,1.0,0.0,0.0,0.0,0.0,0.0,0.0,0.9375,0.0,1,0
2.0,1.0,0.0,2,0.0,0,0.0,0.0,1.0,0.0,1,0,1,1,1,1.0,0,0.6189,1,1,1,1.0,0.0,0.0,0.0,0.0,0.0,0.0,0.9375,0.0,1,0
21.5,2.0,6.0,18,7.0,10,2.0,4.0,24.0,27.0,5,5,6,3,2,3.0,5,0.25,1,1,18,50.5,0.3,0.3333333333333333,0.0,0.1333333333333333,0.0,0.0,0.1333333333333333,0.1,1,0
2.0,1.0,0.0,2,0.0,0,0.0,0.0,1.0,0.0,1,0,0,0,0,1.0,0,0.0,0,0,1,1.0,0.0,0.0,0.0,0.0,0.0,0.0,0.9375,0.0,1,0
4.0,2.0,0.0,3,0.0,1,0.0,1.0,3.0,2.0,1,1,2,1,1,2.0,1,0.6189,1,1,3,3.0,0.3333333333333333,0.0,0.0,0.0,0.0,0.0,0.6666666666666666,0.0,1,0
4.0,2.0,0.0,3,0.0,1,0.0,1.0,3.0,2.0,1,1,2,1,1,2.0,1,0.6189,1,1,3,3.0,0.3333333333333333,0.0,0.0,0.0,0.0,0.0,0.6666666666666666,0.0,1,0
13.0,3.5,5.0,10,4.0,5,0.0,2.0,14.0,16.0,4,4,5,3,2,3.0,4,0.3571,1,1,12,25.0,0.44,0.32,0.0,0.0,0.0,0.0,0.16,0.08,1,0
15.0,3.5,5.0,11,4.0,6,0.0,2.0,16.0,19.0,5,5,6,4,2,3.0,5,0.375,1,1,14,27.0,0.4444444444444444,0.2962962962962963,0.0,0.0,0.0,0.0,0.1481481481481481,0.1111111111111111,1,0
17.0,2.0,3.0,18,0.0,5,0.0,1.0,16.0,18.0,4,5,6,1,1,3.5,5,0.375,1,1,16,12.0,0.25,0.0,0.0,0.3333333333333333,0.0,0.0,0.1666666666666666,0.25,1,0
18.0,2.0,3.0,18,0.0,6,0.0,1.0,17.0,20.0,5,5,6,2,1,3.5,5,0.4118,1,1,17,13.0,0.3076923076923077,0.0,0.0,0.3076923076923077,0.0,0.0,0.1538461538461538,0.2307692307692307,1,0
4.0,2.0,0.0,4,0.0,3,0.0,0.0,3.0,2.0,1,1,2,1,1,2.0,1,0.6189,1,1,3,1.0,1.0,0.0,0.0,0.0,0.0,0.0,0.0,0.0,1,0
4.0,2.0,0.0,4,0.0,3,0.0,0.0,3.0,2.0,1,1,2,1,1,2.0,1,0.6189,1,1,3,1.0,1.0,0.0,0.0,0.0,0.0,0.0,0.0,0.0,1,0
6.0,2.0,1.0,8,0.0,0,1.0,0.0,5.0,4.0,1,2,2,0,0,3.0,2,0.4,0,1,5,6.0,0.0,0.0,0.0,0.4166666666666665,0.0,0.0,0.0,0.0,1,0
6.0,2.0,1.0,8,0.0,0,1.0,0.0,5.0,4.0,1,2,2,0,0,3.0,2,0.4,0,1,5,6.0,0.0,0.0,0.0,0.4166666666666665,0.0,0.0,0.0,0.0,1,0
2.0,2.0,1.0,2,0.0,0,0.0,0.0,1.0,0.0,1,0,0,0,0,1.0,0,0.0,0,0,1,1.0,0.0,0.0,0.0,0.0,0.0,0.0,0.9375,0.0,1,0
6.0,2.0,1.0,9,1.0,0,1.0,1.0,5.0,4.0,1,2,2,0,0,3.0,2,0.4,0,1,5,12.0,0.0,0.3333333333333333,0.0,0.4166666666666665,0.0,0.0,0.1666666666666666,0.0,1,0
6.0,2.0,1.0,9,1.0,0,1.0,1.0,5.0,4.0,1,2,2,0,0,3.0,2,0.4,0,1,5,12.0,0.0,0.3333333333333333,0.0,0.4166666666666665,0.0,0.0,0.1666666666666666,0.0,1,0
2.0,2.0,1.0,2,0.0,0,0.0,0.0,1.0,0.0,1,0,0,0,0,1.0,0,0.0,0,0,1,1.0,0.0,0.0,0.0,0.0,0.0,0.0,0.9375,0.0,1,0
4.0,2.0,1.0,5,1.0,0,1.0,1.0,3.0,2.0,1,1,1,0,0,2.0,1,0.3333,0,1,3,6.0,0.0,0.0,0.0,0.4166666666666665,0.0,0.0,0.3333333333333333,0.0,1,0
20.0,3.5,7.5,18,5.0,8,2.5,7.5,19.0,20.0,3,3,4,2,1,3.0,3,0.2105,1,1,18,50.5,0.3142857142857143,0.1714285714285714,0.0,0.1714285714285714,0.0,0.0,0.2571428571428571,0.0857142857142857,1,0
9.0,2.0,3.0,8,4.0,3,1.0,3.0,10.0,11.0,3,2,3,2,2,2.0,2,0.3,1,1,8,18.0,0.3888888888888889,0.0,0.0,0.2222222222222222,0.0,0.0,0.3333333333333333,0.0555555555555555,1,0
2.0,3.0,2.0,2,0.0,0,0.0,1.0,1.0,0.0,1,0,0,0,0,1.0,0,0.0,0,0,1,2.0,0.0,0.0,0.0,0.0,0.0,0.0,0.9375,0.0,1,0
2.0,3.0,1.0,2,0.0,0,0.0,1.0,1.0,0.0,1,0,1,1,1,1.0,0,0.6189,1,1,1,3.0,0.0,0.0,0.0,0.0,0.0,0.0,0.9375,0.0,1,0
21.5,3.5,7.5,18,7.5,10,2.5,7.5,25.5,29.5,6,5,6,5,5,3.5,5,0.274,1,1,18,50.5,0.3013698630136986,0.1095890410958904,0.0,0.2648401826484018,0.0,0.0,0.2465753424657534,0.0776255707762557,1,0
3.0,3.0,2.0,2,0.0,1,0.0,1.0,2.0,1.0,1,0,0,0,0,1.0,0,0.0,0,0,2,4.0,0.25,0.0,0.0,0.0,0.0,0.0,0.75,0.0,1,0
4.0,3.0,2.0,3,0.0,1,0.0,0.0,3.0,2.0,1,1,1,0,0,2.0,1,0.3333,0,1,3,1.0,1.0,0.0,0.0,0.0,0.0,0.0,0.0,0.0,1,0
21.0,3.0,7.5,18,2.0,4,1.0,2.0,21.0,24.0,5,5,6,3,2,3.0,4,0.2857,1,1,18,26.0,0.3846153846153846,0.0,0.0,0.2307692307692307,0.0,0.0,0.2307692307692307,0.1538461538461538,1,0
21.5,3.5,5.0,17,4.0,7,0.0,6.0,18.0,23.0,6,5,6,5,0,2.0,5,0.3889,0,1,18,50.5,0.3269230769230769,0.3076923076923077,0.0,0.0,0.0,0.0,0.2307692307692307,0.1346153846153846,1,0
16.0,1.0,3.0,14,6.0,6,1.0,5.0,15.0,17.0,4,5,6,1,0,3.5,4,0.4,0,1,15,43.0,0.4186046511627907,0.1860465116279069,0.0,0.1162790697674418,0.0,0.0,0.2325581395348837,0.0465116279069767,1,0
12.0,1.0,4.0,9,3.0,4,1.0,6.0,11.0,10.0,1,3,3,0,0,3.5,3,0.2727,0,1,11,38.0,0.2631578947368421,0.3157894736842105,0.0,0.1052631578947368,0.0,0.0,0.3157894736842105,0.0,1,0
21.5,2.0,7.5,18,7.5,8,2.0,7.5,25.5,28.0,3,4,6,4,5,3.5,4,0.3333,1,1,18,50.5,0.2933333333333333,0.2133333333333333,0.0,0.1066666666666666,0.0,0.0,0.3466666666666667,0.04,1,0
5.0,2.0,2.0,3,3.0,1,0.0,2.0,6.0,6.0,2,0,1,1,2,1.0,0,0.1667,1,1,4,12.0,0.25,0.3333333333333333,0.0,0.0,0.0,0.0,0.3333333333333333,0.0833333333333333,1,0
6.0,3.0,3.0,5,1.0,2,1.0,0.0,4.0,3.0,1,1,3,2,2,2.0,1,0.6189,1,1,4,6.0,0.3333333333333333,0.0,0.0,0.4166666666666665,0.0,0.0,0.0,0.0,1,0
9.0,3.0,3.0,9,1.0,3,0.0,1.0,8.0,7.0,1,3,4,1,1,3.5,3,0.5,1,1,8,13.0,0.5384615384615384,0.3076923076923077,0.0,0.0,0.0,0.0,0.1538461538461538,0.0,1,0
21.5,3.0,6.0,18,4.0,7,1.0,6.0,22.0,23.0,3,5,6,3,3,3.5,5,0.3636,1,1,18,45.0,0.4222222222222222,0.1777777777777777,0.0,0.1333333333333333,0.0,0.0,0.2222222222222222,0.0444444444444444,1,0
9.0,3.0,3.0,9,1.0,3,0.0,1.0,8.0,7.0,1,3,4,1,1,3.5,3,0.5,1,1,8,13.0,0.5384615384615384,0.3076923076923077,0.0,0.0,0.0,0.0,0.1538461538461538,0.0,1,0
21.5,3.0,6.0,18,4.0,7,1.0,6.0,22.0,23.0,3,5,6,3,3,3.5,5,0.3636,1,1,18,45.0,0.4222222222222222,0.1777777777777777,0.0,0.1333333333333333,0.0,0.0,0.2222222222222222,0.0444444444444444,1,0
2.0,1.0,0.0,2,0.0,1,0.0,1.0,1.0,0.0,1,0,1,1,1,1.0,0,0.6189,1,1,1,3.0,0.3333333333333333,0.0,0.0,0.0,0.0,0.0,0.6666666666666666,0.0,1,0
10.0,3.0,4.0,6,3.0,3,1.0,3.0,9.0,8.0,1,2,2,0,0,3.0,2,0.2222,0,1,9,31.0,0.2258064516129032,0.3870967741935484,0.0,0.1290322580645161,0.0,0.0,0.1935483870967742,0.064516129032258,1,0
12.0,3.0,4.0,8,3.0,3,1.0,4.0,11.0,11.0,2,3,3,1,0,3.0,3,0.2727,0,1,11,34.0,0.2058823529411764,0.3529411764705882,0.0,0.1764705882352941,0.0,0.0,0.1764705882352941,0.088235294117647,1,0
4.0,1.0,0.0,3,0.0,1,0.0,0.0,3.0,2.0,1,1,1,0,0,2.0,1,0.3333,0,1,3,1.0,1.0,0.0,0.0,0.0,0.0,0.0,0.0,0.0,1,0
4.0,2.0,1.0,3,0.0,1,0.0,0.0,3.0,2.0,1,1,1,0,0,2.0,1,0.3333,0,1,3,1.0,1.0,0.0,0.0,0.0,0.0,0.0,0.0,0.0,1,0
4.0,1.0,0.0,3,0.0,1,0.0,0.0,3.0,2.0,1,1,1,0,0,2.0,1,0.3333,0,1,3,1.0,1.0,0.0,0.0,0.0,0.0,0.0,0.0,0.0,1,0
4.0,2.0,1.0,3,0.0,1,0.0,0.0,3.0,2.0,1,1,1,0,0,2.0,1,0.3333,0,1,3,1.0,1.0,0.0,0.0,0.0,0.0,0.0,0.0,0.0,1,0
8.0,1.0,1.0,10,0.0,2,1.0,3.0,4.0,3.0,1,1,1,0,0,2.0,1,0.25,0,1,4,12.0,0.25,0.0,0.0,0.25,0.0,0.0,0.5,0.0,1,0
8.0,1.0,1.0,10,0.0,2,1.0,3.0,4.0,3.0,1,1,1,0,0,2.0,1,0.25,0,1,4,12.0,0.25,0.0,0.0,0.25,0.0,0.0,0.5,0.0,1,0
13.0,1.0,2.0,15,2.0,1,0.0,1.0,14.0,17.0,5,4,5,2,2,2.0,4,0.3571,1,1,12,15.0,0.1333333333333333,0.0,0.0,0.4166666666666665,0.0,0.0,0.1333333333333333,0.2,1,0
9.0,2.0,3.0,7,2.0,1,1.0,3.0,8.0,8.0,2,1,2,1,1,2.0,1,0.25,1,1,8,15.0,0.2,0.0,0.0,0.2666666666666666,0.0,0.0,0.4,0.1333333333333333,1,0
8.0,1.0,2.0,8,2.0,4,1.0,2.0,9.0,9.0,2,2,3,1,2,3.0,2,0.3333,1,1,7,21.0,0.4285714285714285,0.0,0.0,0.1904761904761904,0.0,0.0,0.3809523809523809,0.0,1,0
8.0,1.0,2.0,8,2.0,4,1.0,1.0,9.0,9.0,2,2,3,1,2,3.0,2,0.3333,1,1,7,20.0,0.5,0.0,0.0,0.2,0.0,0.0,0.3,0.0,1,0
8.0,1.0,2.0,8,2.0,4,1.0,2.0,9.0,9.0,2,2,3,1,2,3.0,2,0.3333,1,1,7,21.0,0.4285714285714285,0.0,0.0,0.1904761904761904,0.0,0.0,0.3809523809523809,0.0,1,0
8.0,1.0,2.0,8,2.0,4,1.0,1.0,9.0,9.0,2,2,3,1,2,3.0,2,0.3333,1,1,7,20.0,0.5,0.0,0.0,0.2,0.0,0.0,0.3,0.0,1,0
8.0,1.0,2.0,7,2.0,3,0.0,1.0,9.0,9.0,2,2,3,2,3,3.0,2,0.3333,1,1,7,13.0,0.5384615384615384,0.0,0.0,0.0,0.0,0.0,0.4615384615384615,0.0,1,0
8.0,1.0,2.0,8,2.0,4,1.0,2.0,9.0,9.0,2,2,3,1,2,3.0,2,0.3333,1,1,7,21.0,0.4285714285714285,0.0,0.0,0.1904761904761904,0.0,0.0,0.3809523809523809,0.0,1,0
8.0,1.0,2.0,8,2.0,4,1.0,1.0,9.0,9.0,2,2,3,1,2,3.0,2,0.3333,1,1,7,20.0,0.5,0.0,0.0,0.2,0.0,0.0,0.3,0.0,1,0
8.0,1.0,2.0,7,2.0,3,0.0,1.0,9.0,9.0,2,2,3,2,3,3.0,2,0.3333,1,1,7,13.0,0.5384615384615384,0.0,0.0,0.0,0.0,0.0,0.4615384615384615,0.0,1,0
8.0,1.0,2.0,8,2.0,3,1.0,1.0,9.0,9.0,2,2,3,1,2,3.0,2,0.3333,1,1,7,17.0,0.4117647058823529,0.0,0.0,0.2352941176470588,0.0,0.0,0.3529411764705882,0.0,1,0
8.0,1.0,2.0,8,2.0,3,1.0,1.0,9.0,9.0,2,2,3,1,2,3.0,2,0.3333,1,1,7,17.0,0.4117647058823529,0.0,0.0,0.2352941176470588,0.0,0.0,0.3529411764705882,0.0,1,0
2.0,2.0,1.0,2,0.0,2,0.0,0.0,1.0,0.0,1,0,0,0,0,1.0,0,0.0,0,0,1,2.0,0.0,0.0,0.0,0.4166666666666665,0.0,0.0,0.0,0.0,1,0
2.0,2.0,1.0,2,0.0,2,0.0,0.0,1.0,0.0,1,0,0,0,0,1.0,0,0.0,0,0,1,2.0,0.0,0.0,0.0,0.4166666666666665,0.0,0.0,0.0,0.0,1,0
4.0,1.0,0.0,5,0.0,1,0.0,0.0,3.0,2.0,1,1,2,1,1,2.0,1,0.6189,1,1,3,1.0,1.0,0.0,0.0,0.0,0.0,0.0,0.0,0.0,1,0
6.0,2.0,1.0,5,0.0,1,0.0,0.0,5.0,4.0,1,1,1,0,0,2.0,1,0.2,0,1,5,2.0,0.5,0.0,0.0,0.0,0.0,0.0,0.0,0.357142857142857,1,0
2.0,2.0,1.0,2,0.0,0,0.0,1.0,1.0,0.0,1,0,1,1,1,1.0,0,0.6189,1,1,1,2.0,0.0,0.0,0.0,0.0,0.0,0.0,0.9375,0.0,1,0
19.0,3.0,3.0,18,7.5,8,0.0,7.5,20.0,23.0,5,5,6,5,1,3.5,5,0.45,1,1,18,50.5,0.2619047619047619,0.4761904761904761,0.0,0.0,0.0,0.0,0.238095238095238,0.0238095238095238,1,0
13.0,3.0,6.0,16,7.0,2,2.0,5.0,12.0,11.0,1,2,2,0,0,3.0,2,0.1667,0,1,12,50.5,0.1111111111111111,0.5185185185185185,0.0,0.1481481481481481,0.0,0.0,0.1666666666666666,0.0555555555555555,1,0
9.0,2.0,2.0,6,0.0,3,0.0,0.0,8.0,7.0,1,3,3,0,0,3.5,3,0.375,0,1,8,5.0,1.0,0.0,0.0,0.0,0.0,0.0,0.0,0.0,1,0
12.0,2.0,2.0,12,2.0,8,2.5,2.0,13.0,14.0,3,4,5,2,2,3.5,4,0.3846,1,1,11,34.0,0.5294117647058824,0.0,0.0,0.3529411764705882,0.0,0.0,0.1176470588235294,0.0,1,0
21.5,1.0,7.5,17,7.5,10,2.5,7.5,25.5,29.5,6,5,6,5,5,3.5,5,0.2778,1,1,18,50.5,0.3809523809523809,0.0,0.0,0.1904761904761904,0.0,0.0,0.3571428571428571,0.0714285714285714,1,0
12.0,1.0,1.0,7,0.0,5,1.0,6.0,10.0,9.0,1,4,4,0,0,3.5,3,0.4,0,1,10,26.0,0.3846153846153846,0.0,0.0,0.1538461538461538,0.0,0.0,0.4615384615384615,0.0,1,0
21.5,2.0,7.5,16,7.5,9,1.0,7.5,25.5,29.5,6,4,6,5,5,3.0,4,0.175,1,1,18,50.5,0.219047619047619,0.3428571428571428,0.0,0.0380952380952381,0.0,0.0,0.3047619047619048,0.0952380952380952,1,0
21.5,3.0,7.5,18,7.5,10,1.0,7.5,25.5,29.5,6,5,6,5,5,3.5,5,0.2353,1,1,18,50.5,0.2733333333333333,0.32,0.0,0.0266666666666666,0.0,0.0,0.2933333333333333,0.0866666666666666,1,0
2.0,2.0,1.0,2,0.0,0,0.0,0.0,1.0,0.0,1,0,1,1,1,1.0,0,0.6189,1,1,1,1.0,0.0,0.0,0.0,0.0,0.0,0.0,0.9375,0.0,1,0
6.0,3.0,2.0,7,0.0,5,2.0,2.0,5.0,4.0,1,2,2,0,0,3.0,2,0.4,0,1,5,20.0,0.35,0.0,0.0,0.4,0.0,0.0,0.25,0.0,1,0
7.0,2.0,1.0,7,0.0,0,1.0,0.0,7.0,7.0,2,2,3,1,2,3.0,1,0.4286,1,1,6,9.0,0.0,0.0,0.0,0.4166666666666665,0.0,0.0,0.3333333333333333,0.0,1,0
2.0,2.0,1.0,2,0.0,0,0.0,0.0,1.0,0.0,1,0,1,1,1,1.0,0,0.6189,1,1,1,1.0,0.0,0.0,0.0,0.0,0.0,0.0,0.9375,0.0,1,0
7.0,3.0,3.0,9,1.0,5,2.0,1.0,6.0,5.0,1,2,2,0,0,3.0,2,0.3333,0,1,6,22.0,0.3181818181818182,0.1818181818181818,0.0,0.3636363636363636,0.0,0.0,0.1363636363636363,0.0,1,0
4.0,1.0,0.0,5,0.0,1,0.0,1.0,3.0,2.0,1,1,1,0,0,2.0,1,0.3333,0,1,3,1.0,1.0,0.0,0.0,0.0,0.0,0.0,0.0,0.0,1,0
7.0,2.0,1.0,7,0.0,0,1.0,0.0,7.0,7.0,2,2,3,1,2,3.0,1,0.4286,1,1,6,9.0,0.0,0.0,0.0,0.4166666666666665,0.0,0.0,0.3333333333333333,0.0,1,0
2.0,2.0,0.0,3,0.0,1,0.0,0.0,1.0,0.0,1,0,0,0,0,1.0,0,0.0,0,0,1,1.0,1.0,0.0,0.0,0.0,0.0,0.0,0.0,0.0,1,0
2.0,1.0,0.0,1,0.0,1,0.0,0.0,1.0,0.0,1,0,0,0,0,1.0,0,0.0,0,0,1,1.0,1.0,0.0,0.0,0.0,0.0,0.0,0.0,0.0,1,0
21.5,1.0,5.0,18,5.0,10,2.5,7.5,25.5,29.5,6,5,6,5,0,3.5,5,0.2647,0,1,18,50.5,0.3983739837398374,0.0,0.0,0.2276422764227642,0.0,0.0,0.3739837398373983,0.0,1,0
11.0,2.0,2.0,18,0.0,4,0.0,4.0,10.0,13.0,5,4,4,3,0,1.0,4,0.4,0,1,10,19.0,0.4210526315789473,0.0,0.0,0.0,0.0,0.0,0.3684210526315789,0.2105263157894736,1,0
7.0,0.0,1.0,5,0.0,1,0.0,0.0,6.0,6.0,2,1,1,1,0,1.0,1,0.1667,0,1,6,4.0,0.25,0.0,0.0,0.0,0.0,0.0,0.0,0.357142857142857,1,0
16.0,1.0,4.0,17,2.0,4,1.0,2.0,15.0,18.0,5,3,4,4,2,1.0,3,0.2667,1,1,13,19.0,0.3157894736842105,0.0,0.0,0.2105263157894736,0.0,0.0,0.2105263157894736,0.2631578947368421,1,0
17.0,1.0,4.0,18,2.0,5,2.0,3.0,15.0,18.0,5,3,4,4,2,1.0,3,0.2667,1,1,13,27.0,0.2962962962962963,0.0,0.0,0.2962962962962963,0.0,0.0,0.2222222222222222,0.1851851851851851,1,0
21.5,2.0,1.0,18,1.0,10,2.5,1.0,23.0,23.0,2,5,6,5,5,3.5,5,0.5652,1,1,18,24.0,0.125,0.0,0.0,0.4166666666666665,0.0,0.0,0.2083333333333333,0.0,1,0
3.0,1.0,0.0,3,0.0,1,0.0,1.0,2.0,1.0,1,0,0,0,0,1.0,0,0.0,0,0,2,4.0,0.5,0.0,0.0,0.0,0.0,0.0,0.5,0.0,1,0
3.0,1.0,0.0,3,0.0,3,0.0,1.0,2.0,1.0,1,0,0,0,0,1.0,0,0.0,0,0,2,4.0,0.5,0.0,0.0,0.0,0.0,0.0,0.5,0.0,1,0
3.0,1.0,0.0,2,0.0,1,0.0,1.0,2.0,1.0,1,0,0,0,0,1.0,0,0.0,0,0,2,4.0,0.5,0.0,0.0,0.0,0.0,0.0,0.5,0.0,1,0
19.0,2.0,1.0,14,2.0,10,1.0,2.0,19.0,23.0,6,5,6,3,2,2.0,2,0.3158,1,1,16,10.0,0.1,0.0,0.0,0.4166666666666665,0.0,0.0,0.0,0.3,1,0
15.0,2.0,2.0,13,0.0,10,0.0,0.0,13.0,12.0,1,3,5,2,2,3.5,3,0.3846,1,1,13,5.0,0.0,0.0,0.0,0.4166666666666665,0.0,0.0,0.0,0.2,1,0
5.0,2.0,1.0,5,0.0,6,1.0,0.0,3.0,2.0,1,1,1,0,0,2.0,1,0.3333,0,1,3,7.0,0.2857142857142857,0.0,0.0,0.4166666666666665,0.0,0.0,0.1428571428571428,0.0,1,0
13.0,1.0,1.0,10,0.0,6,1.0,1.0,14.0,17.0,5,3,5,3,4,2.0,1,0.3571,1,1,12,16.0,0.25,0.0,0.0,0.375,0.0,0.0,0.25,0.125,1,0
21.5,2.0,3.0,18,1.0,10,0.0,2.0,25.0,24.0,1,5,6,3,3,3.5,5,0.48,1,1,18,5.0,0.6,0.0,0.0,0.0,0.0,0.0,0.4,0.0,1,0
2.0,1.0,0.0,2,0.0,4,2.0,0.0,1.0,0.0,1,0,0,0,0,1.0,0,0.0,0,0,1,8.0,0.0,0.0,0.0,0.4166666666666665,0.0,0.0,0.0,0.0,1,0
7.0,1.0,0.0,7,0.0,6,0.0,0.0,6.0,5.0,1,2,2,0,0,3.0,2,0.3333,0,1,6,2.0,0.0,0.0,0.0,0.4166666666666665,0.0,0.0,0.0,0.0,1,0
2.0,1.0,0.0,2,0.0,0,0.0,0.0,1.0,0.0,1,0,1,1,1,1.0,0,0.6189,1,1,1,2.0,0.0,0.0,0.0,0.0,0.0,0.0,0.9375,0.0,1,0
2.0,3.0,2.0,2,0.0,0,0.0,2.0,1.0,0.0,1,0,1,1,1,1.0,0,0.6189,1,1,1,4.0,0.0,0.0,0.0,0.0,0.0,0.0,0.9375,0.0,1,0
2.0,1.0,0.0,2,0.0,0,0.0,2.0,1.0,0.0,1,0,0,0,0,1.0,0,0.0,0,0,1,6.0,0.0,0.0,0.0,0.0,0.0,0.0,0.9375,0.0,1,0
2.0,1.0,0.0,2,0.0,0,0.0,0.0,1.0,0.0,1,0,0,0,0,1.0,0,0.0,0,0,1,2.0,0.0,0.0,0.0,0.0,0.0,0.0,0.9375,0.0,1,0
2.0,1.0,0.0,2,0.0,0,0.0,0.0,1.0,0.0,1,0,0,0,0,1.0,0,0.0,0,0,1,2.0,0.0,0.0,0.0,0.0,0.0,0.0,0.9375,0.0,1,0
2.0,1.0,0.0,2,0.0,0,0.0,0.0,1.0,0.0,1,0,0,0,0,1.0,0,0.0,0,0,1,2.0,0.0,0.0,0.0,0.0,0.0,0.0,0.9375,0.0,1,0
21.5,3.5,7.0,18,7.5,10,2.5,7.5,25.5,29.5,6,5,6,5,1,2.0,5,0.3061,1,1,18,50.5,0.2848484848484848,0.1454545454545454,0.0,0.2484848484848484,0.0,0.0,0.2303030303030303,0.0909090909090909,1,0
4.0,2.0,1.0,5,0.0,1,0.0,2.0,3.0,2.0,1,1,3,2,2,2.0,1,0.6189,1,1,3,7.0,0.1428571428571428,0.0,0.0,0.0,0.0,0.0,0.8571428571428571,0.0,1,0
4.0,2.0,1.0,4,0.0,1,0.0,3.0,3.0,2.0,1,1,3,2,2,2.0,1,0.6189,1,1,3,11.0,0.0909090909090909,0.0,0.0,0.0,0.0,0.0,0.9090909090909092,0.0,1,0
14.0,3.5,3.0,2,0.0,0,0.0,0.0,25.5,25.0,1,0,0,0,0,0.0,0,0.0,0,0,14,11.0,0.0,0.0,0.0,0.0,0.0,0.0,0.2727272727272727,0.357142857142857,0,1
5.0,2.0,1.0,2,0.0,1,0.0,1.0,3.0,2.0,1,0,0,0,0,0.0,0,0.0,0,0,3,8.0,0.375,0.0,0.0,0.0,0.0,0.0,0.25,0.357142857142857,0,1
21.5,1.0,7.5,18,7.5,10,2.5,7.5,25.5,29.5,6,5,6,5,4,3.0,5,0.1754,1,1,18,50.5,0.2317073170731707,0.3170731707317073,0.0,0.1707317073170731,0.0,0.0,0.1524390243902439,0.1036585365853658,0,1
11.0,2.0,1.0,4,0.0,1,0.0,1.0,8.0,7.0,1,1,1,0,0,0.0,1,0.125,0,1,8,16.0,0.1875,0.0,0.0,0.125,0.0,0.0,0.125,0.357142857142857,0,1
2.0,0.0,0.0,1,0.0,1,0.0,0.0,1.0,0.0,1,0,0,0,0,1.0,0,0.0,0,0,1,3.0,1.0,0.0,0.0,0.0,0.0,0.0,0.0,0.0,0,1
10.0,2.0,1.0,5,0.0,3,1.0,0.0,7.0,7.0,2,2,2,1,0,2.0,2,0.2857,0,1,7,19.0,0.4736842105263157,0.0,0.0,0.2631578947368421,0.0,0.0,0.1052631578947368,0.1578947368421052,0,1
10.0,3.0,2.0,6,0.0,4,0.0,1.0,21.0,22.0,3,2,2,2,0,0.0,2,0.0952,0,1,10,9.0,0.6666666666666666,0.0,0.0,0.0,0.0,0.0,0.3333333333333333,0.0,0,1
21.5,0.0,7.5,18,7.5,10,2.5,7.5,25.5,29.5,6,5,6,5,1,2.0,5,0.2188,1,1,18,50.5,0.1798780487804878,0.5,0.0,0.1097560975609756,0.0,0.0,0.0609756097560975,0.1280487804878048,0,1
11.0,3.0,2.0,8,0.0,4,0.0,0.0,7.0,6.0,1,3,3,0,0,3.5,3,0.4286,0,1,7,10.0,0.8,0.0,0.0,0.2,0.0,0.0,0.0,0.0,0,1
21.5,3.5,7.5,15,7.5,5,2.5,7.5,11.0,13.0,4,3,3,1,0,1.0,3,0.2727,0,1,11,50.5,0.2112676056338028,0.3380281690140845,0.0,0.2253521126760563,0.0,0.0,0.1971830985915492,0.0140845070422535,0,1
14.0,1.0,5.0,6,7.5,2,1.0,7.5,13.0,14.0,3,1,2,2,2,1.0,1,0.1538,1,1,11,50.5,0.0697674418604651,0.6511627906976745,0.0,0.0465116279069767,0.0,0.0,0.2093023255813953,0.0232558139534883,0,1
21.5,3.5,7.0,14,7.5,8,2.5,7.5,19.0,23.0,6,4,5,2,1,1.0,4,0.2632,1,1,18,50.5,0.2181818181818181,0.4,0.0,0.1818181818181818,0.0,0.0,0.1636363636363636,0.0272727272727272,0,1
3.0,1.0,0.0,2,0.0,0,0.0,0.0,6.0,5.0,1,0,0,0,0,0.0,0,0.0,0,0,3,2.0,0.0,0.0,0.0,0.0,0.0,0.0,0.0,0.357142857142857,0,1
4.0,1.0,0.0,4,0.0,1,0.0,1.0,5.0,5.0,2,1,2,1,1,1.0,1,0.4,1,1,3,3.0,0.3333333333333333,0.0,0.0,0.0,0.0,0.0,0.6666666666666666,0.0,0,1
2.0,0.0,0.0,2,0.0,0,0.0,0.0,4.0,3.0,1,0,0,0,0,0.0,0,0.0,0,0,2,1.0,0.0,0.0,0.0,0.0,0.0,0.0,0.0,0.357142857142857,0,1
3.0,1.0,0.0,3,0.0,0,0.0,0.0,2.0,1.0,1,1,2,1,1,0.0,1,0.6189,1,1,2,3.0,0.0,0.0,0.0,0.4166666666666665,0.0,0.0,0.0,0.3333333333333333,0,1
10.0,0.0,0.0,4,3.0,2,0.0,2.0,7.0,6.0,1,3,3,0,0,3.5,3,0.4286,0,1,7,28.0,0.2142857142857142,0.4285714285714285,0.0,0.0714285714285714,0.0,0.0,0.2857142857142857,0.0,0,1
3.0,1.0,0.0,1,0.0,0,0.0,0.0,7.0,6.0,1,0,0,0,0,0.0,0,0.0,0,0,3,3.0,0.0,0.0,0.0,0.0,0.0,0.0,0.3333333333333333,0.357142857142857,0,1
2.0,1.0,0.0,1,0.0,0,0.0,0.0,1.0,0.0,1,0,0,0,0,0.0,0,0.0,0,0,1,1.0,0.0,0.0,0.0,0.0,0.0,0.0,0.0,0.357142857142857,0,1
8.0,2.0,1.0,6,0.0,0,0.0,0.0,6.0,5.0,1,0,1,1,1,0.0,0,0.1667,1,1,6,6.0,0.0,0.0,0.0,0.0,0.0,0.0,0.0,0.357142857142857,0,1
4.0,2.0,1.0,1,0.0,0,0.0,0.0,9.0,8.0,1,0,0,0,0,0.0,0,0.0,0,0,4,4.0,0.0,0.0,0.0,0.0,0.0,0.0,0.25,0.357142857142857,0,1
3.0,0.0,0.0,3,0.0,0,0.0,0.0,2.0,1.0,1,1,2,1,1,0.0,1,0.6189,1,1,2,3.0,0.0,0.0,0.0,0.4166666666666665,0.0,0.0,0.0,0.3333333333333333,0,1
11.0,3.0,4.0,9,0.0,2,0.0,3.0,10.0,12.0,4,3,5,3,2,1.0,3,0.5,1,1,10,17.0,0.3529411764705882,0.0,0.0,0.1176470588235294,0.0,0.0,0.3529411764705882,0.1764705882352941,0,1
20.0,3.5,7.5,7,7.5,3,0.0,7.0,19.0,23.0,6,4,5,2,2,1.0,4,0.2632,1,1,17,50.5,0.1139240506329113,0.6075949367088608,0.0,0.050632911392405,0.0,0.0,0.1518987341772152,0.0759493670886076,0,1
2.0,2.0,0.0,2,0.0,0,0.0,1.0,1.0,0.0,1,0,1,1,1,1.0,0,0.6189,1,1,1,2.0,0.0,0.0,0.0,0.0,0.0,0.0,0.9375,0.0,0,1
4.0,0.0,1.0,3,0.0,0,0.0,0.0,3.0,2.0,1,0,1,1,1,1.0,0,0.3333,1,1,3,1.0,0.0,0.0,0.0,0.0,0.0,0.0,0.0,0.357142857142857,0,1
12.0,3.5,4.0,9,0.0,2,0.0,3.0,10.0,12.0,4,3,5,3,2,1.0,3,0.5,1,1,10,17.0,0.3529411764705882,0.0,0.0,0.1176470588235294,0.0,0.0,0.3529411764705882,0.1764705882352941,0,1
21.5,3.5,7.5,8,7.5,4,0.0,7.5,23.0,28.0,6,4,6,3,4,1.0,4,0.2609,1,1,18,50.5,0.1237113402061855,0.6185567010309279,0.0,0.0412371134020618,0.0,0.0,0.1443298969072164,0.0721649484536082,0,1
2.0,2.0,0.0,2,0.0,0,0.0,1.0,1.0,0.0,1,0,1,1,1,1.0,0,0.6189,1,1,1,2.0,0.0,0.0,0.0,0.0,0.0,0.0,0.9375,0.0,0,1
6.0,3.0,1.0,1,0.0,2,0.0,0.0,15.0,14.0,1,0,0,0,0,0.0,0,0.0,0,0,6,2.0,0.0,0.0,0.0,0.0,0.0,0.0,0.0,0.357142857142857,0,1
4.0,0.0,0.0,4,0.0,1,0.0,0.0,5.0,5.0,2,1,1,1,0,1.0,1,0.2,0,1,3,1.0,1.0,0.0,0.0,0.0,0.0,0.0,0.0,0.0,0,1
5.0,3.5,3.0,2,3.0,0,0.0,1.0,1.0,0.0,1,0,1,1,1,1.0,0,0.6189,1,1,1,14.0,0.0,0.7142857142857142,0.0,0.0,0.0,0.0,0.1428571428571428,0.0,0,1
21.5,3.5,7.0,12,6.0,3,0.0,5.0,23.0,24.0,3,1,3,3,3,1.0,1,0.1304,1,1,17,40.0,0.175,0.4,0.0,0.0,0.0,0.0,0.25,0.175,0,1
13.0,1.0,3.0,11,1.0,6,0.0,3.0,0.0,0.0,0,0,0,0,0,0.0,0,0.0,0,0,0,1.0,0.0,0.0,0.0,0.0,0.0,0.0,0.0,0.357142857142857,0,1
16.0,3.5,6.0,6,2.0,0,0.0,4.0,25.5,29.5,1,0,0,0,0,0.0,0,0.0,0,0,16,16.0,0.0,0.25,0.0,0.0,0.0,0.0,0.5,0.1875,0,1
2.0,1.0,0.0,1,0.0,0,0.0,0.0,1.0,0.0,1,0,0,0,0,0.0,0,0.0,0,0,1,1.0,0.0,0.0,0.0,0.0,0.0,0.0,0.0,0.357142857142857,0,1
2.0,1.0,0.0,1,0.0,0,0.0,0.0,1.0,0.0,1,0,0,0,0,0.0,0,0.0,0,0,1,1.0,0.0,0.0,0.0,0.0,0.0,0.0,0.0,0.357142857142857,0,1
2.0,1.0,0.0,1,0.0,0,0.0,0.0,1.0,0.0,1,0,0,0,0,0.0,0,0.0,0,0,1,1.0,0.0,0.0,0.0,0.0,0.0,0.0,0.0,0.357142857142857,0,1
16.0,3.5,5.0,6,2.0,0,0.0,4.0,25.5,29.5,1,0,0,0,0,0.0,0,0.0,0,0,16,16.0,0.0,0.25,0.0,0.0,0.0,0.0,0.5,0.1875,0,1
21.5,2.0,7.5,18,7.5,10,1.0,7.5,25.5,29.5,6,5,6,5,5,0.0,5,0.2135,1,1,18,50.5,0.1551724137931034,0.4275862068965517,0.0,0.0620689655172413,0.0,0.0,0.2344827586206896,0.1206896551724138,0,1
11.0,2.0,0.0,10,0.0,7,0.0,1.0,25.5,29.5,4,3,3,3,0,0.0,3,0.1034,0,1,11,13.0,0.5384615384615384,0.0,0.0,0.0,0.0,0.0,0.2307692307692307,0.2307692307692307,0,1
5.0,1.0,0.0,7,1.0,3,0.0,0.0,10.0,10.0,2,1,1,1,0,0.0,1,0.1,0,1,4,9.0,0.3333333333333333,0.4444444444444444,0.0,0.0,0.0,0.0,0.1111111111111111,0.1111111111111111,0,1
5.0,1.0,0.0,6,0.0,1,0.0,0.0,10.0,10.0,2,1,1,1,0,0.0,1,0.1,0,1,4,5.0,0.6,0.0,0.0,0.0,0.0,0.0,0.2,0.2,0,1
6.0,0.0,1.0,5,0.0,1,0.0,2.0,6.0,7.0,3,1,2,1,2,1.0,0,0.3333,1,1,5,8.0,0.375,0.0,0.0,0.0,0.0,0.0,0.5,0.125,0,1
6.0,1.0,0.0,7,0.0,2,0.0,1.0,13.0,14.0,3,2,2,2,0,0.0,2,0.1538,0,1,5,10.0,0.6,0.0,0.0,0.0,0.0,0.0,0.3,0.1,0,1
7.0,1.0,2.0,6,2.0,4,2.5,2.0,7.0,8.0,3,1,2,2,2,1.0,1,0.2857,1,1,5,22.0,0.2272727272727272,0.0,0.0,0.4166666666666665,0.0,0.0,0.1818181818181818,0.0454545454545454,0,1
5.0,0.0,1.0,4,2.0,10,0.0,1.0,6.0,6.0,2,0,1,1,2,1.0,0,0.1667,1,1,4,5.0,0.4,0.0,0.0,0.0,0.0,0.0,0.4,0.2,0,1
8.0,0.0,3.0,7,3.0,2,0.0,3.0,9.0,9.0,2,1,2,1,2,2.0,1,0.2222,1,1,7,16.0,0.3125,0.25,0.0,0.0,0.0,0.0,0.375,0.0625,0,1
8.0,1.0,1.0,5,2.0,2,0.0,2.0,11.0,12.0,3,1,3,3,3,1.0,1,0.2727,1,1,7,11.0,0.5454545454545454,0.0,0.0,0.0,0.0,0.0,0.3636363636363636,0.0909090909090909,0,1
9.0,1.0,4.0,6,3.0,2,0.0,3.0,10.0,11.0,3,1,2,2,2,1.0,1,0.2,1,1,8,18.0,0.3333333333333333,0.2222222222222222,0.0,0.0,0.0,0.0,0.3333333333333333,0.1111111111111111,0,1
21.5,2.0,7.5,18,7.5,10,2.0,7.5,25.5,29.5,6,5,6,5,5,3.5,4,0.3488,1,1,18,50.5,0.3617021276595745,0.2127659574468085,0.0,0.0851063829787234,0.0,0.0,0.2765957446808511,0.0638297872340425,0,1
13.0,1.0,5.0,13,2.0,3,0.0,1.0,14.0,16.0,4,2,3,3,2,0.0,2,0.2143,1,1,11,12.0,0.5833333333333334,0.0,0.0,0.0,0.0,0.0,0.1666666666666666,0.25,0,1
8.0,1.0,0.0,11,0.0,1,0.0,2.0,7.0,7.0,2,2,3,1,1,1.0,2,0.4286,1,1,6,12.0,0.25,0.0,0.0,0.1666666666666666,0.0,0.0,0.5,0.0833333333333333,0,1
14.0,0.0,1.0,12,0.0,0,0.0,0.0,6.0,6.0,2,0,1,1,1,1.0,0,0.1667,1,1,6,3.0,0.0,0.0,0.0,0.0,0.0,0.0,0.0,0.357142857142857,0,1
2.0,0.0,0.0,1,0.0,1,0.0,3.0,1.0,0.0,1,0,0,0,0,1.0,0,0.0,0,0,1,9.0,0.3333333333333333,0.0,0.0,0.0,0.0,0.0,0.6666666666666666,0.0,0,1
3.0,2.0,2.0,5,3.0,1,0.0,1.0,4.0,4.0,2,0,1,1,2,0.0,0,0.25,1,1,2,10.0,0.3,0.4,0.0,0.0,0.0,0.0,0.2,0.1,0,1
5.0,3.0,3.0,6,4.0,1,0.0,1.0,4.0,4.0,2,0,1,1,2,0.0,0,0.25,1,1,2,14.0,0.2142857142857142,0.5714285714285714,0.0,0.0,0.0,0.0,0.1428571428571428,0.0714285714285714,0,1
2.0,0.0,0.0,2,1.0,0,0.0,1.0,1.0,0.0,1,0,0,0,0,1.0,0,0.0,0,0,1,6.0,0.0,0.6666666666666666,0.0,0.0,0.0,0.0,0.3333333333333333,0.0,0,1
15.0,3.5,3.0,9,3.0,3,0.0,2.0,25.5,25.0,1,0,0,0,0,0.0,0,0.0,0,0,13,22.0,0.0454545454545454,0.5454545454545454,0.0,0.0909090909090909,0.0,0.0,0.1818181818181818,0.1363636363636363,0,1
12.0,0.0,4.0,10,7.5,3,0.0,7.5,15.0,16.0,3,1,3,2,4,1.0,1,0.2,1,1,11,50.5,0.1343283582089552,0.4776119402985074,0.0,0.0,0.0,0.0,0.3283582089552239,0.0597014925373134,0,1
16.0,0.0,3.0,17,5.0,7,0.0,5.0,13.0,14.0,3,1,2,2,2,1.0,1,0.1538,1,1,11,34.0,0.1176470588235294,0.3529411764705882,0.0,0.1176470588235294,0.0,0.0,0.2941176470588235,0.1176470588235294,0,1
6.0,1.0,1.0,4,2.0,1,0.0,1.0,6.0,7.0,3,1,2,1,2,1.0,0,0.3333,1,1,5,4.0,0.25,0.0,0.0,0.0,0.0,0.0,0.5,0.25,0,1
21.5,1.0,7.5,18,7.5,9,1.0,7.5,25.5,29.5,6,5,6,5,2,1.0,5,0.2188,1,1,18,50.5,0.081081081081081,0.4054054054054054,0.0,0.0945945945945946,0.0,0.0,0.3378378378378378,0.081081081081081,0,1
4.0,0.0,2.0,5,3.0,1,0.0,3.0,5.0,5.0,2,0,1,1,2,0.0,0,0.2,1,1,3,14.0,0.2142857142857142,0.2857142857142857,0.0,0.0,0.0,0.0,0.4285714285714285,0.0714285714285714,0,1
5.0,0.0,0.0,4,0.0,6,0.0,0.0,5.0,5.0,2,0,1,1,2,1.0,0,0.2,1,1,4,1.0,0.0,0.0,0.0,0.0,0.0,0.0,0.0,0.357142857142857,0,1
3.0,3.0,0.0,3,0.0,0,0.0,1.0,1.0,0.0,1,0,0,0,0,0.0,0,0.0,0,0,1,3.0,0.0,0.0,0.0,0.0,0.0,0.0,0.6666666666666666,0.3333333333333333,0,1
2.0,0.0,0.0,2,1.0,0,0.0,0.0,1.0,0.0,1,0,0,0,0,1.0,0,0.0,0,0,1,4.0,0.0,0.7142857142857142,0.0,0.0,0.0,0.0,0.0,0.0,0,1
5.0,1.0,1.0,3,0.0,0,0.0,1.0,5.0,5.0,2,0,1,1,2,1.0,0,0.2,1,1,4,3.0,0.0,0.0,0.0,0.0,0.0,0.0,0.6666666666666666,0.3333333333333333,0,1
2.0,0.0,0.0,2,2.0,0,0.0,0.0,1.0,0.0,1,0,0,0,0,1.0,0,0.0,0,0,1,8.0,0.0,0.7142857142857142,0.0,0.0,0.0,0.0,0.0,0.0,0,1
7.0,1.0,0.0,13,3.0,1,0.0,3.0,3.0,2.0,1,1,1,0,0,2.0,1,0.3333,0,1,3,13.0,0.2307692307692307,0.3076923076923077,0.0,0.0,0.0,0.0,0.4615384615384615,0.0,0,1
8.0,1.0,2.0,10,2.0,2,1.0,2.0,9.0,10.0,3,2,3,2,2,2.0,2,0.3333,1,1,7,15.0,0.2666666666666666,0.0,0.0,0.4,0.0,0.0,0.2666666666666666,0.0666666666666666,0,1
2.0,0.0,0.0,1,1.0,0,0.0,1.0,1.0,0.0,1,0,0,0,0,1.0,0,0.0,0,0,1,8.0,0.0,0.5,0.0,0.25,0.0,0.0,0.25,0.0,0,1
17.0,1.0,1.0,8,0.0,7,2.5,0.0,9.0,7.0,1,2,3,1,1,3.5,2,0.3333,1,1,8,47.0,0.3404255319148936,0.0,0.0,0.4166666666666665,0.0,0.0,0.0638297872340425,0.0,0,1
4.0,1.0,0.0,3,0.0,0,0.0,0.0,2.0,1.0,1,0,0,0,0,0.0,0,0.0,0,0,2,2.0,0.0,0.0,0.0,0.0,0.0,0.0,0.0,0.357142857142857,0,1
4.0,1.0,0.0,3,0.0,0,0.0,1.0,2.0,1.0,1,0,0,0,0,0.0,0,0.0,0,0,2,2.0,0.0,0.0,0.0,0.0,0.0,0.0,0.0,0.357142857142857,0,1
3.0,0.0,0.0,1,0.0,0,0.0,2.0,5.0,4.0,1,0,0,0,0,0.0,0,0.0,0,0,3,4.0,0.0,0.0,0.0,0.0,0.0,0.0,0.9375,0.0,0,1
21.5,1.0,7.5,17,2.0,6,0.0,6.0,23.0,25.0,4,4,6,3,3,3.0,3,0.2609,1,1,18,29.0,0.3793103448275862,0.0,0.0,0.0689655172413793,0.0,0.0,0.4482758620689655,0.1034482758620689,0,1
16.0,3.0,4.0,7,7.5,4,0.0,7.0,16.0,17.0,3,0,2,2,4,1.0,0,0.125,1,1,12,42.0,0.1428571428571428,0.3809523809523809,0.0,0.0,0.0,0.0,0.3571428571428571,0.119047619047619,0,1
6.0,3.0,2.0,3,0.0,1,0.0,1.0,16.0,16.0,2,1,1,1,0,0.0,1,0.0625,0,1,6,5.0,0.6,0.0,0.0,0.0,0.0,0.0,0.4,0.0,0,1
4.0,1.0,2.0,2,7.0,0,0.0,1.0,3.0,2.0,1,0,0,0,0,1.0,0,0.0,0,0,3,27.0,0.0,0.7142857142857142,0.0,0.0,0.0,0.0,0.074074074074074,0.0,0,1
6.0,1.0,1.0,5,6.0,2,0.0,7.0,4.0,3.0,1,1,1,0,0,2.0,1,0.25,0,1,4,44.0,0.1363636363636363,0.5454545454545454,0.0,0.0,0.0,0.0,0.3181818181818182,0.0,0,1
7.0,1.0,0.0,4,0.0,2,0.0,2.0,5.0,4.0,1,2,3,1,1,3.0,2,0.6,1,1,5,10.0,0.6,0.0,0.0,0.0,0.0,0.0,0.4,0.0,0,1
4.0,1.0,0.0,4,1.0,2,0.0,5.0,3.0,2.0,1,1,1,0,0,2.0,1,0.3333,0,1,3,19.0,0.3157894736842105,0.0,0.0,0.1052631578947368,0.0,0.0,0.5263157894736842,0.0,0,1
5.0,2.0,2.0,4,1.0,2,1.0,1.0,5.0,5.0,2,1,1,1,0,1.0,1,0.2,0,1,4,13.0,0.4615384615384615,0.3076923076923077,0.0,0.2307692307692307,0.0,0.0,0.0,0.0,0,1
19.0,3.0,3.0,9,5.0,5,0.0,2.0,15.0,19.0,6,5,6,2,1,1.0,5,0.4,1,1,13,39.0,0.3846153846153846,0.5128205128205128,0.0,0.0,0.0,0.0,0.1025641025641025,0.0,0,1
16.0,2.0,2.0,11,1.0,7,2.0,7.5,15.0,17.0,4,5,5,3,0,3.0,5,0.3333,0,1,15,42.0,0.4761904761904761,0.0952380952380952,0.0,0.1904761904761904,0.0,0.0,0.238095238095238,0.0,0,1
2.0,2.0,1.0,4,1.0,0,0.0,1.0,1.0,0.0,1,0,0,0,0,1.0,0,0.0,0,0,1,6.0,0.0,0.6666666666666666,0.0,0.0,0.0,0.0,0.3333333333333333,0.0,0,1
17.0,2.0,4.0,12,7.0,8,2.0,7.5,20.0,23.0,5,4,6,4,4,3.0,4,0.3,1,1,16,50.5,0.3870967741935484,0.1935483870967742,0.0,0.1290322580645161,0.0,0.0,0.2580645161290322,0.032258064516129,0,1
2.0,1.0,0.0,4,3.0,0,0.0,1.0,1.0,0.0,1,0,0,0,0,1.0,0,0.0,0,0,1,11.0,0.0,0.7142857142857142,0.0,0.0,0.0,0.0,0.1818181818181818,0.0,0,1
2.0,2.0,1.0,4,0.0,1,2.0,0.0,1.0,0.0,1,0,0,0,0,1.0,0,0.0,0,0,1,11.0,0.2727272727272727,0.0,0.0,0.4166666666666665,0.0,0.0,0.0,0.0,0,1
9.0,2.0,1.0,6,2.0,6,1.0,1.0,10.0,10.0,2,3,4,2,3,3.5,3,0.4,1,1,8,22.0,0.4090909090909091,0.0,0.0,0.2727272727272727,0.0,0.0,0.2272727272727272,0.0,0,1
7.0,1.0,0.0,5,0.0,2,0.0,4.0,7.0,8.0,3,2,2,2,0,1.0,2,0.2857,0,1,6,10.0,0.6,0.0,0.0,0.0,0.0,0.0,0.4,0.0,0,1
6.0,1.0,0.0,8,1.0,2,0.0,4.0,6.0,6.0,2,2,2,1,0,2.0,2,0.3333,0,1,5,16.0,0.375,0.25,0.0,0.0,0.0,0.0,0.375,0.0,0,1
9.0,1.0,2.0,8,2.0,3,0.0,5.0,11.0,12.0,3,2,3,2,2,2.0,2,0.2727,1,1,8,18.0,0.5,0.0,0.0,0.0,0.0,0.0,0.4444444444444444,0.0555555555555555,0,1
21.5,2.0,3.0,13,7.5,10,2.5,7.5,23.0,29.0,6,5,6,5,2,2.0,5,0.3478,1,1,18,50.5,0.2517482517482518,0.1398601398601398,0.0,0.0839160839160839,0.0,0.0,0.3216783216783216,0.0629370629370629,0,1
4.0,1.0,0.0,4,1.0,1,0.0,3.0,3.0,2.0,1,1,1,0,0,2.0,1,0.3333,0,1,3,12.0,0.25,0.0,0.0,0.1666666666666666,0.0,0.0,0.5,0.0,0,1
4.0,1.0,0.0,4,1.0,1,0.0,3.0,3.0,2.0,1,1,1,0,0,2.0,1,0.3333,0,1,3,12.0,0.25,0.0,0.0,0.1666666666666666,0.0,0.0,0.5,0.0,0,1
2.0,2.0,1.0,4,1.0,0,0.0,0.0,1.0,0.0,1,0,0,0,0,1.0,0,0.0,0,0,1,4.0,0.0,0.7142857142857142,0.0,0.0,0.0,0.0,0.0,0.0,0,1
5.0,2.0,2.0,4,1.0,2,1.0,1.0,5.0,5.0,2,1,1,1,0,1.0,1,0.2,0,1,4,13.0,0.4615384615384615,0.3076923076923077,0.0,0.2307692307692307,0.0,0.0,0.0,0.0,0,1
2.0,2.0,1.0,3,1.0,0,0.0,0.0,1.0,0.0,1,0,1,1,1,1.0,0,0.6189,1,1,1,4.0,0.0,0.7142857142857142,0.0,0.0,0.0,0.0,0.0,0.0,0,1
21.5,2.0,3.0,13,6.0,8,0.0,7.0,23.0,29.5,6,5,6,2,1,1.0,5,0.3913,1,1,18,50.5,0.4,0.4,0.0,0.0,0.0,0.0,0.2,0.0,0,1
21.5,2.0,5.0,14,7.0,5,1.0,5.0,15.0,14.0,1,5,5,0,0,3.5,4,0.3333,0,1,15,50.5,0.1685393258426966,0.2696629213483146,0.0,0.0449438202247191,0.0,0.0,0.2808988764044944,0.0,0,1
8.0,2.0,5.0,6,1.0,2,2.0,2.0,7.0,6.0,1,1,1,0,0,2.0,1,0.1429,0,1,7,31.0,0.0967741935483871,0.1290322580645161,0.0,0.2580645161290322,0.0,0.0,0.2580645161290322,0.0,0,1
2.0,2.0,1.0,2,5.0,0,0.0,0.0,1.0,0.0,1,0,0,0,0,1.0,0,0.0,0,0,1,20.0,0.0,0.7142857142857142,0.0,0.0,0.0,0.0,0.0,0.0,0,1
11.0,3.0,2.0,9,0.0,0,0.0,0.0,6.0,4.0,1,1,1,0,0,3.0,0,0.1667,0,1,5,2.0,0.0,0.0,0.0,0.4166666666666665,0.0,0.0,0.0,0.0,0,1
4.0,3.0,4.0,5,3.0,0,0.0,1.0,3.0,2.0,1,0,0,0,0,1.0,0,0.0,0,0,3,14.0,0.0,0.7142857142857142,0.0,0.0,0.0,0.0,0.1428571428571428,0.0,0,1
21.5,3.0,5.0,18,7.0,8,0.0,7.5,25.5,29.5,6,5,6,5,0,1.0,3,0.2195,0,1,18,50.5,0.3157894736842105,0.2631578947368421,0.0,0.0,0.0,0.0,0.2105263157894736,0.2105263157894736,0,1
2.0,1.0,0.0,4,3.0,0,0.0,1.0,1.0,0.0,1,0,0,0,0,1.0,0,0.0,0,0,1,11.0,0.0,0.7142857142857142,0.0,0.0,0.0,0.0,0.1818181818181818,0.0,0,1
5.0,2.0,2.0,4,1.0,2,1.0,1.0,5.0,5.0,2,1,1,1,0,1.0,1,0.2,0,1,4,13.0,0.4615384615384615,0.3076923076923077,0.0,0.2307692307692307,0.0,0.0,0.0,0.0,0,1
11.0,2.0,3.0,5,2.0,2,0.0,2.0,9.0,10.0,3,2,2,1,0,1.0,2,0.2222,0,1,8,13.0,0.3846153846153846,0.3076923076923077,0.0,0.0,0.0,0.0,0.1538461538461538,0.0,0,1
2.0,1.0,0.0,2,1.0,2,0.0,5.0,1.0,0.0,1,0,0,0,0,1.0,0,0.0,0,0,1,16.0,0.375,0.0,0.0,0.0,0.0,0.0,0.625,0.0,0,1
21.5,2.0,7.5,18,7.5,10,0.0,7.5,25.5,29.5,6,5,6,5,5,0.0,4,0.1429,1,1,18,50.5,0.3305084745762712,0.3389830508474576,0.0,0.0,0.0,0.0,0.1864406779661017,0.135593220338983,0,1
2.0,0.0,0.0,2,1.0,0,0.0,2.0,6.0,5.0,1,0,0,0,0,0.0,0,0.0,0,0,2,4.0,0.0,0.0,0.0,0.0,0.0,0.0,0.9375,0.0,0,1
2.0,1.0,0.0,2,1.0,0,0.0,2.0,8.0,7.0,1,0,0,0,0,0.0,0,0.0,0,0,2,4.0,0.0,0.0,0.0,0.0,0.0,0.0,0.9375,0.0,0,1
21.5,3.0,6.0,13,4.0,3,0.0,2.0,20.0,21.0,3,2,3,2,1,1.0,2,0.15,1,1,18,28.0,0.3214285714285714,0.2857142857142857,0.0,0.0,0.0,0.0,0.1428571428571428,0.25,0,1
3.0,1.0,0.0,2,0.0,0,0.0,0.0,7.0,6.0,1,0,0,0,0,0.0,0,0.0,0,0,3,2.0,0.0,0.0,0.0,0.0,0.0,0.0,0.0,0.357142857142857,0,1
17.0,2.0,3.0,12,2.0,5,0.0,7.0,25.5,29.5,6,5,6,5,2,0.0,5,0.2143,1,1,16,26.0,0.5,0.0,0.0,0.0769230769230769,0.0,0.0,0.3076923076923077,0.1153846153846153,0,1
15.0,1.0,3.0,9,2.0,4,0.0,7.0,21.0,24.0,5,3,4,4,2,0.0,3,0.1905,1,1,15,22.0,0.5454545454545454,0.0,0.0,0.0,0.0,0.0,0.3636363636363636,0.0909090909090909,0,1
3.0,1.0,0.0,2,0.0,0,0.0,0.0,7.0,6.0,1,0,0,0,0,0.0,0,0.0,0,0,3,2.0,0.0,0.0,0.0,0.0,0.0,0.0,0.0,0.357142857142857,0,1
17.0,2.0,3.0,12,2.0,5,0.0,7.0,25.5,29.5,6,5,6,5,2,0.0,5,0.2143,1,1,16,26.0,0.5,0.0,0.0,0.0769230769230769,0.0,0.0,0.3076923076923077,0.1153846153846153,0,1
15.0,1.0,3.0,9,2.0,4,0.0,7.0,21.0,24.0,5,3,4,4,2,0.0,3,0.1905,1,1,15,22.0,0.5454545454545454,0.0,0.0,0.0,0.0,0.0,0.3636363636363636,0.0909090909090909,0,1
6.0,2.0,1.0,3,0.0,2,1.0,3.0,11.0,11.0,2,1,1,1,0,0.0,1,0.0909,0,1,6,16.0,0.375,0.0,0.0,0.25,0.0,0.0,0.25,0.125,0,1
2.0,1.0,0.0,2,0.0,0,0.0,2.0,1.0,0.0,1,0,0,0,0,0.0,0,0.0,0,0,1,5.0,0.0,0.0,0.0,0.0,0.0,0.0,0.8,0.2,0,1
5.0,1.0,2.0,2,2.0,1,0.0,3.0,11.0,11.0,2,0,0,1,2,0.0,0,0.0,1,0,5,11.0,0.2727272727272727,0.0,0.0,0.0,0.0,0.0,0.5454545454545454,0.1818181818181818,0,1
2.0,0.0,0.0,3,0.0,0,0.0,0.0,1.0,0.0,1,0,0,0,0,1.0,0,0.0,0,0,1,1.0,0.0,0.0,0.0,0.0,0.0,0.0,0.9375,0.0,0,1
6.0,0.0,2.0,5,2.0,1,0.0,3.0,7.0,7.0,2,0,1,1,2,1.0,0,0.1429,1,1,5,10.0,0.3,0.0,0.0,0.0,0.0,0.0,0.6,0.1,0,1
13.0,1.0,4.0,10,5.0,4,1.0,3.0,17.0,19.0,4,1,3,3,4,1.0,1,0.1765,1,1,12,26.0,0.4615384615384615,0.1538461538461538,0.0,0.1538461538461538,0.0,0.0,0.1923076923076923,0.0384615384615384,0,1
2.0,0.0,0.0,1,0.0,0,0.0,1.0,1.0,0.0,1,0,0,0,0,1.0,0,0.0,0,0,1,2.0,0.0,0.0,0.0,0.0,0.0,0.0,0.9375,0.0,0,1
13.0,1.0,4.0,10,5.0,4,1.0,3.0,17.0,19.0,4,1,3,3,4,1.0,1,0.1765,1,1,12,26.0,0.4615384615384615,0.1538461538461538,0.0,0.1538461538461538,0.0,0.0,0.1923076923076923,0.0384615384615384,0,1
10.0,1.0,4.0,6,5.0,2,0.0,2.0,13.0,14.0,3,0,2,2,4,1.0,0,0.1538,1,1,9,16.0,0.375,0.25,0.0,0.0,0.0,0.0,0.3125,0.0625,0,1
10.0,1.0,4.0,6,5.0,2,0.0,2.0,13.0,14.0,3,0,2,2,4,1.0,0,0.1538,1,1,9,16.0,0.375,0.25,0.0,0.0,0.0,0.0,0.3125,0.0625,0,1
16.0,1.0,7.0,12,7.0,4,0.0,5.0,22.0,25.0,5,1,4,4,5,1.0,1,0.1818,1,1,15,27.0,0.4444444444444444,0.1481481481481481,0.0,0.0,0.0,0.0,0.3333333333333333,0.074074074074074,0,1
8.0,0.0,4.0,7,4.0,2,0.0,4.0,11.0,12.0,3,0,2,2,4,1.0,0,0.1818,1,1,7,16.0,0.375,0.0,0.0,0.0,0.0,0.0,0.5,0.125,0,1
15.0,3.5,4.0,6,7.5,7,2.5,7.5,9.0,10.0,3,1,2,2,2,1.0,1,0.2222,1,1,7,50.5,0.2470588235294117,0.3294117647058823,0.0,0.2352941176470588,0.0,0.0,0.1764705882352941,0.0117647058823529,0,1
16.0,2.0,2.0,8,5.0,3,0.0,5.0,18.0,20.0,4,1,3,3,4,1.0,1,0.1667,1,1,12,19.0,0.3684210526315789,0.2105263157894736,0.0,0.0,0.0,0.0,0.3684210526315789,0.0526315789473684,0,1
21.5,3.0,5.0,18,7.0,10,2.5,7.5,25.5,29.5,6,5,6,5,4,0.0,5,0.2903,1,1,18,50.5,0.3953488372093023,0.1395348837209302,0.0,0.1395348837209302,0.0,0.0,0.2790697674418604,0.0465116279069767,0,1
7.0,1.0,1.0,7,0.0,0,0.0,6.0,7.0,7.0,2,1,1,1,0,1.0,1,0.1429,0,1,6,14.0,0.0,0.0,0.0,0.1428571428571428,0.0,0.0,0.7857142857142857,0.0714285714285714,0,1
4.0,2.0,3.0,3,2.0,4,2.5,4.0,3.0,2.0,1,0,0,0,0,1.0,0,0.0,0,0,3,40.0,0.3,0.2,0.0,0.3,0.0,0.0,0.2,0.0,0,1
8.0,1.0,2.0,7,2.0,1,0.0,5.0,10.0,11.0,3,1,2,2,2,1.0,1,0.2,1,1,7,15.0,0.2,0.0,0.0,0.1333333333333333,0.0,0.0,0.6,0.0666666666666666,0,1
7.0,1.0,1.0,6,0.0,0,0.0,4.0,7.0,7.0,2,1,1,1,0,1.0,1,0.1429,0,1,6,9.0,0.0,0.0,0.0,0.2222222222222222,0.0,0.0,0.6666666666666666,0.1111111111111111,0,1
8.0,1.0,2.0,6,2.0,1,0.0,3.0,10.0,11.0,3,1,2,2,2,1.0,1,0.2,1,1,7,10.0,0.3,0.0,0.0,0.2,0.0,0.0,0.4,0.1,0,1
9.0,0.0,4.0,6,4.0,2,0.0,2.0,12.0,13.0,3,0,2,2,4,1.0,0,0.1667,1,1,8,12.0,0.5,0.0,0.0,0.0,0.0,0.0,0.4166666666666667,0.0833333333333333,0,1
21.5,1.0,7.5,18,7.5,10,0.0,7.5,25.5,29.5,6,3,6,5,5,1.0,3,0.2308,1,1,18,50.5,0.4,0.2133333333333333,0.0,0.0533333333333333,0.0,0.0,0.28,0.0533333333333333,0,1
10.0,0.0,2.0,8,2.0,1,0.0,2.0,11.0,12.0,3,2,3,2,2,2.0,2,0.2727,1,1,8,12.0,0.25,0.0,0.0,0.3333333333333333,0.0,0.0,0.3333333333333333,0.0833333333333333,0,1
2.0,0.0,0.0,4,0.0,1,0.0,0.0,1.0,0.0,1,0,0,0,0,1.0,0,0.0,0,0,1,3.0,1.0,0.0,0.0,0.0,0.0,0.0,0.0,0.0,0,1
9.0,0.0,0.0,4,0.0,1,0.0,0.0,7.0,5.0,1,1,1,0,0,3.0,1,0.1429,0,1,6,5.0,0.2,0.0,0.0,0.0,0.0,0.0,0.6,0.2,0,1
21.5,0.0,7.5,18,7.5,10,0.0,7.5,25.5,29.5,6,4,6,5,5,0.0,3,0.1935,1,1,18,50.5,0.4090909090909091,0.1363636363636363,0.0,0.0,0.0,0.0,0.2045454545454545,0.2272727272727272,0,1
7.0,0.0,2.0,6,2.0,1,0.0,4.0,9.0,10.0,3,1,2,2,2,1.0,1,0.2222,1,1,6,12.0,0.25,0.0,0.0,0.1666666666666666,0.0,0.0,0.5,0.0833333333333333,0,1
13.0,1.0,5.0,7,5.0,3,0.0,4.0,17.0,19.0,4,1,3,3,4,1.0,1,0.1765,1,1,12,21.0,0.4285714285714285,0.1904761904761904,0.0,0.0,0.0,0.0,0.2857142857142857,0.0952380952380952,0,1
12.0,1.0,5.0,7,5.0,3,0.0,4.0,16.0,18.0,4,1,3,3,4,1.0,1,0.1875,1,1,11,21.0,0.4285714285714285,0.1904761904761904,0.0,0.0,0.0,0.0,0.2857142857142857,0.0952380952380952,0,1
10.0,1.0,3.0,8,2.0,2,0.0,3.0,12.0,13.0,3,1,3,3,3,1.0,1,0.25,1,1,9,11.0,0.5454545454545454,0.0,0.0,0.0,0.0,0.0,0.3636363636363636,0.0909090909090909,0,1
15.0,0.0,3.0,15,4.0,5,0.0,7.5,18.0,22.0,6,3,6,5,5,1.0,3,0.3333,1,1,14,29.0,0.4137931034482758,0.0,0.0,0.0,0.0,0.0,0.3448275862068966,0.2413793103448276,0,1
17.0,1.0,5.0,14,4.0,7,1.0,2.0,19.0,20.0,3,4,6,2,4,3.5,4,0.3158,1,1,15,32.0,0.5625,0.0,0.0,0.125,0.0,0.0,0.3125,0.0,0,1
12.0,0.0,5.0,6,7.5,2,0.0,7.5,14.0,15.0,3,0,2,2,4,1.0,0,0.1429,1,1,10,50.5,0.0779220779220779,0.6233766233766234,0.0,0.0,0.0,0.0,0.2597402597402597,0.0389610389610389,0,1
4.0,0.0,0.0,4,0.0,1,0.0,0.0,3.0,3.0,2,1,1,1,0,1.0,1,0.3333,0,1,3,2.0,0.5,0.0,0.0,0.0,0.0,0.0,0.0,0.357142857142857,0,1
4.0,0.0,0.0,2,0.0,0,0.0,2.0,3.0,2.0,1,0,0,0,0,1.0,0,0.0,0,0,3,5.0,0.0,0.0,0.0,0.0,0.0,0.0,0.8,0.2,0,1
6.0,2.0,1.0,3,0.0,2,1.0,3.0,11.0,11.0,2,1,1,1,0,0.0,1,0.0909,0,1,6,16.0,0.375,0.0,0.0,0.25,0.0,0.0,0.25,0.125,0,1
2.0,1.0,0.0,2,0.0,0,0.0,2.0,1.0,0.0,1,0,0,0,0,0.0,0,0.0,0,0,1,5.0,0.0,0.0,0.0,0.0,0.0,0.0,0.8,0.2,0,1
10.0,1.0,4.0,4,4.0,2,0.0,3.0,13.0,14.0,3,0,2,2,4,0.0,0,0.1538,1,1,9,15.0,0.4,0.0,0.0,0.0,0.0,0.0,0.4,0.2,0,1
10.0,1.0,4.0,4,4.0,2,0.0,3.0,13.0,14.0,3,0,2,2,4,0.0,0,0.1538,1,1,9,15.0,0.4,0.0,0.0,0.0,0.0,0.0,0.4,0.2,0,1
5.0,1.0,2.0,2,2.0,1,0.0,3.0,11.0,11.0,2,0,0,1,2,0.0,0,0.0,1,0,5,11.0,0.2727272727272727,0.0,0.0,0.0,0.0,0.0,0.5454545454545454,0.1818181818181818,0,1
2.0,0.0,0.0,3,0.0,0,0.0,0.0,1.0,0.0,1,0,0,0,0,1.0,0,0.0,0,0,1,1.0,0.0,0.0,0.0,0.0,0.0,0.0,0.9375,0.0,0,1
6.0,0.0,2.0,5,2.0,1,0.0,3.0,7.0,7.0,2,0,1,1,2,1.0,0,0.1429,1,1,5,10.0,0.3,0.0,0.0,0.0,0.0,0.0,0.6,0.1,0,1
13.0,1.0,4.0,11,4.0,4,1.0,3.0,17.0,19.0,4,1,4,4,5,1.0,1,0.2353,1,1,12,22.0,0.5454545454545454,0.0,0.0,0.1818181818181818,0.0,0.0,0.2272727272727272,0.0454545454545454,0,1
2.0,0.0,0.0,1,0.0,0,0.0,1.0,1.0,0.0,1,0,0,0,0,1.0,0,0.0,0,0,1,2.0,0.0,0.0,0.0,0.0,0.0,0.0,0.9375,0.0,0,1
13.0,1.0,4.0,11,4.0,4,1.0,3.0,17.0,19.0,4,1,4,4,5,1.0,1,0.2353,1,1,12,22.0,0.5454545454545454,0.0,0.0,0.1818181818181818,0.0,0.0,0.2272727272727272,0.0454545454545454,0,1
10.0,1.0,4.0,7,4.0,2,0.0,2.0,13.0,14.0,3,0,2,2,4,1.0,0,0.1538,1,1,9,12.0,0.5,0.0,0.0,0.0,0.0,0.0,0.4166666666666667,0.0833333333333333,0,1
10.0,1.0,4.0,7,4.0,2,0.0,2.0,13.0,14.0,3,0,2,2,4,1.0,0,0.1538,1,1,9,12.0,0.5,0.0,0.0,0.0,0.0,0.0,0.4166666666666667,0.0833333333333333,0,1
16.0,1.0,7.0,14,6.0,4,0.0,4.0,22.0,25.0,5,1,5,5,5,1.0,1,0.2273,1,1,15,21.0,0.5714285714285714,0.0,0.0,0.0,0.0,0.0,0.3333333333333333,0.0952380952380952,0,1
8.0,0.0,4.0,8,4.0,2,0.0,2.0,11.0,12.0,3,0,2,2,4,1.0,0,0.1818,1,1,7,12.0,0.5,0.0,0.0,0.0,0.0,0.0,0.3333333333333333,0.1666666666666666,0,1
15.0,3.5,4.0,6,7.5,7,2.5,7.5,9.0,10.0,3,1,2,2,2,1.0,1,0.2222,1,1,7,50.5,0.2470588235294117,0.3294117647058823,0.0,0.2352941176470588,0.0,0.0,0.1764705882352941,0.0117647058823529,0,1
16.0,2.0,2.0,8,5.0,3,0.0,5.0,18.0,20.0,4,1,3,3,4,1.0,1,0.1667,1,1,12,19.0,0.3684210526315789,0.2105263157894736,0.0,0.0,0.0,0.0,0.3684210526315789,0.0526315789473684,0,1
21.5,3.0,5.0,18,7.0,10,2.5,7.5,25.5,29.5,6,5,6,5,4,0.0,5,0.2903,1,1,18,50.5,0.3953488372093023,0.1395348837209302,0.0,0.1395348837209302,0.0,0.0,0.2790697674418604,0.0465116279069767,0,1
7.0,1.0,1.0,7,0.0,0,0.0,6.0,7.0,7.0,2,1,1,1,0,1.0,1,0.1429,0,1,6,14.0,0.0,0.0,0.0,0.1428571428571428,0.0,0.0,0.7857142857142857,0.0714285714285714,0,1
4.0,2.0,3.0,3,0.0,4,2.5,2.0,3.0,2.0,1,0,0,0,0,1.0,0,0.0,0,0,3,28.0,0.4285714285714285,0.0,0.0,0.4166666666666665,0.0,0.0,0.1428571428571428,0.0,0,1
8.0,1.0,2.0,7,2.0,1,0.0,5.0,10.0,11.0,3,1,2,2,2,1.0,1,0.2,1,1,7,15.0,0.2,0.0,0.0,0.1333333333333333,0.0,0.0,0.6,0.0666666666666666,0,1
8.0,1.0,2.0,7,2.0,1,0.0,3.0,10.0,11.0,3,1,2,2,2,1.0,1,0.2,1,1,7,10.0,0.3,0.0,0.0,0.2,0.0,0.0,0.4,0.1,0,1
8.0,1.0,2.0,7,2.0,1,0.0,3.0,10.0,11.0,3,1,2,2,2,1.0,1,0.2,1,1,7,10.0,0.3,0.0,0.0,0.2,0.0,0.0,0.4,0.1,0,1
9.0,0.0,4.0,6,4.0,2,0.0,2.0,12.0,13.0,3,0,2,2,4,1.0,0,0.1667,1,1,8,12.0,0.5,0.0,0.0,0.0,0.0,0.0,0.4166666666666667,0.0833333333333333,0,1
21.5,1.0,7.5,18,7.5,10,0.0,7.5,25.5,29.5,6,3,6,5,5,1.0,3,0.2308,1,1,18,50.5,0.4477611940298507,0.1194029850746268,0.0,0.0597014925373134,0.0,0.0,0.3134328358208955,0.0597014925373134,0,1
10.0,0.0,2.0,10,2.0,2,0.0,3.0,11.0,12.0,3,2,3,2,2,2.0,2,0.2727,1,1,8,15.0,0.4,0.0,0.0,0.2666666666666666,0.0,0.0,0.2666666666666666,0.0666666666666666,0,1
2.0,0.0,0.0,4,0.0,1,0.0,0.0,1.0,0.0,1,0,0,0,0,1.0,0,0.0,0,0,1,3.0,1.0,0.0,0.0,0.0,0.0,0.0,0.0,0.0,0,1
9.0,0.0,0.0,4,0.0,1,0.0,0.0,7.0,5.0,1,1,1,0,0,3.0,1,0.1429,0,1,6,5.0,0.2,0.0,0.0,0.0,0.0,0.0,0.6,0.2,0,1
21.5,0.0,7.5,18,7.5,10,0.0,7.5,25.5,29.5,6,4,6,5,5,0.0,3,0.1905,1,1,18,50.5,0.4390243902439024,0.048780487804878,0.0,0.0,0.0,0.0,0.2439024390243902,0.2439024390243902,0,1
7.0,0.0,2.0,7,2.0,1,0.0,4.0,9.0,10.0,3,1,2,2,2,1.0,1,0.2222,1,1,6,12.0,0.25,0.0,0.0,0.1666666666666666,0.0,0.0,0.5,0.0833333333333333,0,1
12.0,1.0,5.0,10,4.0,3,0.0,3.0,16.0,18.0,4,1,3,3,4,1.0,1,0.1875,1,1,11,15.0,0.6,0.0,0.0,0.0,0.0,0.0,0.2666666666666666,0.1333333333333333,0,1
12.0,1.0,5.0,9,4.0,3,0.0,3.0,16.0,18.0,4,1,3,3,4,1.0,1,0.1875,1,1,11,15.0,0.6,0.0,0.0,0.0,0.0,0.0,0.2666666666666666,0.1333333333333333,0,1
10.0,1.0,3.0,8,2.0,2,0.0,3.0,12.0,13.0,3,1,3,3,3,1.0,1,0.25,1,1,9,11.0,0.5454545454545454,0.0,0.0,0.0,0.0,0.0,0.3636363636363636,0.0909090909090909,0,1
15.0,0.0,3.0,15,4.0,5,0.0,7.5,18.0,22.0,6,3,6,5,5,1.0,3,0.3333,1,1,14,29.0,0.4137931034482758,0.0,0.0,0.0,0.0,0.0,0.3448275862068966,0.2413793103448276,0,1
16.0,1.0,5.0,13,4.0,6,1.0,2.0,19.0,20.0,3,4,6,3,5,3.5,4,0.3158,1,1,15,31.0,0.4838709677419355,0.0,0.0,0.1935483870967742,0.0,0.0,0.3225806451612903,0.0,0,1
12.0,0.0,5.0,6,7.5,2,0.0,7.5,14.0,15.0,3,0,3,3,5,1.0,0,0.2143,1,1,10,50.5,0.0779220779220779,0.6233766233766234,0.0,0.0,0.0,0.0,0.2597402597402597,0.0389610389610389,0,1
4.0,0.0,0.0,4,0.0,1,0.0,0.0,3.0,3.0,2,1,1,1,0,1.0,1,0.3333,0,1,3,2.0,0.5,0.0,0.0,0.0,0.0,0.0,0.0,0.357142857142857,0,1
4.0,0.0,0.0,2,0.0,0,0.0,2.0,3.0,2.0,1,0,0,0,0,1.0,0,0.0,0,0,3,5.0,0.0,0.0,0.0,0.0,0.0,0.0,0.8,0.2,0,1
8.0,1.0,3.0,8,3.0,2,0.0,5.0,9.0,10.0,3,1,2,2,2,1.0,1,0.2222,1,1,7,22.0,0.2727272727272727,0.1818181818181818,0.0,0.0,0.0,0.0,0.4545454545454545,0.0909090909090909,0,1
12.0,2.0,7.0,10,4.0,3,0.0,3.0,13.0,15.0,4,2,3,2,2,1.0,2,0.2308,1,1,11,25.0,0.36,0.32,0.0,0.0,0.0,0.0,0.24,0.08,0,1
13.0,1.0,5.0,13,2.0,3,0.0,1.0,14.0,16.0,4,2,3,3,2,0.0,2,0.2143,1,1,11,12.0,0.5833333333333334,0.0,0.0,0.0,0.0,0.0,0.1666666666666666,0.25,0,1
7.0,1.0,1.0,9,3.0,3,0.0,5.0,8.0,8.0,2,2,3,1,2,3.0,2,0.375,1,1,6,26.0,0.3461538461538461,0.1538461538461538,0.0,0.0,0.0,0.0,0.5,0.0,0,1
7.0,1.0,1.0,9,3.0,3,0.0,5.0,8.0,8.0,2,2,3,1,2,3.0,2,0.375,1,1,6,26.0,0.3461538461538461,0.1538461538461538,0.0,0.0,0.0,0.0,0.5,0.0,0,1
8.0,1.0,0.0,11,0.0,1,0.0,3.0,7.0,7.0,2,2,3,1,1,1.0,2,0.4286,1,1,6,12.0,0.25,0.0,0.0,0.1666666666666666,0.0,0.0,0.5,0.0833333333333333,0,1
9.0,0.0,1.0,8,0.0,0,0.0,0.0,6.0,6.0,2,0,1,1,1,1.0,0,0.1667,1,1,6,3.0,0.0,0.0,0.0,0.0,0.0,0.0,0.0,0.357142857142857,0,1
6.0,3.0,2.0,5,0.0,0,0.0,0.0,13.0,12.0,1,0,0,0,0,0.0,0,0.0,0,0,6,3.0,0.0,0.0,0.0,0.0,0.0,0.0,0.0,0.357142857142857,0,1
5.0,1.0,0.0,4,0.0,2,1.0,2.0,4.0,4.0,2,1,1,1,0,0.0,1,0.25,0,1,4,10.0,0.3,0.0,0.0,0.4,0.0,0.0,0.2,0.1,0,1
5.0,1.0,0.0,3,0.0,1,0.0,1.0,4.0,4.0,2,1,1,1,0,0.0,1,0.25,0,1,4,2.0,0.5,0.0,0.0,0.0,0.0,0.0,0.0,0.357142857142857,0,1
5.0,1.0,0.0,3,0.0,1,0.0,1.0,4.0,4.0,2,1,1,1,0,0.0,1,0.25,0,1,4,2.0,0.5,0.0,0.0,0.0,0.0,0.0,0.0,0.357142857142857,0,1
16.0,3.0,4.0,18,1.0,2,1.0,6.0,14.0,15.0,3,2,2,1,0,1.0,2,0.1429,0,1,14,28.0,0.2142857142857142,0.0,0.0,0.1428571428571428,0.0,0.0,0.2857142857142857,0.3214285714285714,0,1
9.0,3.5,3.0,8,0.0,0,1.0,0.0,6.0,6.0,2,1,1,1,0,1.0,1,0.1667,0,1,6,8.0,0.0,0.0,0.0,0.4166666666666665,0.0,0.0,0.0,0.357142857142857,0,1
12.0,3.0,3.0,8,0.0,0,0.0,2.0,8.0,9.0,3,2,4,3,2,1.0,2,0.5,1,1,8,4.0,0.0,0.0,0.0,0.0,0.0,0.0,0.5,0.357142857142857,0,1
4.0,1.0,1.0,3,0.0,0,0.0,1.0,3.0,2.0,1,0,0,0,0,1.0,0,0.0,0,0,3,3.0,0.0,0.0,0.0,0.0,0.0,0.0,0.6666666666666666,0.3333333333333333,0,1
21.5,2.0,7.5,18,5.0,5,2.0,6.0,25.5,29.5,2,3,4,1,0,3.5,3,0.125,0,1,18,47.0,0.2340425531914893,0.1702127659574468,0.0,0.1702127659574468,0.0,0.0,0.1702127659574468,0.2553191489361702,0,1
3.0,2.0,1.0,4,1.0,0,0.0,1.0,2.0,1.0,1,0,0,0,0,0.0,0,0.0,0,0,2,8.0,0.0,0.5,0.0,0.0,0.0,0.0,0.25,0.25,0,1
11.0,3.0,6.0,8,2.0,3,0.0,1.0,12.0,14.0,4,2,4,3,3,1.0,2,0.3333,1,1,10,9.0,0.6666666666666666,0.0,0.0,0.0,0.0,0.0,0.2222222222222222,0.1111111111111111,0,1
13.0,2.0,5.0,9,2.0,3,1.0,1.0,11.0,13.0,4,2,3,2,1,1.0,2,0.2727,1,1,11,17.0,0.5294117647058824,0.0,0.0,0.2352941176470588,0.0,0.0,0.1176470588235294,0.1176470588235294,0,1
14.0,3.0,7.0,15,1.0,2,0.0,1.0,13.0,14.0,3,2,2,1,0,1.0,2,0.1538,0,1,13,17.0,0.3529411764705882,0.2352941176470588,0.0,0.0,0.0,0.0,0.1176470588235294,0.2941176470588235,0,1
16.0,1.0,4.0,6,6.0,3,0.0,6.0,24.0,26.0,4,1,3,3,4,0.0,1,0.125,1,1,16,33.0,0.2727272727272727,0.2424242424242424,0.0,0.0,0.0,0.0,0.3636363636363636,0.1212121212121212,0,1
17.0,1.0,4.0,5,7.0,4,1.0,5.0,20.0,22.0,4,1,3,3,3,1.0,1,0.15,1,1,15,36.0,0.3333333333333333,0.1111111111111111,0.0,0.1111111111111111,0.0,0.0,0.2777777777777778,0.1666666666666666,0,1
8.0,1.0,4.0,5,7.5,0,0.0,3.0,5.0,4.0,1,0,0,0,0,1.0,0,0.0,0,0,5,50.5,0.0,0.7142857142857142,0.0,0.0,0.0,0.0,0.0410958904109589,0.0,0,1
12.0,3.5,5.0,3,7.5,0,0.0,1.0,22.0,22.0,2,1,1,1,0,0.0,1,0.0455,0,1,12,40.0,0.0,0.7142857142857142,0.0,0.05,0.0,0.0,0.05,0.1,0,1
10.0,2.0,4.0,9,6.0,1,0.0,2.0,18.0,18.0,2,1,1,1,0,0.0,1,0.0556,0,1,10,28.0,0.1071428571428571,0.7142857142857142,0.0,0.0,0.0,0.0,0.1428571428571428,0.0,0,1
21.5,2.0,6.0,13,7.5,8,2.5,7.5,25.5,29.5,3,5,5,2,0,0.0,5,0.098,0,1,18,50.5,0.0456273764258555,0.4410646387832699,0.0,0.0228136882129277,0.0,0.0,0.4790874524714829,0.0057034220532319,0,1
21.5,2.0,7.5,5,7.5,2,0.0,7.5,25.5,29.5,2,1,2,1,1,1.0,1,0.0308,1,1,18,50.5,0.007416563658838,0.7142857142857142,0.0,0.0,0.0,0.0,0.2521631644004944,0.0234857849196538,0,1
21.5,3.5,7.5,18,7.5,7,2.5,7.5,0.0,0.0,0,0,0,0,0,0.0,0,0.0,0,0,0,50.5,0.1135135135135135,0.6486486486486487,0.0,0.0648648648648648,0.0,0.0,0.1189189189189189,0.054054054054054,0,1
18.0,2.0,6.0,16,7.5,2,0.0,7.5,25.0,25.0,2,2,2,1,0,0.0,2,0.08,0,1,17,50.5,0.0821917808219178,0.6575342465753424,0.0,0.0,0.0,0.0,0.2191780821917808,0.0,0,1
6.0,1.0,0.0,2,7.5,0,0.0,0.0,1.0,0.0,1,0,0,0,0,1.0,0,0.0,0,0,1,50.5,0.0,0.7142857142857142,0.0,0.0,0.0,0.0,0.0088495575221238,0.0,0,1
2.0,0.0,0.0,2,1.0,0,0.0,0.0,1.0,0.0,1,0,0,0,0,1.0,0,0.0,0,0,1,2.0,0.0,0.0,0.0,0.0,0.0,0.0,0.5,0.0,0,1
9.0,0.0,3.0,8,7.5,2,0.0,7.0,8.0,7.0,1,2,2,0,0,3.0,2,0.25,0,1,8,50.5,0.0833333333333333,0.7142857142857142,0.0,0.0,0.0,0.0,0.1944444444444444,0.0,0,1
6.0,0.0,0.0,7,7.5,3,1.0,6.0,5.0,4.0,1,2,2,0,0,3.0,2,0.4,0,1,5,50.5,0.1551724137931034,0.5517241379310345,0.0,0.0517241379310344,0.0,0.0,0.2068965517241379,0.0,0,1
21.5,1.0,7.5,18,7.5,10,2.5,7.5,25.5,29.5,6,5,6,5,0,3.5,5,0.2771,0,1,18,50.5,0.3807339449541284,0.0,0.0,0.2201834862385321,0.0,0.0,0.2752293577981651,0.0,0,1
9.0,1.0,5.0,5,7.5,0,0.0,3.0,6.0,5.0,1,0,0,0,0,1.0,0,0.0,0,0,6,50.5,0.0,0.7142857142857142,0.0,0.0,0.0,0.0,0.0408163265306122,0.0,0,1
6.0,1.0,0.0,2,7.5,0,0.0,0.0,1.0,0.0,1,0,0,0,0,1.0,0,0.0,0,0,1,50.5,0.0,0.7142857142857142,0.0,0.0,0.0,0.0,0.0085470085470085,0.0,0,1
4.0,1.0,0.0,4,0.0,0,0.0,0.0,7.0,6.0,1,0,0,0,0,0.0,0,0.0,0,0,4,1.0,0.0,0.0,0.0,0.0,0.0,0.0,0.0,0.357142857142857,0,1
4.0,0.0,0.0,2,0.0,0,0.0,1.0,7.0,6.0,1,0,0,0,0,0.0,0,0.0,0,0,4,2.0,0.0,0.0,0.0,0.0,0.0,0.0,0.9375,0.0,0,1
10.0,1.0,5.0,11,4.0,2,0.0,2.0,13.0,14.0,3,0,2,2,4,1.0,0,0.1538,1,1,9,15.0,0.4,0.0,0.0,0.0,0.0,0.0,0.4,0.2,0,1
10.0,2.0,2.0,7,2.0,3,1.0,3.0,14.0,14.0,2,1,2,1,2,1.0,1,0.1429,1,1,8,17.0,0.4705882352941176,0.0,0.0,0.2352941176470588,0.0,0.0,0.2352941176470588,0.0588235294117647,0,1
7.0,1.0,2.0,5,0.0,2,1.0,3.0,8.0,7.0,1,1,1,0,0,0.0,1,0.125,0,1,6,14.0,0.4285714285714285,0.0,0.0,0.2857142857142857,0.0,0.0,0.2857142857142857,0.0,0,1
6.0,1.0,1.0,6,0.0,1,0.0,1.0,11.0,11.0,2,1,1,1,0,0.0,1,0.0909,0,1,6,1.0,1.0,0.0,0.0,0.0,0.0,0.0,0.0,0.0,0,1
12.0,1.0,6.0,13,6.0,2,0.0,2.0,14.0,15.0,3,0,2,2,4,1.0,0,0.1429,1,1,10,23.0,0.2608695652173913,0.3478260869565217,0.0,0.0,0.0,0.0,0.2608695652173913,0.1304347826086956,0,1
8.0,0.0,4.0,7,7.5,2,0.0,4.0,11.0,12.0,3,0,2,2,4,1.0,0,0.1818,1,1,7,31.0,0.1935483870967742,0.5161290322580645,0.0,0.0,0.0,0.0,0.2580645161290322,0.032258064516129,0,1
13.0,0.0,6.0,11,7.5,3,0.0,6.0,15.0,17.0,4,1,3,3,4,1.0,1,0.2,1,1,11,50.5,0.1666666666666666,0.5185185185185185,0.0,0.0,0.0,0.0,0.2592592592592592,0.037037037037037,0,1
2.0,1.0,0.0,2,0.0,0,0.0,0.0,6.0,5.0,1,0,0,0,0,0.0,0,0.0,0,0,2,1.0,0.0,0.0,0.0,0.0,0.0,0.0,0.0,0.357142857142857,0,1
7.0,2.0,0.0,6,0.0,2,0.0,2.0,17.0,18.0,3,2,2,2,0,0.0,2,0.1176,0,1,7,8.0,0.375,0.0,0.0,0.25,0.0,0.0,0.25,0.125,0,1
7.0,1.0,2.0,3,3.0,1,0.0,2.0,7.0,7.0,2,0,1,1,2,1.0,0,0.1429,1,1,5,12.0,0.1666666666666666,0.3333333333333333,0.0,0.0,0.0,0.0,0.3333333333333333,0.1666666666666666,0,1
12.0,1.0,2.0,10,1.0,3,1.0,1.0,9.0,9.0,2,1,3,2,2,2.0,1,0.3333,1,1,9,11.0,0.0,0.3636363636363636,0.0,0.2727272727272727,0.0,0.0,0.1818181818181818,0.1818181818181818,0,1
2.0,0.0,0.0,1,0.0,0,0.0,1.0,4.0,3.0,1,0,0,0,0,0.0,0,0.0,0,0,2,3.0,0.0,0.0,0.0,0.0,0.0,0.0,0.6666666666666666,0.3333333333333333,0,1
2.0,1.0,0.0,1,0.0,0,0.0,0.0,5.0,4.0,1,0,0,0,0,0.0,0,0.0,0,0,2,1.0,0.0,0.0,0.0,0.0,0.0,0.0,0.0,0.357142857142857,0,1
3.0,2.0,1.0,2,0.0,0,0.0,0.0,8.0,7.0,1,0,0,0,0,0.0,0,0.0,0,0,3,2.0,0.0,0.0,0.0,0.0,0.0,0.0,0.0,0.357142857142857,0,1
6.0,3.0,1.0,4,1.0,1,0.0,1.0,19.0,19.0,2,1,1,1,0,0.0,1,0.0526,0,1,6,11.0,0.2727272727272727,0.3636363636363636,0.0,0.0,0.0,0.0,0.1818181818181818,0.1818181818181818,0,1
4.0,1.0,1.0,3,2.0,1,0.0,1.0,10.0,10.0,2,0,0,1,2,0.0,0,0.0,1,0,4,6.0,0.3333333333333333,0.0,0.0,0.0,0.0,0.0,0.3333333333333333,0.3333333333333333,0,1
7.0,3.0,2.0,5,5.0,2,0.0,0.0,22.0,23.0,3,1,1,2,2,0.0,1,0.0455,1,1,7,20.0,0.3,0.6,0.0,0.0,0.0,0.0,0.0,0.1,0,1
4.0,1.0,1.0,4,2.0,1,0.0,1.0,9.0,9.0,2,0,0,1,2,0.0,0,0.0,1,0,4,6.0,0.3333333333333333,0.0,0.0,0.0,0.0,0.0,0.3333333333333333,0.3333333333333333,0,1
2.0,1.0,0.0,2,0.0,0,0.0,0.0,7.0,6.0,1,0,0,0,0,0.0,0,0.0,0,0,2,1.0,0.0,0.0,0.0,0.0,0.0,0.0,0.9375,0.0,0,1
2.0,2.0,1.0,2,0.0,0,0.0,0.0,7.0,6.0,1,0,0,0,0,0.0,0,0.0,0,0,2,3.0,0.0,0.0,0.0,0.4166666666666665,0.0,0.0,0.0,0.3333333333333333,0,1
4.0,2.0,1.0,3,1.0,0,0.0,3.0,9.0,8.0,1,0,0,0,0,0.0,0,0.0,0,0,4,13.0,0.0,0.3076923076923077,0.0,0.0,0.0,0.0,0.4615384615384615,0.2307692307692307,0,1
7.0,2.0,4.0,5,4.0,1,0.0,3.0,14.0,14.0,2,0,0,1,2,0.0,0,0.0,1,0,7,20.0,0.15,0.4,0.0,0.0,0.0,0.0,0.3,0.15,0,1
7.0,2.0,4.0,5,3.0,1,0.0,2.0,14.0,14.0,2,0,1,1,2,0.0,0,0.0714,1,1,7,14.0,0.2142857142857142,0.2857142857142857,0.0,0.0,0.0,0.0,0.2857142857142857,0.2142857142857142,0,1
6.0,2.0,3.0,4,1.0,0,0.0,3.0,12.0,11.0,1,0,0,0,0,0.0,0,0.0,0,0,6,13.0,0.0,0.3076923076923077,0.0,0.0,0.0,0.0,0.4615384615384615,0.2307692307692307,0,1
6.0,2.0,2.0,4,1.0,0,0.0,3.0,12.0,11.0,1,0,0,0,0,0.0,0,0.0,0,0,6,13.0,0.0,0.3076923076923077,0.0,0.0,0.0,0.0,0.4615384615384615,0.2307692307692307,0,1
6.0,2.0,2.0,3,1.0,0,0.0,3.0,13.0,12.0,1,0,0,0,0,0.0,0,0.0,0,0,6,13.0,0.0,0.3076923076923077,0.0,0.0,0.0,0.0,0.4615384615384615,0.2307692307692307,0,1
2.0,0.0,0.0,2,0.0,0,0.0,0.0,1.0,0.0,1,0,0,0,0,1.0,0,0.0,0,0,1,1.0,0.0,0.0,0.0,0.0,0.0,0.0,0.9375,0.0,0,1
12.0,1.0,1.0,12,0.0,3,1.0,0.0,9.0,9.0,2,1,3,2,2,2.0,1,0.3333,1,1,9,6.0,0.0,0.0,0.0,0.4166666666666665,0.0,0.0,0.1666666666666666,0.3333333333333333,0,1
3.0,1.0,0.0,3,0.0,0,0.0,0.0,1.0,0.0,1,0,1,1,1,0.0,0,0.6189,1,1,1,1.0,0.0,0.0,0.0,0.0,0.0,0.0,0.0,0.357142857142857,0,1
7.0,1.0,1.0,5,2.0,1,0.0,1.0,7.0,7.0,2,0,1,1,2,1.0,0,0.1429,1,1,5,7.0,0.2857142857142857,0.0,0.0,0.0,0.0,0.0,0.4285714285714285,0.2857142857142857,0,1
6.0,1.0,0.0,3,0.0,1,0.0,1.0,7.0,6.0,1,1,1,0,0,0.0,1,0.1429,0,1,4,3.0,1.0,0.0,0.0,0.0,0.0,0.0,0.0,0.0,0,1
12.0,1.0,1.0,12,0.0,3,1.0,0.0,9.0,9.0,2,1,3,2,2,2.0,1,0.3333,1,1,9,6.0,0.0,0.0,0.0,0.4166666666666665,0.0,0.0,0.1666666666666666,0.3333333333333333,0,1
7.0,1.0,1.0,5,2.0,1,0.0,1.0,7.0,7.0,2,0,1,1,2,1.0,0,0.1429,1,1,5,7.0,0.2857142857142857,0.0,0.0,0.0,0.0,0.0,0.4285714285714285,0.2857142857142857,0,1
4.0,1.0,1.0,3,2.0,1,0.0,1.0,5.0,5.0,2,0,1,1,2,1.0,0,0.2,1,1,3,5.0,0.4,0.0,0.0,0.0,0.0,0.0,0.4,0.2,0,1
4.0,0.0,1.0,3,2.0,1,0.0,1.0,5.0,5.0,2,0,1,1,2,1.0,0,0.2,1,1,3,5.0,0.4,0.0,0.0,0.0,0.0,0.0,0.4,0.2,0,1
4.0,0.0,1.0,3,2.0,1,0.0,1.0,5.0,5.0,2,0,1,1,2,1.0,0,0.2,1,1,3,5.0,0.4,0.0,0.0,0.0,0.0,0.0,0.4,0.2,0,1
4.0,0.0,1.0,3,2.0,1,0.0,1.0,5.0,5.0,2,0,1,1,2,1.0,0,0.2,1,1,3,5.0,0.4,0.0,0.0,0.0,0.0,0.0,0.4,0.2,0,1
4.0,0.0,1.0,3,2.0,1,0.0,1.0,5.0,5.0,2,0,1,1,2,1.0,0,0.2,1,1,3,5.0,0.4,0.0,0.0,0.0,0.0,0.0,0.4,0.2,0,1
4.0,0.0,1.0,3,2.0,1,0.0,1.0,5.0,5.0,2,0,1,1,2,1.0,0,0.2,1,1,3,5.0,0.4,0.0,0.0,0.0,0.0,0.0,0.4,0.2,0,1
4.0,0.0,1.0,3,2.0,1,0.0,1.0,5.0,5.0,2,0,1,1,2,1.0,0,0.2,1,1,3,5.0,0.4,0.0,0.0,0.0,0.0,0.0,0.4,0.2,0,1
4.0,0.0,1.0,3,2.0,1,0.0,1.0,5.0,5.0,2,0,1,1,2,1.0,0,0.2,1,1,3,5.0,0.4,0.0,0.0,0.0,0.0,0.0,0.4,0.2,0,1
4.0,0.0,1.0,3,2.0,1,0.0,1.0,5.0,5.0,2,0,1,1,2,1.0,0,0.2,1,1,3,5.0,0.4,0.0,0.0,0.0,0.0,0.0,0.4,0.2,0,1
4.0,0.0,1.0,3,2.0,1,0.0,1.0,5.0,5.0,2,0,1,1,2,1.0,0,0.2,1,1,3,5.0,0.4,0.0,0.0,0.0,0.0,0.0,0.4,0.2,0,1
4.0,0.0,1.0,3,2.0,1,0.0,1.0,5.0,5.0,2,0,1,1,2,1.0,0,0.2,1,1,3,5.0,0.4,0.0,0.0,0.0,0.0,0.0,0.4,0.2,0,1
4.0,0.0,1.0,3,2.0,1,0.0,1.0,5.0,5.0,2,0,1,1,2,1.0,0,0.2,1,1,3,5.0,0.4,0.0,0.0,0.0,0.0,0.0,0.4,0.2,0,1
4.0,0.0,1.0,3,2.0,1,0.0,1.0,5.0,5.0,2,0,1,1,2,1.0,0,0.2,1,1,3,5.0,0.4,0.0,0.0,0.0,0.0,0.0,0.4,0.2,0,1
4.0,0.0,1.0,3,2.0,1,0.0,1.0,5.0,5.0,2,0,1,1,2,1.0,0,0.2,1,1,3,5.0,0.4,0.0,0.0,0.0,0.0,0.0,0.4,0.2,0,1
4.0,0.0,1.0,3,2.0,1,0.0,1.0,5.0,5.0,2,0,1,1,2,1.0,0,0.2,1,1,3,5.0,0.4,0.0,0.0,0.0,0.0,0.0,0.4,0.2,0,1
4.0,0.0,1.0,3,2.0,1,0.0,1.0,5.0,5.0,2,0,1,1,2,1.0,0,0.2,1,1,3,5.0,0.4,0.0,0.0,0.0,0.0,0.0,0.4,0.2,0,1
4.0,0.0,1.0,3,2.0,1,0.0,1.0,5.0,5.0,2,0,1,1,2,1.0,0,0.2,1,1,3,5.0,0.4,0.0,0.0,0.0,0.0,0.0,0.4,0.2,0,1
4.0,0.0,1.0,3,2.0,1,0.0,1.0,5.0,5.0,2,0,1,1,2,1.0,0,0.2,1,1,3,5.0,0.4,0.0,0.0,0.0,0.0,0.0,0.4,0.2,0,1
4.0,0.0,1.0,3,2.0,1,0.0,1.0,5.0,5.0,2,0,1,1,2,1.0,0,0.2,1,1,3,5.0,0.4,0.0,0.0,0.0,0.0,0.0,0.4,0.2,0,1
4.0,0.0,1.0,3,2.0,1,0.0,1.0,5.0,5.0,2,0,1,1,2,1.0,0,0.2,1,1,3,5.0,0.4,0.0,0.0,0.0,0.0,0.0,0.4,0.2,0,1
4.0,0.0,1.0,3,2.0,1,0.0,1.0,5.0,5.0,2,0,1,1,2,1.0,0,0.2,1,1,3,5.0,0.4,0.0,0.0,0.0,0.0,0.0,0.4,0.2,0,1
4.0,0.0,1.0,3,2.0,1,0.0,1.0,5.0,5.0,2,0,1,1,2,1.0,0,0.2,1,1,3,5.0,0.4,0.0,0.0,0.0,0.0,0.0,0.4,0.2,0,1
4.0,0.0,1.0,3,2.0,1,0.0,1.0,5.0,5.0,2,0,1,1,2,1.0,0,0.2,1,1,3,5.0,0.4,0.0,0.0,0.0,0.0,0.0,0.4,0.2,0,1
10.0,1.0,1.0,8,2.0,1,0.0,1.0,9.0,9.0,2,1,3,2,3,2.0,1,0.3333,1,1,7,7.0,0.2857142857142857,0.0,0.0,0.0,0.0,0.0,0.4285714285714285,0.2857142857142857,0,1
7.0,1.0,1.0,5,2.0,1,0.0,1.0,7.0,7.0,2,0,1,1,2,1.0,0,0.1429,1,1,5,7.0,0.2857142857142857,0.0,0.0,0.0,0.0,0.0,0.4285714285714285,0.2857142857142857,0,1
10.0,1.0,1.0,8,2.0,1,0.0,1.0,9.0,9.0,2,1,3,2,3,2.0,1,0.3333,1,1,7,7.0,0.2857142857142857,0.0,0.0,0.0,0.0,0.0,0.4285714285714285,0.2857142857142857,0,1
7.0,1.0,1.0,5,2.0,1,0.0,1.0,7.0,7.0,2,0,1,1,2,1.0,0,0.1429,1,1,5,7.0,0.2857142857142857,0.0,0.0,0.0,0.0,0.0,0.4285714285714285,0.2857142857142857,0,1
5.0,0.0,1.0,3,1.0,0,0.0,1.0,5.0,5.0,2,0,1,1,2,1.0,0,0.2,1,1,4,7.0,0.0,0.5714285714285714,0.0,0.0,0.0,0.0,0.2857142857142857,0.1428571428571428,0,1
5.0,0.0,1.0,3,0.0,0,0.0,1.0,5.0,5.0,2,0,1,1,2,1.0,0,0.2,1,1,4,3.0,0.0,0.0,0.0,0.0,0.0,0.0,0.6666666666666666,0.3333333333333333,0,1
5.0,0.0,1.0,4,0.0,0,0.0,1.0,5.0,5.0,2,0,1,1,2,1.0,0,0.2,1,1,4,3.0,0.0,0.0,0.0,0.0,0.0,0.0,0.6666666666666666,0.3333333333333333,0,1
11.0,1.0,3.0,7,4.0,1,0.0,2.0,10.0,10.0,2,1,3,2,3,2.0,1,0.3,1,1,8,16.0,0.125,0.5,0.0,0.0,0.0,0.0,0.25,0.125,0,1
8.0,1.0,3.0,4,4.0,1,0.0,2.0,8.0,8.0,2,0,1,1,2,1.0,0,0.125,1,1,6,16.0,0.125,0.5,0.0,0.0,0.0,0.0,0.25,0.125,0,1
11.0,1.0,3.0,7,3.0,1,0.0,2.0,10.0,10.0,2,1,3,2,3,2.0,1,0.3,1,1,8,12.0,0.1666666666666666,0.3333333333333333,0.0,0.0,0.0,0.0,0.3333333333333333,0.1666666666666666,0,1
8.0,1.0,3.0,4,3.0,1,0.0,2.0,8.0,8.0,2,0,1,1,2,1.0,0,0.125,1,1,6,12.0,0.1666666666666666,0.3333333333333333,0.0,0.0,0.0,0.0,0.3333333333333333,0.1666666666666666,0,1
11.0,1.0,3.0,8,3.0,1,0.0,2.0,10.0,10.0,2,1,3,2,3,2.0,1,0.3,1,1,8,12.0,0.1666666666666666,0.3333333333333333,0.0,0.0,0.0,0.0,0.3333333333333333,0.1666666666666666,0,1
8.0,1.0,3.0,5,3.0,1,0.0,2.0,8.0,8.0,2,0,1,1,2,1.0,0,0.125,1,1,6,12.0,0.1666666666666666,0.3333333333333333,0.0,0.0,0.0,0.0,0.3333333333333333,0.1666666666666666,0,1
5.0,0.0,1.0,5,0.0,1,0.0,2.0,6.0,6.0,2,1,1,1,0,1.0,1,0.1667,0,1,4,5.0,0.6,0.0,0.0,0.0,0.0,0.0,0.4,0.0,0,1
5.0,0.0,1.0,5,0.0,1,0.0,2.0,6.0,6.0,2,1,1,1,0,0.0,1,0.1667,0,1,4,6.0,0.5,0.0,0.0,0.0,0.0,0.0,0.3333333333333333,0.1666666666666666,0,1
4.0,1.0,1.0,2,3.0,1,0.0,1.0,5.0,5.0,2,0,1,1,2,1.0,0,0.2,1,1,3,9.0,0.2222222222222222,0.4444444444444444,0.0,0.0,0.0,0.0,0.2222222222222222,0.1111111111111111,0,1
2.0,1.0,0.0,4,1.0,0,0.0,0.0,1.0,0.0,1,0,0,0,0,1.0,0,0.0,0,0,1,4.0,0.0,0.7142857142857142,0.0,0.0,0.0,0.0,0.0,0.0,0,1
2.0,1.0,0.0,3,0.0,0,0.0,0.0,1.0,0.0,1,0,1,1,1,1.0,0,0.6189,1,1,1,1.0,0.0,0.0,0.0,0.0,0.0,0.0,0.9375,0.0,0,1
2.0,1.0,0.0,5,1.0,0,0.0,0.0,1.0,0.0,1,0,0,0,0,1.0,0,0.0,0,0,1,4.0,0.0,0.7142857142857142,0.0,0.0,0.0,0.0,0.0,0.0,0,1
12.0,1.0,4.0,9,5.0,2,0.0,2.0,13.0,14.0,3,1,4,3,5,2.0,1,0.3077,1,1,9,14.0,0.2857142857142857,0.2857142857142857,0.0,0.0,0.0,0.0,0.2857142857142857,0.1428571428571428,0,1
9.0,1.0,4.0,6,5.0,2,0.0,2.0,11.0,12.0,3,0,2,2,4,1.0,0,0.1818,1,1,7,14.0,0.2857142857142857,0.2857142857142857,0.0,0.0,0.0,0.0,0.2857142857142857,0.1428571428571428,0,1
5.0,1.0,0.0,3,1.0,0,0.0,3.0,4.0,3.0,1,0,0,0,0,1.0,0,0.0,0,0,4,13.0,0.0,0.3076923076923077,0.0,0.0,0.0,0.0,0.5384615384615384,0.1538461538461538,0,1
8.0,2.0,2.0,6,2.0,0,0.0,2.0,7.0,6.0,1,0,0,0,0,1.0,0,0.0,0,0,6,15.0,0.0,0.5333333333333333,0.0,0.0,0.0,0.0,0.2666666666666666,0.2,0,1
5.0,2.0,1.0,3,0.0,0,0.0,0.0,4.0,3.0,1,0,0,0,0,0.0,0,0.0,0,0,3,2.0,0.0,0.0,0.0,0.0,0.0,0.0,0.0,0.357142857142857,0,1
10.0,2.0,2.0,10,6.0,1,0.0,1.0,11.0,11.0,2,0,1,1,2,0.0,0,0.0909,1,1,7,25.0,0.12,0.64,0.0,0.0,0.0,0.0,0.08,0.16,0,1
3.0,2.0,1.0,2,0.0,0,0.0,0.0,1.0,0.0,1,0,0,0,0,0.0,0,0.0,0,0,1,1.0,0.0,0.0,0.0,0.0,0.0,0.0,0.0,0.357142857142857,0,1
6.0,2.0,1.0,5,2.0,0,0.0,2.0,5.0,4.0,1,0,0,0,0,0.0,0,0.0,0,0,4,15.0,0.0,0.5333333333333333,0.0,0.0,0.0,0.0,0.2666666666666666,0.2,0,1
2.0,1.0,0.0,2,0.0,0,0.0,0.0,1.0,0.0,1,0,0,0,0,0.0,0,0.0,0,0,1,1.0,0.0,0.0,0.0,0.0,0.0,0.0,0.0,0.357142857142857,0,1
5.0,0.0,0.0,4,0.0,0,0.0,0.0,5.0,5.0,2,1,2,2,3,2.0,0,0.4,1,1,4,4.0,0.0,0.0,0.0,0.4166666666666665,0.0,0.0,0.5,0.0,0,1
7.0,0.0,0.0,6,0.0,0,0.0,0.0,7.0,7.0,2,2,3,2,3,3.0,1,0.4286,1,1,6,7.0,0.0,0.0,0.0,0.4166666666666665,0.0,0.0,0.4285714285714285,0.0,0,1
14.0,1.0,2.0,11,2.0,5,1.0,1.0,15.0,15.0,2,5,6,1,2,3.5,5,0.4,1,1,13,22.0,0.4090909090909091,0.0,0.0,0.2727272727272727,0.0,0.0,0.3181818181818182,0.0,0,1
4.0,0.0,0.0,4,0.0,0,0.0,1.0,3.0,2.0,1,1,1,0,0,2.0,1,0.3333,0,1,3,4.0,0.0,0.0,0.0,0.4166666666666665,0.0,0.0,0.5,0.0,0,1
4.0,1.0,0.0,4,0.0,0,0.0,0.0,7.0,6.0,1,0,0,0,0,0.0,0,0.0,0,0,4,1.0,0.0,0.0,0.0,0.0,0.0,0.0,0.0,0.357142857142857,0,1
2.0,0.0,0.0,2,0.0,0,0.0,1.0,6.0,5.0,1,0,0,0,0,0.0,0,0.0,0,0,2,2.0,0.0,0.0,0.0,0.0,0.0,0.0,0.9375,0.0,0,1
4.0,2.0,1.0,2,0.0,0,0.0,1.0,9.0,8.0,1,0,0,0,0,0.0,0,0.0,0,0,4,3.0,0.0,0.0,0.0,0.0,0.0,0.0,0.6666666666666666,0.3333333333333333,0,1
4.0,2.0,1.0,3,1.0,0,0.0,0.0,9.0,8.0,1,0,0,0,0,0.0,0,0.0,0,0,4,5.0,0.0,0.7142857142857142,0.0,0.0,0.0,0.0,0.0,0.2,0,1
8.0,2.0,2.0,6,2.0,1,0.0,2.0,16.0,17.0,3,1,1,2,2,0.0,1,0.0625,1,1,8,10.0,0.2,0.0,0.0,0.2,0.0,0.0,0.4,0.2,0,1
2.0,1.0,0.0,2,0.0,1,0.0,0.0,1.0,0.0,1,0,0,0,0,1.0,0,0.0,0,0,1,3.0,1.0,0.0,0.0,0.0,0.0,0.0,0.0,0.0,0,1
8.0,2.0,2.0,7,2.0,1,0.0,2.0,16.0,17.0,3,1,1,2,2,0.0,1,0.0625,1,1,8,10.0,0.2,0.0,0.0,0.2,0.0,0.0,0.4,0.2,0,1
8.0,1.0,2.0,8,2.0,1,0.0,2.0,13.0,14.0,3,1,1,2,2,0.0,1,0.0769,1,1,8,11.0,0.2727272727272727,0.0,0.0,0.1818181818181818,0.0,0.0,0.3636363636363636,0.1818181818181818,0,1
6.0,1.0,0.0,6,0.0,0,0.0,0.0,4.0,3.0,1,1,3,2,2,2.0,1,0.6189,1,1,4,1.0,0.0,0.0,0.0,0.0,0.0,0.0,0.0,0.357142857142857,0,1
14.0,1.0,5.0,18,1.0,1,0.0,0.0,12.0,13.0,3,1,2,1,1,1.0,1,0.1667,1,1,12,19.0,0.1578947368421052,0.2105263157894736,0.0,0.4166666666666665,0.0,0.0,0.0,0.2105263157894736,0,1
6.0,2.0,1.0,8,0.0,0,0.0,0.0,5.0,4.0,1,2,2,0,0,0.0,2,0.4,0,1,5,7.0,0.0,0.0,0.0,0.4166666666666665,0.0,0.0,0.0,0.357142857142857,0,1
7.0,1.0,2.0,10,1.0,0,0.0,0.0,6.0,6.0,2,0,1,1,1,1.0,0,0.1667,1,1,6,6.0,0.0,0.6666666666666666,0.0,0.0,0.0,0.0,0.0,0.3333333333333333,0,1
5.0,1.0,2.0,4,3.0,1,0.0,1.0,6.0,6.0,2,0,1,1,2,1.0,0,0.1667,1,1,4,9.0,0.2222222222222222,0.4444444444444444,0.0,0.0,0.0,0.0,0.2222222222222222,0.1111111111111111,0,1
4.0,1.0,1.0,3,0.0,0,0.0,1.0,3.0,2.0,1,0,0,0,0,1.0,0,0.0,0,0,3,3.0,0.0,0.0,0.0,0.0,0.0,0.0,0.6666666666666666,0.3333333333333333,0,1
10.0,1.0,4.0,13,1.0,1,0.0,1.0,9.0,9.0,2,0,1,1,1,1.0,0,0.1111,1,1,9,16.0,0.1875,0.25,0.0,0.25,0.0,0.0,0.125,0.1875,0,1
8.0,1.0,2.0,13,1.0,0,0.0,0.0,7.0,7.0,2,0,1,1,1,1.0,0,0.1429,1,1,7,7.0,0.0,0.5714285714285714,0.0,0.0,0.0,0.0,0.0,0.357142857142857,0,1
8.0,1.0,2.0,13,1.0,0,0.0,0.0,7.0,7.0,2,0,1,1,1,1.0,0,0.1429,1,1,7,7.0,0.0,0.5714285714285714,0.0,0.0,0.0,0.0,0.0,0.357142857142857,0,1
12.0,2.0,5.0,12,4.0,2,1.0,1.0,11.0,12.0,3,1,2,1,1,1.0,1,0.1818,1,1,11,32.0,0.1875,0.5,0.0,0.125,0.0,0.0,0.0625,0.125,0,1
7.0,0.0,1.0,7,0.0,0,0.0,0.0,6.0,6.0,2,0,1,1,1,1.0,0,0.1667,1,1,6,2.0,0.0,0.0,0.0,0.0,0.0,0.0,0.0,0.357142857142857,0,1
17.0,1.0,6.0,18,3.0,0,0.0,1.0,16.0,18.0,4,1,3,2,2,1.0,1,0.1875,1,1,16,21.0,0.0,0.5714285714285714,0.0,0.0952380952380952,0.0,0.0,0.0952380952380952,0.238095238095238,0,1
3.0,1.0,0.0,3,0.0,0,0.0,0.0,2.0,1.0,1,0,0,0,0,1.0,0,0.0,0,0,2,1.0,0.0,0.0,0.0,0.0,0.0,0.0,0.0,0.357142857142857,0,1
5.0,1.0,0.0,7,0.0,0,0.0,0.0,4.0,3.0,1,1,3,2,2,2.0,1,0.6189,1,1,4,1.0,0.0,0.0,0.0,0.0,0.0,0.0,0.0,0.357142857142857,0,1
7.0,1.0,3.0,5,4.0,1,0.0,2.0,8.0,8.0,2,0,1,1,2,1.0,0,0.125,1,1,6,16.0,0.125,0.5,0.0,0.0,0.0,0.0,0.25,0.125,0,1
15.0,1.0,5.0,18,1.0,0,0.0,1.0,14.0,16.0,4,1,3,2,2,1.0,1,0.2143,1,1,14,13.0,0.0,0.3076923076923077,0.0,0.1538461538461538,0.0,0.0,0.1538461538461538,0.357142857142857,0,1
5.0,1.0,0.0,7,0.0,0,0.0,0.0,4.0,3.0,1,1,3,2,2,2.0,1,0.6189,1,1,4,1.0,0.0,0.0,0.0,0.0,0.0,0.0,0.0,0.357142857142857,0,1
7.0,1.0,3.0,5,3.0,1,0.0,2.0,8.0,8.0,2,0,1,1,2,1.0,0,0.125,1,1,6,12.0,0.1666666666666666,0.3333333333333333,0.0,0.0,0.0,0.0,0.3333333333333333,0.1666666666666666,0,1
16.0,1.0,4.0,18,1.0,2,0.0,1.0,15.0,19.0,6,3,5,2,2,1.0,2,0.3333,1,1,15,19.0,0.3157894736842105,0.2105263157894736,0.0,0.1052631578947368,0.0,0.0,0.1052631578947368,0.2631578947368421,0,1
5.0,1.0,0.0,7,0.0,0,0.0,0.0,4.0,3.0,1,1,3,2,2,2.0,1,0.6189,1,1,4,1.0,0.0,0.0,0.0,0.0,0.0,0.0,0.0,0.357142857142857,0,1
8.0,1.0,3.0,6,3.0,2,0.0,2.0,9.0,10.0,3,1,2,2,2,1.0,1,0.2222,1,1,7,15.0,0.3333333333333333,0.2666666666666666,0.0,0.0,0.0,0.0,0.2666666666666666,0.1333333333333333,0,1
11.0,0.0,3.0,10,0.0,0,0.0,0.0,10.0,11.0,3,2,3,2,2,2.0,2,0.3,1,1,10,9.0,0.0,0.0,0.0,0.4166666666666665,0.0,0.0,0.3333333333333333,0.2222222222222222,0,1
7.0,0.0,1.0,8,0.0,0,0.0,0.0,6.0,6.0,2,1,2,2,2,2.0,1,0.3333,1,1,6,5.0,0.0,0.0,0.0,0.4,0.0,0.0,0.4,0.2,0,1
4.0,1.0,1.0,4,3.0,1,0.0,1.0,5.0,5.0,2,0,1,1,2,1.0,0,0.2,1,1,3,10.0,0.3,0.4,0.0,0.0,0.0,0.0,0.2,0.1,0,1
3.0,1.0,0.0,6,1.0,0,0.0,0.0,2.0,1.0,1,0,0,0,0,1.0,0,0.0,0,0,2,5.0,0.0,0.7142857142857142,0.0,0.0,0.0,0.0,0.0,0.2,0,1
4.0,2.0,1.0,6,2.0,0,0.0,1.0,3.0,2.0,1,0,1,1,1,0.0,0,0.3333,1,1,3,13.0,0.0,0.6153846153846154,0.0,0.0,0.0,0.0,0.1538461538461538,0.2307692307692307,0,1
5.0,2.0,2.0,5,5.0,1,0.0,2.0,6.0,6.0,2,0,1,1,2,0.0,0,0.1667,1,1,4,21.0,0.0952380952380952,0.5714285714285714,0.0,0.0,0.0,0.0,0.1904761904761904,0.1428571428571428,0,1
3.0,1.0,1.0,3,2.0,1,0.0,1.0,4.0,4.0,2,0,1,1,2,0.0,0,0.25,1,1,2,6.0,0.5,0.0,0.0,0.0,0.0,0.0,0.3333333333333333,0.1666666666666666,0,1
12.0,1.0,3.0,17,2.0,0,0.0,0.0,10.0,11.0,3,1,2,1,1,1.0,1,0.2,1,1,10,11.0,0.0,0.3636363636363636,0.0,0.1818181818181818,0.0,0.0,0.0,0.357142857142857,0,1
5.0,1.0,0.0,7,0.0,0,0.0,0.0,4.0,3.0,1,1,3,2,2,2.0,1,0.6189,1,1,4,1.0,0.0,0.0,0.0,0.0,0.0,0.0,0.0,0.357142857142857,0,1
9.0,1.0,2.0,9,4.0,1,0.0,1.0,9.0,10.0,3,1,2,2,2,1.0,1,0.2222,1,1,7,14.0,0.1428571428571428,0.2857142857142857,0.0,0.1428571428571428,0.0,0.0,0.1428571428571428,0.2142857142857142,0,1
4.0,0.0,1.0,3,0.0,0,0.0,0.0,3.0,2.0,1,0,0,0,0,1.0,0,0.0,0,0,3,1.0,0.0,0.0,0.0,0.0,0.0,0.0,0.0,0.357142857142857,0,1
8.0,0.0,2.0,12,1.0,0,0.0,1.0,9.0,10.0,3,1,2,2,1,0.0,1,0.2222,1,1,7,8.0,0.0,0.5,0.0,0.25,0.0,0.0,0.0,0.25,0,1
13.0,0.0,4.0,8,6.0,2,0.0,4.0,12.0,12.0,2,0,1,1,1,1.0,0,0.0833,1,1,12,42.0,0.0,0.5714285714285714,0.0,0.0,0.0,0.0,0.119047619047619,0.119047619047619,0,1
21.5,1.0,4.0,18,0.0,6,0.0,0.0,24.0,25.0,3,5,6,2,2,3.5,5,0.375,1,1,18,24.0,0.5416666666666666,0.0,0.0,0.0,0.0,0.0,0.3333333333333333,0.125,0,1
2.0,0.0,0.0,2,0.0,0,0.0,1.0,6.0,5.0,1,0,0,0,0,0.0,0,0.0,0,0,2,2.0,0.0,0.0,0.0,0.0,0.0,0.0,0.9375,0.0,0,1
4.0,2.0,1.0,2,0.0,0,0.0,1.0,9.0,8.0,1,0,0,0,0,0.0,0,0.0,0,0,4,2.0,0.0,0.0,0.0,0.0,0.0,0.0,0.9375,0.0,0,1
4.0,2.0,1.0,3,1.0,0,0.0,0.0,9.0,8.0,1,0,0,0,0,0.0,0,0.0,0,0,4,4.0,0.0,0.7142857142857142,0.0,0.0,0.0,0.0,0.0,0.0,0,1
8.0,2.0,2.0,6,2.0,1,0.0,2.0,16.0,17.0,3,1,1,2,2,0.0,1,0.0625,1,1,8,9.0,0.2222222222222222,0.0,0.0,0.2222222222222222,0.0,0.0,0.4444444444444444,0.1111111111111111,0,1
2.0,1.0,0.0,2,0.0,1,0.0,0.0,1.0,0.0,1,0,0,0,0,1.0,0,0.0,0,0,1,3.0,1.0,0.0,0.0,0.0,0.0,0.0,0.0,0.0,0,1
8.0,2.0,2.0,7,2.0,1,0.0,2.0,16.0,17.0,3,1,1,2,2,0.0,1,0.0625,1,1,8,9.0,0.2222222222222222,0.0,0.0,0.2222222222222222,0.0,0.0,0.4444444444444444,0.1111111111111111,0,1
8.0,1.0,2.0,8,2.0,1,0.0,2.0,13.0,14.0,3,1,1,2,2,0.0,1,0.0769,1,1,8,10.0,0.3,0.0,0.0,0.2,0.0,0.0,0.4,0.1,0,1
6.0,1.0,0.0,6,0.0,0,0.0,0.0,4.0,3.0,1,1,3,2,2,2.0,1,0.6189,1,1,4,1.0,0.0,0.0,0.0,0.0,0.0,0.0,0.0,0.357142857142857,0,1
14.0,1.0,5.0,18,1.0,1,0.0,0.0,12.0,13.0,3,1,2,1,1,1.0,1,0.1667,1,1,12,19.0,0.1578947368421052,0.2105263157894736,0.0,0.4166666666666665,0.0,0.0,0.0,0.2105263157894736,0,1
6.0,2.0,1.0,8,0.0,0,0.0,0.0,5.0,4.0,1,2,2,0,0,0.0,2,0.4,0,1,5,7.0,0.0,0.0,0.0,0.4166666666666665,0.0,0.0,0.0,0.357142857142857,0,1
7.0,1.0,2.0,10,1.0,0,0.0,0.0,6.0,6.0,2,0,1,1,1,1.0,0,0.1667,1,1,6,6.0,0.0,0.6666666666666666,0.0,0.0,0.0,0.0,0.0,0.3333333333333333,0,1
5.0,1.0,2.0,4,3.0,1,0.0,1.0,6.0,6.0,2,0,1,1,2,1.0,0,0.1667,1,1,4,9.0,0.2222222222222222,0.4444444444444444,0.0,0.0,0.0,0.0,0.2222222222222222,0.1111111111111111,0,1
4.0,1.0,1.0,3,0.0,0,0.0,1.0,3.0,2.0,1,0,0,0,0,1.0,0,0.0,0,0,3,3.0,0.0,0.0,0.0,0.0,0.0,0.0,0.6666666666666666,0.3333333333333333,0,1
10.0,1.0,4.0,13,1.0,1,0.0,1.0,9.0,9.0,2,0,1,1,1,1.0,0,0.1111,1,1,9,16.0,0.1875,0.25,0.0,0.25,0.0,0.0,0.125,0.1875,0,1
8.0,1.0,2.0,13,1.0,0,0.0,0.0,7.0,7.0,2,0,1,1,1,1.0,0,0.1429,1,1,7,7.0,0.0,0.5714285714285714,0.0,0.0,0.0,0.0,0.0,0.357142857142857,0,1
8.0,1.0,2.0,11,1.0,0,0.0,0.0,7.0,7.0,2,0,1,1,1,1.0,0,0.1429,1,1,7,7.0,0.0,0.5714285714285714,0.0,0.0,0.0,0.0,0.0,0.357142857142857,0,1
8.0,1.0,2.0,13,1.0,0,0.0,0.0,7.0,7.0,2,0,1,1,1,1.0,0,0.1429,1,1,7,7.0,0.0,0.5714285714285714,0.0,0.0,0.0,0.0,0.0,0.357142857142857,0,1
8.0,1.0,2.0,11,1.0,0,0.0,0.0,7.0,7.0,2,0,1,1,1,1.0,0,0.1429,1,1,7,7.0,0.0,0.5714285714285714,0.0,0.0,0.0,0.0,0.0,0.357142857142857,0,1
12.0,2.0,5.0,12,4.0,2,1.0,1.0,11.0,12.0,3,1,2,1,1,1.0,1,0.1818,1,1,11,32.0,0.1875,0.5,0.0,0.125,0.0,0.0,0.0625,0.125,0,1
7.0,0.0,1.0,7,0.0,0,0.0,0.0,6.0,6.0,2,0,1,1,1,1.0,0,0.1667,1,1,6,2.0,0.0,0.0,0.0,0.0,0.0,0.0,0.0,0.357142857142857,0,1
17.0,1.0,6.0,18,3.0,0,0.0,1.0,16.0,18.0,4,1,3,2,2,1.0,1,0.1875,1,1,16,21.0,0.0,0.5714285714285714,0.0,0.0952380952380952,0.0,0.0,0.0952380952380952,0.238095238095238,0,1
3.0,1.0,0.0,3,0.0,0,0.0,0.0,2.0,1.0,1,0,0,0,0,1.0,0,0.0,0,0,2,1.0,0.0,0.0,0.0,0.0,0.0,0.0,0.0,0.357142857142857,0,1
5.0,1.0,0.0,7,0.0,0,0.0,0.0,4.0,3.0,1,1,3,2,2,2.0,1,0.6189,1,1,4,1.0,0.0,0.0,0.0,0.0,0.0,0.0,0.0,0.357142857142857,0,1
7.0,1.0,3.0,5,4.0,1,0.0,2.0,8.0,8.0,2,0,1,1,2,1.0,0,0.125,1,1,6,16.0,0.125,0.5,0.0,0.0,0.0,0.0,0.25,0.125,0,1
15.0,1.0,5.0,18,1.0,0,0.0,1.0,14.0,16.0,4,1,3,2,2,1.0,1,0.2143,1,1,14,13.0,0.0,0.3076923076923077,0.0,0.1538461538461538,0.0,0.0,0.1538461538461538,0.357142857142857,0,1
5.0,1.0,0.0,7,0.0,0,0.0,0.0,4.0,3.0,1,1,3,2,2,2.0,1,0.6189,1,1,4,1.0,0.0,0.0,0.0,0.0,0.0,0.0,0.0,0.357142857142857,0,1
7.0,1.0,3.0,5,3.0,1,0.0,2.0,8.0,8.0,2,0,1,1,2,1.0,0,0.125,1,1,6,12.0,0.1666666666666666,0.3333333333333333,0.0,0.0,0.0,0.0,0.3333333333333333,0.1666666666666666,0,1
16.0,1.0,4.0,18,1.0,2,0.0,1.0,15.0,19.0,6,3,5,2,2,1.0,2,0.3333,1,1,15,19.0,0.3157894736842105,0.2105263157894736,0.0,0.1052631578947368,0.0,0.0,0.1052631578947368,0.2631578947368421,0,1
5.0,1.0,0.0,7,0.0,0,0.0,0.0,4.0,3.0,1,1,3,2,2,2.0,1,0.6189,1,1,4,1.0,0.0,0.0,0.0,0.0,0.0,0.0,0.0,0.357142857142857,0,1
8.0,1.0,3.0,6,3.0,2,0.0,2.0,9.0,10.0,3,1,2,2,2,1.0,1,0.2222,1,1,7,15.0,0.3333333333333333,0.2666666666666666,0.0,0.0,0.0,0.0,0.2666666666666666,0.1333333333333333,0,1
11.0,0.0,3.0,10,0.0,0,0.0,0.0,10.0,11.0,3,2,3,2,2,2.0,2,0.3,1,1,10,9.0,0.0,0.0,0.0,0.4166666666666665,0.0,0.0,0.3333333333333333,0.2222222222222222,0,1
7.0,0.0,1.0,8,0.0,0,0.0,0.0,6.0,6.0,2,1,2,2,2,2.0,1,0.3333,1,1,6,5.0,0.0,0.0,0.0,0.4,0.0,0.0,0.4,0.2,0,1
4.0,1.0,1.0,4,3.0,1,0.0,1.0,5.0,5.0,2,0,1,1,2,1.0,0,0.2,1,1,3,10.0,0.3,0.4,0.0,0.0,0.0,0.0,0.2,0.1,0,1
3.0,1.0,0.0,6,1.0,0,0.0,0.0,2.0,1.0,1,0,0,0,0,1.0,0,0.0,0,0,2,5.0,0.0,0.7142857142857142,0.0,0.0,0.0,0.0,0.0,0.2,0,1
4.0,2.0,1.0,6,2.0,0,0.0,1.0,3.0,2.0,1,0,1,1,1,0.0,0,0.3333,1,1,3,13.0,0.0,0.6153846153846154,0.0,0.0,0.0,0.0,0.1538461538461538,0.2307692307692307,0,1
5.0,2.0,2.0,5,5.0,1,0.0,2.0,6.0,6.0,2,0,1,1,2,0.0,0,0.1667,1,1,4,21.0,0.0952380952380952,0.5714285714285714,0.0,0.0,0.0,0.0,0.1904761904761904,0.1428571428571428,0,1
3.0,1.0,1.0,3,2.0,1,0.0,1.0,4.0,4.0,2,0,1,1,2,0.0,0,0.25,1,1,2,6.0,0.5,0.0,0.0,0.0,0.0,0.0,0.3333333333333333,0.1666666666666666,0,1
12.0,1.0,3.0,17,2.0,0,0.0,0.0,10.0,11.0,3,1,2,1,1,1.0,1,0.2,1,1,10,11.0,0.0,0.3636363636363636,0.0,0.1818181818181818,0.0,0.0,0.0,0.357142857142857,0,1
5.0,1.0,0.0,7,0.0,0,0.0,0.0,4.0,3.0,1,1,3,2,2,2.0,1,0.6189,1,1,4,1.0,0.0,0.0,0.0,0.0,0.0,0.0,0.0,0.357142857142857,0,1
9.0,1.0,2.0,9,4.0,1,0.0,1.0,9.0,10.0,3,1,2,2,2,1.0,1,0.2222,1,1,7,14.0,0.1428571428571428,0.2857142857142857,0.0,0.1428571428571428,0.0,0.0,0.1428571428571428,0.2142857142857142,0,1
4.0,0.0,1.0,3,0.0,0,0.0,0.0,3.0,2.0,1,0,0,0,0,1.0,0,0.0,0,0,3,1.0,0.0,0.0,0.0,0.0,0.0,0.0,0.0,0.357142857142857,0,1
8.0,0.0,2.0,12,1.0,0,0.0,0.0,9.0,10.0,3,1,2,2,1,0.0,1,0.2222,1,1,7,8.0,0.0,0.5,0.0,0.25,0.0,0.0,0.0,0.25,0,1
13.0,0.0,4.0,8,6.0,2,0.0,4.0,12.0,12.0,2,0,1,1,1,1.0,0,0.0833,1,1,12,42.0,0.0,0.5714285714285714,0.0,0.0,0.0,0.0,0.119047619047619,0.119047619047619,0,1
21.5,1.0,4.0,18,0.0,5,0.0,0.0,22.0,23.0,3,5,6,2,2,3.5,5,0.3636,1,1,18,22.0,0.5454545454545454,0.0,0.0,0.0,0.0,0.0,0.3181818181818182,0.1363636363636363,0,1
2.0,0.0,0.0,2,0.0,0,0.0,1.0,5.0,4.0,1,0,0,0,0,0.0,0,0.0,0,0,2,2.0,0.0,0.0,0.0,0.0,0.0,0.0,0.9375,0.0,0,1
4.0,1.0,0.0,2,0.0,0,0.0,0.0,14.0,13.0,1,0,0,0,0,0.0,0,0.0,0,0,4,1.0,0.0,0.0,0.0,0.0,0.0,0.0,0.9375,0.0,0,1
15.0,3.5,7.5,3,0.0,3,0.0,0.0,25.5,29.5,1,0,0,0,0,0.0,0,0.0,0,0,15,10.0,0.1,0.0,0.0,0.0,0.0,0.0,0.0,0.357142857142857,0,1
21.5,0.0,7.5,18,7.5,10,2.5,7.5,25.5,29.5,6,5,6,5,5,1.0,5,0.2449,1,1,18,50.5,0.2447552447552447,0.3076923076923077,0.0,0.1258741258741259,0.0,0.0,0.2097902097902098,0.0979020979020979,0,1
21.5,0.0,7.5,18,7.5,9,2.0,7.5,25.5,29.5,6,5,6,5,5,0.0,5,0.2333,1,1,18,50.5,0.1979166666666666,0.1666666666666666,0.0,0.1458333333333333,0.0,0.0,0.40625,0.0833333333333333,0,1
21.5,1.0,7.5,18,7.5,6,0.0,7.5,25.5,29.5,5,1,4,4,5,0.0,1,0.0784,1,1,18,50.5,0.0280172413793103,0.603448275862069,0.0,0.0,0.0,0.0,0.2909482758620689,0.0754310344827586,0,1
4.0,2.0,1.0,2,4.0,1,0.0,4.0,5.0,5.0,2,0,1,1,2,0.0,0,0.2,1,1,3,21.0,0.1428571428571428,0.3809523809523809,0.0,0.0,0.0,0.0,0.3809523809523809,0.0952380952380952,0,1
6.0,2.0,3.0,5,4.0,2,0.0,2.0,9.0,10.0,3,0,2,2,4,1.0,0,0.2222,1,1,5,12.0,0.5,0.0,0.0,0.0,0.0,0.0,0.4166666666666667,0.0833333333333333,0,1
6.0,2.0,3.0,10,5.0,2,0.0,2.0,9.0,10.0,3,0,2,2,4,1.0,0,0.2222,1,1,5,16.0,0.375,0.25,0.0,0.0,0.0,0.0,0.3125,0.0625,0,1
3.0,3.5,4.0,5,2.0,1,0.0,1.0,4.0,4.0,2,0,1,1,2,0.0,0,0.25,1,1,2,6.0,0.5,0.0,0.0,0.0,0.0,0.0,0.3333333333333333,0.1666666666666666,0,1
9.0,1.0,2.0,5,4.0,2,0.0,2.0,12.0,13.0,3,0,2,2,4,1.0,0,0.1667,1,1,8,11.0,0.3636363636363636,0.0,0.0,0.0,0.0,0.0,0.3636363636363636,0.2727272727272727,0,1
6.0,2.0,3.0,7,4.0,2,0.0,2.0,9.0,10.0,3,0,2,2,4,1.0,0,0.2222,1,1,5,11.0,0.4545454545454545,0.0,0.0,0.0,0.0,0.0,0.4545454545454545,0.0909090909090909,0,1
13.0,2.0,2.0,15,7.5,1,0.0,7.5,7.0,7.0,2,1,1,1,0,1.0,1,0.1429,0,1,7,50.5,0.0309278350515463,0.7010309278350515,0.0,0.0206185567010309,0.0,0.0,0.2061855670103092,0.0412371134020618,0,1
21.5,3.5,7.5,18,7.5,2,0.0,7.5,25.5,29.5,4,3,3,2,0,0.0,3,0.1,0,1,18,50.5,0.0425531914893617,0.5531914893617021,0.0,0.0283687943262411,0.0,0.0,0.3120567375886525,0.0638297872340425,0,1
6.0,1.0,2.0,10,4.0,2,0.0,2.0,9.0,10.0,3,0,3,3,5,1.0,0,0.3333,1,1,5,12.0,0.5,0.0,0.0,0.0,0.0,0.0,0.4166666666666667,0.0833333333333333,0,1
6.0,1.0,2.0,3,2.0,2,0.0,1.0,7.0,8.0,3,1,2,2,2,1.0,1,0.2857,1,1,5,8.0,0.625,0.0,0.0,0.0,0.0,0.0,0.25,0.125,0,1
6.0,1.0,2.0,3,3.0,2,0.0,1.0,7.0,8.0,3,1,2,2,2,1.0,1,0.2857,1,1,5,9.0,0.5555555555555556,0.0,0.0,0.0,0.0,0.0,0.2222222222222222,0.1111111111111111,0,1
8.0,1.0,4.0,7,5.0,3,0.0,2.0,11.0,13.0,4,1,3,3,4,1.0,1,0.2727,1,1,7,15.0,0.6,0.0,0.0,0.0,0.0,0.0,0.2666666666666666,0.0666666666666666,0,1
8.0,1.0,4.0,7,4.0,3,0.0,2.0,11.0,13.0,4,1,3,3,4,1.0,1,0.2727,1,1,7,14.0,0.6428571428571429,0.0,0.0,0.0,0.0,0.0,0.2857142857142857,0.0714285714285714,0,1
8.0,3.0,5.0,3,5.0,1,0.0,4.0,9.0,9.0,2,0,1,1,2,1.0,0,0.1111,1,1,7,26.0,0.1153846153846153,0.4615384615384615,0.0,0.0,0.0,0.0,0.3461538461538461,0.0769230769230769,0,1
6.0,1.0,2.0,10,4.0,2,0.0,2.0,9.0,10.0,3,0,3,3,5,1.0,0,0.3333,1,1,5,12.0,0.5,0.0,0.0,0.0,0.0,0.0,0.4166666666666667,0.0833333333333333,0,1
7.0,1.0,3.0,9,5.0,2,0.0,2.0,10.0,11.0,3,0,2,2,4,1.0,0,0.2,1,1,6,16.0,0.375,0.25,0.0,0.0,0.0,0.0,0.3125,0.0625,0,1
6.0,2.0,2.0,4,2.0,2,0.0,2.0,7.0,8.0,3,1,2,2,2,1.0,1,0.2857,1,1,5,12.0,0.5,0.0,0.0,0.0,0.0,0.0,0.4166666666666667,0.0833333333333333,0,1
5.0,2.0,2.0,4,2.0,1,0.0,2.0,6.0,6.0,2,0,1,1,2,1.0,0,0.1667,1,1,4,9.0,0.3333333333333333,0.0,0.0,0.0,0.0,0.0,0.5555555555555556,0.1111111111111111,0,1
8.0,3.0,6.0,7,7.5,2,0.0,2.0,11.0,12.0,3,0,2,2,4,1.0,0,0.1818,1,1,7,36.0,0.1666666666666666,0.6666666666666666,0.0,0.0,0.0,0.0,0.1388888888888889,0.0277777777777777,0,1
11.0,1.0,2.0,14,4.0,3,0.0,6.0,13.0,14.0,3,1,3,2,4,2.0,1,0.2308,1,1,9,25.0,0.36,0.0,0.0,0.0,0.0,0.0,0.56,0.08,0,1
5.0,1.0,1.0,2,4.0,1,0.0,2.0,6.0,6.0,2,0,1,1,2,1.0,0,0.1667,1,1,4,15.0,0.1333333333333333,0.5333333333333333,0.0,0.0,0.0,0.0,0.2666666666666666,0.0666666666666666,0,1
8.0,1.0,3.0,8,4.0,2,0.0,5.0,11.0,12.0,3,0,2,2,4,1.0,0,0.1818,1,1,7,19.0,0.3157894736842105,0.0,0.0,0.0,0.0,0.0,0.5789473684210527,0.1052631578947368,0,1
6.0,2.0,3.0,10,5.0,2,0.0,2.0,9.0,10.0,3,0,2,2,4,1.0,0,0.2222,1,1,5,16.0,0.375,0.25,0.0,0.0,0.0,0.0,0.3125,0.0625,0,1
5.0,1.0,1.0,2,2.0,1,0.0,1.0,6.0,6.0,2,0,1,1,2,1.0,0,0.1667,1,1,4,5.0,0.4,0.0,0.0,0.0,0.0,0.0,0.4,0.2,0,1
21.5,1.0,4.0,18,7.5,6,1.0,7.5,22.0,25.0,5,4,5,4,2,0.0,3,0.2273,1,1,18,50.5,0.1525423728813559,0.4067796610169492,0.0,0.0338983050847457,0.0,0.0,0.3050847457627119,0.1016949152542373,0,1
6.0,2.0,3.0,9,5.0,3,0.0,3.0,9.0,10.0,3,0,2,2,4,1.0,0,0.2222,1,1,5,21.0,0.4285714285714285,0.1904761904761904,0.0,0.0,0.0,0.0,0.3333333333333333,0.0476190476190476,0,1
21.5,3.0,7.5,18,7.5,3,0.0,7.5,25.5,29.5,6,5,6,5,1,1.0,5,0.186,1,1,18,50.5,0.1184210526315789,0.4210526315789473,0.0,0.131578947368421,0.0,0.0,0.2105263157894736,0.1184210526315789,0,1
4.0,1.0,0.0,5,0.0,2,0.0,1.0,8.0,7.0,1,0,0,0,0,0.0,0,0.0,0,0,4,3.0,0.0,0.0,0.0,0.0,0.0,0.0,0.6666666666666666,0.3333333333333333,0,1
7.0,1.0,0.0,5,0.0,0,0.0,0.0,4.0,3.0,1,0,0,0,0,1.0,0,0.0,0,0,4,3.0,0.0,0.0,0.0,0.0,0.0,0.0,0.0,0.357142857142857,0,1
8.0,1.0,0.0,8,0.0,0,0.0,0.0,8.0,10.0,4,2,3,1,2,0.0,0,0.375,1,1,7,2.0,0.0,0.0,0.0,0.0,0.0,0.0,0.0,0.357142857142857,0,1
3.0,0.0,0.0,2,0.0,0,0.0,0.0,1.0,0.0,1,0,0,0,0,0.0,0,0.0,0,0,1,1.0,0.0,0.0,0.0,0.0,0.0,0.0,0.0,0.357142857142857,0,1
3.0,0.0,0.0,2,0.0,0,0.0,0.0,1.0,0.0,1,0,0,0,0,0.0,0,0.0,0,0,1,1.0,0.0,0.0,0.0,0.0,0.0,0.0,0.0,0.357142857142857,0,1
9.0,3.5,2.0,2,0.0,2,0.0,1.0,20.0,19.0,1,0,0,0,0,0.0,0,0.0,0,0,9,3.0,0.0,0.0,0.0,0.0,0.0,0.0,0.6666666666666666,0.3333333333333333,0,1
21.5,0.0,7.5,18,7.5,10,1.0,7.5,25.5,29.5,6,5,6,5,5,1.0,5,0.2059,1,1,18,50.5,0.2333333333333333,0.3333333333333333,0.0,0.05,0.0,0.0,0.25,0.1166666666666666,0,1
10.0,3.0,6.0,7,3.0,2,0.0,2.0,12.0,12.0,2,1,2,1,2,1.0,1,0.1667,1,1,8,23.0,0.2608695652173913,0.5217391304347826,0.0,0.0,0.0,0.0,0.1739130434782608,0.0434782608695652,0,1
7.0,1.0,0.0,6,0.0,0,0.0,0.0,7.0,8.0,3,1,3,3,3,0.0,0,0.4286,1,1,6,3.0,0.0,0.0,0.0,0.0,0.0,0.0,0.0,0.357142857142857,0,1
4.0,0.0,0.0,5,0.0,2,1.0,0.0,4.0,3.0,1,1,1,0,0,0.0,1,0.25,0,1,2,6.0,0.3333333333333333,0.0,0.0,0.4166666666666665,0.0,0.0,0.0,0.0,0,1
16.0,3.5,7.0,2,0.0,2,0.0,0.0,25.5,27.0,1,0,0,0,0,0.0,0,0.0,0,0,16,1.0,0.0,0.0,0.0,0.0,0.0,0.0,0.0,0.357142857142857,0,1
21.5,0.0,7.5,18,7.5,10,2.5,7.5,25.5,29.5,6,5,6,5,5,1.0,5,0.2449,1,1,18,50.5,0.2447552447552447,0.3076923076923077,0.0,0.1258741258741259,0.0,0.0,0.2097902097902098,0.0979020979020979,0,1
21.5,1.0,7.0,18,7.5,4,0.0,7.5,25.5,29.5,5,1,4,4,5,0.0,1,0.0784,1,1,18,50.5,0.0257009345794392,0.6074766355140186,0.0,0.0,0.0,0.0,0.2873831775700934,0.0794392523364486,0,1
4.0,2.0,1.0,2,4.0,1,0.0,4.0,5.0,5.0,2,0,1,1,2,0.0,0,0.2,1,1,3,21.0,0.1428571428571428,0.3809523809523809,0.0,0.0,0.0,0.0,0.3809523809523809,0.0952380952380952,0,1
6.0,2.0,3.0,5,4.0,2,0.0,2.0,9.0,10.0,3,0,2,2,4,1.0,0,0.2222,1,1,5,12.0,0.5,0.0,0.0,0.0,0.0,0.0,0.4166666666666667,0.0833333333333333,0,1
6.0,2.0,3.0,10,5.0,2,0.0,2.0,9.0,10.0,3,0,2,2,4,1.0,0,0.2222,1,1,5,16.0,0.375,0.25,0.0,0.0,0.0,0.0,0.3125,0.0625,0,1
4.0,3.5,4.0,5,2.0,1,0.0,1.0,4.0,4.0,2,0,1,1,2,0.0,0,0.25,1,1,2,6.0,0.5,0.0,0.0,0.0,0.0,0.0,0.3333333333333333,0.1666666666666666,0,1
9.0,1.0,2.0,5,4.0,2,0.0,2.0,12.0,13.0,3,0,2,2,4,1.0,0,0.1667,1,1,8,11.0,0.3636363636363636,0.0,0.0,0.0,0.0,0.0,0.3636363636363636,0.2727272727272727,0,1
6.0,2.0,3.0,7,4.0,2,0.0,2.0,9.0,10.0,3,0,2,2,4,1.0,0,0.2222,1,1,5,11.0,0.4545454545454545,0.0,0.0,0.0,0.0,0.0,0.4545454545454545,0.0909090909090909,0,1
12.0,2.0,2.0,15,7.5,1,0.0,7.5,7.0,7.0,2,1,1,1,0,1.0,1,0.1429,0,1,7,50.5,0.0309278350515463,0.7010309278350515,0.0,0.0206185567010309,0.0,0.0,0.2061855670103092,0.0412371134020618,0,1
21.5,3.5,7.5,18,7.5,2,0.0,7.5,25.5,29.5,4,3,3,2,0,0.0,3,0.1,0,1,18,50.5,0.0437956204379562,0.5693430656934306,0.0,0.0291970802919708,0.0,0.0,0.291970802919708,0.0656934306569343,0,1
15.0,2.0,2.0,15,5.0,2,1.0,5.0,9.0,8.0,1,1,1,0,0,0.0,1,0.1111,0,1,9,49.0,0.1224489795918367,0.4081632653061224,0.0,0.1224489795918367,0.0,0.0,0.2040816326530612,0.1428571428571428,0,1
6.0,1.0,2.0,10,4.0,2,0.0,2.0,9.0,10.0,3,0,3,3,5,1.0,0,0.3333,1,1,5,12.0,0.5,0.0,0.0,0.0,0.0,0.0,0.4166666666666667,0.0833333333333333,0,1
6.0,1.0,2.0,3,2.0,2,0.0,1.0,7.0,8.0,3,1,2,2,2,1.0,1,0.2857,1,1,5,8.0,0.625,0.0,0.0,0.0,0.0,0.0,0.25,0.125,0,1
6.0,1.0,2.0,3,3.0,2,0.0,1.0,7.0,8.0,3,1,2,2,2,1.0,1,0.2857,1,1,5,9.0,0.5555555555555556,0.0,0.0,0.0,0.0,0.0,0.2222222222222222,0.1111111111111111,0,1
8.0,1.0,4.0,7,5.0,3,0.0,2.0,11.0,13.0,4,1,3,3,4,1.0,1,0.2727,1,1,7,15.0,0.6,0.0,0.0,0.0,0.0,0.0,0.2666666666666666,0.0666666666666666,0,1
8.0,1.0,4.0,7,4.0,3,0.0,2.0,11.0,13.0,4,1,3,3,4,1.0,1,0.2727,1,1,7,14.0,0.6428571428571429,0.0,0.0,0.0,0.0,0.0,0.2857142857142857,0.0714285714285714,0,1
10.0,1.0,0.0,8,0.0,0,0.0,0.0,10.0,12.0,4,2,4,2,3,0.0,0,0.4,1,1,9,4.0,0.0,0.0,0.0,0.0,0.0,0.0,0.0,0.357142857142857,0,1
10.0,0.0,1.0,10,4.0,4,0.0,2.0,22.0,24.0,4,3,4,3,2,0.0,3,0.1818,1,1,9,21.0,0.4285714285714285,0.3809523809523809,0.0,0.0,0.0,0.0,0.1904761904761904,0.0,0,1
8.0,3.0,5.0,3,5.0,1,0.0,4.0,9.0,9.0,2,0,1,1,2,1.0,0,0.1111,1,1,7,26.0,0.1153846153846153,0.4615384615384615,0.0,0.0,0.0,0.0,0.3461538461538461,0.0769230769230769,0,1
6.0,1.0,2.0,10,4.0,2,0.0,2.0,9.0,10.0,3,0,3,3,5,1.0,0,0.3333,1,1,5,12.0,0.5,0.0,0.0,0.0,0.0,0.0,0.4166666666666667,0.0833333333333333,0,1
7.0,1.0,3.0,9,5.0,2,0.0,2.0,10.0,11.0,3,0,2,2,4,1.0,0,0.2,1,1,6,16.0,0.375,0.25,0.0,0.0,0.0,0.0,0.3125,0.0625,0,1
6.0,2.0,2.0,4,2.0,2,0.0,2.0,7.0,8.0,3,1,2,2,2,1.0,1,0.2857,1,1,5,12.0,0.5,0.0,0.0,0.0,0.0,0.0,0.4166666666666667,0.0833333333333333,0,1
5.0,2.0,2.0,4,2.0,1,0.0,2.0,6.0,6.0,2,0,1,1,2,1.0,0,0.1667,1,1,4,9.0,0.3333333333333333,0.0,0.0,0.0,0.0,0.0,0.5555555555555556,0.1111111111111111,0,1
8.0,3.0,6.0,7,7.5,2,0.0,2.0,11.0,12.0,3,0,2,2,4,1.0,0,0.1818,1,1,7,36.0,0.1666666666666666,0.6666666666666666,0.0,0.0,0.0,0.0,0.1388888888888889,0.0277777777777777,0,1
11.0,1.0,2.0,14,4.0,3,0.0,6.0,13.0,14.0,3,1,3,2,4,2.0,1,0.2308,1,1,9,25.0,0.36,0.0,0.0,0.0,0.0,0.0,0.56,0.08,0,1
5.0,1.0,1.0,2,4.0,1,0.0,2.0,6.0,6.0,2,0,1,1,2,1.0,0,0.1667,1,1,4,15.0,0.1333333333333333,0.5333333333333333,0.0,0.0,0.0,0.0,0.2666666666666666,0.0666666666666666,0,1
8.0,1.0,3.0,8,4.0,2,0.0,5.0,11.0,12.0,3,0,2,2,4,1.0,0,0.1818,1,1,7,19.0,0.3157894736842105,0.0,0.0,0.0,0.0,0.0,0.5789473684210527,0.1052631578947368,0,1
6.0,2.0,3.0,10,5.0,2,0.0,2.0,9.0,10.0,3,0,2,2,4,1.0,0,0.2222,1,1,5,16.0,0.375,0.25,0.0,0.0,0.0,0.0,0.3125,0.0625,0,1
5.0,1.0,1.0,2,2.0,1,0.0,1.0,6.0,6.0,2,0,1,1,2,1.0,0,0.1667,1,1,4,5.0,0.4,0.0,0.0,0.0,0.0,0.0,0.4,0.2,0,1
21.5,1.0,4.0,18,7.5,6,1.0,7.5,22.0,25.0,5,4,5,4,2,0.0,3,0.2273,1,1,18,50.5,0.1525423728813559,0.4067796610169492,0.0,0.0338983050847457,0.0,0.0,0.3050847457627119,0.1016949152542373,0,1
6.0,2.0,3.0,9,5.0,3,0.0,3.0,9.0,10.0,3,0,2,2,4,1.0,0,0.2222,1,1,5,21.0,0.4285714285714285,0.1904761904761904,0.0,0.0,0.0,0.0,0.3333333333333333,0.0476190476190476,0,1
21.5,0.0,7.5,18,2.0,9,1.0,4.0,22.0,24.0,4,2,4,3,3,1.0,2,0.1818,1,1,18,29.0,0.2413793103448276,0.0,0.0,0.2068965517241379,0.0,0.0,0.3103448275862069,0.2413793103448276,0,1
6.0,0.0,0.0,7,0.0,3,1.0,0.0,7.0,7.0,2,2,2,1,0,0.0,2,0.2857,0,1,4,7.0,0.4285714285714285,0.0,0.0,0.4166666666666665,0.0,0.0,0.0,0.0,0,1
6.0,1.0,0.0,4,0.0,0,0.0,0.0,6.0,6.0,2,1,3,2,3,0.0,0,0.5,1,1,5,2.0,0.0,0.0,0.0,0.0,0.0,0.0,0.0,0.357142857142857,0,1
14.0,3.5,4.0,7,0.0,4,0.0,1.0,25.5,27.0,3,2,2,2,0,0.0,2,0.0769,0,1,13,9.0,0.6666666666666666,0.0,0.0,0.0,0.0,0.0,0.3333333333333333,0.0,0,1
21.5,0.0,7.5,18,7.5,10,0.0,7.5,25.5,29.5,6,5,6,5,5,2.0,5,0.1642,1,1,18,50.5,0.1715976331360946,0.4970414201183432,0.0,0.0236686390532544,0.0,0.0,0.1775147928994082,0.1301775147928994,0,1
4.0,0.0,0.0,5,0.0,2,1.0,0.0,4.0,3.0,1,1,1,0,0,0.0,1,0.25,0,1,2,6.0,0.3333333333333333,0.0,0.0,0.4166666666666665,0.0,0.0,0.0,0.0,0,1
13.0,3.0,2.0,2,4.0,1,0.0,4.0,12.0,12.0,2,0,1,1,2,1.0,0,0.0833,1,1,10,23.0,0.1304347826086956,0.3478260869565217,0.0,0.0,0.0,0.0,0.3478260869565217,0.1739130434782608,0,1
2.0,1.0,0.0,2,0.0,2,0.0,0.0,8.0,7.0,1,0,0,0,0,0.0,0,0.0,0,0,2,1.0,0.0,0.0,0.0,0.0,0.0,0.0,0.9375,0.0,0,1
21.5,0.0,7.5,18,7.5,10,0.0,6.0,25.5,29.5,6,3,6,5,5,1.0,3,0.1538,1,1,18,50.5,0.3174603174603174,0.2539682539682539,0.0,0.0634920634920634,0.0,0.0,0.2222222222222222,0.1428571428571428,0,1
4.0,0.0,0.0,5,0.0,2,1.0,0.0,4.0,3.0,1,1,1,0,0,0.0,1,0.25,0,1,2,6.0,0.3333333333333333,0.0,0.0,0.4166666666666665,0.0,0.0,0.0,0.0,0,1
2.0,0.0,0.0,2,3.0,0,0.0,4.0,10.0,9.0,1,0,0,0,0,0.0,0,0.0,0,0,2,8.0,0.0,0.0,0.0,0.0,0.0,0.0,0.9375,0.0,0,1
2.0,1.0,0.0,2,3.0,2,0.0,4.0,13.0,12.0,1,0,0,0,0,0.0,0,0.0,0,0,2,8.0,0.0,0.0,0.0,0.0,0.0,0.0,0.9375,0.0,0,1
6.0,3.0,2.0,2,0.0,0,0.0,1.0,15.0,14.0,1,0,0,0,0,0.0,0,0.0,0,0,6,2.0,0.0,0.0,0.0,0.0,0.0,0.0,0.9375,0.0,0,1
21.5,0.0,7.5,18,7.5,10,2.5,7.5,25.5,29.5,6,5,6,5,5,3.0,5,0.172,1,1,18,50.5,0.2367864693446088,0.3044397463002114,0.0,0.0718816067653276,0.0,0.0,0.241014799154334,0.1395348837209302,0,1
4.0,0.0,0.0,5,0.0,2,1.0,0.0,4.0,3.0,1,1,1,0,0,0.0,1,0.25,0,1,2,6.0,0.3333333333333333,0.0,0.0,0.4166666666666665,0.0,0.0,0.0,0.0,0,1
21.5,1.0,7.5,18,7.5,10,1.0,7.5,25.5,29.5,6,3,6,5,5,1.0,2,0.1746,1,1,18,50.5,0.264,0.352,0.0,0.032,0.0,0.0,0.208,0.136,0,1
11.0,1.0,7.0,4,7.5,3,0.0,3.0,16.0,18.0,4,0,3,3,5,0.0,0,0.1875,1,1,10,26.0,0.3461538461538461,0.3076923076923077,0.0,0.0,0.0,0.0,0.2307692307692307,0.1153846153846153,0,1
21.5,3.5,7.5,18,7.5,10,2.5,7.5,25.5,29.5,6,5,6,5,5,2.0,5,0.2,1,1,18,50.5,0.2420749279538905,0.3804034582132565,0.0,0.0345821325648415,0.0,0.0,0.2420749279538905,0.100864553314121,0,1
21.5,3.5,7.5,18,7.5,10,1.0,7.5,25.5,29.5,6,5,6,5,5,0.0,3,0.2143,1,1,18,50.5,0.1910569105691057,0.5365853658536586,0.0,0.016260162601626,0.0,0.0,0.1788617886178861,0.0691056910569105,0,1
4.0,1.0,0.0,4,1.0,2,0.0,5.0,3.0,2.0,1,1,1,0,0,2.0,1,0.3333,0,1,3,19.0,0.3157894736842105,0.0,0.0,0.1052631578947368,0.0,0.0,0.5263157894736842,0.0,0,1
5.0,2.0,2.0,4,1.0,2,1.0,1.0,5.0,5.0,2,1,1,1,0,1.0,1,0.2,0,1,4,13.0,0.4615384615384615,0.3076923076923077,0.0,0.2307692307692307,0.0,0.0,0.0,0.0,0,1
19.0,3.0,3.0,9,5.0,5,0.0,2.0,15.0,19.0,6,5,6,2,1,1.0,5,0.4,1,1,13,39.0,0.3846153846153846,0.5128205128205128,0.0,0.0,0.0,0.0,0.1025641025641025,0.0,0,1
21.5,2.0,7.0,17,7.5,10,2.0,7.5,25.5,29.5,6,5,6,5,5,3.5,5,0.3667,1,1,18,50.5,0.2416107382550335,0.4832214765100671,0.0,0.0536912751677852,0.0,0.0,0.2013422818791946,0.0201342281879194,0,1
21.5,2.0,5.0,15,7.5,10,2.5,7.5,25.5,29.5,6,5,6,5,2,2.0,5,0.2368,1,1,18,50.5,0.2649006622516556,0.1324503311258278,0.0,0.1059602649006622,0.0,0.0,0.304635761589404,0.0596026490066225,0,1
21.5,2.0,3.0,13,6.0,8,0.0,7.0,23.0,29.5,6,5,6,2,1,1.0,5,0.3913,1,1,18,50.5,0.4,0.4,0.0,0.0,0.0,0.0,0.2,0.0,0,1
19.0,2.0,3.0,13,7.5,9,2.0,7.5,20.0,22.0,4,5,6,4,3,3.5,5,0.4,1,1,18,50.5,0.3214285714285714,0.3333333333333333,0.0,0.0952380952380952,0.0,0.0,0.238095238095238,0.0119047619047619,0,1
21.5,2.0,4.0,18,7.5,10,2.0,7.5,25.5,29.0,5,5,6,5,5,3.5,5,0.3846,1,1,18,50.5,0.388235294117647,0.2352941176470588,0.0,0.0941176470588235,0.0,0.0,0.2588235294117647,0.0235294117647058,0,1
2.0,1.0,0.0,4,3.0,0,0.0,1.0,1.0,0.0,1,0,0,0,0,1.0,0,0.0,0,0,1,11.0,0.0,0.7142857142857142,0.0,0.0,0.0,0.0,0.1818181818181818,0.0,0,1
2.0,2.0,1.0,4,0.0,1,2.0,0.0,1.0,0.0,1,0,0,0,0,1.0,0,0.0,0,0,1,11.0,0.2727272727272727,0.0,0.0,0.4166666666666665,0.0,0.0,0.0,0.0,0,1
9.0,2.0,1.0,6,2.0,6,1.0,1.0,10.0,10.0,2,3,4,2,3,3.5,3,0.4,1,1,8,22.0,0.4090909090909091,0.0,0.0,0.2727272727272727,0.0,0.0,0.2272727272727272,0.0,0,1
7.0,1.0,0.0,5,0.0,2,0.0,4.0,7.0,8.0,3,2,2,2,0,1.0,2,0.2857,0,1,6,10.0,0.6,0.0,0.0,0.0,0.0,0.0,0.4,0.0,0,1
6.0,1.0,0.0,8,1.0,2,0.0,4.0,6.0,6.0,2,2,2,1,0,2.0,2,0.3333,0,1,5,16.0,0.375,0.25,0.0,0.0,0.0,0.0,0.375,0.0,0,1
9.0,1.0,2.0,8,2.0,3,0.0,5.0,11.0,12.0,3,2,3,2,2,2.0,2,0.2727,1,1,8,18.0,0.5,0.0,0.0,0.0,0.0,0.0,0.4444444444444444,0.0555555555555555,0,1
4.0,1.0,0.0,4,1.0,1,0.0,3.0,3.0,2.0,1,1,1,0,0,2.0,1,0.3333,0,1,3,12.0,0.25,0.0,0.0,0.1666666666666666,0.0,0.0,0.5,0.0,0,1
4.0,1.0,0.0,4,1.0,1,0.0,3.0,3.0,2.0,1,1,1,0,0,2.0,1,0.3333,0,1,3,12.0,0.25,0.0,0.0,0.1666666666666666,0.0,0.0,0.5,0.0,0,1
7.0,2.0,2.0,7,1.0,3,1.0,4.0,7.0,7.0,2,2,2,1,0,2.0,2,0.2857,0,1,6,22.0,0.3636363636363636,0.1818181818181818,0.0,0.1818181818181818,0.0,0.0,0.2727272727272727,0.0,0,1
5.0,2.0,2.0,4,1.0,2,1.0,1.0,5.0,5.0,2,1,1,1,0,1.0,1,0.2,0,1,4,13.0,0.4615384615384615,0.3076923076923077,0.0,0.2307692307692307,0.0,0.0,0.0,0.0,0,1
2.0,2.0,1.0,3,1.0,0,0.0,0.0,1.0,0.0,1,0,1,1,1,1.0,0,0.6189,1,1,1,4.0,0.0,0.7142857142857142,0.0,0.0,0.0,0.0,0.0,0.0,0,1
21.5,2.0,5.0,14,7.0,5,1.0,5.0,15.0,14.0,1,5,5,0,0,3.5,4,0.3333,0,1,15,50.5,0.1685393258426966,0.2696629213483146,0.0,0.0449438202247191,0.0,0.0,0.2808988764044944,0.0,0,1
8.0,2.0,5.0,6,1.0,2,2.0,2.0,7.0,6.0,1,1,1,0,0,2.0,1,0.1429,0,1,7,31.0,0.0967741935483871,0.1290322580645161,0.0,0.2580645161290322,0.0,0.0,0.2580645161290322,0.0,0,1
2.0,2.0,1.0,2,5.0,0,0.0,0.0,1.0,0.0,1,0,0,0,0,1.0,0,0.0,0,0,1,20.0,0.0,0.7142857142857142,0.0,0.0,0.0,0.0,0.0,0.0,0,1
11.0,3.0,2.0,9,0.0,0,0.0,0.0,6.0,4.0,1,1,1,0,0,3.0,0,0.1667,0,1,5,2.0,0.0,0.0,0.0,0.4166666666666665,0.0,0.0,0.0,0.0,0,1
4.0,3.0,4.0,5,3.0,0,0.0,1.0,3.0,2.0,1,0,0,0,0,1.0,0,0.0,0,0,3,14.0,0.0,0.7142857142857142,0.0,0.0,0.0,0.0,0.1428571428571428,0.0,0,1
21.5,3.0,5.0,18,7.0,8,0.0,7.5,25.5,29.5,6,5,6,5,0,1.0,3,0.2195,0,1,18,50.5,0.3157894736842105,0.2631578947368421,0.0,0.0,0.0,0.0,0.2105263157894736,0.2105263157894736,0,1
4.0,1.0,0.0,4,1.0,2,0.0,5.0,3.0,2.0,1,1,1,0,0,2.0,1,0.3333,0,1,3,19.0,0.3157894736842105,0.0,0.0,0.1052631578947368,0.0,0.0,0.5263157894736842,0.0,0,1
2.0,1.0,0.0,4,3.0,0,0.0,1.0,1.0,0.0,1,0,0,0,0,1.0,0,0.0,0,0,1,11.0,0.0,0.7142857142857142,0.0,0.0,0.0,0.0,0.1818181818181818,0.0,0,1
5.0,2.0,2.0,4,1.0,2,1.0,1.0,5.0,5.0,2,1,1,1,0,1.0,1,0.2,0,1,4,13.0,0.4615384615384615,0.3076923076923077,0.0,0.2307692307692307,0.0,0.0,0.0,0.0,0,1
11.0,2.0,3.0,5,2.0,2,0.0,2.0,9.0,10.0,3,2,2,1,0,1.0,2,0.2222,0,1,8,13.0,0.3846153846153846,0.3076923076923077,0.0,0.0,0.0,0.0,0.1538461538461538,0.0,0,1
2.0,1.0,0.0,2,1.0,2,0.0,5.0,1.0,0.0,1,0,0,0,0,1.0,0,0.0,0,0,1,16.0,0.375,0.0,0.0,0.0,0.0,0.0,0.625,0.0,0,1
2.0,0.0,0.0,1,0.0,1,0.0,3.0,1.0,0.0,1,0,0,0,0,1.0,0,0.0,0,0,1,9.0,0.3333333333333333,0.0,0.0,0.0,0.0,0.0,0.6666666666666666,0.0,0,1
3.0,2.0,2.0,5,3.0,1,0.0,1.0,4.0,4.0,2,0,1,1,2,0.0,0,0.25,1,1,2,10.0,0.3,0.4,0.0,0.0,0.0,0.0,0.2,0.1,0,1
5.0,3.0,3.0,6,4.0,1,0.0,1.0,4.0,4.0,2,0,1,1,2,0.0,0,0.25,1,1,2,14.0,0.2142857142857142,0.5714285714285714,0.0,0.0,0.0,0.0,0.1428571428571428,0.0714285714285714,0,1
2.0,0.0,0.0,2,1.0,0,0.0,1.0,1.0,0.0,1,0,0,0,0,1.0,0,0.0,0,0,1,6.0,0.0,0.6666666666666666,0.0,0.0,0.0,0.0,0.3333333333333333,0.0,0,1
15.0,3.5,3.0,9,3.0,3,0.0,2.0,25.5,25.0,1,0,0,0,0,0.0,0,0.0,0,0,13,22.0,0.0454545454545454,0.5454545454545454,0.0,0.0909090909090909,0.0,0.0,0.1818181818181818,0.1363636363636363,0,1
12.0,0.0,4.0,10,7.5,3,0.0,7.5,15.0,16.0,3,1,3,2,4,1.0,1,0.2,1,1,11,50.5,0.1343283582089552,0.4776119402985074,0.0,0.0,0.0,0.0,0.3283582089552239,0.0597014925373134,0,1
15.0,0.0,4.0,16,4.0,7,0.0,5.0,13.0,14.0,3,1,2,2,2,1.0,1,0.1538,1,1,11,29.0,0.1379310344827586,0.2758620689655172,0.0,0.1379310344827586,0.0,0.0,0.3448275862068966,0.1034482758620689,0,1
6.0,1.0,1.0,4,2.0,1,0.0,1.0,6.0,7.0,3,1,2,1,2,1.0,0,0.3333,1,1,5,4.0,0.25,0.0,0.0,0.0,0.0,0.0,0.5,0.25,0,1
21.5,1.0,7.5,18,7.5,9,1.0,7.5,25.5,29.5,6,5,6,5,2,1.0,5,0.2188,1,1,18,50.5,0.081081081081081,0.4054054054054054,0.0,0.0945945945945946,0.0,0.0,0.3378378378378378,0.081081081081081,0,1
4.0,0.0,2.0,5,3.0,1,0.0,3.0,5.0,5.0,2,0,1,1,2,0.0,0,0.2,1,1,3,14.0,0.2142857142857142,0.2857142857142857,0.0,0.0,0.0,0.0,0.4285714285714285,0.0714285714285714,0,1
5.0,0.0,0.0,4,0.0,6,0.0,0.0,5.0,5.0,2,0,1,1,2,1.0,0,0.2,1,1,4,1.0,0.0,0.0,0.0,0.0,0.0,0.0,0.0,0.357142857142857,0,1
3.0,3.0,0.0,3,0.0,0,0.0,1.0,1.0,0.0,1,0,0,0,0,0.0,0,0.0,0,0,1,3.0,0.0,0.0,0.0,0.0,0.0,0.0,0.6666666666666666,0.3333333333333333,0,1
2.0,0.0,0.0,2,1.0,0,0.0,0.0,1.0,0.0,1,0,0,0,0,1.0,0,0.0,0,0,1,4.0,0.0,0.7142857142857142,0.0,0.0,0.0,0.0,0.0,0.0,0,1
5.0,1.0,1.0,3,0.0,0,0.0,1.0,5.0,5.0,2,0,1,1,2,1.0,0,0.2,1,1,4,3.0,0.0,0.0,0.0,0.0,0.0,0.0,0.6666666666666666,0.3333333333333333,0,1
2.0,0.0,0.0,2,2.0,0,0.0,0.0,1.0,0.0,1,0,0,0,0,1.0,0,0.0,0,0,1,8.0,0.0,0.7142857142857142,0.0,0.0,0.0,0.0,0.0,0.0,0,1
7.0,1.0,0.0,13,3.0,1,0.0,3.0,3.0,2.0,1,1,1,0,0,2.0,1,0.3333,0,1,3,13.0,0.2307692307692307,0.3076923076923077,0.0,0.0,0.0,0.0,0.4615384615384615,0.0,0,1
2.0,1.0,0.0,2,0.0,0,0.0,0.0,1.0,0.0,1,0,1,1,1,1.0,0,0.6189,1,1,1,1.0,0.0,0.0,0.0,0.0,0.0,0.0,0.9375,0.0,0,1
9.0,2.0,4.0,10,2.0,2,1.0,3.0,10.0,11.0,3,2,3,2,2,2.0,2,0.3,1,1,8,19.0,0.2105263157894736,0.0,0.0,0.4166666666666665,0.0,0.0,0.3157894736842105,0.0526315789473684,0,1
2.0,1.0,0.0,2,0.0,0,0.0,0.0,1.0,0.0,1,0,0,0,0,1.0,0,0.0,0,0,1,1.0,0.0,0.0,0.0,0.0,0.0,0.0,0.9375,0.0,0,1
2.0,0.0,0.0,1,1.0,0,0.0,1.0,1.0,0.0,1,0,0,0,0,1.0,0,0.0,0,0,1,8.0,0.0,0.5,0.0,0.25,0.0,0.0,0.25,0.0,0,1
2.0,0.0,0.0,3,1.0,0,0.0,0.0,1.0,0.0,1,0,0,0,0,1.0,0,0.0,0,0,1,4.0,0.0,0.7142857142857142,0.0,0.0,0.0,0.0,0.0,0.0,0,1
17.0,1.0,1.0,8,0.0,7,2.5,0.0,9.0,7.0,1,2,3,1,1,3.5,2,0.3333,1,1,8,47.0,0.3404255319148936,0.0,0.0,0.4166666666666665,0.0,0.0,0.0638297872340425,0.0,0,1
4.0,1.0,0.0,3,0.0,0,0.0,0.0,2.0,1.0,1,0,0,0,0,0.0,0,0.0,0,0,2,2.0,0.0,0.0,0.0,0.0,0.0,0.0,0.0,0.357142857142857,0,1
4.0,1.0,0.0,3,0.0,0,0.0,1.0,2.0,1.0,1,0,0,0,0,0.0,0,0.0,0,0,2,2.0,0.0,0.0,0.0,0.0,0.0,0.0,0.0,0.357142857142857,0,1
15.0,3.5,3.0,6,0.0,2,0.0,2.0,25.5,27.0,3,2,2,2,0,0.0,2,0.0769,0,1,15,10.0,0.6,0.0,0.0,0.0,0.0,0.0,0.4,0.0,0,1
11.0,1.0,6.0,7,7.5,0,0.0,2.0,7.0,6.0,1,0,0,0,0,1.0,0,0.0,0,0,7,50.5,0.0,0.7142857142857142,0.0,0.0,0.0,0.0,0.0625,0.0,0,1
11.0,1.0,3.0,3,6.0,1,0.0,4.0,7.0,7.0,2,1,1,1,0,1.0,1,0.1429,0,1,7,35.0,0.0857142857142857,0.6857142857142857,0.0,0.0,0.0,0.0,0.2285714285714285,0.0,0,1
5.0,0.0,1.0,3,2.0,1,0.0,2.0,4.0,3.0,1,1,1,0,0,2.0,1,0.25,0,1,4,15.0,0.2,0.5333333333333333,0.0,0.0,0.0,0.0,0.2666666666666666,0.0,0,1
5.0,0.0,0.0,3,0.0,0,0.0,0.0,4.0,4.0,2,1,1,1,0,1.0,1,0.25,0,1,4,5.0,0.0,0.0,0.0,0.4,0.0,0.0,0.2,0.357142857142857,0,1
8.0,0.0,3.0,5,7.5,1,0.0,5.0,6.0,5.0,1,1,1,0,0,2.0,1,0.1667,0,1,6,50.5,0.0526315789473684,0.7142857142857142,0.0,0.0,0.0,0.0,0.175438596491228,0.0,0,1
13.0,3.5,3.0,4,0.0,1,0.0,0.0,23.0,23.0,2,1,1,1,0,0.0,1,0.0435,0,1,13,4.0,0.75,0.0,0.0,0.0,0.0,0.0,0.25,0.0,0,1
3.0,0.0,1.0,2,4.0,0,0.0,1.0,2.0,1.0,1,0,0,0,0,1.0,0,0.0,0,0,2,18.0,0.0,0.7142857142857142,0.0,0.0,0.0,0.0,0.1111111111111111,0.0,0,1
20.0,2.0,2.0,10,4.0,6,1.0,7.5,25.5,29.5,6,5,5,5,0,0.0,5,0.1562,0,1,18,42.0,0.3809523809523809,0.0,0.0,0.0952380952380952,0.0,0.0,0.2857142857142857,0.1428571428571428,0,1
2.0,0.0,0.0,2,1.0,0,0.0,0.0,1.0,0.0,1,0,0,0,0,1.0,0,0.0,0,0,1,4.0,0.0,0.7142857142857142,0.0,0.0,0.0,0.0,0.0,0.0,0,1
10.0,1.0,2.0,9,4.0,3,1.0,3.0,8.0,8.0,2,2,2,1,0,2.0,2,0.25,0,1,7,31.0,0.2258064516129032,0.5161290322580645,0.0,0.1290322580645161,0.0,0.0,0.1290322580645161,0.0,0,1
2.0,1.0,0.0,2,0.0,0,0.0,0.0,1.0,0.0,1,0,0,0,0,1.0,0,0.0,0,0,1,1.0,0.0,0.0,0.0,0.0,0.0,0.0,0.9375,0.0,0,1
2.0,1.0,0.0,2,0.0,0,0.0,0.0,1.0,0.0,1,0,0,0,0,1.0,0,0.0,0,0,1,1.0,0.0,0.0,0.0,0.0,0.0,0.0,0.9375,0.0,0,1
2.0,1.0,0.0,2,1.0,0,0.0,3.0,9.0,8.0,1,0,0,0,0,0.0,0,0.0,0,0,2,4.0,0.0,0.0,0.0,0.0,0.0,0.0,0.9375,0.0,0,1
21.5,3.5,7.5,15,7.5,9,2.5,7.5,0.0,0.0,0,0,0,0,0,0.0,0,0.0,0,0,0,50.5,0.2673267326732673,0.3564356435643564,0.0,0.1188118811881188,0.0,0.0,0.1584158415841584,0.099009900990099,0,1
3.0,2.0,1.0,2,0.0,0,0.0,2.0,12.0,11.0,1,0,0,0,0,0.0,0,0.0,0,0,3,4.0,0.0,0.0,0.0,0.0,0.0,0.0,0.9375,0.0,0,1
7.0,0.0,1.0,3,0.0,1,0.0,1.0,5.0,5.0,2,1,1,1,0,1.0,1,0.2,0,1,5,5.0,0.6,0.0,0.0,0.0,0.0,0.0,0.4,0.0,0,1
5.0,0.0,0.0,4,1.0,1,0.0,1.0,7.0,7.0,2,1,1,1,0,1.0,1,0.1429,0,1,4,4.0,0.5,0.0,0.0,0.0,0.0,0.0,0.0,0.0,0,1
2.0,0.0,0.0,3,4.0,0,0.0,3.0,1.0,0.0,1,0,0,0,0,1.0,0,0.0,0,0,1,22.0,0.0,0.7142857142857142,0.0,0.0,0.0,0.0,0.2727272727272727,0.0,0,1
21.5,2.0,7.5,18,4.0,6,0.0,7.0,24.0,25.0,3,5,5,2,0,3.5,5,0.2083,0,1,18,48.0,0.3333333333333333,0.3333333333333333,0.0,0.125,0.0,0.0,0.2083333333333333,0.0,0,1
21.0,2.0,2.0,10,2.0,7,2.0,7.5,24.0,27.0,5,5,5,4,0,2.0,5,0.2083,0,1,18,50.5,0.3461538461538461,0.0,0.0,0.1538461538461538,0.0,0.0,0.2692307692307692,0.1153846153846153,0,1
8.0,1.0,0.0,7,0.0,2,0.0,3.0,12.0,13.0,3,2,2,2,0,1.0,2,0.1667,0,1,7,6.0,0.6666666666666666,0.0,0.0,0.0,0.0,0.0,0.3333333333333333,0.0,0,1
4.0,1.0,2.0,2,4.0,2,0.0,3.0,3.0,2.0,1,0,0,0,0,1.0,0,0.0,0,0,3,22.0,0.2727272727272727,0.3636363636363636,0.0,0.0,0.0,0.0,0.2727272727272727,0.0,0,1
12.0,3.0,2.0,5,3.0,1,0.0,1.0,24.0,24.0,2,0,1,1,2,0.0,0,0.0417,1,1,12,15.0,0.1333333333333333,0.2666666666666666,0.0,0.0,0.0,0.0,0.1333333333333333,0.357142857142857,0,1
9.0,2.0,1.0,6,0.0,0,0.0,1.0,15.0,14.0,1,1,1,0,0,0.0,1,0.0667,0,1,8,5.0,0.0,0.0,0.0,0.4,0.0,0.0,0.0,0.357142857142857,0,1
11.0,1.0,7.0,12,7.5,3,0.0,3.0,14.0,15.0,3,1,3,2,4,2.0,1,0.2143,1,1,10,41.0,0.2195121951219512,0.5853658536585366,0.0,0.0,0.0,0.0,0.1951219512195122,0.0,0,1
8.0,1.0,2.0,5,3.0,1,0.0,1.0,9.0,9.0,2,0,1,1,2,0.0,0,0.1111,1,1,7,13.0,0.1538461538461538,0.3076923076923077,0.0,0.0,0.0,0.0,0.1538461538461538,0.357142857142857,0,1
8.0,0.0,0.0,3,1.0,0,0.0,1.0,7.0,6.0,1,0,0,0,0,0.0,0,0.0,0,0,7,13.0,0.0,0.3076923076923077,0.0,0.0,0.0,0.0,0.1538461538461538,0.357142857142857,0,1
21.5,0.0,7.5,9,7.5,1,0.0,7.5,25.5,29.0,2,0,1,1,2,0.0,0,0.0345,1,1,18,50.5,0.0288461538461538,0.6538461538461539,0.0,0.0,0.0,0.0,0.1923076923076923,0.125,0,1
21.5,0.0,7.5,17,7.5,6,0.0,7.5,25.5,29.5,6,1,6,5,5,0.0,0,0.1395,1,1,18,50.5,0.0764331210191082,0.535031847133758,0.0,0.0254777070063694,0.0,0.0,0.267515923566879,0.0955414012738853,0,1
10.0,0.0,2.0,7,2.0,3,0.0,1.0,10.0,12.0,4,2,3,3,2,1.0,2,0.3,1,1,8,10.0,0.5,0.0,0.0,0.0,0.0,0.0,0.2,0.3,0,1
16.0,0.0,7.0,4,7.5,4,1.0,7.5,19.0,20.0,3,0,2,2,4,0.0,0,0.1053,1,1,15,50.5,0.1224489795918367,0.4897959183673469,0.0,0.0408163265306122,0.0,0.0,0.2857142857142857,0.0612244897959183,0,1
5.0,0.0,0.0,3,0.0,1,0.0,0.0,3.0,3.0,2,1,1,1,0,1.0,1,0.3333,0,1,3,2.0,0.5,0.0,0.0,0.0,0.0,0.0,0.0,0.357142857142857,0,1
10.0,0.0,2.0,7,2.0,3,0.0,1.0,10.0,12.0,4,2,3,3,2,1.0,2,0.3,1,1,8,10.0,0.5,0.0,0.0,0.0,0.0,0.0,0.2,0.3,0,1
5.0,1.0,0.0,4,0.0,1,0.0,0.0,3.0,3.0,2,1,1,1,0,1.0,1,0.3333,0,1,3,2.0,0.5,0.0,0.0,0.0,0.0,0.0,0.0,0.357142857142857,0,1
4.0,0.0,0.0,4,0.0,1,0.0,0.0,3.0,3.0,2,1,1,1,0,1.0,1,0.3333,0,1,3,2.0,0.5,0.0,0.0,0.0,0.0,0.0,0.0,0.357142857142857,0,1
13.0,0.0,4.0,9,7.0,8,0.0,7.0,14.0,15.0,3,1,2,2,2,1.0,1,0.1429,1,1,12,44.0,0.1136363636363636,0.4545454545454545,0.0,0.0,0.0,0.0,0.3181818181818182,0.1136363636363636,0,1
2.0,1.0,0.0,1,0.0,0,0.0,0.0,1.0,0.0,1,0,0,0,0,0.0,0,0.0,0,0,1,1.0,0.0,0.0,0.0,0.0,0.0,0.0,0.0,0.357142857142857,0,1
13.0,1.0,7.0,4,7.5,1,0.0,7.0,13.0,13.0,2,1,1,1,0,0.0,1,0.0769,0,1,11,50.5,0.0491803278688524,0.7142857142857142,0.0,0.0,0.0,0.0,0.1967213114754098,0.0327868852459016,0,1
21.5,1.0,7.5,11,7.5,4,0.0,7.5,25.5,29.5,5,4,4,4,0,0.0,4,0.1053,0,1,18,50.5,0.0461538461538461,0.7142857142857142,0.0,0.0,0.0,0.0,0.1538461538461538,0.0346153846153846,0,1
21.5,2.0,7.5,18,7.5,9,2.0,7.5,25.5,29.5,6,4,6,5,5,1.0,3,0.1707,1,1,18,50.5,0.1279620853080568,0.6445497630331753,0.0,0.0379146919431279,0.0,0.0,0.1421800947867298,0.0473933649289099,0,1
8.0,3.0,5.0,3,7.5,3,0.0,6.0,9.0,10.0,3,1,2,2,2,1.0,1,0.2222,1,1,7,50.5,0.1764705882352941,0.5490196078431373,0.0,0.0,0.0,0.0,0.2352941176470588,0.0392156862745098,0,1
10.0,3.0,7.0,5,7.5,1,0.0,5.0,11.0,11.0,2,0,1,1,2,0.0,0,0.0909,1,1,9,50.5,0.0461538461538461,0.7142857142857142,0.0,0.0,0.0,0.0,0.1538461538461538,0.0615384615384615,0,1
21.5,1.0,7.5,18,7.5,10,2.5,7.5,25.5,29.5,6,5,6,5,5,1.0,5,0.1528,1,1,18,50.5,0.1011904761904761,0.4761904761904761,0.0,0.0317460317460317,0.0,0.0,0.3134920634920635,0.0714285714285714,0,1
11.0,2.0,5.0,4,7.5,3,0.0,7.5,14.0,15.0,3,1,3,2,4,2.0,1,0.2143,1,1,10,50.5,0.1216216216216216,0.5405405405405406,0.0,0.0,0.0,0.0,0.2972972972972973,0.0405405405405405,0,1
21.5,1.0,6.0,7,7.5,7,1.0,7.5,25.5,29.5,6,3,6,5,5,0.0,2,0.1935,1,1,18,50.5,0.0746268656716417,0.5970149253731343,0.0,0.0149253731343283,0.0,0.0,0.2462686567164179,0.0597014925373134,0,1
21.5,2.0,7.5,18,7.5,10,2.5,7.5,25.5,29.5,6,5,6,5,2,3.5,5,0.2742,1,1,18,50.5,0.0902255639097744,0.5714285714285714,0.0,0.0601503759398496,0.0,0.0,0.2355889724310776,0.0413533834586466,0,1
21.5,3.0,7.5,18,7.5,10,2.5,7.5,25.5,29.5,6,5,6,5,5,3.5,5,0.2579,1,1,18,50.5,0.1259079903147699,0.5811138014527845,0.0,0.0355125100887812,0.0,0.0,0.2114608555286521,0.0451977401129943,0,1
21.5,2.0,7.5,10,7.5,3,0.0,7.5,25.5,29.5,4,1,3,3,4,0.0,1,0.075,1,1,18,50.5,0.0213270142180094,0.6919431279620853,0.0,0.0,0.0,0.0,0.2180094786729857,0.0663507109004739,0,1
10.0,1.0,2.0,2,5.0,1,0.0,0.0,8.0,7.0,1,1,1,0,0,0.0,1,0.125,0,1,8,28.0,0.1071428571428571,0.7142857142857142,0.0,0.0,0.0,0.0,0.0,0.1785714285714285,0,1
21.5,2.0,7.5,18,7.5,10,2.5,7.5,25.5,29.5,6,5,6,5,4,0.0,5,0.1507,1,1,18,50.5,0.0565326633165829,0.6180904522613065,0.0,0.0201005025125628,0.0,0.0,0.2412060301507537,0.0640703517587939,0,1
21.5,3.0,7.5,16,7.5,6,0.0,7.5,25.5,29.5,6,1,5,5,5,1.0,1,0.1351,1,1,18,50.5,0.0975609756097561,0.5121951219512195,0.0,0.0,0.0,0.0,0.2926829268292683,0.0853658536585365,0,1
17.0,3.0,7.5,2,7.5,1,0.0,7.5,17.0,17.0,2,0,1,1,2,0.0,0,0.0588,1,1,15,50.5,0.037037037037037,0.6419753086419753,0.0,0.0,0.0,0.0,0.2222222222222222,0.0864197530864197,0,1
17.0,3.0,7.5,2,7.5,1,0.0,7.5,17.0,17.0,2,0,1,1,2,0.0,0,0.0588,1,1,15,50.5,0.0326086956521739,0.6521739130434783,0.0,0.0,0.0,0.0,0.2391304347826087,0.0760869565217391,0,1
8.0,0.0,2.0,12,3.0,0,0.0,0.0,5.0,5.0,2,1,3,3,2,1.0,1,0.6,1,1,5,15.0,0.0,0.7142857142857142,0.0,0.1333333333333333,0.0,0.0,0.0,0.0666666666666666,0,1
8.0,1.0,0.0,9,0.0,1,1.0,0.0,7.0,7.0,2,2,3,2,1,2.0,2,0.4286,1,1,5,5.0,0.2,0.0,0.0,0.4166666666666665,0.0,0.0,0.0,0.0,0,1
14.0,1.0,2.0,13,0.0,1,0.0,0.0,14.0,15.0,3,3,5,4,2,2.0,3,0.3571,1,1,12,9.0,0.1111111111111111,0.0,0.0,0.4166666666666665,0.0,0.0,0.0,0.357142857142857,0,1
14.0,1.0,2.0,13,0.0,1,0.0,0.0,14.0,15.0,3,3,5,4,2,2.0,3,0.3571,1,1,12,9.0,0.1111111111111111,0.0,0.0,0.4166666666666665,0.0,0.0,0.0,0.357142857142857,0,1
4.0,1.0,0.0,8,2.0,1,0.0,1.0,3.0,2.0,1,1,3,2,2,2.0,1,0.6189,1,1,3,9.0,0.3333333333333333,0.0,0.0,0.0,0.0,0.0,0.2222222222222222,0.0,0,1
18.0,2.0,2.0,17,0.0,2,0.0,2.0,24.0,26.0,4,4,4,3,0,0.0,4,0.1667,0,1,17,20.0,0.3,0.0,0.0,0.2,0.0,0.0,0.2,0.3,0,1
21.5,1.0,5.0,17,5.0,7,1.0,7.5,25.5,29.5,6,5,6,5,1,0.0,5,0.1935,1,1,18,50.5,0.1973684210526315,0.0526315789473684,0.0,0.1052631578947368,0.0,0.0,0.3552631578947368,0.0526315789473684,0,1
21.5,3.5,7.5,18,7.5,9,2.5,7.0,0.0,0.0,0,0,0,0,0,0.0,0,0.0,0,0,0,50.5,0.2727272727272727,0.3636363636363636,0.0,0.1212121212121212,0.0,0.0,0.1414141414141414,0.101010101010101,0,1
3.0,2.0,1.0,2,0.0,0,0.0,2.0,14.0,13.0,1,0,0,0,0,0.0,0,0.0,0,0,3,4.0,0.0,0.0,0.0,0.0,0.0,0.0,0.9375,0.0,0,1
5.0,2.0,1.0,3,0.0,1,0.0,1.0,3.0,2.0,1,1,1,0,0,2.0,1,0.3333,0,1,3,5.0,0.6,0.0,0.0,0.0,0.0,0.0,0.4,0.0,0,1
2.0,0.0,0.0,4,0.0,1,0.0,1.0,1.0,0.0,1,0,0,0,0,1.0,0,0.0,0,0,1,5.0,0.6,0.0,0.0,0.0,0.0,0.0,0.4,0.0,0,1
3.0,1.0,0.0,5,0.0,0,0.0,0.0,2.0,1.0,1,0,1,1,1,1.0,0,0.5,1,1,2,1.0,0.0,0.0,0.0,0.0,0.0,0.0,0.0,0.357142857142857,0,1
9.0,1.0,3.0,7,0.0,1,1.0,0.0,8.0,9.0,3,2,3,2,1,1.0,2,0.375,1,1,8,9.0,0.1111111111111111,0.0,0.0,0.4166666666666665,0.0,0.0,0.2222222222222222,0.2222222222222222,0,1
4.0,1.0,0.0,6,0.0,0,0.0,0.0,5.0,5.0,2,1,1,1,0,1.0,1,0.2,0,1,3,2.0,0.0,0.0,0.0,0.4166666666666665,0.0,0.0,0.0,0.0,0,1
6.0,1.0,0.0,8,0.0,1,0.0,0.0,9.0,10.0,3,2,2,2,0,1.0,2,0.2222,0,1,5,3.0,0.3333333333333333,0.0,0.0,0.4166666666666665,0.0,0.0,0.0,0.0,0,1
8.0,0.0,2.0,12,3.0,0,0.0,0.0,5.0,5.0,2,1,3,3,2,1.0,1,0.6,1,1,5,15.0,0.0,0.7142857142857142,0.0,0.1333333333333333,0.0,0.0,0.0,0.0666666666666666,0,1
2.0,0.0,0.0,3,4.0,0,0.0,3.0,1.0,0.0,1,0,1,1,1,1.0,0,0.6189,1,1,1,22.0,0.0,0.7142857142857142,0.0,0.0,0.0,0.0,0.2727272727272727,0.0,0,1
4.0,1.0,0.0,5,0.0,1,0.0,0.0,4.0,4.0,2,1,2,1,1,1.0,1,0.5,1,1,3,1.0,1.0,0.0,0.0,0.0,0.0,0.0,0.0,0.0,0,1
6.0,1.0,0.0,8,2.0,1,0.0,1.0,3.0,2.0,1,1,3,2,2,2.0,1,0.6189,1,1,3,9.0,0.3333333333333333,0.0,0.0,0.0,0.0,0.0,0.2222222222222222,0.0,0,1
7.0,1.0,1.0,10,0.0,1,0.0,1.0,4.0,3.0,1,1,3,2,2,2.0,1,0.6189,1,1,4,5.0,0.6,0.0,0.0,0.0,0.0,0.0,0.4,0.0,0,1
4.0,1.0,0.0,6,0.0,1,0.0,0.0,4.0,4.0,2,1,2,1,1,1.0,1,0.5,1,1,3,1.0,1.0,0.0,0.0,0.0,0.0,0.0,0.0,0.0,0,1
21.5,3.0,5.0,18,2.0,10,0.0,2.0,25.5,29.5,6,3,6,4,4,2.0,1,0.1875,1,1,18,25.0,0.24,0.0,0.0,0.24,0.0,0.0,0.28,0.24,0,1
21.5,3.0,7.5,18,6.0,10,0.0,3.0,24.0,27.0,5,1,4,3,5,1.0,1,0.1667,1,1,18,28.0,0.3571428571428571,0.2857142857142857,0.0,0.0,0.0,0.0,0.2142857142857142,0.1428571428571428,0,1
5.0,2.0,0.0,4,0.0,10,0.0,0.0,4.0,4.0,2,0,1,1,2,0.0,0,0.25,1,1,3,1.0,0.0,0.0,0.0,0.0,0.0,0.0,0.0,0.357142857142857,0,1
17.0,1.0,4.0,18,0.0,10,0.0,0.0,20.0,24.0,6,3,5,3,4,1.0,1,0.25,1,1,16,9.0,0.4444444444444444,0.0,0.0,0.2222222222222222,0.0,0.0,0.0,0.3333333333333333,0,1
12.0,1.0,2.0,11,0.0,10,0.0,1.0,14.0,16.0,4,2,3,2,2,1.0,1,0.2143,1,1,11,8.0,0.5,0.0,0.0,0.0,0.0,0.0,0.25,0.25,0,1
16.0,1.0,5.0,13,3.0,10,0.0,2.0,20.0,23.0,5,2,4,4,4,1.0,1,0.2,1,1,15,13.0,0.4615384615384615,0.0,0.0,0.0,0.0,0.0,0.3076923076923077,0.2307692307692307,0,1
10.0,2.0,2.0,5,0.0,10,0.0,0.0,9.0,10.0,3,1,2,1,2,1.0,0,0.2222,1,1,8,5.0,0.6,0.0,0.0,0.0,0.0,0.0,0.0,0.357142857142857,0,1
20.0,2.0,7.5,16,7.5,10,2.0,7.5,25.0,29.5,6,4,6,5,5,2.0,4,0.28,1,1,18,50.5,0.2795698924731182,0.3010752688172043,0.0,0.086021505376344,0.0,0.0,0.3010752688172043,0.032258064516129,0,1
6.0,1.0,0.0,5,0.0,2,0.0,0.0,10.0,10.0,2,2,2,1,0,0.0,2,0.2,0,1,4,6.0,1.0,0.0,0.0,0.0,0.0,0.0,0.0,0.0,0,1
6.0,3.5,5.0,4,5.0,1,0.0,1.0,4.0,4.0,2,0,2,2,3,0.0,0,0.5,1,1,2,18.0,0.1666666666666666,0.6666666666666666,0.0,0.0,0.0,0.0,0.1111111111111111,0.0555555555555555,0,1
9.0,3.5,7.0,4,6.0,1,0.0,1.0,4.0,4.0,2,0,2,2,3,0.0,0,0.5,1,1,2,22.0,0.1363636363636363,0.7142857142857142,0.0,0.0,0.0,0.0,0.0909090909090909,0.0454545454545454,0,1
11.0,3.5,7.5,4,7.0,1,0.0,1.0,4.0,4.0,2,0,2,2,3,0.0,0,0.5,1,1,2,26.0,0.1153846153846153,0.7142857142857142,0.0,0.0,0.0,0.0,0.0769230769230769,0.0384615384615384,0,1
5.0,1.0,0.0,6,0.0,1,0.0,0.0,7.0,7.0,2,1,2,1,1,1.0,1,0.2857,1,1,3,3.0,1.0,0.0,0.0,0.0,0.0,0.0,0.0,0.0,0,1
5.0,3.5,3.0,3,6.0,1,0.0,1.0,4.0,4.0,2,0,1,1,2,0.0,0,0.25,1,1,2,22.0,0.1363636363636363,0.7142857142857142,0.0,0.0,0.0,0.0,0.0909090909090909,0.0454545454545454,0,1
5.0,3.5,3.0,3,6.0,1,0.0,1.0,4.0,4.0,2,0,1,1,2,0.0,0,0.25,1,1,2,22.0,0.1363636363636363,0.7142857142857142,0.0,0.0,0.0,0.0,0.0909090909090909,0.0454545454545454,0,1
11.0,3.5,5.0,3,7.5,2,0.0,6.0,10.0,11.0,3,0,2,2,4,0.0,0,0.2,1,1,6,38.0,0.1052631578947368,0.5263157894736842,0.0,0.0,0.0,0.0,0.3157894736842105,0.0526315789473684,0,1
6.0,3.5,2.0,4,1.0,0,0.0,3.0,3.0,2.0,1,0,0,0,0,0.0,0,0.0,0,0,3,8.0,0.0,0.0,0.0,0.0,0.0,0.0,0.75,0.25,0,1
8.0,3.5,5.0,4,7.5,1,0.0,1.0,7.0,7.0,2,0,1,1,2,0.0,0,0.1429,1,1,5,39.0,0.0769230769230769,0.7142857142857142,0.0,0.0,0.0,0.0,0.0512820512820512,0.0512820512820512,0,1
12.0,3.5,6.0,4,7.5,3,0.0,6.0,16.0,18.0,4,0,3,3,5,0.0,0,0.1875,1,1,10,34.0,0.2058823529411764,0.3529411764705882,0.0,0.0,0.0,0.0,0.3529411764705882,0.088235294117647,0,1
21.5,3.5,7.5,12,7.5,5,0.0,7.5,25.5,29.5,5,2,6,5,5,1.0,2,0.25,1,1,18,50.5,0.2054794520547945,0.3287671232876712,0.0,0.0,0.0,0.0,0.3013698630136986,0.136986301369863,0,1
19.0,3.5,6.0,9,7.5,3,0.0,7.5,18.0,20.0,4,2,3,2,2,0.0,2,0.1667,1,1,16,50.5,0.0857142857142857,0.4952380952380952,0.0,0.0,0.0,0.0,0.3619047619047619,0.0571428571428571,0,1
13.0,3.5,6.0,5,7.0,2,0.0,4.0,15.0,16.0,3,0,3,3,5,0.0,0,0.2,1,1,11,32.0,0.1875,0.375,0.0,0.0,0.0,0.0,0.25,0.1875,0,1
8.0,3.5,2.0,6,0.0,0,0.0,4.0,5.0,4.0,1,0,0,0,0,0.0,0,0.0,0,0,5,11.0,0.0,0.0,0.0,0.0,0.0,0.0,0.7272727272727273,0.2727272727272727,0,1
5.0,3.5,1.0,4,1.0,0,0.0,1.0,3.0,2.0,1,0,1,1,1,0.0,0,0.3333,1,1,3,8.0,0.0,0.5,0.0,0.0,0.0,0.0,0.25,0.25,0,1
6.0,3.5,1.0,5,2.0,0,0.0,4.0,4.0,3.0,1,0,1,1,1,0.0,0,0.25,1,1,4,19.0,0.0,0.4210526315789473,0.0,0.0,0.0,0.0,0.4210526315789473,0.1578947368421052,0,1
11.0,3.5,4.0,5,6.0,2,0.0,5.0,11.0,12.0,3,1,3,3,3,0.0,1,0.2727,1,1,9,34.0,0.1764705882352941,0.3529411764705882,0.0,0.0,0.0,0.0,0.2941176470588235,0.1176470588235294,0,1
11.0,3.5,4.0,5,7.0,2,0.0,6.0,11.0,12.0,3,1,3,3,3,0.0,1,0.2727,1,1,9,40.0,0.15,0.4,0.0,0.0,0.0,0.0,0.3,0.1,0,1
11.0,3.5,4.0,6,7.0,2,0.0,6.0,11.0,12.0,3,1,3,3,3,0.0,1,0.2727,1,1,9,40.0,0.15,0.4,0.0,0.0,0.0,0.0,0.3,0.1,0,1
9.0,3.5,2.0,6,6.0,2,0.0,6.0,9.0,10.0,3,1,3,3,3,0.0,1,0.3333,1,1,7,32.0,0.1875,0.25,0.0,0.0,0.0,0.0,0.375,0.125,0,1
9.0,3.5,2.0,6,5.0,2,0.0,6.0,9.0,10.0,3,1,3,3,3,0.0,1,0.3333,1,1,7,31.0,0.1935483870967742,0.2580645161290322,0.0,0.0,0.0,0.0,0.3870967741935484,0.1290322580645161,0,1
21.5,3.5,6.0,9,7.5,6,0.0,7.5,24.0,29.0,6,4,6,5,5,0.0,3,0.2917,1,1,18,50.5,0.1294964028776978,0.460431654676259,0.0,0.0,0.0,0.0,0.3309352517985611,0.0647482014388489,0,1
21.5,3.5,7.5,10,7.5,6,0.0,7.5,25.5,29.5,6,4,6,5,5,0.0,3,0.25,1,1,18,50.5,0.1028571428571428,0.5028571428571429,0.0,0.0,0.0,0.0,0.32,0.0628571428571428,0,1
21.5,3.5,7.5,10,7.5,6,0.0,7.5,25.5,29.5,6,4,6,5,5,0.0,3,0.25,1,1,18,50.5,0.1028571428571428,0.5028571428571429,0.0,0.0,0.0,0.0,0.32,0.0628571428571428,0,1
21.5,3.5,7.5,9,7.5,6,0.0,7.5,25.5,29.5,6,4,6,5,5,0.0,3,0.25,1,1,18,50.5,0.1016949152542373,0.4971751412429379,0.0,0.0,0.0,0.0,0.3163841807909605,0.0621468926553672,0,1
21.5,3.5,4.0,17,7.5,4,0.0,7.5,23.0,25.0,4,1,4,3,5,0.0,1,0.1739,1,1,18,50.5,0.1018518518518518,0.2222222222222222,0.0,0.0,0.0,0.0,0.5370370370370371,0.1296296296296296,0,1
9.0,3.5,2.0,6,4.0,2,0.0,6.0,9.0,10.0,3,1,3,3,3,0.0,1,0.3333,1,1,7,30.0,0.2,0.2666666666666666,0.0,0.0,0.0,0.0,0.4,0.1333333333333333,0,1
9.0,3.5,2.0,6,4.0,2,0.0,6.0,9.0,10.0,3,1,3,3,3,0.0,1,0.3333,1,1,7,30.0,0.2,0.2666666666666666,0.0,0.0,0.0,0.0,0.4,0.1333333333333333,0,1
21.5,3.5,6.0,9,7.5,6,0.0,7.5,24.0,29.0,6,4,6,5,5,0.0,3,0.2917,1,1,18,50.5,0.1276595744680851,0.4539007092198581,0.0,0.0,0.0,0.0,0.3262411347517731,0.0638297872340425,0,1
21.5,3.5,7.5,10,7.5,6,0.0,7.5,25.5,29.5,6,4,6,5,5,0.0,3,0.25,1,1,18,50.5,0.1022727272727272,0.5,0.0,0.0,0.0,0.0,0.3181818181818182,0.0625,0,1
21.5,3.5,7.5,10,7.5,6,0.0,7.5,25.5,29.5,6,4,6,5,5,0.0,3,0.25,1,1,18,50.5,0.1028571428571428,0.5028571428571429,0.0,0.0,0.0,0.0,0.32,0.0628571428571428,0,1
21.5,3.5,7.5,9,7.5,6,0.0,7.5,25.5,29.5,6,4,6,5,5,0.0,3,0.25,1,1,18,50.5,0.1028571428571428,0.5028571428571429,0.0,0.0,0.0,0.0,0.32,0.0628571428571428,0,1
10.0,3.0,5.0,8,7.0,3,0.0,5.0,13.0,15.0,4,1,3,3,4,1.0,1,0.2308,1,1,9,32.0,0.25,0.375,0.0,0.0,0.0,0.0,0.3125,0.0625,0,1
11.0,3.0,3.0,5,7.5,2,0.0,7.5,10.0,11.0,3,1,2,2,2,1.0,1,0.2,1,1,8,50.5,0.1,0.4,0.0,0.0,0.0,0.0,0.4333333333333333,0.0666666666666666,0,1
18.0,3.5,7.0,6,7.5,4,1.0,7.5,15.0,16.0,3,1,3,2,4,2.0,1,0.2,1,1,11,50.5,0.1967213114754098,0.3278688524590163,0.0,0.0655737704918032,0.0,0.0,0.360655737704918,0.0491803278688524,0,1
12.0,3.5,6.0,5,5.0,3,1.0,6.0,11.0,11.0,2,1,2,1,2,2.0,1,0.1818,1,1,9,39.0,0.2307692307692307,0.3076923076923077,0.0,0.1025641025641025,0.0,0.0,0.3076923076923077,0.0512820512820512,0,1
21.5,3.5,7.5,18,7.5,10,2.0,7.5,25.5,29.5,6,3,6,5,5,2.0,3,0.2188,1,1,18,50.5,0.219298245614035,0.175438596491228,0.0,0.0701754385964912,0.0,0.0,0.4736842105263157,0.0614035087719298,0,1
21.5,3.5,7.5,18,7.5,10,2.0,7.5,25.5,29.5,6,4,6,5,5,2.0,3,0.1967,1,1,18,50.5,0.2248520710059171,0.165680473372781,0.0,0.059171597633136,0.0,0.0,0.4260355029585799,0.1242603550295858,0,1
14.0,3.5,7.0,5,7.0,3,0.0,5.0,16.0,18.0,4,1,3,2,3,1.0,1,0.1875,1,1,11,26.0,0.3461538461538461,0.1538461538461538,0.0,0.0,0.0,0.0,0.4230769230769231,0.0769230769230769,0,1
6.0,3.5,4.0,4,0.0,0,0.0,2.0,3.0,2.0,1,0,0,0,0,1.0,0,0.0,0,0,3,5.0,0.0,0.0,0.0,0.0,0.0,0.0,0.8,0.2,0,1
7.0,2.0,1.0,6,0.0,0,2.5,0.0,12.0,11.0,1,0,0,0,0,0.0,0,0.0,0,0,6,12.0,0.0,0.0,0.0,0.4166666666666665,0.0,0.0,0.0,0.0,0,1
15.0,0.0,2.0,15,7.5,3,0.0,4.0,13.0,12.0,1,5,6,5,5,3.5,5,0.6189,1,1,13,50.5,0.1698113207547169,0.6037735849056604,0.0,0.0754716981132075,0.0,0.0,0.1509433962264151,0.0,0,1
10.0,1.0,0.0,9,6.0,0,2.5,0.0,6.0,5.0,1,2,2,0,0,3.0,2,0.3333,0,1,6,41.0,0.0,0.5853658536585366,0.0,0.3902439024390244,0.0,0.0,0.0,0.024390243902439,0,1
7.0,1.0,0.0,6,2.0,0,1.0,0.0,4.0,3.0,1,1,1,0,0,2.0,1,0.25,0,1,4,13.0,0.0,0.6153846153846154,0.0,0.3076923076923077,0.0,0.0,0.0,0.0769230769230769,0,1
7.0,1.0,0.0,6,2.0,0,1.0,0.0,4.0,3.0,1,1,1,0,0,2.0,1,0.25,0,1,4,13.0,0.0,0.6153846153846154,0.0,0.3076923076923077,0.0,0.0,0.0,0.0769230769230769,0,1
21.0,1.0,6.0,14,7.5,3,2.5,2.0,16.0,15.0,1,4,4,0,0,3.5,4,0.25,0,1,16,50.5,0.0918367346938775,0.7142857142857142,0.0,0.1224489795918367,0.0,0.0,0.0408163265306122,0.010204081632653,0,1
11.0,0.0,1.0,12,7.0,3,1.0,7.5,8.0,7.0,1,3,4,1,1,3.5,3,0.5,1,1,8,50.5,0.1525423728813559,0.4745762711864407,0.0,0.1016949152542373,0.0,0.0,0.2711864406779661,0.0,0,1
10.0,1.0,1.0,5,0.0,3,1.0,0.0,8.0,7.0,1,3,3,0,0,3.5,3,0.375,0,1,8,14.0,0.4285714285714285,0.0,0.0,0.4166666666666665,0.0,0.0,0.1428571428571428,0.0,0,1
4.0,0.0,0.0,3,1.0,0,0.0,0.0,3.0,2.0,1,1,1,0,0,2.0,1,0.3333,0,1,3,3.0,0.0,0.0,0.0,0.4166666666666665,0.0,0.0,0.0,0.0,0,1
5.0,0.0,0.0,4,3.0,0,0.0,3.0,3.0,2.0,1,1,1,0,0,2.0,1,0.3333,0,1,3,20.0,0.0,0.6,0.0,0.1,0.0,0.0,0.3,0.0,0,1
7.0,1.0,0.0,8,2.0,0,2.5,0.0,5.0,4.0,1,2,2,0,0,3.0,2,0.4,0,1,5,20.0,0.0,0.4,0.0,0.4166666666666665,0.0,0.0,0.0,0.0,0,1
4.0,0.0,0.0,3,2.0,0,0.0,0.0,3.0,2.0,1,1,1,0,0,2.0,1,0.3333,0,1,3,4.0,0.0,0.0,0.0,0.4166666666666665,0.0,0.0,0.0,0.0,0,1
5.0,0.0,0.0,8,0.0,0,0.0,0.0,3.0,2.0,1,1,1,0,0,2.0,1,0.3333,0,1,3,2.0,0.0,0.0,0.0,0.4166666666666665,0.0,0.0,0.0,0.0,0,1
2.0,0.0,0.0,5,0.0,0,0.0,2.0,1.0,0.0,1,0,0,0,0,1.0,0,0.0,0,0,1,4.0,0.0,0.0,0.0,0.0,0.0,0.0,0.9375,0.0,0,1
5.0,0.0,0.0,6,0.0,0,0.0,0.0,3.0,2.0,1,1,2,1,1,2.0,1,0.6189,1,1,3,2.0,0.0,0.0,0.0,0.4166666666666665,0.0,0.0,0.0,0.0,0,1
5.0,0.0,0.0,8,0.0,0,0.0,0.0,3.0,2.0,1,1,1,0,0,2.0,1,0.3333,0,1,3,2.0,0.0,0.0,0.0,0.4166666666666665,0.0,0.0,0.0,0.0,0,1
5.0,0.0,0.0,9,0.0,0,0.0,2.0,3.0,2.0,1,1,1,0,0,2.0,1,0.3333,0,1,3,6.0,0.0,0.0,0.0,0.3333333333333333,0.0,0.0,0.6666666666666666,0.0,0,1
5.0,0.0,0.0,7,3.0,0,0.0,0.0,3.0,2.0,1,1,2,1,1,2.0,1,0.6189,1,1,3,11.0,0.0,0.7142857142857142,0.0,0.1818181818181818,0.0,0.0,0.0,0.0,0,1
5.0,0.0,0.0,7,2.0,0,0.0,0.0,3.0,2.0,1,1,2,1,1,2.0,1,0.6189,1,1,3,10.0,0.0,0.7142857142857142,0.0,0.2,0.0,0.0,0.0,0.0,0,1
5.0,0.0,1.0,6,2.0,0,0.0,0.0,4.0,3.0,1,1,2,1,1,2.0,1,0.5,1,1,4,10.0,0.0,0.7142857142857142,0.0,0.2,0.0,0.0,0.0,0.0,0,1
4.0,1.0,0.0,5,0.0,0,0.0,0.0,2.0,1.0,1,0,0,0,0,1.0,0,0.0,0,0,2,1.0,0.0,0.0,0.0,0.0,0.0,0.0,0.0,0.357142857142857,0,1
5.0,0.0,0.0,7,2.0,0,0.0,0.0,3.0,2.0,1,1,2,1,1,2.0,1,0.6189,1,1,3,10.0,0.0,0.7142857142857142,0.0,0.2,0.0,0.0,0.0,0.0,0,1
5.0,0.0,0.0,7,2.0,0,0.0,0.0,3.0,2.0,1,1,2,1,1,2.0,1,0.6189,1,1,3,10.0,0.0,0.7142857142857142,0.0,0.2,0.0,0.0,0.0,0.0,0,1
7.0,0.0,3.0,7,5.0,0,0.0,2.0,6.0,5.0,1,1,1,0,0,2.0,1,0.1667,0,1,6,26.0,0.0,0.7142857142857142,0.0,0.0769230769230769,0.0,0.0,0.1538461538461538,0.0,0,1
7.0,0.0,3.0,7,5.0,0,0.0,2.0,6.0,5.0,1,1,1,0,0,2.0,1,0.1667,0,1,6,26.0,0.0,0.7142857142857142,0.0,0.0769230769230769,0.0,0.0,0.1538461538461538,0.0,0,1
21.5,1.0,7.0,16,7.5,8,0.0,4.0,25.0,26.0,3,3,4,2,2,3.0,3,0.16,1,1,18,46.0,0.1304347826086956,0.5217391304347826,0.0,0.0869565217391304,0.0,0.0,0.1739130434782608,0.0869565217391304,0,1
2.0,0.0,0.0,1,0.0,1,0.0,3.0,1.0,0.0,1,0,0,0,0,1.0,0,0.0,0,0,1,9.0,0.3333333333333333,0.0,0.0,0.0,0.0,0.0,0.6666666666666666,0.0,0,1
2.0,0.0,0.0,2,2.0,0,0.0,0.0,1.0,0.0,1,0,0,0,0,1.0,0,0.0,0,0,1,8.0,0.0,0.7142857142857142,0.0,0.0,0.0,0.0,0.0,0.0,0,1
9.0,1.0,3.0,8,2.0,2,1.0,1.0,10.0,11.0,3,2,3,2,2,2.0,2,0.3,1,1,8,17.0,0.2352941176470588,0.0,0.0,0.3529411764705882,0.0,0.0,0.3529411764705882,0.0588235294117647,0,1
3.0,2.0,2.0,5,3.0,1,0.0,1.0,4.0,4.0,2,0,1,1,2,0.0,0,0.25,1,1,2,10.0,0.3,0.4,0.0,0.0,0.0,0.0,0.2,0.1,0,1
4.0,3.0,2.0,6,0.0,0,0.0,0.0,1.0,0.0,1,0,0,0,0,0.0,0,0.0,0,0,1,1.0,0.0,0.0,0.0,0.0,0.0,0.0,0.0,0.357142857142857,0,1
6.0,0.0,2.0,7,3.0,2,0.0,3.0,7.0,7.0,2,1,2,1,2,2.0,1,0.2857,1,1,5,20.0,0.3,0.2,0.0,0.0,0.0,0.0,0.5,0.0,0,1
2.0,0.0,0.0,2,1.0,0,0.0,1.0,1.0,0.0,1,0,0,0,0,1.0,0,0.0,0,0,1,6.0,0.0,0.6666666666666666,0.0,0.0,0.0,0.0,0.3333333333333333,0.0,0,1
18.0,3.5,4.0,10,3.0,3,0.0,2.0,25.5,29.0,1,0,0,0,0,0.0,0,0.0,0,0,15,22.0,0.0454545454545454,0.5454545454545454,0.0,0.0909090909090909,0.0,0.0,0.1818181818181818,0.1363636363636363,0,1
21.5,0.0,7.5,18,7.5,10,0.0,7.5,25.5,29.5,6,4,6,5,5,1.0,2,0.2812,1,1,18,50.5,0.2784810126582278,0.2531645569620253,0.0,0.0253164556962025,0.0,0.0,0.3544303797468354,0.0886075949367088,0,1
21.5,0.0,6.0,18,5.0,10,1.0,7.5,20.0,23.0,5,3,4,2,2,1.0,3,0.2,1,1,18,50.5,0.2372881355932203,0.135593220338983,0.0,0.1694915254237288,0.0,0.0,0.3728813559322034,0.0847457627118644,0,1
5.0,1.0,0.0,4,0.0,8,0.0,0.0,5.0,5.0,2,0,1,1,2,1.0,0,0.2,1,1,4,1.0,0.0,0.0,0.0,0.0,0.0,0.0,0.0,0.357142857142857,0,1
6.0,1.0,1.0,4,2.0,1,0.0,1.0,6.0,7.0,3,1,2,1,2,1.0,0,0.3333,1,1,5,4.0,0.25,0.0,0.0,0.0,0.0,0.0,0.5,0.25,0,1
21.5,1.0,7.5,18,7.5,7,1.0,7.5,25.5,29.5,6,5,6,5,2,1.0,5,0.2188,1,1,18,50.5,0.0794701986754966,0.3973509933774834,0.0,0.0927152317880794,0.0,0.0,0.3443708609271523,0.086092715231788,0,1
13.0,0.0,3.0,17,7.5,4,0.0,7.5,18.0,22.0,6,2,5,5,5,0.0,2,0.2778,1,1,12,29.0,0.4137931034482758,0.0,0.0,0.0689655172413793,0.0,0.0,0.2758620689655172,0.2413793103448276,0,1
2.0,2.0,0.0,3,0.0,0,0.0,1.0,1.0,0.0,1,0,0,0,0,0.0,0,0.0,0,0,1,3.0,0.0,0.0,0.0,0.0,0.0,0.0,0.6666666666666666,0.3333333333333333,0,1
2.0,0.0,0.0,2,1.0,0,0.0,0.0,1.0,0.0,1,0,0,0,0,1.0,0,0.0,0,0,1,4.0,0.0,0.7142857142857142,0.0,0.0,0.0,0.0,0.0,0.0,0,1
5.0,1.0,1.0,3,0.0,0,0.0,1.0,5.0,5.0,2,0,1,1,2,1.0,0,0.2,1,1,4,3.0,0.0,0.0,0.0,0.0,0.0,0.0,0.6666666666666666,0.3333333333333333,0,1
7.0,1.0,0.0,13,3.0,1,0.0,3.0,3.0,2.0,1,1,1,0,0,2.0,1,0.3333,0,1,3,13.0,0.2307692307692307,0.3076923076923077,0.0,0.0,0.0,0.0,0.4615384615384615,0.0,0,1
15.0,1.0,1.0,7,0.0,7,2.5,0.0,6.0,5.0,1,2,3,1,1,3.0,2,0.5,1,1,6,50.5,0.3461538461538461,0.0,0.0,0.4166666666666665,0.0,0.0,0.0384615384615384,0.0,0,1
4.0,1.0,0.0,3,0.0,0,0.0,0.0,2.0,1.0,1,0,0,0,0,0.0,0,0.0,0,0,2,2.0,0.0,0.0,0.0,0.0,0.0,0.0,0.0,0.357142857142857,0,1
4.0,1.0,0.0,3,0.0,0,0.0,1.0,2.0,1.0,1,0,0,0,0,0.0,0,0.0,0,0,2,2.0,0.0,0.0,0.0,0.0,0.0,0.0,0.0,0.357142857142857,0,1
2.0,2.0,1.0,2,2.0,0,0.0,1.0,1.0,0.0,1,0,0,0,0,1.0,0,0.0,0,0,1,10.0,0.0,0.7142857142857142,0.0,0.0,0.0,0.0,0.2,0.0,0,1
4.0,3.0,2.0,4,0.0,0,0.0,0.0,2.0,1.0,1,0,1,1,1,1.0,0,0.5,1,1,2,1.0,0.0,0.0,0.0,0.0,0.0,0.0,0.0,0.357142857142857,0,1
3.0,1.0,0.0,3,0.0,1,0.0,1.0,4.0,3.0,1,1,1,0,0,0.0,1,0.25,0,1,2,1.0,1.0,0.0,0.0,0.0,0.0,0.0,0.0,0.0,0,1
7.0,3.5,4.0,5,0.0,0,0.0,0.0,4.0,3.0,1,0,1,1,1,1.0,0,0.25,1,1,4,2.0,0.0,0.0,0.0,0.0,0.0,0.0,0.0,0.357142857142857,0,1
21.5,3.5,7.5,14,7.5,10,2.5,7.5,25.5,29.5,6,4,5,5,1,1.0,4,0.119,1,1,18,50.5,0.3544303797468354,0.2025316455696202,0.0,0.2531645569620253,0.0,0.0,0.1518987341772152,0.0379746835443038,0,1
3.0,1.0,1.0,3,2.0,1,0.0,3.0,4.0,4.0,2,0,2,2,3,0.0,0,0.5,1,1,2,9.0,0.2222222222222222,0.0,0.0,0.0,0.0,0.0,0.6666666666666666,0.1111111111111111,0,1
15.0,2.0,3.0,2,7.5,1,0.0,6.0,13.0,13.0,2,1,1,1,0,0.0,1,0.0769,0,1,13,50.5,0.0309278350515463,0.7142857142857142,0.0,0.0,0.0,0.0,0.1237113402061855,0.1030927835051546,0,1
3.0,1.0,1.0,3,2.0,0,0.0,0.0,2.0,1.0,1,0,0,0,0,1.0,0,0.0,0,0,2,8.0,0.0,0.7142857142857142,0.0,0.0,0.0,0.0,0.0,0.0,0,1
6.0,0.0,0.0,4,2.0,2,0.0,2.0,5.0,4.0,1,2,2,0,0,3.0,2,0.4,0,1,5,18.0,0.3333333333333333,0.4444444444444444,0.0,0.0,0.0,0.0,0.2222222222222222,0.0,0,1
2.0,1.0,0.0,2,3.0,0,0.0,0.0,1.0,0.0,1,0,0,0,0,1.0,0,0.0,0,0,1,12.0,0.0,0.7142857142857142,0.0,0.0,0.0,0.0,0.0,0.0,0,1
2.0,0.0,0.0,2,3.0,0,0.0,0.0,1.0,0.0,1,0,0,0,0,1.0,0,0.0,0,0,1,14.0,0.0,0.7142857142857142,0.0,0.0,0.0,0.0,0.1428571428571428,0.0,0,1
2.0,1.0,0.0,1,2.0,0,0.0,0.0,1.0,0.0,1,0,0,0,0,1.0,0,0.0,0,0,1,8.0,0.0,0.7142857142857142,0.0,0.0,0.0,0.0,0.0,0.0,0,1
4.0,0.0,0.0,3,2.0,1,0.0,2.0,3.0,2.0,1,1,1,0,0,2.0,1,0.3333,0,1,3,15.0,0.2,0.5333333333333333,0.0,0.0,0.0,0.0,0.2666666666666666,0.0,0,1
6.0,0.0,2.0,5,1.0,1,0.0,1.0,5.0,5.0,2,1,1,1,0,1.0,1,0.2,0,1,5,7.0,0.4285714285714285,0.0,0.0,0.0,0.0,0.0,0.2857142857142857,0.1428571428571428,0,1
3.0,0.0,1.0,4,2.0,0,0.0,0.0,2.0,1.0,1,0,0,0,0,1.0,0,0.0,0,0,2,8.0,0.0,0.7142857142857142,0.0,0.0,0.0,0.0,0.0,0.0,0,1
4.0,0.0,0.0,2,0.0,1,0.0,1.0,3.0,2.0,1,1,1,0,0,2.0,1,0.3333,0,1,3,5.0,0.6,0.0,0.0,0.0,0.0,0.0,0.4,0.0,0,1
3.0,0.0,0.0,3,5.0,0,0.0,0.0,1.0,0.0,1,0,0,0,0,1.0,0,0.0,0,0,1,22.0,0.0,0.7142857142857142,0.0,0.0,0.0,0.0,0.0909090909090909,0.0,0,1
2.0,0.0,0.0,3,1.0,0,0.0,0.0,1.0,0.0,1,0,0,0,0,1.0,0,0.0,0,0,1,4.0,0.0,0.7142857142857142,0.0,0.0,0.0,0.0,0.0,0.0,0,1
2.0,0.0,0.0,2,0.0,0,0.0,1.0,1.0,0.0,1,0,1,1,1,1.0,0,0.6189,1,1,1,2.0,0.0,0.0,0.0,0.0,0.0,0.0,0.9375,0.0,0,1
6.0,1.0,0.0,6,3.0,2,1.0,2.0,4.0,4.0,2,1,1,1,0,1.0,1,0.25,0,1,3,29.0,0.2068965517241379,0.4137931034482758,0.0,0.1034482758620689,0.0,0.0,0.2758620689655172,0.0,0,1
2.0,0.0,0.0,3,1.0,0,0.0,1.0,1.0,0.0,1,0,0,0,0,1.0,0,0.0,0,0,1,6.0,0.0,0.6666666666666666,0.0,0.0,0.0,0.0,0.3333333333333333,0.0,0,1
3.0,0.0,0.0,6,3.0,0,0.0,1.0,1.0,0.0,1,0,0,0,0,1.0,0,0.0,0,0,1,16.0,0.0,0.7142857142857142,0.0,0.0,0.0,0.0,0.25,0.0,0,1
4.0,1.0,0.0,4,1.0,2,0.0,5.0,3.0,2.0,1,1,1,0,0,2.0,1,0.3333,0,1,3,19.0,0.3157894736842105,0.0,0.0,0.1052631578947368,0.0,0.0,0.5263157894736842,0.0,0,1
5.0,2.0,2.0,4,1.0,2,1.0,1.0,5.0,5.0,2,1,1,1,0,1.0,1,0.2,0,1,4,13.0,0.4615384615384615,0.3076923076923077,0.0,0.2307692307692307,0.0,0.0,0.0,0.0,0,1
19.0,3.0,3.0,9,5.0,5,0.0,2.0,15.0,19.0,6,5,6,2,1,1.0,5,0.4,1,1,13,39.0,0.3846153846153846,0.5128205128205128,0.0,0.0,0.0,0.0,0.1025641025641025,0.0,0,1
21.5,2.0,7.5,14,7.5,10,2.0,7.5,25.5,29.5,6,5,6,5,5,3.5,5,0.2903,1,1,18,50.5,0.2068965517241379,0.496551724137931,0.0,0.0551724137931034,0.0,0.0,0.193103448275862,0.0482758620689655,0,1
10.0,2.0,1.0,5,0.0,2,0.0,3.0,11.0,11.0,2,2,2,1,0,0.0,2,0.1818,0,1,8,8.0,0.75,0.0,0.0,0.0,0.0,0.0,0.25,0.0,0,1
21.5,2.0,5.0,14,7.5,10,2.5,7.5,25.5,29.5,6,5,6,5,2,2.0,5,0.2647,1,1,18,50.5,0.2649006622516556,0.1324503311258278,0.0,0.1059602649006622,0.0,0.0,0.304635761589404,0.0596026490066225,0,1
21.5,2.0,3.0,13,6.0,8,0.0,7.0,23.0,29.5,6,5,6,2,1,1.0,5,0.3913,1,1,18,50.5,0.4,0.4,0.0,0.0,0.0,0.0,0.2,0.0,0,1
14.0,2.0,3.0,10,7.5,7,2.0,7.0,15.0,15.0,2,4,6,2,3,3.5,4,0.4,1,1,13,50.5,0.2727272727272727,0.3636363636363636,0.0,0.1038961038961039,0.0,0.0,0.2337662337662337,0.0259740259740259,0,1
18.0,2.0,4.0,17,7.5,9,2.0,7.5,21.0,22.0,3,5,6,3,5,3.5,5,0.381,1,1,17,50.5,0.3461538461538461,0.2564102564102564,0.0,0.1025641025641025,0.0,0.0,0.2564102564102564,0.0384615384615384,0,1
6.0,3.0,2.0,4,1.0,1,0.0,3.0,5.0,4.0,1,2,2,0,0,3.0,2,0.4,0,1,5,11.0,0.2727272727272727,0.0,0.0,0.1818181818181818,0.0,0.0,0.5454545454545454,0.0,0,1
2.0,3.0,2.0,3,1.0,1,1.0,0.0,1.0,0.0,1,0,1,1,1,1.0,0,0.6189,1,1,1,11.0,0.2727272727272727,0.3636363636363636,0.0,0.3636363636363636,0.0,0.0,0.0,0.0,0,1
2.0,1.0,0.0,4,3.0,0,0.0,1.0,1.0,0.0,1,0,0,0,0,1.0,0,0.0,0,0,1,11.0,0.0,0.7142857142857142,0.0,0.0,0.0,0.0,0.1818181818181818,0.0,0,1
2.0,2.0,1.0,4,0.0,1,2.0,0.0,1.0,0.0,1,0,0,0,0,1.0,0,0.0,0,0,1,11.0,0.2727272727272727,0.0,0.0,0.4166666666666665,0.0,0.0,0.0,0.0,0,1
9.0,3.0,4.0,6,3.0,5,1.0,3.0,11.0,12.0,3,2,2,2,0,1.0,2,0.1818,0,1,8,38.0,0.3947368421052631,0.3157894736842105,0.0,0.0789473684210526,0.0,0.0,0.1578947368421052,0.0526315789473684,0,1
9.0,2.0,1.0,6,2.0,6,1.0,1.0,10.0,10.0,2,3,4,2,3,3.5,3,0.4,1,1,8,22.0,0.4090909090909091,0.0,0.0,0.2727272727272727,0.0,0.0,0.2272727272727272,0.0,0,1
9.0,1.0,0.0,5,0.0,2,0.0,4.0,9.0,10.0,3,2,2,2,0,1.0,2,0.2222,0,1,8,10.0,0.6,0.0,0.0,0.0,0.0,0.0,0.4,0.0,0,1
8.0,1.0,0.0,8,1.0,2,0.0,4.0,8.0,8.0,2,2,2,1,0,2.0,2,0.25,0,1,7,16.0,0.375,0.25,0.0,0.0,0.0,0.0,0.375,0.0,0,1
11.0,1.0,2.0,8,2.0,3,0.0,5.0,13.0,14.0,3,2,3,2,2,2.0,2,0.2308,1,1,10,18.0,0.5,0.0,0.0,0.0,0.0,0.0,0.4444444444444444,0.0555555555555555,0,1
4.0,1.0,0.0,4,1.0,1,0.0,3.0,3.0,2.0,1,1,1,0,0,2.0,1,0.3333,0,1,3,12.0,0.25,0.0,0.0,0.1666666666666666,0.0,0.0,0.5,0.0,0,1
4.0,1.0,0.0,4,1.0,1,0.0,3.0,3.0,2.0,1,1,1,0,0,2.0,1,0.3333,0,1,3,12.0,0.25,0.0,0.0,0.1666666666666666,0.0,0.0,0.5,0.0,0,1
7.0,2.0,2.0,7,1.0,3,1.0,4.0,7.0,7.0,2,2,2,1,0,2.0,2,0.2857,0,1,6,22.0,0.3636363636363636,0.1818181818181818,0.0,0.1818181818181818,0.0,0.0,0.2727272727272727,0.0,0,1
5.0,2.0,2.0,4,1.0,2,1.0,1.0,5.0,5.0,2,1,1,1,0,1.0,1,0.2,0,1,4,13.0,0.4615384615384615,0.3076923076923077,0.0,0.2307692307692307,0.0,0.0,0.0,0.0,0,1
2.0,2.0,1.0,3,1.0,0,0.0,0.0,1.0,0.0,1,0,1,1,1,1.0,0,0.6189,1,1,1,4.0,0.0,0.7142857142857142,0.0,0.0,0.0,0.0,0.0,0.0,0,1
21.5,2.0,5.0,14,7.0,5,1.0,5.0,15.0,14.0,1,5,5,0,0,3.5,4,0.3333,0,1,15,50.5,0.1685393258426966,0.2696629213483146,0.0,0.0449438202247191,0.0,0.0,0.2808988764044944,0.0,0,1
8.0,2.0,5.0,6,1.0,2,2.0,2.0,7.0,6.0,1,1,1,0,0,2.0,1,0.1429,0,1,7,31.0,0.0967741935483871,0.1290322580645161,0.0,0.2580645161290322,0.0,0.0,0.2580645161290322,0.0,0,1
2.0,2.0,1.0,2,5.0,0,0.0,0.0,1.0,0.0,1,0,0,0,0,1.0,0,0.0,0,0,1,20.0,0.0,0.7142857142857142,0.0,0.0,0.0,0.0,0.0,0.0,0,1
21.5,2.0,4.0,18,6.0,3,0.0,7.0,25.5,29.5,6,5,6,5,4,1.0,4,0.2353,1,1,18,38.0,0.2368421052631578,0.2105263157894736,0.0,0.2631578947368421,0.0,0.0,0.2105263157894736,0.0789473684210526,0,1
11.0,3.0,2.0,9,0.0,0,0.0,0.0,6.0,4.0,1,1,1,0,0,3.0,0,0.1667,0,1,5,2.0,0.0,0.0,0.0,0.4166666666666665,0.0,0.0,0.0,0.0,0,1
4.0,3.0,4.0,5,3.0,0,0.0,1.0,3.0,2.0,1,0,0,0,0,1.0,0,0.0,0,0,3,14.0,0.0,0.7142857142857142,0.0,0.0,0.0,0.0,0.1428571428571428,0.0,0,1
21.5,3.0,5.0,18,7.5,8,0.0,7.5,25.5,29.5,6,5,6,5,0,1.0,3,0.1324,0,1,18,50.5,0.3157894736842105,0.2631578947368421,0.0,0.0,0.0,0.0,0.2105263157894736,0.2105263157894736,0,1
4.0,1.0,0.0,4,1.0,2,0.0,5.0,3.0,2.0,1,1,1,0,0,2.0,1,0.3333,0,1,3,19.0,0.3157894736842105,0.0,0.0,0.1052631578947368,0.0,0.0,0.5263157894736842,0.0,0,1
2.0,1.0,0.0,4,3.0,0,0.0,1.0,1.0,0.0,1,0,0,0,0,1.0,0,0.0,0,0,1,11.0,0.0,0.7142857142857142,0.0,0.0,0.0,0.0,0.1818181818181818,0.0,0,1
5.0,2.0,2.0,4,1.0,2,1.0,1.0,5.0,5.0,2,1,1,1,0,1.0,1,0.2,0,1,4,13.0,0.4615384615384615,0.3076923076923077,0.0,0.2307692307692307,0.0,0.0,0.0,0.0,0,1
11.0,2.0,3.0,5,2.0,2,0.0,2.0,9.0,10.0,3,2,2,1,0,1.0,2,0.2222,0,1,8,13.0,0.3846153846153846,0.3076923076923077,0.0,0.0,0.0,0.0,0.1538461538461538,0.0,0,1
14.0,2.0,3.0,5,0.0,4,0.0,6.0,14.0,16.0,4,2,3,3,1,1.0,2,0.2143,1,1,12,28.0,0.3214285714285714,0.0,0.0,0.0,0.0,0.0,0.4285714285714285,0.1071428571428571,0,1
14.0,2.0,3.0,5,0.0,4,0.0,6.0,14.0,16.0,4,2,3,3,1,1.0,2,0.2143,1,1,12,28.0,0.3214285714285714,0.0,0.0,0.0,0.0,0.0,0.4285714285714285,0.1071428571428571,0,1
14.0,2.0,3.0,5,0.0,4,0.0,5.0,14.0,16.0,4,2,3,3,1,1.0,2,0.2143,1,1,12,28.0,0.3214285714285714,0.0,0.0,0.0,0.0,0.0,0.4285714285714285,0.1071428571428571,0,1
14.0,2.0,3.0,5,0.0,4,0.0,5.0,14.0,16.0,4,2,3,3,1,1.0,2,0.2143,1,1,12,28.0,0.3214285714285714,0.0,0.0,0.0,0.0,0.0,0.4285714285714285,0.1071428571428571,0,1
7.0,2.0,1.0,4,0.0,1,0.0,2.0,7.0,7.0,2,1,2,1,1,1.0,1,0.2857,1,1,5,5.0,0.6,0.0,0.0,0.0,0.0,0.0,0.4,0.0,0,1
14.0,2.0,3.0,7,0.0,4,0.0,5.0,14.0,16.0,4,2,3,3,1,1.0,2,0.2143,1,1,12,26.0,0.3461538461538461,0.0,0.0,0.0,0.0,0.0,0.3846153846153846,0.1153846153846153,0,1
14.0,2.0,3.0,11,0.0,1,0.0,4.0,14.0,16.0,4,2,3,3,1,1.0,2,0.2143,1,1,12,14.0,0.2142857142857142,0.0,0.0,0.1428571428571428,0.0,0.0,0.4285714285714285,0.2142857142857142,0,1
5.0,2.0,2.0,3,3.0,1,0.0,2.0,6.0,6.0,2,0,1,1,2,1.0,0,0.1667,1,1,4,11.0,0.1818181818181818,0.3636363636363636,0.0,0.0,0.0,0.0,0.3636363636363636,0.0909090909090909,0,1
5.0,2.0,2.0,3,3.0,1,0.0,2.0,6.0,6.0,2,0,1,1,2,1.0,0,0.1667,1,1,4,11.0,0.1818181818181818,0.3636363636363636,0.0,0.0,0.0,0.0,0.3636363636363636,0.0909090909090909,0,1
6.0,2.0,3.0,3,4.0,1,0.0,2.0,7.0,7.0,2,0,1,1,2,1.0,0,0.1429,1,1,5,15.0,0.1333333333333333,0.5333333333333333,0.0,0.0,0.0,0.0,0.2666666666666666,0.0666666666666666,0,1
6.0,2.0,3.0,3,4.0,1,0.0,2.0,7.0,7.0,2,0,1,1,2,1.0,0,0.1429,1,1,5,15.0,0.1333333333333333,0.5333333333333333,0.0,0.0,0.0,0.0,0.2666666666666666,0.0666666666666666,0,1
5.0,2.0,2.0,4,3.0,1,0.0,2.0,6.0,6.0,2,0,1,1,2,1.0,0,0.1667,1,1,4,11.0,0.1818181818181818,0.3636363636363636,0.0,0.0,0.0,0.0,0.3636363636363636,0.0909090909090909,0,1
5.0,2.0,2.0,4,3.0,1,0.0,2.0,6.0,6.0,2,0,1,1,2,1.0,0,0.1667,1,1,4,11.0,0.1818181818181818,0.3636363636363636,0.0,0.0,0.0,0.0,0.3636363636363636,0.0909090909090909,0,1
2.0,1.0,0.0,2,1.0,2,0.0,5.0,1.0,0.0,1,0,0,0,0,1.0,0,0.0,0,0,1,16.0,0.375,0.0,0.0,0.0,0.0,0.0,0.625,0.0,0,1
12.0,3.0,2.0,5,3.0,1,0.0,1.0,24.0,24.0,2,0,1,1,2,0.0,0,0.0417,1,1,12,15.0,0.1333333333333333,0.2666666666666666,0.0,0.0,0.0,0.0,0.1333333333333333,0.357142857142857,0,1
9.0,2.0,1.0,6,0.0,0,0.0,1.0,15.0,14.0,1,1,1,0,0,0.0,1,0.0667,0,1,8,5.0,0.0,0.0,0.0,0.4,0.0,0.0,0.0,0.357142857142857,0,1
11.0,1.0,7.0,12,7.5,3,0.0,3.0,14.0,15.0,3,1,3,2,4,2.0,1,0.2143,1,1,10,41.0,0.2195121951219512,0.5853658536585366,0.0,0.0,0.0,0.0,0.1951219512195122,0.0,0,1
8.0,1.0,2.0,5,3.0,1,0.0,1.0,9.0,9.0,2,0,1,1,2,0.0,0,0.1111,1,1,7,13.0,0.1538461538461538,0.3076923076923077,0.0,0.0,0.0,0.0,0.1538461538461538,0.357142857142857,0,1
8.0,0.0,0.0,3,1.0,0,0.0,1.0,7.0,6.0,1,0,0,0,0,0.0,0,0.0,0,0,7,13.0,0.0,0.3076923076923077,0.0,0.0,0.0,0.0,0.1538461538461538,0.357142857142857,0,1
21.5,0.0,7.5,9,7.5,1,0.0,7.5,25.5,29.0,2,0,1,1,2,0.0,0,0.0345,1,1,18,50.5,0.0288461538461538,0.6538461538461539,0.0,0.0,0.0,0.0,0.1923076923076923,0.125,0,1
21.5,0.0,7.5,17,7.5,6,0.0,7.5,25.5,29.5,6,1,6,5,5,0.0,0,0.1395,1,1,18,50.5,0.0764331210191082,0.535031847133758,0.0,0.0254777070063694,0.0,0.0,0.267515923566879,0.0955414012738853,0,1
10.0,0.0,2.0,7,2.0,3,0.0,1.0,10.0,12.0,4,2,3,3,2,1.0,2,0.3,1,1,8,10.0,0.5,0.0,0.0,0.0,0.0,0.0,0.2,0.3,0,1
16.0,0.0,7.0,4,7.5,4,1.0,7.5,19.0,20.0,3,0,2,2,4,0.0,0,0.1053,1,1,15,50.5,0.1224489795918367,0.4897959183673469,0.0,0.0408163265306122,0.0,0.0,0.2857142857142857,0.0612244897959183,0,1
5.0,0.0,0.0,3,0.0,1,0.0,0.0,3.0,3.0,2,1,1,1,0,1.0,1,0.3333,0,1,3,2.0,0.5,0.0,0.0,0.0,0.0,0.0,0.0,0.357142857142857,0,1
10.0,0.0,2.0,7,2.0,3,0.0,1.0,10.0,12.0,4,2,3,3,2,1.0,2,0.3,1,1,8,10.0,0.5,0.0,0.0,0.0,0.0,0.0,0.2,0.3,0,1
5.0,1.0,0.0,4,0.0,1,0.0,0.0,3.0,3.0,2,1,1,1,0,1.0,1,0.3333,0,1,3,2.0,0.5,0.0,0.0,0.0,0.0,0.0,0.0,0.357142857142857,0,1
4.0,0.0,0.0,4,0.0,1,0.0,0.0,3.0,3.0,2,1,1,1,0,1.0,1,0.3333,0,1,3,2.0,0.5,0.0,0.0,0.0,0.0,0.0,0.0,0.357142857142857,0,1
13.0,0.0,4.0,9,7.0,8,0.0,7.0,14.0,15.0,3,1,2,2,2,1.0,1,0.1429,1,1,12,44.0,0.1136363636363636,0.4545454545454545,0.0,0.0,0.0,0.0,0.3181818181818182,0.1136363636363636,0,1
2.0,1.0,0.0,1,0.0,0,0.0,0.0,1.0,0.0,1,0,0,0,0,0.0,0,0.0,0,0,1,1.0,0.0,0.0,0.0,0.0,0.0,0.0,0.0,0.357142857142857,0,1
13.0,1.0,7.0,4,7.5,1,0.0,7.0,13.0,13.0,2,1,1,1,0,0.0,1,0.0769,0,1,11,50.5,0.0491803278688524,0.7142857142857142,0.0,0.0,0.0,0.0,0.1967213114754098,0.0327868852459016,0,1
21.5,1.0,7.5,11,7.5,4,0.0,7.5,25.5,29.5,5,4,4,4,0,0.0,4,0.1053,0,1,18,50.5,0.0461538461538461,0.7142857142857142,0.0,0.0,0.0,0.0,0.1538461538461538,0.0346153846153846,0,1
21.5,2.0,7.5,18,7.5,9,2.0,7.5,25.5,29.5,6,4,6,5,5,1.0,3,0.1707,1,1,18,50.5,0.1279620853080568,0.6445497630331753,0.0,0.0379146919431279,0.0,0.0,0.1421800947867298,0.0473933649289099,0,1
8.0,3.0,5.0,3,7.5,3,0.0,6.0,9.0,10.0,3,1,2,2,2,1.0,1,0.2222,1,1,7,50.5,0.1764705882352941,0.5490196078431373,0.0,0.0,0.0,0.0,0.2352941176470588,0.0392156862745098,0,1
10.0,3.0,7.0,5,7.5,1,0.0,5.0,11.0,11.0,2,0,1,1,2,0.0,0,0.0909,1,1,9,50.5,0.0461538461538461,0.7142857142857142,0.0,0.0,0.0,0.0,0.1538461538461538,0.0615384615384615,0,1
21.5,1.0,7.5,18,7.5,10,2.5,7.5,25.5,29.5,6,5,6,5,5,1.0,5,0.1528,1,1,18,50.5,0.1011904761904761,0.4761904761904761,0.0,0.0317460317460317,0.0,0.0,0.3134920634920635,0.0714285714285714,0,1
11.0,2.0,5.0,4,7.5,3,0.0,7.5,14.0,15.0,3,1,3,2,4,2.0,1,0.2143,1,1,10,50.5,0.1216216216216216,0.5405405405405406,0.0,0.0,0.0,0.0,0.2972972972972973,0.0405405405405405,0,1
21.5,1.0,6.0,7,7.5,7,1.0,7.5,25.5,29.5,6,3,6,5,5,0.0,2,0.1935,1,1,18,50.5,0.0746268656716417,0.5970149253731343,0.0,0.0149253731343283,0.0,0.0,0.2462686567164179,0.0597014925373134,0,1
21.5,2.0,7.5,18,7.5,10,2.5,7.5,25.5,29.5,6,5,6,5,2,3.5,5,0.2742,1,1,18,50.5,0.0902255639097744,0.5714285714285714,0.0,0.0601503759398496,0.0,0.0,0.2355889724310776,0.0413533834586466,0,1
21.5,3.0,7.5,18,7.5,10,2.5,7.5,25.5,29.5,6,5,6,5,5,3.5,5,0.2579,1,1,18,50.5,0.1259079903147699,0.5811138014527845,0.0,0.0355125100887812,0.0,0.0,0.2114608555286521,0.0451977401129943,0,1
21.5,2.0,7.5,10,7.5,3,0.0,7.5,25.5,29.5,4,1,3,3,4,0.0,1,0.075,1,1,18,50.5,0.0213270142180094,0.6919431279620853,0.0,0.0,0.0,0.0,0.2180094786729857,0.0663507109004739,0,1
10.0,1.0,2.0,2,5.0,1,0.0,0.0,8.0,7.0,1,1,1,0,0,0.0,1,0.125,0,1,8,28.0,0.1071428571428571,0.7142857142857142,0.0,0.0,0.0,0.0,0.0,0.1785714285714285,0,1
21.5,2.0,7.5,18,7.5,10,2.5,7.5,25.5,29.5,6,5,6,5,4,0.0,5,0.1507,1,1,18,50.5,0.0565326633165829,0.6180904522613065,0.0,0.0201005025125628,0.0,0.0,0.2412060301507537,0.0640703517587939,0,1
21.5,3.0,7.5,16,7.5,6,0.0,7.5,25.5,29.5,6,1,5,5,5,1.0,1,0.1351,1,1,18,50.5,0.0975609756097561,0.5121951219512195,0.0,0.0,0.0,0.0,0.2926829268292683,0.0853658536585365,0,1
17.0,3.0,7.5,2,7.5,1,0.0,7.5,17.0,17.0,2,0,1,1,2,0.0,0,0.0588,1,1,15,50.5,0.037037037037037,0.6419753086419753,0.0,0.0,0.0,0.0,0.2222222222222222,0.0864197530864197,0,1
17.0,3.0,7.5,2,7.5,1,0.0,7.5,17.0,17.0,2,0,1,1,2,0.0,0,0.0588,1,1,15,50.5,0.0326086956521739,0.6521739130434783,0.0,0.0,0.0,0.0,0.2391304347826087,0.0760869565217391,0,1
2.0,1.0,0.0,2,0.0,0,0.0,0.0,5.0,4.0,1,0,0,0,0,0.0,0,0.0,0,0,2,1.0,0.0,0.0,0.0,0.0,0.0,0.0,0.0,0.357142857142857,0,1
21.5,2.0,1.0,18,0.0,8,0.0,0.0,25.5,29.5,6,5,6,5,5,0.0,5,0.6189,1,1,18,39.0,0.2051282051282051,0.0,0.0,0.0,0.0,0.0,0.0,0.357142857142857,0,1
14.0,1.0,0.0,13,2.0,3,0.0,0.0,13.0,15.0,4,3,3,3,0,0.0,3,0.2308,0,1,13,13.0,0.2307692307692307,0.0,0.0,0.0,0.0,0.0,0.0,0.357142857142857,0,1
8.0,0.0,1.0,7,0.0,2,0.0,3.0,6.0,7.0,3,2,2,1,0,1.0,2,0.3333,0,1,6,14.0,0.4285714285714285,0.0,0.0,0.0,0.0,0.0,0.4285714285714285,0.1428571428571428,0,1
4.0,0.0,1.0,4,0.0,0,0.0,0.0,3.0,2.0,1,0,0,0,0,1.0,0,0.0,0,0,3,2.0,0.0,0.0,0.0,0.0,0.0,0.0,0.5,0.357142857142857,0,1
13.0,0.0,0.0,12,0.0,2,0.0,1.0,12.0,12.0,2,2,6,5,5,0.0,2,0.6189,1,1,12,14.0,0.1428571428571428,0.0,0.0,0.0,0.0,0.0,0.1428571428571428,0.357142857142857,0,1
14.0,1.0,1.0,18,0.0,2,2.5,0.0,6.0,5.0,1,2,2,0,0,3.0,2,0.3333,0,1,6,34.0,0.088235294117647,0.0,0.0,0.4166666666666665,0.0,0.0,0.088235294117647,0.0,0,1
11.0,0.0,1.0,18,7.5,0,0.0,7.5,10.0,9.0,1,0,0,0,0,1.0,0,0.0,0,0,10,50.5,0.0,0.7142857142857142,0.0,0.0,0.0,0.0,0.1914893617021276,0.0851063829787234,0,1
3.0,1.0,0.0,2,0.0,0,0.0,0.0,2.0,1.0,1,0,0,0,0,0.0,0,0.0,0,0,2,2.0,0.0,0.0,0.0,0.0,0.0,0.0,0.0,0.357142857142857,0,1
4.0,0.0,0.0,3,0.0,1,0.0,1.0,5.0,4.0,1,1,1,0,0,0.0,1,0.2,0,1,3,5.0,0.6,0.0,0.0,0.0,0.0,0.0,0.4,0.0,0,1
4.0,1.0,0.0,3,0.0,0,0.0,0.0,3.0,2.0,1,0,1,1,1,0.0,0,0.3333,1,1,3,3.0,0.0,0.0,0.0,0.0,0.0,0.0,0.0,0.357142857142857,0,1
3.0,1.0,0.0,2,0.0,0,0.0,0.0,2.0,1.0,1,0,0,0,0,0.0,0,0.0,0,0,2,2.0,0.0,0.0,0.0,0.0,0.0,0.0,0.0,0.357142857142857,0,1
3.0,1.0,0.0,2,0.0,0,0.0,0.0,2.0,1.0,1,0,0,0,0,0.0,0,0.0,0,0,2,2.0,0.0,0.0,0.0,0.0,0.0,0.0,0.0,0.357142857142857,0,1
3.0,1.0,0.0,2,0.0,0,0.0,0.0,2.0,1.0,1,0,0,0,0,0.0,0,0.0,0,0,2,2.0,0.0,0.0,0.0,0.0,0.0,0.0,0.0,0.357142857142857,0,1
2.0,0.0,0.0,3,0.0,0,0.0,1.0,6.0,5.0,1,0,0,0,0,0.0,0,0.0,0,0,2,2.0,0.0,0.0,0.0,0.0,0.0,0.0,0.9375,0.0,0,1
3.0,1.0,0.0,3,0.0,0,0.0,0.0,7.0,6.0,1,0,0,0,0,0.0,0,0.0,0,0,3,1.0,0.0,0.0,0.0,0.0,0.0,0.0,0.0,0.357142857142857,0,1
2.0,1.0,0.0,1,0.0,0,0.0,0.0,1.0,0.0,1,0,0,0,0,0.0,0,0.0,0,0,1,1.0,0.0,0.0,0.0,0.0,0.0,0.0,0.0,0.357142857142857,0,1
21.5,2.0,7.5,12,7.5,5,2.0,7.5,25.5,29.5,6,4,6,5,4,1.0,4,0.2069,1,1,18,50.5,0.146067415730337,0.449438202247191,0.0,0.1123595505617977,0.0,0.0,0.2022471910112359,0.0898876404494382,0,1
5.0,1.0,1.0,3,2.0,2,0.0,2.0,6.0,6.0,2,1,2,1,2,2.0,1,0.3333,1,1,4,11.0,0.4545454545454545,0.0,0.0,0.0,0.0,0.0,0.5454545454545454,0.0,0,1
5.0,1.0,1.0,3,2.0,2,0.0,2.0,6.0,6.0,2,1,2,1,2,2.0,1,0.3333,1,1,4,11.0,0.4545454545454545,0.0,0.0,0.0,0.0,0.0,0.5454545454545454,0.0,0,1
5.0,2.0,0.0,4,2.0,0,0.0,2.0,2.0,1.0,1,0,0,0,0,1.0,0,0.0,0,0,2,13.0,0.0,0.6153846153846154,0.0,0.0,0.0,0.0,0.3076923076923077,0.0769230769230769,0,1
6.0,3.0,0.0,5,1.0,3,1.0,3.0,5.0,5.0,2,1,2,1,1,1.0,1,0.4,1,1,4,16.0,0.5625,0.0,0.0,0.1875,0.0,0.0,0.25,0.0,0,1
20.0,1.0,7.5,6,7.5,4,0.0,7.5,25.5,29.0,5,0,4,4,5,1.0,0,0.1538,1,1,18,50.5,0.2142857142857142,0.4285714285714285,0.0,0.0,0.0,0.0,0.25,0.1071428571428571,0,1
9.0,1.0,0.0,11,0.0,2,0.0,7.0,12.0,14.0,4,4,4,3,0,0.0,4,0.3333,0,1,8,16.0,0.375,0.0,0.0,0.25,0.0,0.0,0.375,0.0,0,1
6.0,1.0,1.0,5,4.0,0,0.0,4.0,4.0,3.0,1,0,0,0,0,1.0,0,0.0,0,0,4,26.0,0.0,0.6153846153846154,0.0,0.0,0.0,0.0,0.3076923076923077,0.0769230769230769,0,1
5.0,2.0,0.0,5,1.0,3,1.0,3.0,5.0,5.0,2,1,2,1,1,1.0,1,0.4,1,1,3,16.0,0.5625,0.0,0.0,0.1875,0.0,0.0,0.25,0.0,0,1
21.5,2.0,7.5,16,7.5,8,2.5,7.5,25.5,29.5,6,5,6,5,4,1.0,5,0.2105,1,1,18,50.5,0.2135922330097087,0.3495145631067961,0.0,0.1553398058252427,0.0,0.0,0.1941747572815534,0.087378640776699,0,1
5.0,2.0,0.0,4,2.0,0,0.0,2.0,2.0,1.0,1,0,0,0,0,1.0,0,0.0,0,0,2,13.0,0.0,0.6153846153846154,0.0,0.0,0.0,0.0,0.3076923076923077,0.0769230769230769,0,1
6.0,3.0,0.0,5,1.0,3,1.0,3.0,5.0,5.0,2,1,2,1,1,1.0,1,0.4,1,1,4,16.0,0.5625,0.0,0.0,0.1875,0.0,0.0,0.25,0.0,0,1
5.0,1.0,1.0,3,2.0,2,0.0,2.0,6.0,6.0,2,1,2,1,2,2.0,1,0.3333,1,1,4,12.0,0.5,0.0,0.0,0.0,0.0,0.0,0.5,0.0,0,1
6.0,1.0,2.0,4,4.0,3,0.0,3.0,9.0,10.0,3,1,3,2,4,2.0,1,0.3333,1,1,5,16.0,0.5,0.0,0.0,0.0,0.0,0.0,0.5,0.0,0,1
21.5,3.5,5.0,13,2.0,6,0.0,2.0,25.5,29.5,6,5,6,4,2,2.0,2,0.2941,1,1,18,31.0,0.5806451612903226,0.0,0.0,0.1935483870967742,0.0,0.0,0.1935483870967742,0.032258064516129,0,1
2.0,1.0,0.0,2,0.0,0,0.0,0.0,1.0,0.0,1,0,1,1,1,0.0,0,0.6189,1,1,1,2.0,0.0,0.0,0.0,0.0,0.0,0.0,0.5,0.357142857142857,0,1
21.5,2.0,7.5,9,7.5,5,0.0,7.5,25.5,29.5,6,3,6,5,5,2.0,3,0.1304,1,1,18,50.5,0.0793650793650793,0.7142857142857142,0.0,0.0105820105820105,0.0,0.0,0.1269841269841269,0.0423280423280423,0,1
21.5,3.5,7.5,3,7.5,0,0.0,0.0,23.0,23.0,2,1,1,1,0,1.0,1,0.0435,0,1,18,50.5,0.0,0.7142857142857142,0.0,0.0106951871657754,0.0,0.0,0.0,0.0053475935828877,0,1
21.5,3.5,7.5,3,7.5,0,0.0,0.0,25.5,29.5,2,1,1,1,0,1.0,1,0.0294,0,1,18,50.5,0.0,0.7142857142857142,0.0,0.0067796610169491,0.0,0.0,0.0,0.0033898305084745,0,1
21.5,3.5,7.5,3,7.5,0,0.0,0.0,25.5,29.5,2,1,1,1,0,1.0,1,0.0222,0,1,18,50.5,0.0,0.7142857142857142,0.0,0.0049627791563275,0.0,0.0,0.0,0.0024813895781637,0,1
9.0,2.0,1.0,6,2.0,6,1.0,1.0,10.0,10.0,2,3,4,2,3,3.5,3,0.4,1,1,8,22.0,0.4090909090909091,0.0,0.0,0.2727272727272727,0.0,0.0,0.2272727272727272,0.0,0,1
3.0,2.0,0.0,2,0.0,0,0.0,0.0,1.0,0.0,1,0,1,1,1,0.0,0,0.6189,1,1,1,1.0,0.0,0.0,0.0,0.0,0.0,0.0,0.0,0.357142857142857,0,1
5.0,2.0,0.0,6,0.0,4,0.0,1.0,3.0,2.0,1,0,0,0,0,1.0,0,0.0,0,0,3,1.0,0.0,0.0,0.0,0.0,0.0,0.0,0.0,0.357142857142857,0,1
13.0,3.0,2.0,10,2.0,6,0.0,3.0,10.0,11.0,3,1,3,3,3,1.0,1,0.3,1,1,8,13.0,0.4615384615384615,0.0,0.0,0.0,0.0,0.0,0.4615384615384615,0.0769230769230769,0,1
8.0,2.0,1.0,5,2.0,2,0.0,1.0,12.0,13.0,3,1,2,2,2,1.0,1,0.1667,1,1,6,8.0,0.625,0.0,0.0,0.0,0.0,0.0,0.25,0.125,0,1
8.0,2.0,1.0,5,2.0,2,0.0,1.0,12.0,13.0,3,1,2,2,2,1.0,1,0.1667,1,1,6,8.0,0.625,0.0,0.0,0.0,0.0,0.0,0.25,0.125,0,1
8.0,2.0,1.0,5,2.0,2,0.0,1.0,12.0,13.0,3,1,2,2,2,1.0,1,0.1667,1,1,6,8.0,0.625,0.0,0.0,0.0,0.0,0.0,0.25,0.125,0,1
8.0,2.0,1.0,5,2.0,2,0.0,1.0,12.0,13.0,3,1,2,2,2,1.0,1,0.1667,1,1,6,8.0,0.625,0.0,0.0,0.0,0.0,0.0,0.25,0.125,0,1
5.0,2.0,2.0,3,3.0,1,0.0,2.0,6.0,6.0,2,0,1,1,2,1.0,0,0.1667,1,1,4,11.0,0.1818181818181818,0.3636363636363636,0.0,0.0,0.0,0.0,0.3636363636363636,0.0909090909090909,0,1
5.0,2.0,2.0,3,3.0,1,0.0,2.0,6.0,6.0,2,0,1,1,2,1.0,0,0.1667,1,1,4,11.0,0.1818181818181818,0.3636363636363636,0.0,0.0,0.0,0.0,0.3636363636363636,0.0909090909090909,0,1
6.0,2.0,3.0,3,4.0,1,0.0,2.0,7.0,7.0,2,0,1,1,2,1.0,0,0.1429,1,1,5,15.0,0.1333333333333333,0.5333333333333333,0.0,0.0,0.0,0.0,0.2666666666666666,0.0666666666666666,0,1
6.0,2.0,3.0,3,4.0,1,0.0,2.0,7.0,7.0,2,0,1,1,2,1.0,0,0.1429,1,1,5,15.0,0.1333333333333333,0.5333333333333333,0.0,0.0,0.0,0.0,0.2666666666666666,0.0666666666666666,0,1
5.0,2.0,2.0,4,3.0,1,0.0,2.0,6.0,6.0,2,0,1,1,2,1.0,0,0.1667,1,1,4,11.0,0.1818181818181818,0.3636363636363636,0.0,0.0,0.0,0.0,0.3636363636363636,0.0909090909090909,0,1
5.0,2.0,2.0,4,3.0,1,0.0,2.0,6.0,6.0,2,0,1,1,2,1.0,0,0.1667,1,1,4,11.0,0.1818181818181818,0.3636363636363636,0.0,0.0,0.0,0.0,0.3636363636363636,0.0909090909090909,0,1
3.0,3.0,1.0,2,0.0,0,0.0,0.0,1.0,0.0,1,0,1,1,1,0.0,0,0.6189,1,1,1,2.0,0.0,0.0,0.0,0.0,0.0,0.0,0.5,0.357142857142857,0,1
8.0,1.0,1.0,5,2.0,2,0.0,3.0,14.0,15.0,3,1,2,2,2,0.0,1,0.1429,1,1,6,13.0,0.4615384615384615,0.0,0.0,0.0,0.0,0.0,0.4615384615384615,0.0769230769230769,0,1
5.0,1.0,1.0,4,2.0,2,0.0,2.0,7.0,8.0,3,1,2,2,2,0.0,1,0.2857,1,1,3,9.0,0.5555555555555556,0.0,0.0,0.0,0.0,0.0,0.4444444444444444,0.0,0,1
5.0,1.0,1.0,4,2.0,2,0.0,2.0,7.0,8.0,3,1,2,2,2,0.0,1,0.2857,1,1,3,9.0,0.5555555555555556,0.0,0.0,0.0,0.0,0.0,0.4444444444444444,0.0,0,1
6.0,1.0,2.0,5,4.0,3,0.0,3.0,11.0,13.0,4,1,3,3,4,0.0,1,0.2727,1,1,4,14.0,0.5714285714285714,0.0,0.0,0.0,0.0,0.0,0.4285714285714285,0.0,0,1
21.5,3.0,7.5,18,7.5,10,0.0,5.0,25.5,29.5,6,3,6,5,5,0.0,3,0.2,1,1,18,36.0,0.5833333333333334,0.0,0.0,0.0,0.0,0.0,0.2777777777777778,0.1388888888888889,0,1
4.0,2.0,0.0,3,0.0,0,0.0,2.0,3.0,2.0,1,0,0,0,0,1.0,0,0.0,0,0,3,5.0,0.0,0.0,0.0,0.0,0.0,0.0,0.8,0.2,0,1
4.0,2.0,0.0,3,0.0,0,0.0,2.0,3.0,2.0,1,0,0,0,0,1.0,0,0.0,0,0,3,5.0,0.0,0.0,0.0,0.0,0.0,0.0,0.8,0.2,0,1
9.0,2.0,1.0,6,2.0,6,1.0,1.0,10.0,10.0,2,3,4,2,3,3.5,3,0.4,1,1,8,22.0,0.4090909090909091,0.0,0.0,0.2727272727272727,0.0,0.0,0.2272727272727272,0.0,0,1
21.5,2.0,4.0,18,6.0,3,0.0,3.0,25.5,29.5,6,5,6,5,4,1.0,4,0.2353,1,1,18,38.0,0.2368421052631578,0.2105263157894736,0.0,0.2631578947368421,0.0,0.0,0.2105263157894736,0.0789473684210526,0,1
19.0,2.0,7.0,8,7.5,5,2.0,7.5,19.0,21.0,4,1,3,3,3,1.0,1,0.1579,1,1,16,50.5,0.2238805970149253,0.3582089552238806,0.0,0.1194029850746268,0.0,0.0,0.2388059701492537,0.0597014925373134,0,1
3.0,2.0,2.0,2,2.0,1,0.0,1.0,4.0,4.0,2,0,1,1,2,0.0,0,0.25,1,1,2,5.0,0.4,0.0,0.0,0.0,0.0,0.0,0.4,0.2,0,1
5.0,0.0,0.0,5,2.0,0,0.0,4.0,7.0,6.0,1,0,0,0,0,0.0,0,0.0,0,0,5,12.0,0.0,0.0,0.0,0.0,0.0,0.0,0.6666666666666666,0.3333333333333333,0,1
5.0,0.0,0.0,8,0.0,1,0.0,0.0,1.0,0.0,1,0,0,0,0,1.0,0,0.0,0,0,1,1.0,1.0,0.0,0.0,0.0,0.0,0.0,0.0,0.0,0,1
21.5,3.5,7.5,18,7.5,10,2.5,7.5,25.5,29.5,6,5,6,5,1,1.0,5,0.2386,1,1,18,50.5,0.2149253731343283,0.4895522388059701,0.0,0.0895522388059701,0.0,0.0,0.0656716417910447,0.1223880597014925,0,1
21.5,0.0,7.5,18,7.5,10,0.0,7.5,25.5,29.5,6,5,6,5,5,1.0,3,0.2791,1,1,18,50.5,0.1904761904761904,0.238095238095238,0.0,0.0,0.0,0.0,0.3809523809523809,0.1666666666666666,0,1
21.5,0.0,7.5,18,7.5,6,1.0,7.5,25.5,29.5,3,4,6,2,4,0.0,3,0.1818,1,1,18,50.5,0.0619469026548672,0.495575221238938,0.0,0.0353982300884955,0.0,0.0,0.2743362831858407,0.1327433628318584,0,1
21.5,2.0,7.5,18,7.5,10,2.5,7.5,25.5,29.5,5,4,6,4,3,3.0,2,0.1818,1,1,18,50.5,0.2794117647058823,0.0,0.0,0.2941176470588235,0.0,0.0,0.2352941176470588,0.1323529411764706,0,1
2.0,0.0,0.0,2,0.0,0,0.0,2.0,6.0,5.0,1,0,0,0,0,0.0,0,0.0,0,0,2,4.0,0.0,0.0,0.0,0.0,0.0,0.0,0.9375,0.0,0,1
4.0,2.0,1.0,4,0.0,0,0.0,0.0,10.0,9.0,1,0,0,0,0,0.0,0,0.0,0,0,4,2.0,0.0,0.0,0.0,0.0,0.0,0.0,0.0,0.357142857142857,0,1
2.0,1.0,0.0,1,0.0,0,0.0,0.0,1.0,0.0,1,0,0,0,0,0.0,0,0.0,0,0,1,1.0,0.0,0.0,0.0,0.0,0.0,0.0,0.0,0.357142857142857,0,1
5.0,1.0,0.0,3,0.0,1,0.0,2.0,4.0,4.0,2,1,1,1,0,0.0,1,0.25,0,1,4,6.0,0.5,0.0,0.0,0.0,0.0,0.0,0.3333333333333333,0.1666666666666666,0,1
11.0,1.0,0.0,6,7.5,2,0.0,7.0,8.0,6.0,1,2,2,0,0,3.0,0,0.25,0,1,7,50.5,0.1071428571428571,0.6428571428571429,0.0,0.0,0.0,0.0,0.25,0.0,0,1
7.0,1.0,0.0,4,0.0,2,0.0,2.0,5.0,4.0,1,2,3,1,1,3.0,2,0.6,1,1,5,10.0,0.6,0.0,0.0,0.0,0.0,0.0,0.4,0.0,0,1
7.0,1.0,1.0,3,1.0,1,0.0,1.0,5.0,5.0,2,1,1,1,0,1.0,1,0.2,0,1,5,6.0,0.5,0.0,0.0,0.0,0.0,0.0,0.3333333333333333,0.0,0,1
7.0,1.0,1.0,3,0.0,1,0.0,1.0,5.0,5.0,2,1,1,1,0,1.0,1,0.2,0,1,5,5.0,0.6,0.0,0.0,0.0,0.0,0.0,0.4,0.0,0,1
9.0,1.0,1.0,8,2.0,2,0.0,2.0,7.0,8.0,3,2,2,1,0,1.0,2,0.2857,0,1,7,18.0,0.3333333333333333,0.4444444444444444,0.0,0.0,0.0,0.0,0.2222222222222222,0.0,0,1
5.0,3.0,2.0,3,0.0,0,0.0,0.0,12.0,11.0,1,0,0,0,0,0.0,0,0.0,0,0,5,1.0,0.0,0.0,0.0,0.0,0.0,0.0,0.0,0.357142857142857,0,1
5.0,1.0,0.0,3,0.0,1,0.0,1.0,4.0,4.0,2,1,1,1,0,0.0,1,0.25,0,1,4,2.0,0.5,0.0,0.0,0.0,0.0,0.0,0.0,0.357142857142857,0,1
17.0,3.0,5.0,15,2.0,1,0.0,4.0,14.0,14.0,2,1,4,3,3,1.0,1,0.2857,1,1,14,26.0,0.1153846153846153,0.3076923076923077,0.0,0.0,0.0,0.0,0.2307692307692307,0.3461538461538461,0,1
21.5,2.0,7.5,18,4.0,6,0.0,4.0,25.5,29.5,1,5,6,4,4,3.5,5,0.2973,1,1,18,38.0,0.2631578947368421,0.3157894736842105,0.0,0.0,0.0,0.0,0.1578947368421052,0.2631578947368421,0,1
4.0,1.0,0.0,4,1.0,2,0.0,5.0,3.0,2.0,1,1,1,0,0,2.0,1,0.3333,0,1,3,19.0,0.3157894736842105,0.0,0.0,0.1052631578947368,0.0,0.0,0.5263157894736842,0.0,0,1
2.0,1.0,0.0,2,0.0,0,0.0,0.0,1.0,0.0,1,0,1,1,1,0.0,0,0.6189,1,1,1,2.0,0.0,0.0,0.0,0.0,0.0,0.0,0.5,0.357142857142857,0,1
21.5,3.0,5.0,12,2.0,5,0.0,2.0,25.5,29.5,6,5,6,5,2,0.0,3,0.3,1,1,18,35.0,0.4285714285714285,0.0,0.0,0.1714285714285714,0.0,0.0,0.2571428571428571,0.1428571428571428,0,1
5.0,2.0,2.0,4,1.0,2,1.0,0.0,9.0,9.0,2,1,1,1,0,1.0,1,0.1111,0,1,4,13.0,0.4615384615384615,0.3076923076923077,0.0,0.2307692307692307,0.0,0.0,0.0,0.0,0,1
19.0,3.0,3.0,9,5.0,5,0.0,2.0,21.0,25.0,6,5,6,2,1,1.0,5,0.2857,1,1,13,39.0,0.3846153846153846,0.5128205128205128,0.0,0.0,0.0,0.0,0.1025641025641025,0.0,0,1
21.5,2.0,7.5,14,7.5,10,2.0,7.5,25.5,29.5,6,5,6,5,5,3.5,5,0.2903,1,1,18,50.5,0.2068965517241379,0.496551724137931,0.0,0.0551724137931034,0.0,0.0,0.193103448275862,0.0482758620689655,0,1
10.0,2.0,1.0,5,0.0,2,0.0,1.0,13.0,13.0,2,2,2,1,0,0.0,2,0.1538,0,1,8,8.0,0.75,0.0,0.0,0.0,0.0,0.0,0.25,0.0,0,1
21.5,2.0,5.0,14,7.5,10,2.5,7.5,25.5,29.5,6,5,6,5,2,2.0,5,0.25,1,1,18,50.5,0.2649006622516556,0.1324503311258278,0.0,0.1059602649006622,0.0,0.0,0.304635761589404,0.0596026490066225,0,1
21.5,2.0,3.0,13,6.0,8,0.0,7.0,23.0,29.5,6,5,6,2,1,1.0,5,0.3913,1,1,18,50.5,0.4,0.4,0.0,0.0,0.0,0.0,0.2,0.0,0,1
14.0,2.0,3.0,10,7.5,7,2.0,7.0,15.0,15.0,2,4,6,2,3,3.5,4,0.4,1,1,13,50.5,0.2727272727272727,0.3636363636363636,0.0,0.1038961038961039,0.0,0.0,0.2337662337662337,0.0259740259740259,0,1
18.0,2.0,4.0,17,7.5,9,2.0,7.5,21.0,22.0,3,5,6,3,5,3.5,5,0.381,1,1,17,50.5,0.3461538461538461,0.2564102564102564,0.0,0.1025641025641025,0.0,0.0,0.2564102564102564,0.0384615384615384,0,1
6.0,3.0,2.0,4,1.0,1,0.0,3.0,5.0,4.0,1,2,2,0,0,3.0,2,0.4,0,1,5,11.0,0.2727272727272727,0.0,0.0,0.1818181818181818,0.0,0.0,0.5454545454545454,0.0,0,1
2.0,3.0,2.0,3,1.0,1,1.0,1.0,1.0,0.0,1,0,1,1,1,1.0,0,0.6189,1,1,1,13.0,0.2307692307692307,0.3076923076923077,0.0,0.3076923076923077,0.0,0.0,0.1538461538461538,0.0,0,1
2.0,1.0,0.0,4,3.0,0,0.0,1.0,1.0,0.0,1,0,0,0,0,1.0,0,0.0,0,0,1,11.0,0.0,0.7142857142857142,0.0,0.0,0.0,0.0,0.1818181818181818,0.0,0,1
2.0,2.0,1.0,2,0.0,0,0.0,1.0,1.0,0.0,1,0,1,1,1,1.0,0,0.6189,1,1,1,2.0,0.0,0.0,0.0,0.0,0.0,0.0,0.9375,0.0,0,1
10.0,3.0,5.0,8,3.0,5,2.5,3.0,12.0,13.0,3,2,2,2,0,1.0,2,0.1667,0,1,9,46.0,0.3260869565217391,0.2608695652173913,0.0,0.2391304347826087,0.0,0.0,0.1304347826086956,0.0434782608695652,0,1
2.0,2.0,1.0,5,0.0,0,2.0,1.0,1.0,0.0,1,0,0,0,0,1.0,0,0.0,0,0,1,10.0,0.0,0.0,0.0,0.4166666666666665,0.0,0.0,0.2,0.0,0,1
2.0,3.0,2.0,3,1.0,1,1.0,0.0,1.0,0.0,1,0,1,1,1,1.0,0,0.6189,1,1,1,11.0,0.2727272727272727,0.3636363636363636,0.0,0.3636363636363636,0.0,0.0,0.0,0.0,0,1
2.0,3.0,2.0,5,0.0,0,2.0,0.0,1.0,0.0,1,0,0,0,0,1.0,0,0.0,0,0,1,8.0,0.0,0.0,0.0,0.4166666666666665,0.0,0.0,0.0,0.0,0,1
9.0,2.0,1.0,6,2.0,6,1.0,1.0,10.0,10.0,2,3,4,2,3,3.5,3,0.4,1,1,8,22.0,0.4090909090909091,0.0,0.0,0.2727272727272727,0.0,0.0,0.2272727272727272,0.0,0,1
9.0,2.0,1.0,6,2.0,6,1.0,1.0,10.0,10.0,2,3,4,2,3,3.5,3,0.4,1,1,8,22.0,0.4090909090909091,0.0,0.0,0.2727272727272727,0.0,0.0,0.2272727272727272,0.0,0,1
9.0,1.0,0.0,5,0.0,2,0.0,3.0,10.0,11.0,3,2,2,2,0,1.0,2,0.2,0,1,8,10.0,0.6,0.0,0.0,0.0,0.0,0.0,0.4,0.0,0,1
8.0,1.0,0.0,8,1.0,2,0.0,3.0,9.0,9.0,2,2,2,1,0,2.0,2,0.2222,0,1,7,16.0,0.375,0.25,0.0,0.0,0.0,0.0,0.375,0.0,0,1
11.0,1.0,2.0,8,2.0,3,0.0,4.0,14.0,15.0,3,2,3,2,2,2.0,2,0.2143,1,1,10,18.0,0.5,0.0,0.0,0.0,0.0,0.0,0.4444444444444444,0.0555555555555555,0,1
21.5,2.0,5.0,14,7.5,10,2.5,7.5,25.5,29.5,6,5,6,5,2,2.0,5,0.25,1,1,18,50.5,0.2649006622516556,0.1324503311258278,0.0,0.1059602649006622,0.0,0.0,0.304635761589404,0.0596026490066225,0,1
4.0,1.0,0.0,4,1.0,1,0.0,3.0,3.0,2.0,1,1,1,0,0,2.0,1,0.3333,0,1,3,12.0,0.25,0.0,0.0,0.1666666666666666,0.0,0.0,0.5,0.0,0,1
4.0,1.0,0.0,4,1.0,1,0.0,3.0,3.0,2.0,1,1,1,0,0,2.0,1,0.3333,0,1,3,12.0,0.25,0.0,0.0,0.1666666666666666,0.0,0.0,0.5,0.0,0,1
9.0,2.0,2.0,7,1.0,3,1.0,3.0,11.0,11.0,2,2,2,1,0,2.0,2,0.1818,0,1,8,22.0,0.3636363636363636,0.1818181818181818,0.0,0.1818181818181818,0.0,0.0,0.2727272727272727,0.0,0,1
5.0,2.0,2.0,4,1.0,2,1.0,1.0,5.0,5.0,2,1,1,1,0,1.0,1,0.2,0,1,4,13.0,0.4615384615384615,0.3076923076923077,0.0,0.2307692307692307,0.0,0.0,0.0,0.0,0,1
9.0,2.0,2.0,7,1.0,3,1.0,3.0,11.0,11.0,2,2,2,1,0,2.0,2,0.1818,0,1,8,22.0,0.3636363636363636,0.1818181818181818,0.0,0.1818181818181818,0.0,0.0,0.2727272727272727,0.0,0,1
2.0,2.0,1.0,3,1.0,0,0.0,0.0,1.0,0.0,1,0,1,1,1,1.0,0,0.6189,1,1,1,4.0,0.0,0.7142857142857142,0.0,0.0,0.0,0.0,0.0,0.0,0,1
8.0,2.0,5.0,6,1.0,2,2.0,2.0,7.0,6.0,1,1,1,0,0,2.0,1,0.1429,0,1,7,31.0,0.0967741935483871,0.1290322580645161,0.0,0.2580645161290322,0.0,0.0,0.2580645161290322,0.0,0,1
2.0,2.0,1.0,2,5.0,0,0.0,0.0,1.0,0.0,1,0,0,0,0,1.0,0,0.0,0,0,1,20.0,0.0,0.7142857142857142,0.0,0.0,0.0,0.0,0.0,0.0,0,1
21.5,2.0,4.0,18,6.0,3,0.0,3.0,25.5,29.5,6,5,6,5,4,1.0,4,0.2105,1,1,18,38.0,0.2368421052631578,0.2105263157894736,0.0,0.2631578947368421,0.0,0.0,0.2105263157894736,0.0789473684210526,0,1
11.0,3.0,2.0,9,0.0,0,0.0,0.0,6.0,4.0,1,1,1,0,0,3.0,0,0.1667,0,1,5,2.0,0.0,0.0,0.0,0.4166666666666665,0.0,0.0,0.0,0.0,0,1
4.0,3.0,4.0,5,3.0,0,0.0,1.0,3.0,2.0,1,0,0,0,0,1.0,0,0.0,0,0,3,14.0,0.0,0.7142857142857142,0.0,0.0,0.0,0.0,0.1428571428571428,0.0,0,1
21.5,3.0,5.0,18,7.0,8,0.0,7.5,25.5,29.5,6,5,6,5,0,1.0,3,0.1324,0,1,18,50.5,0.3157894736842105,0.2631578947368421,0.0,0.0,0.0,0.0,0.2105263157894736,0.2105263157894736,0,1
4.0,1.0,0.0,4,1.0,2,0.0,5.0,3.0,2.0,1,1,1,0,0,2.0,1,0.3333,0,1,3,19.0,0.3157894736842105,0.0,0.0,0.1052631578947368,0.0,0.0,0.5263157894736842,0.0,0,1
2.0,1.0,0.0,4,3.0,0,0.0,1.0,1.0,0.0,1,0,0,0,0,1.0,0,0.0,0,0,1,11.0,0.0,0.7142857142857142,0.0,0.0,0.0,0.0,0.1818181818181818,0.0,0,1
5.0,2.0,2.0,4,1.0,2,1.0,0.0,9.0,9.0,2,1,1,1,0,1.0,1,0.1111,0,1,4,13.0,0.4615384615384615,0.3076923076923077,0.0,0.2307692307692307,0.0,0.0,0.0,0.0,0,1
11.0,2.0,3.0,5,2.0,2,0.0,2.0,9.0,10.0,3,2,2,1,0,1.0,2,0.2222,0,1,8,13.0,0.3846153846153846,0.3076923076923077,0.0,0.0,0.0,0.0,0.1538461538461538,0.0,0,1
14.0,2.0,3.0,5,0.0,4,0.0,5.0,15.0,17.0,4,2,3,3,1,1.0,2,0.2,1,1,12,28.0,0.3214285714285714,0.0,0.0,0.0,0.0,0.0,0.4285714285714285,0.1071428571428571,0,1
14.0,2.0,3.0,5,0.0,4,0.0,5.0,15.0,17.0,4,2,3,3,1,1.0,2,0.2,1,1,12,28.0,0.3214285714285714,0.0,0.0,0.0,0.0,0.0,0.4285714285714285,0.1071428571428571,0,1
14.0,2.0,3.0,5,0.0,4,0.0,4.0,15.0,17.0,4,2,3,3,1,1.0,2,0.2,1,1,12,28.0,0.3214285714285714,0.0,0.0,0.0,0.0,0.0,0.4285714285714285,0.1071428571428571,0,1
14.0,2.0,3.0,5,0.0,4,0.0,4.0,15.0,17.0,4,2,3,3,1,1.0,2,0.2,1,1,12,28.0,0.3214285714285714,0.0,0.0,0.0,0.0,0.0,0.4285714285714285,0.1071428571428571,0,1
7.0,2.0,1.0,4,0.0,1,0.0,1.0,8.0,8.0,2,1,2,1,1,1.0,1,0.25,1,1,5,5.0,0.6,0.0,0.0,0.0,0.0,0.0,0.4,0.0,0,1
14.0,2.0,3.0,7,0.0,4,0.0,4.0,15.0,17.0,4,2,3,3,1,1.0,2,0.2,1,1,12,26.0,0.3461538461538461,0.0,0.0,0.0,0.0,0.0,0.3846153846153846,0.1153846153846153,0,1
14.0,2.0,3.0,11,0.0,1,0.0,3.0,15.0,17.0,4,2,3,3,1,1.0,2,0.2,1,1,12,14.0,0.2142857142857142,0.0,0.0,0.1428571428571428,0.0,0.0,0.4285714285714285,0.2142857142857142,0,1
5.0,2.0,2.0,3,3.0,1,0.0,2.0,6.0,6.0,2,0,1,1,2,1.0,0,0.1667,1,1,4,11.0,0.1818181818181818,0.3636363636363636,0.0,0.0,0.0,0.0,0.3636363636363636,0.0909090909090909,0,1
5.0,2.0,2.0,3,3.0,1,0.0,2.0,6.0,6.0,2,0,1,1,2,1.0,0,0.1667,1,1,4,11.0,0.1818181818181818,0.3636363636363636,0.0,0.0,0.0,0.0,0.3636363636363636,0.0909090909090909,0,1
6.0,2.0,3.0,3,4.0,1,0.0,2.0,7.0,7.0,2,0,1,1,2,1.0,0,0.1429,1,1,5,15.0,0.1333333333333333,0.5333333333333333,0.0,0.0,0.0,0.0,0.2666666666666666,0.0666666666666666,0,1
6.0,2.0,3.0,3,4.0,1,0.0,2.0,7.0,7.0,2,0,1,1,2,1.0,0,0.1429,1,1,5,15.0,0.1333333333333333,0.5333333333333333,0.0,0.0,0.0,0.0,0.2666666666666666,0.0666666666666666,0,1
5.0,2.0,2.0,4,3.0,1,0.0,2.0,6.0,6.0,2,0,1,1,2,1.0,0,0.1667,1,1,4,11.0,0.1818181818181818,0.3636363636363636,0.0,0.0,0.0,0.0,0.3636363636363636,0.0909090909090909,0,1
5.0,2.0,2.0,4,3.0,1,0.0,2.0,6.0,6.0,2,0,1,1,2,1.0,0,0.1667,1,1,4,11.0,0.1818181818181818,0.3636363636363636,0.0,0.0,0.0,0.0,0.3636363636363636,0.0909090909090909,0,1
2.0,1.0,0.0,2,1.0,2,0.0,5.0,1.0,0.0,1,0,0,0,0,1.0,0,0.0,0,0,1,16.0,0.375,0.0,0.0,0.0,0.0,0.0,0.625,0.0,0,1
8.0,2.0,1.0,4,0.0,1,0.0,2.0,18.0,18.0,2,1,1,1,0,0.0,1,0.0556,0,1,8,9.0,0.3333333333333333,0.0,0.0,0.0,0.0,0.0,0.5555555555555556,0.1111111111111111,0,1
9.0,3.0,2.0,4,0.0,1,0.0,2.0,22.0,22.0,2,1,1,1,0,0.0,1,0.0455,0,1,9,9.0,0.3333333333333333,0.0,0.0,0.0,0.0,0.0,0.5555555555555556,0.1111111111111111,0,1
10.0,3.5,3.0,4,0.0,1,0.0,2.0,25.5,26.0,2,1,1,1,0,0.0,1,0.0385,0,1,10,9.0,0.3333333333333333,0.0,0.0,0.0,0.0,0.0,0.5555555555555556,0.1111111111111111,0,1
21.5,0.0,7.5,18,7.5,10,2.5,7.5,25.5,29.5,6,5,6,5,2,3.5,5,0.1727,1,1,18,50.5,0.1216216216216216,0.3963963963963964,0.0,0.0585585585585585,0.0,0.0,0.3288288288288288,0.0855855855855855,0,1
10.0,3.5,7.0,4,7.5,3,0.0,6.0,14.0,16.0,4,0,3,3,5,1.0,0,0.2143,1,1,8,50.5,0.12,0.6933333333333334,0.0,0.0,0.0,0.0,0.16,0.0266666666666666,0,1
4.0,3.5,4.0,2,0.0,0,0.0,0.0,2.0,1.0,1,0,1,1,1,1.0,0,0.5,1,1,2,1.0,0.0,0.0,0.0,0.0,0.0,0.0,0.0,0.357142857142857,0,1
5.0,3.5,5.0,2,0.0,0,0.0,0.0,2.0,1.0,1,0,1,1,1,1.0,0,0.5,1,1,2,1.0,0.0,0.0,0.0,0.0,0.0,0.0,0.0,0.357142857142857,0,1
21.5,2.0,6.0,13,7.5,4,1.0,7.5,25.5,29.5,4,0,2,3,5,0.0,0,0.0513,1,1,18,50.5,0.1318681318681318,0.3956043956043956,0.0,0.0439560439560439,0.0,0.0,0.2197802197802197,0.2087912087912088,0,1
21.5,0.0,7.5,18,7.5,7,0.0,7.5,25.5,29.5,6,3,6,5,5,1.0,3,0.2812,1,1,18,50.5,0.1881188118811881,0.4752475247524752,0.0,0.0,0.0,0.0,0.2772277227722772,0.0594059405940594,0,1
5.0,0.0,0.0,4,0.0,1,0.0,0.0,3.0,3.0,2,1,1,1,0,1.0,1,0.3333,0,1,3,2.0,0.5,0.0,0.0,0.0,0.0,0.0,0.0,0.357142857142857,0,1
5.0,0.0,0.0,3,0.0,1,0.0,0.0,3.0,3.0,2,1,1,1,0,1.0,1,0.3333,0,1,3,2.0,0.5,0.0,0.0,0.0,0.0,0.0,0.0,0.357142857142857,0,1
21.5,0.0,7.5,18,7.5,7,0.0,7.5,25.5,29.5,6,3,6,5,5,1.0,3,0.3438,1,1,18,50.5,0.1881188118811881,0.4752475247524752,0.0,0.0,0.0,0.0,0.2772277227722772,0.0594059405940594,0,1
5.0,0.0,0.0,4,0.0,1,0.0,0.0,3.0,3.0,2,1,1,1,0,1.0,1,0.3333,0,1,3,2.0,0.5,0.0,0.0,0.0,0.0,0.0,0.0,0.357142857142857,0,1
17.0,1.0,5.0,11,5.0,3,1.0,7.5,15.0,16.0,3,1,2,2,1,1.0,1,0.1333,1,1,12,38.0,0.2368421052631578,0.2105263157894736,0.0,0.1052631578947368,0.0,0.0,0.3947368421052631,0.0526315789473684,0,1
7.0,0.0,2.0,5,5.0,2,0.0,5.0,7.0,7.0,2,1,2,1,2,2.0,1,0.2857,1,1,5,28.0,0.2142857142857142,0.4285714285714285,0.0,0.0,0.0,0.0,0.3571428571428571,0.0,0,1
3.0,0.0,0.0,6,0.0,1,0.0,0.0,1.0,0.0,1,0,0,0,0,1.0,0,0.0,0,0,1,3.0,1.0,0.0,0.0,0.0,0.0,0.0,0.0,0.0,0,1
7.0,2.0,1.0,5,0.0,2,2.5,2.0,11.0,10.0,1,0,0,0,0,0.0,0,0.0,0,0,6,26.0,0.2307692307692307,0.0,0.0,0.4166666666666665,0.0,0.0,0.1538461538461538,0.0,0,1
15.0,0.0,2.0,15,7.5,3,0.0,4.0,13.0,12.0,1,5,6,5,5,3.5,5,0.6189,1,1,13,50.5,0.1698113207547169,0.6037735849056604,0.0,0.0754716981132075,0.0,0.0,0.1509433962264151,0.0,0,1
12.0,1.0,0.0,9,6.0,0,2.5,0.0,6.0,5.0,1,2,2,0,0,3.0,2,0.3333,0,1,6,41.0,0.0,0.5853658536585366,0.0,0.3902439024390244,0.0,0.0,0.0,0.024390243902439,0,1
6.0,1.0,0.0,6,2.0,0,1.0,0.0,4.0,3.0,1,1,1,0,0,2.0,1,0.25,0,1,4,13.0,0.0,0.6153846153846154,0.0,0.3076923076923077,0.0,0.0,0.0,0.0769230769230769,0,1
7.0,1.0,0.0,6,2.0,0,1.0,0.0,4.0,3.0,1,1,1,0,0,2.0,1,0.25,0,1,4,13.0,0.0,0.6153846153846154,0.0,0.3076923076923077,0.0,0.0,0.0,0.0769230769230769,0,1
21.0,1.0,6.0,14,7.5,1,2.0,0.0,16.0,15.0,1,4,4,0,0,3.5,4,0.25,0,1,16,50.5,0.034090909090909,0.7142857142857142,0.0,0.1363636363636363,0.0,0.0,0.0,0.0113636363636363,0,1
11.0,0.0,1.0,12,7.0,3,1.0,7.5,8.0,7.0,1,3,4,1,1,3.5,3,0.5,1,1,8,50.5,0.1525423728813559,0.4745762711864407,0.0,0.1016949152542373,0.0,0.0,0.2711864406779661,0.0,0,1
10.0,1.0,1.0,5,0.0,3,1.0,0.0,8.0,7.0,1,3,3,0,0,3.5,3,0.375,0,1,8,14.0,0.4285714285714285,0.0,0.0,0.4166666666666665,0.0,0.0,0.1428571428571428,0.0,0,1
2.0,1.0,0.0,2,0.0,0,0.0,1.0,7.0,6.0,1,0,0,0,0,0.0,0,0.0,0,0,2,2.0,0.0,0.0,0.0,0.0,0.0,0.0,0.9375,0.0,0,1
4.0,1.0,0.0,4,1.0,0,1.0,0.0,3.0,2.0,1,1,1,0,0,2.0,1,0.3333,0,1,3,8.0,0.0,0.5,0.0,0.4166666666666665,0.0,0.0,0.0,0.0,0,1
4.0,0.0,0.0,3,1.0,0,0.0,0.0,3.0,2.0,1,1,1,0,0,2.0,1,0.3333,0,1,3,3.0,0.0,0.0,0.0,0.4166666666666665,0.0,0.0,0.0,0.0,0,1
9.0,1.0,0.0,8,2.0,1,1.0,0.0,7.0,6.0,1,3,3,0,0,3.5,3,0.4286,0,1,7,21.0,0.1428571428571428,0.3809523809523809,0.0,0.3809523809523809,0.0,0.0,0.0952380952380952,0.0,0,1
5.0,0.0,0.0,4,3.0,0,0.0,3.0,3.0,2.0,1,1,1,0,0,2.0,1,0.3333,0,1,3,20.0,0.0,0.6,0.0,0.1,0.0,0.0,0.3,0.0,0,1
8.0,1.0,0.0,8,2.0,0,2.5,0.0,5.0,4.0,1,2,2,0,0,3.0,2,0.4,0,1,5,20.0,0.0,0.4,0.0,0.4166666666666665,0.0,0.0,0.0,0.0,0,1
4.0,0.0,0.0,3,2.0,0,0.0,0.0,3.0,2.0,1,1,1,0,0,2.0,1,0.3333,0,1,3,4.0,0.0,0.0,0.0,0.4166666666666665,0.0,0.0,0.0,0.0,0,1
4.0,1.0,0.0,4,1.0,0,1.0,0.0,3.0,2.0,1,1,1,0,0,2.0,1,0.3333,0,1,3,8.0,0.0,0.5,0.0,0.4166666666666665,0.0,0.0,0.0,0.0,0,1
5.0,0.0,0.0,8,0.0,0,0.0,0.0,3.0,2.0,1,1,1,0,0,2.0,1,0.3333,0,1,3,2.0,0.0,0.0,0.0,0.4166666666666665,0.0,0.0,0.0,0.0,0,1
2.0,0.0,0.0,5,0.0,0,0.0,2.0,1.0,0.0,1,0,0,0,0,1.0,0,0.0,0,0,1,4.0,0.0,0.0,0.0,0.0,0.0,0.0,0.9375,0.0,0,1
5.0,0.0,0.0,6,0.0,0,0.0,0.0,3.0,2.0,1,1,2,1,1,2.0,1,0.6189,1,1,3,2.0,0.0,0.0,0.0,0.4166666666666665,0.0,0.0,0.0,0.0,0,1
5.0,0.0,0.0,8,0.0,0,0.0,0.0,3.0,2.0,1,1,1,0,0,2.0,1,0.3333,0,1,3,2.0,0.0,0.0,0.0,0.4166666666666665,0.0,0.0,0.0,0.0,0,1
5.0,0.0,0.0,9,0.0,0,0.0,2.0,3.0,2.0,1,1,1,0,0,2.0,1,0.3333,0,1,3,6.0,0.0,0.0,0.0,0.3333333333333333,0.0,0.0,0.6666666666666666,0.0,0,1
5.0,0.0,0.0,7,3.0,0,0.0,0.0,3.0,2.0,1,1,2,1,1,2.0,1,0.6189,1,1,3,11.0,0.0,0.7142857142857142,0.0,0.1818181818181818,0.0,0.0,0.0,0.0,0,1
5.0,0.0,0.0,7,2.0,0,0.0,0.0,3.0,2.0,1,1,2,1,1,2.0,1,0.6189,1,1,3,10.0,0.0,0.7142857142857142,0.0,0.2,0.0,0.0,0.0,0.0,0,1
6.0,0.0,1.0,6,2.0,0,0.0,0.0,4.0,3.0,1,1,2,1,1,2.0,1,0.5,1,1,4,10.0,0.0,0.7142857142857142,0.0,0.2,0.0,0.0,0.0,0.0,0,1
4.0,1.0,0.0,5,0.0,0,0.0,0.0,2.0,1.0,1,0,0,0,0,1.0,0,0.0,0,0,2,1.0,0.0,0.0,0.0,0.0,0.0,0.0,0.0,0.357142857142857,0,1
5.0,0.0,0.0,7,2.0,0,0.0,0.0,3.0,2.0,1,1,2,1,1,2.0,1,0.6189,1,1,3,10.0,0.0,0.7142857142857142,0.0,0.2,0.0,0.0,0.0,0.0,0,1
5.0,0.0,0.0,7,2.0,0,0.0,0.0,3.0,2.0,1,1,2,1,1,2.0,1,0.6189,1,1,3,10.0,0.0,0.7142857142857142,0.0,0.2,0.0,0.0,0.0,0.0,0,1
8.0,0.0,3.0,7,5.0,0,0.0,2.0,6.0,5.0,1,1,1,0,0,2.0,1,0.1667,0,1,6,26.0,0.0,0.7142857142857142,0.0,0.0769230769230769,0.0,0.0,0.1538461538461538,0.0,0,1
8.0,0.0,3.0,7,5.0,0,0.0,2.0,6.0,5.0,1,1,1,0,0,2.0,1,0.1667,0,1,6,26.0,0.0,0.7142857142857142,0.0,0.0769230769230769,0.0,0.0,0.1538461538461538,0.0,0,1
21.0,1.0,7.0,16,7.5,8,0.0,4.0,24.0,25.0,3,3,4,2,2,3.0,3,0.1667,1,1,18,46.0,0.1304347826086956,0.5217391304347826,0.0,0.0869565217391304,0.0,0.0,0.1739130434782608,0.0869565217391304,0,1
2.0,0.0,0.0,2,1.0,0,0.0,0.0,1.0,0.0,1,0,0,0,0,1.0,0,0.0,0,0,1,4.0,0.0,0.7142857142857142,0.0,0.0,0.0,0.0,0.0,0.0,0,1
2.0,1.0,0.0,2,1.0,0,0.0,3.0,9.0,8.0,1,0,0,0,0,0.0,0,0.0,0,0,2,4.0,0.0,0.0,0.0,0.0,0.0,0.0,0.9375,0.0,0,1
21.5,3.5,7.5,18,7.5,9,2.5,7.5,0.0,0.0,0,0,0,0,0,0.0,0,0.0,0,0,0,50.5,0.2673267326732673,0.3564356435643564,0.0,0.1188118811881188,0.0,0.0,0.1584158415841584,0.099009900990099,0,1
3.0,2.0,1.0,2,0.0,0,0.0,2.0,12.0,11.0,1,0,0,0,0,0.0,0,0.0,0,0,3,4.0,0.0,0.0,0.0,0.0,0.0,0.0,0.9375,0.0,0,1
2.0,1.0,0.0,2,0.0,0,0.0,1.0,7.0,6.0,1,0,0,0,0,0.0,0,0.0,0,0,2,2.0,0.0,0.0,0.0,0.0,0.0,0.0,0.9375,0.0,0,1
20.0,2.0,2.0,9,4.0,6,1.0,4.0,25.5,29.5,6,5,5,5,0,0.0,5,0.1667,0,1,18,42.0,0.3809523809523809,0.0,0.0,0.0952380952380952,0.0,0.0,0.1904761904761904,0.1428571428571428,0,1
7.0,0.0,1.0,3,0.0,1,0.0,1.0,5.0,5.0,2,1,1,1,0,1.0,1,0.2,0,1,5,5.0,0.6,0.0,0.0,0.0,0.0,0.0,0.4,0.0,0,1
4.0,0.0,0.0,4,1.0,1,0.0,0.0,7.0,7.0,2,1,1,1,0,1.0,1,0.1429,0,1,3,4.0,0.5,0.0,0.0,0.0,0.0,0.0,0.0,0.0,0,1
2.0,1.0,0.0,2,0.0,0,0.0,0.0,1.0,0.0,1,0,0,0,0,1.0,0,0.0,0,0,1,1.0,0.0,0.0,0.0,0.0,0.0,0.0,0.9375,0.0,0,1
21.5,2.0,7.5,18,4.0,6,0.0,5.0,25.0,26.0,3,5,5,2,0,3.5,5,0.2,0,1,18,48.0,0.3333333333333333,0.3333333333333333,0.0,0.125,0.0,0.0,0.2083333333333333,0.0,0,1
2.0,1.0,0.0,2,2.0,0,0.0,0.0,1.0,0.0,1,0,0,0,0,1.0,0,0.0,0,0,1,8.0,0.0,0.7142857142857142,0.0,0.0,0.0,0.0,0.0,0.0,0,1
2.0,1.0,0.0,2,0.0,0,0.0,0.0,1.0,0.0,1,0,0,0,0,1.0,0,0.0,0,0,1,1.0,0.0,0.0,0.0,0.0,0.0,0.0,0.9375,0.0,0,1
2.0,1.0,0.0,2,2.0,0,0.0,0.0,1.0,0.0,1,0,0,0,0,1.0,0,0.0,0,0,1,8.0,0.0,0.7142857142857142,0.0,0.0,0.0,0.0,0.0,0.0,0,1
10.0,1.0,2.0,9,4.0,3,1.0,2.0,9.0,9.0,2,2,2,1,0,2.0,2,0.2222,0,1,7,31.0,0.2258064516129032,0.5161290322580645,0.0,0.1290322580645161,0.0,0.0,0.1290322580645161,0.0,0,1
19.0,2.0,2.0,10,2.0,7,2.0,7.0,24.0,27.0,5,5,5,4,0,2.0,5,0.2083,0,1,17,50.5,0.3461538461538461,0.0,0.0,0.1538461538461538,0.0,0.0,0.2692307692307692,0.1153846153846153,0,1
2.0,1.0,0.0,2,1.0,0,0.0,0.0,1.0,0.0,1,0,0,0,0,1.0,0,0.0,0,0,1,4.0,0.0,0.7142857142857142,0.0,0.0,0.0,0.0,0.0,0.0,0,1
7.0,1.0,0.0,7,0.0,2,0.0,1.0,13.0,14.0,3,2,2,2,0,1.0,2,0.1538,0,1,6,6.0,0.6666666666666666,0.0,0.0,0.0,0.0,0.0,0.3333333333333333,0.0,0,1
2.0,1.0,0.0,2,1.0,0,0.0,0.0,1.0,0.0,1,0,0,0,0,1.0,0,0.0,0,0,1,4.0,0.0,0.7142857142857142,0.0,0.0,0.0,0.0,0.0,0.0,0,1
2.0,0.0,0.0,2,1.0,0,0.0,1.0,1.0,0.0,1,0,0,0,0,1.0,0,0.0,0,0,1,6.0,0.0,0.6666666666666666,0.0,0.0,0.0,0.0,0.3333333333333333,0.0,0,1
9.0,0.0,1.0,4,2.0,2,0.0,4.0,7.0,8.0,3,2,3,2,1,1.0,2,0.4286,1,1,7,13.0,0.4615384615384615,0.0,0.0,0.0,0.0,0.0,0.3076923076923077,0.2307692307692307,0,1
4.0,1.0,2.0,2,4.0,2,0.0,3.0,3.0,2.0,1,0,0,0,0,1.0,0,0.0,0,0,3,22.0,0.2727272727272727,0.3636363636363636,0.0,0.0,0.0,0.0,0.2727272727272727,0.0,0,1
5.0,2.0,1.0,4,0.0,0,0.0,0.0,10.0,9.0,1,0,0,0,0,0.0,0,0.0,0,0,5,2.0,0.0,0.0,0.0,0.0,0.0,0.0,0.0,0.357142857142857,0,1
5.0,1.0,0.0,3,0.0,1,0.0,2.0,4.0,4.0,2,1,1,1,0,0.0,1,0.25,0,1,4,6.0,0.5,0.0,0.0,0.0,0.0,0.0,0.3333333333333333,0.1666666666666666,0,1
5.0,1.0,0.0,3,0.0,1,0.0,2.0,4.0,4.0,2,1,1,1,0,0.0,1,0.25,0,1,4,6.0,0.5,0.0,0.0,0.0,0.0,0.0,0.3333333333333333,0.1666666666666666,0,1
11.0,1.0,3.0,5,6.0,1,0.0,4.0,7.0,7.0,2,1,1,1,0,1.0,1,0.1429,0,1,7,35.0,0.0857142857142857,0.6857142857142857,0.0,0.0,0.0,0.0,0.2285714285714285,0.0,0,1
7.0,1.0,0.0,4,0.0,2,0.0,2.0,5.0,4.0,1,2,3,1,1,3.0,2,0.6,1,1,5,12.0,0.5,0.0,0.0,0.0,0.0,0.0,0.5,0.0,0,1
6.0,1.0,2.0,3,2.0,1,0.0,3.0,5.0,5.0,2,1,1,1,0,1.0,1,0.2,0,1,5,18.0,0.1666666666666666,0.4444444444444444,0.0,0.0,0.0,0.0,0.3333333333333333,0.0555555555555555,0,1
4.0,3.0,1.0,3,0.0,0,0.0,0.0,2.0,1.0,1,0,1,1,1,0.0,0,0.5,1,1,2,2.0,0.0,0.0,0.0,0.0,0.0,0.0,0.0,0.357142857142857,0,1
10.0,1.0,0.0,4,1.0,4,0.0,1.0,14.0,13.0,1,0,0,0,0,0.0,0,0.0,0,0,10,11.0,0.0,0.0,0.0,0.0,0.0,0.0,0.2727272727272727,0.357142857142857,0,1
8.0,2.0,3.0,10,2.0,1,0.0,1.0,9.0,8.0,1,1,1,0,0,0.0,1,0.1111,0,1,5,14.0,0.2142857142857142,0.5714285714285714,0.0,0.0,0.0,0.0,0.2142857142857142,0.0,0,1
2.0,1.0,0.0,2,0.0,1,0.0,1.0,1.0,0.0,1,0,0,0,0,0.0,0,0.0,0,0,1,6.0,0.5,0.0,0.0,0.0,0.0,0.0,0.3333333333333333,0.1666666666666666,0,1
2.0,0.0,0.0,2,0.0,0,0.0,0.0,1.0,0.0,1,0,0,0,0,0.0,0,0.0,0,0,1,1.0,0.0,0.0,0.0,0.0,0.0,0.0,0.0,0.357142857142857,0,1
2.0,1.0,0.0,2,0.0,0,0.0,0.0,1.0,0.0,1,0,0,0,0,0.0,0,0.0,0,0,1,1.0,0.0,0.0,0.0,0.0,0.0,0.0,0.0,0.357142857142857,0,1
2.0,0.0,0.0,2,0.0,0,0.0,0.0,1.0,0.0,1,0,0,0,0,0.0,0,0.0,0,0,1,1.0,0.0,0.0,0.0,0.0,0.0,0.0,0.0,0.357142857142857,0,1
7.0,3.5,3.0,3,0.0,0,0.0,1.0,1.0,0.0,1,0,1,1,1,0.0,0,0.6189,1,1,1,3.0,0.0,0.0,0.0,0.0,0.0,0.0,0.6666666666666666,0.3333333333333333,0,1
7.0,3.5,4.0,3,0.0,0,0.0,0.0,1.0,0.0,1,0,0,0,0,0.0,0,0.0,0,0,1,1.0,0.0,0.0,0.0,0.0,0.0,0.0,0.0,0.357142857142857,0,1
5.0,0.0,0.0,5,0.0,6,0.0,0.0,5.0,5.0,2,0,1,1,2,1.0,0,0.2,1,1,4,1.0,0.0,0.0,0.0,0.0,0.0,0.0,0.0,0.357142857142857,0,1
2.0,0.0,0.0,2,0.0,0,0.0,0.0,1.0,0.0,1,0,0,0,0,0.0,0,0.0,0,0,1,1.0,0.0,0.0,0.0,0.0,0.0,0.0,0.0,0.357142857142857,0,1
13.0,3.5,4.0,16,0.0,2,0.0,2.0,20.0,21.0,3,2,3,3,1,1.0,2,0.15,1,1,10,14.0,0.4285714285714285,0.0,0.0,0.0,0.0,0.0,0.2857142857142857,0.2857142857142857,0,1
21.5,3.5,7.0,18,3.0,8,2.0,7.0,25.5,29.5,6,5,6,5,5,3.0,4,0.2281,1,1,18,50.5,0.0,0.0,0.0,0.3174603174603174,0.0,0.0,0.2539682539682539,0.357142857142857,0,1
8.0,0.0,2.0,11,0.0,8,0.0,0.0,8.0,8.0,2,0,1,1,2,1.0,0,0.125,1,1,7,1.0,0.0,0.0,0.0,0.0,0.0,0.0,0.0,0.357142857142857,0,1
10.0,2.0,4.0,10,0.0,5,2.0,0.0,8.0,7.0,1,2,3,1,1,3.0,2,0.375,1,1,8,15.0,0.3333333333333333,0.0,0.0,0.4166666666666665,0.0,0.0,0.0,0.0,0,1
9.0,0.0,3.0,13,0.0,8,0.0,0.0,9.0,9.0,2,0,1,1,2,1.0,0,0.1111,1,1,8,1.0,0.0,0.0,0.0,0.0,0.0,0.0,0.0,0.357142857142857,0,1
12.0,2.0,6.0,14,0.0,5,2.0,0.0,10.0,9.0,1,2,3,1,1,3.0,2,0.3,1,1,10,15.0,0.3333333333333333,0.0,0.0,0.4166666666666665,0.0,0.0,0.0,0.0,0,1
10.0,1.0,6.0,13,4.0,6,0.0,5.0,9.0,8.0,1,1,2,1,1,2.0,1,0.2222,1,1,9,21.0,0.4761904761904761,0.1904761904761904,0.0,0.0,0.0,0.0,0.2857142857142857,0.0,0,1
21.5,1.0,6.0,18,3.0,10,0.0,3.0,14.0,13.0,1,1,2,1,1,2.0,1,0.1429,1,1,14,21.0,0.3333333333333333,0.1904761904761904,0.0,0.1904761904761904,0.0,0.0,0.238095238095238,0.0,0,1
15.0,0.0,2.0,18,7.5,3,0.0,4.0,13.0,12.0,1,5,6,5,5,3.5,5,0.6189,1,1,13,50.5,0.1698113207547169,0.6037735849056604,0.0,0.0754716981132075,0.0,0.0,0.1509433962264151,0.0,0,1
8.0,1.0,0.0,10,6.0,0,2.5,0.0,5.0,4.0,1,2,2,0,0,3.0,2,0.4,0,1,5,40.0,0.0,0.6,0.0,0.4,0.0,0.0,0.0,0.0,0,1
3.0,1.0,0.0,4,2.0,0,0.0,0.0,1.0,0.0,1,0,0,0,0,1.0,0,0.0,0,0,1,8.0,0.0,0.7142857142857142,0.0,0.0,0.0,0.0,0.0,0.0,0,1
5.0,1.0,0.0,7,2.0,0,1.0,0.0,3.0,2.0,1,1,1,0,0,2.0,1,0.3333,0,1,3,12.0,0.0,0.6666666666666666,0.0,0.3333333333333333,0.0,0.0,0.0,0.0,0,1
21.5,1.0,6.0,18,7.5,5,2.5,4.0,19.0,18.0,1,5,6,0,0,3.5,5,0.3158,0,1,18,50.5,0.1209677419354838,0.7096774193548387,0.0,0.0967741935483871,0.0,0.0,0.064516129032258,0.0,0,1
11.0,0.0,1.0,13,7.0,3,1.0,7.5,8.0,7.0,1,3,4,1,1,3.5,3,0.5,1,1,8,50.5,0.1525423728813559,0.4745762711864407,0.0,0.1016949152542373,0.0,0.0,0.2711864406779661,0.0,0,1
16.0,1.0,2.0,7,0.0,4,1.0,0.0,13.0,15.0,4,3,3,2,0,1.0,3,0.2308,0,1,12,17.0,0.4705882352941176,0.0,0.0,0.3529411764705882,0.0,0.0,0.1764705882352941,0.0,0,1
2.0,0.0,0.0,3,0.0,0,1.0,0.0,1.0,0.0,1,0,1,1,1,1.0,0,0.6189,1,1,1,4.0,0.0,0.0,0.0,0.4166666666666665,0.0,0.0,0.0,0.0,0,1
3.0,0.0,0.0,4,0.0,0,2.0,0.0,1.0,0.0,1,0,1,1,1,1.0,0,0.6189,1,1,1,8.0,0.0,0.0,0.0,0.4166666666666665,0.0,0.0,0.0,0.0,0,1
4.0,0.0,0.0,4,1.0,0,0.0,0.0,3.0,2.0,1,1,1,0,0,2.0,1,0.3333,0,1,3,3.0,0.0,0.0,0.0,0.4166666666666665,0.0,0.0,0.0,0.0,0,1
5.0,0.0,0.0,5,3.0,0,0.0,3.0,3.0,2.0,1,1,1,0,0,2.0,1,0.3333,0,1,3,20.0,0.0,0.6,0.0,0.1,0.0,0.0,0.3,0.0,0,1
4.0,0.0,0.0,4,2.0,0,0.0,0.0,3.0,2.0,1,1,1,0,0,2.0,1,0.3333,0,1,3,4.0,0.0,0.0,0.0,0.4166666666666665,0.0,0.0,0.0,0.0,0,1
5.0,0.0,0.0,9,0.0,0,0.0,0.0,3.0,2.0,1,1,1,0,0,2.0,1,0.3333,0,1,3,2.0,0.0,0.0,0.0,0.4166666666666665,0.0,0.0,0.0,0.0,0,1
2.0,0.0,0.0,5,0.0,0,0.0,2.0,1.0,0.0,1,0,0,0,0,1.0,0,0.0,0,0,1,4.0,0.0,0.0,0.0,0.0,0.0,0.0,0.9375,0.0,0,1
5.0,0.0,0.0,7,0.0,0,0.0,0.0,3.0,2.0,1,1,2,1,1,2.0,1,0.6189,1,1,3,2.0,0.0,0.0,0.0,0.4166666666666665,0.0,0.0,0.0,0.0,0,1
5.0,0.0,0.0,9,0.0,0,0.0,0.0,3.0,2.0,1,1,1,0,0,2.0,1,0.3333,0,1,3,2.0,0.0,0.0,0.0,0.4166666666666665,0.0,0.0,0.0,0.0,0,1
5.0,0.0,0.0,10,0.0,0,0.0,2.0,3.0,2.0,1,1,1,0,0,2.0,1,0.3333,0,1,3,6.0,0.0,0.0,0.0,0.3333333333333333,0.0,0.0,0.6666666666666666,0.0,0,1
5.0,0.0,0.0,8,3.0,0,0.0,0.0,3.0,2.0,1,1,2,1,1,2.0,1,0.6189,1,1,3,11.0,0.0,0.7142857142857142,0.0,0.1818181818181818,0.0,0.0,0.0,0.0,0,1
5.0,0.0,0.0,8,2.0,0,0.0,0.0,3.0,2.0,1,1,2,1,1,2.0,1,0.6189,1,1,3,10.0,0.0,0.7142857142857142,0.0,0.2,0.0,0.0,0.0,0.0,0,1
5.0,0.0,1.0,7,2.0,0,0.0,0.0,4.0,3.0,1,1,2,1,1,2.0,1,0.5,1,1,4,10.0,0.0,0.7142857142857142,0.0,0.2,0.0,0.0,0.0,0.0,0,1
4.0,1.0,0.0,6,0.0,1,0.0,0.0,4.0,4.0,2,1,1,1,0,1.0,1,0.25,0,1,3,1.0,1.0,0.0,0.0,0.0,0.0,0.0,0.0,0.0,0,1
5.0,0.0,0.0,8,2.0,0,0.0,0.0,3.0,2.0,1,1,2,1,1,2.0,1,0.6189,1,1,3,10.0,0.0,0.7142857142857142,0.0,0.2,0.0,0.0,0.0,0.0,0,1
5.0,0.0,0.0,8,2.0,0,0.0,0.0,3.0,2.0,1,1,2,1,1,2.0,1,0.6189,1,1,3,10.0,0.0,0.7142857142857142,0.0,0.2,0.0,0.0,0.0,0.0,0,1
7.0,0.0,3.0,8,5.0,0,0.0,2.0,6.0,5.0,1,1,1,0,0,2.0,1,0.1667,0,1,6,26.0,0.0,0.7142857142857142,0.0,0.0769230769230769,0.0,0.0,0.1538461538461538,0.0,0,1
7.0,0.0,3.0,8,5.0,0,0.0,2.0,6.0,5.0,1,1,1,0,0,2.0,1,0.1667,0,1,6,26.0,0.0,0.7142857142857142,0.0,0.0769230769230769,0.0,0.0,0.1538461538461538,0.0,0,1
4.0,2.0,1.0,2,0.0,0,0.0,0.0,12.0,11.0,1,0,0,0,0,0.0,0,0.0,0,0,4,1.0,0.0,0.0,0.0,0.0,0.0,0.0,0.0,0.357142857142857,0,1
6.0,3.0,2.0,2,0.0,0,0.0,0.0,16.0,15.0,1,0,0,0,0,0.0,0,0.0,0,0,6,1.0,0.0,0.0,0.0,0.0,0.0,0.0,0.0,0.357142857142857,0,1
7.0,3.5,3.0,2,0.0,0,0.0,0.0,20.0,19.0,1,0,0,0,0,0.0,0,0.0,0,0,7,1.0,0.0,0.0,0.0,0.0,0.0,0.0,0.0,0.357142857142857,0,1
4.0,3.5,4.0,2,3.0,0,0.0,1.0,1.0,0.0,1,0,1,1,1,1.0,0,0.6189,1,1,1,14.0,0.0,0.7142857142857142,0.0,0.0,0.0,0.0,0.1428571428571428,0.0,0,1
5.0,3.5,5.0,2,0.0,0,0.0,0.0,2.0,1.0,1,0,1,1,1,1.0,0,0.5,1,1,2,1.0,0.0,0.0,0.0,0.0,0.0,0.0,0.0,0.357142857142857,0,1
21.5,0.0,7.5,18,7.5,10,0.0,7.5,25.5,29.5,6,5,6,4,1,3.5,5,0.2419,1,1,18,50.5,0.2578125,0.4375,0.0,0.0625,0.0,0.0,0.1640625,0.078125,0,1
5.0,2.0,2.0,5,2.0,0,0.0,0.0,10.0,9.0,1,0,0,0,0,0.0,0,0.0,0,0,5,8.0,0.0,0.7142857142857142,0.0,0.0,0.0,0.0,0.0,0.0,0,1
4.0,2.0,1.0,1,3.0,0,0.0,0.0,9.0,8.0,1,0,0,0,0,0.0,0,0.0,0,0,4,12.0,0.0,0.7142857142857142,0.0,0.0,0.0,0.0,0.0,0.0,0,1
4.0,3.5,3.0,1,7.5,0,0.0,0.0,13.0,12.0,1,0,0,0,0,0.0,0,0.0,0,0,4,36.0,0.0,0.7142857142857142,0.0,0.0,0.0,0.0,0.0,0.0,0,1
5.0,3.5,5.0,1,7.5,0,0.0,0.0,17.0,16.0,1,0,0,0,0,0.0,0,0.0,0,0,5,50.5,0.0,0.7142857142857142,0.0,0.0,0.0,0.0,0.0,0.0,0,1
5.0,3.5,7.0,1,7.5,0,0.0,0.0,21.0,20.0,1,0,0,0,0,0.0,0,0.0,0,0,5,50.5,0.0,0.7142857142857142,0.0,0.0,0.0,0.0,0.0,0.0,0,1
2.0,0.0,0.0,4,2.0,0,0.0,0.0,1.0,0.0,1,0,0,0,0,1.0,0,0.0,0,0,1,8.0,0.0,0.7142857142857142,0.0,0.0,0.0,0.0,0.0,0.0,0,1
2.0,0.0,0.0,2,5.0,0,0.0,0.0,1.0,0.0,1,0,0,0,0,1.0,0,0.0,0,0,1,20.0,0.0,0.7142857142857142,0.0,0.0,0.0,0.0,0.0,0.0,0,1
2.0,0.0,0.0,3,1.0,0,0.0,0.0,1.0,0.0,1,0,0,0,0,1.0,0,0.0,0,0,1,4.0,0.0,0.7142857142857142,0.0,0.0,0.0,0.0,0.0,0.0,0,1
2.0,1.0,0.0,2,3.0,0,0.0,0.0,1.0,0.0,1,0,0,0,0,1.0,0,0.0,0,0,1,12.0,0.0,0.7142857142857142,0.0,0.0,0.0,0.0,0.0,0.0,0,1
2.0,2.0,1.0,2,6.0,0,0.0,0.0,1.0,0.0,1,0,0,0,0,1.0,0,0.0,0,0,1,24.0,0.0,0.7142857142857142,0.0,0.0,0.0,0.0,0.0,0.0,0,1
2.0,1.0,0.0,2,3.0,0,0.0,0.0,1.0,0.0,1,0,0,0,0,1.0,0,0.0,0,0,1,12.0,0.0,0.7142857142857142,0.0,0.0,0.0,0.0,0.0,0.0,0,1
2.0,2.0,1.0,2,6.0,0,0.0,0.0,1.0,0.0,1,0,0,0,0,1.0,0,0.0,0,0,1,24.0,0.0,0.7142857142857142,0.0,0.0,0.0,0.0,0.0,0.0,0,1
5.0,0.0,1.0,5,1.0,1,0.0,2.0,6.0,6.0,2,1,1,1,0,1.0,1,0.1667,0,1,4,11.0,0.2727272727272727,0.3636363636363636,0.0,0.0,0.0,0.0,0.3636363636363636,0.0,0,1
2.0,1.0,0.0,2,3.0,0,0.0,0.0,1.0,0.0,1,0,0,0,0,1.0,0,0.0,0,0,1,12.0,0.0,0.7142857142857142,0.0,0.0,0.0,0.0,0.0,0.0,0,1
12.0,0.0,4.0,12,7.5,5,2.0,7.5,13.0,13.0,2,3,3,1,0,3.0,3,0.2308,0,1,11,50.5,0.125,0.6333333333333333,0.0,0.0666666666666666,0.0,0.0,0.1333333333333333,0.0,0,1
12.0,2.0,5.0,14,7.0,4,1.0,3.0,13.0,13.0,2,3,3,1,0,3.0,3,0.2308,0,1,11,47.0,0.2553191489361702,0.5106382978723404,0.0,0.0851063829787234,0.0,0.0,0.1276595744680851,0.0,0,1
2.0,2.0,1.0,1,5.0,0,0.0,0.0,1.0,0.0,1,0,0,0,0,1.0,0,0.0,0,0,1,20.0,0.0,0.7142857142857142,0.0,0.0,0.0,0.0,0.0,0.0,0,1
18.0,2.0,7.5,15,7.5,1,0.0,4.0,17.0,16.0,1,1,1,0,0,2.0,1,0.0588,0,1,17,50.5,0.024,0.7142857142857142,0.0,0.0,0.0,0.0,0.064,0.0,0,1
2.0,0.0,0.0,2,3.0,0,0.0,0.0,1.0,0.0,1,0,0,0,0,1.0,0,0.0,0,0,1,3.0,0.0,0.0,0.0,0.0,0.0,0.0,0.0,0.0,0,1
2.0,0.0,0.0,4,0.0,0,2.0,0.0,1.0,0.0,1,0,1,1,1,1.0,0,0.6189,1,1,1,8.0,0.0,0.0,0.0,0.4166666666666665,0.0,0.0,0.0,0.0,0,1
9.0,1.0,1.0,7,0.0,4,2.0,0.0,8.0,7.0,1,3,3,0,0,3.5,3,0.375,0,1,8,21.0,0.4285714285714285,0.0,0.0,0.4166666666666665,0.0,0.0,0.0952380952380952,0.0,0,1
2.0,0.0,0.0,1,5.0,0,0.0,0.0,1.0,0.0,1,0,0,0,0,1.0,0,0.0,0,0,1,20.0,0.0,0.7142857142857142,0.0,0.0,0.0,0.0,0.0,0.0,0,1
5.0,2.0,4.0,4,5.0,0,0.0,0.0,4.0,3.0,1,0,0,0,0,1.0,0,0.0,0,0,4,20.0,0.0,0.7142857142857142,0.0,0.0,0.0,0.0,0.0,0.0,0,1
5.0,2.0,4.0,2,7.5,0,0.0,0.0,4.0,3.0,1,0,0,0,0,1.0,0,0.0,0,0,4,32.0,0.0,0.7142857142857142,0.0,0.0,0.0,0.0,0.0,0.0,0,1
5.0,2.0,4.0,6,3.0,0,0.0,0.0,4.0,3.0,1,0,0,0,0,1.0,0,0.0,0,0,4,12.0,0.0,0.7142857142857142,0.0,0.0,0.0,0.0,0.0,0.0,0,1
6.0,2.0,1.0,5,0.0,0,2.5,0.0,10.0,9.0,1,0,0,0,0,0.0,0,0.0,0,0,5,12.0,0.0,0.0,0.0,0.4166666666666665,0.0,0.0,0.0,0.0,0,1
15.0,0.0,2.0,15,7.5,3,0.0,4.0,13.0,12.0,1,5,6,5,5,3.5,5,0.6189,1,1,13,50.5,0.1698113207547169,0.6037735849056604,0.0,0.0754716981132075,0.0,0.0,0.1509433962264151,0.0,0,1
12.0,1.0,0.0,9,6.0,0,2.5,0.0,6.0,5.0,1,2,2,0,0,3.0,2,0.3333,0,1,6,41.0,0.0,0.5853658536585366,0.0,0.3902439024390244,0.0,0.0,0.0,0.024390243902439,0,1
6.0,1.0,0.0,6,2.0,0,1.0,0.0,4.0,3.0,1,1,1,0,0,2.0,1,0.25,0,1,4,13.0,0.0,0.6153846153846154,0.0,0.3076923076923077,0.0,0.0,0.0,0.0769230769230769,0,1
7.0,1.0,0.0,6,2.0,0,1.0,0.0,4.0,3.0,1,1,1,0,0,2.0,1,0.25,0,1,4,13.0,0.0,0.6153846153846154,0.0,0.3076923076923077,0.0,0.0,0.0,0.0769230769230769,0,1
21.0,1.0,6.0,14,7.5,3,2.5,2.0,16.0,15.0,1,4,4,0,0,3.5,4,0.25,0,1,16,50.5,0.0918367346938775,0.7142857142857142,0.0,0.1224489795918367,0.0,0.0,0.0408163265306122,0.010204081632653,0,1
11.0,0.0,1.0,12,7.0,3,1.0,7.5,8.0,7.0,1,3,4,1,1,3.5,3,0.5,1,1,8,50.5,0.1475409836065573,0.4590163934426229,0.0,0.0983606557377049,0.0,0.0,0.2950819672131147,0.0,0,1
10.0,1.0,1.0,5,0.0,3,1.0,0.0,8.0,7.0,1,3,3,0,0,3.5,3,0.375,0,1,8,14.0,0.4285714285714285,0.0,0.0,0.4166666666666665,0.0,0.0,0.1428571428571428,0.0,0,1
2.0,1.0,0.0,2,0.0,0,0.0,1.0,7.0,6.0,1,0,0,0,0,0.0,0,0.0,0,0,2,2.0,0.0,0.0,0.0,0.0,0.0,0.0,0.9375,0.0,0,1
4.0,1.0,0.0,4,1.0,0,1.0,0.0,3.0,2.0,1,1,1,0,0,2.0,1,0.3333,0,1,3,8.0,0.0,0.5,0.0,0.4166666666666665,0.0,0.0,0.0,0.0,0,1
4.0,0.0,0.0,3,1.0,0,0.0,0.0,3.0,2.0,1,1,1,0,0,2.0,1,0.3333,0,1,3,3.0,0.0,0.0,0.0,0.4166666666666665,0.0,0.0,0.0,0.0,0,1
9.0,1.0,0.0,8,2.0,1,1.0,0.0,7.0,6.0,1,3,3,0,0,3.5,3,0.4286,0,1,7,19.0,0.1578947368421052,0.4210526315789473,0.0,0.3157894736842105,0.0,0.0,0.1052631578947368,0.0,0,1
15.0,0.0,4.0,9,7.5,3,1.0,4.0,13.0,12.0,1,4,4,0,0,3.5,4,0.3077,0,1,13,50.5,0.1343283582089552,0.5970149253731343,0.0,0.1194029850746268,0.0,0.0,0.1194029850746268,0.0,0,1
5.0,0.0,0.0,4,3.0,0,0.0,3.0,3.0,2.0,1,1,1,0,0,2.0,1,0.3333,0,1,3,20.0,0.0,0.6,0.0,0.1,0.0,0.0,0.3,0.0,0,1
7.0,1.0,0.0,6,2.0,0,1.0,0.0,5.0,4.0,1,2,2,0,0,3.0,2,0.4,0,1,5,14.0,0.0,0.5714285714285714,0.0,0.4166666666666665,0.0,0.0,0.0,0.0,0,1
8.0,1.0,0.0,8,2.0,0,2.5,0.0,5.0,4.0,1,2,2,0,0,3.0,2,0.4,0,1,5,20.0,0.0,0.4,0.0,0.4166666666666665,0.0,0.0,0.0,0.0,0,1
4.0,0.0,0.0,3,2.0,0,0.0,0.0,3.0,2.0,1,1,1,0,0,2.0,1,0.3333,0,1,3,4.0,0.0,0.0,0.0,0.4166666666666665,0.0,0.0,0.0,0.0,0,1
4.0,1.0,0.0,4,1.0,0,1.0,0.0,3.0,2.0,1,1,1,0,0,2.0,1,0.3333,0,1,3,8.0,0.0,0.5,0.0,0.4166666666666665,0.0,0.0,0.0,0.0,0,1
4.0,0.0,0.0,8,0.0,0,0.0,0.0,3.0,2.0,1,1,1,0,0,2.0,1,0.3333,0,1,3,2.0,0.0,0.0,0.0,0.4166666666666665,0.0,0.0,0.0,0.0,0,1
2.0,0.0,0.0,5,0.0,0,0.0,2.0,1.0,0.0,1,0,0,0,0,1.0,0,0.0,0,0,1,4.0,0.0,0.0,0.0,0.0,0.0,0.0,0.9375,0.0,0,1
5.0,0.0,0.0,6,0.0,0,0.0,0.0,3.0,2.0,1,1,2,1,1,2.0,1,0.6189,1,1,3,2.0,0.0,0.0,0.0,0.4166666666666665,0.0,0.0,0.0,0.0,0,1
4.0,0.0,0.0,8,0.0,0,0.0,0.0,3.0,2.0,1,1,1,0,0,2.0,1,0.3333,0,1,3,2.0,0.0,0.0,0.0,0.4166666666666665,0.0,0.0,0.0,0.0,0,1
5.0,0.0,0.0,9,0.0,0,0.0,2.0,3.0,2.0,1,1,1,0,0,2.0,1,0.3333,0,1,3,6.0,0.0,0.0,0.0,0.3333333333333333,0.0,0.0,0.6666666666666666,0.0,0,1
5.0,0.0,0.0,7,3.0,0,0.0,0.0,3.0,2.0,1,1,2,1,1,2.0,1,0.6189,1,1,3,11.0,0.0,0.7142857142857142,0.0,0.1818181818181818,0.0,0.0,0.0,0.0,0,1
5.0,0.0,0.0,7,2.0,0,0.0,0.0,3.0,2.0,1,1,2,1,1,2.0,1,0.6189,1,1,3,10.0,0.0,0.7142857142857142,0.0,0.2,0.0,0.0,0.0,0.0,0,1
6.0,0.0,1.0,6,2.0,0,0.0,0.0,4.0,3.0,1,1,2,1,1,2.0,1,0.5,1,1,4,10.0,0.0,0.7142857142857142,0.0,0.2,0.0,0.0,0.0,0.0,0,1
4.0,1.0,0.0,5,0.0,0,0.0,0.0,2.0,1.0,1,0,0,0,0,1.0,0,0.0,0,0,2,1.0,0.0,0.0,0.0,0.0,0.0,0.0,0.0,0.357142857142857,0,1
5.0,0.0,0.0,7,2.0,0,0.0,0.0,3.0,2.0,1,1,2,1,1,2.0,1,0.6189,1,1,3,10.0,0.0,0.7142857142857142,0.0,0.2,0.0,0.0,0.0,0.0,0,1
5.0,0.0,0.0,7,2.0,0,0.0,0.0,3.0,2.0,1,1,2,1,1,2.0,1,0.6189,1,1,3,10.0,0.0,0.7142857142857142,0.0,0.2,0.0,0.0,0.0,0.0,0,1
12.0,0.0,3.0,12,7.0,2,1.0,7.5,10.0,9.0,1,3,3,0,0,3.5,3,0.3,0,1,10,48.0,0.125,0.4166666666666667,0.0,0.0833333333333333,0.0,0.0,0.3333333333333333,0.0,0,1
12.0,0.0,3.0,12,7.0,2,1.0,7.5,10.0,9.0,1,3,3,0,0,3.5,3,0.3,0,1,10,48.0,0.125,0.4166666666666667,0.0,0.0833333333333333,0.0,0.0,0.3333333333333333,0.0,0,1
21.0,1.0,7.0,16,7.5,8,0.0,4.0,24.0,25.0,3,3,4,2,2,3.0,3,0.1667,1,1,18,46.0,0.1304347826086956,0.5217391304347826,0.0,0.0869565217391304,0.0,0.0,0.1739130434782608,0.0869565217391304,0,1
6.0,2.0,1.0,5,0.0,0,1.0,0.0,3.0,2.0,1,1,1,0,0,2.0,1,0.3333,0,1,3,4.0,0.0,0.0,0.0,0.4166666666666665,0.0,0.0,0.0,0.0,0,1
10.0,3.0,2.0,3,0.0,0,0.0,1.0,18.0,17.0,1,0,0,0,0,0.0,0,0.0,0,0,10,8.0,0.0,0.0,0.0,0.0,0.0,0.0,0.25,0.357142857142857,0,1
2.0,1.0,0.0,1,0.0,0,0.0,0.0,1.0,0.0,1,0,0,0,0,0.0,0,0.0,0,0,1,1.0,0.0,0.0,0.0,0.0,0.0,0.0,0.0,0.357142857142857,0,1
2.0,1.0,0.0,1,0.0,0,0.0,0.0,1.0,0.0,1,0,0,0,0,0.0,0,0.0,0,0,1,1.0,0.0,0.0,0.0,0.0,0.0,0.0,0.0,0.357142857142857,0,1
2.0,1.0,0.0,2,0.0,0,0.0,0.0,1.0,0.0,1,0,1,1,1,0.0,0,0.6189,1,1,1,1.0,0.0,0.0,0.0,0.0,0.0,0.0,0.0,0.357142857142857,0,1
2.0,1.0,0.0,2,0.0,0,0.0,0.0,1.0,0.0,1,0,1,1,1,0.0,0,0.6189,1,1,1,1.0,0.0,0.0,0.0,0.0,0.0,0.0,0.0,0.357142857142857,0,1
4.0,0.0,0.0,4,0.0,1,0.0,0.0,6.0,6.0,2,1,1,1,0,1.0,1,0.1667,0,1,3,1.0,1.0,0.0,0.0,0.0,0.0,0.0,0.0,0.0,0,1
4.0,0.0,0.0,4,0.0,1,0.0,0.0,6.0,6.0,2,1,1,1,0,1.0,1,0.1667,0,1,3,1.0,1.0,0.0,0.0,0.0,0.0,0.0,0.0,0.0,0,1
21.5,3.5,7.5,18,7.5,10,1.0,7.5,25.5,29.5,6,4,6,5,5,1.0,2,0.1452,1,1,18,50.5,0.1726190476190476,0.3571428571428571,0.0,0.0476190476190476,0.0,0.0,0.2261904761904762,0.1726190476190476,0,1
18.0,1.0,5.0,12,7.5,4,0.0,6.0,25.5,29.0,5,1,4,4,5,1.0,1,0.1538,1,1,17,29.0,0.4137931034482758,0.0,0.0,0.0,0.0,0.0,0.4137931034482758,0.1724137931034483,0,1
9.0,1.0,1.0,5,3.0,2,0.0,1.0,13.0,14.0,3,1,2,2,2,1.0,1,0.1538,1,1,8,12.0,0.4166666666666667,0.3333333333333333,0.0,0.0,0.0,0.0,0.1666666666666666,0.0833333333333333,0,1
2.0,0.0,0.0,3,1.0,0,0.0,0.0,1.0,0.0,1,0,0,0,0,1.0,0,0.0,0,0,1,4.0,0.0,0.7142857142857142,0.0,0.0,0.0,0.0,0.0,0.0,0,1
2.0,0.0,0.0,1,1.0,0,0.0,0.0,1.0,0.0,1,0,0,0,0,1.0,0,0.0,0,0,1,4.0,0.0,0.7142857142857142,0.0,0.0,0.0,0.0,0.0,0.0,0,1
10.0,0.0,2.0,8,6.0,2,0.0,2.0,15.0,16.0,3,1,2,2,2,1.0,1,0.1333,1,1,9,23.0,0.217391304347826,0.5217391304347826,0.0,0.0,0.0,0.0,0.217391304347826,0.0434782608695652,0,1
8.0,0.0,0.0,8,0.0,0,0.0,1.0,7.0,6.0,1,0,1,1,1,0.0,0,0.1429,1,1,7,9.0,0.0,0.0,0.0,0.0,0.0,0.0,0.2222222222222222,0.357142857142857,0,1
10.0,1.0,4.0,10,2.0,1,0.0,1.0,10.0,10.0,2,1,2,1,2,2.0,1,0.2,1,1,8,6.0,0.5,0.0,0.0,0.0,0.0,0.0,0.3333333333333333,0.1666666666666666,0,1
2.0,0.0,0.0,1,0.0,0,0.0,0.0,4.0,3.0,1,0,0,0,0,0.0,0,0.0,0,0,2,1.0,0.0,0.0,0.0,0.0,0.0,0.0,0.0,0.357142857142857,0,1
4.0,0.0,2.0,4,2.0,1,0.0,3.0,3.0,2.0,1,0,0,0,0,1.0,0,0.0,0,0,3,16.0,0.0,0.25,0.0,0.0,0.0,0.0,0.5,0.0,0,1
13.0,0.0,5.0,9,6.0,0,0.0,2.0,11.0,11.0,2,1,1,1,0,1.0,1,0.0909,0,1,11,28.0,0.0,0.7142857142857142,0.0,0.0714285714285714,0.0,0.0,0.1428571428571428,0.0714285714285714,0,1
2.0,2.0,1.0,2,0.0,0,0.0,0.0,10.0,9.0,1,0,0,0,0,0.0,0,0.0,0,0,2,1.0,0.0,0.0,0.0,0.0,0.0,0.0,0.0,0.357142857142857,0,1
3.0,1.0,1.0,3,0.0,0,0.0,0.0,2.0,1.0,1,0,0,0,0,1.0,0,0.0,0,0,2,2.0,0.0,0.0,0.0,0.4166666666666665,0.0,0.0,0.0,0.0,0,1
7.0,2.0,3.0,9,3.0,1,0.0,3.0,8.0,8.0,2,1,1,1,0,0.0,1,0.125,0,1,6,20.0,0.15,0.4,0.0,0.0,0.0,0.0,0.3,0.1,0,1
3.0,1.0,0.0,1,0.0,0,0.0,0.0,7.0,6.0,1,0,0,0,0,0.0,0,0.0,0,0,3,2.0,0.0,0.0,0.0,0.0,0.0,0.0,0.0,0.357142857142857,0,1
4.0,0.0,1.0,3,0.0,0,0.0,0.0,3.0,2.0,1,0,0,0,0,1.0,0,0.0,0,0,3,1.0,0.0,0.0,0.0,0.0,0.0,0.0,0.0,0.357142857142857,0,1
2.0,1.0,0.0,2,0.0,0,0.0,1.0,1.0,0.0,1,0,0,0,0,1.0,0,0.0,0,0,1,2.0,0.0,0.0,0.0,0.0,0.0,0.0,0.9375,0.0,0,1
3.0,1.0,1.0,4,3.0,2,2.0,4.0,2.0,1.0,1,0,0,0,0,1.0,0,0.0,0,0,2,21.0,0.2857142857142857,0.1904761904761904,0.0,0.3333333333333333,0.0,0.0,0.1904761904761904,0.0,0,1
2.0,1.0,0.0,2,1.0,1,0.0,2.0,1.0,0.0,1,0,0,0,0,1.0,0,0.0,0,0,1,5.0,0.6,0.0,0.0,0.0,0.0,0.0,0.4,0.0,0,1
4.0,1.0,2.0,5,1.0,0,0.0,1.0,3.0,2.0,1,0,0,0,0,1.0,0,0.0,0,0,3,3.0,0.0,0.0,0.0,0.0,0.0,0.0,0.6666666666666666,0.0,0,1
7.0,1.0,3.0,8,1.0,1,0.0,0.0,6.0,5.0,1,1,2,1,1,2.0,1,0.3333,1,1,6,7.0,0.4285714285714285,0.5714285714285714,0.0,0.0,0.0,0.0,0.0,0.0,0,1
9.0,1.0,5.0,7,5.0,1,0.0,2.0,8.0,7.0,1,1,1,0,0,2.0,1,0.125,0,1,8,27.0,0.1111111111111111,0.7142857142857142,0.0,0.0,0.0,0.0,0.1481481481481481,0.0,0,1
8.0,0.0,0.0,8,3.0,0,0.0,7.5,10.0,9.0,1,0,0,0,0,0.0,0,0.0,0,0,8,17.0,0.0,0.0,0.0,0.0,0.0,0.0,0.5882352941176471,0.357142857142857,0,1
2.0,1.0,0.0,1,0.0,0,0.0,0.0,1.0,0.0,1,0,0,0,0,0.0,0,0.0,0,0,1,1.0,0.0,0.0,0.0,0.0,0.0,0.0,0.0,0.357142857142857,0,1
2.0,1.0,0.0,1,0.0,0,0.0,0.0,1.0,0.0,1,0,0,0,0,0.0,0,0.0,0,0,1,1.0,0.0,0.0,0.0,0.0,0.0,0.0,0.0,0.357142857142857,0,1
2.0,1.0,0.0,1,0.0,0,0.0,0.0,1.0,0.0,1,0,0,0,0,0.0,0,0.0,0,0,1,1.0,0.0,0.0,0.0,0.0,0.0,0.0,0.0,0.357142857142857,0,1
2.0,1.0,0.0,1,0.0,0,0.0,0.0,1.0,0.0,1,0,0,0,0,0.0,0,0.0,0,0,1,1.0,0.0,0.0,0.0,0.0,0.0,0.0,0.0,0.357142857142857,0,1
2.0,1.0,0.0,1,0.0,0,0.0,0.0,1.0,0.0,1,0,0,0,0,0.0,0,0.0,0,0,1,1.0,0.0,0.0,0.0,0.0,0.0,0.0,0.0,0.357142857142857,0,1
21.5,0.0,7.5,18,7.5,10,2.5,7.5,25.5,29.5,6,5,6,5,5,3.0,5,0.1886,1,1,18,50.5,0.2404255319148936,0.3063829787234042,0.0,0.0723404255319148,0.0,0.0,0.2425531914893617,0.1319148936170212,0,1
21.5,0.0,7.5,18,7.5,10,1.0,7.5,25.5,29.5,6,3,6,5,5,1.0,2,0.1833,1,1,18,50.5,0.2689075630252101,0.3697478991596639,0.0,0.0336134453781512,0.0,0.0,0.1848739495798319,0.134453781512605,0,1
9.0,1.0,5.0,4,7.5,3,0.0,2.0,14.0,16.0,4,0,3,3,5,0.0,0,0.2143,1,1,8,24.0,0.375,0.3333333333333333,0.0,0.0,0.0,0.0,0.1666666666666666,0.125,0,1
21.5,3.5,7.5,18,7.5,10,2.5,7.5,25.5,29.5,6,5,6,5,5,2.0,5,0.2016,1,1,18,50.5,0.2434782608695652,0.3826086956521739,0.0,0.0347826086956521,0.0,0.0,0.2376811594202898,0.1014492753623188,0,1
21.5,3.5,7.5,18,7.5,10,1.0,7.5,25.5,29.5,6,5,6,5,5,0.0,3,0.2143,1,1,18,50.5,0.1910569105691057,0.5365853658536586,0.0,0.016260162601626,0.0,0.0,0.1788617886178861,0.0691056910569105,0,1
2.0,0.0,0.0,4,1.0,0,0.0,0.0,1.0,0.0,1,0,0,0,0,1.0,0,0.0,0,0,1,4.0,0.0,0.7142857142857142,0.0,0.0,0.0,0.0,0.0,0.0,0,1
2.0,0.0,0.0,1,1.0,0,0.0,0.0,1.0,0.0,1,0,0,0,0,1.0,0,0.0,0,0,1,4.0,0.0,0.7142857142857142,0.0,0.0,0.0,0.0,0.0,0.0,0,1
8.0,2.0,2.0,4,2.0,1,0.0,1.0,8.0,8.0,2,0,1,1,2,1.0,0,0.125,1,1,6,6.0,0.5,0.0,0.0,0.0,0.0,0.0,0.3333333333333333,0.1666666666666666,0,1
4.0,1.0,0.0,3,0.0,0,0.0,0.0,2.0,1.0,1,0,1,1,1,1.0,0,0.5,1,1,2,1.0,0.0,0.0,0.0,0.0,0.0,0.0,0.0,0.357142857142857,0,1
5.0,1.0,0.0,5,0.0,0,0.0,0.0,5.0,5.0,2,1,2,1,2,0.0,0,0.4,1,1,4,1.0,0.0,0.0,0.0,0.0,0.0,0.0,0.0,0.357142857142857,0,1
9.0,1.0,1.0,5,3.0,2,0.0,1.0,13.0,14.0,3,1,2,2,2,1.0,1,0.1538,1,1,8,12.0,0.4166666666666667,0.3333333333333333,0.0,0.0,0.0,0.0,0.1666666666666666,0.0833333333333333,0,1
10.0,1.0,4.0,10,2.0,1,0.0,1.0,10.0,10.0,2,1,2,1,2,2.0,1,0.2,1,1,8,6.0,0.5,0.0,0.0,0.0,0.0,0.0,0.3333333333333333,0.1666666666666666,0,1
4.0,1.0,0.0,4,1.0,2,0.0,5.0,3.0,2.0,1,1,1,0,0,2.0,1,0.3333,0,1,3,19.0,0.3157894736842105,0.0,0.0,0.1052631578947368,0.0,0.0,0.5263157894736842,0.0,0,1
5.0,2.0,2.0,4,1.0,2,1.0,1.0,5.0,5.0,2,1,1,1,0,1.0,1,0.2,0,1,4,13.0,0.4615384615384615,0.3076923076923077,0.0,0.2307692307692307,0.0,0.0,0.0,0.0,0,1
19.0,3.0,3.0,9,5.0,5,0.0,2.0,15.0,19.0,6,5,6,2,1,1.0,5,0.4,1,1,13,39.0,0.3846153846153846,0.5128205128205128,0.0,0.0,0.0,0.0,0.1025641025641025,0.0,0,1
21.5,2.0,7.0,17,7.5,10,2.0,7.5,25.5,29.5,6,5,6,5,5,3.5,5,0.3667,1,1,18,50.5,0.2416107382550335,0.4832214765100671,0.0,0.0536912751677852,0.0,0.0,0.2013422818791946,0.0201342281879194,0,1
21.5,2.0,3.0,13,7.5,10,2.5,7.5,23.0,29.0,6,5,6,5,2,2.0,5,0.3478,1,1,18,50.5,0.2517482517482518,0.1398601398601398,0.0,0.0839160839160839,0.0,0.0,0.3216783216783216,0.0629370629370629,0,1
21.5,2.0,3.0,13,6.0,8,0.0,7.0,23.0,29.5,6,5,6,2,1,1.0,5,0.3913,1,1,18,50.5,0.4,0.4,0.0,0.0,0.0,0.0,0.2,0.0,0,1
19.0,2.0,3.0,13,7.5,9,2.0,7.5,20.0,22.0,4,5,6,4,3,3.5,5,0.4,1,1,18,50.5,0.3214285714285714,0.3333333333333333,0.0,0.0952380952380952,0.0,0.0,0.238095238095238,0.0119047619047619,0,1
21.0,2.0,4.0,18,7.0,10,2.0,7.5,24.0,27.0,5,5,6,4,4,3.5,5,0.3333,1,1,18,50.5,0.4166666666666667,0.1666666666666666,0.0,0.1111111111111111,0.0,0.0,0.2777777777777778,0.0277777777777777,0,1
2.0,1.0,0.0,4,3.0,0,0.0,1.0,1.0,0.0,1,0,0,0,0,1.0,0,0.0,0,0,1,11.0,0.0,0.7142857142857142,0.0,0.0,0.0,0.0,0.1818181818181818,0.0,0,1
2.0,2.0,1.0,4,0.0,1,2.0,0.0,1.0,0.0,1,0,0,0,0,1.0,0,0.0,0,0,1,11.0,0.2727272727272727,0.0,0.0,0.4166666666666665,0.0,0.0,0.0,0.0,0,1
9.0,2.0,1.0,6,2.0,6,1.0,1.0,10.0,10.0,2,3,4,2,3,3.5,3,0.4,1,1,8,22.0,0.4090909090909091,0.0,0.0,0.2727272727272727,0.0,0.0,0.2272727272727272,0.0,0,1
7.0,1.0,0.0,5,0.0,2,0.0,4.0,7.0,8.0,3,2,2,2,0,1.0,2,0.2857,0,1,6,10.0,0.6,0.0,0.0,0.0,0.0,0.0,0.4,0.0,0,1
6.0,1.0,0.0,8,1.0,2,0.0,4.0,6.0,6.0,2,2,2,1,0,2.0,2,0.3333,0,1,5,16.0,0.375,0.25,0.0,0.0,0.0,0.0,0.375,0.0,0,1
9.0,1.0,2.0,8,2.0,3,0.0,5.0,11.0,12.0,3,2,3,2,2,2.0,2,0.2727,1,1,8,18.0,0.5,0.0,0.0,0.0,0.0,0.0,0.4444444444444444,0.0555555555555555,0,1
4.0,1.0,0.0,4,1.0,1,0.0,3.0,3.0,2.0,1,1,1,0,0,2.0,1,0.3333,0,1,3,12.0,0.25,0.0,0.0,0.1666666666666666,0.0,0.0,0.5,0.0,0,1
4.0,1.0,0.0,4,1.0,1,0.0,3.0,3.0,2.0,1,1,1,0,0,2.0,1,0.3333,0,1,3,12.0,0.25,0.0,0.0,0.1666666666666666,0.0,0.0,0.5,0.0,0,1
2.0,2.0,1.0,4,1.0,0,0.0,0.0,1.0,0.0,1,0,0,0,0,1.0,0,0.0,0,0,1,4.0,0.0,0.7142857142857142,0.0,0.0,0.0,0.0,0.0,0.0,0,1
5.0,2.0,2.0,4,1.0,2,1.0,1.0,5.0,5.0,2,1,1,1,0,1.0,1,0.2,0,1,4,13.0,0.4615384615384615,0.3076923076923077,0.0,0.2307692307692307,0.0,0.0,0.0,0.0,0,1
2.0,2.0,1.0,3,1.0,0,0.0,0.0,1.0,0.0,1,0,1,1,1,1.0,0,0.6189,1,1,1,4.0,0.0,0.7142857142857142,0.0,0.0,0.0,0.0,0.0,0.0,0,1
21.5,2.0,5.0,14,7.0,5,1.0,5.0,15.0,14.0,1,5,5,0,0,3.5,4,0.3333,0,1,15,50.5,0.1685393258426966,0.2696629213483146,0.0,0.0449438202247191,0.0,0.0,0.2808988764044944,0.0,0,1
8.0,2.0,5.0,6,1.0,2,2.0,2.0,7.0,6.0,1,1,1,0,0,2.0,1,0.1429,0,1,7,31.0,0.0967741935483871,0.1290322580645161,0.0,0.2580645161290322,0.0,0.0,0.2580645161290322,0.0,0,1
2.0,2.0,1.0,2,5.0,0,0.0,0.0,1.0,0.0,1,0,0,0,0,1.0,0,0.0,0,0,1,20.0,0.0,0.7142857142857142,0.0,0.0,0.0,0.0,0.0,0.0,0,1
11.0,3.0,2.0,9,0.0,0,0.0,0.0,6.0,4.0,1,1,1,0,0,3.0,0,0.1667,0,1,5,2.0,0.0,0.0,0.0,0.4166666666666665,0.0,0.0,0.0,0.0,0,1
4.0,3.0,4.0,5,3.0,0,0.0,1.0,3.0,2.0,1,0,0,0,0,1.0,0,0.0,0,0,3,14.0,0.0,0.7142857142857142,0.0,0.0,0.0,0.0,0.1428571428571428,0.0,0,1
21.5,3.0,5.0,18,7.0,8,0.0,7.5,25.5,29.5,6,5,6,5,0,1.0,3,0.2195,0,1,18,50.5,0.3157894736842105,0.2631578947368421,0.0,0.0,0.0,0.0,0.2105263157894736,0.2105263157894736,0,1
2.0,1.0,0.0,4,3.0,0,0.0,1.0,1.0,0.0,1,0,0,0,0,1.0,0,0.0,0,0,1,11.0,0.0,0.7142857142857142,0.0,0.0,0.0,0.0,0.1818181818181818,0.0,0,1
5.0,2.0,2.0,4,1.0,2,1.0,1.0,5.0,5.0,2,1,1,1,0,1.0,1,0.2,0,1,4,13.0,0.4615384615384615,0.3076923076923077,0.0,0.2307692307692307,0.0,0.0,0.0,0.0,0,1
11.0,2.0,3.0,5,2.0,2,0.0,2.0,9.0,10.0,3,2,2,1,0,1.0,2,0.2222,0,1,8,13.0,0.3846153846153846,0.3076923076923077,0.0,0.0,0.0,0.0,0.1538461538461538,0.0,0,1
2.0,1.0,0.0,2,1.0,2,0.0,5.0,1.0,0.0,1,0,0,0,0,1.0,0,0.0,0,0,1,16.0,0.375,0.0,0.0,0.0,0.0,0.0,0.625,0.0,0,1
4.0,2.0,1.0,2,0.0,0,0.0,0.0,12.0,11.0,1,0,0,0,0,0.0,0,0.0,0,0,4,1.0,0.0,0.0,0.0,0.0,0.0,0.0,0.0,0.357142857142857,0,1
6.0,3.0,2.0,2,0.0,0,0.0,0.0,16.0,15.0,1,0,0,0,0,0.0,0,0.0,0,0,6,1.0,0.0,0.0,0.0,0.0,0.0,0.0,0.0,0.357142857142857,0,1
7.0,3.5,3.0,2,0.0,0,0.0,0.0,20.0,19.0,1,0,0,0,0,0.0,0,0.0,0,0,7,1.0,0.0,0.0,0.0,0.0,0.0,0.0,0.0,0.357142857142857,0,1
4.0,3.5,4.0,2,3.0,0,0.0,1.0,1.0,0.0,1,0,1,1,1,1.0,0,0.6189,1,1,1,14.0,0.0,0.7142857142857142,0.0,0.0,0.0,0.0,0.1428571428571428,0.0,0,1
5.0,3.5,5.0,2,0.0,0,0.0,0.0,2.0,1.0,1,0,1,1,1,1.0,0,0.5,1,1,2,1.0,0.0,0.0,0.0,0.0,0.0,0.0,0.0,0.357142857142857,0,1
21.5,0.0,7.5,18,7.5,10,0.0,7.5,25.5,29.5,6,5,6,3,1,3.5,5,0.2414,1,1,18,50.5,0.2857142857142857,0.3809523809523809,0.0,0.0761904761904762,0.0,0.0,0.1809523809523809,0.0761904761904762,0,1
8.0,0.0,4.0,8,7.5,2,0.0,4.0,11.0,12.0,3,0,2,2,4,0.0,0,0.1818,1,1,7,22.0,0.2727272727272727,0.1818181818181818,0.0,0.0,0.0,0.0,0.3636363636363636,0.1363636363636363,0,1
2.0,0.0,0.0,1,2.0,0,0.0,0.0,1.0,0.0,1,0,0,0,0,0.0,0,0.0,0,0,1,1.0,0.0,0.0,0.0,0.0,0.0,0.0,0.0,0.357142857142857,0,1
12.0,0.0,3.0,10,7.0,2,0.0,4.0,16.0,17.0,3,1,2,2,2,0.0,1,0.125,1,1,10,28.0,0.2142857142857142,0.4285714285714285,0.0,0.0,0.0,0.0,0.2142857142857142,0.1428571428571428,0,1
7.0,1.0,3.0,6,5.0,1,0.0,2.0,8.0,8.0,2,0,1,1,2,1.0,0,0.125,1,1,6,19.0,0.1052631578947368,0.631578947368421,0.0,0.0,0.0,0.0,0.2105263157894736,0.0526315789473684,0,1
7.0,1.0,3.0,5,4.0,1,0.0,2.0,8.0,8.0,2,0,1,1,2,1.0,0,0.125,1,1,6,15.0,0.1333333333333333,0.5333333333333333,0.0,0.0,0.0,0.0,0.2666666666666666,0.0666666666666666,0,1
19.0,1.0,7.0,12,7.5,3,0.0,5.0,25.0,26.0,3,0,3,3,5,1.0,0,0.12,1,1,16,37.0,0.2432432432432432,0.4324324324324324,0.0,0.0,0.0,0.0,0.2162162162162162,0.1081081081081081,0,1
13.0,1.0,4.0,13,5.0,2,0.0,2.0,19.0,20.0,3,1,2,2,2,1.0,1,0.1053,1,1,11,20.0,0.25,0.6,0.0,0.0,0.0,0.0,0.1,0.05,0,1
10.0,1.0,0.0,3,1.0,0,0.0,2.0,9.0,8.0,1,0,0,0,0,0.0,0,0.0,0,0,9,17.0,0.0,0.2352941176470588,0.0,0.0,0.0,0.0,0.2352941176470588,0.357142857142857,0,1
10.0,3.0,2.0,6,0.0,4,0.0,1.0,21.0,22.0,3,2,2,2,0,0.0,2,0.0952,0,1,10,9.0,0.6666666666666666,0.0,0.0,0.0,0.0,0.0,0.3333333333333333,0.0,0,1
21.5,0.0,7.5,18,7.5,10,2.5,7.5,25.5,29.5,6,5,6,5,1,2.0,5,0.2143,1,1,18,50.5,0.1793313069908814,0.4984802431610942,0.0,0.1094224924012158,0.0,0.0,0.060790273556231,0.1306990881458966,0,1
11.0,3.0,2.0,8,0.0,4,0.0,0.0,7.0,6.0,1,3,3,0,0,3.5,3,0.4286,0,1,7,10.0,0.8,0.0,0.0,0.2,0.0,0.0,0.0,0.0,0,1
21.5,3.0,7.5,18,7.5,8,0.0,7.0,25.5,29.5,6,3,6,5,5,0.0,2,0.1231,1,1,18,39.0,0.5897435897435898,0.0,0.0,0.0,0.0,0.0,0.358974358974359,0.0512820512820512,0,1
7.0,1.0,1.0,7,6.0,1,0.0,3.0,7.0,7.0,2,1,1,1,0,1.0,1,0.1429,0,1,4,27.0,0.1111111111111111,0.5925925925925926,0.0,0.0,0.0,0.0,0.2222222222222222,0.0,0,1
9.0,1.0,3.0,6,7.5,2,0.0,4.0,12.0,13.0,3,0,2,2,4,1.0,0,0.1667,1,1,8,27.0,0.1481481481481481,0.4444444444444444,0.0,0.0,0.0,0.0,0.2962962962962963,0.074074074074074,0,1
9.0,0.0,3.0,6,4.0,2,0.0,2.0,12.0,13.0,3,0,2,2,4,1.0,0,0.1667,1,1,8,12.0,0.5,0.0,0.0,0.0,0.0,0.0,0.3333333333333333,0.1666666666666666,0,1
9.0,2.0,3.0,5,2.0,1,0.0,1.0,21.0,21.0,2,1,1,1,0,0.0,1,0.0476,0,1,9,14.0,0.2142857142857142,0.5714285714285714,0.0,0.0,0.0,0.0,0.2142857142857142,0.0,0,1
9.0,1.0,4.0,12,4.0,0,0.0,0.0,9.0,10.0,3,0,1,1,1,1.0,0,0.1111,1,1,8,19.0,0.0,0.7142857142857142,0.0,0.0,0.0,0.0,0.0,0.1578947368421052,0,1
4.0,2.0,1.0,5,0.0,0,0.0,0.0,3.0,2.0,1,0,0,0,0,1.0,0,0.0,0,0,3,2.0,0.0,0.0,0.0,0.0,0.0,0.0,0.0,0.357142857142857,0,1
7.0,3.0,2.0,8,0.0,1,0.0,1.0,5.0,4.0,1,1,1,0,0,0.0,1,0.2,0,1,5,9.0,0.3333333333333333,0.0,0.0,0.0,0.0,0.0,0.2222222222222222,0.357142857142857,0,1
9.0,1.0,4.0,12,4.0,0,0.0,0.0,9.0,10.0,3,0,1,1,1,1.0,0,0.1111,1,1,8,19.0,0.0,0.7142857142857142,0.0,0.0,0.0,0.0,0.0,0.1578947368421052,0,1
16.0,1.0,7.5,15,5.0,1,0.0,1.0,18.0,19.0,3,0,3,3,4,2.0,0,0.1667,1,1,14,20.0,0.15,0.6,0.0,0.0,0.0,0.0,0.1,0.15,0,1
21.0,1.0,7.5,18,6.0,2,0.0,2.0,21.0,25.0,6,2,4,3,3,1.0,2,0.1905,1,1,18,32.0,0.1875,0.5,0.0,0.0625,0.0,0.0,0.125,0.125,0,1
2.0,2.0,1.0,1,2.0,0,0.0,0.0,1.0,0.0,1,0,0,0,0,1.0,0,0.0,0,0,1,8.0,0.0,0.7142857142857142,0.0,0.0,0.0,0.0,0.0,0.0,0,1
2.0,0.0,0.0,1,0.0,1,0.0,3.0,1.0,0.0,1,0,0,0,0,1.0,0,0.0,0,0,1,9.0,0.3333333333333333,0.0,0.0,0.0,0.0,0.0,0.6666666666666666,0.0,0,1
2.0,0.0,0.0,2,2.0,0,0.0,0.0,1.0,0.0,1,0,0,0,0,1.0,0,0.0,0,0,1,8.0,0.0,0.7142857142857142,0.0,0.0,0.0,0.0,0.0,0.0,0,1
9.0,1.0,3.0,8,2.0,2,1.0,1.0,10.0,11.0,3,2,3,2,2,2.0,2,0.3,1,1,8,17.0,0.2352941176470588,0.0,0.0,0.3529411764705882,0.0,0.0,0.3529411764705882,0.0588235294117647,0,1
3.0,2.0,2.0,5,3.0,1,0.0,1.0,4.0,4.0,2,0,1,1,2,0.0,0,0.25,1,1,2,10.0,0.3,0.4,0.0,0.0,0.0,0.0,0.2,0.1,0,1
4.0,3.0,2.0,6,0.0,0,0.0,0.0,1.0,0.0,1,0,0,0,0,0.0,0,0.0,0,0,1,1.0,0.0,0.0,0.0,0.0,0.0,0.0,0.0,0.357142857142857,0,1
6.0,0.0,2.0,7,3.0,2,0.0,3.0,7.0,7.0,2,1,2,1,2,2.0,1,0.2857,1,1,5,20.0,0.3,0.2,0.0,0.0,0.0,0.0,0.5,0.0,0,1
2.0,0.0,0.0,2,1.0,0,0.0,1.0,1.0,0.0,1,0,0,0,0,1.0,0,0.0,0,0,1,6.0,0.0,0.6666666666666666,0.0,0.0,0.0,0.0,0.3333333333333333,0.0,0,1
18.0,3.5,4.0,10,3.0,3,0.0,2.0,25.5,29.0,1,0,0,0,0,0.0,0,0.0,0,0,15,22.0,0.0454545454545454,0.5454545454545454,0.0,0.0909090909090909,0.0,0.0,0.1818181818181818,0.1363636363636363,0,1
21.5,0.0,7.5,18,7.5,10,0.0,7.5,25.5,29.5,6,4,6,5,5,1.0,2,0.2812,1,1,18,50.5,0.2784810126582278,0.2531645569620253,0.0,0.0253164556962025,0.0,0.0,0.3544303797468354,0.0886075949367088,0,1
21.5,0.0,6.0,18,5.0,10,1.0,7.5,20.0,23.0,5,3,4,2,2,1.0,3,0.2,1,1,18,50.5,0.2372881355932203,0.135593220338983,0.0,0.1694915254237288,0.0,0.0,0.3728813559322034,0.0847457627118644,0,1
5.0,1.0,0.0,4,0.0,8,0.0,0.0,5.0,5.0,2,0,1,1,2,1.0,0,0.2,1,1,4,1.0,0.0,0.0,0.0,0.0,0.0,0.0,0.0,0.357142857142857,0,1
6.0,1.0,1.0,4,2.0,1,0.0,1.0,6.0,7.0,3,1,2,1,2,1.0,0,0.3333,1,1,5,4.0,0.25,0.0,0.0,0.0,0.0,0.0,0.5,0.25,0,1
21.5,1.0,7.5,18,7.5,7,1.0,7.5,25.5,29.5,6,5,6,5,2,1.0,5,0.2188,1,1,18,50.5,0.0794701986754966,0.3973509933774834,0.0,0.0927152317880794,0.0,0.0,0.3443708609271523,0.086092715231788,0,1
13.0,0.0,3.0,17,7.5,4,0.0,7.5,18.0,22.0,6,2,5,5,5,0.0,2,0.2778,1,1,12,29.0,0.4137931034482758,0.0,0.0,0.0689655172413793,0.0,0.0,0.2758620689655172,0.2413793103448276,0,1
2.0,2.0,0.0,3,0.0,0,0.0,1.0,1.0,0.0,1,0,0,0,0,0.0,0,0.0,0,0,1,3.0,0.0,0.0,0.0,0.0,0.0,0.0,0.6666666666666666,0.3333333333333333,0,1
2.0,0.0,0.0,2,1.0,0,0.0,0.0,1.0,0.0,1,0,0,0,0,1.0,0,0.0,0,0,1,4.0,0.0,0.7142857142857142,0.0,0.0,0.0,0.0,0.0,0.0,0,1
5.0,1.0,1.0,3,0.0,0,0.0,1.0,5.0,5.0,2,0,1,1,2,1.0,0,0.2,1,1,4,3.0,0.0,0.0,0.0,0.0,0.0,0.0,0.6666666666666666,0.3333333333333333,0,1
7.0,1.0,0.0,13,3.0,1,0.0,3.0,3.0,2.0,1,1,1,0,0,2.0,1,0.3333,0,1,3,13.0,0.2307692307692307,0.3076923076923077,0.0,0.0,0.0,0.0,0.4615384615384615,0.0,0,1
15.0,1.0,1.0,7,0.0,7,2.5,0.0,6.0,5.0,1,2,3,1,1,3.0,2,0.5,1,1,6,50.5,0.3461538461538461,0.0,0.0,0.4166666666666665,0.0,0.0,0.0384615384615384,0.0,0,1
4.0,1.0,0.0,3,0.0,0,0.0,0.0,2.0,1.0,1,0,0,0,0,0.0,0,0.0,0,0,2,2.0,0.0,0.0,0.0,0.0,0.0,0.0,0.0,0.357142857142857,0,1
4.0,1.0,0.0,3,0.0,0,0.0,1.0,2.0,1.0,1,0,0,0,0,0.0,0,0.0,0,0,2,2.0,0.0,0.0,0.0,0.0,0.0,0.0,0.0,0.357142857142857,0,1
2.0,1.0,0.0,2,1.0,0,0.0,2.0,8.0,7.0,1,0,0,0,0,0.0,0,0.0,0,0,2,4.0,0.0,0.0,0.0,0.0,0.0,0.0,0.9375,0.0,0,1
2.0,0.0,0.0,2,1.0,0,0.0,2.0,6.0,5.0,1,0,0,0,0,0.0,0,0.0,0,0,2,4.0,0.0,0.0,0.0,0.0,0.0,0.0,0.9375,0.0,0,1
21.5,3.0,6.0,16,1.0,5,0.0,5.0,25.5,29.5,6,5,6,2,1,1.0,5,0.2308,1,1,18,38.0,0.3947368421052631,0.1052631578947368,0.0,0.0,0.0,0.0,0.2631578947368421,0.2368421052631578,0,1
21.5,3.5,6.0,18,3.0,6,0.0,6.0,25.5,27.0,2,5,6,3,3,3.5,5,0.3333,1,1,18,47.0,0.3829787234042553,0.2553191489361702,0.0,0.0,0.0,0.0,0.2553191489361702,0.1063829787234042,0,1
21.5,3.5,7.5,18,7.5,10,2.0,7.5,25.5,29.5,6,5,6,5,1,2.0,5,0.2105,1,1,18,50.5,0.1784386617100371,0.550185873605948,0.0,0.0297397769516728,0.0,0.0,0.1338289962825278,0.1003717472118959,0,1
16.0,0.0,4.0,18,0.0,0,0.0,1.0,15.0,15.0,2,0,2,2,2,1.0,0,0.1333,1,1,15,9.0,0.0,0.0,0.0,0.0,0.0,0.0,0.0,0.357142857142857,0,1
10.0,1.0,2.0,8,0.0,1,0.0,1.0,10.0,10.0,2,2,3,2,1,2.0,2,0.3,1,1,8,4.0,0.25,0.0,0.0,0.0,0.0,0.0,0.5,0.25,0,1
5.0,1.0,1.0,5,1.0,1,0.0,1.0,4.0,3.0,1,1,1,0,0,2.0,1,0.25,0,1,4,9.0,0.3333333333333333,0.4444444444444444,0.0,0.0,0.0,0.0,0.2222222222222222,0.0,0,1
5.0,1.0,1.0,5,1.0,1,0.0,1.0,4.0,3.0,1,1,1,0,0,2.0,1,0.25,0,1,4,9.0,0.3333333333333333,0.4444444444444444,0.0,0.0,0.0,0.0,0.2222222222222222,0.0,0,1
2.0,1.0,0.0,2,0.0,2,0.0,0.0,1.0,0.0,1,0,1,1,1,0.0,0,0.6189,1,1,1,1.0,0.0,0.0,0.0,0.0,0.0,0.0,0.0,0.357142857142857,0,1
2.0,1.0,0.0,3,0.0,0,0.0,0.0,1.0,0.0,1,0,1,1,1,0.0,0,0.6189,1,1,1,1.0,0.0,0.0,0.0,0.0,0.0,0.0,0.0,0.357142857142857,0,1
2.0,1.0,0.0,4,0.0,0,0.0,0.0,1.0,0.0,1,0,1,1,1,0.0,0,0.6189,1,1,1,1.0,0.0,0.0,0.0,0.0,0.0,0.0,0.0,0.357142857142857,0,1
2.0,1.0,0.0,3,0.0,0,0.0,0.0,1.0,0.0,1,0,1,1,1,0.0,0,0.6189,1,1,1,1.0,0.0,0.0,0.0,0.0,0.0,0.0,0.0,0.357142857142857,0,1
2.0,1.0,0.0,3,0.0,0,0.0,0.0,1.0,0.0,1,0,1,1,1,0.0,0,0.6189,1,1,1,1.0,0.0,0.0,0.0,0.0,0.0,0.0,0.0,0.357142857142857,0,1
2.0,0.0,0.0,2,0.0,0,0.0,0.0,1.0,0.0,1,0,1,1,1,0.0,0,0.6189,1,1,1,1.0,0.0,0.0,0.0,0.0,0.0,0.0,0.0,0.357142857142857,0,1
6.0,0.0,2.0,7,0.0,0,0.0,1.0,5.0,5.0,2,0,1,1,1,1.0,0,0.2,1,1,5,3.0,0.0,0.0,0.0,0.0,0.0,0.0,0.6666666666666666,0.3333333333333333,0,1
21.5,1.0,5.0,18,0.0,6,0.0,7.0,25.0,26.0,3,5,6,4,2,3.5,5,0.36,1,1,18,31.0,0.4516129032258064,0.0,0.0,0.0,0.0,0.0,0.4516129032258064,0.0967741935483871,0,1
4.0,2.0,1.0,2,0.0,0,0.0,0.0,12.0,11.0,1,0,0,0,0,0.0,0,0.0,0,0,4,1.0,0.0,0.0,0.0,0.0,0.0,0.0,0.0,0.357142857142857,0,1
6.0,3.0,2.0,2,0.0,0,0.0,0.0,16.0,15.0,1,0,0,0,0,0.0,0,0.0,0,0,6,1.0,0.0,0.0,0.0,0.0,0.0,0.0,0.0,0.357142857142857,0,1
7.0,3.5,3.0,2,0.0,0,0.0,0.0,20.0,19.0,1,0,0,0,0,0.0,0,0.0,0,0,7,1.0,0.0,0.0,0.0,0.0,0.0,0.0,0.0,0.357142857142857,0,1
4.0,3.5,4.0,2,3.0,0,0.0,1.0,1.0,0.0,1,0,1,1,1,1.0,0,0.6189,1,1,1,14.0,0.0,0.7142857142857142,0.0,0.0,0.0,0.0,0.1428571428571428,0.0,0,1
5.0,3.5,5.0,2,0.0,0,0.0,0.0,2.0,1.0,1,0,1,1,1,1.0,0,0.5,1,1,2,1.0,0.0,0.0,0.0,0.0,0.0,0.0,0.0,0.357142857142857,0,1
21.5,0.0,7.5,18,7.5,10,0.0,7.5,25.5,29.5,6,5,6,4,1,3.5,5,0.2459,1,1,18,50.5,0.3055555555555556,0.3703703703703703,0.0,0.074074074074074,0.0,0.0,0.1759259259259259,0.074074074074074,0,1
5.0,3.0,1.0,3,0.0,2,0.0,0.0,16.0,15.0,1,0,0,0,0,0.0,0,0.0,0,0,5,1.0,0.0,0.0,0.0,0.0,0.0,0.0,0.0,0.357142857142857,0,1
4.0,1.0,0.0,3,0.0,2,1.0,4.0,8.0,8.0,2,1,1,1,0,0.0,1,0.125,0,1,3,18.0,0.3333333333333333,0.0,0.0,0.1666666666666666,0.0,0.0,0.4444444444444444,0.0555555555555555,0,1
3.0,2.0,1.0,3,0.0,0,0.0,0.0,11.0,10.0,1,0,0,0,0,0.0,0,0.0,0,0,3,1.0,0.0,0.0,0.0,0.0,0.0,0.0,0.0,0.357142857142857,0,1
8.0,0.0,3.0,13,4.0,3,0.0,1.0,9.0,9.0,2,0,1,1,2,1.0,0,0.1111,1,1,7,15.0,0.2,0.5333333333333333,0.0,0.0,0.0,0.0,0.1333333333333333,0.1333333333333333,0,1
4.0,3.0,1.0,3,0.0,0,0.0,0.0,2.0,1.0,1,0,1,1,1,0.0,0,0.5,1,1,2,2.0,0.0,0.0,0.0,0.0,0.0,0.0,0.0,0.357142857142857,0,1
10.0,1.0,0.0,4,1.0,4,0.0,1.0,14.0,13.0,1,0,0,0,0,0.0,0,0.0,0,0,10,11.0,0.0,0.0,0.0,0.0,0.0,0.0,0.2727272727272727,0.357142857142857,0,1
8.0,2.0,3.0,10,2.0,1,0.0,1.0,9.0,8.0,1,1,1,0,0,0.0,1,0.1111,0,1,5,14.0,0.2142857142857142,0.5714285714285714,0.0,0.0,0.0,0.0,0.2142857142857142,0.0,0,1
2.0,1.0,0.0,2,0.0,1,0.0,1.0,1.0,0.0,1,0,0,0,0,0.0,0,0.0,0,0,1,6.0,0.5,0.0,0.0,0.0,0.0,0.0,0.3333333333333333,0.1666666666666666,0,1
2.0,1.0,0.0,2,0.0,0,0.0,0.0,1.0,0.0,1,0,0,0,0,0.0,0,0.0,0,0,1,1.0,0.0,0.0,0.0,0.0,0.0,0.0,0.0,0.357142857142857,0,1
2.0,0.0,0.0,2,0.0,0,0.0,0.0,1.0,0.0,1,0,0,0,0,0.0,0,0.0,0,0,1,1.0,0.0,0.0,0.0,0.0,0.0,0.0,0.0,0.357142857142857,0,1
7.0,3.5,3.0,3,0.0,0,0.0,1.0,1.0,0.0,1,0,1,1,1,0.0,0,0.6189,1,1,1,3.0,0.0,0.0,0.0,0.0,0.0,0.0,0.6666666666666666,0.3333333333333333,0,1
7.0,3.5,4.0,3,0.0,0,0.0,0.0,1.0,0.0,1,0,0,0,0,0.0,0,0.0,0,0,1,1.0,0.0,0.0,0.0,0.0,0.0,0.0,0.0,0.357142857142857,0,1
5.0,0.0,0.0,5,0.0,6,0.0,0.0,5.0,5.0,2,0,1,1,2,1.0,0,0.2,1,1,4,1.0,0.0,0.0,0.0,0.0,0.0,0.0,0.0,0.357142857142857,0,1
2.0,0.0,0.0,2,0.0,0,0.0,0.0,1.0,0.0,1,0,0,0,0,0.0,0,0.0,0,0,1,1.0,0.0,0.0,0.0,0.0,0.0,0.0,0.0,0.357142857142857,0,1
7.0,3.0,1.0,8,0.0,0,0.0,0.0,8.0,9.0,3,0,2,2,4,0.0,0,0.25,1,1,6,5.0,0.0,0.0,0.0,0.0,0.0,0.0,0.2,0.357142857142857,0,1
2.0,1.0,0.0,1,0.0,0,0.0,0.0,1.0,0.0,1,0,0,0,0,0.0,0,0.0,0,0,1,1.0,0.0,0.0,0.0,0.0,0.0,0.0,0.0,0.357142857142857,0,1
14.0,3.5,4.0,16,0.0,2,0.0,2.0,20.0,21.0,3,2,3,3,1,1.0,2,0.15,1,1,10,14.0,0.4285714285714285,0.0,0.0,0.0,0.0,0.0,0.2857142857142857,0.2857142857142857,0,1
21.5,3.5,7.5,18,3.0,8,2.5,7.0,25.5,29.5,6,5,6,5,5,3.0,4,0.2281,1,1,18,50.5,0.0,0.0,0.0,0.3943661971830985,0.0,0.0,0.2394366197183098,0.3380281690140845,0,1
7.0,3.0,2.0,5,0.0,1,0.0,1.0,17.0,17.0,2,1,1,1,0,0.0,1,0.0588,0,1,7,9.0,0.3333333333333333,0.0,0.0,0.0,0.0,0.0,0.2222222222222222,0.357142857142857,0,1
11.0,1.0,1.0,8,5.0,3,1.0,3.0,7.0,8.0,3,2,2,1,0,1.0,2,0.2857,0,1,7,31.0,0.2580645161290322,0.3870967741935484,0.0,0.0967741935483871,0.0,0.0,0.1935483870967742,0.0,0,1
6.0,1.0,0.0,4,1.0,2,0.0,4.0,5.0,4.0,1,2,2,0,0,3.0,2,0.4,0,1,5,17.0,0.2941176470588235,0.2352941176470588,0.0,0.0,0.0,0.0,0.4705882352941176,0.0,0,1
2.0,1.0,0.0,2,1.0,0,0.0,1.0,1.0,0.0,1,0,0,0,0,1.0,0,0.0,0,0,1,6.0,0.0,0.6666666666666666,0.0,0.0,0.0,0.0,0.3333333333333333,0.0,0,1
7.0,0.0,0.0,7,3.0,0,0.0,7.5,9.0,8.0,1,0,0,0,0,0.0,0,0.0,0,0,7,16.0,0.0,0.0,0.0,0.0,0.0,0.0,0.625,0.357142857142857,0,1
2.0,1.0,0.0,1,0.0,0,0.0,0.0,1.0,0.0,1,0,0,0,0,0.0,0,0.0,0,0,1,1.0,0.0,0.0,0.0,0.0,0.0,0.0,0.0,0.357142857142857,0,1
2.0,1.0,0.0,1,0.0,0,0.0,0.0,1.0,0.0,1,0,0,0,0,0.0,0,0.0,0,0,1,1.0,0.0,0.0,0.0,0.0,0.0,0.0,0.0,0.357142857142857,0,1
2.0,1.0,0.0,1,0.0,0,0.0,0.0,1.0,0.0,1,0,0,0,0,0.0,0,0.0,0,0,1,1.0,0.0,0.0,0.0,0.0,0.0,0.0,0.0,0.357142857142857,0,1
2.0,1.0,0.0,1,0.0,0,0.0,0.0,1.0,0.0,1,0,0,0,0,0.0,0,0.0,0,0,1,1.0,0.0,0.0,0.0,0.0,0.0,0.0,0.0,0.357142857142857,0,1
21.5,0.0,7.5,18,7.5,10,2.5,7.5,25.5,29.5,6,5,6,5,5,3.0,5,0.1914,1,1,18,50.5,0.2395604395604395,0.3164835164835164,0.0,0.0747252747252747,0.0,0.0,0.2461538461538461,0.1164835164835164,0,1
21.5,0.0,7.5,18,7.5,10,1.0,7.5,25.5,29.5,6,3,6,5,5,1.0,2,0.1864,1,1,18,50.5,0.2644628099173554,0.3636363636363636,0.0,0.0330578512396694,0.0,0.0,0.1983471074380165,0.1322314049586777,0,1
9.0,1.0,5.0,4,7.5,3,0.0,2.0,14.0,16.0,4,0,3,3,5,0.0,0,0.2143,1,1,8,24.0,0.375,0.3333333333333333,0.0,0.0,0.0,0.0,0.1666666666666666,0.125,0,1
21.5,3.5,7.5,18,7.5,10,2.5,7.5,25.5,29.5,6,5,6,5,5,2.0,5,0.2016,1,1,18,50.5,0.2434782608695652,0.3826086956521739,0.0,0.0347826086956521,0.0,0.0,0.2376811594202898,0.1014492753623188,0,1
21.5,3.5,7.5,18,7.5,10,1.0,7.5,25.5,29.5,6,5,6,5,5,0.0,3,0.2143,1,1,18,50.5,0.1910569105691057,0.5365853658536586,0.0,0.016260162601626,0.0,0.0,0.1788617886178861,0.0691056910569105,0,1
16.0,0.0,2.0,18,0.0,5,0.0,1.0,15.0,15.0,2,0,2,2,2,1.0,0,0.1333,1,1,15,9.0,0.0,0.0,0.0,0.0,0.0,0.0,0.0,0.357142857142857,0,1
10.0,1.0,2.0,8,0.0,3,0.0,1.0,10.0,10.0,2,2,3,2,1,2.0,2,0.3,1,1,8,4.0,0.25,0.0,0.0,0.0,0.0,0.0,0.5,0.25,0,1
5.0,1.0,1.0,5,1.0,3,0.0,1.0,4.0,3.0,1,1,1,0,0,2.0,1,0.25,0,1,4,9.0,0.3333333333333333,0.4444444444444444,0.0,0.0,0.0,0.0,0.2222222222222222,0.0,0,1
5.0,1.0,1.0,5,1.0,3,0.0,1.0,4.0,3.0,1,1,1,0,0,2.0,1,0.25,0,1,4,9.0,0.3333333333333333,0.4444444444444444,0.0,0.0,0.0,0.0,0.2222222222222222,0.0,0,1
14.0,1.0,1.0,15,1.0,5,0.0,3.0,17.0,18.0,3,2,2,2,0,0.0,2,0.1176,0,1,11,12.0,0.0833333333333333,0.3333333333333333,0.0,0.0,0.0,0.0,0.3333333333333333,0.25,0,1
2.0,1.0,0.0,3,0.0,0,0.0,0.0,1.0,0.0,1,0,1,1,1,0.0,0,0.6189,1,1,1,1.0,0.0,0.0,0.0,0.0,0.0,0.0,0.0,0.357142857142857,0,1
2.0,1.0,0.0,4,0.0,0,0.0,0.0,1.0,0.0,1,0,1,1,1,0.0,0,0.6189,1,1,1,1.0,0.0,0.0,0.0,0.0,0.0,0.0,0.0,0.357142857142857,0,1
2.0,1.0,0.0,3,0.0,0,0.0,0.0,1.0,0.0,1,0,1,1,1,0.0,0,0.6189,1,1,1,1.0,0.0,0.0,0.0,0.0,0.0,0.0,0.0,0.357142857142857,0,1
2.0,1.0,0.0,3,0.0,0,0.0,0.0,1.0,0.0,1,0,1,1,1,0.0,0,0.6189,1,1,1,1.0,0.0,0.0,0.0,0.0,0.0,0.0,0.0,0.357142857142857,0,1
2.0,0.0,0.0,2,0.0,0,0.0,0.0,1.0,0.0,1,0,1,1,1,0.0,0,0.6189,1,1,1,1.0,0.0,0.0,0.0,0.0,0.0,0.0,0.0,0.357142857142857,0,1
6.0,0.0,1.0,7,0.0,2,0.0,1.0,5.0,5.0,2,0,1,1,1,1.0,0,0.2,1,1,5,3.0,0.0,0.0,0.0,0.0,0.0,0.0,0.6666666666666666,0.3333333333333333,0,1
21.5,1.0,2.0,18,0.0,10,0.0,7.0,25.0,26.0,3,5,6,4,2,3.5,5,0.36,1,1,18,31.0,0.4516129032258064,0.0,0.0,0.0,0.0,0.0,0.4516129032258064,0.0967741935483871,0,1
14.0,1.0,1.0,8,0.0,4,0.0,0.0,13.0,13.0,2,5,6,2,1,3.5,5,0.4615,1,1,13,11.0,0.2727272727272727,0.0,0.0,0.1818181818181818,0.0,0.0,0.5454545454545454,0.0,0,1
2.0,0.0,0.0,2,0.0,0,0.0,1.0,5.0,4.0,1,0,0,0,0,0.0,0,0.0,0,0,2,2.0,0.0,0.0,0.0,0.0,0.0,0.0,0.9375,0.0,0,1
4.0,1.0,0.0,2,0.0,0,0.0,0.0,14.0,13.0,1,0,0,0,0,0.0,0,0.0,0,0,4,1.0,0.0,0.0,0.0,0.0,0.0,0.0,0.9375,0.0,0,1
15.0,3.5,7.5,3,0.0,3,0.0,0.0,25.5,29.5,1,0,0,0,0,0.0,0,0.0,0,0,15,10.0,0.1,0.0,0.0,0.0,0.0,0.0,0.0,0.357142857142857,0,1
21.5,0.0,7.5,18,7.5,10,2.5,7.5,25.5,29.5,6,5,6,5,5,1.0,5,0.2449,1,1,18,50.5,0.2447552447552447,0.3076923076923077,0.0,0.1258741258741259,0.0,0.0,0.2097902097902098,0.0979020979020979,0,1
21.5,0.0,7.5,18,7.5,9,2.0,7.5,25.5,29.5,6,5,6,5,5,0.0,5,0.2333,1,1,18,50.5,0.1979166666666666,0.1666666666666666,0.0,0.1458333333333333,0.0,0.0,0.40625,0.0833333333333333,0,1
21.5,1.0,7.5,18,7.5,6,0.0,7.5,25.5,29.5,5,1,4,4,5,0.0,1,0.0784,1,1,18,50.5,0.0280172413793103,0.603448275862069,0.0,0.0,0.0,0.0,0.2909482758620689,0.0754310344827586,0,1
4.0,2.0,1.0,2,4.0,1,0.0,4.0,5.0,5.0,2,0,1,1,2,0.0,0,0.2,1,1,3,21.0,0.1428571428571428,0.3809523809523809,0.0,0.0,0.0,0.0,0.3809523809523809,0.0952380952380952,0,1
6.0,2.0,3.0,5,4.0,2,0.0,2.0,9.0,10.0,3,0,2,2,4,1.0,0,0.2222,1,1,5,12.0,0.5,0.0,0.0,0.0,0.0,0.0,0.4166666666666667,0.0833333333333333,0,1
6.0,2.0,3.0,10,5.0,2,0.0,2.0,9.0,10.0,3,0,2,2,4,1.0,0,0.2222,1,1,5,16.0,0.375,0.25,0.0,0.0,0.0,0.0,0.3125,0.0625,0,1
3.0,3.5,4.0,5,2.0,1,0.0,1.0,4.0,4.0,2,0,1,1,2,0.0,0,0.25,1,1,2,6.0,0.5,0.0,0.0,0.0,0.0,0.0,0.3333333333333333,0.1666666666666666,0,1
9.0,1.0,2.0,5,4.0,2,0.0,2.0,12.0,13.0,3,0,2,2,4,1.0,0,0.1667,1,1,8,11.0,0.3636363636363636,0.0,0.0,0.0,0.0,0.0,0.3636363636363636,0.2727272727272727,0,1
6.0,2.0,3.0,7,4.0,2,0.0,2.0,9.0,10.0,3,0,2,2,4,1.0,0,0.2222,1,1,5,11.0,0.4545454545454545,0.0,0.0,0.0,0.0,0.0,0.4545454545454545,0.0909090909090909,0,1
13.0,2.0,2.0,15,7.5,1,0.0,7.5,7.0,7.0,2,1,1,1,0,1.0,1,0.1429,0,1,7,50.5,0.0309278350515463,0.7010309278350515,0.0,0.0206185567010309,0.0,0.0,0.2061855670103092,0.0412371134020618,0,1
21.5,3.5,7.5,18,7.5,2,0.0,7.5,25.5,29.5,4,3,3,2,0,0.0,3,0.1,0,1,18,50.5,0.0425531914893617,0.5531914893617021,0.0,0.0283687943262411,0.0,0.0,0.3120567375886525,0.0638297872340425,0,1
6.0,1.0,2.0,10,4.0,2,0.0,2.0,9.0,10.0,3,0,3,3,5,1.0,0,0.3333,1,1,5,12.0,0.5,0.0,0.0,0.0,0.0,0.0,0.4166666666666667,0.0833333333333333,0,1
6.0,1.0,2.0,3,2.0,2,0.0,1.0,7.0,8.0,3,1,2,2,2,1.0,1,0.2857,1,1,5,8.0,0.625,0.0,0.0,0.0,0.0,0.0,0.25,0.125,0,1
6.0,1.0,2.0,3,3.0,2,0.0,1.0,7.0,8.0,3,1,2,2,2,1.0,1,0.2857,1,1,5,9.0,0.5555555555555556,0.0,0.0,0.0,0.0,0.0,0.2222222222222222,0.1111111111111111,0,1
8.0,1.0,4.0,7,5.0,3,0.0,2.0,11.0,13.0,4,1,3,3,4,1.0,1,0.2727,1,1,7,15.0,0.6,0.0,0.0,0.0,0.0,0.0,0.2666666666666666,0.0666666666666666,0,1
8.0,1.0,4.0,7,4.0,3,0.0,2.0,11.0,13.0,4,1,3,3,4,1.0,1,0.2727,1,1,7,14.0,0.6428571428571429,0.0,0.0,0.0,0.0,0.0,0.2857142857142857,0.0714285714285714,0,1
8.0,3.0,5.0,3,5.0,1,0.0,4.0,9.0,9.0,2,0,1,1,2,1.0,0,0.1111,1,1,7,26.0,0.1153846153846153,0.4615384615384615,0.0,0.0,0.0,0.0,0.3461538461538461,0.0769230769230769,0,1
6.0,1.0,2.0,10,4.0,2,0.0,2.0,9.0,10.0,3,0,3,3,5,1.0,0,0.3333,1,1,5,12.0,0.5,0.0,0.0,0.0,0.0,0.0,0.4166666666666667,0.0833333333333333,0,1
7.0,1.0,3.0,9,5.0,2,0.0,2.0,10.0,11.0,3,0,2,2,4,1.0,0,0.2,1,1,6,16.0,0.375,0.25,0.0,0.0,0.0,0.0,0.3125,0.0625,0,1
6.0,2.0,2.0,4,2.0,2,0.0,2.0,7.0,8.0,3,1,2,2,2,1.0,1,0.2857,1,1,5,12.0,0.5,0.0,0.0,0.0,0.0,0.0,0.4166666666666667,0.0833333333333333,0,1
5.0,2.0,2.0,4,2.0,1,0.0,2.0,6.0,6.0,2,0,1,1,2,1.0,0,0.1667,1,1,4,9.0,0.3333333333333333,0.0,0.0,0.0,0.0,0.0,0.5555555555555556,0.1111111111111111,0,1
8.0,3.0,6.0,7,7.5,2,0.0,2.0,11.0,12.0,3,0,2,2,4,1.0,0,0.1818,1,1,7,36.0,0.1666666666666666,0.6666666666666666,0.0,0.0,0.0,0.0,0.1388888888888889,0.0277777777777777,0,1
11.0,1.0,2.0,14,4.0,3,0.0,6.0,13.0,14.0,3,1,3,2,4,2.0,1,0.2308,1,1,9,25.0,0.36,0.0,0.0,0.0,0.0,0.0,0.56,0.08,0,1
5.0,1.0,1.0,2,4.0,1,0.0,2.0,6.0,6.0,2,0,1,1,2,1.0,0,0.1667,1,1,4,15.0,0.1333333333333333,0.5333333333333333,0.0,0.0,0.0,0.0,0.2666666666666666,0.0666666666666666,0,1
8.0,1.0,3.0,8,4.0,2,0.0,5.0,11.0,12.0,3,0,2,2,4,1.0,0,0.1818,1,1,7,19.0,0.3157894736842105,0.0,0.0,0.0,0.0,0.0,0.5789473684210527,0.1052631578947368,0,1
6.0,2.0,3.0,10,5.0,2,0.0,2.0,9.0,10.0,3,0,2,2,4,1.0,0,0.2222,1,1,5,16.0,0.375,0.25,0.0,0.0,0.0,0.0,0.3125,0.0625,0,1
5.0,1.0,1.0,2,2.0,1,0.0,1.0,6.0,6.0,2,0,1,1,2,1.0,0,0.1667,1,1,4,5.0,0.4,0.0,0.0,0.0,0.0,0.0,0.4,0.2,0,1
21.5,1.0,4.0,18,7.5,6,1.0,7.5,22.0,25.0,5,4,5,4,2,0.0,3,0.2273,1,1,18,50.5,0.1525423728813559,0.4067796610169492,0.0,0.0338983050847457,0.0,0.0,0.3050847457627119,0.1016949152542373,0,1
6.0,2.0,3.0,9,5.0,3,0.0,3.0,9.0,10.0,3,0,2,2,4,1.0,0,0.2222,1,1,5,21.0,0.4285714285714285,0.1904761904761904,0.0,0.0,0.0,0.0,0.3333333333333333,0.0476190476190476,0,1
2.0,0.0,0.0,2,0.0,0,0.0,1.0,5.0,4.0,1,0,0,0,0,0.0,0,0.0,0,0,2,2.0,0.0,0.0,0.0,0.0,0.0,0.0,0.9375,0.0,0,1
4.0,1.0,0.0,2,0.0,0,0.0,0.0,14.0,13.0,1,0,0,0,0,0.0,0,0.0,0,0,4,1.0,0.0,0.0,0.0,0.0,0.0,0.0,0.9375,0.0,0,1
15.0,3.5,7.5,3,0.0,3,0.0,0.0,25.5,29.5,1,0,0,0,0,0.0,0,0.0,0,0,15,10.0,0.1,0.0,0.0,0.0,0.0,0.0,0.0,0.357142857142857,0,1
21.5,0.0,7.5,18,7.5,10,2.5,7.5,25.5,29.5,6,5,6,5,5,1.0,5,0.2449,1,1,18,50.5,0.2447552447552447,0.3076923076923077,0.0,0.1258741258741259,0.0,0.0,0.2097902097902098,0.0979020979020979,0,1
21.5,0.0,5.0,18,7.5,8,2.0,7.5,25.5,29.5,6,5,6,5,5,0.0,5,0.2353,1,1,18,50.5,0.2394366197183098,0.1126760563380281,0.0,0.1690140845070422,0.0,0.0,0.3943661971830985,0.0845070422535211,0,1
21.5,1.0,7.5,18,7.5,6,0.0,7.5,25.5,29.5,5,1,4,4,5,0.0,1,0.0784,1,1,18,50.5,0.0280172413793103,0.603448275862069,0.0,0.0,0.0,0.0,0.2909482758620689,0.0754310344827586,0,1
4.0,2.0,1.0,2,4.0,1,0.0,4.0,5.0,5.0,2,0,1,1,2,0.0,0,0.2,1,1,3,21.0,0.1428571428571428,0.3809523809523809,0.0,0.0,0.0,0.0,0.3809523809523809,0.0952380952380952,0,1
6.0,2.0,3.0,5,4.0,2,0.0,2.0,9.0,10.0,3,0,2,2,4,1.0,0,0.2222,1,1,5,12.0,0.5,0.0,0.0,0.0,0.0,0.0,0.4166666666666667,0.0833333333333333,0,1
6.0,2.0,3.0,10,5.0,2,0.0,2.0,9.0,10.0,3,0,2,2,4,1.0,0,0.2222,1,1,5,16.0,0.375,0.25,0.0,0.0,0.0,0.0,0.3125,0.0625,0,1
3.0,3.5,4.0,5,2.0,1,0.0,1.0,4.0,4.0,2,0,1,1,2,0.0,0,0.25,1,1,2,6.0,0.5,0.0,0.0,0.0,0.0,0.0,0.3333333333333333,0.1666666666666666,0,1
9.0,1.0,2.0,5,4.0,2,0.0,2.0,12.0,13.0,3,0,2,2,4,1.0,0,0.1667,1,1,8,11.0,0.3636363636363636,0.0,0.0,0.0,0.0,0.0,0.3636363636363636,0.2727272727272727,0,1
6.0,2.0,3.0,7,4.0,2,0.0,2.0,9.0,10.0,3,0,2,2,4,1.0,0,0.2222,1,1,5,11.0,0.4545454545454545,0.0,0.0,0.0,0.0,0.0,0.4545454545454545,0.0909090909090909,0,1
13.0,2.0,2.0,15,7.5,1,0.0,7.5,7.0,7.0,2,1,1,1,0,1.0,1,0.1429,0,1,7,50.5,0.0309278350515463,0.7010309278350515,0.0,0.0206185567010309,0.0,0.0,0.2061855670103092,0.0412371134020618,0,1
21.5,3.5,7.5,18,7.5,2,0.0,7.5,25.5,29.5,4,3,3,2,0,0.0,3,0.1,0,1,18,50.5,0.0425531914893617,0.5531914893617021,0.0,0.0283687943262411,0.0,0.0,0.3120567375886525,0.0638297872340425,0,1
6.0,1.0,2.0,10,4.0,2,0.0,2.0,9.0,10.0,3,0,3,3,5,1.0,0,0.3333,1,1,5,12.0,0.5,0.0,0.0,0.0,0.0,0.0,0.4166666666666667,0.0833333333333333,0,1
6.0,1.0,2.0,3,2.0,2,0.0,1.0,7.0,8.0,3,1,2,2,2,1.0,1,0.2857,1,1,5,8.0,0.625,0.0,0.0,0.0,0.0,0.0,0.25,0.125,0,1
6.0,1.0,2.0,3,3.0,2,0.0,1.0,7.0,8.0,3,1,2,2,2,1.0,1,0.2857,1,1,5,9.0,0.5555555555555556,0.0,0.0,0.0,0.0,0.0,0.2222222222222222,0.1111111111111111,0,1
8.0,1.0,4.0,7,5.0,3,0.0,2.0,11.0,13.0,4,1,3,3,4,1.0,1,0.2727,1,1,7,15.0,0.6,0.0,0.0,0.0,0.0,0.0,0.2666666666666666,0.0666666666666666,0,1
8.0,1.0,4.0,7,4.0,3,0.0,2.0,11.0,13.0,4,1,3,3,4,1.0,1,0.2727,1,1,7,14.0,0.6428571428571429,0.0,0.0,0.0,0.0,0.0,0.2857142857142857,0.0714285714285714,0,1
8.0,3.0,5.0,3,5.0,1,0.0,4.0,9.0,9.0,2,0,1,1,2,1.0,0,0.1111,1,1,7,26.0,0.1153846153846153,0.4615384615384615,0.0,0.0,0.0,0.0,0.3461538461538461,0.0769230769230769,0,1
6.0,1.0,2.0,10,4.0,2,0.0,2.0,9.0,10.0,3,0,3,3,5,1.0,0,0.3333,1,1,5,12.0,0.5,0.0,0.0,0.0,0.0,0.0,0.4166666666666667,0.0833333333333333,0,1
7.0,1.0,3.0,9,5.0,2,0.0,2.0,10.0,11.0,3,0,2,2,4,1.0,0,0.2,1,1,6,16.0,0.375,0.25,0.0,0.0,0.0,0.0,0.3125,0.0625,0,1
6.0,2.0,2.0,4,2.0,2,0.0,2.0,7.0,8.0,3,1,2,2,2,1.0,1,0.2857,1,1,5,12.0,0.5,0.0,0.0,0.0,0.0,0.0,0.4166666666666667,0.0833333333333333,0,1
5.0,2.0,2.0,4,2.0,1,0.0,2.0,6.0,6.0,2,0,1,1,2,1.0,0,0.1667,1,1,4,9.0,0.3333333333333333,0.0,0.0,0.0,0.0,0.0,0.5555555555555556,0.1111111111111111,0,1
8.0,3.0,6.0,7,7.5,2,0.0,2.0,11.0,12.0,3,0,2,2,4,1.0,0,0.1818,1,1,7,36.0,0.1666666666666666,0.6666666666666666,0.0,0.0,0.0,0.0,0.1388888888888889,0.0277777777777777,0,1
11.0,1.0,2.0,14,4.0,3,0.0,6.0,13.0,14.0,3,1,3,2,4,2.0,1,0.2308,1,1,9,25.0,0.36,0.0,0.0,0.0,0.0,0.0,0.56,0.08,0,1
5.0,1.0,1.0,2,4.0,1,0.0,2.0,6.0,6.0,2,0,1,1,2,1.0,0,0.1667,1,1,4,15.0,0.1333333333333333,0.5333333333333333,0.0,0.0,0.0,0.0,0.2666666666666666,0.0666666666666666,0,1
8.0,1.0,3.0,8,4.0,2,0.0,5.0,11.0,12.0,3,0,2,2,4,1.0,0,0.1818,1,1,7,19.0,0.3157894736842105,0.0,0.0,0.0,0.0,0.0,0.5789473684210527,0.1052631578947368,0,1
6.0,2.0,3.0,10,5.0,2,0.0,2.0,9.0,10.0,3,0,2,2,4,1.0,0,0.2222,1,1,5,16.0,0.375,0.25,0.0,0.0,0.0,0.0,0.3125,0.0625,0,1
5.0,1.0,1.0,2,2.0,1,0.0,1.0,6.0,6.0,2,0,1,1,2,1.0,0,0.1667,1,1,4,5.0,0.4,0.0,0.0,0.0,0.0,0.0,0.4,0.2,0,1
21.5,1.0,4.0,18,7.5,6,1.0,7.5,22.0,25.0,5,4,5,4,2,0.0,3,0.2273,1,1,18,50.5,0.1525423728813559,0.4067796610169492,0.0,0.0338983050847457,0.0,0.0,0.3050847457627119,0.1016949152542373,0,1
6.0,2.0,3.0,9,5.0,3,0.0,3.0,9.0,10.0,3,0,2,2,4,1.0,0,0.2222,1,1,5,21.0,0.4285714285714285,0.1904761904761904,0.0,0.0,0.0,0.0,0.3333333333333333,0.0476190476190476,0,1
4.0,0.0,0.0,5,0.0,0,0.0,0.0,6.0,5.0,1,0,0,0,0,0.0,0,0.0,0,0,4,3.0,0.0,0.0,0.0,0.0,0.0,0.0,0.0,0.357142857142857,0,1
2.0,1.0,0.0,1,0.0,0,0.0,0.0,1.0,0.0,1,0,0,0,0,0.0,0,0.0,0,0,1,1.0,0.0,0.0,0.0,0.0,0.0,0.0,0.0,0.357142857142857,0,1
2.0,1.0,0.0,1,0.0,0,0.0,0.0,1.0,0.0,1,0,0,0,0,0.0,0,0.0,0,0,1,1.0,0.0,0.0,0.0,0.0,0.0,0.0,0.0,0.357142857142857,0,1
2.0,1.0,0.0,1,0.0,0,0.0,0.0,1.0,0.0,1,0,0,0,0,0.0,0,0.0,0,0,1,1.0,0.0,0.0,0.0,0.0,0.0,0.0,0.0,0.357142857142857,0,1
4.0,0.0,0.0,4,2.0,1,0.0,0.0,4.0,3.0,1,1,1,0,0,0.0,1,0.25,0,1,2,3.0,1.0,0.0,0.0,0.0,0.0,0.0,0.0,0.0,0,1
11.0,0.0,3.0,7,7.0,3,0.0,2.0,19.0,21.0,4,1,3,3,4,0.0,1,0.1579,1,1,10,17.0,0.5294117647058824,0.0,0.0,0.0,0.0,0.0,0.2352941176470588,0.1764705882352941,0,1
17.0,0.0,3.0,9,7.0,3,0.0,3.0,24.0,26.0,4,2,3,3,2,0.0,2,0.125,1,1,15,33.0,0.2727272727272727,0.3636363636363636,0.0,0.0,0.0,0.0,0.1818181818181818,0.1818181818181818,0,1
2.0,0.0,0.0,3,1.0,0,0.0,0.0,1.0,0.0,1,0,0,0,0,1.0,0,0.0,0,0,1,4.0,0.0,0.7142857142857142,0.0,0.0,0.0,0.0,0.0,0.0,0,1
6.0,0.0,3.0,2,4.0,1,0.0,2.0,7.0,7.0,2,0,1,1,2,1.0,0,0.1429,1,1,5,16.0,0.1875,0.5,0.0,0.0,0.0,0.0,0.25,0.0625,0,1
17.0,0.0,5.0,12,7.0,3,0.0,3.0,22.0,23.0,3,0,3,3,5,1.0,0,0.1364,1,1,13,23.0,0.391304347826087,0.1739130434782608,0.0,0.0,0.0,0.0,0.2608695652173913,0.1739130434782608,0,1
12.0,0.0,2.0,8,5.0,2,0.0,1.0,14.0,15.0,3,1,2,2,2,1.0,1,0.1429,1,1,10,20.0,0.25,0.6,0.0,0.0,0.0,0.0,0.1,0.05,0,1
21.0,3.5,1.0,8,0.0,1,0.0,3.0,22.0,22.0,2,1,1,1,0,1.0,1,0.0455,0,1,17,22.0,0.1363636363636363,0.0,0.0,0.0,0.0,0.0,0.2727272727272727,0.357142857142857,0,1
2.0,1.0,0.0,2,1.0,0,0.0,2.0,8.0,7.0,1,0,0,0,0,0.0,0,0.0,0,0,2,4.0,0.0,0.0,0.0,0.0,0.0,0.0,0.9375,0.0,0,1
21.5,3.0,5.0,18,7.5,6,0.0,7.5,25.5,28.0,2,5,6,4,3,3.5,5,0.3214,1,1,18,50.5,0.3396226415094339,0.3773584905660377,0.0,0.0,0.0,0.0,0.2264150943396226,0.0566037735849056,0,1
21.5,3.5,7.5,18,7.5,10,2.0,7.5,25.5,29.5,6,5,6,5,1,2.0,5,0.2105,1,1,18,50.5,0.1784386617100371,0.550185873605948,0.0,0.0297397769516728,0.0,0.0,0.1338289962825278,0.1003717472118959,0,1
21.5,2.0,5.0,16,7.5,5,0.0,7.5,25.5,29.5,6,5,6,2,1,1.0,5,0.1935,1,1,18,38.0,0.3947368421052631,0.1052631578947368,0.0,0.0,0.0,0.0,0.2631578947368421,0.2368421052631578,0,1
16.0,0.0,4.0,18,0.0,0,0.0,1.0,15.0,15.0,2,0,2,2,2,1.0,0,0.1333,1,1,15,9.0,0.0,0.0,0.0,0.0,0.0,0.0,0.0,0.357142857142857,0,1
10.0,1.0,2.0,8,0.0,1,0.0,1.0,10.0,10.0,2,2,3,2,1,2.0,2,0.3,1,1,8,4.0,0.25,0.0,0.0,0.0,0.0,0.0,0.5,0.25,0,1
5.0,1.0,1.0,5,1.0,1,0.0,1.0,4.0,3.0,1,1,1,0,0,2.0,1,0.25,0,1,4,9.0,0.3333333333333333,0.4444444444444444,0.0,0.0,0.0,0.0,0.2222222222222222,0.0,0,1
5.0,1.0,1.0,5,1.0,1,0.0,1.0,4.0,3.0,1,1,1,0,0,2.0,1,0.25,0,1,4,9.0,0.3333333333333333,0.4444444444444444,0.0,0.0,0.0,0.0,0.2222222222222222,0.0,0,1
5.0,1.0,0.0,4,0.0,4,0.0,1.0,4.0,3.0,1,1,2,1,1,0.0,1,0.5,1,1,3,1.0,0.0,0.0,0.0,0.0,0.0,0.0,0.0,0.357142857142857,0,1
2.0,1.0,0.0,3,0.0,0,0.0,0.0,1.0,0.0,1,0,1,1,1,0.0,0,0.6189,1,1,1,1.0,0.0,0.0,0.0,0.0,0.0,0.0,0.0,0.357142857142857,0,1
2.0,1.0,0.0,4,0.0,0,0.0,0.0,1.0,0.0,1,0,1,1,1,0.0,0,0.6189,1,1,1,1.0,0.0,0.0,0.0,0.0,0.0,0.0,0.0,0.357142857142857,0,1
2.0,1.0,0.0,3,0.0,0,0.0,0.0,1.0,0.0,1,0,1,1,1,0.0,0,0.6189,1,1,1,1.0,0.0,0.0,0.0,0.0,0.0,0.0,0.0,0.357142857142857,0,1
2.0,1.0,0.0,3,0.0,0,0.0,0.0,1.0,0.0,1,0,1,1,1,0.0,0,0.6189,1,1,1,1.0,0.0,0.0,0.0,0.0,0.0,0.0,0.0,0.357142857142857,0,1
2.0,0.0,0.0,2,0.0,0,0.0,0.0,1.0,0.0,1,0,1,1,1,0.0,0,0.6189,1,1,1,1.0,0.0,0.0,0.0,0.0,0.0,0.0,0.0,0.357142857142857,0,1
6.0,0.0,2.0,7,0.0,0,0.0,1.0,5.0,5.0,2,0,1,1,1,1.0,0,0.2,1,1,5,3.0,0.0,0.0,0.0,0.0,0.0,0.0,0.6666666666666666,0.3333333333333333,0,1
21.5,1.0,5.0,18,0.0,6,0.0,7.0,25.0,26.0,3,5,6,4,2,3.5,5,0.36,1,1,18,31.0,0.4516129032258064,0.0,0.0,0.0,0.0,0.0,0.4516129032258064,0.0967741935483871,0,1
21.5,3.5,3.0,12,0.0,5,0.0,3.0,25.5,29.5,6,5,5,5,0,0.0,5,0.1064,0,1,18,23.0,0.6521739130434783,0.0,0.0,0.0,0.0,0.0,0.3478260869565217,0.0,0,1
10.0,1.0,1.0,5,0.0,2,0.0,6.0,8.0,9.0,3,2,2,1,0,1.0,2,0.25,0,1,8,18.0,0.3333333333333333,0.0,0.0,0.0,0.0,0.0,0.6666666666666666,0.0,0,1
6.0,3.0,3.0,4,0.0,1,0.0,0.0,5.0,5.0,2,0,1,1,1,1.0,0,0.2,1,1,5,5.0,0.6,0.0,0.0,0.0,0.0,0.0,0.0,0.357142857142857,0,1
2.0,3.0,2.0,2,2.0,0,0.0,1.0,1.0,0.0,1,0,0,0,0,1.0,0,0.0,0,0,1,10.0,0.0,0.7142857142857142,0.0,0.0,0.0,0.0,0.2,0.0,0,1
17.0,1.0,6.0,7,7.0,2,1.0,3.0,11.0,11.0,2,1,1,1,0,1.0,1,0.0909,0,1,11,44.0,0.1363636363636363,0.6363636363636364,0.0,0.0909090909090909,0.0,0.0,0.1363636363636363,0.0,0,1
10.0,1.0,1.0,5,1.0,2,0.0,6.0,8.0,9.0,3,2,2,1,0,1.0,2,0.25,0,1,8,18.0,0.3333333333333333,0.0,0.0,0.0,0.0,0.0,0.6666666666666666,0.0,0,1
2.0,0.0,0.0,4,2.0,0,0.0,0.0,1.0,0.0,1,0,0,0,0,1.0,0,0.0,0,0,1,8.0,0.0,0.7142857142857142,0.0,0.0,0.0,0.0,0.0,0.0,0,1
5.0,0.0,0.0,3,0.0,0,0.0,0.0,4.0,4.0,2,1,1,1,0,1.0,1,0.25,0,1,4,5.0,0.0,0.0,0.0,0.4,0.0,0.0,0.2,0.357142857142857,0,1
5.0,0.0,2.0,5,7.5,0,0.0,1.0,4.0,3.0,1,0,0,0,0,1.0,0,0.0,0,0,4,38.0,0.0,0.7142857142857142,0.0,0.0,0.0,0.0,0.0526315789473684,0.0,0,1
3.0,0.0,0.0,5,2.0,0,0.0,1.0,1.0,0.0,1,0,0,0,0,1.0,0,0.0,0,0,1,10.0,0.0,0.7142857142857142,0.0,0.0,0.0,0.0,0.2,0.0,0,1
2.0,0.0,0.0,2,0.0,0,0.0,1.0,6.0,5.0,1,0,0,0,0,0.0,0,0.0,0,0,2,2.0,0.0,0.0,0.0,0.0,0.0,0.0,0.9375,0.0,0,1
4.0,2.0,1.0,2,0.0,0,0.0,1.0,9.0,8.0,1,0,0,0,0,0.0,0,0.0,0,0,4,2.0,0.0,0.0,0.0,0.0,0.0,0.0,0.9375,0.0,0,1
4.0,2.0,1.0,3,1.0,0,0.0,0.0,9.0,8.0,1,0,0,0,0,0.0,0,0.0,0,0,4,4.0,0.0,0.7142857142857142,0.0,0.0,0.0,0.0,0.0,0.0,0,1
8.0,2.0,2.0,6,2.0,1,0.0,2.0,16.0,17.0,3,1,1,2,2,0.0,1,0.0625,1,1,8,9.0,0.2222222222222222,0.0,0.0,0.2222222222222222,0.0,0.0,0.4444444444444444,0.1111111111111111,0,1
2.0,1.0,0.0,2,0.0,1,0.0,0.0,1.0,0.0,1,0,0,0,0,1.0,0,0.0,0,0,1,3.0,1.0,0.0,0.0,0.0,0.0,0.0,0.0,0.0,0,1
8.0,2.0,2.0,7,2.0,1,0.0,2.0,16.0,17.0,3,1,1,2,2,0.0,1,0.0625,1,1,8,9.0,0.2222222222222222,0.0,0.0,0.2222222222222222,0.0,0.0,0.4444444444444444,0.1111111111111111,0,1
8.0,1.0,2.0,8,2.0,1,0.0,2.0,13.0,14.0,3,1,1,2,2,0.0,1,0.0769,1,1,8,10.0,0.3,0.0,0.0,0.2,0.0,0.0,0.4,0.1,0,1
6.0,1.0,0.0,6,0.0,0,0.0,0.0,4.0,3.0,1,1,3,2,2,2.0,1,0.6189,1,1,4,1.0,0.0,0.0,0.0,0.0,0.0,0.0,0.0,0.357142857142857,0,1
14.0,1.0,5.0,18,1.0,1,0.0,0.0,12.0,13.0,3,1,2,1,1,1.0,1,0.1667,1,1,12,19.0,0.1578947368421052,0.2105263157894736,0.0,0.4166666666666665,0.0,0.0,0.0,0.2105263157894736,0,1
6.0,2.0,1.0,8,0.0,0,0.0,0.0,5.0,4.0,1,2,2,0,0,0.0,2,0.4,0,1,5,7.0,0.0,0.0,0.0,0.4166666666666665,0.0,0.0,0.0,0.357142857142857,0,1
7.0,1.0,2.0,10,1.0,0,0.0,0.0,6.0,6.0,2,0,1,1,1,1.0,0,0.1667,1,1,6,6.0,0.0,0.6666666666666666,0.0,0.0,0.0,0.0,0.0,0.3333333333333333,0,1
8.0,1.0,2.0,9,3.0,1,0.0,1.0,8.0,8.0,2,1,3,2,3,2.0,1,0.375,1,1,6,10.0,0.3,0.4,0.0,0.0,0.0,0.0,0.2,0.1,0,1
4.0,1.0,1.0,3,0.0,0,0.0,1.0,3.0,2.0,1,0,0,0,0,1.0,0,0.0,0,0,3,3.0,0.0,0.0,0.0,0.0,0.0,0.0,0.6666666666666666,0.3333333333333333,0,1
10.0,1.0,4.0,13,1.0,1,0.0,1.0,9.0,9.0,2,0,1,1,1,1.0,0,0.1111,1,1,9,16.0,0.1875,0.25,0.0,0.25,0.0,0.0,0.125,0.1875,0,1
7.0,1.0,3.0,9,3.0,1,0.0,1.0,8.0,8.0,2,0,1,1,2,1.0,0,0.125,1,1,6,11.0,0.2727272727272727,0.3636363636363636,0.0,0.0,0.0,0.0,0.1818181818181818,0.1818181818181818,0,1
3.0,1.0,0.0,3,0.0,0,0.0,0.0,2.0,1.0,1,0,0,0,0,1.0,0,0.0,0,0,2,1.0,0.0,0.0,0.0,0.0,0.0,0.0,0.0,0.357142857142857,0,1
17.0,1.0,6.0,18,4.0,1,1.0,1.0,18.0,22.0,6,3,5,4,3,1.0,3,0.2778,1,1,16,26.0,0.1153846153846153,0.3076923076923077,0.0,0.3076923076923077,0.0,0.0,0.0769230769230769,0.1923076923076923,0,1
14.0,2.0,5.0,14,4.0,3,1.0,2.0,16.0,18.0,4,2,3,2,1,1.0,2,0.1875,1,1,13,37.0,0.2432432432432432,0.4324324324324324,0.0,0.1081081081081081,0.0,0.0,0.1081081081081081,0.1081081081081081,0,1
17.0,1.0,6.0,18,3.0,0,0.0,1.0,16.0,18.0,4,1,3,2,2,1.0,1,0.1875,1,1,16,21.0,0.0,0.5714285714285714,0.0,0.0952380952380952,0.0,0.0,0.0952380952380952,0.238095238095238,0,1
6.0,1.0,0.0,6,0.0,0,0.0,0.0,4.0,3.0,1,1,3,2,2,2.0,1,0.6189,1,1,4,1.0,0.0,0.0,0.0,0.0,0.0,0.0,0.0,0.357142857142857,0,1
15.0,1.0,5.0,18,1.0,0,0.0,1.0,14.0,16.0,4,1,3,2,2,1.0,1,0.2143,1,1,14,13.0,0.0,0.3076923076923077,0.0,0.1538461538461538,0.0,0.0,0.1538461538461538,0.357142857142857,0,1
6.0,1.0,0.0,6,0.0,0,0.0,0.0,4.0,3.0,1,1,3,2,2,2.0,1,0.6189,1,1,4,1.0,0.0,0.0,0.0,0.0,0.0,0.0,0.0,0.357142857142857,0,1
16.0,1.0,4.0,18,1.0,2,0.0,1.0,15.0,19.0,6,3,5,2,2,1.0,2,0.3333,1,1,15,19.0,0.3157894736842105,0.2105263157894736,0.0,0.1052631578947368,0.0,0.0,0.1052631578947368,0.2631578947368421,0,1
6.0,1.0,0.0,6,0.0,0,0.0,0.0,4.0,3.0,1,1,3,2,2,2.0,1,0.6189,1,1,4,1.0,0.0,0.0,0.0,0.0,0.0,0.0,0.0,0.357142857142857,0,1
11.0,0.0,3.0,10,0.0,0,0.0,0.0,10.0,11.0,3,2,3,2,2,2.0,2,0.3,1,1,10,9.0,0.0,0.0,0.0,0.4166666666666665,0.0,0.0,0.3333333333333333,0.2222222222222222,0,1
7.0,0.0,1.0,8,0.0,0,0.0,0.0,6.0,6.0,2,1,2,2,2,2.0,1,0.3333,1,1,6,5.0,0.0,0.0,0.0,0.4,0.0,0.0,0.4,0.2,0,1
4.0,1.0,1.0,4,3.0,1,0.0,1.0,5.0,5.0,2,0,1,1,2,1.0,0,0.2,1,1,3,10.0,0.3,0.4,0.0,0.0,0.0,0.0,0.2,0.1,0,1
3.0,1.0,0.0,6,1.0,0,0.0,0.0,2.0,1.0,1,0,0,0,0,1.0,0,0.0,0,0,2,5.0,0.0,0.7142857142857142,0.0,0.0,0.0,0.0,0.0,0.2,0,1
5.0,2.0,2.0,8,5.0,1,0.0,2.0,6.0,6.0,2,0,1,1,2,0.0,0,0.1667,1,1,4,22.0,0.1363636363636363,0.5454545454545454,0.0,0.0,0.0,0.0,0.1818181818181818,0.1363636363636363,0,1
3.0,1.0,1.0,3,2.0,1,0.0,1.0,4.0,4.0,2,0,1,1,2,0.0,0,0.25,1,1,2,6.0,0.5,0.0,0.0,0.0,0.0,0.0,0.3333333333333333,0.1666666666666666,0,1
12.0,1.0,3.0,17,2.0,0,0.0,0.0,10.0,11.0,3,1,2,1,1,1.0,1,0.2,1,1,10,11.0,0.0,0.3636363636363636,0.0,0.1818181818181818,0.0,0.0,0.0,0.357142857142857,0,1
6.0,1.0,0.0,6,0.0,0,0.0,0.0,4.0,3.0,1,1,3,2,2,2.0,1,0.6189,1,1,4,1.0,0.0,0.0,0.0,0.0,0.0,0.0,0.0,0.357142857142857,0,1
4.0,0.0,1.0,3,0.0,0,0.0,0.0,3.0,2.0,1,0,0,0,0,1.0,0,0.0,0,0,3,1.0,0.0,0.0,0.0,0.0,0.0,0.0,0.0,0.357142857142857,0,1
8.0,0.0,2.0,12,1.0,0,0.0,0.0,9.0,10.0,3,1,2,2,1,0.0,1,0.2222,1,1,7,8.0,0.0,0.5,0.0,0.25,0.0,0.0,0.0,0.25,0,1
7.0,0.0,1.0,7,0.0,0,0.0,0.0,6.0,6.0,2,0,1,1,1,1.0,0,0.1667,1,1,6,2.0,0.0,0.0,0.0,0.0,0.0,0.0,0.0,0.357142857142857,0,1
13.0,0.0,4.0,8,6.0,2,0.0,4.0,12.0,12.0,2,0,1,1,1,1.0,0,0.0833,1,1,12,42.0,0.0,0.5714285714285714,0.0,0.0,0.0,0.0,0.119047619047619,0.119047619047619,0,1
21.5,1.0,4.0,18,0.0,5,0.0,0.0,22.0,23.0,3,5,6,2,2,3.5,5,0.3636,1,1,18,22.0,0.5454545454545454,0.0,0.0,0.0,0.0,0.0,0.3181818181818182,0.1363636363636363,0,1
16.0,3.5,6.0,6,2.0,0,0.0,4.0,25.5,29.5,1,0,0,0,0,0.0,0,0.0,0,0,16,16.0,0.0,0.25,0.0,0.0,0.0,0.0,0.5,0.1875,0,1
2.0,1.0,0.0,1,0.0,0,0.0,0.0,1.0,0.0,1,0,0,0,0,0.0,0,0.0,0,0,1,1.0,0.0,0.0,0.0,0.0,0.0,0.0,0.0,0.357142857142857,0,1
2.0,1.0,0.0,1,0.0,0,0.0,0.0,1.0,0.0,1,0,0,0,0,0.0,0,0.0,0,0,1,1.0,0.0,0.0,0.0,0.0,0.0,0.0,0.0,0.357142857142857,0,1
2.0,1.0,0.0,1,0.0,0,0.0,0.0,1.0,0.0,1,0,0,0,0,0.0,0,0.0,0,0,1,1.0,0.0,0.0,0.0,0.0,0.0,0.0,0.0,0.357142857142857,0,1
16.0,3.5,5.0,6,2.0,0,0.0,4.0,25.5,29.5,1,0,0,0,0,0.0,0,0.0,0,0,16,16.0,0.0,0.25,0.0,0.0,0.0,0.0,0.5,0.1875,0,1
21.5,3.5,7.5,18,7.5,10,2.5,7.5,25.5,29.5,6,5,6,5,5,1.0,5,0.2095,1,1,18,50.5,0.1184668989547038,0.3902439024390244,0.0,0.0766550522648083,0.0,0.0,0.2717770034843205,0.1428571428571428,0,1
21.5,3.5,7.5,18,7.5,9,2.0,7.5,25.5,29.5,6,5,6,5,5,1.0,4,0.1875,1,1,18,50.5,0.116751269035533,0.365482233502538,0.0,0.0710659898477157,0.0,0.0,0.2639593908629442,0.1725888324873096,0,1
6.0,2.0,1.0,5,0.0,0,2.5,0.0,10.0,9.0,1,0,0,0,0,0.0,0,0.0,0,0,5,12.0,0.0,0.0,0.0,0.4166666666666665,0.0,0.0,0.0,0.0,0,1
15.0,0.0,2.0,15,7.5,3,0.0,4.0,13.0,12.0,1,5,6,5,5,3.5,5,0.6189,1,1,13,50.5,0.1698113207547169,0.6037735849056604,0.0,0.0754716981132075,0.0,0.0,0.1509433962264151,0.0,0,1
12.0,1.0,0.0,9,6.0,0,2.5,0.0,6.0,5.0,1,2,2,0,0,3.0,2,0.3333,0,1,6,41.0,0.0,0.5853658536585366,0.0,0.3902439024390244,0.0,0.0,0.0,0.024390243902439,0,1
6.0,1.0,0.0,6,2.0,0,1.0,0.0,4.0,3.0,1,1,1,0,0,2.0,1,0.25,0,1,4,13.0,0.0,0.6153846153846154,0.0,0.3076923076923077,0.0,0.0,0.0,0.0769230769230769,0,1
7.0,1.0,0.0,6,2.0,0,1.0,0.0,4.0,3.0,1,1,1,0,0,2.0,1,0.25,0,1,4,13.0,0.0,0.6153846153846154,0.0,0.3076923076923077,0.0,0.0,0.0,0.0769230769230769,0,1
21.0,1.0,6.0,14,7.5,3,2.5,2.0,16.0,15.0,1,4,4,0,0,3.5,4,0.25,0,1,16,50.5,0.0918367346938775,0.7142857142857142,0.0,0.1224489795918367,0.0,0.0,0.0408163265306122,0.010204081632653,0,1
11.0,0.0,1.0,12,7.0,3,1.0,7.5,8.0,7.0,1,3,4,1,1,3.5,3,0.5,1,1,8,50.5,0.1475409836065573,0.4590163934426229,0.0,0.0983606557377049,0.0,0.0,0.2950819672131147,0.0,0,1
10.0,1.0,1.0,5,0.0,3,1.0,0.0,8.0,7.0,1,3,3,0,0,3.5,3,0.375,0,1,8,14.0,0.4285714285714285,0.0,0.0,0.4166666666666665,0.0,0.0,0.1428571428571428,0.0,0,1
2.0,1.0,0.0,2,0.0,0,0.0,1.0,7.0,6.0,1,0,0,0,0,0.0,0,0.0,0,0,2,2.0,0.0,0.0,0.0,0.0,0.0,0.0,0.9375,0.0,0,1
4.0,1.0,0.0,4,1.0,0,1.0,0.0,3.0,2.0,1,1,1,0,0,2.0,1,0.3333,0,1,3,8.0,0.0,0.5,0.0,0.4166666666666665,0.0,0.0,0.0,0.0,0,1
4.0,0.0,0.0,3,1.0,0,0.0,0.0,3.0,2.0,1,1,1,0,0,2.0,1,0.3333,0,1,3,3.0,0.0,0.0,0.0,0.4166666666666665,0.0,0.0,0.0,0.0,0,1
9.0,1.0,0.0,8,2.0,1,1.0,0.0,7.0,6.0,1,3,3,0,0,3.5,3,0.4286,0,1,7,19.0,0.1578947368421052,0.4210526315789473,0.0,0.3157894736842105,0.0,0.0,0.1052631578947368,0.0,0,1
15.0,0.0,4.0,9,7.5,3,1.0,4.0,13.0,12.0,1,4,4,0,0,3.5,4,0.3077,0,1,13,50.5,0.1343283582089552,0.5970149253731343,0.0,0.1194029850746268,0.0,0.0,0.1194029850746268,0.0,0,1
5.0,0.0,0.0,4,3.0,0,0.0,3.0,3.0,2.0,1,1,1,0,0,2.0,1,0.3333,0,1,3,20.0,0.0,0.6,0.0,0.1,0.0,0.0,0.3,0.0,0,1
7.0,1.0,0.0,6,2.0,0,1.0,0.0,5.0,4.0,1,2,2,0,0,3.0,2,0.4,0,1,5,14.0,0.0,0.5714285714285714,0.0,0.4166666666666665,0.0,0.0,0.0,0.0,0,1
8.0,1.0,0.0,8,2.0,0,2.5,0.0,5.0,4.0,1,2,2,0,0,3.0,2,0.4,0,1,5,20.0,0.0,0.4,0.0,0.4166666666666665,0.0,0.0,0.0,0.0,0,1
4.0,0.0,0.0,3,2.0,0,0.0,0.0,3.0,2.0,1,1,1,0,0,2.0,1,0.3333,0,1,3,4.0,0.0,0.0,0.0,0.4166666666666665,0.0,0.0,0.0,0.0,0,1
4.0,1.0,0.0,4,1.0,0,1.0,0.0,3.0,2.0,1,1,1,0,0,2.0,1,0.3333,0,1,3,8.0,0.0,0.5,0.0,0.4166666666666665,0.0,0.0,0.0,0.0,0,1
5.0,0.0,0.0,8,0.0,0,0.0,0.0,3.0,2.0,1,1,1,0,0,2.0,1,0.3333,0,1,3,2.0,0.0,0.0,0.0,0.4166666666666665,0.0,0.0,0.0,0.0,0,1
2.0,0.0,0.0,5,0.0,0,0.0,2.0,1.0,0.0,1,0,0,0,0,1.0,0,0.0,0,0,1,4.0,0.0,0.0,0.0,0.0,0.0,0.0,0.9375,0.0,0,1
5.0,0.0,0.0,6,0.0,0,0.0,0.0,3.0,2.0,1,1,2,1,1,2.0,1,0.6189,1,1,3,2.0,0.0,0.0,0.0,0.4166666666666665,0.0,0.0,0.0,0.0,0,1
5.0,0.0,0.0,8,0.0,0,0.0,0.0,3.0,2.0,1,1,1,0,0,2.0,1,0.3333,0,1,3,2.0,0.0,0.0,0.0,0.4166666666666665,0.0,0.0,0.0,0.0,0,1
5.0,0.0,0.0,9,0.0,0,0.0,2.0,3.0,2.0,1,1,1,0,0,2.0,1,0.3333,0,1,3,6.0,0.0,0.0,0.0,0.3333333333333333,0.0,0.0,0.6666666666666666,0.0,0,1
5.0,0.0,0.0,7,3.0,0,0.0,0.0,3.0,2.0,1,1,2,1,1,2.0,1,0.6189,1,1,3,11.0,0.0,0.7142857142857142,0.0,0.1818181818181818,0.0,0.0,0.0,0.0,0,1
5.0,0.0,0.0,7,2.0,0,0.0,0.0,3.0,2.0,1,1,2,1,1,2.0,1,0.6189,1,1,3,10.0,0.0,0.7142857142857142,0.0,0.2,0.0,0.0,0.0,0.0,0,1
6.0,0.0,1.0,6,2.0,0,0.0,0.0,4.0,3.0,1,1,2,1,1,2.0,1,0.5,1,1,4,10.0,0.0,0.7142857142857142,0.0,0.2,0.0,0.0,0.0,0.0,0,1
4.0,1.0,0.0,5,0.0,0,0.0,0.0,2.0,1.0,1,0,0,0,0,1.0,0,0.0,0,0,2,1.0,0.0,0.0,0.0,0.0,0.0,0.0,0.0,0.357142857142857,0,1
5.0,0.0,0.0,7,2.0,0,0.0,0.0,3.0,2.0,1,1,2,1,1,2.0,1,0.6189,1,1,3,10.0,0.0,0.7142857142857142,0.0,0.2,0.0,0.0,0.0,0.0,0,1
5.0,0.0,0.0,7,2.0,0,0.0,0.0,3.0,2.0,1,1,2,1,1,2.0,1,0.6189,1,1,3,10.0,0.0,0.7142857142857142,0.0,0.2,0.0,0.0,0.0,0.0,0,1
12.0,0.0,3.0,12,7.0,2,1.0,7.5,10.0,9.0,1,3,3,0,0,3.5,3,0.3,0,1,10,48.0,0.125,0.4166666666666667,0.0,0.0833333333333333,0.0,0.0,0.3333333333333333,0.0,0,1
12.0,0.0,3.0,12,7.0,2,1.0,7.5,10.0,9.0,1,3,3,0,0,3.5,3,0.3,0,1,10,48.0,0.125,0.4166666666666667,0.0,0.0833333333333333,0.0,0.0,0.3333333333333333,0.0,0,1
21.0,1.0,7.0,16,7.5,8,0.0,4.0,24.0,25.0,3,3,4,2,2,3.0,3,0.1667,1,1,18,46.0,0.1304347826086956,0.5217391304347826,0.0,0.0869565217391304,0.0,0.0,0.1739130434782608,0.0869565217391304,0,1
6.0,2.0,1.0,5,0.0,0,1.0,0.0,3.0,2.0,1,1,1,0,0,2.0,1,0.3333,0,1,3,4.0,0.0,0.0,0.0,0.4166666666666665,0.0,0.0,0.0,0.0,0,1
7.0,2.0,1.0,5,0.0,2,2.5,2.0,11.0,10.0,1,0,0,0,0,0.0,0,0.0,0,0,6,26.0,0.2307692307692307,0.0,0.0,0.4166666666666665,0.0,0.0,0.1538461538461538,0.0,0,1
15.0,0.0,2.0,15,7.5,3,0.0,4.0,13.0,12.0,1,5,6,5,5,3.5,5,0.6189,1,1,13,50.5,0.1698113207547169,0.6037735849056604,0.0,0.0754716981132075,0.0,0.0,0.1509433962264151,0.0,0,1
12.0,1.0,0.0,9,6.0,0,2.5,0.0,6.0,5.0,1,2,2,0,0,3.0,2,0.3333,0,1,6,41.0,0.0,0.5853658536585366,0.0,0.3902439024390244,0.0,0.0,0.0,0.024390243902439,0,1
6.0,1.0,0.0,6,2.0,0,1.0,0.0,4.0,3.0,1,1,1,0,0,2.0,1,0.25,0,1,4,13.0,0.0,0.6153846153846154,0.0,0.3076923076923077,0.0,0.0,0.0,0.0769230769230769,0,1
7.0,1.0,0.0,6,2.0,0,1.0,0.0,4.0,3.0,1,1,1,0,0,2.0,1,0.25,0,1,4,13.0,0.0,0.6153846153846154,0.0,0.3076923076923077,0.0,0.0,0.0,0.0769230769230769,0,1
21.0,1.0,6.0,14,7.5,1,2.0,0.0,16.0,15.0,1,4,4,0,0,3.5,4,0.25,0,1,16,50.5,0.0348837209302325,0.7142857142857142,0.0,0.1162790697674418,0.0,0.0,0.0,0.0116279069767441,0,1
11.0,0.0,1.0,12,7.0,3,1.0,7.5,8.0,7.0,1,3,4,1,1,3.5,3,0.5,1,1,8,50.5,0.1525423728813559,0.4745762711864407,0.0,0.1016949152542373,0.0,0.0,0.2711864406779661,0.0,0,1
10.0,1.0,1.0,5,0.0,3,1.0,0.0,8.0,7.0,1,3,3,0,0,3.5,3,0.375,0,1,8,14.0,0.4285714285714285,0.0,0.0,0.4166666666666665,0.0,0.0,0.1428571428571428,0.0,0,1
2.0,1.0,0.0,2,0.0,0,0.0,1.0,7.0,6.0,1,0,0,0,0,0.0,0,0.0,0,0,2,2.0,0.0,0.0,0.0,0.0,0.0,0.0,0.9375,0.0,0,1
4.0,1.0,0.0,4,1.0,0,1.0,0.0,3.0,2.0,1,1,1,0,0,2.0,1,0.3333,0,1,3,8.0,0.0,0.5,0.0,0.4166666666666665,0.0,0.0,0.0,0.0,0,1
4.0,0.0,0.0,3,1.0,0,0.0,0.0,3.0,2.0,1,1,1,0,0,2.0,1,0.3333,0,1,3,3.0,0.0,0.0,0.0,0.4166666666666665,0.0,0.0,0.0,0.0,0,1
9.0,1.0,0.0,8,2.0,1,1.0,0.0,7.0,6.0,1,3,3,0,0,3.5,3,0.4286,0,1,7,19.0,0.1578947368421052,0.4210526315789473,0.0,0.3157894736842105,0.0,0.0,0.1052631578947368,0.0,0,1
5.0,0.0,0.0,4,3.0,0,0.0,3.0,3.0,2.0,1,1,1,0,0,2.0,1,0.3333,0,1,3,20.0,0.0,0.6,0.0,0.1,0.0,0.0,0.3,0.0,0,1
8.0,1.0,0.0,8,2.0,0,2.5,0.0,5.0,4.0,1,2,2,0,0,3.0,2,0.4,0,1,5,20.0,0.0,0.4,0.0,0.4166666666666665,0.0,0.0,0.0,0.0,0,1
4.0,0.0,0.0,3,2.0,0,0.0,0.0,3.0,2.0,1,1,1,0,0,2.0,1,0.3333,0,1,3,4.0,0.0,0.0,0.0,0.4166666666666665,0.0,0.0,0.0,0.0,0,1
4.0,1.0,0.0,4,1.0,0,1.0,0.0,3.0,2.0,1,1,1,0,0,2.0,1,0.3333,0,1,3,8.0,0.0,0.5,0.0,0.4166666666666665,0.0,0.0,0.0,0.0,0,1
5.0,0.0,0.0,8,0.0,0,0.0,0.0,3.0,2.0,1,1,1,0,0,2.0,1,0.3333,0,1,3,2.0,0.0,0.0,0.0,0.4166666666666665,0.0,0.0,0.0,0.0,0,1
2.0,0.0,0.0,5,0.0,0,0.0,2.0,1.0,0.0,1,0,0,0,0,1.0,0,0.0,0,0,1,4.0,0.0,0.0,0.0,0.0,0.0,0.0,0.9375,0.0,0,1
5.0,0.0,0.0,6,0.0,0,0.0,0.0,3.0,2.0,1,1,2,1,1,2.0,1,0.6189,1,1,3,2.0,0.0,0.0,0.0,0.4166666666666665,0.0,0.0,0.0,0.0,0,1
5.0,0.0,0.0,8,0.0,0,0.0,0.0,3.0,2.0,1,1,1,0,0,2.0,1,0.3333,0,1,3,2.0,0.0,0.0,0.0,0.4166666666666665,0.0,0.0,0.0,0.0,0,1
5.0,0.0,0.0,9,0.0,0,0.0,2.0,3.0,2.0,1,1,1,0,0,2.0,1,0.3333,0,1,3,6.0,0.0,0.0,0.0,0.3333333333333333,0.0,0.0,0.6666666666666666,0.0,0,1
5.0,0.0,0.0,7,3.0,0,0.0,0.0,3.0,2.0,1,1,2,1,1,2.0,1,0.6189,1,1,3,11.0,0.0,0.7142857142857142,0.0,0.1818181818181818,0.0,0.0,0.0,0.0,0,1
5.0,0.0,0.0,7,2.0,0,0.0,0.0,3.0,2.0,1,1,2,1,1,2.0,1,0.6189,1,1,3,10.0,0.0,0.7142857142857142,0.0,0.2,0.0,0.0,0.0,0.0,0,1
6.0,0.0,1.0,6,2.0,0,0.0,0.0,4.0,3.0,1,1,2,1,1,2.0,1,0.5,1,1,4,10.0,0.0,0.7142857142857142,0.0,0.2,0.0,0.0,0.0,0.0,0,1
4.0,1.0,0.0,5,0.0,0,0.0,0.0,2.0,1.0,1,0,0,0,0,1.0,0,0.0,0,0,2,1.0,0.0,0.0,0.0,0.0,0.0,0.0,0.0,0.357142857142857,0,1
5.0,0.0,0.0,7,2.0,0,0.0,0.0,3.0,2.0,1,1,2,1,1,2.0,1,0.6189,1,1,3,10.0,0.0,0.7142857142857142,0.0,0.2,0.0,0.0,0.0,0.0,0,1
5.0,0.0,0.0,7,2.0,0,0.0,0.0,3.0,2.0,1,1,2,1,1,2.0,1,0.6189,1,1,3,10.0,0.0,0.7142857142857142,0.0,0.2,0.0,0.0,0.0,0.0,0,1
8.0,0.0,3.0,7,5.0,0,0.0,2.0,6.0,5.0,1,1,1,0,0,2.0,1,0.1667,0,1,6,26.0,0.0,0.7142857142857142,0.0,0.0769230769230769,0.0,0.0,0.1538461538461538,0.0,0,1
8.0,0.0,3.0,7,5.0,0,0.0,2.0,6.0,5.0,1,1,1,0,0,2.0,1,0.1667,0,1,6,26.0,0.0,0.7142857142857142,0.0,0.0769230769230769,0.0,0.0,0.1538461538461538,0.0,0,1
21.0,1.0,7.0,16,7.5,8,0.0,4.0,24.0,25.0,3,3,4,2,2,3.0,3,0.1667,1,1,18,46.0,0.1304347826086956,0.5217391304347826,0.0,0.0869565217391304,0.0,0.0,0.1739130434782608,0.0869565217391304,0,1
2.0,0.0,0.0,2,1.0,0,0.0,0.0,1.0,0.0,1,0,0,0,0,1.0,0,0.0,0,0,1,4.0,0.0,0.7142857142857142,0.0,0.0,0.0,0.0,0.0,0.0,0,1
2.0,1.0,0.0,2,1.0,0,0.0,3.0,9.0,8.0,1,0,0,0,0,0.0,0,0.0,0,0,2,4.0,0.0,0.0,0.0,0.0,0.0,0.0,0.9375,0.0,0,1
21.5,3.5,7.5,15,7.5,9,2.5,7.5,0.0,0.0,0,0,0,0,0,0.0,0,0.0,0,0,0,50.5,0.2673267326732673,0.3564356435643564,0.0,0.1188118811881188,0.0,0.0,0.1584158415841584,0.099009900990099,0,1
3.0,2.0,1.0,2,0.0,0,0.0,2.0,12.0,11.0,1,0,0,0,0,0.0,0,0.0,0,0,3,4.0,0.0,0.0,0.0,0.0,0.0,0.0,0.9375,0.0,0,1
2.0,1.0,0.0,2,0.0,0,0.0,1.0,7.0,6.0,1,0,0,0,0,0.0,0,0.0,0,0,2,2.0,0.0,0.0,0.0,0.0,0.0,0.0,0.9375,0.0,0,1
20.0,2.0,2.0,9,4.0,6,1.0,4.0,25.5,29.5,6,5,5,5,0,0.0,5,0.1667,0,1,18,42.0,0.3809523809523809,0.0,0.0,0.0952380952380952,0.0,0.0,0.1904761904761904,0.1428571428571428,0,1
7.0,0.0,1.0,3,0.0,1,0.0,1.0,5.0,5.0,2,1,1,1,0,1.0,1,0.2,0,1,5,5.0,0.6,0.0,0.0,0.0,0.0,0.0,0.4,0.0,0,1
4.0,0.0,0.0,4,1.0,1,0.0,0.0,7.0,7.0,2,1,1,1,0,1.0,1,0.1429,0,1,3,4.0,0.5,0.0,0.0,0.0,0.0,0.0,0.0,0.0,0,1
2.0,1.0,0.0,2,0.0,0,0.0,0.0,1.0,0.0,1,0,0,0,0,1.0,0,0.0,0,0,1,1.0,0.0,0.0,0.0,0.0,0.0,0.0,0.9375,0.0,0,1
21.5,2.0,7.5,18,4.0,6,0.0,5.0,25.0,26.0,3,5,5,2,0,3.5,5,0.2,0,1,18,48.0,0.3333333333333333,0.3333333333333333,0.0,0.125,0.0,0.0,0.2083333333333333,0.0,0,1
2.0,1.0,0.0,2,2.0,0,0.0,0.0,1.0,0.0,1,0,0,0,0,1.0,0,0.0,0,0,1,8.0,0.0,0.7142857142857142,0.0,0.0,0.0,0.0,0.0,0.0,0,1
2.0,1.0,0.0,2,0.0,0,0.0,0.0,1.0,0.0,1,0,0,0,0,1.0,0,0.0,0,0,1,1.0,0.0,0.0,0.0,0.0,0.0,0.0,0.9375,0.0,0,1
2.0,1.0,0.0,2,2.0,0,0.0,0.0,1.0,0.0,1,0,0,0,0,1.0,0,0.0,0,0,1,8.0,0.0,0.7142857142857142,0.0,0.0,0.0,0.0,0.0,0.0,0,1
10.0,1.0,2.0,9,4.0,3,1.0,2.0,9.0,9.0,2,2,2,1,0,2.0,2,0.2222,0,1,7,31.0,0.2258064516129032,0.5161290322580645,0.0,0.1290322580645161,0.0,0.0,0.1290322580645161,0.0,0,1
19.0,2.0,2.0,10,2.0,7,2.0,7.0,24.0,27.0,5,5,5,4,0,2.0,5,0.2083,0,1,17,50.5,0.3461538461538461,0.0,0.0,0.1538461538461538,0.0,0.0,0.2692307692307692,0.1153846153846153,0,1
2.0,1.0,0.0,2,1.0,0,0.0,0.0,1.0,0.0,1,0,0,0,0,1.0,0,0.0,0,0,1,4.0,0.0,0.7142857142857142,0.0,0.0,0.0,0.0,0.0,0.0,0,1
7.0,1.0,0.0,7,0.0,2,0.0,1.0,13.0,14.0,3,2,2,2,0,1.0,2,0.1538,0,1,6,6.0,0.6666666666666666,0.0,0.0,0.0,0.0,0.0,0.3333333333333333,0.0,0,1
2.0,1.0,0.0,2,1.0,0,0.0,0.0,1.0,0.0,1,0,0,0,0,1.0,0,0.0,0,0,1,4.0,0.0,0.7142857142857142,0.0,0.0,0.0,0.0,0.0,0.0,0,1
2.0,0.0,0.0,2,1.0,0,0.0,1.0,1.0,0.0,1,0,0,0,0,1.0,0,0.0,0,0,1,6.0,0.0,0.6666666666666666,0.0,0.0,0.0,0.0,0.3333333333333333,0.0,0,1
9.0,0.0,1.0,4,2.0,2,0.0,4.0,7.0,8.0,3,2,3,2,1,1.0,2,0.4286,1,1,7,13.0,0.4615384615384615,0.0,0.0,0.0,0.0,0.0,0.3076923076923077,0.2307692307692307,0,1
4.0,1.0,2.0,2,4.0,2,0.0,3.0,3.0,2.0,1,0,0,0,0,1.0,0,0.0,0,0,3,22.0,0.2727272727272727,0.3636363636363636,0.0,0.0,0.0,0.0,0.2727272727272727,0.0,0,1
4.0,1.0,0.0,4,1.0,2,0.0,5.0,3.0,2.0,1,1,1,0,0,2.0,1,0.3333,0,1,3,19.0,0.3157894736842105,0.0,0.0,0.1052631578947368,0.0,0.0,0.5263157894736842,0.0,0,1
5.0,2.0,2.0,4,1.0,2,1.0,1.0,5.0,5.0,2,1,1,1,0,1.0,1,0.2,0,1,4,13.0,0.4615384615384615,0.3076923076923077,0.0,0.2307692307692307,0.0,0.0,0.0,0.0,0,1
19.0,3.0,3.0,9,5.0,5,0.0,2.0,15.0,19.0,6,5,6,2,1,1.0,5,0.4,1,1,13,39.0,0.3846153846153846,0.5128205128205128,0.0,0.0,0.0,0.0,0.1025641025641025,0.0,0,1
16.0,2.0,2.0,11,1.0,7,2.0,7.5,15.0,17.0,4,5,5,3,0,3.0,5,0.3333,0,1,15,42.0,0.4761904761904761,0.0952380952380952,0.0,0.1904761904761904,0.0,0.0,0.238095238095238,0.0,0,1
2.0,2.0,1.0,4,1.0,0,0.0,1.0,1.0,0.0,1,0,0,0,0,1.0,0,0.0,0,0,1,6.0,0.0,0.6666666666666666,0.0,0.0,0.0,0.0,0.3333333333333333,0.0,0,1
17.0,2.0,4.0,12,7.0,8,2.0,7.5,20.0,23.0,5,4,6,4,4,3.0,4,0.3,1,1,16,50.5,0.3870967741935484,0.1935483870967742,0.0,0.1290322580645161,0.0,0.0,0.2580645161290322,0.032258064516129,0,1
2.0,1.0,0.0,4,3.0,0,0.0,1.0,1.0,0.0,1,0,0,0,0,1.0,0,0.0,0,0,1,11.0,0.0,0.7142857142857142,0.0,0.0,0.0,0.0,0.1818181818181818,0.0,0,1
2.0,2.0,1.0,4,0.0,1,2.0,0.0,1.0,0.0,1,0,0,0,0,1.0,0,0.0,0,0,1,11.0,0.2727272727272727,0.0,0.0,0.4166666666666665,0.0,0.0,0.0,0.0,0,1
9.0,2.0,1.0,6,2.0,6,1.0,1.0,10.0,10.0,2,3,4,2,3,3.5,3,0.4,1,1,8,22.0,0.4090909090909091,0.0,0.0,0.2727272727272727,0.0,0.0,0.2272727272727272,0.0,0,1
6.0,1.0,1.0,5,0.0,1,0.0,1.0,5.0,5.0,2,1,1,1,0,1.0,1,0.2,0,1,5,2.0,1.0,0.0,0.0,0.0,0.0,0.0,0.0,0.0,0,1
4.0,1.0,0.0,6,1.0,1,0.0,3.0,4.0,4.0,2,1,1,1,0,1.0,1,0.25,0,1,3,11.0,0.2727272727272727,0.3636363636363636,0.0,0.0,0.0,0.0,0.3636363636363636,0.0,0,1
7.0,1.0,2.0,5,2.0,2,0.0,4.0,9.0,10.0,3,1,2,2,2,1.0,1,0.2222,1,1,6,13.0,0.4615384615384615,0.0,0.0,0.0,0.0,0.0,0.4615384615384615,0.0769230769230769,0,1
21.5,2.0,3.0,13,7.5,10,2.5,7.5,23.0,29.0,6,5,6,5,2,2.0,5,0.3478,1,1,18,50.5,0.2517482517482518,0.1398601398601398,0.0,0.0839160839160839,0.0,0.0,0.3216783216783216,0.0629370629370629,0,1
4.0,1.0,0.0,4,1.0,1,0.0,3.0,3.0,2.0,1,1,1,0,0,2.0,1,0.3333,0,1,3,12.0,0.25,0.0,0.0,0.1666666666666666,0.0,0.0,0.5,0.0,0,1
4.0,1.0,0.0,4,1.0,1,0.0,3.0,3.0,2.0,1,1,1,0,0,2.0,1,0.3333,0,1,3,12.0,0.25,0.0,0.0,0.1666666666666666,0.0,0.0,0.5,0.0,0,1
2.0,2.0,1.0,4,1.0,0,0.0,0.0,1.0,0.0,1,0,0,0,0,1.0,0,0.0,0,0,1,4.0,0.0,0.7142857142857142,0.0,0.0,0.0,0.0,0.0,0.0,0,1
5.0,2.0,2.0,4,1.0,2,1.0,1.0,5.0,5.0,2,1,1,1,0,1.0,1,0.2,0,1,4,13.0,0.4615384615384615,0.3076923076923077,0.0,0.2307692307692307,0.0,0.0,0.0,0.0,0,1
2.0,2.0,1.0,3,1.0,0,0.0,0.0,1.0,0.0,1,0,1,1,1,1.0,0,0.6189,1,1,1,4.0,0.0,0.7142857142857142,0.0,0.0,0.0,0.0,0.0,0.0,0,1
21.5,2.0,3.0,13,6.0,8,0.0,7.0,23.0,29.5,6,5,6,2,1,1.0,5,0.3913,1,1,18,50.5,0.4,0.4,0.0,0.0,0.0,0.0,0.2,0.0,0,1
21.5,2.0,5.0,14,7.0,5,1.0,5.0,15.0,14.0,1,5,5,0,0,3.5,4,0.3333,0,1,15,50.5,0.1685393258426966,0.2696629213483146,0.0,0.0449438202247191,0.0,0.0,0.2808988764044944,0.0,0,1
8.0,2.0,5.0,6,1.0,2,2.0,2.0,7.0,6.0,1,1,1,0,0,2.0,1,0.1429,0,1,7,31.0,0.0967741935483871,0.1290322580645161,0.0,0.2580645161290322,0.0,0.0,0.2580645161290322,0.0,0,1
2.0,2.0,1.0,2,5.0,0,0.0,0.0,1.0,0.0,1,0,0,0,0,1.0,0,0.0,0,0,1,20.0,0.0,0.7142857142857142,0.0,0.0,0.0,0.0,0.0,0.0,0,1
11.0,3.0,2.0,9,0.0,0,0.0,0.0,6.0,4.0,1,1,1,0,0,3.0,0,0.1667,0,1,5,2.0,0.0,0.0,0.0,0.4166666666666665,0.0,0.0,0.0,0.0,0,1
4.0,3.0,4.0,5,3.0,0,0.0,1.0,3.0,2.0,1,0,0,0,0,1.0,0,0.0,0,0,3,14.0,0.0,0.7142857142857142,0.0,0.0,0.0,0.0,0.1428571428571428,0.0,0,1
21.5,3.0,5.0,18,7.0,8,0.0,7.5,25.5,29.5,6,5,6,5,0,1.0,3,0.2195,0,1,18,50.5,0.3157894736842105,0.2631578947368421,0.0,0.0,0.0,0.0,0.2105263157894736,0.2105263157894736,0,1
2.0,1.0,0.0,4,3.0,0,0.0,1.0,1.0,0.0,1,0,0,0,0,1.0,0,0.0,0,0,1,11.0,0.0,0.7142857142857142,0.0,0.0,0.0,0.0,0.1818181818181818,0.0,0,1
5.0,2.0,2.0,4,1.0,2,1.0,1.0,5.0,5.0,2,1,1,1,0,1.0,1,0.2,0,1,4,13.0,0.4615384615384615,0.3076923076923077,0.0,0.2307692307692307,0.0,0.0,0.0,0.0,0,1
11.0,2.0,3.0,5,2.0,2,0.0,2.0,9.0,10.0,3,2,2,1,0,1.0,2,0.2222,0,1,8,13.0,0.3846153846153846,0.3076923076923077,0.0,0.0,0.0,0.0,0.1538461538461538,0.0,0,1
2.0,1.0,0.0,2,1.0,2,0.0,5.0,1.0,0.0,1,0,0,0,0,1.0,0,0.0,0,0,1,16.0,0.375,0.0,0.0,0.0,0.0,0.0,0.625,0.0,0,1
2.0,1.0,0.0,2,1.0,0,0.0,2.0,8.0,7.0,1,0,0,0,0,0.0,0,0.0,0,0,2,4.0,0.0,0.0,0.0,0.0,0.0,0.0,0.9375,0.0,0,1
2.0,0.0,0.0,2,1.0,0,0.0,2.0,6.0,5.0,1,0,0,0,0,0.0,0,0.0,0,0,2,4.0,0.0,0.0,0.0,0.0,0.0,0.0,0.9375,0.0,0,1
21.5,3.0,6.0,16,1.0,5,0.0,5.0,25.5,29.5,6,5,6,2,1,1.0,5,0.2308,1,1,18,38.0,0.3947368421052631,0.1052631578947368,0.0,0.0,0.0,0.0,0.2631578947368421,0.2368421052631578,0,1
21.5,3.5,6.0,18,3.0,6,0.0,6.0,25.5,27.0,2,5,6,3,3,3.5,5,0.3333,1,1,18,47.0,0.3829787234042553,0.2553191489361702,0.0,0.0,0.0,0.0,0.2553191489361702,0.1063829787234042,0,1
21.5,3.5,7.5,18,7.5,10,2.0,7.5,25.5,29.5,6,5,6,5,1,2.0,5,0.2105,1,1,18,50.5,0.1784386617100371,0.550185873605948,0.0,0.0297397769516728,0.0,0.0,0.1338289962825278,0.1003717472118959,0,1
3.0,0.0,0.0,2,0.0,0,0.0,0.0,4.0,3.0,1,0,0,0,0,0.0,0,0.0,0,0,2,1.0,0.0,0.0,0.0,0.0,0.0,0.0,0.0,0.357142857142857,0,1
8.0,2.0,0.0,5,0.0,4,2.0,2.0,6.0,6.0,2,2,2,1,0,0.0,2,0.3333,0,1,4,18.0,0.3333333333333333,0.0,0.0,0.4166666666666665,0.0,0.0,0.2222222222222222,0.0,0,1
5.0,2.0,0.0,3,1.0,0,0.0,3.0,4.0,3.0,1,0,0,0,0,1.0,0,0.0,0,0,4,12.0,0.0,0.3333333333333333,0.0,0.0,0.0,0.0,0.5,0.1666666666666666,0,1
11.0,2.0,2.0,6,7.5,1,0.0,4.0,11.0,11.0,2,0,1,1,2,1.0,0,0.0909,1,1,9,36.0,0.0555555555555555,0.6666666666666666,0.0,0.0,0.0,0.0,0.2222222222222222,0.0555555555555555,0,1
10.0,3.0,4.0,4,7.5,0,0.0,6.0,6.0,5.0,1,0,0,0,0,1.0,0,0.0,0,0,6,48.0,0.0,0.7142857142857142,0.0,0.0,0.0,0.0,0.25,0.0,0,1
7.0,2.0,0.0,4,2.0,0,0.0,0.0,4.0,3.0,1,0,0,0,0,1.0,0,0.0,0,0,4,9.0,0.0,0.7142857142857142,0.0,0.0,0.0,0.0,0.0,0.1111111111111111,0,1
16.0,3.5,6.0,6,2.0,0,0.0,4.0,25.5,29.5,1,0,0,0,0,0.0,0,0.0,0,0,16,16.0,0.0,0.25,0.0,0.0,0.0,0.0,0.5,0.1875,0,1
2.0,1.0,0.0,1,0.0,0,0.0,0.0,1.0,0.0,1,0,0,0,0,0.0,0,0.0,0,0,1,1.0,0.0,0.0,0.0,0.0,0.0,0.0,0.0,0.357142857142857,0,1
2.0,1.0,0.0,1,0.0,0,0.0,0.0,1.0,0.0,1,0,0,0,0,0.0,0,0.0,0,0,1,1.0,0.0,0.0,0.0,0.0,0.0,0.0,0.0,0.357142857142857,0,1
2.0,1.0,0.0,1,0.0,0,0.0,0.0,1.0,0.0,1,0,0,0,0,0.0,0,0.0,0,0,1,1.0,0.0,0.0,0.0,0.0,0.0,0.0,0.0,0.357142857142857,0,1
16.0,3.5,5.0,6,2.0,0,0.0,4.0,25.5,29.5,1,0,0,0,0,0.0,0,0.0,0,0,16,16.0,0.0,0.25,0.0,0.0,0.0,0.0,0.5,0.1875,0,1
21.5,3.5,7.5,18,7.5,10,2.5,7.5,25.5,29.5,6,5,6,5,5,1.0,5,0.2178,1,1,18,50.5,0.1263940520446096,0.4014869888475836,0.0,0.0817843866171003,0.0,0.0,0.2527881040892193,0.137546468401487,0,1
2.0,0.0,0.0,1,0.0,1,0.0,3.0,1.0,0.0,1,0,0,0,0,1.0,0,0.0,0,0,1,9.0,0.3333333333333333,0.0,0.0,0.0,0.0,0.0,0.6666666666666666,0.0,0,1
3.0,2.0,2.0,5,3.0,1,0.0,1.0,4.0,4.0,2,0,1,1,2,0.0,0,0.25,1,1,2,10.0,0.3,0.4,0.0,0.0,0.0,0.0,0.2,0.1,0,1
5.0,3.0,3.0,6,4.0,1,0.0,1.0,4.0,4.0,2,0,1,1,2,0.0,0,0.25,1,1,2,14.0,0.2142857142857142,0.5714285714285714,0.0,0.0,0.0,0.0,0.1428571428571428,0.0714285714285714,0,1
2.0,0.0,0.0,2,1.0,0,0.0,1.0,1.0,0.0,1,0,0,0,0,1.0,0,0.0,0,0,1,6.0,0.0,0.6666666666666666,0.0,0.0,0.0,0.0,0.3333333333333333,0.0,0,1
15.0,3.5,3.0,9,3.0,3,0.0,2.0,25.5,25.0,1,0,0,0,0,0.0,0,0.0,0,0,13,22.0,0.0454545454545454,0.5454545454545454,0.0,0.0909090909090909,0.0,0.0,0.1818181818181818,0.1363636363636363,0,1
12.0,0.0,4.0,10,7.5,3,0.0,7.5,15.0,16.0,3,1,3,2,4,1.0,1,0.2,1,1,11,50.5,0.1343283582089552,0.4776119402985074,0.0,0.0,0.0,0.0,0.3283582089552239,0.0597014925373134,0,1
16.0,0.0,3.0,17,5.0,7,0.0,5.0,13.0,14.0,3,1,2,2,2,1.0,1,0.1538,1,1,11,34.0,0.1176470588235294,0.3529411764705882,0.0,0.1176470588235294,0.0,0.0,0.2941176470588235,0.1176470588235294,0,1
6.0,1.0,1.0,4,2.0,1,0.0,1.0,6.0,7.0,3,1,2,1,2,1.0,0,0.3333,1,1,5,4.0,0.25,0.0,0.0,0.0,0.0,0.0,0.5,0.25,0,1
21.5,1.0,7.5,18,7.5,9,1.0,7.5,25.5,29.5,6,5,6,5,2,1.0,5,0.2188,1,1,18,50.5,0.081081081081081,0.4054054054054054,0.0,0.0945945945945946,0.0,0.0,0.3378378378378378,0.081081081081081,0,1
4.0,0.0,2.0,5,3.0,1,0.0,3.0,5.0,5.0,2,0,1,1,2,0.0,0,0.2,1,1,3,14.0,0.2142857142857142,0.2857142857142857,0.0,0.0,0.0,0.0,0.4285714285714285,0.0714285714285714,0,1
5.0,0.0,0.0,4,0.0,6,0.0,0.0,5.0,5.0,2,0,1,1,2,1.0,0,0.2,1,1,4,1.0,0.0,0.0,0.0,0.0,0.0,0.0,0.0,0.357142857142857,0,1
3.0,3.0,0.0,3,0.0,0,0.0,1.0,1.0,0.0,1,0,0,0,0,0.0,0,0.0,0,0,1,3.0,0.0,0.0,0.0,0.0,0.0,0.0,0.6666666666666666,0.3333333333333333,0,1
2.0,0.0,0.0,2,1.0,0,0.0,0.0,1.0,0.0,1,0,0,0,0,1.0,0,0.0,0,0,1,4.0,0.0,0.7142857142857142,0.0,0.0,0.0,0.0,0.0,0.0,0,1
5.0,1.0,1.0,3,0.0,0,0.0,1.0,5.0,5.0,2,0,1,1,2,1.0,0,0.2,1,1,4,3.0,0.0,0.0,0.0,0.0,0.0,0.0,0.6666666666666666,0.3333333333333333,0,1
2.0,0.0,0.0,2,2.0,0,0.0,0.0,1.0,0.0,1,0,0,0,0,1.0,0,0.0,0,0,1,8.0,0.0,0.7142857142857142,0.0,0.0,0.0,0.0,0.0,0.0,0,1
7.0,1.0,0.0,13,3.0,1,0.0,3.0,3.0,2.0,1,1,1,0,0,2.0,1,0.3333,0,1,3,13.0,0.2307692307692307,0.3076923076923077,0.0,0.0,0.0,0.0,0.4615384615384615,0.0,0,1
9.0,1.0,2.0,8,2.0,2,0.0,1.0,9.0,10.0,3,2,3,2,2,2.0,2,0.3333,1,1,7,9.0,0.4444444444444444,0.0,0.0,0.2222222222222222,0.0,0.0,0.2222222222222222,0.1111111111111111,0,1
2.0,0.0,0.0,1,1.0,0,0.0,1.0,1.0,0.0,1,0,0,0,0,1.0,0,0.0,0,0,1,8.0,0.0,0.5,0.0,0.25,0.0,0.0,0.25,0.0,0,1
17.0,1.0,1.0,8,0.0,7,2.5,0.0,9.0,7.0,1,2,3,1,1,3.5,2,0.3333,1,1,8,47.0,0.3404255319148936,0.0,0.0,0.4166666666666665,0.0,0.0,0.0638297872340425,0.0,0,1
4.0,1.0,0.0,3,0.0,0,0.0,0.0,2.0,1.0,1,0,0,0,0,0.0,0,0.0,0,0,2,2.0,0.0,0.0,0.0,0.0,0.0,0.0,0.0,0.357142857142857,0,1
4.0,1.0,0.0,3,0.0,0,0.0,1.0,2.0,1.0,1,0,0,0,0,0.0,0,0.0,0,0,2,2.0,0.0,0.0,0.0,0.0,0.0,0.0,0.0,0.357142857142857,0,1
21.5,3.0,7.5,18,7.5,7,0.0,6.0,25.5,29.5,6,3,6,5,5,0.0,2,0.1186,1,1,18,50.5,0.3181818181818182,0.3636363636363636,0.0,0.0303030303030303,0.0,0.0,0.1818181818181818,0.106060606060606,0,1
4.0,0.0,0.0,4,0.0,1,0.0,0.0,3.0,3.0,2,1,1,1,0,1.0,1,0.3333,0,1,3,2.0,0.5,0.0,0.0,0.0,0.0,0.0,0.0,0.357142857142857,0,1
4.0,0.0,0.0,3,0.0,1,0.0,0.0,3.0,3.0,2,1,1,1,0,1.0,1,0.3333,0,1,3,2.0,0.5,0.0,0.0,0.0,0.0,0.0,0.0,0.357142857142857,0,1
