1:LVR:POS:0:org.apache.commons.lang3.time.FastDateFormat:111:4159:7 |==> 0
2:LVR:POS:NEG:org.apache.commons.lang3.time.FastDateFormat:111:4159:7 |==> -7
3:LVR:POS:0:org.apache.commons.lang3.time.FastDateFormat:112:4273:7 |==> 0
4:LVR:POS:NEG:org.apache.commons.lang3.time.FastDateFormat:112:4273:7 |==> -7
5:LVR:POS:0:org.apache.commons.lang3.time.FastDateFormat:113:4387:7 |==> 0
6:LVR:POS:NEG:org.apache.commons.lang3.time.FastDateFormat:113:4387:7 |==> -7
7:LVR:POS:0:org.apache.commons.lang3.time.FastDateFormat:114:4505:7 |==> 0
8:LVR:POS:NEG:org.apache.commons.lang3.time.FastDateFormat:114:4505:7 |==> -7
9:LVR:POS:0:org.apache.commons.lang3.time.FastDateFormat:115:4606:7 |==> 0
10:LVR:POS:NEG:org.apache.commons.lang3.time.FastDateFormat:115:4606:7 |==> -7
11:ROR:==(java.lang.Object,java.lang.Object):FALSE(java.lang.Object,java.lang.Object):org.apache.commons.lang3.time.FastDateFormat@getInstance(java.lang.String,java.util.TimeZone,java.util.Locale):215:7850:format == null |==> false
12:STD:<ASSIGN>:<NO-OP>:org.apache.commons.lang3.time.FastDateFormat@getInstance(java.lang.String,java.util.TimeZone,java.util.Locale):216:7873:format = emptyFormat; |==> <NO-OP>
13:STD:<CALL>:<NO-OP>:org.apache.commons.lang3.time.FastDateFormat@getInstance(java.lang.String,java.util.TimeZone,java.util.Locale):217:7907:format.init(); |==> <NO-OP>
14:STD:<CALL>:<NO-OP>:org.apache.commons.lang3.time.FastDateFormat@getInstance(java.lang.String,java.util.TimeZone,java.util.Locale):218:7975:cInstanceCache.put(format, format); |==> <NO-OP>
15:ROR:!=(java.lang.Object,java.lang.Object):TRUE(java.lang.Object,java.lang.Object):org.apache.commons.lang3.time.FastDateFormat@getDateInstance(int,java.util.TimeZone,java.util.Locale):282:10433:timeZone != null |==> true
16:STD:<ASSIGN>:<NO-OP>:org.apache.commons.lang3.time.FastDateFormat@getDateInstance(int,java.util.TimeZone,java.util.Locale):283:10456:key = new Pair(key, timeZone); |==> <NO-OP>
17:ROR:==(java.lang.Object,java.lang.Object):FALSE(java.lang.Object,java.lang.Object):org.apache.commons.lang3.time.FastDateFormat@getDateInstance(int,java.util.TimeZone,java.util.Locale):286:10517:locale == null |==> false
18:STD:<ASSIGN>:<NO-OP>:org.apache.commons.lang3.time.FastDateFormat@getDateInstance(int,java.util.TimeZone,java.util.Locale):287:10540:locale = Locale.getDefault(); |==> <NO-OP>
19:STD:<ASSIGN>:<NO-OP>:org.apache.commons.lang3.time.FastDateFormat@getDateInstance(int,java.util.TimeZone,java.util.Locale):290:10589:key = new Pair(key, locale); |==> <NO-OP>
20:ROR:==(java.lang.Object,java.lang.Object):FALSE(java.lang.Object,java.lang.Object):org.apache.commons.lang3.time.FastDateFormat@getDateInstance(int,java.util.TimeZone,java.util.Locale):293:10699:format == null |==> false
21:STD:<ASSIGN>:<NO-OP>:org.apache.commons.lang3.time.FastDateFormat@getDateInstance(int,java.util.TimeZone,java.util.Locale):297:10907:format = getInstance(pattern, timeZone, locale); |==> <NO-OP>
22:STD:<CALL>:<NO-OP>:org.apache.commons.lang3.time.FastDateFormat@getDateInstance(int,java.util.TimeZone,java.util.Locale):298:10972:cDateInstanceCache.put(key, format); |==> <NO-OP>
23:ROR:!=(java.lang.Object,java.lang.Object):TRUE(java.lang.Object,java.lang.Object):org.apache.commons.lang3.time.FastDateFormat@getTimeInstance(int,java.util.TimeZone,java.util.Locale):367:13594:timeZone != null |==> true
24:STD:<ASSIGN>:<NO-OP>:org.apache.commons.lang3.time.FastDateFormat@getTimeInstance(int,java.util.TimeZone,java.util.Locale):368:13617:key = new Pair(key, timeZone); |==> <NO-OP>
25:ROR:!=(java.lang.Object,java.lang.Object):TRUE(java.lang.Object,java.lang.Object):org.apache.commons.lang3.time.FastDateFormat@getTimeInstance(int,java.util.TimeZone,java.util.Locale):370:13677:locale != null |==> true
26:STD:<ASSIGN>:<NO-OP>:org.apache.commons.lang3.time.FastDateFormat@getTimeInstance(int,java.util.TimeZone,java.util.Locale):371:13700:key = new Pair(key, locale); |==> <NO-OP>
27:ROR:==(java.lang.Object,java.lang.Object):FALSE(java.lang.Object,java.lang.Object):org.apache.commons.lang3.time.FastDateFormat@getTimeInstance(int,java.util.TimeZone,java.util.Locale):375:13820:format == null |==> false
28:ROR:==(java.lang.Object,java.lang.Object):FALSE(java.lang.Object,java.lang.Object):org.apache.commons.lang3.time.FastDateFormat@getTimeInstance(int,java.util.TimeZone,java.util.Locale):376:13854:locale == null |==> false
29:STD:<ASSIGN>:<NO-OP>:org.apache.commons.lang3.time.FastDateFormat@getTimeInstance(int,java.util.TimeZone,java.util.Locale):377:13881:locale = Locale.getDefault(); |==> <NO-OP>
30:STD:<ASSIGN>:<NO-OP>:org.apache.commons.lang3.time.FastDateFormat@getTimeInstance(int,java.util.TimeZone,java.util.Locale):383:14123:format = getInstance(pattern, timeZone, locale); |==> <NO-OP>
31:STD:<CALL>:<NO-OP>:org.apache.commons.lang3.time.FastDateFormat@getTimeInstance(int,java.util.TimeZone,java.util.Locale):384:14188:cTimeInstanceCache.put(key, format); |==> <NO-OP>
32:ROR:!=(java.lang.Object,java.lang.Object):TRUE(java.lang.Object,java.lang.Object):org.apache.commons.lang3.time.FastDateFormat@getDateTimeInstance(int,int,java.util.TimeZone,java.util.Locale):461:17392:timeZone != null |==> true
33:STD:<ASSIGN>:<NO-OP>:org.apache.commons.lang3.time.FastDateFormat@getDateTimeInstance(int,int,java.util.TimeZone,java.util.Locale):462:17415:key = new Pair(key, timeZone); |==> <NO-OP>
34:ROR:==(java.lang.Object,java.lang.Object):FALSE(java.lang.Object,java.lang.Object):org.apache.commons.lang3.time.FastDateFormat@getDateTimeInstance(int,int,java.util.TimeZone,java.util.Locale):464:17475:locale == null |==> false
35:STD:<ASSIGN>:<NO-OP>:org.apache.commons.lang3.time.FastDateFormat@getDateTimeInstance(int,int,java.util.TimeZone,java.util.Locale):465:17498:locale = Locale.getDefault(); |==> <NO-OP>
36:STD:<ASSIGN>:<NO-OP>:org.apache.commons.lang3.time.FastDateFormat@getDateTimeInstance(int,int,java.util.TimeZone,java.util.Locale):467:17546:key = new Pair(key, locale); |==> <NO-OP>
37:ROR:==(java.lang.Object,java.lang.Object):FALSE(java.lang.Object,java.lang.Object):org.apache.commons.lang3.time.FastDateFormat@getDateTimeInstance(int,int,java.util.TimeZone,java.util.Locale):470:17660:format == null |==> false
38:STD:<ASSIGN>:<NO-OP>:org.apache.commons.lang3.time.FastDateFormat@getDateTimeInstance(int,int,java.util.TimeZone,java.util.Locale):475:17911:format = getInstance(pattern, timeZone, locale); |==> <NO-OP>
39:STD:<CALL>:<NO-OP>:org.apache.commons.lang3.time.FastDateFormat@getDateTimeInstance(int,int,java.util.TimeZone,java.util.Locale):476:17976:cDateTimeInstanceCache.put(key, format); |==> <NO-OP>
40:ROR:==(java.lang.Object,java.lang.Object):FALSE(java.lang.Object,java.lang.Object):org.apache.commons.lang3.time.FastDateFormat@getTimeZoneDisplay(java.util.TimeZone,boolean,int,java.util.Locale):499:18930:value == null |==> false
41:STD:<ASSIGN>:<NO-OP>:org.apache.commons.lang3.time.FastDateFormat@getTimeZoneDisplay(java.util.TimeZone,boolean,int,java.util.Locale):501:19016:value = tz.getDisplayName(daylight, style, locale); |==> <NO-OP>
42:STD:<CALL>:<NO-OP>:org.apache.commons.lang3.time.FastDateFormat@getTimeZoneDisplay(java.util.TimeZone,boolean,int,java.util.Locale):502:19080:cTimeZoneDisplayCache.put(key, value); |==> <NO-OP>
43:ROR:==(java.lang.Object,java.lang.Object):FALSE(java.lang.Object,java.lang.Object):org.apache.commons.lang3.time.FastDateFormat@getDefaultPattern():513:19346:cDefaultPattern == null |==> false
44:STD:<ASSIGN>:<NO-OP>:org.apache.commons.lang3.time.FastDateFormat@getDefaultPattern():514:19369:cDefaultPattern = new SimpleDateFormat().toPattern(); |==> <NO-OP>
45:ROR:==(java.lang.Object,java.lang.Object):FALSE(java.lang.Object,java.lang.Object):org.apache.commons.lang3.time.FastDateFormat@<init>(java.lang.String,java.util.TimeZone,java.util.Locale):536:20174:pattern == null |==> false
46:ROR:!=(java.lang.Object,java.lang.Object):TRUE(java.lang.Object,java.lang.Object):org.apache.commons.lang3.time.FastDateFormat@<init>(java.lang.String,java.util.TimeZone,java.util.Locale):541:20348:timeZone != null |==> true
47:ROR:==(java.lang.Object,java.lang.Object):FALSE(java.lang.Object,java.lang.Object):org.apache.commons.lang3.time.FastDateFormat@<init>(java.lang.String,java.util.TimeZone,java.util.Locale):542:20379:timeZone == null |==> false
48:STD:<ASSIGN>:<NO-OP>:org.apache.commons.lang3.time.FastDateFormat@<init>(java.lang.String,java.util.TimeZone,java.util.Locale):543:20402:timeZone = TimeZone.getDefault(); |==> <NO-OP>
49:ROR:!=(java.lang.Object,java.lang.Object):TRUE(java.lang.Object,java.lang.Object):org.apache.commons.lang3.time.FastDateFormat@<init>(java.lang.String,java.util.TimeZone,java.util.Locale):547:20517:locale != null |==> true
50:ROR:==(java.lang.Object,java.lang.Object):FALSE(java.lang.Object,java.lang.Object):org.apache.commons.lang3.time.FastDateFormat@<init>(java.lang.String,java.util.TimeZone,java.util.Locale):548:20546:locale == null |==> false
51:STD:<ASSIGN>:<NO-OP>:org.apache.commons.lang3.time.FastDateFormat@<init>(java.lang.String,java.util.TimeZone,java.util.Locale):549:20569:locale = Locale.getDefault(); |==> <NO-OP>
52:STD:<ASSIGN>:<NO-OP>:org.apache.commons.lang3.time.FastDateFormat@init():559:20795:mRules = rulesList.toArray(new Rule[rulesList.size()]); |==> <NO-OP>
53:LVR:0:POS:org.apache.commons.lang3.time.FastDateFormat@init():561:20870:0 |==> 1
54:LVR:0:NEG:org.apache.commons.lang3.time.FastDateFormat@init():561:20870:0 |==> -1
55:LVR:0:POS:org.apache.commons.lang3.time.FastDateFormat@init():562:20914:0 |==> 1
56:LVR:0:NEG:org.apache.commons.lang3.time.FastDateFormat@init():562:20914:0 |==> -1
57:ROR:>=(int,int):==(int,int):org.apache.commons.lang3.time.FastDateFormat@init():562:20907:--i >= 0 |==> --i == 0
58:ROR:>=(int,int):>(int,int):org.apache.commons.lang3.time.FastDateFormat@init():562:20907:--i >= 0 |==> --i > 0
59:ROR:>=(int,int):TRUE(int,int):org.apache.commons.lang3.time.FastDateFormat@init():562:20911:--i >= 0 |==> true
60:STD:<ASSIGN>:<NO-OP>:org.apache.commons.lang3.time.FastDateFormat@init():563:20933:len += mRules[i].estimateLength(); |==> <NO-OP>
61:STD:<ASSIGN>:<NO-OP>:org.apache.commons.lang3.time.FastDateFormat@init():566:20987:mMaxLengthEstimate = len; |==> <NO-OP>
62:LVR:POS:0:org.apache.commons.lang3.time.FastDateFormat@parsePattern():589:21866:1 |==> 0
63:LVR:POS:NEG:org.apache.commons.lang3.time.FastDateFormat@parsePattern():589:21866:1 |==> -1
64:LVR:0:POS:org.apache.commons.lang3.time.FastDateFormat@parsePattern():591:21892:0 |==> 1
65:LVR:0:NEG:org.apache.commons.lang3.time.FastDateFormat@parsePattern():591:21892:0 |==> -1
66:ROR:<(int,int):!=(int,int):org.apache.commons.lang3.time.FastDateFormat@parsePattern():591:21895:i < length |==> i != length
67:ROR:<(int,int):<=(int,int):org.apache.commons.lang3.time.FastDateFormat@parsePattern():591:21895:i < length |==> i <= length
68:ROR:<(int,int):FALSE(int,int):org.apache.commons.lang3.time.FastDateFormat@parsePattern():591:21897:i < length |==> false
69:LVR:0:POS:org.apache.commons.lang3.time.FastDateFormat@parsePattern():592:21935:0 |==> 1
70:LVR:0:NEG:org.apache.commons.lang3.time.FastDateFormat@parsePattern():592:21935:0 |==> -1
71:STD:<ASSIGN>:<NO-OP>:org.apache.commons.lang3.time.FastDateFormat@parsePattern():592:21926:indexRef[0] = i; |==> <NO-OP>
72:LVR:0:POS:org.apache.commons.lang3.time.FastDateFormat@parsePattern():594:22027:0 |==> 1
73:LVR:0:NEG:org.apache.commons.lang3.time.FastDateFormat@parsePattern():594:22027:0 |==> -1
74:STD:<ASSIGN>:<NO-OP>:org.apache.commons.lang3.time.FastDateFormat@parsePattern():594:22014:i = indexRef[0]; |==> <NO-OP>
75:LVR:0:POS:org.apache.commons.lang3.time.FastDateFormat@parsePattern():597:22103:0 |==> 1
76:LVR:0:NEG:org.apache.commons.lang3.time.FastDateFormat@parsePattern():597:22103:0 |==> -1
77:ROR:==(int,int):<=(int,int):org.apache.commons.lang3.time.FastDateFormat@parsePattern():597:22091:tokenLen == 0 |==> tokenLen <= 0
78:ROR:==(int,int):>=(int,int):org.apache.commons.lang3.time.FastDateFormat@parsePattern():597:22091:tokenLen == 0 |==> tokenLen >= 0
79:ROR:==(int,int):FALSE(int,int):org.apache.commons.lang3.time.FastDateFormat@parsePattern():597:22100:tokenLen == 0 |==> false
80:LVR:0:POS:org.apache.commons.lang3.time.FastDateFormat@parsePattern():602:22203:0 |==> 1
81:LVR:0:NEG:org.apache.commons.lang3.time.FastDateFormat@parsePattern():602:22203:0 |==> -1
82:LVR:POS:0:org.apache.commons.lang3.time.FastDateFormat@parsePattern():609:22432:4 |==> 0
83:LVR:POS:NEG:org.apache.commons.lang3.time.FastDateFormat@parsePattern():609:22432:4 |==> -4
84:ROR:>=(int,int):==(int,int):org.apache.commons.lang3.time.FastDateFormat@parsePattern():609:22420:tokenLen >= 4 |==> tokenLen == 4
85:ROR:>=(int,int):>(int,int):org.apache.commons.lang3.time.FastDateFormat@parsePattern():609:22420:tokenLen >= 4 |==> tokenLen > 4
86:ROR:>=(int,int):TRUE(int,int):org.apache.commons.lang3.time.FastDateFormat@parsePattern():609:22429:tokenLen >= 4 |==> true
87:LVR:POS:0:org.apache.commons.lang3.time.FastDateFormat@parsePattern():616:22717:4 |==> 0
88:LVR:POS:NEG:org.apache.commons.lang3.time.FastDateFormat@parsePattern():616:22717:4 |==> -4
89:ROR:>=(int,int):==(int,int):org.apache.commons.lang3.time.FastDateFormat@parsePattern():616:22705:tokenLen >= 4 |==> tokenLen == 4
90:ROR:>=(int,int):>(int,int):org.apache.commons.lang3.time.FastDateFormat@parsePattern():616:22705:tokenLen >= 4 |==> tokenLen > 4
91:ROR:>=(int,int):TRUE(int,int):org.apache.commons.lang3.time.FastDateFormat@parsePattern():616:22714:tokenLen >= 4 |==> true
92:LVR:POS:0:org.apache.commons.lang3.time.FastDateFormat@parsePattern():618:22827:3 |==> 0
93:LVR:POS:NEG:org.apache.commons.lang3.time.FastDateFormat@parsePattern():618:22827:3 |==> -3
94:ROR:==(int,int):<=(int,int):org.apache.commons.lang3.time.FastDateFormat@parsePattern():618:22815:tokenLen == 3 |==> tokenLen <= 3
95:ROR:==(int,int):>=(int,int):org.apache.commons.lang3.time.FastDateFormat@parsePattern():618:22815:tokenLen == 3 |==> tokenLen >= 3
96:ROR:==(int,int):FALSE(int,int):org.apache.commons.lang3.time.FastDateFormat@parsePattern():618:22824:tokenLen == 3 |==> false
97:LVR:POS:0:org.apache.commons.lang3.time.FastDateFormat@parsePattern():620:22942:2 |==> 0
98:LVR:POS:NEG:org.apache.commons.lang3.time.FastDateFormat@parsePattern():620:22942:2 |==> -2
99:ROR:==(int,int):<=(int,int):org.apache.commons.lang3.time.FastDateFormat@parsePattern():620:22930:tokenLen == 2 |==> tokenLen <= 2
100:ROR:==(int,int):>=(int,int):org.apache.commons.lang3.time.FastDateFormat@parsePattern():620:22930:tokenLen == 2 |==> tokenLen >= 2
101:ROR:==(int,int):FALSE(int,int):org.apache.commons.lang3.time.FastDateFormat@parsePattern():620:22939:tokenLen == 2 |==> false
102:LVR:POS:0:org.apache.commons.lang3.time.FastDateFormat@parsePattern():645:24121:4 |==> 0
103:LVR:POS:NEG:org.apache.commons.lang3.time.FastDateFormat@parsePattern():645:24121:4 |==> -4
104:ROR:<(int,int):!=(int,int):org.apache.commons.lang3.time.FastDateFormat@parsePattern():645:24110:tokenLen < 4 |==> tokenLen != 4
105:ROR:<(int,int):<=(int,int):org.apache.commons.lang3.time.FastDateFormat@parsePattern():645:24110:tokenLen < 4 |==> tokenLen <= 4
106:ROR:<(int,int):FALSE(int,int):org.apache.commons.lang3.time.FastDateFormat@parsePattern():645:24119:tokenLen < 4 |==> false
107:LVR:POS:0:org.apache.commons.lang3.time.FastDateFormat@parsePattern():669:25278:4 |==> 0
108:LVR:POS:NEG:org.apache.commons.lang3.time.FastDateFormat@parsePattern():669:25278:4 |==> -4
109:ROR:>=(int,int):==(int,int):org.apache.commons.lang3.time.FastDateFormat@parsePattern():669:25266:tokenLen >= 4 |==> tokenLen == 4
110:ROR:>=(int,int):>(int,int):org.apache.commons.lang3.time.FastDateFormat@parsePattern():669:25266:tokenLen >= 4 |==> tokenLen > 4
111:ROR:>=(int,int):TRUE(int,int):org.apache.commons.lang3.time.FastDateFormat@parsePattern():669:25275:tokenLen >= 4 |==> true
112:LVR:POS:0:org.apache.commons.lang3.time.FastDateFormat@parsePattern():676:25627:1 |==> 0
113:LVR:POS:NEG:org.apache.commons.lang3.time.FastDateFormat@parsePattern():676:25627:1 |==> -1
114:ROR:==(int,int):<=(int,int):org.apache.commons.lang3.time.FastDateFormat@parsePattern():676:25615:tokenLen == 1 |==> tokenLen <= 1
115:ROR:==(int,int):>=(int,int):org.apache.commons.lang3.time.FastDateFormat@parsePattern():676:25615:tokenLen == 1 |==> tokenLen >= 1
116:ROR:==(int,int):FALSE(int,int):org.apache.commons.lang3.time.FastDateFormat@parsePattern():676:25624:tokenLen == 1 |==> false
117:LVR:POS:0:org.apache.commons.lang3.time.FastDateFormat@parsePattern():683:25909:1 |==> 0
118:LVR:POS:NEG:org.apache.commons.lang3.time.FastDateFormat@parsePattern():683:25909:1 |==> -1
119:LVR:POS:0:org.apache.commons.lang3.time.FastDateFormat@parsePattern():684:25949:1 |==> 0
120:LVR:POS:NEG:org.apache.commons.lang3.time.FastDateFormat@parsePattern():684:25949:1 |==> -1
121:ROR:==(int,int):<=(int,int):org.apache.commons.lang3.time.FastDateFormat@parsePattern():684:25933:sub.length() == 1 |==> sub.length() <= 1
122:ROR:==(int,int):>=(int,int):org.apache.commons.lang3.time.FastDateFormat@parsePattern():684:25933:sub.length() == 1 |==> sub.length() >= 1
123:ROR:==(int,int):FALSE(int,int):org.apache.commons.lang3.time.FastDateFormat@parsePattern():684:25946:sub.length() == 1 |==> false
124:LVR:0:POS:org.apache.commons.lang3.time.FastDateFormat@parsePattern():685:26013:0 |==> 1
125:LVR:0:NEG:org.apache.commons.lang3.time.FastDateFormat@parsePattern():685:26013:0 |==> -1
126:STD:<CALL>:<NO-OP>:org.apache.commons.lang3.time.FastDateFormat@parsePattern():694:26274:rules.add(rule); |==> <NO-OP>
127:LVR:0:POS:org.apache.commons.lang3.time.FastDateFormat@parseToken(java.lang.String,int[]):710:26646:0 |==> 1
128:LVR:0:NEG:org.apache.commons.lang3.time.FastDateFormat@parseToken(java.lang.String,int[]):710:26646:0 |==> -1
129:ROR:>=(int,int):==(int,int):org.apache.commons.lang3.time.FastDateFormat@parseToken(java.lang.String,int[]):714:26738:c >= 'A' |==> c == 'A'
130:ROR:>=(int,int):>(int,int):org.apache.commons.lang3.time.FastDateFormat@parseToken(java.lang.String,int[]):714:26738:c >= 'A' |==> c > 'A'
131:ROR:>=(int,int):TRUE(int,int):org.apache.commons.lang3.time.FastDateFormat@parseToken(java.lang.String,int[]):714:26740:c >= 'A' |==> true
132:ROR:<=(int,int):<(int,int):org.apache.commons.lang3.time.FastDateFormat@parseToken(java.lang.String,int[]):714:26750:c <= 'Z' |==> c < 'Z'
133:ROR:<=(int,int):==(int,int):org.apache.commons.lang3.time.FastDateFormat@parseToken(java.lang.String,int[]):714:26750:c <= 'Z' |==> c == 'Z'
134:ROR:<=(int,int):TRUE(int,int):org.apache.commons.lang3.time.FastDateFormat@parseToken(java.lang.String,int[]):714:26752:c <= 'Z' |==> true
135:COR:&&(boolean,boolean):FALSE(boolean,boolean):org.apache.commons.lang3.time.FastDateFormat@parseToken(java.lang.String,int[]):714:26747:c >= 'A' && c <= 'Z' |==> false
136:COR:&&(boolean,boolean):LHS(boolean,boolean):org.apache.commons.lang3.time.FastDateFormat@parseToken(java.lang.String,int[]):714:26738:c >= 'A' && c <= 'Z' |==> c >= 'A'
137:COR:&&(boolean,boolean):RHS(boolean,boolean):org.apache.commons.lang3.time.FastDateFormat@parseToken(java.lang.String,int[]):714:26750:c >= 'A' && c <= 'Z' |==> c <= 'Z'
138:ROR:>=(int,int):==(int,int):org.apache.commons.lang3.time.FastDateFormat@parseToken(java.lang.String,int[]):714:26762:c >= 'a' |==> c == 'a'
139:ROR:>=(int,int):>(int,int):org.apache.commons.lang3.time.FastDateFormat@parseToken(java.lang.String,int[]):714:26762:c >= 'a' |==> c > 'a'
140:ROR:>=(int,int):TRUE(int,int):org.apache.commons.lang3.time.FastDateFormat@parseToken(java.lang.String,int[]):714:26764:c >= 'a' |==> true
141:ROR:<=(int,int):<(int,int):org.apache.commons.lang3.time.FastDateFormat@parseToken(java.lang.String,int[]):714:26774:c <= 'z' |==> c < 'z'
142:ROR:<=(int,int):==(int,int):org.apache.commons.lang3.time.FastDateFormat@parseToken(java.lang.String,int[]):714:26774:c <= 'z' |==> c == 'z'
143:ROR:<=(int,int):TRUE(int,int):org.apache.commons.lang3.time.FastDateFormat@parseToken(java.lang.String,int[]):714:26776:c <= 'z' |==> true
144:COR:&&(boolean,boolean):FALSE(boolean,boolean):org.apache.commons.lang3.time.FastDateFormat@parseToken(java.lang.String,int[]):714:26771:c >= 'a' && c <= 'z' |==> false
145:COR:&&(boolean,boolean):LHS(boolean,boolean):org.apache.commons.lang3.time.FastDateFormat@parseToken(java.lang.String,int[]):714:26762:c >= 'a' && c <= 'z' |==> c >= 'a'
146:COR:&&(boolean,boolean):RHS(boolean,boolean):org.apache.commons.lang3.time.FastDateFormat@parseToken(java.lang.String,int[]):714:26774:c >= 'a' && c <= 'z' |==> c <= 'z'
147:COR:||(boolean,boolean):LHS(boolean,boolean):org.apache.commons.lang3.time.FastDateFormat@parseToken(java.lang.String,int[]):714:26738:c >= 'A' && c <= 'Z' || c >= 'a' && c <= 'z' |==> c >= 'A' && c <= 'Z'
148:COR:||(boolean,boolean):RHS(boolean,boolean):org.apache.commons.lang3.time.FastDateFormat@parseToken(java.lang.String,int[]):714:26762:c >= 'A' && c <= 'Z' || c >= 'a' && c <= 'z' |==> c >= 'a' && c <= 'z'
149:COR:||(boolean,boolean):TRUE(boolean,boolean):org.apache.commons.lang3.time.FastDateFormat@parseToken(java.lang.String,int[]):714:26759:c >= 'A' && c <= 'Z' || c >= 'a' && c <= 'z' |==> true
150:STD:<CALL>:<NO-OP>:org.apache.commons.lang3.time.FastDateFormat@parseToken(java.lang.String,int[]):717:26894:buf.append(c); |==> <NO-OP>
151:LVR:POS:0:org.apache.commons.lang3.time.FastDateFormat@parseToken(java.lang.String,int[]):719:26933:1 |==> 0
152:LVR:POS:NEG:org.apache.commons.lang3.time.FastDateFormat@parseToken(java.lang.String,int[]):719:26933:1 |==> -1
153:AOR:+(int,int):%(int,int):org.apache.commons.lang3.time.FastDateFormat@parseToken(java.lang.String,int[]):719:26929:i + 1 |==> i % 1
154:AOR:+(int,int):*(int,int):org.apache.commons.lang3.time.FastDateFormat@parseToken(java.lang.String,int[]):719:26929:i + 1 |==> i * 1
155:AOR:+(int,int):-(int,int):org.apache.commons.lang3.time.FastDateFormat@parseToken(java.lang.String,int[]):719:26929:i + 1 |==> i - 1
156:AOR:+(int,int):/(int,int):org.apache.commons.lang3.time.FastDateFormat@parseToken(java.lang.String,int[]):719:26929:i + 1 |==> i / 1
157:ROR:<(int,int):!=(int,int):org.apache.commons.lang3.time.FastDateFormat@parseToken(java.lang.String,int[]):719:26929:i + 1 < length |==> i + 1 != length
158:ROR:<(int,int):<=(int,int):org.apache.commons.lang3.time.FastDateFormat@parseToken(java.lang.String,int[]):719:26929:i + 1 < length |==> i + 1 <= length
159:ROR:<(int,int):FALSE(int,int):org.apache.commons.lang3.time.FastDateFormat@parseToken(java.lang.String,int[]):719:26935:i + 1 < length |==> false
160:LVR:POS:0:org.apache.commons.lang3.time.FastDateFormat@parseToken(java.lang.String,int[]):720:26994:1 |==> 0
161:LVR:POS:NEG:org.apache.commons.lang3.time.FastDateFormat@parseToken(java.lang.String,int[]):720:26994:1 |==> -1
162:AOR:+(int,int):%(int,int):org.apache.commons.lang3.time.FastDateFormat@parseToken(java.lang.String,int[]):720:26990:i + 1 |==> i % 1
163:AOR:+(int,int):*(int,int):org.apache.commons.lang3.time.FastDateFormat@parseToken(java.lang.String,int[]):720:26990:i + 1 |==> i * 1
164:AOR:+(int,int):-(int,int):org.apache.commons.lang3.time.FastDateFormat@parseToken(java.lang.String,int[]):720:26990:i + 1 |==> i - 1
165:AOR:+(int,int):/(int,int):org.apache.commons.lang3.time.FastDateFormat@parseToken(java.lang.String,int[]):720:26990:i + 1 |==> i / 1
166:ROR:==(int,int):<=(int,int):org.apache.commons.lang3.time.FastDateFormat@parseToken(java.lang.String,int[]):721:27018:peek == c |==> peek <= c
167:ROR:==(int,int):>=(int,int):org.apache.commons.lang3.time.FastDateFormat@parseToken(java.lang.String,int[]):721:27018:peek == c |==> peek >= c
168:ROR:==(int,int):FALSE(int,int):org.apache.commons.lang3.time.FastDateFormat@parseToken(java.lang.String,int[]):721:27023:peek == c |==> false
169:STD:<CALL>:<NO-OP>:org.apache.commons.lang3.time.FastDateFormat@parseToken(java.lang.String,int[]):722:27051:buf.append(c); |==> <NO-OP>
170:STD:<INC>:<NO-OP>:org.apache.commons.lang3.time.FastDateFormat@parseToken(java.lang.String,int[]):723:27086:i++; |==> <NO-OP>
171:STD:<CALL>:<NO-OP>:org.apache.commons.lang3.time.FastDateFormat@parseToken(java.lang.String,int[]):730:27253:buf.append('\''); |==> <NO-OP>
172:LVR:FALSE:TRUE:org.apache.commons.lang3.time.FastDateFormat@parseToken(java.lang.String,int[]):732:27304:false |==> true
173:ROR:<(int,int):!=(int,int):org.apache.commons.lang3.time.FastDateFormat@parseToken(java.lang.String,int[]):734:27331:i < length |==> i != length
174:ROR:<(int,int):<=(int,int):org.apache.commons.lang3.time.FastDateFormat@parseToken(java.lang.String,int[]):734:27331:i < length |==> i <= length
175:ROR:<(int,int):FALSE(int,int):org.apache.commons.lang3.time.FastDateFormat@parseToken(java.lang.String,int[]):734:27333:i < length |==> false
176:STD:<ASSIGN>:<NO-OP>:org.apache.commons.lang3.time.FastDateFormat@parseToken(java.lang.String,int[]):735:27366:c = pattern.charAt(i); |==> <NO-OP>
177:ROR:==(int,int):<=(int,int):org.apache.commons.lang3.time.FastDateFormat@parseToken(java.lang.String,int[]):737:27410:c == '\'' |==> c <= '\''
178:ROR:==(int,int):>=(int,int):org.apache.commons.lang3.time.FastDateFormat@parseToken(java.lang.String,int[]):737:27410:c == '\'' |==> c >= '\''
179:ROR:==(int,int):FALSE(int,int):org.apache.commons.lang3.time.FastDateFormat@parseToken(java.lang.String,int[]):737:27412:c == '\'' |==> false
180:LVR:POS:0:org.apache.commons.lang3.time.FastDateFormat@parseToken(java.lang.String,int[]):738:27451:1 |==> 0
181:LVR:POS:NEG:org.apache.commons.lang3.time.FastDateFormat@parseToken(java.lang.String,int[]):738:27451:1 |==> -1
182:AOR:+(int,int):%(int,int):org.apache.commons.lang3.time.FastDateFormat@parseToken(java.lang.String,int[]):738:27447:i + 1 |==> i % 1
183:AOR:+(int,int):*(int,int):org.apache.commons.lang3.time.FastDateFormat@parseToken(java.lang.String,int[]):738:27447:i + 1 |==> i * 1
184:AOR:+(int,int):-(int,int):org.apache.commons.lang3.time.FastDateFormat@parseToken(java.lang.String,int[]):738:27447:i + 1 |==> i - 1
185:AOR:+(int,int):/(int,int):org.apache.commons.lang3.time.FastDateFormat@parseToken(java.lang.String,int[]):738:27447:i + 1 |==> i / 1
186:ROR:<(int,int):!=(int,int):org.apache.commons.lang3.time.FastDateFormat@parseToken(java.lang.String,int[]):738:27447:i + 1 < length |==> i + 1 != length
187:ROR:<(int,int):<=(int,int):org.apache.commons.lang3.time.FastDateFormat@parseToken(java.lang.String,int[]):738:27447:i + 1 < length |==> i + 1 <= length
188:ROR:<(int,int):FALSE(int,int):org.apache.commons.lang3.time.FastDateFormat@parseToken(java.lang.String,int[]):738:27453:i + 1 < length |==> false
189:LVR:POS:0:org.apache.commons.lang3.time.FastDateFormat@parseToken(java.lang.String,int[]):738:27484:1 |==> 0
190:LVR:POS:NEG:org.apache.commons.lang3.time.FastDateFormat@parseToken(java.lang.String,int[]):738:27484:1 |==> -1
191:AOR:+(int,int):%(int,int):org.apache.commons.lang3.time.FastDateFormat@parseToken(java.lang.String,int[]):738:27480:i + 1 |==> i % 1
192:AOR:+(int,int):*(int,int):org.apache.commons.lang3.time.FastDateFormat@parseToken(java.lang.String,int[]):738:27480:i + 1 |==> i * 1
193:AOR:+(int,int):-(int,int):org.apache.commons.lang3.time.FastDateFormat@parseToken(java.lang.String,int[]):738:27480:i + 1 |==> i - 1
194:AOR:+(int,int):/(int,int):org.apache.commons.lang3.time.FastDateFormat@parseToken(java.lang.String,int[]):738:27480:i + 1 |==> i / 1
195:ROR:==(int,int):<=(int,int):org.apache.commons.lang3.time.FastDateFormat@parseToken(java.lang.String,int[]):738:27465:pattern.charAt(i + 1) == '\'' |==> pattern.charAt(i + 1) <= '\''
196:ROR:==(int,int):>=(int,int):org.apache.commons.lang3.time.FastDateFormat@parseToken(java.lang.String,int[]):738:27465:pattern.charAt(i + 1) == '\'' |==> pattern.charAt(i + 1) >= '\''
197:ROR:==(int,int):FALSE(int,int):org.apache.commons.lang3.time.FastDateFormat@parseToken(java.lang.String,int[]):738:27487:pattern.charAt(i + 1) == '\'' |==> false
198:COR:&&(boolean,boolean):==(boolean,boolean):org.apache.commons.lang3.time.FastDateFormat@parseToken(java.lang.String,int[]):738:27447:i + 1 < length && pattern.charAt(i + 1) == '\'' |==> i + 1 < length == (pattern.charAt(i + 1) == '\'')
199:COR:&&(boolean,boolean):FALSE(boolean,boolean):org.apache.commons.lang3.time.FastDateFormat@parseToken(java.lang.String,int[]):738:27462:i + 1 < length && pattern.charAt(i + 1) == '\'' |==> false
200:COR:&&(boolean,boolean):LHS(boolean,boolean):org.apache.commons.lang3.time.FastDateFormat@parseToken(java.lang.String,int[]):738:27447:i + 1 < length && pattern.charAt(i + 1) == '\'' |==> i + 1 < length
201:COR:&&(boolean,boolean):RHS(boolean,boolean):org.apache.commons.lang3.time.FastDateFormat@parseToken(java.lang.String,int[]):738:27465:i + 1 < length && pattern.charAt(i + 1) == '\'' |==> pattern.charAt(i + 1) == '\''
202:STD:<INC>:<NO-OP>:org.apache.commons.lang3.time.FastDateFormat@parseToken(java.lang.String,int[]):740:27576:i++; |==> <NO-OP>
203:STD:<CALL>:<NO-OP>:org.apache.commons.lang3.time.FastDateFormat@parseToken(java.lang.String,int[]):741:27605:buf.append(c); |==> <NO-OP>
204:STD:<ASSIGN>:<NO-OP>:org.apache.commons.lang3.time.FastDateFormat@parseToken(java.lang.String,int[]):743:27673:inLiteral = !inLiteral; |==> <NO-OP>
205:ROR:>=(int,int):==(int,int):org.apache.commons.lang3.time.FastDateFormat@parseToken(java.lang.String,int[]):746:27786:c >= 'A' |==> c == 'A'
206:ROR:>=(int,int):>(int,int):org.apache.commons.lang3.time.FastDateFormat@parseToken(java.lang.String,int[]):746:27786:c >= 'A' |==> c > 'A'
207:ROR:>=(int,int):TRUE(int,int):org.apache.commons.lang3.time.FastDateFormat@parseToken(java.lang.String,int[]):746:27788:c >= 'A' |==> true
208:ROR:<=(int,int):<(int,int):org.apache.commons.lang3.time.FastDateFormat@parseToken(java.lang.String,int[]):746:27798:c <= 'Z' |==> c < 'Z'
209:ROR:<=(int,int):==(int,int):org.apache.commons.lang3.time.FastDateFormat@parseToken(java.lang.String,int[]):746:27798:c <= 'Z' |==> c == 'Z'
210:ROR:<=(int,int):TRUE(int,int):org.apache.commons.lang3.time.FastDateFormat@parseToken(java.lang.String,int[]):746:27800:c <= 'Z' |==> true
211:COR:&&(boolean,boolean):FALSE(boolean,boolean):org.apache.commons.lang3.time.FastDateFormat@parseToken(java.lang.String,int[]):746:27795:c >= 'A' && c <= 'Z' |==> false
212:COR:&&(boolean,boolean):LHS(boolean,boolean):org.apache.commons.lang3.time.FastDateFormat@parseToken(java.lang.String,int[]):746:27786:c >= 'A' && c <= 'Z' |==> c >= 'A'
213:COR:&&(boolean,boolean):RHS(boolean,boolean):org.apache.commons.lang3.time.FastDateFormat@parseToken(java.lang.String,int[]):746:27798:c >= 'A' && c <= 'Z' |==> c <= 'Z'
214:ROR:>=(int,int):==(int,int):org.apache.commons.lang3.time.FastDateFormat@parseToken(java.lang.String,int[]):746:27810:c >= 'a' |==> c == 'a'
215:ROR:>=(int,int):>(int,int):org.apache.commons.lang3.time.FastDateFormat@parseToken(java.lang.String,int[]):746:27810:c >= 'a' |==> c > 'a'
216:ROR:>=(int,int):TRUE(int,int):org.apache.commons.lang3.time.FastDateFormat@parseToken(java.lang.String,int[]):746:27812:c >= 'a' |==> true
217:ROR:<=(int,int):<(int,int):org.apache.commons.lang3.time.FastDateFormat@parseToken(java.lang.String,int[]):746:27822:c <= 'z' |==> c < 'z'
218:ROR:<=(int,int):==(int,int):org.apache.commons.lang3.time.FastDateFormat@parseToken(java.lang.String,int[]):746:27822:c <= 'z' |==> c == 'z'
219:ROR:<=(int,int):TRUE(int,int):org.apache.commons.lang3.time.FastDateFormat@parseToken(java.lang.String,int[]):746:27824:c <= 'z' |==> true
220:COR:&&(boolean,boolean):FALSE(boolean,boolean):org.apache.commons.lang3.time.FastDateFormat@parseToken(java.lang.String,int[]):746:27819:c >= 'a' && c <= 'z' |==> false
221:COR:&&(boolean,boolean):LHS(boolean,boolean):org.apache.commons.lang3.time.FastDateFormat@parseToken(java.lang.String,int[]):746:27810:c >= 'a' && c <= 'z' |==> c >= 'a'
222:COR:&&(boolean,boolean):RHS(boolean,boolean):org.apache.commons.lang3.time.FastDateFormat@parseToken(java.lang.String,int[]):746:27822:c >= 'a' && c <= 'z' |==> c <= 'z'
223:COR:||(boolean,boolean):LHS(boolean,boolean):org.apache.commons.lang3.time.FastDateFormat@parseToken(java.lang.String,int[]):746:27786:c >= 'A' && c <= 'Z' || c >= 'a' && c <= 'z' |==> c >= 'A' && c <= 'Z'
224:COR:||(boolean,boolean):RHS(boolean,boolean):org.apache.commons.lang3.time.FastDateFormat@parseToken(java.lang.String,int[]):746:27810:c >= 'A' && c <= 'Z' || c >= 'a' && c <= 'z' |==> c >= 'a' && c <= 'z'
225:COR:||(boolean,boolean):TRUE(boolean,boolean):org.apache.commons.lang3.time.FastDateFormat@parseToken(java.lang.String,int[]):746:27807:c >= 'A' && c <= 'Z' || c >= 'a' && c <= 'z' |==> true
226:COR:&&(boolean,boolean):==(boolean,boolean):org.apache.commons.lang3.time.FastDateFormat@parseToken(java.lang.String,int[]):745:27746:!inLiteral && (c >= 'A' && c <= 'Z' || c >= 'a' && c <= 'z') |==> !inLiteral == (c >= 'A' && c <= 'Z' || c >= 'a' && c <= 'z')
227:COR:&&(boolean,boolean):FALSE(boolean,boolean):org.apache.commons.lang3.time.FastDateFormat@parseToken(java.lang.String,int[]):745:27757:!inLiteral && (c >= 'A' && c <= 'Z' || c >= 'a' && c <= 'z') |==> false
228:COR:&&(boolean,boolean):LHS(boolean,boolean):org.apache.commons.lang3.time.FastDateFormat@parseToken(java.lang.String,int[]):745:27746:!inLiteral && (c >= 'A' && c <= 'Z' || c >= 'a' && c <= 'z') |==> !inLiteral
229:COR:&&(boolean,boolean):RHS(boolean,boolean):org.apache.commons.lang3.time.FastDateFormat@parseToken(java.lang.String,int[]):746:27785:!inLiteral && (c >= 'A' && c <= 'Z' || c >= 'a' && c <= 'z') |==> (c >= 'A' && c <= 'Z' || c >= 'a' && c <= 'z')
230:STD:<DEC>:<NO-OP>:org.apache.commons.lang3.time.FastDateFormat@parseToken(java.lang.String,int[]):747:27855:i--; |==> <NO-OP>
231:STD:<CALL>:<NO-OP>:org.apache.commons.lang3.time.FastDateFormat@parseToken(java.lang.String,int[]):750:27932:buf.append(c); |==> <NO-OP>
232:LVR:0:POS:org.apache.commons.lang3.time.FastDateFormat@parseToken(java.lang.String,int[]):755:28007:0 |==> 1
233:LVR:0:NEG:org.apache.commons.lang3.time.FastDateFormat@parseToken(java.lang.String,int[]):755:28007:0 |==> -1
234:STD:<ASSIGN>:<NO-OP>:org.apache.commons.lang3.time.FastDateFormat@parseToken(java.lang.String,int[]):755:27998:indexRef[0] = i; |==> <NO-OP>
235:ROR:==(java.lang.Object,java.lang.Object):FALSE(java.lang.Object,java.lang.Object):org.apache.commons.lang3.time.FastDateFormat@format(java.lang.Object,java.lang.StringBuffer,java.text.FieldPosition):798:29517:obj == null |==> false
236:STD:<CALL>:<NO-OP>:org.apache.commons.lang3.time.FastDateFormat@format(java.util.Date):821:30123:c.setTime(date); |==> <NO-OP>
237:STD:<CALL>:<NO-OP>:org.apache.commons.lang3.time.FastDateFormat@format(java.util.Date,java.lang.StringBuffer):858:31311:c.setTime(date); |==> <NO-OP>
238:COR:<IDENTIFIER(boolean)>:FALSE:org.apache.commons.lang3.time.FastDateFormat@format(java.util.Calendar,java.lang.StringBuffer):871:31716:mTimeZoneForced |==> false
239:COR:<IDENTIFIER(boolean)>:TRUE:org.apache.commons.lang3.time.FastDateFormat@format(java.util.Calendar,java.lang.StringBuffer):871:31716:mTimeZoneForced |==> true
240:STD:<CALL>:<NO-OP>:org.apache.commons.lang3.time.FastDateFormat@format(java.util.Calendar,java.lang.StringBuffer):872:31747:calendar.getTimeInMillis(); |==> <NO-OP>
241:STD:<ASSIGN>:<NO-OP>:org.apache.commons.lang3.time.FastDateFormat@format(java.util.Calendar,java.lang.StringBuffer):873:31800:calendar = (Calendar)calendar.clone(); |==> <NO-OP>
242:STD:<CALL>:<NO-OP>:org.apache.commons.lang3.time.FastDateFormat@format(java.util.Calendar,java.lang.StringBuffer):874:31852:calendar.setTimeZone(mTimeZone); |==> <NO-OP>
243:LVR:0:POS:org.apache.commons.lang3.time.FastDateFormat@applyRules(java.util.Calendar,java.lang.StringBuffer):890:32359:0 |==> 1
244:LVR:0:NEG:org.apache.commons.lang3.time.FastDateFormat@applyRules(java.util.Calendar,java.lang.StringBuffer):890:32359:0 |==> -1
245:ROR:<(int,int):!=(int,int):org.apache.commons.lang3.time.FastDateFormat@applyRules(java.util.Calendar,java.lang.StringBuffer):890:32362:i < len |==> i != len
246:ROR:<(int,int):<=(int,int):org.apache.commons.lang3.time.FastDateFormat@applyRules(java.util.Calendar,java.lang.StringBuffer):890:32362:i < len |==> i <= len
247:ROR:<(int,int):FALSE(int,int):org.apache.commons.lang3.time.FastDateFormat@applyRules(java.util.Calendar,java.lang.StringBuffer):890:32364:i < len |==> false
248:STD:<CALL>:<NO-OP>:org.apache.commons.lang3.time.FastDateFormat@applyRules(java.util.Calendar,java.lang.StringBuffer):891:32390:rules[i].appendTo(buf, calendar); |==> <NO-OP>
249:LVR:0:POS:org.apache.commons.lang3.time.FastDateFormat@parseObject(java.lang.String,java.text.ParsePosition):907:32851:0 |==> 1
250:LVR:0:NEG:org.apache.commons.lang3.time.FastDateFormat@parseObject(java.lang.String,java.text.ParsePosition):907:32851:0 |==> -1
251:STD:<CALL>:<NO-OP>:org.apache.commons.lang3.time.FastDateFormat@parseObject(java.lang.String,java.text.ParsePosition):907:32838:pos.setIndex(0); |==> <NO-OP>
252:LVR:0:POS:org.apache.commons.lang3.time.FastDateFormat@parseObject(java.lang.String,java.text.ParsePosition):908:32881:0 |==> 1
253:LVR:0:NEG:org.apache.commons.lang3.time.FastDateFormat@parseObject(java.lang.String,java.text.ParsePosition):908:32881:0 |==> -1
254:STD:<CALL>:<NO-OP>:org.apache.commons.lang3.time.FastDateFormat@parseObject(java.lang.String,java.text.ParsePosition):908:32863:pos.setErrorIndex(0); |==> <NO-OP>
255:LVR:FALSE:TRUE:org.apache.commons.lang3.time.FastDateFormat@equals(java.lang.Object):980:34865:false |==> true
256:ROR:==(boolean,boolean):FALSE(boolean,boolean):org.apache.commons.lang3.time.FastDateFormat@equals(java.lang.Object):980:34862:obj instanceof FastDateFormat == false |==> false
257:ROR:==(boolean,boolean):LHS(boolean,boolean):org.apache.commons.lang3.time.FastDateFormat@equals(java.lang.Object):980:34832:obj instanceof FastDateFormat == false |==> obj instanceof FastDateFormat
258:ROR:==(boolean,boolean):RHS(boolean,boolean):org.apache.commons.lang3.time.FastDateFormat@equals(java.lang.Object):980:34865:obj instanceof FastDateFormat == false |==> false
259:LVR:FALSE:TRUE:org.apache.commons.lang3.time.FastDateFormat@equals(java.lang.Object):981:34893:false |==> true
260:ROR:==(java.lang.Object,java.lang.Object):FALSE(java.lang.Object,java.lang.Object):org.apache.commons.lang3.time.FastDateFormat@equals(java.lang.Object):985:34998:mPattern == other.mPattern |==> false
261:COR:||(boolean,boolean):!=(boolean,boolean):org.apache.commons.lang3.time.FastDateFormat@equals(java.lang.Object):985:34989:mPattern == other.mPattern || mPattern.equals(other.mPattern) |==> mPattern == other.mPattern != mPattern.equals(other.mPattern)
262:COR:||(boolean,boolean):LHS(boolean,boolean):org.apache.commons.lang3.time.FastDateFormat@equals(java.lang.Object):985:34989:mPattern == other.mPattern || mPattern.equals(other.mPattern) |==> mPattern == other.mPattern
263:COR:||(boolean,boolean):RHS(boolean,boolean):org.apache.commons.lang3.time.FastDateFormat@equals(java.lang.Object):985:35019:mPattern == other.mPattern || mPattern.equals(other.mPattern) |==> mPattern.equals(other.mPattern)
264:COR:||(boolean,boolean):TRUE(boolean,boolean):org.apache.commons.lang3.time.FastDateFormat@equals(java.lang.Object):985:35016:mPattern == other.mPattern || mPattern.equals(other.mPattern) |==> true
265:ROR:==(java.lang.Object,java.lang.Object):FALSE(java.lang.Object,java.lang.Object):org.apache.commons.lang3.time.FastDateFormat@equals(java.lang.Object):986:35078:mTimeZone == other.mTimeZone |==> false
266:COR:||(boolean,boolean):!=(boolean,boolean):org.apache.commons.lang3.time.FastDateFormat@equals(java.lang.Object):986:35068:mTimeZone == other.mTimeZone || mTimeZone.equals(other.mTimeZone) |==> mTimeZone == other.mTimeZone != mTimeZone.equals(other.mTimeZone)
267:COR:||(boolean,boolean):LHS(boolean,boolean):org.apache.commons.lang3.time.FastDateFormat@equals(java.lang.Object):986:35068:mTimeZone == other.mTimeZone || mTimeZone.equals(other.mTimeZone) |==> mTimeZone == other.mTimeZone
268:COR:||(boolean,boolean):RHS(boolean,boolean):org.apache.commons.lang3.time.FastDateFormat@equals(java.lang.Object):986:35100:mTimeZone == other.mTimeZone || mTimeZone.equals(other.mTimeZone) |==> mTimeZone.equals(other.mTimeZone)
269:COR:||(boolean,boolean):TRUE(boolean,boolean):org.apache.commons.lang3.time.FastDateFormat@equals(java.lang.Object):986:35097:mTimeZone == other.mTimeZone || mTimeZone.equals(other.mTimeZone) |==> true
270:COR:&&(boolean,boolean):==(boolean,boolean):org.apache.commons.lang3.time.FastDateFormat@equals(java.lang.Object):985:34988:(mPattern == other.mPattern || mPattern.equals(other.mPattern)) && (mTimeZone == other.mTimeZone || mTimeZone.equals(other.mTimeZone)) |==> (mPattern == other.mPattern || mPattern.equals(other.mPattern)) == (mTimeZone == other.mTimeZone || mTimeZone.equals(other.mTimeZone))
271:COR:&&(boolean,boolean):FALSE(boolean,boolean):org.apache.commons.lang3.time.FastDateFormat@equals(java.lang.Object):985:35052:(mPattern == other.mPattern || mPattern.equals(other.mPattern)) && (mTimeZone == other.mTimeZone || mTimeZone.equals(other.mTimeZone)) |==> false
272:COR:&&(boolean,boolean):LHS(boolean,boolean):org.apache.commons.lang3.time.FastDateFormat@equals(java.lang.Object):985:34988:(mPattern == other.mPattern || mPattern.equals(other.mPattern)) && (mTimeZone == other.mTimeZone || mTimeZone.equals(other.mTimeZone)) |==> (mPattern == other.mPattern || mPattern.equals(other.mPattern))
273:COR:&&(boolean,boolean):RHS(boolean,boolean):org.apache.commons.lang3.time.FastDateFormat@equals(java.lang.Object):986:35067:(mPattern == other.mPattern || mPattern.equals(other.mPattern)) && (mTimeZone == other.mTimeZone || mTimeZone.equals(other.mTimeZone)) |==> (mTimeZone == other.mTimeZone || mTimeZone.equals(other.mTimeZone))
274:ROR:==(java.lang.Object,java.lang.Object):FALSE(java.lang.Object,java.lang.Object):org.apache.commons.lang3.time.FastDateFormat@equals(java.lang.Object):987:35159:mLocale == other.mLocale |==> false
275:COR:||(boolean,boolean):!=(boolean,boolean):org.apache.commons.lang3.time.FastDateFormat@equals(java.lang.Object):987:35151:mLocale == other.mLocale || mLocale.equals(other.mLocale) |==> mLocale == other.mLocale != mLocale.equals(other.mLocale)
276:COR:||(boolean,boolean):LHS(boolean,boolean):org.apache.commons.lang3.time.FastDateFormat@equals(java.lang.Object):987:35151:mLocale == other.mLocale || mLocale.equals(other.mLocale) |==> mLocale == other.mLocale
277:COR:||(boolean,boolean):RHS(boolean,boolean):org.apache.commons.lang3.time.FastDateFormat@equals(java.lang.Object):987:35179:mLocale == other.mLocale || mLocale.equals(other.mLocale) |==> mLocale.equals(other.mLocale)
278:COR:||(boolean,boolean):TRUE(boolean,boolean):org.apache.commons.lang3.time.FastDateFormat@equals(java.lang.Object):987:35176:mLocale == other.mLocale || mLocale.equals(other.mLocale) |==> true
279:COR:&&(boolean,boolean):==(boolean,boolean):org.apache.commons.lang3.time.FastDateFormat@equals(java.lang.Object):985:34988:(mPattern == other.mPattern || mPattern.equals(other.mPattern)) && (mTimeZone == other.mTimeZone || mTimeZone.equals(other.mTimeZone)) && (mLocale == other.mLocale || mLocale.equals(other.mLocale)) |==> ((mPattern == other.mPattern || mPattern.equals(other.mPattern)) && (mTimeZone == other.mTimeZone || mTimeZone.equals(other.mTimeZone))) == (mLocale == other.mLocale || mLocale.equals(other.mLocale))
280:COR:&&(boolean,boolean):FALSE(boolean,boolean):org.apache.commons.lang3.time.FastDateFormat@equals(java.lang.Object):986:35135:(mPattern == other.mPattern || mPattern.equals(other.mPattern)) && (mTimeZone == other.mTimeZone || mTimeZone.equals(other.mTimeZone)) && (mLocale == other.mLocale || mLocale.equals(other.mLocale)) |==> false
281:COR:&&(boolean,boolean):LHS(boolean,boolean):org.apache.commons.lang3.time.FastDateFormat@equals(java.lang.Object):985:34988:(mPattern == other.mPattern || mPattern.equals(other.mPattern)) && (mTimeZone == other.mTimeZone || mTimeZone.equals(other.mTimeZone)) && (mLocale == other.mLocale || mLocale.equals(other.mLocale)) |==> (mPattern == other.mPattern || mPattern.equals(other.mPattern)) && (mTimeZone == other.mTimeZone || mTimeZone.equals(other.mTimeZone))
282:COR:&&(boolean,boolean):RHS(boolean,boolean):org.apache.commons.lang3.time.FastDateFormat@equals(java.lang.Object):987:35150:(mPattern == other.mPattern || mPattern.equals(other.mPattern)) && (mTimeZone == other.mTimeZone || mTimeZone.equals(other.mTimeZone)) && (mLocale == other.mLocale || mLocale.equals(other.mLocale)) |==> (mLocale == other.mLocale || mLocale.equals(other.mLocale))
283:ROR:==(boolean,boolean):FALSE(boolean,boolean):org.apache.commons.lang3.time.FastDateFormat@equals(java.lang.Object):988:35242:mTimeZoneForced == other.mTimeZoneForced |==> false
284:ROR:==(boolean,boolean):LHS(boolean,boolean):org.apache.commons.lang3.time.FastDateFormat@equals(java.lang.Object):988:35226:mTimeZoneForced == other.mTimeZoneForced |==> mTimeZoneForced
285:ROR:==(boolean,boolean):RHS(boolean,boolean):org.apache.commons.lang3.time.FastDateFormat@equals(java.lang.Object):988:35245:mTimeZoneForced == other.mTimeZoneForced |==> other.mTimeZoneForced
286:COR:&&(boolean,boolean):==(boolean,boolean):org.apache.commons.lang3.time.FastDateFormat@equals(java.lang.Object):985:34988:(mPattern == other.mPattern || mPattern.equals(other.mPattern)) && (mTimeZone == other.mTimeZone || mTimeZone.equals(other.mTimeZone)) && (mLocale == other.mLocale || mLocale.equals(other.mLocale)) && (mTimeZoneForced == other.mTimeZoneForced) |==> ((mPattern == other.mPattern || mPattern.equals(other.mPattern)) && (mTimeZone == other.mTimeZone || mTimeZone.equals(other.mTimeZone)) && (mLocale == other.mLocale || mLocale.equals(other.mLocale))) == (mTimeZoneForced == other.mTimeZoneForced)
287:COR:&&(boolean,boolean):FALSE(boolean,boolean):org.apache.commons.lang3.time.FastDateFormat@equals(java.lang.Object):987:35210:(mPattern == other.mPattern || mPattern.equals(other.mPattern)) && (mTimeZone == other.mTimeZone || mTimeZone.equals(other.mTimeZone)) && (mLocale == other.mLocale || mLocale.equals(other.mLocale)) && (mTimeZoneForced == other.mTimeZoneForced) |==> false
288:COR:&&(boolean,boolean):LHS(boolean,boolean):org.apache.commons.lang3.time.FastDateFormat@equals(java.lang.Object):985:34988:(mPattern == other.mPattern || mPattern.equals(other.mPattern)) && (mTimeZone == other.mTimeZone || mTimeZone.equals(other.mTimeZone)) && (mLocale == other.mLocale || mLocale.equals(other.mLocale)) && (mTimeZoneForced == other.mTimeZoneForced) |==> (mPattern == other.mPattern || mPattern.equals(other.mPattern)) && (mTimeZone == other.mTimeZone || mTimeZone.equals(other.mTimeZone)) && (mLocale == other.mLocale || mLocale.equals(other.mLocale))
289:COR:&&(boolean,boolean):RHS(boolean,boolean):org.apache.commons.lang3.time.FastDateFormat@equals(java.lang.Object):988:35225:(mPattern == other.mPattern || mPattern.equals(other.mPattern)) && (mTimeZone == other.mTimeZone || mTimeZone.equals(other.mTimeZone)) && (mLocale == other.mLocale || mLocale.equals(other.mLocale)) && (mTimeZoneForced == other.mTimeZoneForced) |==> (mTimeZoneForced == other.mTimeZoneForced)
290:ROR:==(boolean,boolean):FALSE(boolean,boolean):org.apache.commons.lang3.time.FastDateFormat@equals(java.lang.Object):989:35298:mLocaleForced == other.mLocaleForced |==> false
291:ROR:==(boolean,boolean):LHS(boolean,boolean):org.apache.commons.lang3.time.FastDateFormat@equals(java.lang.Object):989:35284:mLocaleForced == other.mLocaleForced |==> mLocaleForced
292:ROR:==(boolean,boolean):RHS(boolean,boolean):org.apache.commons.lang3.time.FastDateFormat@equals(java.lang.Object):989:35301:mLocaleForced == other.mLocaleForced |==> other.mLocaleForced
293:COR:&&(boolean,boolean):==(boolean,boolean):org.apache.commons.lang3.time.FastDateFormat@equals(java.lang.Object):985:34988:(mPattern == other.mPattern || mPattern.equals(other.mPattern)) && (mTimeZone == other.mTimeZone || mTimeZone.equals(other.mTimeZone)) && (mLocale == other.mLocale || mLocale.equals(other.mLocale)) && (mTimeZoneForced == other.mTimeZoneForced) && (mLocaleForced == other.mLocaleForced) |==> ((mPattern == other.mPattern || mPattern.equals(other.mPattern)) && (mTimeZone == other.mTimeZone || mTimeZone.equals(other.mTimeZone)) && (mLocale == other.mLocale || mLocale.equals(other.mLocale)) && (mTimeZoneForced == other.mTimeZoneForced)) == (mLocaleForced == other.mLocaleForced)
294:COR:&&(boolean,boolean):FALSE(boolean,boolean):org.apache.commons.lang3.time.FastDateFormat@equals(java.lang.Object):988:35268:(mPattern == other.mPattern || mPattern.equals(other.mPattern)) && (mTimeZone == other.mTimeZone || mTimeZone.equals(other.mTimeZone)) && (mLocale == other.mLocale || mLocale.equals(other.mLocale)) && (mTimeZoneForced == other.mTimeZoneForced) && (mLocaleForced == other.mLocaleForced) |==> false
295:COR:&&(boolean,boolean):LHS(boolean,boolean):org.apache.commons.lang3.time.FastDateFormat@equals(java.lang.Object):985:34988:(mPattern == other.mPattern || mPattern.equals(other.mPattern)) && (mTimeZone == other.mTimeZone || mTimeZone.equals(other.mTimeZone)) && (mLocale == other.mLocale || mLocale.equals(other.mLocale)) && (mTimeZoneForced == other.mTimeZoneForced) && (mLocaleForced == other.mLocaleForced) |==> (mPattern == other.mPattern || mPattern.equals(other.mPattern)) && (mTimeZone == other.mTimeZone || mTimeZone.equals(other.mTimeZone)) && (mLocale == other.mLocale || mLocale.equals(other.mLocale)) && (mTimeZoneForced == other.mTimeZoneForced)
296:COR:&&(boolean,boolean):RHS(boolean,boolean):org.apache.commons.lang3.time.FastDateFormat@equals(java.lang.Object):989:35283:(mPattern == other.mPattern || mPattern.equals(other.mPattern)) && (mTimeZone == other.mTimeZone || mTimeZone.equals(other.mTimeZone)) && (mLocale == other.mLocale || mLocale.equals(other.mLocale)) && (mTimeZoneForced == other.mTimeZoneForced) && (mLocaleForced == other.mLocaleForced) |==> (mLocaleForced == other.mLocaleForced)
297:LVR:TRUE:FALSE:org.apache.commons.lang3.time.FastDateFormat@equals(java.lang.Object):991:35357:true |==> false
298:LVR:FALSE:TRUE:org.apache.commons.lang3.time.FastDateFormat@equals(java.lang.Object):993:35388:false |==> true
299:LVR:0:POS:org.apache.commons.lang3.time.FastDateFormat@hashCode():1003:35594:0 |==> 1
300:LVR:0:NEG:org.apache.commons.lang3.time.FastDateFormat@hashCode():1003:35594:0 |==> -1
301:STD:<ASSIGN>:<NO-OP>:org.apache.commons.lang3.time.FastDateFormat@hashCode():1004:35605:total += mPattern.hashCode(); |==> <NO-OP>
302:STD:<ASSIGN>:<NO-OP>:org.apache.commons.lang3.time.FastDateFormat@hashCode():1005:35643:total += mTimeZone.hashCode(); |==> <NO-OP>
303:COR:<IDENTIFIER(boolean)>:FALSE:org.apache.commons.lang3.time.FastDateFormat@hashCode():1006:35692:mTimeZoneForced |==> false
304:COR:<IDENTIFIER(boolean)>:TRUE:org.apache.commons.lang3.time.FastDateFormat@hashCode():1006:35692:mTimeZoneForced |==> true
305:LVR:POS:0:org.apache.commons.lang3.time.FastDateFormat@hashCode():1006:35710:1 |==> 0
306:LVR:POS:NEG:org.apache.commons.lang3.time.FastDateFormat@hashCode():1006:35710:1 |==> -1
307:LVR:0:POS:org.apache.commons.lang3.time.FastDateFormat@hashCode():1006:35714:0 |==> 1
308:LVR:0:NEG:org.apache.commons.lang3.time.FastDateFormat@hashCode():1006:35714:0 |==> -1
309:STD:<ASSIGN>:<NO-OP>:org.apache.commons.lang3.time.FastDateFormat@hashCode():1006:35682:total += (mTimeZoneForced ? 1 : 0); |==> <NO-OP>
310:STD:<ASSIGN>:<NO-OP>:org.apache.commons.lang3.time.FastDateFormat@hashCode():1007:35726:total += mLocale.hashCode(); |==> <NO-OP>
311:COR:<IDENTIFIER(boolean)>:FALSE:org.apache.commons.lang3.time.FastDateFormat@hashCode():1008:35773:mLocaleForced |==> false
312:COR:<IDENTIFIER(boolean)>:TRUE:org.apache.commons.lang3.time.FastDateFormat@hashCode():1008:35773:mLocaleForced |==> true
313:LVR:POS:0:org.apache.commons.lang3.time.FastDateFormat@hashCode():1008:35789:1 |==> 0
314:LVR:POS:NEG:org.apache.commons.lang3.time.FastDateFormat@hashCode():1008:35789:1 |==> -1
315:LVR:0:POS:org.apache.commons.lang3.time.FastDateFormat@hashCode():1008:35793:0 |==> 1
316:LVR:0:NEG:org.apache.commons.lang3.time.FastDateFormat@hashCode():1008:35793:0 |==> -1
317:STD:<ASSIGN>:<NO-OP>:org.apache.commons.lang3.time.FastDateFormat@hashCode():1008:35763:total += (mLocaleForced ? 1 : 0); |==> <NO-OP>
318:STD:<CALL>:<NO-OP>:org.apache.commons.lang3.time.FastDateFormat@readObject(java.io.ObjectInputStream):1033:36587:in.defaultReadObject(); |==> <NO-OP>
319:STD:<CALL>:<NO-OP>:org.apache.commons.lang3.time.FastDateFormat@readObject(java.io.ObjectInputStream):1034:36619:init(); |==> <NO-OP>
320:LVR:POS:0:org.apache.commons.lang3.time.FastDateFormat$CharacterLiteral@estimateLength():1092:38249:1 |==> 0
321:LVR:POS:NEG:org.apache.commons.lang3.time.FastDateFormat$CharacterLiteral@estimateLength():1092:38249:1 |==> -1
322:STD:<CALL>:<NO-OP>:org.apache.commons.lang3.time.FastDateFormat$CharacterLiteral@appendTo(java.lang.StringBuffer,java.util.Calendar):1099:38395:buffer.append(mValue); |==> <NO-OP>
323:STD:<CALL>:<NO-OP>:org.apache.commons.lang3.time.FastDateFormat$StringLiteral@appendTo(java.lang.StringBuffer,java.util.Calendar):1130:39130:buffer.append(mValue); |==> <NO-OP>
324:LVR:0:POS:org.apache.commons.lang3.time.FastDateFormat$TextField@estimateLength():1157:39820:0 |==> 1
325:LVR:0:NEG:org.apache.commons.lang3.time.FastDateFormat$TextField@estimateLength():1157:39820:0 |==> -1
326:LVR:0:POS:org.apache.commons.lang3.time.FastDateFormat$TextField@estimateLength():1158:39869:0 |==> 1
327:LVR:0:NEG:org.apache.commons.lang3.time.FastDateFormat$TextField@estimateLength():1158:39869:0 |==> -1
328:ROR:>=(int,int):==(int,int):org.apache.commons.lang3.time.FastDateFormat$TextField@estimateLength():1158:39862:--i >= 0 |==> --i == 0
329:ROR:>=(int,int):>(int,int):org.apache.commons.lang3.time.FastDateFormat$TextField@estimateLength():1158:39862:--i >= 0 |==> --i > 0
330:ROR:>=(int,int):TRUE(int,int):org.apache.commons.lang3.time.FastDateFormat$TextField@estimateLength():1158:39866:--i >= 0 |==> true
331:ROR:>(int,int):!=(int,int):org.apache.commons.lang3.time.FastDateFormat$TextField@estimateLength():1160:39943:len > max |==> len != max
332:ROR:>(int,int):>=(int,int):org.apache.commons.lang3.time.FastDateFormat$TextField@estimateLength():1160:39943:len > max |==> len >= max
333:ROR:>(int,int):FALSE(int,int):org.apache.commons.lang3.time.FastDateFormat$TextField@estimateLength():1160:39947:len > max |==> false
334:STD:<ASSIGN>:<NO-OP>:org.apache.commons.lang3.time.FastDateFormat$TextField@estimateLength():1161:39976:max = len; |==> <NO-OP>
335:STD:<CALL>:<NO-OP>:org.apache.commons.lang3.time.FastDateFormat$TextField@appendTo(java.lang.StringBuffer,java.util.Calendar):1171:40186:buffer.append(mValues[calendar.get(mField)]); |==> <NO-OP>
336:LVR:POS:0:org.apache.commons.lang3.time.FastDateFormat$UnpaddedNumberField@estimateLength():1194:40776:4 |==> 0
337:LVR:POS:NEG:org.apache.commons.lang3.time.FastDateFormat$UnpaddedNumberField@estimateLength():1194:40776:4 |==> -4
338:STD:<CALL>:<NO-OP>:org.apache.commons.lang3.time.FastDateFormat$UnpaddedNumberField@appendTo(java.lang.StringBuffer,java.util.Calendar):1201:40922:appendTo(buffer, calendar.get(mField)); |==> <NO-OP>
339:LVR:POS:0:org.apache.commons.lang3.time.FastDateFormat$UnpaddedNumberField@appendTo(java.lang.StringBuffer,int):1208:41115:10 |==> 0
340:LVR:POS:NEG:org.apache.commons.lang3.time.FastDateFormat$UnpaddedNumberField@appendTo(java.lang.StringBuffer,int):1208:41115:10 |==> -10
341:ROR:<(int,int):!=(int,int):org.apache.commons.lang3.time.FastDateFormat$UnpaddedNumberField@appendTo(java.lang.StringBuffer,int):1208:41107:value < 10 |==> value != 10
342:ROR:<(int,int):<=(int,int):org.apache.commons.lang3.time.FastDateFormat$UnpaddedNumberField@appendTo(java.lang.StringBuffer,int):1208:41107:value < 10 |==> value <= 10
343:ROR:<(int,int):FALSE(int,int):org.apache.commons.lang3.time.FastDateFormat$UnpaddedNumberField@appendTo(java.lang.StringBuffer,int):1208:41113:value < 10 |==> false
344:AOR:+(int,int):%(int,int):org.apache.commons.lang3.time.FastDateFormat$UnpaddedNumberField@appendTo(java.lang.StringBuffer,int):1209:41158:value + '0' |==> value % '0'
345:AOR:+(int,int):*(int,int):org.apache.commons.lang3.time.FastDateFormat$UnpaddedNumberField@appendTo(java.lang.StringBuffer,int):1209:41158:value + '0' |==> value * '0'
346:AOR:+(int,int):-(int,int):org.apache.commons.lang3.time.FastDateFormat$UnpaddedNumberField@appendTo(java.lang.StringBuffer,int):1209:41158:value + '0' |==> value - '0'
347:AOR:+(int,int):/(int,int):org.apache.commons.lang3.time.FastDateFormat$UnpaddedNumberField@appendTo(java.lang.StringBuffer,int):1209:41158:value + '0' |==> value / '0'
348:STD:<CALL>:<NO-OP>:org.apache.commons.lang3.time.FastDateFormat$UnpaddedNumberField@appendTo(java.lang.StringBuffer,int):1209:41137:buffer.append((char)(value + '0')); |==> <NO-OP>
349:LVR:POS:0:org.apache.commons.lang3.time.FastDateFormat$UnpaddedNumberField@appendTo(java.lang.StringBuffer,int):1210:41204:100 |==> 0
350:LVR:POS:NEG:org.apache.commons.lang3.time.FastDateFormat$UnpaddedNumberField@appendTo(java.lang.StringBuffer,int):1210:41204:100 |==> -100
351:ROR:<(int,int):!=(int,int):org.apache.commons.lang3.time.FastDateFormat$UnpaddedNumberField@appendTo(java.lang.StringBuffer,int):1210:41196:value < 100 |==> value != 100
352:ROR:<(int,int):<=(int,int):org.apache.commons.lang3.time.FastDateFormat$UnpaddedNumberField@appendTo(java.lang.StringBuffer,int):1210:41196:value < 100 |==> value <= 100
353:ROR:<(int,int):FALSE(int,int):org.apache.commons.lang3.time.FastDateFormat$UnpaddedNumberField@appendTo(java.lang.StringBuffer,int):1210:41202:value < 100 |==> false
354:LVR:POS:0:org.apache.commons.lang3.time.FastDateFormat$UnpaddedNumberField@appendTo(java.lang.StringBuffer,int):1211:41256:10 |==> 0
355:LVR:POS:NEG:org.apache.commons.lang3.time.FastDateFormat$UnpaddedNumberField@appendTo(java.lang.StringBuffer,int):1211:41256:10 |==> -10
356:AOR:/(int,int):%(int,int):org.apache.commons.lang3.time.FastDateFormat$UnpaddedNumberField@appendTo(java.lang.StringBuffer,int):1211:41248:value / 10 |==> value % 10
357:AOR:/(int,int):*(int,int):org.apache.commons.lang3.time.FastDateFormat$UnpaddedNumberField@appendTo(java.lang.StringBuffer,int):1211:41248:value / 10 |==> value * 10
358:AOR:/(int,int):+(int,int):org.apache.commons.lang3.time.FastDateFormat$UnpaddedNumberField@appendTo(java.lang.StringBuffer,int):1211:41248:value / 10 |==> value + 10
359:AOR:/(int,int):-(int,int):org.apache.commons.lang3.time.FastDateFormat$UnpaddedNumberField@appendTo(java.lang.StringBuffer,int):1211:41248:value / 10 |==> value - 10
360:AOR:+(int,int):%(int,int):org.apache.commons.lang3.time.FastDateFormat$UnpaddedNumberField@appendTo(java.lang.StringBuffer,int):1211:41248:value / 10 + '0' |==> value / 10 % '0'
361:AOR:+(int,int):*(int,int):org.apache.commons.lang3.time.FastDateFormat$UnpaddedNumberField@appendTo(java.lang.StringBuffer,int):1211:41248:value / 10 + '0' |==> value / 10 * '0'
362:AOR:+(int,int):-(int,int):org.apache.commons.lang3.time.FastDateFormat$UnpaddedNumberField@appendTo(java.lang.StringBuffer,int):1211:41248:value / 10 + '0' |==> value / 10 - '0'
363:AOR:+(int,int):/(int,int):org.apache.commons.lang3.time.FastDateFormat$UnpaddedNumberField@appendTo(java.lang.StringBuffer,int):1211:41248:value / 10 + '0' |==> value / 10 / '0'
364:STD:<CALL>:<NO-OP>:org.apache.commons.lang3.time.FastDateFormat$UnpaddedNumberField@appendTo(java.lang.StringBuffer,int):1211:41227:buffer.append((char)(value / 10 + '0')); |==> <NO-OP>
365:LVR:POS:0:org.apache.commons.lang3.time.FastDateFormat$UnpaddedNumberField@appendTo(java.lang.StringBuffer,int):1212:41313:10 |==> 0
366:AOR:%(int,int):*(int,int):org.apache.commons.lang3.time.FastDateFormat$UnpaddedNumberField@appendTo(java.lang.StringBuffer,int):1212:41305:value % 10 |==> value * 10
367:AOR:%(int,int):+(int,int):org.apache.commons.lang3.time.FastDateFormat$UnpaddedNumberField@appendTo(java.lang.StringBuffer,int):1212:41305:value % 10 |==> value + 10
368:AOR:%(int,int):-(int,int):org.apache.commons.lang3.time.FastDateFormat$UnpaddedNumberField@appendTo(java.lang.StringBuffer,int):1212:41305:value % 10 |==> value - 10
369:AOR:%(int,int):/(int,int):org.apache.commons.lang3.time.FastDateFormat$UnpaddedNumberField@appendTo(java.lang.StringBuffer,int):1212:41305:value % 10 |==> value / 10
370:AOR:+(int,int):%(int,int):org.apache.commons.lang3.time.FastDateFormat$UnpaddedNumberField@appendTo(java.lang.StringBuffer,int):1212:41305:value % 10 + '0' |==> value % 10 % '0'
371:AOR:+(int,int):*(int,int):org.apache.commons.lang3.time.FastDateFormat$UnpaddedNumberField@appendTo(java.lang.StringBuffer,int):1212:41305:value % 10 + '0' |==> value % 10 * '0'
372:AOR:+(int,int):-(int,int):org.apache.commons.lang3.time.FastDateFormat$UnpaddedNumberField@appendTo(java.lang.StringBuffer,int):1212:41305:value % 10 + '0' |==> value % 10 - '0'
373:AOR:+(int,int):/(int,int):org.apache.commons.lang3.time.FastDateFormat$UnpaddedNumberField@appendTo(java.lang.StringBuffer,int):1212:41305:value % 10 + '0' |==> value % 10 / '0'
374:STD:<CALL>:<NO-OP>:org.apache.commons.lang3.time.FastDateFormat$UnpaddedNumberField@appendTo(java.lang.StringBuffer,int):1212:41284:buffer.append((char)(value % 10 + '0')); |==> <NO-OP>
375:STD:<CALL>:<NO-OP>:org.apache.commons.lang3.time.FastDateFormat$UnpaddedNumberField@appendTo(java.lang.StringBuffer,int):1214:41362:buffer.append(Integer.toString(value)); |==> <NO-OP>
376:LVR:POS:0:org.apache.commons.lang3.time.FastDateFormat$UnpaddedMonthField@estimateLength():1237:41924:2 |==> 0
377:LVR:POS:NEG:org.apache.commons.lang3.time.FastDateFormat$UnpaddedMonthField@estimateLength():1237:41924:2 |==> -2
378:LVR:POS:0:org.apache.commons.lang3.time.FastDateFormat$UnpaddedMonthField@appendTo(java.lang.StringBuffer,java.util.Calendar):1244:42118:1 |==> 0
379:LVR:POS:NEG:org.apache.commons.lang3.time.FastDateFormat$UnpaddedMonthField@appendTo(java.lang.StringBuffer,java.util.Calendar):1244:42118:1 |==> -1
380:AOR:+(int,int):%(int,int):org.apache.commons.lang3.time.FastDateFormat$UnpaddedMonthField@appendTo(java.lang.StringBuffer,java.util.Calendar):1244:42087:calendar.get(Calendar.MONTH) + 1 |==> calendar.get(Calendar.MONTH) % 1
381:AOR:+(int,int):*(int,int):org.apache.commons.lang3.time.FastDateFormat$UnpaddedMonthField@appendTo(java.lang.StringBuffer,java.util.Calendar):1244:42087:calendar.get(Calendar.MONTH) + 1 |==> calendar.get(Calendar.MONTH) * 1
382:AOR:+(int,int):-(int,int):org.apache.commons.lang3.time.FastDateFormat$UnpaddedMonthField@appendTo(java.lang.StringBuffer,java.util.Calendar):1244:42087:calendar.get(Calendar.MONTH) + 1 |==> calendar.get(Calendar.MONTH) - 1
383:AOR:+(int,int):/(int,int):org.apache.commons.lang3.time.FastDateFormat$UnpaddedMonthField@appendTo(java.lang.StringBuffer,java.util.Calendar):1244:42087:calendar.get(Calendar.MONTH) + 1 |==> calendar.get(Calendar.MONTH) / 1
384:STD:<CALL>:<NO-OP>:org.apache.commons.lang3.time.FastDateFormat$UnpaddedMonthField@appendTo(java.lang.StringBuffer,java.util.Calendar):1244:42070:appendTo(buffer, calendar.get(Calendar.MONTH) + 1); |==> <NO-OP>
385:LVR:POS:0:org.apache.commons.lang3.time.FastDateFormat$UnpaddedMonthField@appendTo(java.lang.StringBuffer,int):1251:42275:10 |==> 0
386:LVR:POS:NEG:org.apache.commons.lang3.time.FastDateFormat$UnpaddedMonthField@appendTo(java.lang.StringBuffer,int):1251:42275:10 |==> -10
387:ROR:<(int,int):!=(int,int):org.apache.commons.lang3.time.FastDateFormat$UnpaddedMonthField@appendTo(java.lang.StringBuffer,int):1251:42267:value < 10 |==> value != 10
388:ROR:<(int,int):<=(int,int):org.apache.commons.lang3.time.FastDateFormat$UnpaddedMonthField@appendTo(java.lang.StringBuffer,int):1251:42267:value < 10 |==> value <= 10
389:ROR:<(int,int):FALSE(int,int):org.apache.commons.lang3.time.FastDateFormat$UnpaddedMonthField@appendTo(java.lang.StringBuffer,int):1251:42273:value < 10 |==> false
390:AOR:+(int,int):%(int,int):org.apache.commons.lang3.time.FastDateFormat$UnpaddedMonthField@appendTo(java.lang.StringBuffer,int):1252:42318:value + '0' |==> value % '0'
391:AOR:+(int,int):*(int,int):org.apache.commons.lang3.time.FastDateFormat$UnpaddedMonthField@appendTo(java.lang.StringBuffer,int):1252:42318:value + '0' |==> value * '0'
392:AOR:+(int,int):-(int,int):org.apache.commons.lang3.time.FastDateFormat$UnpaddedMonthField@appendTo(java.lang.StringBuffer,int):1252:42318:value + '0' |==> value - '0'
393:AOR:+(int,int):/(int,int):org.apache.commons.lang3.time.FastDateFormat$UnpaddedMonthField@appendTo(java.lang.StringBuffer,int):1252:42318:value + '0' |==> value / '0'
394:STD:<CALL>:<NO-OP>:org.apache.commons.lang3.time.FastDateFormat$UnpaddedMonthField@appendTo(java.lang.StringBuffer,int):1252:42297:buffer.append((char)(value + '0')); |==> <NO-OP>
395:LVR:POS:0:org.apache.commons.lang3.time.FastDateFormat$UnpaddedMonthField@appendTo(java.lang.StringBuffer,int):1254:42399:10 |==> 0
396:LVR:POS:NEG:org.apache.commons.lang3.time.FastDateFormat$UnpaddedMonthField@appendTo(java.lang.StringBuffer,int):1254:42399:10 |==> -10
397:AOR:/(int,int):%(int,int):org.apache.commons.lang3.time.FastDateFormat$UnpaddedMonthField@appendTo(java.lang.StringBuffer,int):1254:42391:value / 10 |==> value % 10
398:AOR:/(int,int):*(int,int):org.apache.commons.lang3.time.FastDateFormat$UnpaddedMonthField@appendTo(java.lang.StringBuffer,int):1254:42391:value / 10 |==> value * 10
399:AOR:/(int,int):+(int,int):org.apache.commons.lang3.time.FastDateFormat$UnpaddedMonthField@appendTo(java.lang.StringBuffer,int):1254:42391:value / 10 |==> value + 10
400:AOR:/(int,int):-(int,int):org.apache.commons.lang3.time.FastDateFormat$UnpaddedMonthField@appendTo(java.lang.StringBuffer,int):1254:42391:value / 10 |==> value - 10
401:AOR:+(int,int):%(int,int):org.apache.commons.lang3.time.FastDateFormat$UnpaddedMonthField@appendTo(java.lang.StringBuffer,int):1254:42391:value / 10 + '0' |==> value / 10 % '0'
402:AOR:+(int,int):*(int,int):org.apache.commons.lang3.time.FastDateFormat$UnpaddedMonthField@appendTo(java.lang.StringBuffer,int):1254:42391:value / 10 + '0' |==> value / 10 * '0'
403:AOR:+(int,int):-(int,int):org.apache.commons.lang3.time.FastDateFormat$UnpaddedMonthField@appendTo(java.lang.StringBuffer,int):1254:42391:value / 10 + '0' |==> value / 10 - '0'
404:AOR:+(int,int):/(int,int):org.apache.commons.lang3.time.FastDateFormat$UnpaddedMonthField@appendTo(java.lang.StringBuffer,int):1254:42391:value / 10 + '0' |==> value / 10 / '0'
405:STD:<CALL>:<NO-OP>:org.apache.commons.lang3.time.FastDateFormat$UnpaddedMonthField@appendTo(java.lang.StringBuffer,int):1254:42370:buffer.append((char)(value / 10 + '0')); |==> <NO-OP>
406:LVR:POS:0:org.apache.commons.lang3.time.FastDateFormat$UnpaddedMonthField@appendTo(java.lang.StringBuffer,int):1255:42456:10 |==> 0
407:AOR:%(int,int):*(int,int):org.apache.commons.lang3.time.FastDateFormat$UnpaddedMonthField@appendTo(java.lang.StringBuffer,int):1255:42448:value % 10 |==> value * 10
408:AOR:%(int,int):+(int,int):org.apache.commons.lang3.time.FastDateFormat$UnpaddedMonthField@appendTo(java.lang.StringBuffer,int):1255:42448:value % 10 |==> value + 10
409:AOR:%(int,int):-(int,int):org.apache.commons.lang3.time.FastDateFormat$UnpaddedMonthField@appendTo(java.lang.StringBuffer,int):1255:42448:value % 10 |==> value - 10
410:AOR:%(int,int):/(int,int):org.apache.commons.lang3.time.FastDateFormat$UnpaddedMonthField@appendTo(java.lang.StringBuffer,int):1255:42448:value % 10 |==> value / 10
411:AOR:+(int,int):%(int,int):org.apache.commons.lang3.time.FastDateFormat$UnpaddedMonthField@appendTo(java.lang.StringBuffer,int):1255:42448:value % 10 + '0' |==> value % 10 % '0'
412:AOR:+(int,int):*(int,int):org.apache.commons.lang3.time.FastDateFormat$UnpaddedMonthField@appendTo(java.lang.StringBuffer,int):1255:42448:value % 10 + '0' |==> value % 10 * '0'
413:AOR:+(int,int):-(int,int):org.apache.commons.lang3.time.FastDateFormat$UnpaddedMonthField@appendTo(java.lang.StringBuffer,int):1255:42448:value % 10 + '0' |==> value % 10 - '0'
414:AOR:+(int,int):/(int,int):org.apache.commons.lang3.time.FastDateFormat$UnpaddedMonthField@appendTo(java.lang.StringBuffer,int):1255:42448:value % 10 + '0' |==> value % 10 / '0'
415:STD:<CALL>:<NO-OP>:org.apache.commons.lang3.time.FastDateFormat$UnpaddedMonthField@appendTo(java.lang.StringBuffer,int):1255:42427:buffer.append((char)(value % 10 + '0')); |==> <NO-OP>
416:LVR:POS:0:org.apache.commons.lang3.time.FastDateFormat$PaddedNumberField@<init>(int,int):1274:42962:3 |==> 0
417:LVR:POS:NEG:org.apache.commons.lang3.time.FastDateFormat$PaddedNumberField@<init>(int,int):1274:42962:3 |==> -3
418:ROR:<(int,int):!=(int,int):org.apache.commons.lang3.time.FastDateFormat$PaddedNumberField@<init>(int,int):1274:42955:size < 3 |==> size != 3
419:ROR:<(int,int):<=(int,int):org.apache.commons.lang3.time.FastDateFormat$PaddedNumberField@<init>(int,int):1274:42955:size < 3 |==> size <= 3
420:ROR:<(int,int):FALSE(int,int):org.apache.commons.lang3.time.FastDateFormat$PaddedNumberField@<init>(int,int):1274:42960:size < 3 |==> false
421:LVR:POS:0:org.apache.commons.lang3.time.FastDateFormat$PaddedNumberField@estimateLength():1286:43280:4 |==> 0
422:LVR:POS:NEG:org.apache.commons.lang3.time.FastDateFormat$PaddedNumberField@estimateLength():1286:43280:4 |==> -4
423:STD:<CALL>:<NO-OP>:org.apache.commons.lang3.time.FastDateFormat$PaddedNumberField@appendTo(java.lang.StringBuffer,java.util.Calendar):1293:43426:appendTo(buffer, calendar.get(mField)); |==> <NO-OP>
424:LVR:POS:0:org.apache.commons.lang3.time.FastDateFormat$PaddedNumberField@appendTo(java.lang.StringBuffer,int):1300:43619:100 |==> 0
425:LVR:POS:NEG:org.apache.commons.lang3.time.FastDateFormat$PaddedNumberField@appendTo(java.lang.StringBuffer,int):1300:43619:100 |==> -100
426:ROR:<(int,int):!=(int,int):org.apache.commons.lang3.time.FastDateFormat$PaddedNumberField@appendTo(java.lang.StringBuffer,int):1300:43611:value < 100 |==> value != 100
427:ROR:<(int,int):<=(int,int):org.apache.commons.lang3.time.FastDateFormat$PaddedNumberField@appendTo(java.lang.StringBuffer,int):1300:43611:value < 100 |==> value <= 100
428:ROR:<(int,int):FALSE(int,int):org.apache.commons.lang3.time.FastDateFormat$PaddedNumberField@appendTo(java.lang.StringBuffer,int):1300:43617:value < 100 |==> false
429:LVR:POS:0:org.apache.commons.lang3.time.FastDateFormat$PaddedNumberField@appendTo(java.lang.StringBuffer,int):1301:43669:2 |==> 0
430:LVR:POS:NEG:org.apache.commons.lang3.time.FastDateFormat$PaddedNumberField@appendTo(java.lang.StringBuffer,int):1301:43669:2 |==> -2
431:ROR:>=(int,int):==(int,int):org.apache.commons.lang3.time.FastDateFormat$PaddedNumberField@appendTo(java.lang.StringBuffer,int):1301:43662:--i >= 2 |==> --i == 2
432:ROR:>=(int,int):>(int,int):org.apache.commons.lang3.time.FastDateFormat$PaddedNumberField@appendTo(java.lang.StringBuffer,int):1301:43662:--i >= 2 |==> --i > 2
433:ROR:>=(int,int):TRUE(int,int):org.apache.commons.lang3.time.FastDateFormat$PaddedNumberField@appendTo(java.lang.StringBuffer,int):1301:43666:--i >= 2 |==> true
434:STD:<CALL>:<NO-OP>:org.apache.commons.lang3.time.FastDateFormat$PaddedNumberField@appendTo(java.lang.StringBuffer,int):1302:43696:buffer.append('0'); |==> <NO-OP>
435:LVR:POS:0:org.apache.commons.lang3.time.FastDateFormat$PaddedNumberField@appendTo(java.lang.StringBuffer,int):1304:43779:10 |==> 0
436:LVR:POS:NEG:org.apache.commons.lang3.time.FastDateFormat$PaddedNumberField@appendTo(java.lang.StringBuffer,int):1304:43779:10 |==> -10
437:AOR:/(int,int):%(int,int):org.apache.commons.lang3.time.FastDateFormat$PaddedNumberField@appendTo(java.lang.StringBuffer,int):1304:43771:value / 10 |==> value % 10
438:AOR:/(int,int):*(int,int):org.apache.commons.lang3.time.FastDateFormat$PaddedNumberField@appendTo(java.lang.StringBuffer,int):1304:43771:value / 10 |==> value * 10
439:AOR:/(int,int):+(int,int):org.apache.commons.lang3.time.FastDateFormat$PaddedNumberField@appendTo(java.lang.StringBuffer,int):1304:43771:value / 10 |==> value + 10
440:AOR:/(int,int):-(int,int):org.apache.commons.lang3.time.FastDateFormat$PaddedNumberField@appendTo(java.lang.StringBuffer,int):1304:43771:value / 10 |==> value - 10
441:AOR:+(int,int):%(int,int):org.apache.commons.lang3.time.FastDateFormat$PaddedNumberField@appendTo(java.lang.StringBuffer,int):1304:43771:value / 10 + '0' |==> value / 10 % '0'
442:AOR:+(int,int):*(int,int):org.apache.commons.lang3.time.FastDateFormat$PaddedNumberField@appendTo(java.lang.StringBuffer,int):1304:43771:value / 10 + '0' |==> value / 10 * '0'
443:AOR:+(int,int):-(int,int):org.apache.commons.lang3.time.FastDateFormat$PaddedNumberField@appendTo(java.lang.StringBuffer,int):1304:43771:value / 10 + '0' |==> value / 10 - '0'
444:AOR:+(int,int):/(int,int):org.apache.commons.lang3.time.FastDateFormat$PaddedNumberField@appendTo(java.lang.StringBuffer,int):1304:43771:value / 10 + '0' |==> value / 10 / '0'
445:STD:<CALL>:<NO-OP>:org.apache.commons.lang3.time.FastDateFormat$PaddedNumberField@appendTo(java.lang.StringBuffer,int):1304:43750:buffer.append((char)(value / 10 + '0')); |==> <NO-OP>
446:LVR:POS:0:org.apache.commons.lang3.time.FastDateFormat$PaddedNumberField@appendTo(java.lang.StringBuffer,int):1305:43836:10 |==> 0
447:AOR:%(int,int):*(int,int):org.apache.commons.lang3.time.FastDateFormat$PaddedNumberField@appendTo(java.lang.StringBuffer,int):1305:43828:value % 10 |==> value * 10
448:AOR:%(int,int):+(int,int):org.apache.commons.lang3.time.FastDateFormat$PaddedNumberField@appendTo(java.lang.StringBuffer,int):1305:43828:value % 10 |==> value + 10
449:AOR:%(int,int):-(int,int):org.apache.commons.lang3.time.FastDateFormat$PaddedNumberField@appendTo(java.lang.StringBuffer,int):1305:43828:value % 10 |==> value - 10
450:AOR:%(int,int):/(int,int):org.apache.commons.lang3.time.FastDateFormat$PaddedNumberField@appendTo(java.lang.StringBuffer,int):1305:43828:value % 10 |==> value / 10
451:AOR:+(int,int):%(int,int):org.apache.commons.lang3.time.FastDateFormat$PaddedNumberField@appendTo(java.lang.StringBuffer,int):1305:43828:value % 10 + '0' |==> value % 10 % '0'
452:AOR:+(int,int):*(int,int):org.apache.commons.lang3.time.FastDateFormat$PaddedNumberField@appendTo(java.lang.StringBuffer,int):1305:43828:value % 10 + '0' |==> value % 10 * '0'
453:AOR:+(int,int):-(int,int):org.apache.commons.lang3.time.FastDateFormat$PaddedNumberField@appendTo(java.lang.StringBuffer,int):1305:43828:value % 10 + '0' |==> value % 10 - '0'
454:AOR:+(int,int):/(int,int):org.apache.commons.lang3.time.FastDateFormat$PaddedNumberField@appendTo(java.lang.StringBuffer,int):1305:43828:value % 10 + '0' |==> value % 10 / '0'
455:STD:<CALL>:<NO-OP>:org.apache.commons.lang3.time.FastDateFormat$PaddedNumberField@appendTo(java.lang.StringBuffer,int):1305:43807:buffer.append((char)(value % 10 + '0')); |==> <NO-OP>
456:LVR:POS:0:org.apache.commons.lang3.time.FastDateFormat$PaddedNumberField@appendTo(java.lang.StringBuffer,int):1308:43925:1000 |==> 0
457:LVR:POS:NEG:org.apache.commons.lang3.time.FastDateFormat$PaddedNumberField@appendTo(java.lang.StringBuffer,int):1308:43925:1000 |==> -1000
458:ROR:<(int,int):!=(int,int):org.apache.commons.lang3.time.FastDateFormat$PaddedNumberField@appendTo(java.lang.StringBuffer,int):1308:43917:value < 1000 |==> value != 1000
459:ROR:<(int,int):<=(int,int):org.apache.commons.lang3.time.FastDateFormat$PaddedNumberField@appendTo(java.lang.StringBuffer,int):1308:43917:value < 1000 |==> value <= 1000
460:ROR:<(int,int):FALSE(int,int):org.apache.commons.lang3.time.FastDateFormat$PaddedNumberField@appendTo(java.lang.StringBuffer,int):1308:43923:value < 1000 |==> false
461:LVR:POS:0:org.apache.commons.lang3.time.FastDateFormat$PaddedNumberField@appendTo(java.lang.StringBuffer,int):1309:43962:3 |==> 0
462:LVR:POS:NEG:org.apache.commons.lang3.time.FastDateFormat$PaddedNumberField@appendTo(java.lang.StringBuffer,int):1309:43962:3 |==> -3
463:LVR:NEG:0:org.apache.commons.lang3.time.FastDateFormat$PaddedNumberField@appendTo(java.lang.StringBuffer,int):1311:44034:-1 |==> 0
464:LVR:NEG:POS:org.apache.commons.lang3.time.FastDateFormat$PaddedNumberField@appendTo(java.lang.StringBuffer,int):1311:44034:-1 |==> 1
465:ROR:>(int,int):!=(int,int):org.apache.commons.lang3.time.FastDateFormat$PaddedNumberField@appendTo(java.lang.StringBuffer,int):1311:44026:value > -1 |==> value != -1
466:ROR:>(int,int):>=(int,int):org.apache.commons.lang3.time.FastDateFormat$PaddedNumberField@appendTo(java.lang.StringBuffer,int):1311:44026:value > -1 |==> value >= -1
467:ROR:>(int,int):FALSE(int,int):org.apache.commons.lang3.time.FastDateFormat$PaddedNumberField@appendTo(java.lang.StringBuffer,int):1311:44032:value > -1 |==> false
468:STD:<CALL>:<NO-OP>:org.apache.commons.lang3.time.FastDateFormat$PaddedNumberField@appendTo(java.lang.StringBuffer,int):1311:44010:Validate.isTrue(value > -1, "Negative values should not be possible", value); |==> <NO-OP>
469:ROR:>=(int,int):==(int,int):org.apache.commons.lang3.time.FastDateFormat$PaddedNumberField@appendTo(java.lang.StringBuffer,int):1314:44205:--i >= digits |==> --i == digits
470:ROR:>=(int,int):>(int,int):org.apache.commons.lang3.time.FastDateFormat$PaddedNumberField@appendTo(java.lang.StringBuffer,int):1314:44205:--i >= digits |==> --i > digits
471:ROR:>=(int,int):TRUE(int,int):org.apache.commons.lang3.time.FastDateFormat$PaddedNumberField@appendTo(java.lang.StringBuffer,int):1314:44209:--i >= digits |==> true
472:STD:<CALL>:<NO-OP>:org.apache.commons.lang3.time.FastDateFormat$PaddedNumberField@appendTo(java.lang.StringBuffer,int):1315:44244:buffer.append('0'); |==> <NO-OP>
473:STD:<CALL>:<NO-OP>:org.apache.commons.lang3.time.FastDateFormat$PaddedNumberField@appendTo(java.lang.StringBuffer,int):1317:44298:buffer.append(Integer.toString(value)); |==> <NO-OP>
474:LVR:POS:0:org.apache.commons.lang3.time.FastDateFormat$TwoDigitNumberField@estimateLength():1341:44897:2 |==> 0
475:LVR:POS:NEG:org.apache.commons.lang3.time.FastDateFormat$TwoDigitNumberField@estimateLength():1341:44897:2 |==> -2
476:STD:<CALL>:<NO-OP>:org.apache.commons.lang3.time.FastDateFormat$TwoDigitNumberField@appendTo(java.lang.StringBuffer,java.util.Calendar):1348:45043:appendTo(buffer, calendar.get(mField)); |==> <NO-OP>
477:LVR:POS:0:org.apache.commons.lang3.time.FastDateFormat$TwoDigitNumberField@appendTo(java.lang.StringBuffer,int):1355:45236:100 |==> 0
478:LVR:POS:NEG:org.apache.commons.lang3.time.FastDateFormat$TwoDigitNumberField@appendTo(java.lang.StringBuffer,int):1355:45236:100 |==> -100
479:ROR:<(int,int):!=(int,int):org.apache.commons.lang3.time.FastDateFormat$TwoDigitNumberField@appendTo(java.lang.StringBuffer,int):1355:45228:value < 100 |==> value != 100
480:ROR:<(int,int):<=(int,int):org.apache.commons.lang3.time.FastDateFormat$TwoDigitNumberField@appendTo(java.lang.StringBuffer,int):1355:45228:value < 100 |==> value <= 100
481:ROR:<(int,int):FALSE(int,int):org.apache.commons.lang3.time.FastDateFormat$TwoDigitNumberField@appendTo(java.lang.StringBuffer,int):1355:45234:value < 100 |==> false
482:LVR:POS:0:org.apache.commons.lang3.time.FastDateFormat$TwoDigitNumberField@appendTo(java.lang.StringBuffer,int):1356:45288:10 |==> 0
483:LVR:POS:NEG:org.apache.commons.lang3.time.FastDateFormat$TwoDigitNumberField@appendTo(java.lang.StringBuffer,int):1356:45288:10 |==> -10
484:AOR:/(int,int):%(int,int):org.apache.commons.lang3.time.FastDateFormat$TwoDigitNumberField@appendTo(java.lang.StringBuffer,int):1356:45280:value / 10 |==> value % 10
485:AOR:/(int,int):*(int,int):org.apache.commons.lang3.time.FastDateFormat$TwoDigitNumberField@appendTo(java.lang.StringBuffer,int):1356:45280:value / 10 |==> value * 10
486:AOR:/(int,int):+(int,int):org.apache.commons.lang3.time.FastDateFormat$TwoDigitNumberField@appendTo(java.lang.StringBuffer,int):1356:45280:value / 10 |==> value + 10
487:AOR:/(int,int):-(int,int):org.apache.commons.lang3.time.FastDateFormat$TwoDigitNumberField@appendTo(java.lang.StringBuffer,int):1356:45280:value / 10 |==> value - 10
488:AOR:+(int,int):%(int,int):org.apache.commons.lang3.time.FastDateFormat$TwoDigitNumberField@appendTo(java.lang.StringBuffer,int):1356:45280:value / 10 + '0' |==> value / 10 % '0'
489:AOR:+(int,int):*(int,int):org.apache.commons.lang3.time.FastDateFormat$TwoDigitNumberField@appendTo(java.lang.StringBuffer,int):1356:45280:value / 10 + '0' |==> value / 10 * '0'
490:AOR:+(int,int):-(int,int):org.apache.commons.lang3.time.FastDateFormat$TwoDigitNumberField@appendTo(java.lang.StringBuffer,int):1356:45280:value / 10 + '0' |==> value / 10 - '0'
491:AOR:+(int,int):/(int,int):org.apache.commons.lang3.time.FastDateFormat$TwoDigitNumberField@appendTo(java.lang.StringBuffer,int):1356:45280:value / 10 + '0' |==> value / 10 / '0'
492:STD:<CALL>:<NO-OP>:org.apache.commons.lang3.time.FastDateFormat$TwoDigitNumberField@appendTo(java.lang.StringBuffer,int):1356:45259:buffer.append((char)(value / 10 + '0')); |==> <NO-OP>
493:LVR:POS:0:org.apache.commons.lang3.time.FastDateFormat$TwoDigitNumberField@appendTo(java.lang.StringBuffer,int):1357:45345:10 |==> 0
494:AOR:%(int,int):*(int,int):org.apache.commons.lang3.time.FastDateFormat$TwoDigitNumberField@appendTo(java.lang.StringBuffer,int):1357:45337:value % 10 |==> value * 10
495:AOR:%(int,int):+(int,int):org.apache.commons.lang3.time.FastDateFormat$TwoDigitNumberField@appendTo(java.lang.StringBuffer,int):1357:45337:value % 10 |==> value + 10
496:AOR:%(int,int):-(int,int):org.apache.commons.lang3.time.FastDateFormat$TwoDigitNumberField@appendTo(java.lang.StringBuffer,int):1357:45337:value % 10 |==> value - 10
497:AOR:%(int,int):/(int,int):org.apache.commons.lang3.time.FastDateFormat$TwoDigitNumberField@appendTo(java.lang.StringBuffer,int):1357:45337:value % 10 |==> value / 10
498:AOR:+(int,int):%(int,int):org.apache.commons.lang3.time.FastDateFormat$TwoDigitNumberField@appendTo(java.lang.StringBuffer,int):1357:45337:value % 10 + '0' |==> value % 10 % '0'
499:AOR:+(int,int):*(int,int):org.apache.commons.lang3.time.FastDateFormat$TwoDigitNumberField@appendTo(java.lang.StringBuffer,int):1357:45337:value % 10 + '0' |==> value % 10 * '0'
500:AOR:+(int,int):-(int,int):org.apache.commons.lang3.time.FastDateFormat$TwoDigitNumberField@appendTo(java.lang.StringBuffer,int):1357:45337:value % 10 + '0' |==> value % 10 - '0'
501:AOR:+(int,int):/(int,int):org.apache.commons.lang3.time.FastDateFormat$TwoDigitNumberField@appendTo(java.lang.StringBuffer,int):1357:45337:value % 10 + '0' |==> value % 10 / '0'
502:STD:<CALL>:<NO-OP>:org.apache.commons.lang3.time.FastDateFormat$TwoDigitNumberField@appendTo(java.lang.StringBuffer,int):1357:45316:buffer.append((char)(value % 10 + '0')); |==> <NO-OP>
503:STD:<CALL>:<NO-OP>:org.apache.commons.lang3.time.FastDateFormat$TwoDigitNumberField@appendTo(java.lang.StringBuffer,int):1359:45394:buffer.append(Integer.toString(value)); |==> <NO-OP>
504:LVR:POS:0:org.apache.commons.lang3.time.FastDateFormat$TwoDigitYearField@estimateLength():1381:45939:2 |==> 0
505:LVR:POS:NEG:org.apache.commons.lang3.time.FastDateFormat$TwoDigitYearField@estimateLength():1381:45939:2 |==> -2
506:LVR:POS:0:org.apache.commons.lang3.time.FastDateFormat$TwoDigitYearField@appendTo(java.lang.StringBuffer,java.util.Calendar):1388:46132:100 |==> 0
507:AOR:%(int,int):*(int,int):org.apache.commons.lang3.time.FastDateFormat$TwoDigitYearField@appendTo(java.lang.StringBuffer,java.util.Calendar):1388:46102:calendar.get(Calendar.YEAR) % 100 |==> calendar.get(Calendar.YEAR) * 100
508:AOR:%(int,int):+(int,int):org.apache.commons.lang3.time.FastDateFormat$TwoDigitYearField@appendTo(java.lang.StringBuffer,java.util.Calendar):1388:46102:calendar.get(Calendar.YEAR) % 100 |==> calendar.get(Calendar.YEAR) + 100
509:AOR:%(int,int):-(int,int):org.apache.commons.lang3.time.FastDateFormat$TwoDigitYearField@appendTo(java.lang.StringBuffer,java.util.Calendar):1388:46102:calendar.get(Calendar.YEAR) % 100 |==> calendar.get(Calendar.YEAR) - 100
510:AOR:%(int,int):/(int,int):org.apache.commons.lang3.time.FastDateFormat$TwoDigitYearField@appendTo(java.lang.StringBuffer,java.util.Calendar):1388:46102:calendar.get(Calendar.YEAR) % 100 |==> calendar.get(Calendar.YEAR) / 100
511:STD:<CALL>:<NO-OP>:org.apache.commons.lang3.time.FastDateFormat$TwoDigitYearField@appendTo(java.lang.StringBuffer,java.util.Calendar):1388:46085:appendTo(buffer, calendar.get(Calendar.YEAR) % 100); |==> <NO-OP>
512:LVR:POS:0:org.apache.commons.lang3.time.FastDateFormat$TwoDigitYearField@appendTo(java.lang.StringBuffer,int):1395:46308:10 |==> 0
513:LVR:POS:NEG:org.apache.commons.lang3.time.FastDateFormat$TwoDigitYearField@appendTo(java.lang.StringBuffer,int):1395:46308:10 |==> -10
514:AOR:/(int,int):%(int,int):org.apache.commons.lang3.time.FastDateFormat$TwoDigitYearField@appendTo(java.lang.StringBuffer,int):1395:46300:value / 10 |==> value % 10
515:AOR:/(int,int):*(int,int):org.apache.commons.lang3.time.FastDateFormat$TwoDigitYearField@appendTo(java.lang.StringBuffer,int):1395:46300:value / 10 |==> value * 10
516:AOR:/(int,int):+(int,int):org.apache.commons.lang3.time.FastDateFormat$TwoDigitYearField@appendTo(java.lang.StringBuffer,int):1395:46300:value / 10 |==> value + 10
517:AOR:/(int,int):-(int,int):org.apache.commons.lang3.time.FastDateFormat$TwoDigitYearField@appendTo(java.lang.StringBuffer,int):1395:46300:value / 10 |==> value - 10
518:AOR:+(int,int):%(int,int):org.apache.commons.lang3.time.FastDateFormat$TwoDigitYearField@appendTo(java.lang.StringBuffer,int):1395:46300:value / 10 + '0' |==> value / 10 % '0'
519:AOR:+(int,int):*(int,int):org.apache.commons.lang3.time.FastDateFormat$TwoDigitYearField@appendTo(java.lang.StringBuffer,int):1395:46300:value / 10 + '0' |==> value / 10 * '0'
520:AOR:+(int,int):-(int,int):org.apache.commons.lang3.time.FastDateFormat$TwoDigitYearField@appendTo(java.lang.StringBuffer,int):1395:46300:value / 10 + '0' |==> value / 10 - '0'
521:AOR:+(int,int):/(int,int):org.apache.commons.lang3.time.FastDateFormat$TwoDigitYearField@appendTo(java.lang.StringBuffer,int):1395:46300:value / 10 + '0' |==> value / 10 / '0'
522:STD:<CALL>:<NO-OP>:org.apache.commons.lang3.time.FastDateFormat$TwoDigitYearField@appendTo(java.lang.StringBuffer,int):1395:46279:buffer.append((char)(value / 10 + '0')); |==> <NO-OP>
523:LVR:POS:0:org.apache.commons.lang3.time.FastDateFormat$TwoDigitYearField@appendTo(java.lang.StringBuffer,int):1396:46361:10 |==> 0
524:AOR:%(int,int):*(int,int):org.apache.commons.lang3.time.FastDateFormat$TwoDigitYearField@appendTo(java.lang.StringBuffer,int):1396:46353:value % 10 |==> value * 10
525:AOR:%(int,int):+(int,int):org.apache.commons.lang3.time.FastDateFormat$TwoDigitYearField@appendTo(java.lang.StringBuffer,int):1396:46353:value % 10 |==> value + 10
526:AOR:%(int,int):-(int,int):org.apache.commons.lang3.time.FastDateFormat$TwoDigitYearField@appendTo(java.lang.StringBuffer,int):1396:46353:value % 10 |==> value - 10
527:AOR:%(int,int):/(int,int):org.apache.commons.lang3.time.FastDateFormat$TwoDigitYearField@appendTo(java.lang.StringBuffer,int):1396:46353:value % 10 |==> value / 10
528:AOR:+(int,int):%(int,int):org.apache.commons.lang3.time.FastDateFormat$TwoDigitYearField@appendTo(java.lang.StringBuffer,int):1396:46353:value % 10 + '0' |==> value % 10 % '0'
529:AOR:+(int,int):*(int,int):org.apache.commons.lang3.time.FastDateFormat$TwoDigitYearField@appendTo(java.lang.StringBuffer,int):1396:46353:value % 10 + '0' |==> value % 10 * '0'
530:AOR:+(int,int):-(int,int):org.apache.commons.lang3.time.FastDateFormat$TwoDigitYearField@appendTo(java.lang.StringBuffer,int):1396:46353:value % 10 + '0' |==> value % 10 - '0'
531:AOR:+(int,int):/(int,int):org.apache.commons.lang3.time.FastDateFormat$TwoDigitYearField@appendTo(java.lang.StringBuffer,int):1396:46353:value % 10 + '0' |==> value % 10 / '0'
532:STD:<CALL>:<NO-OP>:org.apache.commons.lang3.time.FastDateFormat$TwoDigitYearField@appendTo(java.lang.StringBuffer,int):1396:46332:buffer.append((char)(value % 10 + '0')); |==> <NO-OP>
533:LVR:POS:0:org.apache.commons.lang3.time.FastDateFormat$TwoDigitMonthField@estimateLength():1417:46870:2 |==> 0
534:LVR:POS:NEG:org.apache.commons.lang3.time.FastDateFormat$TwoDigitMonthField@estimateLength():1417:46870:2 |==> -2
535:LVR:POS:0:org.apache.commons.lang3.time.FastDateFormat$TwoDigitMonthField@appendTo(java.lang.StringBuffer,java.util.Calendar):1424:47064:1 |==> 0
536:LVR:POS:NEG:org.apache.commons.lang3.time.FastDateFormat$TwoDigitMonthField@appendTo(java.lang.StringBuffer,java.util.Calendar):1424:47064:1 |==> -1
537:AOR:+(int,int):%(int,int):org.apache.commons.lang3.time.FastDateFormat$TwoDigitMonthField@appendTo(java.lang.StringBuffer,java.util.Calendar):1424:47033:calendar.get(Calendar.MONTH) + 1 |==> calendar.get(Calendar.MONTH) % 1
538:AOR:+(int,int):*(int,int):org.apache.commons.lang3.time.FastDateFormat$TwoDigitMonthField@appendTo(java.lang.StringBuffer,java.util.Calendar):1424:47033:calendar.get(Calendar.MONTH) + 1 |==> calendar.get(Calendar.MONTH) * 1
539:AOR:+(int,int):-(int,int):org.apache.commons.lang3.time.FastDateFormat$TwoDigitMonthField@appendTo(java.lang.StringBuffer,java.util.Calendar):1424:47033:calendar.get(Calendar.MONTH) + 1 |==> calendar.get(Calendar.MONTH) - 1
540:AOR:+(int,int):/(int,int):org.apache.commons.lang3.time.FastDateFormat$TwoDigitMonthField@appendTo(java.lang.StringBuffer,java.util.Calendar):1424:47033:calendar.get(Calendar.MONTH) + 1 |==> calendar.get(Calendar.MONTH) / 1
541:STD:<CALL>:<NO-OP>:org.apache.commons.lang3.time.FastDateFormat$TwoDigitMonthField@appendTo(java.lang.StringBuffer,java.util.Calendar):1424:47016:appendTo(buffer, calendar.get(Calendar.MONTH) + 1); |==> <NO-OP>
542:LVR:POS:0:org.apache.commons.lang3.time.FastDateFormat$TwoDigitMonthField@appendTo(java.lang.StringBuffer,int):1431:47238:10 |==> 0
543:LVR:POS:NEG:org.apache.commons.lang3.time.FastDateFormat$TwoDigitMonthField@appendTo(java.lang.StringBuffer,int):1431:47238:10 |==> -10
544:AOR:/(int,int):%(int,int):org.apache.commons.lang3.time.FastDateFormat$TwoDigitMonthField@appendTo(java.lang.StringBuffer,int):1431:47230:value / 10 |==> value % 10
545:AOR:/(int,int):*(int,int):org.apache.commons.lang3.time.FastDateFormat$TwoDigitMonthField@appendTo(java.lang.StringBuffer,int):1431:47230:value / 10 |==> value * 10
546:AOR:/(int,int):+(int,int):org.apache.commons.lang3.time.FastDateFormat$TwoDigitMonthField@appendTo(java.lang.StringBuffer,int):1431:47230:value / 10 |==> value + 10
547:AOR:/(int,int):-(int,int):org.apache.commons.lang3.time.FastDateFormat$TwoDigitMonthField@appendTo(java.lang.StringBuffer,int):1431:47230:value / 10 |==> value - 10
548:AOR:+(int,int):%(int,int):org.apache.commons.lang3.time.FastDateFormat$TwoDigitMonthField@appendTo(java.lang.StringBuffer,int):1431:47230:value / 10 + '0' |==> value / 10 % '0'
549:AOR:+(int,int):*(int,int):org.apache.commons.lang3.time.FastDateFormat$TwoDigitMonthField@appendTo(java.lang.StringBuffer,int):1431:47230:value / 10 + '0' |==> value / 10 * '0'
550:AOR:+(int,int):-(int,int):org.apache.commons.lang3.time.FastDateFormat$TwoDigitMonthField@appendTo(java.lang.StringBuffer,int):1431:47230:value / 10 + '0' |==> value / 10 - '0'
551:AOR:+(int,int):/(int,int):org.apache.commons.lang3.time.FastDateFormat$TwoDigitMonthField@appendTo(java.lang.StringBuffer,int):1431:47230:value / 10 + '0' |==> value / 10 / '0'
552:STD:<CALL>:<NO-OP>:org.apache.commons.lang3.time.FastDateFormat$TwoDigitMonthField@appendTo(java.lang.StringBuffer,int):1431:47209:buffer.append((char)(value / 10 + '0')); |==> <NO-OP>
553:LVR:POS:0:org.apache.commons.lang3.time.FastDateFormat$TwoDigitMonthField@appendTo(java.lang.StringBuffer,int):1432:47291:10 |==> 0
554:AOR:%(int,int):*(int,int):org.apache.commons.lang3.time.FastDateFormat$TwoDigitMonthField@appendTo(java.lang.StringBuffer,int):1432:47283:value % 10 |==> value * 10
555:AOR:%(int,int):+(int,int):org.apache.commons.lang3.time.FastDateFormat$TwoDigitMonthField@appendTo(java.lang.StringBuffer,int):1432:47283:value % 10 |==> value + 10
556:AOR:%(int,int):-(int,int):org.apache.commons.lang3.time.FastDateFormat$TwoDigitMonthField@appendTo(java.lang.StringBuffer,int):1432:47283:value % 10 |==> value - 10
557:AOR:%(int,int):/(int,int):org.apache.commons.lang3.time.FastDateFormat$TwoDigitMonthField@appendTo(java.lang.StringBuffer,int):1432:47283:value % 10 |==> value / 10
558:AOR:+(int,int):%(int,int):org.apache.commons.lang3.time.FastDateFormat$TwoDigitMonthField@appendTo(java.lang.StringBuffer,int):1432:47283:value % 10 + '0' |==> value % 10 % '0'
559:AOR:+(int,int):*(int,int):org.apache.commons.lang3.time.FastDateFormat$TwoDigitMonthField@appendTo(java.lang.StringBuffer,int):1432:47283:value % 10 + '0' |==> value % 10 * '0'
560:AOR:+(int,int):-(int,int):org.apache.commons.lang3.time.FastDateFormat$TwoDigitMonthField@appendTo(java.lang.StringBuffer,int):1432:47283:value % 10 + '0' |==> value % 10 - '0'
561:AOR:+(int,int):/(int,int):org.apache.commons.lang3.time.FastDateFormat$TwoDigitMonthField@appendTo(java.lang.StringBuffer,int):1432:47283:value % 10 + '0' |==> value % 10 / '0'
562:STD:<CALL>:<NO-OP>:org.apache.commons.lang3.time.FastDateFormat$TwoDigitMonthField@appendTo(java.lang.StringBuffer,int):1432:47262:buffer.append((char)(value % 10 + '0')); |==> <NO-OP>
563:LVR:0:POS:org.apache.commons.lang3.time.FastDateFormat$TwelveHourField@appendTo(java.lang.StringBuffer,java.util.Calendar):1464:48109:0 |==> 1
564:LVR:0:NEG:org.apache.commons.lang3.time.FastDateFormat$TwelveHourField@appendTo(java.lang.StringBuffer,java.util.Calendar):1464:48109:0 |==> -1
565:ROR:==(int,int):<=(int,int):org.apache.commons.lang3.time.FastDateFormat$TwelveHourField@appendTo(java.lang.StringBuffer,java.util.Calendar):1464:48100:value == 0 |==> value <= 0
566:ROR:==(int,int):>=(int,int):org.apache.commons.lang3.time.FastDateFormat$TwelveHourField@appendTo(java.lang.StringBuffer,java.util.Calendar):1464:48100:value == 0 |==> value >= 0
567:ROR:==(int,int):FALSE(int,int):org.apache.commons.lang3.time.FastDateFormat$TwelveHourField@appendTo(java.lang.StringBuffer,java.util.Calendar):1464:48106:value == 0 |==> false
568:LVR:POS:0:org.apache.commons.lang3.time.FastDateFormat$TwelveHourField@appendTo(java.lang.StringBuffer,java.util.Calendar):1465:48180:1 |==> 0
569:LVR:POS:NEG:org.apache.commons.lang3.time.FastDateFormat$TwelveHourField@appendTo(java.lang.StringBuffer,java.util.Calendar):1465:48180:1 |==> -1
570:AOR:+(int,int):%(int,int):org.apache.commons.lang3.time.FastDateFormat$TwelveHourField@appendTo(java.lang.StringBuffer,java.util.Calendar):1465:48138:calendar.getLeastMaximum(Calendar.HOUR) + 1 |==> calendar.getLeastMaximum(Calendar.HOUR) % 1
571:AOR:+(int,int):*(int,int):org.apache.commons.lang3.time.FastDateFormat$TwelveHourField@appendTo(java.lang.StringBuffer,java.util.Calendar):1465:48138:calendar.getLeastMaximum(Calendar.HOUR) + 1 |==> calendar.getLeastMaximum(Calendar.HOUR) * 1
572:AOR:+(int,int):-(int,int):org.apache.commons.lang3.time.FastDateFormat$TwelveHourField@appendTo(java.lang.StringBuffer,java.util.Calendar):1465:48138:calendar.getLeastMaximum(Calendar.HOUR) + 1 |==> calendar.getLeastMaximum(Calendar.HOUR) - 1
573:AOR:+(int,int):/(int,int):org.apache.commons.lang3.time.FastDateFormat$TwelveHourField@appendTo(java.lang.StringBuffer,java.util.Calendar):1465:48138:calendar.getLeastMaximum(Calendar.HOUR) + 1 |==> calendar.getLeastMaximum(Calendar.HOUR) / 1
574:STD:<ASSIGN>:<NO-OP>:org.apache.commons.lang3.time.FastDateFormat$TwelveHourField@appendTo(java.lang.StringBuffer,java.util.Calendar):1465:48130:value = calendar.getLeastMaximum(Calendar.HOUR) + 1; |==> <NO-OP>
575:STD:<CALL>:<NO-OP>:org.apache.commons.lang3.time.FastDateFormat$TwelveHourField@appendTo(java.lang.StringBuffer,java.util.Calendar):1467:48209:mRule.appendTo(buffer, value); |==> <NO-OP>
576:STD:<CALL>:<NO-OP>:org.apache.commons.lang3.time.FastDateFormat$TwelveHourField@appendTo(java.lang.StringBuffer,int):1474:48375:mRule.appendTo(buffer, value); |==> <NO-OP>
577:LVR:0:POS:org.apache.commons.lang3.time.FastDateFormat$TwentyFourHourField@appendTo(java.lang.StringBuffer,java.util.Calendar):1506:49236:0 |==> 1
578:LVR:0:NEG:org.apache.commons.lang3.time.FastDateFormat$TwentyFourHourField@appendTo(java.lang.StringBuffer,java.util.Calendar):1506:49236:0 |==> -1
579:ROR:==(int,int):<=(int,int):org.apache.commons.lang3.time.FastDateFormat$TwentyFourHourField@appendTo(java.lang.StringBuffer,java.util.Calendar):1506:49227:value == 0 |==> value <= 0
580:ROR:==(int,int):>=(int,int):org.apache.commons.lang3.time.FastDateFormat$TwentyFourHourField@appendTo(java.lang.StringBuffer,java.util.Calendar):1506:49227:value == 0 |==> value >= 0
581:ROR:==(int,int):FALSE(int,int):org.apache.commons.lang3.time.FastDateFormat$TwentyFourHourField@appendTo(java.lang.StringBuffer,java.util.Calendar):1506:49233:value == 0 |==> false
582:LVR:POS:0:org.apache.commons.lang3.time.FastDateFormat$TwentyFourHourField@appendTo(java.lang.StringBuffer,java.util.Calendar):1507:49309:1 |==> 0
583:LVR:POS:NEG:org.apache.commons.lang3.time.FastDateFormat$TwentyFourHourField@appendTo(java.lang.StringBuffer,java.util.Calendar):1507:49309:1 |==> -1
584:AOR:+(int,int):%(int,int):org.apache.commons.lang3.time.FastDateFormat$TwentyFourHourField@appendTo(java.lang.StringBuffer,java.util.Calendar):1507:49265:calendar.getMaximum(Calendar.HOUR_OF_DAY) + 1 |==> calendar.getMaximum(Calendar.HOUR_OF_DAY) % 1
585:AOR:+(int,int):*(int,int):org.apache.commons.lang3.time.FastDateFormat$TwentyFourHourField@appendTo(java.lang.StringBuffer,java.util.Calendar):1507:49265:calendar.getMaximum(Calendar.HOUR_OF_DAY) + 1 |==> calendar.getMaximum(Calendar.HOUR_OF_DAY) * 1
586:AOR:+(int,int):-(int,int):org.apache.commons.lang3.time.FastDateFormat$TwentyFourHourField@appendTo(java.lang.StringBuffer,java.util.Calendar):1507:49265:calendar.getMaximum(Calendar.HOUR_OF_DAY) + 1 |==> calendar.getMaximum(Calendar.HOUR_OF_DAY) - 1
587:AOR:+(int,int):/(int,int):org.apache.commons.lang3.time.FastDateFormat$TwentyFourHourField@appendTo(java.lang.StringBuffer,java.util.Calendar):1507:49265:calendar.getMaximum(Calendar.HOUR_OF_DAY) + 1 |==> calendar.getMaximum(Calendar.HOUR_OF_DAY) / 1
588:STD:<ASSIGN>:<NO-OP>:org.apache.commons.lang3.time.FastDateFormat$TwentyFourHourField@appendTo(java.lang.StringBuffer,java.util.Calendar):1507:49257:value = calendar.getMaximum(Calendar.HOUR_OF_DAY) + 1; |==> <NO-OP>
589:STD:<CALL>:<NO-OP>:org.apache.commons.lang3.time.FastDateFormat$TwentyFourHourField@appendTo(java.lang.StringBuffer,java.util.Calendar):1509:49338:mRule.appendTo(buffer, value); |==> <NO-OP>
590:STD:<CALL>:<NO-OP>:org.apache.commons.lang3.time.FastDateFormat$TwentyFourHourField@appendTo(java.lang.StringBuffer,int):1516:49504:mRule.appendTo(buffer, value); |==> <NO-OP>
591:COR:<IDENTIFIER(boolean)>:FALSE:org.apache.commons.lang3.time.FastDateFormat$TimeZoneNameRule@<init>(java.util.TimeZone,boolean,java.util.Locale,int):1545:50525:timeZoneForced |==> false
592:COR:<IDENTIFIER(boolean)>:TRUE:org.apache.commons.lang3.time.FastDateFormat$TimeZoneNameRule@<init>(java.util.TimeZone,boolean,java.util.Locale,int):1545:50525:timeZoneForced |==> true
593:LVR:FALSE:TRUE:org.apache.commons.lang3.time.FastDateFormat$TimeZoneNameRule@<init>(java.util.TimeZone,boolean,java.util.Locale,int):1546:50600:false |==> true
594:LVR:TRUE:FALSE:org.apache.commons.lang3.time.FastDateFormat$TimeZoneNameRule@<init>(java.util.TimeZone,boolean,java.util.Locale,int):1547:50680:true |==> false
595:COR:<IDENTIFIER(boolean)>:FALSE:org.apache.commons.lang3.time.FastDateFormat$TimeZoneNameRule@estimateLength():1558:50919:mTimeZoneForced |==> false
596:COR:<IDENTIFIER(boolean)>:TRUE:org.apache.commons.lang3.time.FastDateFormat$TimeZoneNameRule@estimateLength():1558:50919:mTimeZoneForced |==> true
597:ROR:==(int,int):<=(int,int):org.apache.commons.lang3.time.FastDateFormat$TimeZoneNameRule@estimateLength():1560:51034:mStyle == TimeZone.SHORT |==> mStyle <= TimeZone.SHORT
598:ROR:==(int,int):>=(int,int):org.apache.commons.lang3.time.FastDateFormat$TimeZoneNameRule@estimateLength():1560:51034:mStyle == TimeZone.SHORT |==> mStyle >= TimeZone.SHORT
599:ROR:==(int,int):FALSE(int,int):org.apache.commons.lang3.time.FastDateFormat$TimeZoneNameRule@estimateLength():1560:51041:mStyle == TimeZone.SHORT |==> false
600:LVR:POS:0:org.apache.commons.lang3.time.FastDateFormat$TimeZoneNameRule@estimateLength():1561:51085:4 |==> 0
601:LVR:POS:NEG:org.apache.commons.lang3.time.FastDateFormat$TimeZoneNameRule@estimateLength():1561:51085:4 |==> -4
602:LVR:POS:0:org.apache.commons.lang3.time.FastDateFormat$TimeZoneNameRule@estimateLength():1563:51132:40 |==> 0
603:LVR:POS:NEG:org.apache.commons.lang3.time.FastDateFormat$TimeZoneNameRule@estimateLength():1563:51132:40 |==> -40
604:COR:<IDENTIFIER(boolean)>:FALSE:org.apache.commons.lang3.time.FastDateFormat$TimeZoneNameRule@appendTo(java.lang.StringBuffer,java.util.Calendar):1571:51297:mTimeZoneForced |==> false
605:COR:<IDENTIFIER(boolean)>:TRUE:org.apache.commons.lang3.time.FastDateFormat$TimeZoneNameRule@appendTo(java.lang.StringBuffer,java.util.Calendar):1571:51297:mTimeZoneForced |==> true
606:LVR:0:POS:org.apache.commons.lang3.time.FastDateFormat$TimeZoneNameRule@appendTo(java.lang.StringBuffer,java.util.Calendar):1572:51404:0 |==> 1
607:LVR:0:NEG:org.apache.commons.lang3.time.FastDateFormat$TimeZoneNameRule@appendTo(java.lang.StringBuffer,java.util.Calendar):1572:51404:0 |==> -1
608:ROR:!=(int,int):<(int,int):org.apache.commons.lang3.time.FastDateFormat$TimeZoneNameRule@appendTo(java.lang.StringBuffer,java.util.Calendar):1572:51367:calendar.get(Calendar.DST_OFFSET) != 0 |==> calendar.get(Calendar.DST_OFFSET) < 0
609:ROR:!=(int,int):>(int,int):org.apache.commons.lang3.time.FastDateFormat$TimeZoneNameRule@appendTo(java.lang.StringBuffer,java.util.Calendar):1572:51367:calendar.get(Calendar.DST_OFFSET) != 0 |==> calendar.get(Calendar.DST_OFFSET) > 0
610:ROR:!=(int,int):TRUE(int,int):org.apache.commons.lang3.time.FastDateFormat$TimeZoneNameRule@appendTo(java.lang.StringBuffer,java.util.Calendar):1572:51401:calendar.get(Calendar.DST_OFFSET) != 0 |==> true
611:COR:&&(boolean,boolean):==(boolean,boolean):org.apache.commons.lang3.time.FastDateFormat$TimeZoneNameRule@appendTo(java.lang.StringBuffer,java.util.Calendar):1572:51336:mTimeZone.useDaylightTime() && calendar.get(Calendar.DST_OFFSET) != 0 |==> mTimeZone.useDaylightTime() == (calendar.get(Calendar.DST_OFFSET) != 0)
612:COR:&&(boolean,boolean):FALSE(boolean,boolean):org.apache.commons.lang3.time.FastDateFormat$TimeZoneNameRule@appendTo(java.lang.StringBuffer,java.util.Calendar):1572:51364:mTimeZone.useDaylightTime() && calendar.get(Calendar.DST_OFFSET) != 0 |==> false
613:COR:&&(boolean,boolean):LHS(boolean,boolean):org.apache.commons.lang3.time.FastDateFormat$TimeZoneNameRule@appendTo(java.lang.StringBuffer,java.util.Calendar):1572:51336:mTimeZone.useDaylightTime() && calendar.get(Calendar.DST_OFFSET) != 0 |==> mTimeZone.useDaylightTime()
614:COR:&&(boolean,boolean):RHS(boolean,boolean):org.apache.commons.lang3.time.FastDateFormat$TimeZoneNameRule@appendTo(java.lang.StringBuffer,java.util.Calendar):1572:51367:mTimeZone.useDaylightTime() && calendar.get(Calendar.DST_OFFSET) != 0 |==> calendar.get(Calendar.DST_OFFSET) != 0
615:STD:<CALL>:<NO-OP>:org.apache.commons.lang3.time.FastDateFormat$TimeZoneNameRule@appendTo(java.lang.StringBuffer,java.util.Calendar):1573:51429:buffer.append(mDaylight); |==> <NO-OP>
616:STD:<CALL>:<NO-OP>:org.apache.commons.lang3.time.FastDateFormat$TimeZoneNameRule@appendTo(java.lang.StringBuffer,java.util.Calendar):1575:51500:buffer.append(mStandard); |==> <NO-OP>
617:LVR:0:POS:org.apache.commons.lang3.time.FastDateFormat$TimeZoneNameRule@appendTo(java.lang.StringBuffer,java.util.Calendar):1579:51712:0 |==> 1
618:LVR:0:NEG:org.apache.commons.lang3.time.FastDateFormat$TimeZoneNameRule@appendTo(java.lang.StringBuffer,java.util.Calendar):1579:51712:0 |==> -1
619:ROR:!=(int,int):<(int,int):org.apache.commons.lang3.time.FastDateFormat$TimeZoneNameRule@appendTo(java.lang.StringBuffer,java.util.Calendar):1579:51675:calendar.get(Calendar.DST_OFFSET) != 0 |==> calendar.get(Calendar.DST_OFFSET) < 0
620:ROR:!=(int,int):>(int,int):org.apache.commons.lang3.time.FastDateFormat$TimeZoneNameRule@appendTo(java.lang.StringBuffer,java.util.Calendar):1579:51675:calendar.get(Calendar.DST_OFFSET) != 0 |==> calendar.get(Calendar.DST_OFFSET) > 0
621:ROR:!=(int,int):TRUE(int,int):org.apache.commons.lang3.time.FastDateFormat$TimeZoneNameRule@appendTo(java.lang.StringBuffer,java.util.Calendar):1579:51709:calendar.get(Calendar.DST_OFFSET) != 0 |==> true
622:COR:&&(boolean,boolean):==(boolean,boolean):org.apache.commons.lang3.time.FastDateFormat$TimeZoneNameRule@appendTo(java.lang.StringBuffer,java.util.Calendar):1579:51645:timeZone.useDaylightTime() && calendar.get(Calendar.DST_OFFSET) != 0 |==> timeZone.useDaylightTime() == (calendar.get(Calendar.DST_OFFSET) != 0)
623:COR:&&(boolean,boolean):FALSE(boolean,boolean):org.apache.commons.lang3.time.FastDateFormat$TimeZoneNameRule@appendTo(java.lang.StringBuffer,java.util.Calendar):1579:51672:timeZone.useDaylightTime() && calendar.get(Calendar.DST_OFFSET) != 0 |==> false
624:COR:&&(boolean,boolean):LHS(boolean,boolean):org.apache.commons.lang3.time.FastDateFormat$TimeZoneNameRule@appendTo(java.lang.StringBuffer,java.util.Calendar):1579:51645:timeZone.useDaylightTime() && calendar.get(Calendar.DST_OFFSET) != 0 |==> timeZone.useDaylightTime()
625:COR:&&(boolean,boolean):RHS(boolean,boolean):org.apache.commons.lang3.time.FastDateFormat$TimeZoneNameRule@appendTo(java.lang.StringBuffer,java.util.Calendar):1579:51675:timeZone.useDaylightTime() && calendar.get(Calendar.DST_OFFSET) != 0 |==> calendar.get(Calendar.DST_OFFSET) != 0
626:LVR:TRUE:FALSE:org.apache.commons.lang3.time.FastDateFormat$TimeZoneNameRule@appendTo(java.lang.StringBuffer,java.util.Calendar):1580:51780:true |==> false
627:STD:<CALL>:<NO-OP>:org.apache.commons.lang3.time.FastDateFormat$TimeZoneNameRule@appendTo(java.lang.StringBuffer,java.util.Calendar):1580:51737:buffer.append(getTimeZoneDisplay(timeZone, true, mStyle, mLocale)); |==> <NO-OP>
628:LVR:FALSE:TRUE:org.apache.commons.lang3.time.FastDateFormat$TimeZoneNameRule@appendTo(java.lang.StringBuffer,java.util.Calendar):1582:51893:false |==> true
629:STD:<CALL>:<NO-OP>:org.apache.commons.lang3.time.FastDateFormat$TimeZoneNameRule@appendTo(java.lang.StringBuffer,java.util.Calendar):1582:51850:buffer.append(getTimeZoneDisplay(timeZone, false, mStyle, mLocale)); |==> <NO-OP>
630:LVR:TRUE:FALSE:org.apache.commons.lang3.time.FastDateFormat$TimeZoneNumberRule:1593:52240:true |==> false
631:LVR:FALSE:TRUE:org.apache.commons.lang3.time.FastDateFormat$TimeZoneNumberRule:1594:52330:false |==> true
632:LVR:POS:0:org.apache.commons.lang3.time.FastDateFormat$TimeZoneNumberRule@estimateLength():1611:52798:5 |==> 0
633:LVR:POS:NEG:org.apache.commons.lang3.time.FastDateFormat$TimeZoneNumberRule@estimateLength():1611:52798:5 |==> -5
634:AOR:+(int,int):%(int,int):org.apache.commons.lang3.time.FastDateFormat$TimeZoneNumberRule@appendTo(java.lang.StringBuffer,java.util.Calendar):1618:52957:calendar.get(Calendar.ZONE_OFFSET) + calendar.get(Calendar.DST_OFFSET) |==> calendar.get(Calendar.ZONE_OFFSET) % calendar.get(Calendar.DST_OFFSET)
635:AOR:+(int,int):*(int,int):org.apache.commons.lang3.time.FastDateFormat$TimeZoneNumberRule@appendTo(java.lang.StringBuffer,java.util.Calendar):1618:52957:calendar.get(Calendar.ZONE_OFFSET) + calendar.get(Calendar.DST_OFFSET) |==> calendar.get(Calendar.ZONE_OFFSET) * calendar.get(Calendar.DST_OFFSET)
636:AOR:+(int,int):-(int,int):org.apache.commons.lang3.time.FastDateFormat$TimeZoneNumberRule@appendTo(java.lang.StringBuffer,java.util.Calendar):1618:52957:calendar.get(Calendar.ZONE_OFFSET) + calendar.get(Calendar.DST_OFFSET) |==> calendar.get(Calendar.ZONE_OFFSET) - calendar.get(Calendar.DST_OFFSET)
637:AOR:+(int,int):/(int,int):org.apache.commons.lang3.time.FastDateFormat$TimeZoneNumberRule@appendTo(java.lang.StringBuffer,java.util.Calendar):1618:52957:calendar.get(Calendar.ZONE_OFFSET) + calendar.get(Calendar.DST_OFFSET) |==> calendar.get(Calendar.ZONE_OFFSET) / calendar.get(Calendar.DST_OFFSET)
638:LVR:0:POS:org.apache.commons.lang3.time.FastDateFormat$TimeZoneNumberRule@appendTo(java.lang.StringBuffer,java.util.Calendar):1620:53067:0 |==> 1
639:LVR:0:NEG:org.apache.commons.lang3.time.FastDateFormat$TimeZoneNumberRule@appendTo(java.lang.StringBuffer,java.util.Calendar):1620:53067:0 |==> -1
640:ROR:<(int,int):!=(int,int):org.apache.commons.lang3.time.FastDateFormat$TimeZoneNumberRule@appendTo(java.lang.StringBuffer,java.util.Calendar):1620:53058:offset < 0 |==> offset != 0
641:ROR:<(int,int):<=(int,int):org.apache.commons.lang3.time.FastDateFormat$TimeZoneNumberRule@appendTo(java.lang.StringBuffer,java.util.Calendar):1620:53058:offset < 0 |==> offset <= 0
642:ROR:<(int,int):FALSE(int,int):org.apache.commons.lang3.time.FastDateFormat$TimeZoneNumberRule@appendTo(java.lang.StringBuffer,java.util.Calendar):1620:53065:offset < 0 |==> false
643:STD:<CALL>:<NO-OP>:org.apache.commons.lang3.time.FastDateFormat$TimeZoneNumberRule@appendTo(java.lang.StringBuffer,java.util.Calendar):1621:53088:buffer.append('-'); |==> <NO-OP>
644:ORU:-(int):+(int):org.apache.commons.lang3.time.FastDateFormat$TimeZoneNumberRule@appendTo(java.lang.StringBuffer,java.util.Calendar):1622:53133:-offset |==> +offset
645:ORU:-(int):~(int):org.apache.commons.lang3.time.FastDateFormat$TimeZoneNumberRule@appendTo(java.lang.StringBuffer,java.util.Calendar):1622:53133:-offset |==> ~offset
646:STD:<ASSIGN>:<NO-OP>:org.apache.commons.lang3.time.FastDateFormat$TimeZoneNumberRule@appendTo(java.lang.StringBuffer,java.util.Calendar):1622:53124:offset = -offset; |==> <NO-OP>
647:STD:<CALL>:<NO-OP>:org.apache.commons.lang3.time.FastDateFormat$TimeZoneNumberRule@appendTo(java.lang.StringBuffer,java.util.Calendar):1624:53179:buffer.append('+'); |==> <NO-OP>
648:LVR:POS:0:org.apache.commons.lang3.time.FastDateFormat$TimeZoneNumberRule@appendTo(java.lang.StringBuffer,java.util.Calendar):1627:53260:60 |==> 0
649:LVR:POS:NEG:org.apache.commons.lang3.time.FastDateFormat$TimeZoneNumberRule@appendTo(java.lang.StringBuffer,java.util.Calendar):1627:53260:60 |==> -60
650:LVR:POS:0:org.apache.commons.lang3.time.FastDateFormat$TimeZoneNumberRule@appendTo(java.lang.StringBuffer,java.util.Calendar):1627:53265:60 |==> 0
651:LVR:POS:NEG:org.apache.commons.lang3.time.FastDateFormat$TimeZoneNumberRule@appendTo(java.lang.StringBuffer,java.util.Calendar):1627:53265:60 |==> -60
652:AOR:*(int,int):%(int,int):org.apache.commons.lang3.time.FastDateFormat$TimeZoneNumberRule@appendTo(java.lang.StringBuffer,java.util.Calendar):1627:53260:60 * 60 |==> 60 % 60
653:AOR:*(int,int):+(int,int):org.apache.commons.lang3.time.FastDateFormat$TimeZoneNumberRule@appendTo(java.lang.StringBuffer,java.util.Calendar):1627:53260:60 * 60 |==> 60 + 60
654:AOR:*(int,int):-(int,int):org.apache.commons.lang3.time.FastDateFormat$TimeZoneNumberRule@appendTo(java.lang.StringBuffer,java.util.Calendar):1627:53260:60 * 60 |==> 60 - 60
655:AOR:*(int,int):/(int,int):org.apache.commons.lang3.time.FastDateFormat$TimeZoneNumberRule@appendTo(java.lang.StringBuffer,java.util.Calendar):1627:53260:60 * 60 |==> 60 / 60
656:LVR:POS:0:org.apache.commons.lang3.time.FastDateFormat$TimeZoneNumberRule@appendTo(java.lang.StringBuffer,java.util.Calendar):1627:53270:1000 |==> 0
657:LVR:POS:NEG:org.apache.commons.lang3.time.FastDateFormat$TimeZoneNumberRule@appendTo(java.lang.StringBuffer,java.util.Calendar):1627:53270:1000 |==> -1000
658:AOR:*(int,int):%(int,int):org.apache.commons.lang3.time.FastDateFormat$TimeZoneNumberRule@appendTo(java.lang.StringBuffer,java.util.Calendar):1627:53260:60 * 60 * 1000 |==> 60 * 60 % 1000
659:AOR:*(int,int):+(int,int):org.apache.commons.lang3.time.FastDateFormat$TimeZoneNumberRule@appendTo(java.lang.StringBuffer,java.util.Calendar):1627:53260:60 * 60 * 1000 |==> 60 * 60 + 1000
660:AOR:*(int,int):-(int,int):org.apache.commons.lang3.time.FastDateFormat$TimeZoneNumberRule@appendTo(java.lang.StringBuffer,java.util.Calendar):1627:53260:60 * 60 * 1000 |==> 60 * 60 - 1000
661:AOR:*(int,int):/(int,int):org.apache.commons.lang3.time.FastDateFormat$TimeZoneNumberRule@appendTo(java.lang.StringBuffer,java.util.Calendar):1627:53260:60 * 60 * 1000 |==> 60 * 60 / 1000
662:AOR:/(int,int):%(int,int):org.apache.commons.lang3.time.FastDateFormat$TimeZoneNumberRule@appendTo(java.lang.StringBuffer,java.util.Calendar):1627:53250:offset / (60 * 60 * 1000) |==> offset % (60 * 60 * 1000)
663:AOR:/(int,int):*(int,int):org.apache.commons.lang3.time.FastDateFormat$TimeZoneNumberRule@appendTo(java.lang.StringBuffer,java.util.Calendar):1627:53250:offset / (60 * 60 * 1000) |==> offset * (60 * 60 * 1000)
664:AOR:/(int,int):+(int,int):org.apache.commons.lang3.time.FastDateFormat$TimeZoneNumberRule@appendTo(java.lang.StringBuffer,java.util.Calendar):1627:53250:offset / (60 * 60 * 1000) |==> offset + (60 * 60 * 1000)
665:AOR:/(int,int):-(int,int):org.apache.commons.lang3.time.FastDateFormat$TimeZoneNumberRule@appendTo(java.lang.StringBuffer,java.util.Calendar):1627:53250:offset / (60 * 60 * 1000) |==> offset - (60 * 60 * 1000)
666:LVR:POS:0:org.apache.commons.lang3.time.FastDateFormat$TimeZoneNumberRule@appendTo(java.lang.StringBuffer,java.util.Calendar):1628:53318:10 |==> 0
667:LVR:POS:NEG:org.apache.commons.lang3.time.FastDateFormat$TimeZoneNumberRule@appendTo(java.lang.StringBuffer,java.util.Calendar):1628:53318:10 |==> -10
668:AOR:/(int,int):%(int,int):org.apache.commons.lang3.time.FastDateFormat$TimeZoneNumberRule@appendTo(java.lang.StringBuffer,java.util.Calendar):1628:53310:hours / 10 |==> hours % 10
669:AOR:/(int,int):*(int,int):org.apache.commons.lang3.time.FastDateFormat$TimeZoneNumberRule@appendTo(java.lang.StringBuffer,java.util.Calendar):1628:53310:hours / 10 |==> hours * 10
670:AOR:/(int,int):+(int,int):org.apache.commons.lang3.time.FastDateFormat$TimeZoneNumberRule@appendTo(java.lang.StringBuffer,java.util.Calendar):1628:53310:hours / 10 |==> hours + 10
671:AOR:/(int,int):-(int,int):org.apache.commons.lang3.time.FastDateFormat$TimeZoneNumberRule@appendTo(java.lang.StringBuffer,java.util.Calendar):1628:53310:hours / 10 |==> hours - 10
672:AOR:+(int,int):%(int,int):org.apache.commons.lang3.time.FastDateFormat$TimeZoneNumberRule@appendTo(java.lang.StringBuffer,java.util.Calendar):1628:53310:hours / 10 + '0' |==> hours / 10 % '0'
673:AOR:+(int,int):*(int,int):org.apache.commons.lang3.time.FastDateFormat$TimeZoneNumberRule@appendTo(java.lang.StringBuffer,java.util.Calendar):1628:53310:hours / 10 + '0' |==> hours / 10 * '0'
674:AOR:+(int,int):-(int,int):org.apache.commons.lang3.time.FastDateFormat$TimeZoneNumberRule@appendTo(java.lang.StringBuffer,java.util.Calendar):1628:53310:hours / 10 + '0' |==> hours / 10 - '0'
675:AOR:+(int,int):/(int,int):org.apache.commons.lang3.time.FastDateFormat$TimeZoneNumberRule@appendTo(java.lang.StringBuffer,java.util.Calendar):1628:53310:hours / 10 + '0' |==> hours / 10 / '0'
676:STD:<CALL>:<NO-OP>:org.apache.commons.lang3.time.FastDateFormat$TimeZoneNumberRule@appendTo(java.lang.StringBuffer,java.util.Calendar):1628:53289:buffer.append((char)(hours / 10 + '0')); |==> <NO-OP>
677:LVR:POS:0:org.apache.commons.lang3.time.FastDateFormat$TimeZoneNumberRule@appendTo(java.lang.StringBuffer,java.util.Calendar):1629:53371:10 |==> 0
678:AOR:%(int,int):*(int,int):org.apache.commons.lang3.time.FastDateFormat$TimeZoneNumberRule@appendTo(java.lang.StringBuffer,java.util.Calendar):1629:53363:hours % 10 |==> hours * 10
679:AOR:%(int,int):+(int,int):org.apache.commons.lang3.time.FastDateFormat$TimeZoneNumberRule@appendTo(java.lang.StringBuffer,java.util.Calendar):1629:53363:hours % 10 |==> hours + 10
680:AOR:%(int,int):-(int,int):org.apache.commons.lang3.time.FastDateFormat$TimeZoneNumberRule@appendTo(java.lang.StringBuffer,java.util.Calendar):1629:53363:hours % 10 |==> hours - 10
681:AOR:%(int,int):/(int,int):org.apache.commons.lang3.time.FastDateFormat$TimeZoneNumberRule@appendTo(java.lang.StringBuffer,java.util.Calendar):1629:53363:hours % 10 |==> hours / 10
682:AOR:+(int,int):%(int,int):org.apache.commons.lang3.time.FastDateFormat$TimeZoneNumberRule@appendTo(java.lang.StringBuffer,java.util.Calendar):1629:53363:hours % 10 + '0' |==> hours % 10 % '0'
683:AOR:+(int,int):*(int,int):org.apache.commons.lang3.time.FastDateFormat$TimeZoneNumberRule@appendTo(java.lang.StringBuffer,java.util.Calendar):1629:53363:hours % 10 + '0' |==> hours % 10 * '0'
684:AOR:+(int,int):-(int,int):org.apache.commons.lang3.time.FastDateFormat$TimeZoneNumberRule@appendTo(java.lang.StringBuffer,java.util.Calendar):1629:53363:hours % 10 + '0' |==> hours % 10 - '0'
685:AOR:+(int,int):/(int,int):org.apache.commons.lang3.time.FastDateFormat$TimeZoneNumberRule@appendTo(java.lang.StringBuffer,java.util.Calendar):1629:53363:hours % 10 + '0' |==> hours % 10 / '0'
686:STD:<CALL>:<NO-OP>:org.apache.commons.lang3.time.FastDateFormat$TimeZoneNumberRule@appendTo(java.lang.StringBuffer,java.util.Calendar):1629:53342:buffer.append((char)(hours % 10 + '0')); |==> <NO-OP>
687:COR:<IDENTIFIER(boolean)>:FALSE:org.apache.commons.lang3.time.FastDateFormat$TimeZoneNumberRule@appendTo(java.lang.StringBuffer,java.util.Calendar):1631:53412:mColon |==> false
688:COR:<IDENTIFIER(boolean)>:TRUE:org.apache.commons.lang3.time.FastDateFormat$TimeZoneNumberRule@appendTo(java.lang.StringBuffer,java.util.Calendar):1631:53412:mColon |==> true
689:STD:<CALL>:<NO-OP>:org.apache.commons.lang3.time.FastDateFormat$TimeZoneNumberRule@appendTo(java.lang.StringBuffer,java.util.Calendar):1632:53438:buffer.append(':'); |==> <NO-OP>
690:LVR:POS:0:org.apache.commons.lang3.time.FastDateFormat$TimeZoneNumberRule@appendTo(java.lang.StringBuffer,java.util.Calendar):1635:53521:60 |==> 0
691:LVR:POS:NEG:org.apache.commons.lang3.time.FastDateFormat$TimeZoneNumberRule@appendTo(java.lang.StringBuffer,java.util.Calendar):1635:53521:60 |==> -60
692:LVR:POS:0:org.apache.commons.lang3.time.FastDateFormat$TimeZoneNumberRule@appendTo(java.lang.StringBuffer,java.util.Calendar):1635:53526:1000 |==> 0
693:LVR:POS:NEG:org.apache.commons.lang3.time.FastDateFormat$TimeZoneNumberRule@appendTo(java.lang.StringBuffer,java.util.Calendar):1635:53526:1000 |==> -1000
694:AOR:*(int,int):%(int,int):org.apache.commons.lang3.time.FastDateFormat$TimeZoneNumberRule@appendTo(java.lang.StringBuffer,java.util.Calendar):1635:53521:60 * 1000 |==> 60 % 1000
695:AOR:*(int,int):+(int,int):org.apache.commons.lang3.time.FastDateFormat$TimeZoneNumberRule@appendTo(java.lang.StringBuffer,java.util.Calendar):1635:53521:60 * 1000 |==> 60 + 1000
696:AOR:*(int,int):-(int,int):org.apache.commons.lang3.time.FastDateFormat$TimeZoneNumberRule@appendTo(java.lang.StringBuffer,java.util.Calendar):1635:53521:60 * 1000 |==> 60 - 1000
697:AOR:*(int,int):/(int,int):org.apache.commons.lang3.time.FastDateFormat$TimeZoneNumberRule@appendTo(java.lang.StringBuffer,java.util.Calendar):1635:53521:60 * 1000 |==> 60 / 1000
698:AOR:/(int,int):%(int,int):org.apache.commons.lang3.time.FastDateFormat$TimeZoneNumberRule@appendTo(java.lang.StringBuffer,java.util.Calendar):1635:53511:offset / (60 * 1000) |==> offset % (60 * 1000)
699:AOR:/(int,int):*(int,int):org.apache.commons.lang3.time.FastDateFormat$TimeZoneNumberRule@appendTo(java.lang.StringBuffer,java.util.Calendar):1635:53511:offset / (60 * 1000) |==> offset * (60 * 1000)
700:AOR:/(int,int):+(int,int):org.apache.commons.lang3.time.FastDateFormat$TimeZoneNumberRule@appendTo(java.lang.StringBuffer,java.util.Calendar):1635:53511:offset / (60 * 1000) |==> offset + (60 * 1000)
701:AOR:/(int,int):-(int,int):org.apache.commons.lang3.time.FastDateFormat$TimeZoneNumberRule@appendTo(java.lang.StringBuffer,java.util.Calendar):1635:53511:offset / (60 * 1000) |==> offset - (60 * 1000)
702:LVR:POS:0:org.apache.commons.lang3.time.FastDateFormat$TimeZoneNumberRule@appendTo(java.lang.StringBuffer,java.util.Calendar):1635:53534:60 |==> 0
703:LVR:POS:NEG:org.apache.commons.lang3.time.FastDateFormat$TimeZoneNumberRule@appendTo(java.lang.StringBuffer,java.util.Calendar):1635:53534:60 |==> -60
704:AOR:*(int,int):%(int,int):org.apache.commons.lang3.time.FastDateFormat$TimeZoneNumberRule@appendTo(java.lang.StringBuffer,java.util.Calendar):1635:53534:60 * hours |==> 60 % hours
705:AOR:*(int,int):+(int,int):org.apache.commons.lang3.time.FastDateFormat$TimeZoneNumberRule@appendTo(java.lang.StringBuffer,java.util.Calendar):1635:53534:60 * hours |==> 60 + hours
706:AOR:*(int,int):-(int,int):org.apache.commons.lang3.time.FastDateFormat$TimeZoneNumberRule@appendTo(java.lang.StringBuffer,java.util.Calendar):1635:53534:60 * hours |==> 60 - hours
707:AOR:*(int,int):/(int,int):org.apache.commons.lang3.time.FastDateFormat$TimeZoneNumberRule@appendTo(java.lang.StringBuffer,java.util.Calendar):1635:53534:60 * hours |==> 60 / hours
708:AOR:-(int,int):%(int,int):org.apache.commons.lang3.time.FastDateFormat$TimeZoneNumberRule@appendTo(java.lang.StringBuffer,java.util.Calendar):1635:53511:offset / (60 * 1000) - 60 * hours |==> offset / (60 * 1000) % (60 * hours)
709:AOR:-(int,int):*(int,int):org.apache.commons.lang3.time.FastDateFormat$TimeZoneNumberRule@appendTo(java.lang.StringBuffer,java.util.Calendar):1635:53511:offset / (60 * 1000) - 60 * hours |==> offset / (60 * 1000) * (60 * hours)
710:AOR:-(int,int):+(int,int):org.apache.commons.lang3.time.FastDateFormat$TimeZoneNumberRule@appendTo(java.lang.StringBuffer,java.util.Calendar):1635:53511:offset / (60 * 1000) - 60 * hours |==> offset / (60 * 1000) + 60 * hours
711:AOR:-(int,int):/(int,int):org.apache.commons.lang3.time.FastDateFormat$TimeZoneNumberRule@appendTo(java.lang.StringBuffer,java.util.Calendar):1635:53511:offset / (60 * 1000) - 60 * hours |==> offset / (60 * 1000) / (60 * hours)
712:LVR:POS:0:org.apache.commons.lang3.time.FastDateFormat$TimeZoneNumberRule@appendTo(java.lang.StringBuffer,java.util.Calendar):1636:53589:10 |==> 0
713:LVR:POS:NEG:org.apache.commons.lang3.time.FastDateFormat$TimeZoneNumberRule@appendTo(java.lang.StringBuffer,java.util.Calendar):1636:53589:10 |==> -10
714:AOR:/(int,int):%(int,int):org.apache.commons.lang3.time.FastDateFormat$TimeZoneNumberRule@appendTo(java.lang.StringBuffer,java.util.Calendar):1636:53579:minutes / 10 |==> minutes % 10
715:AOR:/(int,int):*(int,int):org.apache.commons.lang3.time.FastDateFormat$TimeZoneNumberRule@appendTo(java.lang.StringBuffer,java.util.Calendar):1636:53579:minutes / 10 |==> minutes * 10
716:AOR:/(int,int):+(int,int):org.apache.commons.lang3.time.FastDateFormat$TimeZoneNumberRule@appendTo(java.lang.StringBuffer,java.util.Calendar):1636:53579:minutes / 10 |==> minutes + 10
717:AOR:/(int,int):-(int,int):org.apache.commons.lang3.time.FastDateFormat$TimeZoneNumberRule@appendTo(java.lang.StringBuffer,java.util.Calendar):1636:53579:minutes / 10 |==> minutes - 10
718:AOR:+(int,int):%(int,int):org.apache.commons.lang3.time.FastDateFormat$TimeZoneNumberRule@appendTo(java.lang.StringBuffer,java.util.Calendar):1636:53579:minutes / 10 + '0' |==> minutes / 10 % '0'
719:AOR:+(int,int):*(int,int):org.apache.commons.lang3.time.FastDateFormat$TimeZoneNumberRule@appendTo(java.lang.StringBuffer,java.util.Calendar):1636:53579:minutes / 10 + '0' |==> minutes / 10 * '0'
720:AOR:+(int,int):-(int,int):org.apache.commons.lang3.time.FastDateFormat$TimeZoneNumberRule@appendTo(java.lang.StringBuffer,java.util.Calendar):1636:53579:minutes / 10 + '0' |==> minutes / 10 - '0'
721:AOR:+(int,int):/(int,int):org.apache.commons.lang3.time.FastDateFormat$TimeZoneNumberRule@appendTo(java.lang.StringBuffer,java.util.Calendar):1636:53579:minutes / 10 + '0' |==> minutes / 10 / '0'
722:STD:<CALL>:<NO-OP>:org.apache.commons.lang3.time.FastDateFormat$TimeZoneNumberRule@appendTo(java.lang.StringBuffer,java.util.Calendar):1636:53558:buffer.append((char)(minutes / 10 + '0')); |==> <NO-OP>
723:LVR:POS:0:org.apache.commons.lang3.time.FastDateFormat$TimeZoneNumberRule@appendTo(java.lang.StringBuffer,java.util.Calendar):1637:53644:10 |==> 0
724:AOR:%(int,int):*(int,int):org.apache.commons.lang3.time.FastDateFormat$TimeZoneNumberRule@appendTo(java.lang.StringBuffer,java.util.Calendar):1637:53634:minutes % 10 |==> minutes * 10
725:AOR:%(int,int):+(int,int):org.apache.commons.lang3.time.FastDateFormat$TimeZoneNumberRule@appendTo(java.lang.StringBuffer,java.util.Calendar):1637:53634:minutes % 10 |==> minutes + 10
726:AOR:%(int,int):-(int,int):org.apache.commons.lang3.time.FastDateFormat$TimeZoneNumberRule@appendTo(java.lang.StringBuffer,java.util.Calendar):1637:53634:minutes % 10 |==> minutes - 10
727:AOR:%(int,int):/(int,int):org.apache.commons.lang3.time.FastDateFormat$TimeZoneNumberRule@appendTo(java.lang.StringBuffer,java.util.Calendar):1637:53634:minutes % 10 |==> minutes / 10
728:AOR:+(int,int):%(int,int):org.apache.commons.lang3.time.FastDateFormat$TimeZoneNumberRule@appendTo(java.lang.StringBuffer,java.util.Calendar):1637:53634:minutes % 10 + '0' |==> minutes % 10 % '0'
729:AOR:+(int,int):*(int,int):org.apache.commons.lang3.time.FastDateFormat$TimeZoneNumberRule@appendTo(java.lang.StringBuffer,java.util.Calendar):1637:53634:minutes % 10 + '0' |==> minutes % 10 * '0'
730:AOR:+(int,int):-(int,int):org.apache.commons.lang3.time.FastDateFormat$TimeZoneNumberRule@appendTo(java.lang.StringBuffer,java.util.Calendar):1637:53634:minutes % 10 + '0' |==> minutes % 10 - '0'
731:AOR:+(int,int):/(int,int):org.apache.commons.lang3.time.FastDateFormat$TimeZoneNumberRule@appendTo(java.lang.StringBuffer,java.util.Calendar):1637:53634:minutes % 10 + '0' |==> minutes % 10 / '0'
732:STD:<CALL>:<NO-OP>:org.apache.commons.lang3.time.FastDateFormat$TimeZoneNumberRule@appendTo(java.lang.StringBuffer,java.util.Calendar):1637:53613:buffer.append((char)(minutes % 10 + '0')); |==> <NO-OP>
733:COR:<IDENTIFIER(boolean)>:FALSE:org.apache.commons.lang3.time.FastDateFormat$TimeZoneDisplayKey@<init>(java.util.TimeZone,boolean,int,java.util.Locale):1661:54540:daylight |==> false
734:COR:<IDENTIFIER(boolean)>:TRUE:org.apache.commons.lang3.time.FastDateFormat$TimeZoneDisplayKey@<init>(java.util.TimeZone,boolean,int,java.util.Locale):1661:54540:daylight |==> true
735:LVR:NEG:0:org.apache.commons.lang3.time.FastDateFormat$TimeZoneDisplayKey@<init>(java.util.TimeZone,boolean,int,java.util.Locale):1662:54577:-2147483648 |==> 0
736:STD:<ASSIGN>:<NO-OP>:org.apache.commons.lang3.time.FastDateFormat$TimeZoneDisplayKey@<init>(java.util.TimeZone,boolean,int,java.util.Locale):1662:54568:style |= -2147483648; |==> <NO-OP>
737:LVR:POS:0:org.apache.commons.lang3.time.FastDateFormat$TimeZoneDisplayKey@hashCode():1673:54799:31 |==> 0
738:LVR:POS:NEG:org.apache.commons.lang3.time.FastDateFormat$TimeZoneDisplayKey@hashCode():1673:54799:31 |==> -31
739:AOR:*(int,int):%(int,int):org.apache.commons.lang3.time.FastDateFormat$TimeZoneDisplayKey@hashCode():1673:54790:mStyle * 31 |==> mStyle % 31
740:AOR:*(int,int):+(int,int):org.apache.commons.lang3.time.FastDateFormat$TimeZoneDisplayKey@hashCode():1673:54790:mStyle * 31 |==> mStyle + 31
741:AOR:*(int,int):-(int,int):org.apache.commons.lang3.time.FastDateFormat$TimeZoneDisplayKey@hashCode():1673:54790:mStyle * 31 |==> mStyle - 31
742:AOR:*(int,int):/(int,int):org.apache.commons.lang3.time.FastDateFormat$TimeZoneDisplayKey@hashCode():1673:54790:mStyle * 31 |==> mStyle / 31
743:AOR:+(int,int):%(int,int):org.apache.commons.lang3.time.FastDateFormat$TimeZoneDisplayKey@hashCode():1673:54790:mStyle * 31 + mLocale.hashCode() |==> mStyle * 31 % mLocale.hashCode()
744:AOR:+(int,int):*(int,int):org.apache.commons.lang3.time.FastDateFormat$TimeZoneDisplayKey@hashCode():1673:54790:mStyle * 31 + mLocale.hashCode() |==> mStyle * 31 * mLocale.hashCode()
745:AOR:+(int,int):-(int,int):org.apache.commons.lang3.time.FastDateFormat$TimeZoneDisplayKey@hashCode():1673:54790:mStyle * 31 + mLocale.hashCode() |==> mStyle * 31 - mLocale.hashCode()
746:AOR:+(int,int):/(int,int):org.apache.commons.lang3.time.FastDateFormat$TimeZoneDisplayKey@hashCode():1673:54790:mStyle * 31 + mLocale.hashCode() |==> mStyle * 31 / mLocale.hashCode()
747:LVR:TRUE:FALSE:org.apache.commons.lang3.time.FastDateFormat$TimeZoneDisplayKey@equals(java.lang.Object):1682:55000:true |==> false
748:ROR:==(int,int):<=(int,int):org.apache.commons.lang3.time.FastDateFormat$TimeZoneDisplayKey@equals(java.lang.Object):1688:55241:mStyle == other.mStyle |==> mStyle <= other.mStyle
749:ROR:==(int,int):>=(int,int):org.apache.commons.lang3.time.FastDateFormat$TimeZoneDisplayKey@equals(java.lang.Object):1688:55241:mStyle == other.mStyle |==> mStyle >= other.mStyle
750:ROR:==(int,int):FALSE(int,int):org.apache.commons.lang3.time.FastDateFormat$TimeZoneDisplayKey@equals(java.lang.Object):1688:55248:mStyle == other.mStyle |==> false
751:COR:&&(boolean,boolean):==(boolean,boolean):org.apache.commons.lang3.time.FastDateFormat$TimeZoneDisplayKey@equals(java.lang.Object):1687:55184:mTimeZone.equals(other.mTimeZone) && mStyle == other.mStyle |==> mTimeZone.equals(other.mTimeZone) == (mStyle == other.mStyle)
752:COR:&&(boolean,boolean):FALSE(boolean,boolean):org.apache.commons.lang3.time.FastDateFormat$TimeZoneDisplayKey@equals(java.lang.Object):1687:55218:mTimeZone.equals(other.mTimeZone) && mStyle == other.mStyle |==> false
753:COR:&&(boolean,boolean):LHS(boolean,boolean):org.apache.commons.lang3.time.FastDateFormat$TimeZoneDisplayKey@equals(java.lang.Object):1687:55184:mTimeZone.equals(other.mTimeZone) && mStyle == other.mStyle |==> mTimeZone.equals(other.mTimeZone)
754:COR:&&(boolean,boolean):RHS(boolean,boolean):org.apache.commons.lang3.time.FastDateFormat$TimeZoneDisplayKey@equals(java.lang.Object):1688:55241:mTimeZone.equals(other.mTimeZone) && mStyle == other.mStyle |==> mStyle == other.mStyle
755:COR:&&(boolean,boolean):==(boolean,boolean):org.apache.commons.lang3.time.FastDateFormat$TimeZoneDisplayKey@equals(java.lang.Object):1687:55184:mTimeZone.equals(other.mTimeZone) && mStyle == other.mStyle && mLocale.equals(other.mLocale) |==> (mTimeZone.equals(other.mTimeZone) && mStyle == other.mStyle) == mLocale.equals(other.mLocale)
756:COR:&&(boolean,boolean):FALSE(boolean,boolean):org.apache.commons.lang3.time.FastDateFormat$TimeZoneDisplayKey@equals(java.lang.Object):1688:55264:mTimeZone.equals(other.mTimeZone) && mStyle == other.mStyle && mLocale.equals(other.mLocale) |==> false
757:COR:&&(boolean,boolean):LHS(boolean,boolean):org.apache.commons.lang3.time.FastDateFormat$TimeZoneDisplayKey@equals(java.lang.Object):1687:55184:mTimeZone.equals(other.mTimeZone) && mStyle == other.mStyle && mLocale.equals(other.mLocale) |==> mTimeZone.equals(other.mTimeZone) && mStyle == other.mStyle
758:COR:&&(boolean,boolean):RHS(boolean,boolean):org.apache.commons.lang3.time.FastDateFormat$TimeZoneDisplayKey@equals(java.lang.Object):1689:55287:mTimeZone.equals(other.mTimeZone) && mStyle == other.mStyle && mLocale.equals(other.mLocale) |==> mLocale.equals(other.mLocale)
759:LVR:FALSE:TRUE:org.apache.commons.lang3.time.FastDateFormat$TimeZoneDisplayKey@equals(java.lang.Object):1691:55351:false |==> true
760:LVR:TRUE:FALSE:org.apache.commons.lang3.time.FastDateFormat$Pair@equals(java.lang.Object):1722:56218:true |==> false
761:LVR:FALSE:TRUE:org.apache.commons.lang3.time.FastDateFormat$Pair@equals(java.lang.Object):1726:56304:false |==> true
762:ROR:==(java.lang.Object,java.lang.Object):FALSE(java.lang.Object,java.lang.Object):org.apache.commons.lang3.time.FastDateFormat$Pair@equals(java.lang.Object):1732:56403:mObj1 == null |==> false
763:ROR:==(java.lang.Object,java.lang.Object):FALSE(java.lang.Object,java.lang.Object):org.apache.commons.lang3.time.FastDateFormat$Pair@equals(java.lang.Object):1733:56440:key.mObj1 == null |==> false
764:ROR:==(java.lang.Object,java.lang.Object):FALSE(java.lang.Object,java.lang.Object):org.apache.commons.lang3.time.FastDateFormat$Pair@equals(java.lang.Object):1734:56501:mObj2 == null |==> false
765:ROR:==(java.lang.Object,java.lang.Object):FALSE(java.lang.Object,java.lang.Object):org.apache.commons.lang3.time.FastDateFormat$Pair@equals(java.lang.Object):1735:56538:key.mObj2 == null |==> false
766:COR:&&(boolean,boolean):==(boolean,boolean):org.apache.commons.lang3.time.FastDateFormat$Pair@equals(java.lang.Object):1732:56396:(mObj1 == null ? key.mObj1 == null : mObj1.equals(key.mObj1)) && (mObj2 == null ? key.mObj2 == null : mObj2.equals(key.mObj2)) |==> (mObj1 == null ? key.mObj1 == null : mObj1.equals(key.mObj1)) == (mObj2 == null ? key.mObj2 == null : mObj2.equals(key.mObj2))
767:COR:&&(boolean,boolean):FALSE(boolean,boolean):org.apache.commons.lang3.time.FastDateFormat$Pair@equals(java.lang.Object):1733:56475:(mObj1 == null ? key.mObj1 == null : mObj1.equals(key.mObj1)) && (mObj2 == null ? key.mObj2 == null : mObj2.equals(key.mObj2)) |==> false
768:COR:&&(boolean,boolean):LHS(boolean,boolean):org.apache.commons.lang3.time.FastDateFormat$Pair@equals(java.lang.Object):1732:56396:(mObj1 == null ? key.mObj1 == null : mObj1.equals(key.mObj1)) && (mObj2 == null ? key.mObj2 == null : mObj2.equals(key.mObj2)) |==> (mObj1 == null ? key.mObj1 == null : mObj1.equals(key.mObj1))
769:COR:&&(boolean,boolean):RHS(boolean,boolean):org.apache.commons.lang3.time.FastDateFormat$Pair@equals(java.lang.Object):1734:56494:(mObj1 == null ? key.mObj1 == null : mObj1.equals(key.mObj1)) && (mObj2 == null ? key.mObj2 == null : mObj2.equals(key.mObj2)) |==> (mObj2 == null ? key.mObj2 == null : mObj2.equals(key.mObj2))
770:ROR:==(java.lang.Object,java.lang.Object):FALSE(java.lang.Object,java.lang.Object):org.apache.commons.lang3.time.FastDateFormat$Pair@hashCode():1744:56726:mObj1 == null |==> false
771:LVR:0:POS:org.apache.commons.lang3.time.FastDateFormat$Pair@hashCode():1744:56736:0 |==> 1
772:LVR:0:NEG:org.apache.commons.lang3.time.FastDateFormat$Pair@hashCode():1744:56736:0 |==> -1
773:ROR:==(java.lang.Object,java.lang.Object):FALSE(java.lang.Object,java.lang.Object):org.apache.commons.lang3.time.FastDateFormat$Pair@hashCode():1745:56783:mObj2 == null |==> false
774:LVR:0:POS:org.apache.commons.lang3.time.FastDateFormat$Pair@hashCode():1745:56793:0 |==> 1
775:LVR:0:NEG:org.apache.commons.lang3.time.FastDateFormat$Pair@hashCode():1745:56793:0 |==> -1
776:AOR:+(int,int):%(int,int):org.apache.commons.lang3.time.FastDateFormat$Pair@hashCode():1744:56719:(mObj1 == null ? 0 : mObj1.hashCode()) + (mObj2 == null ? 0 : mObj2.hashCode()) |==> (mObj1 == null ? 0 : mObj1.hashCode()) % (mObj2 == null ? 0 : mObj2.hashCode())
777:AOR:+(int,int):*(int,int):org.apache.commons.lang3.time.FastDateFormat$Pair@hashCode():1744:56719:(mObj1 == null ? 0 : mObj1.hashCode()) + (mObj2 == null ? 0 : mObj2.hashCode()) |==> (mObj1 == null ? 0 : mObj1.hashCode()) * (mObj2 == null ? 0 : mObj2.hashCode())
778:AOR:+(int,int):-(int,int):org.apache.commons.lang3.time.FastDateFormat$Pair@hashCode():1744:56719:(mObj1 == null ? 0 : mObj1.hashCode()) + (mObj2 == null ? 0 : mObj2.hashCode()) |==> (mObj1 == null ? 0 : mObj1.hashCode()) - (mObj2 == null ? 0 : mObj2.hashCode())
779:AOR:+(int,int):/(int,int):org.apache.commons.lang3.time.FastDateFormat$Pair@hashCode():1744:56719:(mObj1 == null ? 0 : mObj1.hashCode()) + (mObj2 == null ? 0 : mObj2.hashCode()) |==> (mObj1 == null ? 0 : mObj1.hashCode()) / (mObj2 == null ? 0 : mObj2.hashCode())
