1:ROR:!=(java.lang.Object,java.lang.Object):TRUE(java.lang.Object,java.lang.Object):org.apache.commons.lang3.builder.ToStringStyle@isRegistered(java.lang.Object):164:5698:m != null |==> true
2:COR:&&(boolean,boolean):==(boolean,boolean):org.apache.commons.lang3.builder.ToStringStyle@isRegistered(java.lang.Object):164:5696:m != null && m.containsKey(value) |==> m != null == m.containsKey(value)
3:COR:&&(boolean,boolean):FALSE(boolean,boolean):org.apache.commons.lang3.builder.ToStringStyle@isRegistered(java.lang.Object):164:5706:m != null && m.containsKey(value) |==> false
4:COR:&&(boolean,boolean):LHS(boolean,boolean):org.apache.commons.lang3.builder.ToStringStyle@isRegistered(java.lang.Object):164:5696:m != null && m.containsKey(value) |==> m != null
5:COR:&&(boolean,boolean):RHS(boolean,boolean):org.apache.commons.lang3.builder.ToStringStyle@isRegistered(java.lang.Object):164:5709:m != null && m.containsKey(value) |==> m.containsKey(value)
6:ROR:!=(java.lang.Object,java.lang.Object):TRUE(java.lang.Object,java.lang.Object):org.apache.commons.lang3.builder.ToStringStyle@register(java.lang.Object):177:6009:value != null |==> true
7:ROR:==(java.lang.Object,java.lang.Object):FALSE(java.lang.Object,java.lang.Object):org.apache.commons.lang3.builder.ToStringStyle@register(java.lang.Object):181:6170:m == null |==> false
8:STD:<ASSIGN>:<NO-OP>:org.apache.commons.lang3.builder.ToStringStyle@register(java.lang.Object):182:6201:m = new WeakHashMap<Object, Object>(); |==> <NO-OP>
9:STD:<CALL>:<NO-OP>:org.apache.commons.lang3.builder.ToStringStyle@register(java.lang.Object):183:6260:REGISTRY.set(m); |==> <NO-OP>
10:STD:<CALL>:<NO-OP>:org.apache.commons.lang3.builder.ToStringStyle@register(java.lang.Object):186:6321:m.put(value, null); |==> <NO-OP>
11:ROR:!=(java.lang.Object,java.lang.Object):TRUE(java.lang.Object,java.lang.Object):org.apache.commons.lang3.builder.ToStringStyle@unregister(java.lang.Object):203:6665:value != null |==> true
12:ROR:!=(java.lang.Object,java.lang.Object):TRUE(java.lang.Object,java.lang.Object):org.apache.commons.lang3.builder.ToStringStyle@unregister(java.lang.Object):207:6826:m != null |==> true
13:STD:<CALL>:<NO-OP>:org.apache.commons.lang3.builder.ToStringStyle@unregister(java.lang.Object):208:6857:m.remove(value); |==> <NO-OP>
14:COR:<METHOD_INVOCATION(boolean)>:FALSE:org.apache.commons.lang3.builder.ToStringStyle@unregister(java.lang.Object):209:6907:m.isEmpty() |==> false
15:COR:<METHOD_INVOCATION(boolean)>:TRUE:org.apache.commons.lang3.builder.ToStringStyle@unregister(java.lang.Object):209:6907:m.isEmpty() |==> true
16:STD:<CALL>:<NO-OP>:org.apache.commons.lang3.builder.ToStringStyle@unregister(java.lang.Object):210:6937:REGISTRY.remove(); |==> <NO-OP>
17:LVR:TRUE:FALSE:org.apache.commons.lang3.builder.ToStringStyle:220:7152:true |==> false
18:LVR:TRUE:FALSE:org.apache.commons.lang3.builder.ToStringStyle:225:7282:true |==> false
19:LVR:FALSE:TRUE:org.apache.commons.lang3.builder.ToStringStyle:230:7421:false |==> true
20:LVR:TRUE:FALSE:org.apache.commons.lang3.builder.ToStringStyle:235:7567:true |==> false
21:LVR:FALSE:TRUE:org.apache.commons.lang3.builder.ToStringStyle:255:8027:false |==> true
22:LVR:FALSE:TRUE:org.apache.commons.lang3.builder.ToStringStyle:260:8168:false |==> true
23:LVR:TRUE:FALSE:org.apache.commons.lang3.builder.ToStringStyle:280:8571:true |==> false
24:LVR:TRUE:FALSE:org.apache.commons.lang3.builder.ToStringStyle:291:8834:true |==> false
25:STD:<CALL>:<NO-OP>:org.apache.commons.lang3.builder.ToStringStyle@appendSuper(java.lang.StringBuffer,java.lang.String):340:10204:appendToString(buffer, superToString); |==> <NO-OP>
26:ROR:!=(java.lang.Object,java.lang.Object):TRUE(java.lang.Object,java.lang.Object):org.apache.commons.lang3.builder.ToStringStyle@appendToString(java.lang.StringBuffer,java.lang.String):354:10747:toString != null |==> true
27:AOR:+(int,int):%(int,int):org.apache.commons.lang3.builder.ToStringStyle@appendToString(java.lang.StringBuffer,java.lang.String):355:10781:toString.indexOf(contentStart) + contentStart.length() |==> toString.indexOf(contentStart) % contentStart.length()
28:AOR:+(int,int):*(int,int):org.apache.commons.lang3.builder.ToStringStyle@appendToString(java.lang.StringBuffer,java.lang.String):355:10781:toString.indexOf(contentStart) + contentStart.length() |==> toString.indexOf(contentStart) * contentStart.length()
29:AOR:+(int,int):-(int,int):org.apache.commons.lang3.builder.ToStringStyle@appendToString(java.lang.StringBuffer,java.lang.String):355:10781:toString.indexOf(contentStart) + contentStart.length() |==> toString.indexOf(contentStart) - contentStart.length()
30:AOR:+(int,int):/(int,int):org.apache.commons.lang3.builder.ToStringStyle@appendToString(java.lang.StringBuffer,java.lang.String):355:10781:toString.indexOf(contentStart) + contentStart.length() |==> toString.indexOf(contentStart) / contentStart.length()
31:ROR:!=(int,int):<(int,int):org.apache.commons.lang3.builder.ToStringStyle@appendToString(java.lang.StringBuffer,java.lang.String):357:10910:pos1 != pos2 |==> pos1 < pos2
32:ROR:!=(int,int):>(int,int):org.apache.commons.lang3.builder.ToStringStyle@appendToString(java.lang.StringBuffer,java.lang.String):357:10910:pos1 != pos2 |==> pos1 > pos2
33:ROR:!=(int,int):TRUE(int,int):org.apache.commons.lang3.builder.ToStringStyle@appendToString(java.lang.StringBuffer,java.lang.String):357:10915:pos1 != pos2 |==> true
34:LVR:0:POS:org.apache.commons.lang3.builder.ToStringStyle@appendToString(java.lang.StringBuffer,java.lang.String):357:10934:0 |==> 1
35:LVR:0:NEG:org.apache.commons.lang3.builder.ToStringStyle@appendToString(java.lang.StringBuffer,java.lang.String):357:10934:0 |==> -1
36:ROR:>=(int,int):==(int,int):org.apache.commons.lang3.builder.ToStringStyle@appendToString(java.lang.StringBuffer,java.lang.String):357:10926:pos1 >= 0 |==> pos1 == 0
37:ROR:>=(int,int):>(int,int):org.apache.commons.lang3.builder.ToStringStyle@appendToString(java.lang.StringBuffer,java.lang.String):357:10926:pos1 >= 0 |==> pos1 > 0
38:ROR:>=(int,int):TRUE(int,int):org.apache.commons.lang3.builder.ToStringStyle@appendToString(java.lang.StringBuffer,java.lang.String):357:10931:pos1 >= 0 |==> true
39:COR:&&(boolean,boolean):==(boolean,boolean):org.apache.commons.lang3.builder.ToStringStyle@appendToString(java.lang.StringBuffer,java.lang.String):357:10910:pos1 != pos2 && pos1 >= 0 |==> pos1 != pos2 == pos1 >= 0
40:COR:&&(boolean,boolean):FALSE(boolean,boolean):org.apache.commons.lang3.builder.ToStringStyle@appendToString(java.lang.StringBuffer,java.lang.String):357:10923:pos1 != pos2 && pos1 >= 0 |==> false
41:COR:&&(boolean,boolean):LHS(boolean,boolean):org.apache.commons.lang3.builder.ToStringStyle@appendToString(java.lang.StringBuffer,java.lang.String):357:10910:pos1 != pos2 && pos1 >= 0 |==> pos1 != pos2
42:COR:&&(boolean,boolean):RHS(boolean,boolean):org.apache.commons.lang3.builder.ToStringStyle@appendToString(java.lang.StringBuffer,java.lang.String):357:10926:pos1 != pos2 && pos1 >= 0 |==> pos1 >= 0
43:LVR:0:POS:org.apache.commons.lang3.builder.ToStringStyle@appendToString(java.lang.StringBuffer,java.lang.String):357:10947:0 |==> 1
44:LVR:0:NEG:org.apache.commons.lang3.builder.ToStringStyle@appendToString(java.lang.StringBuffer,java.lang.String):357:10947:0 |==> -1
45:ROR:>=(int,int):==(int,int):org.apache.commons.lang3.builder.ToStringStyle@appendToString(java.lang.StringBuffer,java.lang.String):357:10939:pos2 >= 0 |==> pos2 == 0
46:ROR:>=(int,int):>(int,int):org.apache.commons.lang3.builder.ToStringStyle@appendToString(java.lang.StringBuffer,java.lang.String):357:10939:pos2 >= 0 |==> pos2 > 0
47:ROR:>=(int,int):TRUE(int,int):org.apache.commons.lang3.builder.ToStringStyle@appendToString(java.lang.StringBuffer,java.lang.String):357:10944:pos2 >= 0 |==> true
48:COR:&&(boolean,boolean):==(boolean,boolean):org.apache.commons.lang3.builder.ToStringStyle@appendToString(java.lang.StringBuffer,java.lang.String):357:10910:pos1 != pos2 && pos1 >= 0 && pos2 >= 0 |==> (pos1 != pos2 && pos1 >= 0) == pos2 >= 0
49:COR:&&(boolean,boolean):FALSE(boolean,boolean):org.apache.commons.lang3.builder.ToStringStyle@appendToString(java.lang.StringBuffer,java.lang.String):357:10936:pos1 != pos2 && pos1 >= 0 && pos2 >= 0 |==> false
50:COR:&&(boolean,boolean):LHS(boolean,boolean):org.apache.commons.lang3.builder.ToStringStyle@appendToString(java.lang.StringBuffer,java.lang.String):357:10910:pos1 != pos2 && pos1 >= 0 && pos2 >= 0 |==> pos1 != pos2 && pos1 >= 0
51:COR:&&(boolean,boolean):RHS(boolean,boolean):org.apache.commons.lang3.builder.ToStringStyle@appendToString(java.lang.StringBuffer,java.lang.String):357:10939:pos1 != pos2 && pos1 >= 0 && pos2 >= 0 |==> pos2 >= 0
52:COR:<IDENTIFIER(boolean)>:FALSE:org.apache.commons.lang3.builder.ToStringStyle@appendToString(java.lang.StringBuffer,java.lang.String):359:11034:fieldSeparatorAtStart |==> false
53:COR:<IDENTIFIER(boolean)>:TRUE:org.apache.commons.lang3.builder.ToStringStyle@appendToString(java.lang.StringBuffer,java.lang.String):359:11034:fieldSeparatorAtStart |==> true
54:STD:<CALL>:<NO-OP>:org.apache.commons.lang3.builder.ToStringStyle@appendToString(java.lang.StringBuffer,java.lang.String):360:11079:removeLastFieldSeparator(buffer); |==> <NO-OP>
55:STD:<CALL>:<NO-OP>:org.apache.commons.lang3.builder.ToStringStyle@appendToString(java.lang.StringBuffer,java.lang.String):362:11147:buffer.append(data); |==> <NO-OP>
56:STD:<CALL>:<NO-OP>:org.apache.commons.lang3.builder.ToStringStyle@appendToString(java.lang.StringBuffer,java.lang.String):363:11184:appendFieldSeparator(buffer); |==> <NO-OP>
57:ROR:!=(java.lang.Object,java.lang.Object):TRUE(java.lang.Object,java.lang.Object):org.apache.commons.lang3.builder.ToStringStyle@appendStart(java.lang.StringBuffer,java.lang.Object):375:11579:object != null |==> true
58:STD:<CALL>:<NO-OP>:org.apache.commons.lang3.builder.ToStringStyle@appendStart(java.lang.StringBuffer,java.lang.Object):376:11602:appendClassName(buffer, object); |==> <NO-OP>
59:STD:<CALL>:<NO-OP>:org.apache.commons.lang3.builder.ToStringStyle@appendStart(java.lang.StringBuffer,java.lang.Object):377:11647:appendIdentityHashCode(buffer, object); |==> <NO-OP>
60:STD:<CALL>:<NO-OP>:org.apache.commons.lang3.builder.ToStringStyle@appendStart(java.lang.StringBuffer,java.lang.Object):378:11699:appendContentStart(buffer); |==> <NO-OP>
61:COR:<IDENTIFIER(boolean)>:FALSE:org.apache.commons.lang3.builder.ToStringStyle@appendStart(java.lang.StringBuffer,java.lang.Object):379:11743:fieldSeparatorAtStart |==> false
62:COR:<IDENTIFIER(boolean)>:TRUE:org.apache.commons.lang3.builder.ToStringStyle@appendStart(java.lang.StringBuffer,java.lang.Object):379:11743:fieldSeparatorAtStart |==> true
63:STD:<CALL>:<NO-OP>:org.apache.commons.lang3.builder.ToStringStyle@appendStart(java.lang.StringBuffer,java.lang.Object):380:11784:appendFieldSeparator(buffer); |==> <NO-OP>
64:LVR:FALSE:TRUE:org.apache.commons.lang3.builder.ToStringStyle@appendEnd(java.lang.StringBuffer,java.lang.Object):393:12205:false |==> true
65:ROR:==(boolean,boolean):FALSE(boolean,boolean):org.apache.commons.lang3.builder.ToStringStyle@appendEnd(java.lang.StringBuffer,java.lang.Object):393:12202:this.fieldSeparatorAtEnd == false |==> false
66:ROR:==(boolean,boolean):LHS(boolean,boolean):org.apache.commons.lang3.builder.ToStringStyle@appendEnd(java.lang.StringBuffer,java.lang.Object):393:12177:this.fieldSeparatorAtEnd == false |==> this.fieldSeparatorAtEnd
67:ROR:==(boolean,boolean):RHS(boolean,boolean):org.apache.commons.lang3.builder.ToStringStyle@appendEnd(java.lang.StringBuffer,java.lang.Object):393:12205:this.fieldSeparatorAtEnd == false |==> false
68:STD:<CALL>:<NO-OP>:org.apache.commons.lang3.builder.ToStringStyle@appendEnd(java.lang.StringBuffer,java.lang.Object):394:12226:removeLastFieldSeparator(buffer); |==> <NO-OP>
69:STD:<CALL>:<NO-OP>:org.apache.commons.lang3.builder.ToStringStyle@appendEnd(java.lang.StringBuffer,java.lang.Object):396:12278:appendContentEnd(buffer); |==> <NO-OP>
70:STD:<CALL>:<NO-OP>:org.apache.commons.lang3.builder.ToStringStyle@appendEnd(java.lang.StringBuffer,java.lang.Object):397:12312:unregister(object); |==> <NO-OP>
71:LVR:0:POS:org.apache.commons.lang3.builder.ToStringStyle@removeLastFieldSeparator(java.lang.StringBuffer):409:12673:0 |==> 1
72:LVR:0:NEG:org.apache.commons.lang3.builder.ToStringStyle@removeLastFieldSeparator(java.lang.StringBuffer):409:12673:0 |==> -1
73:ROR:>(int,int):!=(int,int):org.apache.commons.lang3.builder.ToStringStyle@removeLastFieldSeparator(java.lang.StringBuffer):409:12667:len > 0 |==> len != 0
74:ROR:>(int,int):>=(int,int):org.apache.commons.lang3.builder.ToStringStyle@removeLastFieldSeparator(java.lang.StringBuffer):409:12667:len > 0 |==> len >= 0
75:ROR:>(int,int):FALSE(int,int):org.apache.commons.lang3.builder.ToStringStyle@removeLastFieldSeparator(java.lang.StringBuffer):409:12671:len > 0 |==> false
76:LVR:0:POS:org.apache.commons.lang3.builder.ToStringStyle@removeLastFieldSeparator(java.lang.StringBuffer):409:12687:0 |==> 1
77:LVR:0:NEG:org.apache.commons.lang3.builder.ToStringStyle@removeLastFieldSeparator(java.lang.StringBuffer):409:12687:0 |==> -1
78:ROR:>(int,int):!=(int,int):org.apache.commons.lang3.builder.ToStringStyle@removeLastFieldSeparator(java.lang.StringBuffer):409:12678:sepLen > 0 |==> sepLen != 0
79:ROR:>(int,int):>=(int,int):org.apache.commons.lang3.builder.ToStringStyle@removeLastFieldSeparator(java.lang.StringBuffer):409:12678:sepLen > 0 |==> sepLen >= 0
80:ROR:>(int,int):FALSE(int,int):org.apache.commons.lang3.builder.ToStringStyle@removeLastFieldSeparator(java.lang.StringBuffer):409:12685:sepLen > 0 |==> false
81:COR:&&(boolean,boolean):==(boolean,boolean):org.apache.commons.lang3.builder.ToStringStyle@removeLastFieldSeparator(java.lang.StringBuffer):409:12667:len > 0 && sepLen > 0 |==> len > 0 == sepLen > 0
82:COR:&&(boolean,boolean):FALSE(boolean,boolean):org.apache.commons.lang3.builder.ToStringStyle@removeLastFieldSeparator(java.lang.StringBuffer):409:12675:len > 0 && sepLen > 0 |==> false
83:COR:&&(boolean,boolean):LHS(boolean,boolean):org.apache.commons.lang3.builder.ToStringStyle@removeLastFieldSeparator(java.lang.StringBuffer):409:12667:len > 0 && sepLen > 0 |==> len > 0
84:COR:&&(boolean,boolean):RHS(boolean,boolean):org.apache.commons.lang3.builder.ToStringStyle@removeLastFieldSeparator(java.lang.StringBuffer):409:12678:len > 0 && sepLen > 0 |==> sepLen > 0
85:ROR:>=(int,int):==(int,int):org.apache.commons.lang3.builder.ToStringStyle@removeLastFieldSeparator(java.lang.StringBuffer):409:12692:len >= sepLen |==> len == sepLen
86:ROR:>=(int,int):>(int,int):org.apache.commons.lang3.builder.ToStringStyle@removeLastFieldSeparator(java.lang.StringBuffer):409:12692:len >= sepLen |==> len > sepLen
87:ROR:>=(int,int):TRUE(int,int):org.apache.commons.lang3.builder.ToStringStyle@removeLastFieldSeparator(java.lang.StringBuffer):409:12696:len >= sepLen |==> true
88:COR:&&(boolean,boolean):==(boolean,boolean):org.apache.commons.lang3.builder.ToStringStyle@removeLastFieldSeparator(java.lang.StringBuffer):409:12667:len > 0 && sepLen > 0 && len >= sepLen |==> (len > 0 && sepLen > 0) == len >= sepLen
89:COR:&&(boolean,boolean):FALSE(boolean,boolean):org.apache.commons.lang3.builder.ToStringStyle@removeLastFieldSeparator(java.lang.StringBuffer):409:12689:len > 0 && sepLen > 0 && len >= sepLen |==> false
90:COR:&&(boolean,boolean):LHS(boolean,boolean):org.apache.commons.lang3.builder.ToStringStyle@removeLastFieldSeparator(java.lang.StringBuffer):409:12667:len > 0 && sepLen > 0 && len >= sepLen |==> len > 0 && sepLen > 0
91:COR:&&(boolean,boolean):RHS(boolean,boolean):org.apache.commons.lang3.builder.ToStringStyle@removeLastFieldSeparator(java.lang.StringBuffer):409:12692:len > 0 && sepLen > 0 && len >= sepLen |==> len >= sepLen
92:LVR:TRUE:FALSE:org.apache.commons.lang3.builder.ToStringStyle@removeLastFieldSeparator(java.lang.StringBuffer):410:12737:true |==> false
93:LVR:0:POS:org.apache.commons.lang3.builder.ToStringStyle@removeLastFieldSeparator(java.lang.StringBuffer):411:12768:0 |==> 1
94:LVR:0:NEG:org.apache.commons.lang3.builder.ToStringStyle@removeLastFieldSeparator(java.lang.StringBuffer):411:12768:0 |==> -1
95:ROR:<(int,int):!=(int,int):org.apache.commons.lang3.builder.ToStringStyle@removeLastFieldSeparator(java.lang.StringBuffer):411:12771:i < sepLen |==> i != sepLen
96:ROR:<(int,int):<=(int,int):org.apache.commons.lang3.builder.ToStringStyle@removeLastFieldSeparator(java.lang.StringBuffer):411:12771:i < sepLen |==> i <= sepLen
97:ROR:<(int,int):FALSE(int,int):org.apache.commons.lang3.builder.ToStringStyle@removeLastFieldSeparator(java.lang.StringBuffer):411:12773:i < sepLen |==> false
98:LVR:POS:0:org.apache.commons.lang3.builder.ToStringStyle@removeLastFieldSeparator(java.lang.StringBuffer):412:12830:1 |==> 0
99:LVR:POS:NEG:org.apache.commons.lang3.builder.ToStringStyle@removeLastFieldSeparator(java.lang.StringBuffer):412:12830:1 |==> -1
100:AOR:-(int,int):%(int,int):org.apache.commons.lang3.builder.ToStringStyle@removeLastFieldSeparator(java.lang.StringBuffer):412:12824:len - 1 |==> len % 1
101:AOR:-(int,int):*(int,int):org.apache.commons.lang3.builder.ToStringStyle@removeLastFieldSeparator(java.lang.StringBuffer):412:12824:len - 1 |==> len * 1
102:AOR:-(int,int):+(int,int):org.apache.commons.lang3.builder.ToStringStyle@removeLastFieldSeparator(java.lang.StringBuffer):412:12824:len - 1 |==> len + 1
103:AOR:-(int,int):/(int,int):org.apache.commons.lang3.builder.ToStringStyle@removeLastFieldSeparator(java.lang.StringBuffer):412:12824:len - 1 |==> len / 1
104:AOR:-(int,int):%(int,int):org.apache.commons.lang3.builder.ToStringStyle@removeLastFieldSeparator(java.lang.StringBuffer):412:12824:len - 1 - i |==> (len - 1) % i
105:AOR:-(int,int):*(int,int):org.apache.commons.lang3.builder.ToStringStyle@removeLastFieldSeparator(java.lang.StringBuffer):412:12824:len - 1 - i |==> (len - 1) * i
106:AOR:-(int,int):+(int,int):org.apache.commons.lang3.builder.ToStringStyle@removeLastFieldSeparator(java.lang.StringBuffer):412:12824:len - 1 - i |==> len - 1 + i
107:AOR:-(int,int):/(int,int):org.apache.commons.lang3.builder.ToStringStyle@removeLastFieldSeparator(java.lang.StringBuffer):412:12824:len - 1 - i |==> (len - 1) / i
108:LVR:POS:0:org.apache.commons.lang3.builder.ToStringStyle@removeLastFieldSeparator(java.lang.StringBuffer):412:12871:1 |==> 0
109:LVR:POS:NEG:org.apache.commons.lang3.builder.ToStringStyle@removeLastFieldSeparator(java.lang.StringBuffer):412:12871:1 |==> -1
110:AOR:-(int,int):%(int,int):org.apache.commons.lang3.builder.ToStringStyle@removeLastFieldSeparator(java.lang.StringBuffer):412:12862:sepLen - 1 |==> sepLen % 1
111:AOR:-(int,int):*(int,int):org.apache.commons.lang3.builder.ToStringStyle@removeLastFieldSeparator(java.lang.StringBuffer):412:12862:sepLen - 1 |==> sepLen * 1
112:AOR:-(int,int):+(int,int):org.apache.commons.lang3.builder.ToStringStyle@removeLastFieldSeparator(java.lang.StringBuffer):412:12862:sepLen - 1 |==> sepLen + 1
113:AOR:-(int,int):/(int,int):org.apache.commons.lang3.builder.ToStringStyle@removeLastFieldSeparator(java.lang.StringBuffer):412:12862:sepLen - 1 |==> sepLen / 1
114:AOR:-(int,int):%(int,int):org.apache.commons.lang3.builder.ToStringStyle@removeLastFieldSeparator(java.lang.StringBuffer):412:12862:sepLen - 1 - i |==> (sepLen - 1) % i
115:AOR:-(int,int):*(int,int):org.apache.commons.lang3.builder.ToStringStyle@removeLastFieldSeparator(java.lang.StringBuffer):412:12862:sepLen - 1 - i |==> (sepLen - 1) * i
116:AOR:-(int,int):+(int,int):org.apache.commons.lang3.builder.ToStringStyle@removeLastFieldSeparator(java.lang.StringBuffer):412:12862:sepLen - 1 - i |==> sepLen - 1 + i
117:AOR:-(int,int):/(int,int):org.apache.commons.lang3.builder.ToStringStyle@removeLastFieldSeparator(java.lang.StringBuffer):412:12862:sepLen - 1 - i |==> (sepLen - 1) / i
118:ROR:!=(int,int):<(int,int):org.apache.commons.lang3.builder.ToStringStyle@removeLastFieldSeparator(java.lang.StringBuffer):412:12810:buffer.charAt(len - 1 - i) != fieldSeparator.charAt(sepLen - 1 - i) |==> buffer.charAt(len - 1 - i) < fieldSeparator.charAt(sepLen - 1 - i)
119:ROR:!=(int,int):>(int,int):org.apache.commons.lang3.builder.ToStringStyle@removeLastFieldSeparator(java.lang.StringBuffer):412:12810:buffer.charAt(len - 1 - i) != fieldSeparator.charAt(sepLen - 1 - i) |==> buffer.charAt(len - 1 - i) > fieldSeparator.charAt(sepLen - 1 - i)
120:ROR:!=(int,int):TRUE(int,int):org.apache.commons.lang3.builder.ToStringStyle@removeLastFieldSeparator(java.lang.StringBuffer):412:12837:buffer.charAt(len - 1 - i) != fieldSeparator.charAt(sepLen - 1 - i) |==> true
121:LVR:FALSE:TRUE:org.apache.commons.lang3.builder.ToStringStyle@removeLastFieldSeparator(java.lang.StringBuffer):413:12909:false |==> true
122:STD:<ASSIGN>:<NO-OP>:org.apache.commons.lang3.builder.ToStringStyle@removeLastFieldSeparator(java.lang.StringBuffer):413:12901:match = false; |==> <NO-OP>
123:COR:<IDENTIFIER(boolean)>:FALSE:org.apache.commons.lang3.builder.ToStringStyle@removeLastFieldSeparator(java.lang.StringBuffer):417:12991:match |==> false
124:COR:<IDENTIFIER(boolean)>:TRUE:org.apache.commons.lang3.builder.ToStringStyle@removeLastFieldSeparator(java.lang.StringBuffer):417:12991:match |==> true
125:AOR:-(int,int):%(int,int):org.apache.commons.lang3.builder.ToStringStyle@removeLastFieldSeparator(java.lang.StringBuffer):418:13033:len - sepLen |==> len % sepLen
126:AOR:-(int,int):*(int,int):org.apache.commons.lang3.builder.ToStringStyle@removeLastFieldSeparator(java.lang.StringBuffer):418:13033:len - sepLen |==> len * sepLen
127:AOR:-(int,int):+(int,int):org.apache.commons.lang3.builder.ToStringStyle@removeLastFieldSeparator(java.lang.StringBuffer):418:13033:len - sepLen |==> len + sepLen
128:AOR:-(int,int):/(int,int):org.apache.commons.lang3.builder.ToStringStyle@removeLastFieldSeparator(java.lang.StringBuffer):418:13033:len - sepLen |==> len / sepLen
129:STD:<CALL>:<NO-OP>:org.apache.commons.lang3.builder.ToStringStyle@removeLastFieldSeparator(java.lang.StringBuffer):418:13016:buffer.setLength(len - sepLen); |==> <NO-OP>
130:STD:<CALL>:<NO-OP>:org.apache.commons.lang3.builder.ToStringStyle@append(java.lang.StringBuffer,java.lang.String,java.lang.Object,java.lang.Boolean):437:13772:appendFieldStart(buffer, fieldName); |==> <NO-OP>
131:ROR:==(java.lang.Object,java.lang.Object):FALSE(java.lang.Object,java.lang.Object):org.apache.commons.lang3.builder.ToStringStyle@append(java.lang.StringBuffer,java.lang.String,java.lang.Object,java.lang.Boolean):439:13828:value == null |==> false
132:STD:<CALL>:<NO-OP>:org.apache.commons.lang3.builder.ToStringStyle@append(java.lang.StringBuffer,java.lang.String,java.lang.Object,java.lang.Boolean):440:13851:appendNullText(buffer, fieldName); |==> <NO-OP>
133:STD:<CALL>:<NO-OP>:org.apache.commons.lang3.builder.ToStringStyle@append(java.lang.StringBuffer,java.lang.String,java.lang.Object,java.lang.Boolean):443:13916:appendInternal(buffer, fieldName, value, isFullDetail(fullDetail)); |==> <NO-OP>
134:STD:<CALL>:<NO-OP>:org.apache.commons.lang3.builder.ToStringStyle@append(java.lang.StringBuffer,java.lang.String,java.lang.Object,java.lang.Boolean):446:14003:appendFieldEnd(buffer, fieldName); |==> <NO-OP>
135:COR:||(boolean,boolean):!=(boolean,boolean):org.apache.commons.lang3.builder.ToStringStyle@appendInternal(java.lang.StringBuffer,java.lang.String,java.lang.Object,boolean):470:15027:value instanceof Number || value instanceof Boolean |==> value instanceof Number != value instanceof Boolean
136:COR:||(boolean,boolean):LHS(boolean,boolean):org.apache.commons.lang3.builder.ToStringStyle@appendInternal(java.lang.StringBuffer,java.lang.String,java.lang.Object,boolean):470:15027:value instanceof Number || value instanceof Boolean |==> value instanceof Number
137:COR:||(boolean,boolean):RHS(boolean,boolean):org.apache.commons.lang3.builder.ToStringStyle@appendInternal(java.lang.StringBuffer,java.lang.String,java.lang.Object,boolean):470:15054:value instanceof Number || value instanceof Boolean |==> value instanceof Boolean
138:COR:||(boolean,boolean):TRUE(boolean,boolean):org.apache.commons.lang3.builder.ToStringStyle@appendInternal(java.lang.StringBuffer,java.lang.String,java.lang.Object,boolean):470:15051:value instanceof Number || value instanceof Boolean |==> true
139:COR:||(boolean,boolean):!=(boolean,boolean):org.apache.commons.lang3.builder.ToStringStyle@appendInternal(java.lang.StringBuffer,java.lang.String,java.lang.Object,boolean):470:15027:value instanceof Number || value instanceof Boolean || value instanceof Character |==> (value instanceof Number || value instanceof Boolean) != value instanceof Character
140:COR:||(boolean,boolean):LHS(boolean,boolean):org.apache.commons.lang3.builder.ToStringStyle@appendInternal(java.lang.StringBuffer,java.lang.String,java.lang.Object,boolean):470:15027:value instanceof Number || value instanceof Boolean || value instanceof Character |==> value instanceof Number || value instanceof Boolean
141:COR:||(boolean,boolean):RHS(boolean,boolean):org.apache.commons.lang3.builder.ToStringStyle@appendInternal(java.lang.StringBuffer,java.lang.String,java.lang.Object,boolean):470:15082:value instanceof Number || value instanceof Boolean || value instanceof Character |==> value instanceof Character
142:COR:||(boolean,boolean):TRUE(boolean,boolean):org.apache.commons.lang3.builder.ToStringStyle@appendInternal(java.lang.StringBuffer,java.lang.String,java.lang.Object,boolean):470:15079:value instanceof Number || value instanceof Boolean || value instanceof Character |==> true
143:COR:&&(boolean,boolean):==(boolean,boolean):org.apache.commons.lang3.builder.ToStringStyle@appendInternal(java.lang.StringBuffer,java.lang.String,java.lang.Object,boolean):469:14990:isRegistered(value) && !(value instanceof Number || value instanceof Boolean || value instanceof Character) |==> isRegistered(value) == !(value instanceof Number || value instanceof Boolean || value instanceof Character)
144:COR:&&(boolean,boolean):FALSE(boolean,boolean):org.apache.commons.lang3.builder.ToStringStyle@appendInternal(java.lang.StringBuffer,java.lang.String,java.lang.Object,boolean):470:15022:isRegistered(value) && !(value instanceof Number || value instanceof Boolean || value instanceof Character) |==> false
145:COR:&&(boolean,boolean):LHS(boolean,boolean):org.apache.commons.lang3.builder.ToStringStyle@appendInternal(java.lang.StringBuffer,java.lang.String,java.lang.Object,boolean):469:14990:isRegistered(value) && !(value instanceof Number || value instanceof Boolean || value instanceof Character) |==> isRegistered(value)
146:COR:&&(boolean,boolean):RHS(boolean,boolean):org.apache.commons.lang3.builder.ToStringStyle@appendInternal(java.lang.StringBuffer,java.lang.String,java.lang.Object,boolean):470:15025:isRegistered(value) && !(value instanceof Number || value instanceof Boolean || value instanceof Character) |==> !(value instanceof Number || value instanceof Boolean || value instanceof Character)
147:STD:<CALL>:<NO-OP>:org.apache.commons.lang3.builder.ToStringStyle@appendInternal(java.lang.StringBuffer,java.lang.String,java.lang.Object,boolean):471:15124:appendCyclicObject(buffer, fieldName, value); |==> <NO-OP>
148:STD:<CALL>:<NO-OP>:org.apache.commons.lang3.builder.ToStringStyle@appendInternal(java.lang.StringBuffer,java.lang.String,java.lang.Object,boolean):475:15208:register(value); |==> <NO-OP>
149:COR:<IDENTIFIER(boolean)>:FALSE:org.apache.commons.lang3.builder.ToStringStyle@appendInternal(java.lang.StringBuffer,java.lang.String,java.lang.Object,boolean):479:15310:detail |==> false
150:COR:<IDENTIFIER(boolean)>:TRUE:org.apache.commons.lang3.builder.ToStringStyle@appendInternal(java.lang.StringBuffer,java.lang.String,java.lang.Object,boolean):479:15310:detail |==> true
151:STD:<CALL>:<NO-OP>:org.apache.commons.lang3.builder.ToStringStyle@appendInternal(java.lang.StringBuffer,java.lang.String,java.lang.Object,boolean):480:15340:appendDetail(buffer, fieldName, (Collection<?>)value); |==> <NO-OP>
152:STD:<CALL>:<NO-OP>:org.apache.commons.lang3.builder.ToStringStyle@appendInternal(java.lang.StringBuffer,java.lang.String,java.lang.Object,boolean):482:15441:appendSummarySize(buffer, fieldName, ((Collection<?>)value).size()); |==> <NO-OP>
153:COR:<IDENTIFIER(boolean)>:FALSE:org.apache.commons.lang3.builder.ToStringStyle@appendInternal(java.lang.StringBuffer,java.lang.String,java.lang.Object,boolean):486:15603:detail |==> false
154:COR:<IDENTIFIER(boolean)>:TRUE:org.apache.commons.lang3.builder.ToStringStyle@appendInternal(java.lang.StringBuffer,java.lang.String,java.lang.Object,boolean):486:15603:detail |==> true
155:STD:<CALL>:<NO-OP>:org.apache.commons.lang3.builder.ToStringStyle@appendInternal(java.lang.StringBuffer,java.lang.String,java.lang.Object,boolean):487:15633:appendDetail(buffer, fieldName, (Map<?, ?>)value); |==> <NO-OP>
156:STD:<CALL>:<NO-OP>:org.apache.commons.lang3.builder.ToStringStyle@appendInternal(java.lang.StringBuffer,java.lang.String,java.lang.Object,boolean):489:15730:appendSummarySize(buffer, fieldName, ((Map<?, ?>)value).size()); |==> <NO-OP>
157:COR:<IDENTIFIER(boolean)>:FALSE:org.apache.commons.lang3.builder.ToStringStyle@appendInternal(java.lang.StringBuffer,java.lang.String,java.lang.Object,boolean):493:15885:detail |==> false
158:COR:<IDENTIFIER(boolean)>:TRUE:org.apache.commons.lang3.builder.ToStringStyle@appendInternal(java.lang.StringBuffer,java.lang.String,java.lang.Object,boolean):493:15885:detail |==> true
159:STD:<CALL>:<NO-OP>:org.apache.commons.lang3.builder.ToStringStyle@appendInternal(java.lang.StringBuffer,java.lang.String,java.lang.Object,boolean):494:15915:appendDetail(buffer, fieldName, (long[])value); |==> <NO-OP>
160:STD:<CALL>:<NO-OP>:org.apache.commons.lang3.builder.ToStringStyle@appendInternal(java.lang.StringBuffer,java.lang.String,java.lang.Object,boolean):496:16009:appendSummary(buffer, fieldName, (long[])value); |==> <NO-OP>
161:COR:<IDENTIFIER(boolean)>:FALSE:org.apache.commons.lang3.builder.ToStringStyle@appendInternal(java.lang.StringBuffer,java.lang.String,java.lang.Object,boolean):500:16147:detail |==> false
162:COR:<IDENTIFIER(boolean)>:TRUE:org.apache.commons.lang3.builder.ToStringStyle@appendInternal(java.lang.StringBuffer,java.lang.String,java.lang.Object,boolean):500:16147:detail |==> true
163:STD:<CALL>:<NO-OP>:org.apache.commons.lang3.builder.ToStringStyle@appendInternal(java.lang.StringBuffer,java.lang.String,java.lang.Object,boolean):501:16177:appendDetail(buffer, fieldName, (int[])value); |==> <NO-OP>
164:STD:<CALL>:<NO-OP>:org.apache.commons.lang3.builder.ToStringStyle@appendInternal(java.lang.StringBuffer,java.lang.String,java.lang.Object,boolean):503:16270:appendSummary(buffer, fieldName, (int[])value); |==> <NO-OP>
165:COR:<IDENTIFIER(boolean)>:FALSE:org.apache.commons.lang3.builder.ToStringStyle@appendInternal(java.lang.StringBuffer,java.lang.String,java.lang.Object,boolean):507:16409:detail |==> false
166:COR:<IDENTIFIER(boolean)>:TRUE:org.apache.commons.lang3.builder.ToStringStyle@appendInternal(java.lang.StringBuffer,java.lang.String,java.lang.Object,boolean):507:16409:detail |==> true
167:STD:<CALL>:<NO-OP>:org.apache.commons.lang3.builder.ToStringStyle@appendInternal(java.lang.StringBuffer,java.lang.String,java.lang.Object,boolean):508:16439:appendDetail(buffer, fieldName, (short[])value); |==> <NO-OP>
168:STD:<CALL>:<NO-OP>:org.apache.commons.lang3.builder.ToStringStyle@appendInternal(java.lang.StringBuffer,java.lang.String,java.lang.Object,boolean):510:16534:appendSummary(buffer, fieldName, (short[])value); |==> <NO-OP>
169:COR:<IDENTIFIER(boolean)>:FALSE:org.apache.commons.lang3.builder.ToStringStyle@appendInternal(java.lang.StringBuffer,java.lang.String,java.lang.Object,boolean):514:16674:detail |==> false
170:COR:<IDENTIFIER(boolean)>:TRUE:org.apache.commons.lang3.builder.ToStringStyle@appendInternal(java.lang.StringBuffer,java.lang.String,java.lang.Object,boolean):514:16674:detail |==> true
171:STD:<CALL>:<NO-OP>:org.apache.commons.lang3.builder.ToStringStyle@appendInternal(java.lang.StringBuffer,java.lang.String,java.lang.Object,boolean):515:16704:appendDetail(buffer, fieldName, (byte[])value); |==> <NO-OP>
172:STD:<CALL>:<NO-OP>:org.apache.commons.lang3.builder.ToStringStyle@appendInternal(java.lang.StringBuffer,java.lang.String,java.lang.Object,boolean):517:16798:appendSummary(buffer, fieldName, (byte[])value); |==> <NO-OP>
173:COR:<IDENTIFIER(boolean)>:FALSE:org.apache.commons.lang3.builder.ToStringStyle@appendInternal(java.lang.StringBuffer,java.lang.String,java.lang.Object,boolean):521:16937:detail |==> false
174:COR:<IDENTIFIER(boolean)>:TRUE:org.apache.commons.lang3.builder.ToStringStyle@appendInternal(java.lang.StringBuffer,java.lang.String,java.lang.Object,boolean):521:16937:detail |==> true
175:STD:<CALL>:<NO-OP>:org.apache.commons.lang3.builder.ToStringStyle@appendInternal(java.lang.StringBuffer,java.lang.String,java.lang.Object,boolean):522:16967:appendDetail(buffer, fieldName, (char[])value); |==> <NO-OP>
176:STD:<CALL>:<NO-OP>:org.apache.commons.lang3.builder.ToStringStyle@appendInternal(java.lang.StringBuffer,java.lang.String,java.lang.Object,boolean):524:17061:appendSummary(buffer, fieldName, (char[])value); |==> <NO-OP>
177:COR:<IDENTIFIER(boolean)>:FALSE:org.apache.commons.lang3.builder.ToStringStyle@appendInternal(java.lang.StringBuffer,java.lang.String,java.lang.Object,boolean):528:17202:detail |==> false
178:COR:<IDENTIFIER(boolean)>:TRUE:org.apache.commons.lang3.builder.ToStringStyle@appendInternal(java.lang.StringBuffer,java.lang.String,java.lang.Object,boolean):528:17202:detail |==> true
179:STD:<CALL>:<NO-OP>:org.apache.commons.lang3.builder.ToStringStyle@appendInternal(java.lang.StringBuffer,java.lang.String,java.lang.Object,boolean):529:17232:appendDetail(buffer, fieldName, (double[])value); |==> <NO-OP>
180:STD:<CALL>:<NO-OP>:org.apache.commons.lang3.builder.ToStringStyle@appendInternal(java.lang.StringBuffer,java.lang.String,java.lang.Object,boolean):531:17328:appendSummary(buffer, fieldName, (double[])value); |==> <NO-OP>
181:COR:<IDENTIFIER(boolean)>:FALSE:org.apache.commons.lang3.builder.ToStringStyle@appendInternal(java.lang.StringBuffer,java.lang.String,java.lang.Object,boolean):535:17470:detail |==> false
182:COR:<IDENTIFIER(boolean)>:TRUE:org.apache.commons.lang3.builder.ToStringStyle@appendInternal(java.lang.StringBuffer,java.lang.String,java.lang.Object,boolean):535:17470:detail |==> true
183:STD:<CALL>:<NO-OP>:org.apache.commons.lang3.builder.ToStringStyle@appendInternal(java.lang.StringBuffer,java.lang.String,java.lang.Object,boolean):536:17500:appendDetail(buffer, fieldName, (float[])value); |==> <NO-OP>
184:STD:<CALL>:<NO-OP>:org.apache.commons.lang3.builder.ToStringStyle@appendInternal(java.lang.StringBuffer,java.lang.String,java.lang.Object,boolean):538:17595:appendSummary(buffer, fieldName, (float[])value); |==> <NO-OP>
185:COR:<IDENTIFIER(boolean)>:FALSE:org.apache.commons.lang3.builder.ToStringStyle@appendInternal(java.lang.StringBuffer,java.lang.String,java.lang.Object,boolean):542:17738:detail |==> false
186:COR:<IDENTIFIER(boolean)>:TRUE:org.apache.commons.lang3.builder.ToStringStyle@appendInternal(java.lang.StringBuffer,java.lang.String,java.lang.Object,boolean):542:17738:detail |==> true
187:STD:<CALL>:<NO-OP>:org.apache.commons.lang3.builder.ToStringStyle@appendInternal(java.lang.StringBuffer,java.lang.String,java.lang.Object,boolean):543:17768:appendDetail(buffer, fieldName, (boolean[])value); |==> <NO-OP>
188:STD:<CALL>:<NO-OP>:org.apache.commons.lang3.builder.ToStringStyle@appendInternal(java.lang.StringBuffer,java.lang.String,java.lang.Object,boolean):545:17865:appendSummary(buffer, fieldName, (boolean[])value); |==> <NO-OP>
189:COR:<METHOD_INVOCATION(boolean)>:FALSE:org.apache.commons.lang3.builder.ToStringStyle@appendInternal(java.lang.StringBuffer,java.lang.String,java.lang.Object,boolean):548:17984:value.getClass().isArray() |==> false
190:COR:<METHOD_INVOCATION(boolean)>:TRUE:org.apache.commons.lang3.builder.ToStringStyle@appendInternal(java.lang.StringBuffer,java.lang.String,java.lang.Object,boolean):548:17984:value.getClass().isArray() |==> true
191:COR:<IDENTIFIER(boolean)>:FALSE:org.apache.commons.lang3.builder.ToStringStyle@appendInternal(java.lang.StringBuffer,java.lang.String,java.lang.Object,boolean):549:18010:detail |==> false
192:COR:<IDENTIFIER(boolean)>:TRUE:org.apache.commons.lang3.builder.ToStringStyle@appendInternal(java.lang.StringBuffer,java.lang.String,java.lang.Object,boolean):549:18010:detail |==> true
193:STD:<CALL>:<NO-OP>:org.apache.commons.lang3.builder.ToStringStyle@appendInternal(java.lang.StringBuffer,java.lang.String,java.lang.Object,boolean):550:18040:appendDetail(buffer, fieldName, (Object[])value); |==> <NO-OP>
194:STD:<CALL>:<NO-OP>:org.apache.commons.lang3.builder.ToStringStyle@appendInternal(java.lang.StringBuffer,java.lang.String,java.lang.Object,boolean):552:18136:appendSummary(buffer, fieldName, (Object[])value); |==> <NO-OP>
195:COR:<IDENTIFIER(boolean)>:FALSE:org.apache.commons.lang3.builder.ToStringStyle@appendInternal(java.lang.StringBuffer,java.lang.String,java.lang.Object,boolean):556:18252:detail |==> false
196:COR:<IDENTIFIER(boolean)>:TRUE:org.apache.commons.lang3.builder.ToStringStyle@appendInternal(java.lang.StringBuffer,java.lang.String,java.lang.Object,boolean):556:18252:detail |==> true
197:STD:<CALL>:<NO-OP>:org.apache.commons.lang3.builder.ToStringStyle@appendInternal(java.lang.StringBuffer,java.lang.String,java.lang.Object,boolean):557:18286:appendDetail(buffer, fieldName, value); |==> <NO-OP>
198:STD:<CALL>:<NO-OP>:org.apache.commons.lang3.builder.ToStringStyle@appendInternal(java.lang.StringBuffer,java.lang.String,java.lang.Object,boolean):559:18379:appendSummary(buffer, fieldName, value); |==> <NO-OP>
199:STD:<CALL>:<NO-OP>:org.apache.commons.lang3.builder.ToStringStyle@appendInternal(java.lang.StringBuffer,java.lang.String,java.lang.Object,boolean):563:18488:unregister(value); |==> <NO-OP>
200:STD:<CALL>:<NO-OP>:org.apache.commons.lang3.builder.ToStringStyle@appendCyclicObject(java.lang.StringBuffer,java.lang.String,java.lang.Object):580:19128:ObjectUtils.identityToString(buffer, value); |==> <NO-OP>
201:STD:<CALL>:<NO-OP>:org.apache.commons.lang3.builder.ToStringStyle@appendDetail(java.lang.StringBuffer,java.lang.String,java.lang.Object):593:19680:buffer.append(value); |==> <NO-OP>
202:STD:<CALL>:<NO-OP>:org.apache.commons.lang3.builder.ToStringStyle@appendDetail(java.lang.StringBuffer,java.lang.String,java.util.Collection<?>):605:20169:buffer.append(coll); |==> <NO-OP>
203:STD:<CALL>:<NO-OP>:org.apache.commons.lang3.builder.ToStringStyle@appendDetail(java.lang.StringBuffer,java.lang.String,java.util.Map<?,?>):617:20636:buffer.append(map); |==> <NO-OP>
204:STD:<CALL>:<NO-OP>:org.apache.commons.lang3.builder.ToStringStyle@appendSummary(java.lang.StringBuffer,java.lang.String,java.lang.Object):630:21158:buffer.append(summaryObjectStartText); |==> <NO-OP>
205:STD:<CALL>:<NO-OP>:org.apache.commons.lang3.builder.ToStringStyle@appendSummary(java.lang.StringBuffer,java.lang.String,java.lang.Object):631:21205:buffer.append(getShortClassName(value.getClass())); |==> <NO-OP>
206:STD:<CALL>:<NO-OP>:org.apache.commons.lang3.builder.ToStringStyle@appendSummary(java.lang.StringBuffer,java.lang.String,java.lang.Object):632:21265:buffer.append(summaryObjectEndText); |==> <NO-OP>
207:STD:<CALL>:<NO-OP>:org.apache.commons.lang3.builder.ToStringStyle@append(java.lang.StringBuffer,java.lang.String,long):646:21755:appendFieldStart(buffer, fieldName); |==> <NO-OP>
208:STD:<CALL>:<NO-OP>:org.apache.commons.lang3.builder.ToStringStyle@append(java.lang.StringBuffer,java.lang.String,long):647:21800:appendDetail(buffer, fieldName, value); |==> <NO-OP>
209:STD:<CALL>:<NO-OP>:org.apache.commons.lang3.builder.ToStringStyle@append(java.lang.StringBuffer,java.lang.String,long):648:21848:appendFieldEnd(buffer, fieldName); |==> <NO-OP>
210:STD:<CALL>:<NO-OP>:org.apache.commons.lang3.builder.ToStringStyle@appendDetail(java.lang.StringBuffer,java.lang.String,long):660:22301:buffer.append(value); |==> <NO-OP>
211:STD:<CALL>:<NO-OP>:org.apache.commons.lang3.builder.ToStringStyle@append(java.lang.StringBuffer,java.lang.String,int):674:22775:appendFieldStart(buffer, fieldName); |==> <NO-OP>
212:STD:<CALL>:<NO-OP>:org.apache.commons.lang3.builder.ToStringStyle@append(java.lang.StringBuffer,java.lang.String,int):675:22820:appendDetail(buffer, fieldName, value); |==> <NO-OP>
213:STD:<CALL>:<NO-OP>:org.apache.commons.lang3.builder.ToStringStyle@append(java.lang.StringBuffer,java.lang.String,int):676:22868:appendFieldEnd(buffer, fieldName); |==> <NO-OP>
214:STD:<CALL>:<NO-OP>:org.apache.commons.lang3.builder.ToStringStyle@appendDetail(java.lang.StringBuffer,java.lang.String,int):688:23320:buffer.append(value); |==> <NO-OP>
215:STD:<CALL>:<NO-OP>:org.apache.commons.lang3.builder.ToStringStyle@append(java.lang.StringBuffer,java.lang.String,short):702:23797:appendFieldStart(buffer, fieldName); |==> <NO-OP>
216:STD:<CALL>:<NO-OP>:org.apache.commons.lang3.builder.ToStringStyle@append(java.lang.StringBuffer,java.lang.String,short):703:23842:appendDetail(buffer, fieldName, value); |==> <NO-OP>
217:STD:<CALL>:<NO-OP>:org.apache.commons.lang3.builder.ToStringStyle@append(java.lang.StringBuffer,java.lang.String,short):704:23890:appendFieldEnd(buffer, fieldName); |==> <NO-OP>
218:STD:<CALL>:<NO-OP>:org.apache.commons.lang3.builder.ToStringStyle@appendDetail(java.lang.StringBuffer,java.lang.String,short):716:24345:buffer.append(value); |==> <NO-OP>
219:STD:<CALL>:<NO-OP>:org.apache.commons.lang3.builder.ToStringStyle@append(java.lang.StringBuffer,java.lang.String,byte):730:24820:appendFieldStart(buffer, fieldName); |==> <NO-OP>
220:STD:<CALL>:<NO-OP>:org.apache.commons.lang3.builder.ToStringStyle@append(java.lang.StringBuffer,java.lang.String,byte):731:24865:appendDetail(buffer, fieldName, value); |==> <NO-OP>
221:STD:<CALL>:<NO-OP>:org.apache.commons.lang3.builder.ToStringStyle@append(java.lang.StringBuffer,java.lang.String,byte):732:24913:appendFieldEnd(buffer, fieldName); |==> <NO-OP>
222:STD:<CALL>:<NO-OP>:org.apache.commons.lang3.builder.ToStringStyle@appendDetail(java.lang.StringBuffer,java.lang.String,byte):744:25366:buffer.append(value); |==> <NO-OP>
223:STD:<CALL>:<NO-OP>:org.apache.commons.lang3.builder.ToStringStyle@append(java.lang.StringBuffer,java.lang.String,char):758:25841:appendFieldStart(buffer, fieldName); |==> <NO-OP>
224:STD:<CALL>:<NO-OP>:org.apache.commons.lang3.builder.ToStringStyle@append(java.lang.StringBuffer,java.lang.String,char):759:25886:appendDetail(buffer, fieldName, value); |==> <NO-OP>
225:STD:<CALL>:<NO-OP>:org.apache.commons.lang3.builder.ToStringStyle@append(java.lang.StringBuffer,java.lang.String,char):760:25934:appendFieldEnd(buffer, fieldName); |==> <NO-OP>
226:STD:<CALL>:<NO-OP>:org.apache.commons.lang3.builder.ToStringStyle@appendDetail(java.lang.StringBuffer,java.lang.String,char):772:26387:buffer.append(value); |==> <NO-OP>
227:STD:<CALL>:<NO-OP>:org.apache.commons.lang3.builder.ToStringStyle@append(java.lang.StringBuffer,java.lang.String,double):786:26866:appendFieldStart(buffer, fieldName); |==> <NO-OP>
228:STD:<CALL>:<NO-OP>:org.apache.commons.lang3.builder.ToStringStyle@append(java.lang.StringBuffer,java.lang.String,double):787:26911:appendDetail(buffer, fieldName, value); |==> <NO-OP>
229:STD:<CALL>:<NO-OP>:org.apache.commons.lang3.builder.ToStringStyle@append(java.lang.StringBuffer,java.lang.String,double):788:26959:appendFieldEnd(buffer, fieldName); |==> <NO-OP>
230:STD:<CALL>:<NO-OP>:org.apache.commons.lang3.builder.ToStringStyle@appendDetail(java.lang.StringBuffer,java.lang.String,double):800:27416:buffer.append(value); |==> <NO-OP>
231:STD:<CALL>:<NO-OP>:org.apache.commons.lang3.builder.ToStringStyle@append(java.lang.StringBuffer,java.lang.String,float):814:27893:appendFieldStart(buffer, fieldName); |==> <NO-OP>
232:STD:<CALL>:<NO-OP>:org.apache.commons.lang3.builder.ToStringStyle@append(java.lang.StringBuffer,java.lang.String,float):815:27938:appendDetail(buffer, fieldName, value); |==> <NO-OP>
233:STD:<CALL>:<NO-OP>:org.apache.commons.lang3.builder.ToStringStyle@append(java.lang.StringBuffer,java.lang.String,float):816:27986:appendFieldEnd(buffer, fieldName); |==> <NO-OP>
234:STD:<CALL>:<NO-OP>:org.apache.commons.lang3.builder.ToStringStyle@appendDetail(java.lang.StringBuffer,java.lang.String,float):828:28441:buffer.append(value); |==> <NO-OP>
235:STD:<CALL>:<NO-OP>:org.apache.commons.lang3.builder.ToStringStyle@append(java.lang.StringBuffer,java.lang.String,boolean):842:28922:appendFieldStart(buffer, fieldName); |==> <NO-OP>
236:STD:<CALL>:<NO-OP>:org.apache.commons.lang3.builder.ToStringStyle@append(java.lang.StringBuffer,java.lang.String,boolean):843:28967:appendDetail(buffer, fieldName, value); |==> <NO-OP>
237:STD:<CALL>:<NO-OP>:org.apache.commons.lang3.builder.ToStringStyle@append(java.lang.StringBuffer,java.lang.String,boolean):844:29015:appendFieldEnd(buffer, fieldName); |==> <NO-OP>
238:STD:<CALL>:<NO-OP>:org.apache.commons.lang3.builder.ToStringStyle@appendDetail(java.lang.StringBuffer,java.lang.String,boolean):856:29474:buffer.append(value); |==> <NO-OP>
239:STD:<CALL>:<NO-OP>:org.apache.commons.lang3.builder.ToStringStyle@append(java.lang.StringBuffer,java.lang.String,java.lang.Object[],java.lang.Boolean):870:30016:appendFieldStart(buffer, fieldName); |==> <NO-OP>
240:ROR:==(java.lang.Object,java.lang.Object):FALSE(java.lang.Object,java.lang.Object):org.apache.commons.lang3.builder.ToStringStyle@append(java.lang.StringBuffer,java.lang.String,java.lang.Object[],java.lang.Boolean):872:30072:array == null |==> false
241:STD:<CALL>:<NO-OP>:org.apache.commons.lang3.builder.ToStringStyle@append(java.lang.StringBuffer,java.lang.String,java.lang.Object[],java.lang.Boolean):873:30095:appendNullText(buffer, fieldName); |==> <NO-OP>
242:COR:<METHOD_INVOCATION(boolean)>:FALSE:org.apache.commons.lang3.builder.ToStringStyle@append(java.lang.StringBuffer,java.lang.String,java.lang.Object[],java.lang.Boolean):875:30162:isFullDetail(fullDetail) |==> false
243:COR:<METHOD_INVOCATION(boolean)>:TRUE:org.apache.commons.lang3.builder.ToStringStyle@append(java.lang.StringBuffer,java.lang.String,java.lang.Object[],java.lang.Boolean):875:30162:isFullDetail(fullDetail) |==> true
244:STD:<CALL>:<NO-OP>:org.apache.commons.lang3.builder.ToStringStyle@append(java.lang.StringBuffer,java.lang.String,java.lang.Object[],java.lang.Boolean):876:30190:appendDetail(buffer, fieldName, array); |==> <NO-OP>
245:STD:<CALL>:<NO-OP>:org.apache.commons.lang3.builder.ToStringStyle@append(java.lang.StringBuffer,java.lang.String,java.lang.Object[],java.lang.Boolean):879:30260:appendSummary(buffer, fieldName, array); |==> <NO-OP>
246:STD:<CALL>:<NO-OP>:org.apache.commons.lang3.builder.ToStringStyle@append(java.lang.StringBuffer,java.lang.String,java.lang.Object[],java.lang.Boolean):882:30320:appendFieldEnd(buffer, fieldName); |==> <NO-OP>
247:STD:<CALL>:<NO-OP>:org.apache.commons.lang3.builder.ToStringStyle@appendDetail(java.lang.StringBuffer,java.lang.String,java.lang.Object[]):897:30909:buffer.append(arrayStart); |==> <NO-OP>
248:LVR:0:POS:org.apache.commons.lang3.builder.ToStringStyle@appendDetail(java.lang.StringBuffer,java.lang.String,java.lang.Object[]):898:30957:0 |==> 1
249:LVR:0:NEG:org.apache.commons.lang3.builder.ToStringStyle@appendDetail(java.lang.StringBuffer,java.lang.String,java.lang.Object[]):898:30957:0 |==> -1
250:ROR:<(int,int):<=(int,int):org.apache.commons.lang3.builder.ToStringStyle@appendDetail(java.lang.StringBuffer,java.lang.String,java.lang.Object[]):898:30960:i < array.length |==> i <= array.length
251:ROR:<(int,int):FALSE(int,int):org.apache.commons.lang3.builder.ToStringStyle@appendDetail(java.lang.StringBuffer,java.lang.String,java.lang.Object[]):898:30962:i < array.length |==> false
252:LVR:0:POS:org.apache.commons.lang3.builder.ToStringStyle@appendDetail(java.lang.StringBuffer,java.lang.String,java.lang.Object[]):900:31041:0 |==> 1
253:LVR:0:NEG:org.apache.commons.lang3.builder.ToStringStyle@appendDetail(java.lang.StringBuffer,java.lang.String,java.lang.Object[]):900:31041:0 |==> -1
254:ROR:>(int,int):!=(int,int):org.apache.commons.lang3.builder.ToStringStyle@appendDetail(java.lang.StringBuffer,java.lang.String,java.lang.Object[]):900:31037:i > 0 |==> i != 0
255:ROR:>(int,int):>=(int,int):org.apache.commons.lang3.builder.ToStringStyle@appendDetail(java.lang.StringBuffer,java.lang.String,java.lang.Object[]):900:31037:i > 0 |==> i >= 0
256:ROR:>(int,int):FALSE(int,int):org.apache.commons.lang3.builder.ToStringStyle@appendDetail(java.lang.StringBuffer,java.lang.String,java.lang.Object[]):900:31039:i > 0 |==> false
257:STD:<CALL>:<NO-OP>:org.apache.commons.lang3.builder.ToStringStyle@appendDetail(java.lang.StringBuffer,java.lang.String,java.lang.Object[]):901:31062:buffer.append(arraySeparator); |==> <NO-OP>
258:ROR:==(java.lang.Object,java.lang.Object):FALSE(java.lang.Object,java.lang.Object):org.apache.commons.lang3.builder.ToStringStyle@appendDetail(java.lang.StringBuffer,java.lang.String,java.lang.Object[]):903:31128:item == null |==> false
259:STD:<CALL>:<NO-OP>:org.apache.commons.lang3.builder.ToStringStyle@appendDetail(java.lang.StringBuffer,java.lang.String,java.lang.Object[]):904:31155:appendNullText(buffer, fieldName); |==> <NO-OP>
260:STD:<CALL>:<NO-OP>:org.apache.commons.lang3.builder.ToStringStyle@appendDetail(java.lang.StringBuffer,java.lang.String,java.lang.Object[]):907:31228:appendInternal(buffer, fieldName, item, arrayContentDetail); |==> <NO-OP>
261:STD:<CALL>:<NO-OP>:org.apache.commons.lang3.builder.ToStringStyle@appendDetail(java.lang.StringBuffer,java.lang.String,java.lang.Object[]):910:31321:buffer.append(arrayEnd); |==> <NO-OP>
262:STD:<CALL>:<NO-OP>:org.apache.commons.lang3.builder.ToStringStyle@reflectionAppendArrayDetail(java.lang.StringBuffer,java.lang.String,java.lang.Object):923:31825:buffer.append(arrayStart); |==> <NO-OP>
263:LVR:0:POS:org.apache.commons.lang3.builder.ToStringStyle@reflectionAppendArrayDetail(java.lang.StringBuffer,java.lang.String,java.lang.Object):925:31918:0 |==> 1
264:LVR:0:NEG:org.apache.commons.lang3.builder.ToStringStyle@reflectionAppendArrayDetail(java.lang.StringBuffer,java.lang.String,java.lang.Object):925:31918:0 |==> -1
265:ROR:<(int,int):!=(int,int):org.apache.commons.lang3.builder.ToStringStyle@reflectionAppendArrayDetail(java.lang.StringBuffer,java.lang.String,java.lang.Object):925:31921:i < length |==> i != length
266:ROR:<(int,int):<=(int,int):org.apache.commons.lang3.builder.ToStringStyle@reflectionAppendArrayDetail(java.lang.StringBuffer,java.lang.String,java.lang.Object):925:31921:i < length |==> i <= length
267:ROR:<(int,int):FALSE(int,int):org.apache.commons.lang3.builder.ToStringStyle@reflectionAppendArrayDetail(java.lang.StringBuffer,java.lang.String,java.lang.Object):925:31923:i < length |==> false
268:LVR:0:POS:org.apache.commons.lang3.builder.ToStringStyle@reflectionAppendArrayDetail(java.lang.StringBuffer,java.lang.String,java.lang.Object):927:32007:0 |==> 1
269:LVR:0:NEG:org.apache.commons.lang3.builder.ToStringStyle@reflectionAppendArrayDetail(java.lang.StringBuffer,java.lang.String,java.lang.Object):927:32007:0 |==> -1
270:ROR:>(int,int):!=(int,int):org.apache.commons.lang3.builder.ToStringStyle@reflectionAppendArrayDetail(java.lang.StringBuffer,java.lang.String,java.lang.Object):927:32003:i > 0 |==> i != 0
271:ROR:>(int,int):>=(int,int):org.apache.commons.lang3.builder.ToStringStyle@reflectionAppendArrayDetail(java.lang.StringBuffer,java.lang.String,java.lang.Object):927:32003:i > 0 |==> i >= 0
272:ROR:>(int,int):FALSE(int,int):org.apache.commons.lang3.builder.ToStringStyle@reflectionAppendArrayDetail(java.lang.StringBuffer,java.lang.String,java.lang.Object):927:32005:i > 0 |==> false
273:STD:<CALL>:<NO-OP>:org.apache.commons.lang3.builder.ToStringStyle@reflectionAppendArrayDetail(java.lang.StringBuffer,java.lang.String,java.lang.Object):928:32028:buffer.append(arraySeparator); |==> <NO-OP>
274:ROR:==(java.lang.Object,java.lang.Object):FALSE(java.lang.Object,java.lang.Object):org.apache.commons.lang3.builder.ToStringStyle@reflectionAppendArrayDetail(java.lang.StringBuffer,java.lang.String,java.lang.Object):930:32094:item == null |==> false
275:STD:<CALL>:<NO-OP>:org.apache.commons.lang3.builder.ToStringStyle@reflectionAppendArrayDetail(java.lang.StringBuffer,java.lang.String,java.lang.Object):931:32121:appendNullText(buffer, fieldName); |==> <NO-OP>
276:STD:<CALL>:<NO-OP>:org.apache.commons.lang3.builder.ToStringStyle@reflectionAppendArrayDetail(java.lang.StringBuffer,java.lang.String,java.lang.Object):934:32194:appendInternal(buffer, fieldName, item, arrayContentDetail); |==> <NO-OP>
277:STD:<CALL>:<NO-OP>:org.apache.commons.lang3.builder.ToStringStyle@reflectionAppendArrayDetail(java.lang.StringBuffer,java.lang.String,java.lang.Object):937:32287:buffer.append(arrayEnd); |==> <NO-OP>
278:STD:<CALL>:<NO-OP>:org.apache.commons.lang3.builder.ToStringStyle@appendSummary(java.lang.StringBuffer,java.lang.String,java.lang.Object[]):950:32782:appendSummarySize(buffer, fieldName, array.length); |==> <NO-OP>
279:STD:<CALL>:<NO-OP>:org.apache.commons.lang3.builder.ToStringStyle@append(java.lang.StringBuffer,java.lang.String,long[],java.lang.Boolean):966:33446:appendFieldStart(buffer, fieldName); |==> <NO-OP>
280:ROR:==(java.lang.Object,java.lang.Object):FALSE(java.lang.Object,java.lang.Object):org.apache.commons.lang3.builder.ToStringStyle@append(java.lang.StringBuffer,java.lang.String,long[],java.lang.Boolean):968:33502:array == null |==> false
281:STD:<CALL>:<NO-OP>:org.apache.commons.lang3.builder.ToStringStyle@append(java.lang.StringBuffer,java.lang.String,long[],java.lang.Boolean):969:33525:appendNullText(buffer, fieldName); |==> <NO-OP>
282:COR:<METHOD_INVOCATION(boolean)>:FALSE:org.apache.commons.lang3.builder.ToStringStyle@append(java.lang.StringBuffer,java.lang.String,long[],java.lang.Boolean):971:33592:isFullDetail(fullDetail) |==> false
283:COR:<METHOD_INVOCATION(boolean)>:TRUE:org.apache.commons.lang3.builder.ToStringStyle@append(java.lang.StringBuffer,java.lang.String,long[],java.lang.Boolean):971:33592:isFullDetail(fullDetail) |==> true
284:STD:<CALL>:<NO-OP>:org.apache.commons.lang3.builder.ToStringStyle@append(java.lang.StringBuffer,java.lang.String,long[],java.lang.Boolean):972:33620:appendDetail(buffer, fieldName, array); |==> <NO-OP>
285:STD:<CALL>:<NO-OP>:org.apache.commons.lang3.builder.ToStringStyle@append(java.lang.StringBuffer,java.lang.String,long[],java.lang.Boolean):975:33690:appendSummary(buffer, fieldName, array); |==> <NO-OP>
286:STD:<CALL>:<NO-OP>:org.apache.commons.lang3.builder.ToStringStyle@append(java.lang.StringBuffer,java.lang.String,long[],java.lang.Boolean):978:33750:appendFieldEnd(buffer, fieldName); |==> <NO-OP>
287:STD:<CALL>:<NO-OP>:org.apache.commons.lang3.builder.ToStringStyle@appendDetail(java.lang.StringBuffer,java.lang.String,long[]):991:34250:buffer.append(arrayStart); |==> <NO-OP>
288:LVR:0:POS:org.apache.commons.lang3.builder.ToStringStyle@appendDetail(java.lang.StringBuffer,java.lang.String,long[]):992:34298:0 |==> 1
289:LVR:0:NEG:org.apache.commons.lang3.builder.ToStringStyle@appendDetail(java.lang.StringBuffer,java.lang.String,long[]):992:34298:0 |==> -1
290:ROR:<(int,int):<=(int,int):org.apache.commons.lang3.builder.ToStringStyle@appendDetail(java.lang.StringBuffer,java.lang.String,long[]):992:34301:i < array.length |==> i <= array.length
291:ROR:<(int,int):FALSE(int,int):org.apache.commons.lang3.builder.ToStringStyle@appendDetail(java.lang.StringBuffer,java.lang.String,long[]):992:34303:i < array.length |==> false
292:LVR:0:POS:org.apache.commons.lang3.builder.ToStringStyle@appendDetail(java.lang.StringBuffer,java.lang.String,long[]):993:34346:0 |==> 1
293:LVR:0:NEG:org.apache.commons.lang3.builder.ToStringStyle@appendDetail(java.lang.StringBuffer,java.lang.String,long[]):993:34346:0 |==> -1
294:ROR:>(int,int):!=(int,int):org.apache.commons.lang3.builder.ToStringStyle@appendDetail(java.lang.StringBuffer,java.lang.String,long[]):993:34342:i > 0 |==> i != 0
295:ROR:>(int,int):>=(int,int):org.apache.commons.lang3.builder.ToStringStyle@appendDetail(java.lang.StringBuffer,java.lang.String,long[]):993:34342:i > 0 |==> i >= 0
296:ROR:>(int,int):FALSE(int,int):org.apache.commons.lang3.builder.ToStringStyle@appendDetail(java.lang.StringBuffer,java.lang.String,long[]):993:34344:i > 0 |==> false
297:STD:<CALL>:<NO-OP>:org.apache.commons.lang3.builder.ToStringStyle@appendDetail(java.lang.StringBuffer,java.lang.String,long[]):994:34367:buffer.append(arraySeparator); |==> <NO-OP>
298:STD:<CALL>:<NO-OP>:org.apache.commons.lang3.builder.ToStringStyle@appendDetail(java.lang.StringBuffer,java.lang.String,long[]):996:34424:appendDetail(buffer, fieldName, array[i]); |==> <NO-OP>
299:STD:<CALL>:<NO-OP>:org.apache.commons.lang3.builder.ToStringStyle@appendDetail(java.lang.StringBuffer,java.lang.String,long[]):998:34485:buffer.append(arrayEnd); |==> <NO-OP>
300:STD:<CALL>:<NO-OP>:org.apache.commons.lang3.builder.ToStringStyle@appendSummary(java.lang.StringBuffer,java.lang.String,long[]):1011:34975:appendSummarySize(buffer, fieldName, array.length); |==> <NO-OP>
301:STD:<CALL>:<NO-OP>:org.apache.commons.lang3.builder.ToStringStyle@append(java.lang.StringBuffer,java.lang.String,int[],java.lang.Boolean):1027:35638:appendFieldStart(buffer, fieldName); |==> <NO-OP>
302:ROR:==(java.lang.Object,java.lang.Object):FALSE(java.lang.Object,java.lang.Object):org.apache.commons.lang3.builder.ToStringStyle@append(java.lang.StringBuffer,java.lang.String,int[],java.lang.Boolean):1029:35694:array == null |==> false
303:STD:<CALL>:<NO-OP>:org.apache.commons.lang3.builder.ToStringStyle@append(java.lang.StringBuffer,java.lang.String,int[],java.lang.Boolean):1030:35717:appendNullText(buffer, fieldName); |==> <NO-OP>
304:COR:<METHOD_INVOCATION(boolean)>:FALSE:org.apache.commons.lang3.builder.ToStringStyle@append(java.lang.StringBuffer,java.lang.String,int[],java.lang.Boolean):1032:35784:isFullDetail(fullDetail) |==> false
305:COR:<METHOD_INVOCATION(boolean)>:TRUE:org.apache.commons.lang3.builder.ToStringStyle@append(java.lang.StringBuffer,java.lang.String,int[],java.lang.Boolean):1032:35784:isFullDetail(fullDetail) |==> true
306:STD:<CALL>:<NO-OP>:org.apache.commons.lang3.builder.ToStringStyle@append(java.lang.StringBuffer,java.lang.String,int[],java.lang.Boolean):1033:35812:appendDetail(buffer, fieldName, array); |==> <NO-OP>
307:STD:<CALL>:<NO-OP>:org.apache.commons.lang3.builder.ToStringStyle@append(java.lang.StringBuffer,java.lang.String,int[],java.lang.Boolean):1036:35882:appendSummary(buffer, fieldName, array); |==> <NO-OP>
308:STD:<CALL>:<NO-OP>:org.apache.commons.lang3.builder.ToStringStyle@append(java.lang.StringBuffer,java.lang.String,int[],java.lang.Boolean):1039:35942:appendFieldEnd(buffer, fieldName); |==> <NO-OP>
309:STD:<CALL>:<NO-OP>:org.apache.commons.lang3.builder.ToStringStyle@appendDetail(java.lang.StringBuffer,java.lang.String,int[]):1052:36441:buffer.append(arrayStart); |==> <NO-OP>
310:LVR:0:POS:org.apache.commons.lang3.builder.ToStringStyle@appendDetail(java.lang.StringBuffer,java.lang.String,int[]):1053:36489:0 |==> 1
311:LVR:0:NEG:org.apache.commons.lang3.builder.ToStringStyle@appendDetail(java.lang.StringBuffer,java.lang.String,int[]):1053:36489:0 |==> -1
312:ROR:<(int,int):<=(int,int):org.apache.commons.lang3.builder.ToStringStyle@appendDetail(java.lang.StringBuffer,java.lang.String,int[]):1053:36492:i < array.length |==> i <= array.length
313:ROR:<(int,int):FALSE(int,int):org.apache.commons.lang3.builder.ToStringStyle@appendDetail(java.lang.StringBuffer,java.lang.String,int[]):1053:36494:i < array.length |==> false
314:LVR:0:POS:org.apache.commons.lang3.builder.ToStringStyle@appendDetail(java.lang.StringBuffer,java.lang.String,int[]):1054:36537:0 |==> 1
315:LVR:0:NEG:org.apache.commons.lang3.builder.ToStringStyle@appendDetail(java.lang.StringBuffer,java.lang.String,int[]):1054:36537:0 |==> -1
316:ROR:>(int,int):!=(int,int):org.apache.commons.lang3.builder.ToStringStyle@appendDetail(java.lang.StringBuffer,java.lang.String,int[]):1054:36533:i > 0 |==> i != 0
317:ROR:>(int,int):>=(int,int):org.apache.commons.lang3.builder.ToStringStyle@appendDetail(java.lang.StringBuffer,java.lang.String,int[]):1054:36533:i > 0 |==> i >= 0
318:ROR:>(int,int):FALSE(int,int):org.apache.commons.lang3.builder.ToStringStyle@appendDetail(java.lang.StringBuffer,java.lang.String,int[]):1054:36535:i > 0 |==> false
319:STD:<CALL>:<NO-OP>:org.apache.commons.lang3.builder.ToStringStyle@appendDetail(java.lang.StringBuffer,java.lang.String,int[]):1055:36558:buffer.append(arraySeparator); |==> <NO-OP>
320:STD:<CALL>:<NO-OP>:org.apache.commons.lang3.builder.ToStringStyle@appendDetail(java.lang.StringBuffer,java.lang.String,int[]):1057:36615:appendDetail(buffer, fieldName, array[i]); |==> <NO-OP>
321:STD:<CALL>:<NO-OP>:org.apache.commons.lang3.builder.ToStringStyle@appendDetail(java.lang.StringBuffer,java.lang.String,int[]):1059:36676:buffer.append(arrayEnd); |==> <NO-OP>
322:STD:<CALL>:<NO-OP>:org.apache.commons.lang3.builder.ToStringStyle@appendSummary(java.lang.StringBuffer,java.lang.String,int[]):1072:37165:appendSummarySize(buffer, fieldName, array.length); |==> <NO-OP>
323:STD:<CALL>:<NO-OP>:org.apache.commons.lang3.builder.ToStringStyle@append(java.lang.StringBuffer,java.lang.String,short[],java.lang.Boolean):1088:37831:appendFieldStart(buffer, fieldName); |==> <NO-OP>
324:ROR:==(java.lang.Object,java.lang.Object):FALSE(java.lang.Object,java.lang.Object):org.apache.commons.lang3.builder.ToStringStyle@append(java.lang.StringBuffer,java.lang.String,short[],java.lang.Boolean):1090:37887:array == null |==> false
325:STD:<CALL>:<NO-OP>:org.apache.commons.lang3.builder.ToStringStyle@append(java.lang.StringBuffer,java.lang.String,short[],java.lang.Boolean):1091:37910:appendNullText(buffer, fieldName); |==> <NO-OP>
326:COR:<METHOD_INVOCATION(boolean)>:FALSE:org.apache.commons.lang3.builder.ToStringStyle@append(java.lang.StringBuffer,java.lang.String,short[],java.lang.Boolean):1093:37977:isFullDetail(fullDetail) |==> false
327:COR:<METHOD_INVOCATION(boolean)>:TRUE:org.apache.commons.lang3.builder.ToStringStyle@append(java.lang.StringBuffer,java.lang.String,short[],java.lang.Boolean):1093:37977:isFullDetail(fullDetail) |==> true
328:STD:<CALL>:<NO-OP>:org.apache.commons.lang3.builder.ToStringStyle@append(java.lang.StringBuffer,java.lang.String,short[],java.lang.Boolean):1094:38005:appendDetail(buffer, fieldName, array); |==> <NO-OP>
329:STD:<CALL>:<NO-OP>:org.apache.commons.lang3.builder.ToStringStyle@append(java.lang.StringBuffer,java.lang.String,short[],java.lang.Boolean):1097:38075:appendSummary(buffer, fieldName, array); |==> <NO-OP>
330:STD:<CALL>:<NO-OP>:org.apache.commons.lang3.builder.ToStringStyle@append(java.lang.StringBuffer,java.lang.String,short[],java.lang.Boolean):1100:38135:appendFieldEnd(buffer, fieldName); |==> <NO-OP>
331:STD:<CALL>:<NO-OP>:org.apache.commons.lang3.builder.ToStringStyle@appendDetail(java.lang.StringBuffer,java.lang.String,short[]):1113:38637:buffer.append(arrayStart); |==> <NO-OP>
332:LVR:0:POS:org.apache.commons.lang3.builder.ToStringStyle@appendDetail(java.lang.StringBuffer,java.lang.String,short[]):1114:38685:0 |==> 1
333:LVR:0:NEG:org.apache.commons.lang3.builder.ToStringStyle@appendDetail(java.lang.StringBuffer,java.lang.String,short[]):1114:38685:0 |==> -1
334:ROR:<(int,int):<=(int,int):org.apache.commons.lang3.builder.ToStringStyle@appendDetail(java.lang.StringBuffer,java.lang.String,short[]):1114:38688:i < array.length |==> i <= array.length
335:ROR:<(int,int):FALSE(int,int):org.apache.commons.lang3.builder.ToStringStyle@appendDetail(java.lang.StringBuffer,java.lang.String,short[]):1114:38690:i < array.length |==> false
336:LVR:0:POS:org.apache.commons.lang3.builder.ToStringStyle@appendDetail(java.lang.StringBuffer,java.lang.String,short[]):1115:38733:0 |==> 1
337:LVR:0:NEG:org.apache.commons.lang3.builder.ToStringStyle@appendDetail(java.lang.StringBuffer,java.lang.String,short[]):1115:38733:0 |==> -1
338:ROR:>(int,int):!=(int,int):org.apache.commons.lang3.builder.ToStringStyle@appendDetail(java.lang.StringBuffer,java.lang.String,short[]):1115:38729:i > 0 |==> i != 0
339:ROR:>(int,int):>=(int,int):org.apache.commons.lang3.builder.ToStringStyle@appendDetail(java.lang.StringBuffer,java.lang.String,short[]):1115:38729:i > 0 |==> i >= 0
340:ROR:>(int,int):FALSE(int,int):org.apache.commons.lang3.builder.ToStringStyle@appendDetail(java.lang.StringBuffer,java.lang.String,short[]):1115:38731:i > 0 |==> false
341:STD:<CALL>:<NO-OP>:org.apache.commons.lang3.builder.ToStringStyle@appendDetail(java.lang.StringBuffer,java.lang.String,short[]):1116:38754:buffer.append(arraySeparator); |==> <NO-OP>
342:STD:<CALL>:<NO-OP>:org.apache.commons.lang3.builder.ToStringStyle@appendDetail(java.lang.StringBuffer,java.lang.String,short[]):1118:38811:appendDetail(buffer, fieldName, array[i]); |==> <NO-OP>
343:STD:<CALL>:<NO-OP>:org.apache.commons.lang3.builder.ToStringStyle@appendDetail(java.lang.StringBuffer,java.lang.String,short[]):1120:38872:buffer.append(arrayEnd); |==> <NO-OP>
344:STD:<CALL>:<NO-OP>:org.apache.commons.lang3.builder.ToStringStyle@appendSummary(java.lang.StringBuffer,java.lang.String,short[]):1133:39364:appendSummarySize(buffer, fieldName, array.length); |==> <NO-OP>
345:STD:<CALL>:<NO-OP>:org.apache.commons.lang3.builder.ToStringStyle@append(java.lang.StringBuffer,java.lang.String,byte[],java.lang.Boolean):1149:40028:appendFieldStart(buffer, fieldName); |==> <NO-OP>
346:ROR:==(java.lang.Object,java.lang.Object):FALSE(java.lang.Object,java.lang.Object):org.apache.commons.lang3.builder.ToStringStyle@append(java.lang.StringBuffer,java.lang.String,byte[],java.lang.Boolean):1151:40084:array == null |==> false
347:STD:<CALL>:<NO-OP>:org.apache.commons.lang3.builder.ToStringStyle@append(java.lang.StringBuffer,java.lang.String,byte[],java.lang.Boolean):1152:40107:appendNullText(buffer, fieldName); |==> <NO-OP>
348:COR:<METHOD_INVOCATION(boolean)>:FALSE:org.apache.commons.lang3.builder.ToStringStyle@append(java.lang.StringBuffer,java.lang.String,byte[],java.lang.Boolean):1154:40174:isFullDetail(fullDetail) |==> false
349:COR:<METHOD_INVOCATION(boolean)>:TRUE:org.apache.commons.lang3.builder.ToStringStyle@append(java.lang.StringBuffer,java.lang.String,byte[],java.lang.Boolean):1154:40174:isFullDetail(fullDetail) |==> true
350:STD:<CALL>:<NO-OP>:org.apache.commons.lang3.builder.ToStringStyle@append(java.lang.StringBuffer,java.lang.String,byte[],java.lang.Boolean):1155:40202:appendDetail(buffer, fieldName, array); |==> <NO-OP>
351:STD:<CALL>:<NO-OP>:org.apache.commons.lang3.builder.ToStringStyle@append(java.lang.StringBuffer,java.lang.String,byte[],java.lang.Boolean):1158:40272:appendSummary(buffer, fieldName, array); |==> <NO-OP>
352:STD:<CALL>:<NO-OP>:org.apache.commons.lang3.builder.ToStringStyle@append(java.lang.StringBuffer,java.lang.String,byte[],java.lang.Boolean):1161:40332:appendFieldEnd(buffer, fieldName); |==> <NO-OP>
353:STD:<CALL>:<NO-OP>:org.apache.commons.lang3.builder.ToStringStyle@appendDetail(java.lang.StringBuffer,java.lang.String,byte[]):1174:40832:buffer.append(arrayStart); |==> <NO-OP>
354:LVR:0:POS:org.apache.commons.lang3.builder.ToStringStyle@appendDetail(java.lang.StringBuffer,java.lang.String,byte[]):1175:40880:0 |==> 1
355:LVR:0:NEG:org.apache.commons.lang3.builder.ToStringStyle@appendDetail(java.lang.StringBuffer,java.lang.String,byte[]):1175:40880:0 |==> -1
356:ROR:<(int,int):<=(int,int):org.apache.commons.lang3.builder.ToStringStyle@appendDetail(java.lang.StringBuffer,java.lang.String,byte[]):1175:40883:i < array.length |==> i <= array.length
357:ROR:<(int,int):FALSE(int,int):org.apache.commons.lang3.builder.ToStringStyle@appendDetail(java.lang.StringBuffer,java.lang.String,byte[]):1175:40885:i < array.length |==> false
358:LVR:0:POS:org.apache.commons.lang3.builder.ToStringStyle@appendDetail(java.lang.StringBuffer,java.lang.String,byte[]):1176:40928:0 |==> 1
359:LVR:0:NEG:org.apache.commons.lang3.builder.ToStringStyle@appendDetail(java.lang.StringBuffer,java.lang.String,byte[]):1176:40928:0 |==> -1
360:ROR:>(int,int):!=(int,int):org.apache.commons.lang3.builder.ToStringStyle@appendDetail(java.lang.StringBuffer,java.lang.String,byte[]):1176:40924:i > 0 |==> i != 0
361:ROR:>(int,int):>=(int,int):org.apache.commons.lang3.builder.ToStringStyle@appendDetail(java.lang.StringBuffer,java.lang.String,byte[]):1176:40924:i > 0 |==> i >= 0
362:ROR:>(int,int):FALSE(int,int):org.apache.commons.lang3.builder.ToStringStyle@appendDetail(java.lang.StringBuffer,java.lang.String,byte[]):1176:40926:i > 0 |==> false
363:STD:<CALL>:<NO-OP>:org.apache.commons.lang3.builder.ToStringStyle@appendDetail(java.lang.StringBuffer,java.lang.String,byte[]):1177:40949:buffer.append(arraySeparator); |==> <NO-OP>
364:STD:<CALL>:<NO-OP>:org.apache.commons.lang3.builder.ToStringStyle@appendDetail(java.lang.StringBuffer,java.lang.String,byte[]):1179:41006:appendDetail(buffer, fieldName, array[i]); |==> <NO-OP>
365:STD:<CALL>:<NO-OP>:org.apache.commons.lang3.builder.ToStringStyle@appendDetail(java.lang.StringBuffer,java.lang.String,byte[]):1181:41067:buffer.append(arrayEnd); |==> <NO-OP>
366:STD:<CALL>:<NO-OP>:org.apache.commons.lang3.builder.ToStringStyle@appendSummary(java.lang.StringBuffer,java.lang.String,byte[]):1194:41557:appendSummarySize(buffer, fieldName, array.length); |==> <NO-OP>
367:STD:<CALL>:<NO-OP>:org.apache.commons.lang3.builder.ToStringStyle@append(java.lang.StringBuffer,java.lang.String,char[],java.lang.Boolean):1210:42221:appendFieldStart(buffer, fieldName); |==> <NO-OP>
368:ROR:==(java.lang.Object,java.lang.Object):FALSE(java.lang.Object,java.lang.Object):org.apache.commons.lang3.builder.ToStringStyle@append(java.lang.StringBuffer,java.lang.String,char[],java.lang.Boolean):1212:42277:array == null |==> false
369:STD:<CALL>:<NO-OP>:org.apache.commons.lang3.builder.ToStringStyle@append(java.lang.StringBuffer,java.lang.String,char[],java.lang.Boolean):1213:42300:appendNullText(buffer, fieldName); |==> <NO-OP>
370:COR:<METHOD_INVOCATION(boolean)>:FALSE:org.apache.commons.lang3.builder.ToStringStyle@append(java.lang.StringBuffer,java.lang.String,char[],java.lang.Boolean):1215:42367:isFullDetail(fullDetail) |==> false
371:COR:<METHOD_INVOCATION(boolean)>:TRUE:org.apache.commons.lang3.builder.ToStringStyle@append(java.lang.StringBuffer,java.lang.String,char[],java.lang.Boolean):1215:42367:isFullDetail(fullDetail) |==> true
372:STD:<CALL>:<NO-OP>:org.apache.commons.lang3.builder.ToStringStyle@append(java.lang.StringBuffer,java.lang.String,char[],java.lang.Boolean):1216:42395:appendDetail(buffer, fieldName, array); |==> <NO-OP>
373:STD:<CALL>:<NO-OP>:org.apache.commons.lang3.builder.ToStringStyle@append(java.lang.StringBuffer,java.lang.String,char[],java.lang.Boolean):1219:42465:appendSummary(buffer, fieldName, array); |==> <NO-OP>
374:STD:<CALL>:<NO-OP>:org.apache.commons.lang3.builder.ToStringStyle@append(java.lang.StringBuffer,java.lang.String,char[],java.lang.Boolean):1222:42525:appendFieldEnd(buffer, fieldName); |==> <NO-OP>
375:STD:<CALL>:<NO-OP>:org.apache.commons.lang3.builder.ToStringStyle@appendDetail(java.lang.StringBuffer,java.lang.String,char[]):1235:43025:buffer.append(arrayStart); |==> <NO-OP>
376:LVR:0:POS:org.apache.commons.lang3.builder.ToStringStyle@appendDetail(java.lang.StringBuffer,java.lang.String,char[]):1236:43073:0 |==> 1
377:LVR:0:NEG:org.apache.commons.lang3.builder.ToStringStyle@appendDetail(java.lang.StringBuffer,java.lang.String,char[]):1236:43073:0 |==> -1
378:ROR:<(int,int):<=(int,int):org.apache.commons.lang3.builder.ToStringStyle@appendDetail(java.lang.StringBuffer,java.lang.String,char[]):1236:43076:i < array.length |==> i <= array.length
379:ROR:<(int,int):FALSE(int,int):org.apache.commons.lang3.builder.ToStringStyle@appendDetail(java.lang.StringBuffer,java.lang.String,char[]):1236:43078:i < array.length |==> false
380:LVR:0:POS:org.apache.commons.lang3.builder.ToStringStyle@appendDetail(java.lang.StringBuffer,java.lang.String,char[]):1237:43121:0 |==> 1
381:LVR:0:NEG:org.apache.commons.lang3.builder.ToStringStyle@appendDetail(java.lang.StringBuffer,java.lang.String,char[]):1237:43121:0 |==> -1
382:ROR:>(int,int):!=(int,int):org.apache.commons.lang3.builder.ToStringStyle@appendDetail(java.lang.StringBuffer,java.lang.String,char[]):1237:43117:i > 0 |==> i != 0
383:ROR:>(int,int):>=(int,int):org.apache.commons.lang3.builder.ToStringStyle@appendDetail(java.lang.StringBuffer,java.lang.String,char[]):1237:43117:i > 0 |==> i >= 0
384:ROR:>(int,int):FALSE(int,int):org.apache.commons.lang3.builder.ToStringStyle@appendDetail(java.lang.StringBuffer,java.lang.String,char[]):1237:43119:i > 0 |==> false
385:STD:<CALL>:<NO-OP>:org.apache.commons.lang3.builder.ToStringStyle@appendDetail(java.lang.StringBuffer,java.lang.String,char[]):1238:43142:buffer.append(arraySeparator); |==> <NO-OP>
386:STD:<CALL>:<NO-OP>:org.apache.commons.lang3.builder.ToStringStyle@appendDetail(java.lang.StringBuffer,java.lang.String,char[]):1240:43199:appendDetail(buffer, fieldName, array[i]); |==> <NO-OP>
387:STD:<CALL>:<NO-OP>:org.apache.commons.lang3.builder.ToStringStyle@appendDetail(java.lang.StringBuffer,java.lang.String,char[]):1242:43260:buffer.append(arrayEnd); |==> <NO-OP>
388:STD:<CALL>:<NO-OP>:org.apache.commons.lang3.builder.ToStringStyle@appendSummary(java.lang.StringBuffer,java.lang.String,char[]):1255:43750:appendSummarySize(buffer, fieldName, array.length); |==> <NO-OP>
389:STD:<CALL>:<NO-OP>:org.apache.commons.lang3.builder.ToStringStyle@append(java.lang.StringBuffer,java.lang.String,double[],java.lang.Boolean):1271:44405:appendFieldStart(buffer, fieldName); |==> <NO-OP>
390:ROR:==(java.lang.Object,java.lang.Object):FALSE(java.lang.Object,java.lang.Object):org.apache.commons.lang3.builder.ToStringStyle@append(java.lang.StringBuffer,java.lang.String,double[],java.lang.Boolean):1273:44461:array == null |==> false
391:STD:<CALL>:<NO-OP>:org.apache.commons.lang3.builder.ToStringStyle@append(java.lang.StringBuffer,java.lang.String,double[],java.lang.Boolean):1274:44484:appendNullText(buffer, fieldName); |==> <NO-OP>
392:COR:<METHOD_INVOCATION(boolean)>:FALSE:org.apache.commons.lang3.builder.ToStringStyle@append(java.lang.StringBuffer,java.lang.String,double[],java.lang.Boolean):1276:44551:isFullDetail(fullDetail) |==> false
393:COR:<METHOD_INVOCATION(boolean)>:TRUE:org.apache.commons.lang3.builder.ToStringStyle@append(java.lang.StringBuffer,java.lang.String,double[],java.lang.Boolean):1276:44551:isFullDetail(fullDetail) |==> true
394:STD:<CALL>:<NO-OP>:org.apache.commons.lang3.builder.ToStringStyle@append(java.lang.StringBuffer,java.lang.String,double[],java.lang.Boolean):1277:44579:appendDetail(buffer, fieldName, array); |==> <NO-OP>
395:STD:<CALL>:<NO-OP>:org.apache.commons.lang3.builder.ToStringStyle@append(java.lang.StringBuffer,java.lang.String,double[],java.lang.Boolean):1280:44649:appendSummary(buffer, fieldName, array); |==> <NO-OP>
396:STD:<CALL>:<NO-OP>:org.apache.commons.lang3.builder.ToStringStyle@append(java.lang.StringBuffer,java.lang.String,double[],java.lang.Boolean):1283:44709:appendFieldEnd(buffer, fieldName); |==> <NO-OP>
397:STD:<CALL>:<NO-OP>:org.apache.commons.lang3.builder.ToStringStyle@appendDetail(java.lang.StringBuffer,java.lang.String,double[]):1296:45213:buffer.append(arrayStart); |==> <NO-OP>
398:LVR:0:POS:org.apache.commons.lang3.builder.ToStringStyle@appendDetail(java.lang.StringBuffer,java.lang.String,double[]):1297:45261:0 |==> 1
399:LVR:0:NEG:org.apache.commons.lang3.builder.ToStringStyle@appendDetail(java.lang.StringBuffer,java.lang.String,double[]):1297:45261:0 |==> -1
400:ROR:<(int,int):<=(int,int):org.apache.commons.lang3.builder.ToStringStyle@appendDetail(java.lang.StringBuffer,java.lang.String,double[]):1297:45264:i < array.length |==> i <= array.length
401:ROR:<(int,int):FALSE(int,int):org.apache.commons.lang3.builder.ToStringStyle@appendDetail(java.lang.StringBuffer,java.lang.String,double[]):1297:45266:i < array.length |==> false
402:LVR:0:POS:org.apache.commons.lang3.builder.ToStringStyle@appendDetail(java.lang.StringBuffer,java.lang.String,double[]):1298:45309:0 |==> 1
403:LVR:0:NEG:org.apache.commons.lang3.builder.ToStringStyle@appendDetail(java.lang.StringBuffer,java.lang.String,double[]):1298:45309:0 |==> -1
404:ROR:>(int,int):!=(int,int):org.apache.commons.lang3.builder.ToStringStyle@appendDetail(java.lang.StringBuffer,java.lang.String,double[]):1298:45305:i > 0 |==> i != 0
405:ROR:>(int,int):>=(int,int):org.apache.commons.lang3.builder.ToStringStyle@appendDetail(java.lang.StringBuffer,java.lang.String,double[]):1298:45305:i > 0 |==> i >= 0
406:ROR:>(int,int):FALSE(int,int):org.apache.commons.lang3.builder.ToStringStyle@appendDetail(java.lang.StringBuffer,java.lang.String,double[]):1298:45307:i > 0 |==> false
407:STD:<CALL>:<NO-OP>:org.apache.commons.lang3.builder.ToStringStyle@appendDetail(java.lang.StringBuffer,java.lang.String,double[]):1299:45330:buffer.append(arraySeparator); |==> <NO-OP>
408:STD:<CALL>:<NO-OP>:org.apache.commons.lang3.builder.ToStringStyle@appendDetail(java.lang.StringBuffer,java.lang.String,double[]):1301:45387:appendDetail(buffer, fieldName, array[i]); |==> <NO-OP>
409:STD:<CALL>:<NO-OP>:org.apache.commons.lang3.builder.ToStringStyle@appendDetail(java.lang.StringBuffer,java.lang.String,double[]):1303:45448:buffer.append(arrayEnd); |==> <NO-OP>
410:STD:<CALL>:<NO-OP>:org.apache.commons.lang3.builder.ToStringStyle@appendSummary(java.lang.StringBuffer,java.lang.String,double[]):1316:45942:appendSummarySize(buffer, fieldName, array.length); |==> <NO-OP>
411:STD:<CALL>:<NO-OP>:org.apache.commons.lang3.builder.ToStringStyle@append(java.lang.StringBuffer,java.lang.String,float[],java.lang.Boolean):1332:46595:appendFieldStart(buffer, fieldName); |==> <NO-OP>
412:ROR:==(java.lang.Object,java.lang.Object):FALSE(java.lang.Object,java.lang.Object):org.apache.commons.lang3.builder.ToStringStyle@append(java.lang.StringBuffer,java.lang.String,float[],java.lang.Boolean):1334:46651:array == null |==> false
413:STD:<CALL>:<NO-OP>:org.apache.commons.lang3.builder.ToStringStyle@append(java.lang.StringBuffer,java.lang.String,float[],java.lang.Boolean):1335:46674:appendNullText(buffer, fieldName); |==> <NO-OP>
414:COR:<METHOD_INVOCATION(boolean)>:FALSE:org.apache.commons.lang3.builder.ToStringStyle@append(java.lang.StringBuffer,java.lang.String,float[],java.lang.Boolean):1337:46741:isFullDetail(fullDetail) |==> false
415:COR:<METHOD_INVOCATION(boolean)>:TRUE:org.apache.commons.lang3.builder.ToStringStyle@append(java.lang.StringBuffer,java.lang.String,float[],java.lang.Boolean):1337:46741:isFullDetail(fullDetail) |==> true
416:STD:<CALL>:<NO-OP>:org.apache.commons.lang3.builder.ToStringStyle@append(java.lang.StringBuffer,java.lang.String,float[],java.lang.Boolean):1338:46769:appendDetail(buffer, fieldName, array); |==> <NO-OP>
417:STD:<CALL>:<NO-OP>:org.apache.commons.lang3.builder.ToStringStyle@append(java.lang.StringBuffer,java.lang.String,float[],java.lang.Boolean):1341:46839:appendSummary(buffer, fieldName, array); |==> <NO-OP>
418:STD:<CALL>:<NO-OP>:org.apache.commons.lang3.builder.ToStringStyle@append(java.lang.StringBuffer,java.lang.String,float[],java.lang.Boolean):1344:46899:appendFieldEnd(buffer, fieldName); |==> <NO-OP>
419:STD:<CALL>:<NO-OP>:org.apache.commons.lang3.builder.ToStringStyle@appendDetail(java.lang.StringBuffer,java.lang.String,float[]):1357:47401:buffer.append(arrayStart); |==> <NO-OP>
420:LVR:0:POS:org.apache.commons.lang3.builder.ToStringStyle@appendDetail(java.lang.StringBuffer,java.lang.String,float[]):1358:47449:0 |==> 1
421:LVR:0:NEG:org.apache.commons.lang3.builder.ToStringStyle@appendDetail(java.lang.StringBuffer,java.lang.String,float[]):1358:47449:0 |==> -1
422:ROR:<(int,int):<=(int,int):org.apache.commons.lang3.builder.ToStringStyle@appendDetail(java.lang.StringBuffer,java.lang.String,float[]):1358:47452:i < array.length |==> i <= array.length
423:ROR:<(int,int):FALSE(int,int):org.apache.commons.lang3.builder.ToStringStyle@appendDetail(java.lang.StringBuffer,java.lang.String,float[]):1358:47454:i < array.length |==> false
424:LVR:0:POS:org.apache.commons.lang3.builder.ToStringStyle@appendDetail(java.lang.StringBuffer,java.lang.String,float[]):1359:47497:0 |==> 1
425:LVR:0:NEG:org.apache.commons.lang3.builder.ToStringStyle@appendDetail(java.lang.StringBuffer,java.lang.String,float[]):1359:47497:0 |==> -1
426:ROR:>(int,int):!=(int,int):org.apache.commons.lang3.builder.ToStringStyle@appendDetail(java.lang.StringBuffer,java.lang.String,float[]):1359:47493:i > 0 |==> i != 0
427:ROR:>(int,int):>=(int,int):org.apache.commons.lang3.builder.ToStringStyle@appendDetail(java.lang.StringBuffer,java.lang.String,float[]):1359:47493:i > 0 |==> i >= 0
428:ROR:>(int,int):FALSE(int,int):org.apache.commons.lang3.builder.ToStringStyle@appendDetail(java.lang.StringBuffer,java.lang.String,float[]):1359:47495:i > 0 |==> false
429:STD:<CALL>:<NO-OP>:org.apache.commons.lang3.builder.ToStringStyle@appendDetail(java.lang.StringBuffer,java.lang.String,float[]):1360:47518:buffer.append(arraySeparator); |==> <NO-OP>
430:STD:<CALL>:<NO-OP>:org.apache.commons.lang3.builder.ToStringStyle@appendDetail(java.lang.StringBuffer,java.lang.String,float[]):1362:47575:appendDetail(buffer, fieldName, array[i]); |==> <NO-OP>
431:STD:<CALL>:<NO-OP>:org.apache.commons.lang3.builder.ToStringStyle@appendDetail(java.lang.StringBuffer,java.lang.String,float[]):1364:47636:buffer.append(arrayEnd); |==> <NO-OP>
432:STD:<CALL>:<NO-OP>:org.apache.commons.lang3.builder.ToStringStyle@appendSummary(java.lang.StringBuffer,java.lang.String,float[]):1377:48128:appendSummarySize(buffer, fieldName, array.length); |==> <NO-OP>
433:STD:<CALL>:<NO-OP>:org.apache.commons.lang3.builder.ToStringStyle@append(java.lang.StringBuffer,java.lang.String,boolean[],java.lang.Boolean):1393:48785:appendFieldStart(buffer, fieldName); |==> <NO-OP>
434:ROR:==(java.lang.Object,java.lang.Object):FALSE(java.lang.Object,java.lang.Object):org.apache.commons.lang3.builder.ToStringStyle@append(java.lang.StringBuffer,java.lang.String,boolean[],java.lang.Boolean):1395:48841:array == null |==> false
435:STD:<CALL>:<NO-OP>:org.apache.commons.lang3.builder.ToStringStyle@append(java.lang.StringBuffer,java.lang.String,boolean[],java.lang.Boolean):1396:48864:appendNullText(buffer, fieldName); |==> <NO-OP>
436:COR:<METHOD_INVOCATION(boolean)>:FALSE:org.apache.commons.lang3.builder.ToStringStyle@append(java.lang.StringBuffer,java.lang.String,boolean[],java.lang.Boolean):1398:48931:isFullDetail(fullDetail) |==> false
437:COR:<METHOD_INVOCATION(boolean)>:TRUE:org.apache.commons.lang3.builder.ToStringStyle@append(java.lang.StringBuffer,java.lang.String,boolean[],java.lang.Boolean):1398:48931:isFullDetail(fullDetail) |==> true
438:STD:<CALL>:<NO-OP>:org.apache.commons.lang3.builder.ToStringStyle@append(java.lang.StringBuffer,java.lang.String,boolean[],java.lang.Boolean):1399:48959:appendDetail(buffer, fieldName, array); |==> <NO-OP>
439:STD:<CALL>:<NO-OP>:org.apache.commons.lang3.builder.ToStringStyle@append(java.lang.StringBuffer,java.lang.String,boolean[],java.lang.Boolean):1402:49029:appendSummary(buffer, fieldName, array); |==> <NO-OP>
440:STD:<CALL>:<NO-OP>:org.apache.commons.lang3.builder.ToStringStyle@append(java.lang.StringBuffer,java.lang.String,boolean[],java.lang.Boolean):1405:49089:appendFieldEnd(buffer, fieldName); |==> <NO-OP>
441:STD:<CALL>:<NO-OP>:org.apache.commons.lang3.builder.ToStringStyle@appendDetail(java.lang.StringBuffer,java.lang.String,boolean[]):1418:49595:buffer.append(arrayStart); |==> <NO-OP>
442:LVR:0:POS:org.apache.commons.lang3.builder.ToStringStyle@appendDetail(java.lang.StringBuffer,java.lang.String,boolean[]):1419:49643:0 |==> 1
443:LVR:0:NEG:org.apache.commons.lang3.builder.ToStringStyle@appendDetail(java.lang.StringBuffer,java.lang.String,boolean[]):1419:49643:0 |==> -1
444:ROR:<(int,int):<=(int,int):org.apache.commons.lang3.builder.ToStringStyle@appendDetail(java.lang.StringBuffer,java.lang.String,boolean[]):1419:49646:i < array.length |==> i <= array.length
445:ROR:<(int,int):FALSE(int,int):org.apache.commons.lang3.builder.ToStringStyle@appendDetail(java.lang.StringBuffer,java.lang.String,boolean[]):1419:49648:i < array.length |==> false
446:LVR:0:POS:org.apache.commons.lang3.builder.ToStringStyle@appendDetail(java.lang.StringBuffer,java.lang.String,boolean[]):1420:49691:0 |==> 1
447:LVR:0:NEG:org.apache.commons.lang3.builder.ToStringStyle@appendDetail(java.lang.StringBuffer,java.lang.String,boolean[]):1420:49691:0 |==> -1
448:ROR:>(int,int):!=(int,int):org.apache.commons.lang3.builder.ToStringStyle@appendDetail(java.lang.StringBuffer,java.lang.String,boolean[]):1420:49687:i > 0 |==> i != 0
449:ROR:>(int,int):>=(int,int):org.apache.commons.lang3.builder.ToStringStyle@appendDetail(java.lang.StringBuffer,java.lang.String,boolean[]):1420:49687:i > 0 |==> i >= 0
450:ROR:>(int,int):FALSE(int,int):org.apache.commons.lang3.builder.ToStringStyle@appendDetail(java.lang.StringBuffer,java.lang.String,boolean[]):1420:49689:i > 0 |==> false
451:STD:<CALL>:<NO-OP>:org.apache.commons.lang3.builder.ToStringStyle@appendDetail(java.lang.StringBuffer,java.lang.String,boolean[]):1421:49712:buffer.append(arraySeparator); |==> <NO-OP>
452:STD:<CALL>:<NO-OP>:org.apache.commons.lang3.builder.ToStringStyle@appendDetail(java.lang.StringBuffer,java.lang.String,boolean[]):1423:49769:appendDetail(buffer, fieldName, array[i]); |==> <NO-OP>
453:STD:<CALL>:<NO-OP>:org.apache.commons.lang3.builder.ToStringStyle@appendDetail(java.lang.StringBuffer,java.lang.String,boolean[]):1425:49830:buffer.append(arrayEnd); |==> <NO-OP>
454:STD:<CALL>:<NO-OP>:org.apache.commons.lang3.builder.ToStringStyle@appendSummary(java.lang.StringBuffer,java.lang.String,boolean[]):1438:50326:appendSummarySize(buffer, fieldName, array.length); |==> <NO-OP>
455:ROR:!=(java.lang.Object,java.lang.Object):TRUE(java.lang.Object,java.lang.Object):org.apache.commons.lang3.builder.ToStringStyle@appendClassName(java.lang.StringBuffer,java.lang.Object):1450:50797:object != null |==> true
456:COR:&&(boolean,boolean):==(boolean,boolean):org.apache.commons.lang3.builder.ToStringStyle@appendClassName(java.lang.StringBuffer,java.lang.Object):1450:50774:useClassName && object != null |==> useClassName == (object != null)
457:COR:&&(boolean,boolean):FALSE(boolean,boolean):org.apache.commons.lang3.builder.ToStringStyle@appendClassName(java.lang.StringBuffer,java.lang.Object):1450:50787:useClassName && object != null |==> false
458:COR:&&(boolean,boolean):LHS(boolean,boolean):org.apache.commons.lang3.builder.ToStringStyle@appendClassName(java.lang.StringBuffer,java.lang.Object):1450:50774:useClassName && object != null |==> useClassName
459:COR:&&(boolean,boolean):RHS(boolean,boolean):org.apache.commons.lang3.builder.ToStringStyle@appendClassName(java.lang.StringBuffer,java.lang.Object):1450:50790:useClassName && object != null |==> object != null
460:STD:<CALL>:<NO-OP>:org.apache.commons.lang3.builder.ToStringStyle@appendClassName(java.lang.StringBuffer,java.lang.Object):1451:50820:register(object); |==> <NO-OP>
461:COR:<IDENTIFIER(boolean)>:FALSE:org.apache.commons.lang3.builder.ToStringStyle@appendClassName(java.lang.StringBuffer,java.lang.Object):1452:50854:useShortClassName |==> false
462:COR:<IDENTIFIER(boolean)>:TRUE:org.apache.commons.lang3.builder.ToStringStyle@appendClassName(java.lang.StringBuffer,java.lang.Object):1452:50854:useShortClassName |==> true
463:STD:<CALL>:<NO-OP>:org.apache.commons.lang3.builder.ToStringStyle@appendClassName(java.lang.StringBuffer,java.lang.Object):1453:50891:buffer.append(getShortClassName(object.getClass())); |==> <NO-OP>
464:STD:<CALL>:<NO-OP>:org.apache.commons.lang3.builder.ToStringStyle@appendClassName(java.lang.StringBuffer,java.lang.Object):1455:50981:buffer.append(object.getClass().getName()); |==> <NO-OP>
465:ROR:!=(java.lang.Object,java.lang.Object):TRUE(java.lang.Object,java.lang.Object):org.apache.commons.lang3.builder.ToStringStyle@appendIdentityHashCode(java.lang.StringBuffer,java.lang.Object):1467:51414:object != null |==> true
466:COR:&&(boolean,boolean):==(boolean,boolean):org.apache.commons.lang3.builder.ToStringStyle@appendIdentityHashCode(java.lang.StringBuffer,java.lang.Object):1467:51376:this.isUseIdentityHashCode() && object != null |==> this.isUseIdentityHashCode() == (object != null)
467:COR:&&(boolean,boolean):FALSE(boolean,boolean):org.apache.commons.lang3.builder.ToStringStyle@appendIdentityHashCode(java.lang.StringBuffer,java.lang.Object):1467:51405:this.isUseIdentityHashCode() && object != null |==> false
468:COR:&&(boolean,boolean):LHS(boolean,boolean):org.apache.commons.lang3.builder.ToStringStyle@appendIdentityHashCode(java.lang.StringBuffer,java.lang.Object):1467:51376:this.isUseIdentityHashCode() && object != null |==> this.isUseIdentityHashCode()
469:COR:&&(boolean,boolean):RHS(boolean,boolean):org.apache.commons.lang3.builder.ToStringStyle@appendIdentityHashCode(java.lang.StringBuffer,java.lang.Object):1467:51408:this.isUseIdentityHashCode() && object != null |==> object != null
470:STD:<CALL>:<NO-OP>:org.apache.commons.lang3.builder.ToStringStyle@appendIdentityHashCode(java.lang.StringBuffer,java.lang.Object):1468:51436:register(object); |==> <NO-OP>
471:STD:<CALL>:<NO-OP>:org.apache.commons.lang3.builder.ToStringStyle@appendIdentityHashCode(java.lang.StringBuffer,java.lang.Object):1469:51466:buffer.append('@'); |==> <NO-OP>
472:STD:<CALL>:<NO-OP>:org.apache.commons.lang3.builder.ToStringStyle@appendIdentityHashCode(java.lang.StringBuffer,java.lang.Object):1470:51498:buffer.append(Integer.toHexString(System.identityHashCode(object))); |==> <NO-OP>
473:STD:<CALL>:<NO-OP>:org.apache.commons.lang3.builder.ToStringStyle@appendContentStart(java.lang.StringBuffer):1480:51809:buffer.append(contentStart); |==> <NO-OP>
474:STD:<CALL>:<NO-OP>:org.apache.commons.lang3.builder.ToStringStyle@appendContentEnd(java.lang.StringBuffer):1489:52066:buffer.append(contentEnd); |==> <NO-OP>
475:STD:<CALL>:<NO-OP>:org.apache.commons.lang3.builder.ToStringStyle@appendNullText(java.lang.StringBuffer,java.lang.String):1501:52511:buffer.append(nullText); |==> <NO-OP>
476:STD:<CALL>:<NO-OP>:org.apache.commons.lang3.builder.ToStringStyle@appendFieldSeparator(java.lang.StringBuffer):1510:52772:buffer.append(fieldSeparator); |==> <NO-OP>
477:ROR:!=(java.lang.Object,java.lang.Object):TRUE(java.lang.Object,java.lang.Object):org.apache.commons.lang3.builder.ToStringStyle@appendFieldStart(java.lang.StringBuffer,java.lang.String):1520:53120:fieldName != null |==> true
478:COR:&&(boolean,boolean):==(boolean,boolean):org.apache.commons.lang3.builder.ToStringStyle@appendFieldStart(java.lang.StringBuffer,java.lang.String):1520:53093:useFieldNames && fieldName != null |==> useFieldNames == (fieldName != null)
479:COR:&&(boolean,boolean):FALSE(boolean,boolean):org.apache.commons.lang3.builder.ToStringStyle@appendFieldStart(java.lang.StringBuffer,java.lang.String):1520:53107:useFieldNames && fieldName != null |==> false
480:COR:&&(boolean,boolean):LHS(boolean,boolean):org.apache.commons.lang3.builder.ToStringStyle@appendFieldStart(java.lang.StringBuffer,java.lang.String):1520:53093:useFieldNames && fieldName != null |==> useFieldNames
481:COR:&&(boolean,boolean):RHS(boolean,boolean):org.apache.commons.lang3.builder.ToStringStyle@appendFieldStart(java.lang.StringBuffer,java.lang.String):1520:53110:useFieldNames && fieldName != null |==> fieldName != null
482:STD:<CALL>:<NO-OP>:org.apache.commons.lang3.builder.ToStringStyle@appendFieldStart(java.lang.StringBuffer,java.lang.String):1521:53143:buffer.append(fieldName); |==> <NO-OP>
483:STD:<CALL>:<NO-OP>:org.apache.commons.lang3.builder.ToStringStyle@appendFieldStart(java.lang.StringBuffer,java.lang.String):1522:53181:buffer.append(fieldNameValueSeparator); |==> <NO-OP>
484:STD:<CALL>:<NO-OP>:org.apache.commons.lang3.builder.ToStringStyle@appendFieldEnd(java.lang.StringBuffer,java.lang.String):1533:53552:appendFieldSeparator(buffer); |==> <NO-OP>
485:STD:<CALL>:<NO-OP>:org.apache.commons.lang3.builder.ToStringStyle@appendSummarySize(java.lang.StringBuffer,java.lang.String,int):1552:54262:buffer.append(sizeStartText); |==> <NO-OP>
486:STD:<CALL>:<NO-OP>:org.apache.commons.lang3.builder.ToStringStyle@appendSummarySize(java.lang.StringBuffer,java.lang.String,int):1553:54300:buffer.append(size); |==> <NO-OP>
487:STD:<CALL>:<NO-OP>:org.apache.commons.lang3.builder.ToStringStyle@appendSummarySize(java.lang.StringBuffer,java.lang.String,int):1554:54329:buffer.append(sizeEndText); |==> <NO-OP>
488:ROR:==(java.lang.Object,java.lang.Object):FALSE(java.lang.Object,java.lang.Object):org.apache.commons.lang3.builder.ToStringStyle@isFullDetail(java.lang.Boolean):1572:55053:fullDetailRequest == null |==> false
489:STD:<ASSIGN>:<NO-OP>:org.apache.commons.lang3.builder.ToStringStyle@setUseClassName(boolean):1611:56231:this.useClassName = useClassName; |==> <NO-OP>
490:STD:<ASSIGN>:<NO-OP>:org.apache.commons.lang3.builder.ToStringStyle@setUseShortClassName(boolean):1633:56837:this.useShortClassName = useShortClassName; |==> <NO-OP>
491:STD:<ASSIGN>:<NO-OP>:org.apache.commons.lang3.builder.ToStringStyle@setUseIdentityHashCode(boolean):1653:57419:this.useIdentityHashCode = useIdentityHashCode; |==> <NO-OP>
492:STD:<ASSIGN>:<NO-OP>:org.apache.commons.lang3.builder.ToStringStyle@setUseFieldNames(boolean):1673:57969:this.useFieldNames = useFieldNames; |==> <NO-OP>
493:STD:<ASSIGN>:<NO-OP>:org.apache.commons.lang3.builder.ToStringStyle@setDefaultFullDetail(boolean):1695:58585:this.defaultFullDetail = defaultFullDetail; |==> <NO-OP>
494:STD:<ASSIGN>:<NO-OP>:org.apache.commons.lang3.builder.ToStringStyle@setArrayContentDetail(boolean):1715:59167:this.arrayContentDetail = arrayContentDetail; |==> <NO-OP>
495:ROR:==(java.lang.Object,java.lang.Object):FALSE(java.lang.Object,java.lang.Object):org.apache.commons.lang3.builder.ToStringStyle@setArrayStart(java.lang.String):1738:59771:arrayStart == null |==> false
496:STD:<ASSIGN>:<NO-OP>:org.apache.commons.lang3.builder.ToStringStyle@setArrayStart(java.lang.String):1739:59794:arrayStart = ""; |==> <NO-OP>
497:STD:<ASSIGN>:<NO-OP>:org.apache.commons.lang3.builder.ToStringStyle@setArrayStart(java.lang.String):1741:59829:this.arrayStart = arrayStart; |==> <NO-OP>
498:ROR:==(java.lang.Object,java.lang.Object):FALSE(java.lang.Object,java.lang.Object):org.apache.commons.lang3.builder.ToStringStyle@setArrayEnd(java.lang.String):1764:60397:arrayEnd == null |==> false
499:STD:<ASSIGN>:<NO-OP>:org.apache.commons.lang3.builder.ToStringStyle@setArrayEnd(java.lang.String):1765:60420:arrayEnd = ""; |==> <NO-OP>
500:STD:<ASSIGN>:<NO-OP>:org.apache.commons.lang3.builder.ToStringStyle@setArrayEnd(java.lang.String):1767:60453:this.arrayEnd = arrayEnd; |==> <NO-OP>
501:ROR:==(java.lang.Object,java.lang.Object):FALSE(java.lang.Object,java.lang.Object):org.apache.commons.lang3.builder.ToStringStyle@setArraySeparator(java.lang.String):1790:61077:arraySeparator == null |==> false
502:STD:<ASSIGN>:<NO-OP>:org.apache.commons.lang3.builder.ToStringStyle@setArraySeparator(java.lang.String):1791:61100:arraySeparator = ""; |==> <NO-OP>
503:STD:<ASSIGN>:<NO-OP>:org.apache.commons.lang3.builder.ToStringStyle@setArraySeparator(java.lang.String):1793:61139:this.arraySeparator = arraySeparator; |==> <NO-OP>
504:ROR:==(java.lang.Object,java.lang.Object):FALSE(java.lang.Object,java.lang.Object):org.apache.commons.lang3.builder.ToStringStyle@setContentStart(java.lang.String):1816:61755:contentStart == null |==> false
505:STD:<ASSIGN>:<NO-OP>:org.apache.commons.lang3.builder.ToStringStyle@setContentStart(java.lang.String):1817:61778:contentStart = ""; |==> <NO-OP>
506:STD:<ASSIGN>:<NO-OP>:org.apache.commons.lang3.builder.ToStringStyle@setContentStart(java.lang.String):1819:61815:this.contentStart = contentStart; |==> <NO-OP>
507:ROR:==(java.lang.Object,java.lang.Object):FALSE(java.lang.Object,java.lang.Object):org.apache.commons.lang3.builder.ToStringStyle@setContentEnd(java.lang.String):1842:62407:contentEnd == null |==> false
508:STD:<ASSIGN>:<NO-OP>:org.apache.commons.lang3.builder.ToStringStyle@setContentEnd(java.lang.String):1843:62430:contentEnd = ""; |==> <NO-OP>
509:STD:<ASSIGN>:<NO-OP>:org.apache.commons.lang3.builder.ToStringStyle@setContentEnd(java.lang.String):1845:62465:this.contentEnd = contentEnd; |==> <NO-OP>
510:ROR:==(java.lang.Object,java.lang.Object):FALSE(java.lang.Object,java.lang.Object):org.apache.commons.lang3.builder.ToStringStyle@setFieldNameValueSeparator(java.lang.String):1868:63191:fieldNameValueSeparator == null |==> false
511:STD:<ASSIGN>:<NO-OP>:org.apache.commons.lang3.builder.ToStringStyle@setFieldNameValueSeparator(java.lang.String):1869:63214:fieldNameValueSeparator = ""; |==> <NO-OP>
512:STD:<ASSIGN>:<NO-OP>:org.apache.commons.lang3.builder.ToStringStyle@setFieldNameValueSeparator(java.lang.String):1871:63262:this.fieldNameValueSeparator = fieldNameValueSeparator; |==> <NO-OP>
513:ROR:==(java.lang.Object,java.lang.Object):FALSE(java.lang.Object,java.lang.Object):org.apache.commons.lang3.builder.ToStringStyle@setFieldSeparator(java.lang.String):1894:63916:fieldSeparator == null |==> false
514:STD:<ASSIGN>:<NO-OP>:org.apache.commons.lang3.builder.ToStringStyle@setFieldSeparator(java.lang.String):1895:63939:fieldSeparator = ""; |==> <NO-OP>
515:STD:<ASSIGN>:<NO-OP>:org.apache.commons.lang3.builder.ToStringStyle@setFieldSeparator(java.lang.String):1897:63978:this.fieldSeparator = fieldSeparator; |==> <NO-OP>
516:STD:<ASSIGN>:<NO-OP>:org.apache.commons.lang3.builder.ToStringStyle@setFieldSeparatorAtStart(boolean):1921:64674:this.fieldSeparatorAtStart = fieldSeparatorAtStart; |==> <NO-OP>
517:STD:<ASSIGN>:<NO-OP>:org.apache.commons.lang3.builder.ToStringStyle@setFieldSeparatorAtEnd(boolean):1945:65362:this.fieldSeparatorAtEnd = fieldSeparatorAtEnd; |==> <NO-OP>
518:ROR:==(java.lang.Object,java.lang.Object):FALSE(java.lang.Object,java.lang.Object):org.apache.commons.lang3.builder.ToStringStyle@setNullText(java.lang.String):1968:66038:nullText == null |==> false
519:STD:<ASSIGN>:<NO-OP>:org.apache.commons.lang3.builder.ToStringStyle@setNullText(java.lang.String):1969:66061:nullText = ""; |==> <NO-OP>
520:STD:<ASSIGN>:<NO-OP>:org.apache.commons.lang3.builder.ToStringStyle@setNullText(java.lang.String):1971:66094:this.nullText = nullText; |==> <NO-OP>
521:ROR:==(java.lang.Object,java.lang.Object):FALSE(java.lang.Object,java.lang.Object):org.apache.commons.lang3.builder.ToStringStyle@setSizeStartText(java.lang.String):2000:66986:sizeStartText == null |==> false
522:STD:<ASSIGN>:<NO-OP>:org.apache.commons.lang3.builder.ToStringStyle@setSizeStartText(java.lang.String):2001:67009:sizeStartText = ""; |==> <NO-OP>
523:STD:<ASSIGN>:<NO-OP>:org.apache.commons.lang3.builder.ToStringStyle@setSizeStartText(java.lang.String):2003:67047:this.sizeStartText = sizeStartText; |==> <NO-OP>
524:ROR:==(java.lang.Object,java.lang.Object):FALSE(java.lang.Object,java.lang.Object):org.apache.commons.lang3.builder.ToStringStyle@setSizeEndText(java.lang.String):2032:67927:sizeEndText == null |==> false
525:STD:<ASSIGN>:<NO-OP>:org.apache.commons.lang3.builder.ToStringStyle@setSizeEndText(java.lang.String):2033:67950:sizeEndText = ""; |==> <NO-OP>
526:STD:<ASSIGN>:<NO-OP>:org.apache.commons.lang3.builder.ToStringStyle@setSizeEndText(java.lang.String):2035:67986:this.sizeEndText = sizeEndText; |==> <NO-OP>
527:ROR:==(java.lang.Object,java.lang.Object):FALSE(java.lang.Object,java.lang.Object):org.apache.commons.lang3.builder.ToStringStyle@setSummaryObjectStartText(java.lang.String):2064:68906:summaryObjectStartText == null |==> false
528:STD:<ASSIGN>:<NO-OP>:org.apache.commons.lang3.builder.ToStringStyle@setSummaryObjectStartText(java.lang.String):2065:68929:summaryObjectStartText = ""; |==> <NO-OP>
529:STD:<ASSIGN>:<NO-OP>:org.apache.commons.lang3.builder.ToStringStyle@setSummaryObjectStartText(java.lang.String):2067:68976:this.summaryObjectStartText = summaryObjectStartText; |==> <NO-OP>
530:ROR:==(java.lang.Object,java.lang.Object):FALSE(java.lang.Object,java.lang.Object):org.apache.commons.lang3.builder.ToStringStyle@setSummaryObjectEndText(java.lang.String):2096:69896:summaryObjectEndText == null |==> false
531:STD:<ASSIGN>:<NO-OP>:org.apache.commons.lang3.builder.ToStringStyle@setSummaryObjectEndText(java.lang.String):2097:69919:summaryObjectEndText = ""; |==> <NO-OP>
532:STD:<ASSIGN>:<NO-OP>:org.apache.commons.lang3.builder.ToStringStyle@setSummaryObjectEndText(java.lang.String):2099:69964:this.summaryObjectEndText = summaryObjectEndText; |==> <NO-OP>
533:LVR:FALSE:TRUE:org.apache.commons.lang3.builder.ToStringStyle$NoFieldNameToStringStyle@<init>():2159:71682:false |==> true
534:STD:<CALL>:<NO-OP>:org.apache.commons.lang3.builder.ToStringStyle$NoFieldNameToStringStyle@<init>():2159:71660:this.setUseFieldNames(false); |==> <NO-OP>
535:LVR:TRUE:FALSE:org.apache.commons.lang3.builder.ToStringStyle$ShortPrefixToStringStyle@<init>():2193:72663:true |==> false
536:STD:<CALL>:<NO-OP>:org.apache.commons.lang3.builder.ToStringStyle$ShortPrefixToStringStyle@<init>():2193:72637:this.setUseShortClassName(true); |==> <NO-OP>
537:LVR:FALSE:TRUE:org.apache.commons.lang3.builder.ToStringStyle$ShortPrefixToStringStyle@<init>():2194:72710:false |==> true
538:STD:<CALL>:<NO-OP>:org.apache.commons.lang3.builder.ToStringStyle$ShortPrefixToStringStyle@<init>():2194:72682:this.setUseIdentityHashCode(false); |==> <NO-OP>
539:LVR:FALSE:TRUE:org.apache.commons.lang3.builder.ToStringStyle$SimpleToStringStyle@<init>():2225:73602:false |==> true
540:STD:<CALL>:<NO-OP>:org.apache.commons.lang3.builder.ToStringStyle$SimpleToStringStyle@<init>():2225:73581:this.setUseClassName(false); |==> <NO-OP>
541:LVR:FALSE:TRUE:org.apache.commons.lang3.builder.ToStringStyle$SimpleToStringStyle@<init>():2226:73650:false |==> true
542:STD:<CALL>:<NO-OP>:org.apache.commons.lang3.builder.ToStringStyle$SimpleToStringStyle@<init>():2226:73622:this.setUseIdentityHashCode(false); |==> <NO-OP>
543:LVR:FALSE:TRUE:org.apache.commons.lang3.builder.ToStringStyle$SimpleToStringStyle@<init>():2227:73692:false |==> true
544:STD:<CALL>:<NO-OP>:org.apache.commons.lang3.builder.ToStringStyle$SimpleToStringStyle@<init>():2227:73670:this.setUseFieldNames(false); |==> <NO-OP>
545:STD:<CALL>:<NO-OP>:org.apache.commons.lang3.builder.ToStringStyle$SimpleToStringStyle@<init>():2228:73712:this.setContentStart(""); |==> <NO-OP>
546:STD:<CALL>:<NO-OP>:org.apache.commons.lang3.builder.ToStringStyle$SimpleToStringStyle@<init>():2229:73750:this.setContentEnd(""); |==> <NO-OP>
547:STD:<CALL>:<NO-OP>:org.apache.commons.lang3.builder.ToStringStyle$MultiLineToStringStyle@<init>():2261:74659:this.setContentStart("["); |==> <NO-OP>
548:STD:<CALL>:<NO-OP>:org.apache.commons.lang3.builder.ToStringStyle$MultiLineToStringStyle@<init>():2262:74698:this.setFieldSeparator(SystemUtils.LINE_SEPARATOR + "  "); |==> <NO-OP>
549:LVR:TRUE:FALSE:org.apache.commons.lang3.builder.ToStringStyle$MultiLineToStringStyle@<init>():2263:74799:true |==> false
550:STD:<CALL>:<NO-OP>:org.apache.commons.lang3.builder.ToStringStyle$MultiLineToStringStyle@<init>():2263:74769:this.setFieldSeparatorAtStart(true); |==> <NO-OP>
551:STD:<CALL>:<NO-OP>:org.apache.commons.lang3.builder.ToStringStyle$MultiLineToStringStyle@<init>():2264:74818:this.setContentEnd(SystemUtils.LINE_SEPARATOR + "]"); |==> <NO-OP>
