1:ROR:==(java.lang.Object,java.lang.Object):FALSE(java.lang.Object,java.lang.Object):org.apache.commons.lang3.StringUtils@isEmpty(java.lang.CharSequence):194:7465:cs == null |==> false
2:LVR:0:POS:org.apache.commons.lang3.StringUtils@isEmpty(java.lang.CharSequence):194:7491:0 |==> 1
3:LVR:0:NEG:org.apache.commons.lang3.StringUtils@isEmpty(java.lang.CharSequence):194:7491:0 |==> -1
4:ROR:==(int,int):>=(int,int):org.apache.commons.lang3.StringUtils@isEmpty(java.lang.CharSequence):194:7476:cs.length() == 0 |==> cs.length() >= 0
5:ROR:==(int,int):FALSE(int,int):org.apache.commons.lang3.StringUtils@isEmpty(java.lang.CharSequence):194:7488:cs.length() == 0 |==> false
6:COR:||(boolean,boolean):!=(boolean,boolean):org.apache.commons.lang3.StringUtils@isEmpty(java.lang.CharSequence):194:7462:cs == null || cs.length() == 0 |==> cs == null != (cs.length() == 0)
7:COR:||(boolean,boolean):LHS(boolean,boolean):org.apache.commons.lang3.StringUtils@isEmpty(java.lang.CharSequence):194:7462:cs == null || cs.length() == 0 |==> cs == null
8:COR:||(boolean,boolean):RHS(boolean,boolean):org.apache.commons.lang3.StringUtils@isEmpty(java.lang.CharSequence):194:7476:cs == null || cs.length() == 0 |==> cs.length() == 0
9:COR:||(boolean,boolean):TRUE(boolean,boolean):org.apache.commons.lang3.StringUtils@isEmpty(java.lang.CharSequence):194:7473:cs == null || cs.length() == 0 |==> true
10:ROR:==(java.lang.Object,java.lang.Object):FALSE(java.lang.Object,java.lang.Object):org.apache.commons.lang3.StringUtils@isBlank(java.lang.CharSequence):232:8714:cs == null |==> false
11:LVR:0:POS:org.apache.commons.lang3.StringUtils@isBlank(java.lang.CharSequence):232:8751:0 |==> 1
12:LVR:0:NEG:org.apache.commons.lang3.StringUtils@isBlank(java.lang.CharSequence):232:8751:0 |==> -1
13:ROR:==(int,int):<=(int,int):org.apache.commons.lang3.StringUtils@isBlank(java.lang.CharSequence):232:8725:(strLen = cs.length()) == 0 |==> (strLen = cs.length()) <= 0
14:ROR:==(int,int):>=(int,int):org.apache.commons.lang3.StringUtils@isBlank(java.lang.CharSequence):232:8725:(strLen = cs.length()) == 0 |==> (strLen = cs.length()) >= 0
15:COR:||(boolean,boolean):!=(boolean,boolean):org.apache.commons.lang3.StringUtils@isBlank(java.lang.CharSequence):232:8711:cs == null || (strLen = cs.length()) == 0 |==> cs == null != ((strLen = cs.length()) == 0)
16:COR:||(boolean,boolean):RHS(boolean,boolean):org.apache.commons.lang3.StringUtils@isBlank(java.lang.CharSequence):232:8725:cs == null || (strLen = cs.length()) == 0 |==> (strLen = cs.length()) == 0
17:COR:||(boolean,boolean):TRUE(boolean,boolean):org.apache.commons.lang3.StringUtils@isBlank(java.lang.CharSequence):232:8722:cs == null || (strLen = cs.length()) == 0 |==> true
18:LVR:TRUE:FALSE:org.apache.commons.lang3.StringUtils@isBlank(java.lang.CharSequence):233:8775:true |==> false
19:LVR:0:POS:org.apache.commons.lang3.StringUtils@isBlank(java.lang.CharSequence):235:8812:0 |==> 1
20:LVR:0:NEG:org.apache.commons.lang3.StringUtils@isBlank(java.lang.CharSequence):235:8812:0 |==> -1
21:ROR:<(int,int):!=(int,int):org.apache.commons.lang3.StringUtils@isBlank(java.lang.CharSequence):235:8815:i < strLen |==> i != strLen
22:ROR:<(int,int):<=(int,int):org.apache.commons.lang3.StringUtils@isBlank(java.lang.CharSequence):235:8815:i < strLen |==> i <= strLen
23:ROR:<(int,int):FALSE(int,int):org.apache.commons.lang3.StringUtils@isBlank(java.lang.CharSequence):235:8817:i < strLen |==> false
24:LVR:FALSE:TRUE:org.apache.commons.lang3.StringUtils@isBlank(java.lang.CharSequence):236:8891:false |==> true
25:ROR:==(boolean,boolean):FALSE(boolean,boolean):org.apache.commons.lang3.StringUtils@isBlank(java.lang.CharSequence):236:8888:Character.isWhitespace(cs.charAt(i)) == false |==> false
26:ROR:==(boolean,boolean):LHS(boolean,boolean):org.apache.commons.lang3.StringUtils@isBlank(java.lang.CharSequence):236:8851:Character.isWhitespace(cs.charAt(i)) == false |==> Character.isWhitespace(cs.charAt(i))
27:ROR:==(boolean,boolean):RHS(boolean,boolean):org.apache.commons.lang3.StringUtils@isBlank(java.lang.CharSequence):236:8891:Character.isWhitespace(cs.charAt(i)) == false |==> false
28:LVR:FALSE:TRUE:org.apache.commons.lang3.StringUtils@isBlank(java.lang.CharSequence):237:8924:false |==> true
29:LVR:TRUE:FALSE:org.apache.commons.lang3.StringUtils@isBlank(java.lang.CharSequence):240:8970:true |==> false
30:ROR:==(java.lang.Object,java.lang.Object):FALSE(java.lang.Object,java.lang.Object):org.apache.commons.lang3.StringUtils@trim(java.lang.String):289:10683:str == null |==> false
31:COR:<METHOD_INVOCATION(boolean)>:FALSE:org.apache.commons.lang3.StringUtils@trimToNull(java.lang.String):316:11715:isEmpty(ts) |==> false
32:COR:<METHOD_INVOCATION(boolean)>:TRUE:org.apache.commons.lang3.StringUtils@trimToNull(java.lang.String):316:11715:isEmpty(ts) |==> true
33:ROR:==(java.lang.Object,java.lang.Object):FALSE(java.lang.Object,java.lang.Object):org.apache.commons.lang3.StringUtils@trimToEmpty(java.lang.String):341:12675:str == null |==> false
34:ROR:==(java.lang.Object,java.lang.Object):FALSE(java.lang.Object,java.lang.Object):org.apache.commons.lang3.StringUtils@stripToNull(java.lang.String):396:14740:str == null |==> false
35:STD:<ASSIGN>:<NO-OP>:org.apache.commons.lang3.StringUtils@stripToNull(java.lang.String):399:14794:str = strip(str, null); |==> <NO-OP>
36:LVR:0:POS:org.apache.commons.lang3.StringUtils@stripToNull(java.lang.String):400:14849:0 |==> 1
37:LVR:0:NEG:org.apache.commons.lang3.StringUtils@stripToNull(java.lang.String):400:14849:0 |==> -1
38:ROR:==(int,int):>=(int,int):org.apache.commons.lang3.StringUtils@stripToNull(java.lang.String):400:14833:str.length() == 0 |==> str.length() >= 0
39:ROR:==(int,int):FALSE(int,int):org.apache.commons.lang3.StringUtils@stripToNull(java.lang.String):400:14846:str.length() == 0 |==> false
40:ROR:==(java.lang.Object,java.lang.Object):FALSE(java.lang.Object,java.lang.Object):org.apache.commons.lang3.StringUtils@stripToEmpty(java.lang.String):426:15841:str == null |==> false
41:COR:<METHOD_INVOCATION(boolean)>:FALSE:org.apache.commons.lang3.StringUtils@strip(java.lang.String,java.lang.String):456:17140:isEmpty(str) |==> false
42:COR:<METHOD_INVOCATION(boolean)>:TRUE:org.apache.commons.lang3.StringUtils@strip(java.lang.String,java.lang.String):456:17140:isEmpty(str) |==> true
43:STD:<ASSIGN>:<NO-OP>:org.apache.commons.lang3.StringUtils@strip(java.lang.String,java.lang.String):459:17191:str = stripStart(str, stripChars); |==> <NO-OP>
44:ROR:==(java.lang.Object,java.lang.Object):FALSE(java.lang.Object,java.lang.Object):org.apache.commons.lang3.StringUtils@stripStart(java.lang.String,java.lang.String):489:18476:str == null |==> false
45:LVR:0:POS:org.apache.commons.lang3.StringUtils@stripStart(java.lang.String,java.lang.String):489:18514:0 |==> 1
46:LVR:0:NEG:org.apache.commons.lang3.StringUtils@stripStart(java.lang.String,java.lang.String):489:18514:0 |==> -1
47:ROR:==(int,int):<=(int,int):org.apache.commons.lang3.StringUtils@stripStart(java.lang.String,java.lang.String):489:18487:(strLen = str.length()) == 0 |==> (strLen = str.length()) <= 0
48:ROR:==(int,int):>=(int,int):org.apache.commons.lang3.StringUtils@stripStart(java.lang.String,java.lang.String):489:18487:(strLen = str.length()) == 0 |==> (strLen = str.length()) >= 0
49:COR:||(boolean,boolean):!=(boolean,boolean):org.apache.commons.lang3.StringUtils@stripStart(java.lang.String,java.lang.String):489:18472:str == null || (strLen = str.length()) == 0 |==> str == null != ((strLen = str.length()) == 0)
50:COR:||(boolean,boolean):RHS(boolean,boolean):org.apache.commons.lang3.StringUtils@stripStart(java.lang.String,java.lang.String):489:18487:str == null || (strLen = str.length()) == 0 |==> (strLen = str.length()) == 0
51:COR:||(boolean,boolean):TRUE(boolean,boolean):org.apache.commons.lang3.StringUtils@stripStart(java.lang.String,java.lang.String):489:18484:str == null || (strLen = str.length()) == 0 |==> true
52:LVR:0:POS:org.apache.commons.lang3.StringUtils@stripStart(java.lang.String,java.lang.String):492:18573:0 |==> 1
53:LVR:0:NEG:org.apache.commons.lang3.StringUtils@stripStart(java.lang.String,java.lang.String):492:18573:0 |==> -1
54:ROR:==(java.lang.Object,java.lang.Object):FALSE(java.lang.Object,java.lang.Object):org.apache.commons.lang3.StringUtils@stripStart(java.lang.String,java.lang.String):493:18599:stripChars == null |==> false
55:ROR:!=(int,int):<(int,int):org.apache.commons.lang3.StringUtils@stripStart(java.lang.String,java.lang.String):494:18630:start != strLen |==> start < strLen
56:ROR:!=(int,int):>(int,int):org.apache.commons.lang3.StringUtils@stripStart(java.lang.String,java.lang.String):494:18630:start != strLen |==> start > strLen
57:ROR:!=(int,int):TRUE(int,int):org.apache.commons.lang3.StringUtils@stripStart(java.lang.String,java.lang.String):494:18636:start != strLen |==> true
58:COR:&&(boolean,boolean):==(boolean,boolean):org.apache.commons.lang3.StringUtils@stripStart(java.lang.String,java.lang.String):494:18629:(start != strLen) && Character.isWhitespace(str.charAt(start)) |==> (start != strLen) == Character.isWhitespace(str.charAt(start))
59:COR:&&(boolean,boolean):FALSE(boolean,boolean):org.apache.commons.lang3.StringUtils@stripStart(java.lang.String,java.lang.String):494:18647:(start != strLen) && Character.isWhitespace(str.charAt(start)) |==> false
60:COR:&&(boolean,boolean):LHS(boolean,boolean):org.apache.commons.lang3.StringUtils@stripStart(java.lang.String,java.lang.String):494:18629:(start != strLen) && Character.isWhitespace(str.charAt(start)) |==> (start != strLen)
61:COR:&&(boolean,boolean):RHS(boolean,boolean):org.apache.commons.lang3.StringUtils@stripStart(java.lang.String,java.lang.String):494:18650:(start != strLen) && Character.isWhitespace(str.charAt(start)) |==> Character.isWhitespace(str.charAt(start))
62:STD:<INC>:<NO-OP>:org.apache.commons.lang3.StringUtils@stripStart(java.lang.String,java.lang.String):495:18711:start++; |==> <NO-OP>
63:LVR:0:POS:org.apache.commons.lang3.StringUtils@stripStart(java.lang.String,java.lang.String):497:18776:0 |==> 1
64:LVR:0:NEG:org.apache.commons.lang3.StringUtils@stripStart(java.lang.String,java.lang.String):497:18776:0 |==> -1
65:ROR:==(int,int):>=(int,int):org.apache.commons.lang3.StringUtils@stripStart(java.lang.String,java.lang.String):497:18753:stripChars.length() == 0 |==> stripChars.length() >= 0
66:ROR:==(int,int):FALSE(int,int):org.apache.commons.lang3.StringUtils@stripStart(java.lang.String,java.lang.String):497:18773:stripChars.length() == 0 |==> false
67:ROR:!=(int,int):<(int,int):org.apache.commons.lang3.StringUtils@stripStart(java.lang.String,java.lang.String):500:18842:start != strLen |==> start < strLen
68:ROR:!=(int,int):>(int,int):org.apache.commons.lang3.StringUtils@stripStart(java.lang.String,java.lang.String):500:18842:start != strLen |==> start > strLen
69:ROR:!=(int,int):TRUE(int,int):org.apache.commons.lang3.StringUtils@stripStart(java.lang.String,java.lang.String):500:18848:start != strLen |==> true
70:ROR:!=(int,int):<(int,int):org.apache.commons.lang3.StringUtils@stripStart(java.lang.String,java.lang.String):500:18863:stripChars.indexOf(str.charAt(start)) != INDEX_NOT_FOUND |==> stripChars.indexOf(str.charAt(start)) < INDEX_NOT_FOUND
71:ROR:!=(int,int):TRUE(int,int):org.apache.commons.lang3.StringUtils@stripStart(java.lang.String,java.lang.String):500:18901:stripChars.indexOf(str.charAt(start)) != INDEX_NOT_FOUND |==> true
72:COR:&&(boolean,boolean):==(boolean,boolean):org.apache.commons.lang3.StringUtils@stripStart(java.lang.String,java.lang.String):500:18841:(start != strLen) && (stripChars.indexOf(str.charAt(start)) != INDEX_NOT_FOUND) |==> (start != strLen) == (stripChars.indexOf(str.charAt(start)) != INDEX_NOT_FOUND)
73:COR:&&(boolean,boolean):FALSE(boolean,boolean):org.apache.commons.lang3.StringUtils@stripStart(java.lang.String,java.lang.String):500:18859:(start != strLen) && (stripChars.indexOf(str.charAt(start)) != INDEX_NOT_FOUND) |==> false
74:COR:&&(boolean,boolean):LHS(boolean,boolean):org.apache.commons.lang3.StringUtils@stripStart(java.lang.String,java.lang.String):500:18841:(start != strLen) && (stripChars.indexOf(str.charAt(start)) != INDEX_NOT_FOUND) |==> (start != strLen)
75:COR:&&(boolean,boolean):RHS(boolean,boolean):org.apache.commons.lang3.StringUtils@stripStart(java.lang.String,java.lang.String):500:18862:(start != strLen) && (stripChars.indexOf(str.charAt(start)) != INDEX_NOT_FOUND) |==> (stripChars.indexOf(str.charAt(start)) != INDEX_NOT_FOUND)
76:STD:<INC>:<NO-OP>:org.apache.commons.lang3.StringUtils@stripStart(java.lang.String,java.lang.String):501:18940:start++; |==> <NO-OP>
77:ROR:==(java.lang.Object,java.lang.Object):FALSE(java.lang.Object,java.lang.Object):org.apache.commons.lang3.StringUtils@stripEnd(java.lang.String,java.lang.String):533:20195:str == null |==> false
78:LVR:0:POS:org.apache.commons.lang3.StringUtils@stripEnd(java.lang.String,java.lang.String):533:20230:0 |==> 1
79:LVR:0:NEG:org.apache.commons.lang3.StringUtils@stripEnd(java.lang.String,java.lang.String):533:20230:0 |==> -1
80:ROR:==(int,int):<=(int,int):org.apache.commons.lang3.StringUtils@stripEnd(java.lang.String,java.lang.String):533:20206:(end = str.length()) == 0 |==> (end = str.length()) <= 0
81:ROR:==(int,int):>=(int,int):org.apache.commons.lang3.StringUtils@stripEnd(java.lang.String,java.lang.String):533:20206:(end = str.length()) == 0 |==> (end = str.length()) >= 0
82:COR:||(boolean,boolean):!=(boolean,boolean):org.apache.commons.lang3.StringUtils@stripEnd(java.lang.String,java.lang.String):533:20191:str == null || (end = str.length()) == 0 |==> str == null != ((end = str.length()) == 0)
83:COR:||(boolean,boolean):RHS(boolean,boolean):org.apache.commons.lang3.StringUtils@stripEnd(java.lang.String,java.lang.String):533:20206:str == null || (end = str.length()) == 0 |==> (end = str.length()) == 0
84:COR:||(boolean,boolean):TRUE(boolean,boolean):org.apache.commons.lang3.StringUtils@stripEnd(java.lang.String,java.lang.String):533:20203:str == null || (end = str.length()) == 0 |==> true
85:ROR:==(java.lang.Object,java.lang.Object):FALSE(java.lang.Object,java.lang.Object):org.apache.commons.lang3.StringUtils@stripEnd(java.lang.String,java.lang.String):537:20293:stripChars == null |==> false
86:LVR:0:POS:org.apache.commons.lang3.StringUtils@stripEnd(java.lang.String,java.lang.String):538:20331:0 |==> 1
87:LVR:0:NEG:org.apache.commons.lang3.StringUtils@stripEnd(java.lang.String,java.lang.String):538:20331:0 |==> -1
88:ROR:!=(int,int):<(int,int):org.apache.commons.lang3.StringUtils@stripEnd(java.lang.String,java.lang.String):538:20324:end != 0 |==> end < 0
89:ROR:!=(int,int):>(int,int):org.apache.commons.lang3.StringUtils@stripEnd(java.lang.String,java.lang.String):538:20324:end != 0 |==> end > 0
90:ROR:!=(int,int):TRUE(int,int):org.apache.commons.lang3.StringUtils@stripEnd(java.lang.String,java.lang.String):538:20328:end != 0 |==> true
91:LVR:POS:0:org.apache.commons.lang3.StringUtils@stripEnd(java.lang.String,java.lang.String):538:20377:1 |==> 0
92:LVR:POS:NEG:org.apache.commons.lang3.StringUtils@stripEnd(java.lang.String,java.lang.String):538:20377:1 |==> -1
93:AOR:-(int,int):%(int,int):org.apache.commons.lang3.StringUtils@stripEnd(java.lang.String,java.lang.String):538:20371:end - 1 |==> end % 1
94:AOR:-(int,int):*(int,int):org.apache.commons.lang3.StringUtils@stripEnd(java.lang.String,java.lang.String):538:20371:end - 1 |==> end * 1
95:AOR:-(int,int):+(int,int):org.apache.commons.lang3.StringUtils@stripEnd(java.lang.String,java.lang.String):538:20371:end - 1 |==> end + 1
96:AOR:-(int,int):/(int,int):org.apache.commons.lang3.StringUtils@stripEnd(java.lang.String,java.lang.String):538:20371:end - 1 |==> end / 1
97:COR:&&(boolean,boolean):==(boolean,boolean):org.apache.commons.lang3.StringUtils@stripEnd(java.lang.String,java.lang.String):538:20323:(end != 0) && Character.isWhitespace(str.charAt(end - 1)) |==> (end != 0) == Character.isWhitespace(str.charAt(end - 1))
98:COR:&&(boolean,boolean):FALSE(boolean,boolean):org.apache.commons.lang3.StringUtils@stripEnd(java.lang.String,java.lang.String):538:20334:(end != 0) && Character.isWhitespace(str.charAt(end - 1)) |==> false
99:COR:&&(boolean,boolean):LHS(boolean,boolean):org.apache.commons.lang3.StringUtils@stripEnd(java.lang.String,java.lang.String):538:20323:(end != 0) && Character.isWhitespace(str.charAt(end - 1)) |==> (end != 0)
100:COR:&&(boolean,boolean):RHS(boolean,boolean):org.apache.commons.lang3.StringUtils@stripEnd(java.lang.String,java.lang.String):538:20337:(end != 0) && Character.isWhitespace(str.charAt(end - 1)) |==> Character.isWhitespace(str.charAt(end - 1))
101:STD:<DEC>:<NO-OP>:org.apache.commons.lang3.StringUtils@stripEnd(java.lang.String,java.lang.String):539:20400:end--; |==> <NO-OP>
102:LVR:0:POS:org.apache.commons.lang3.StringUtils@stripEnd(java.lang.String,java.lang.String):541:20463:0 |==> 1
103:LVR:0:NEG:org.apache.commons.lang3.StringUtils@stripEnd(java.lang.String,java.lang.String):541:20463:0 |==> -1
104:ROR:==(int,int):>=(int,int):org.apache.commons.lang3.StringUtils@stripEnd(java.lang.String,java.lang.String):541:20440:stripChars.length() == 0 |==> stripChars.length() >= 0
105:ROR:==(int,int):FALSE(int,int):org.apache.commons.lang3.StringUtils@stripEnd(java.lang.String,java.lang.String):541:20460:stripChars.length() == 0 |==> false
106:LVR:0:POS:org.apache.commons.lang3.StringUtils@stripEnd(java.lang.String,java.lang.String):544:20536:0 |==> 1
107:LVR:0:NEG:org.apache.commons.lang3.StringUtils@stripEnd(java.lang.String,java.lang.String):544:20536:0 |==> -1
108:ROR:!=(int,int):<(int,int):org.apache.commons.lang3.StringUtils@stripEnd(java.lang.String,java.lang.String):544:20529:end != 0 |==> end < 0
109:ROR:!=(int,int):>(int,int):org.apache.commons.lang3.StringUtils@stripEnd(java.lang.String,java.lang.String):544:20529:end != 0 |==> end > 0
110:ROR:!=(int,int):TRUE(int,int):org.apache.commons.lang3.StringUtils@stripEnd(java.lang.String,java.lang.String):544:20533:end != 0 |==> true
111:LVR:POS:0:org.apache.commons.lang3.StringUtils@stripEnd(java.lang.String,java.lang.String):544:20579:1 |==> 0
112:LVR:POS:NEG:org.apache.commons.lang3.StringUtils@stripEnd(java.lang.String,java.lang.String):544:20579:1 |==> -1
113:AOR:-(int,int):%(int,int):org.apache.commons.lang3.StringUtils@stripEnd(java.lang.String,java.lang.String):544:20573:end - 1 |==> end % 1
114:AOR:-(int,int):*(int,int):org.apache.commons.lang3.StringUtils@stripEnd(java.lang.String,java.lang.String):544:20573:end - 1 |==> end * 1
115:AOR:-(int,int):+(int,int):org.apache.commons.lang3.StringUtils@stripEnd(java.lang.String,java.lang.String):544:20573:end - 1 |==> end + 1
116:AOR:-(int,int):/(int,int):org.apache.commons.lang3.StringUtils@stripEnd(java.lang.String,java.lang.String):544:20573:end - 1 |==> end / 1
117:ROR:!=(int,int):<(int,int):org.apache.commons.lang3.StringUtils@stripEnd(java.lang.String,java.lang.String):544:20543:stripChars.indexOf(str.charAt(end - 1)) != INDEX_NOT_FOUND |==> stripChars.indexOf(str.charAt(end - 1)) < INDEX_NOT_FOUND
118:ROR:!=(int,int):TRUE(int,int):org.apache.commons.lang3.StringUtils@stripEnd(java.lang.String,java.lang.String):544:20583:stripChars.indexOf(str.charAt(end - 1)) != INDEX_NOT_FOUND |==> true
119:COR:&&(boolean,boolean):==(boolean,boolean):org.apache.commons.lang3.StringUtils@stripEnd(java.lang.String,java.lang.String):544:20528:(end != 0) && (stripChars.indexOf(str.charAt(end - 1)) != INDEX_NOT_FOUND) |==> (end != 0) == (stripChars.indexOf(str.charAt(end - 1)) != INDEX_NOT_FOUND)
120:COR:&&(boolean,boolean):FALSE(boolean,boolean):org.apache.commons.lang3.StringUtils@stripEnd(java.lang.String,java.lang.String):544:20539:(end != 0) && (stripChars.indexOf(str.charAt(end - 1)) != INDEX_NOT_FOUND) |==> false
121:COR:&&(boolean,boolean):LHS(boolean,boolean):org.apache.commons.lang3.StringUtils@stripEnd(java.lang.String,java.lang.String):544:20528:(end != 0) && (stripChars.indexOf(str.charAt(end - 1)) != INDEX_NOT_FOUND) |==> (end != 0)
122:COR:&&(boolean,boolean):RHS(boolean,boolean):org.apache.commons.lang3.StringUtils@stripEnd(java.lang.String,java.lang.String):544:20542:(end != 0) && (stripChars.indexOf(str.charAt(end - 1)) != INDEX_NOT_FOUND) |==> (stripChars.indexOf(str.charAt(end - 1)) != INDEX_NOT_FOUND)
123:STD:<DEC>:<NO-OP>:org.apache.commons.lang3.StringUtils@stripEnd(java.lang.String,java.lang.String):545:20622:end--; |==> <NO-OP>
124:LVR:0:POS:org.apache.commons.lang3.StringUtils@stripEnd(java.lang.String,java.lang.String):548:20682:0 |==> 1
125:LVR:0:NEG:org.apache.commons.lang3.StringUtils@stripEnd(java.lang.String,java.lang.String):548:20682:0 |==> -1
126:ROR:==(java.lang.Object,java.lang.Object):FALSE(java.lang.Object,java.lang.Object):org.apache.commons.lang3.StringUtils@stripAll(java.lang.String[],java.lang.String):603:23038:strs == null |==> false
127:LVR:0:POS:org.apache.commons.lang3.StringUtils@stripAll(java.lang.String[],java.lang.String):603:23076:0 |==> 1
128:LVR:0:NEG:org.apache.commons.lang3.StringUtils@stripAll(java.lang.String[],java.lang.String):603:23076:0 |==> -1
129:ROR:==(int,int):<=(int,int):org.apache.commons.lang3.StringUtils@stripAll(java.lang.String[],java.lang.String):603:23049:(strsLen = strs.length) == 0 |==> (strsLen = strs.length) <= 0
130:ROR:==(int,int):>=(int,int):org.apache.commons.lang3.StringUtils@stripAll(java.lang.String[],java.lang.String):603:23049:(strsLen = strs.length) == 0 |==> (strsLen = strs.length) >= 0
131:COR:||(boolean,boolean):!=(boolean,boolean):org.apache.commons.lang3.StringUtils@stripAll(java.lang.String[],java.lang.String):603:23033:strs == null || (strsLen = strs.length) == 0 |==> strs == null != ((strsLen = strs.length) == 0)
132:COR:||(boolean,boolean):RHS(boolean,boolean):org.apache.commons.lang3.StringUtils@stripAll(java.lang.String[],java.lang.String):603:23049:strs == null || (strsLen = strs.length) == 0 |==> (strsLen = strs.length) == 0
133:COR:||(boolean,boolean):TRUE(boolean,boolean):org.apache.commons.lang3.StringUtils@stripAll(java.lang.String[],java.lang.String):603:23046:strs == null || (strsLen = strs.length) == 0 |==> true
134:LVR:0:POS:org.apache.commons.lang3.StringUtils@stripAll(java.lang.String[],java.lang.String):607:23184:0 |==> 1
135:LVR:0:NEG:org.apache.commons.lang3.StringUtils@stripAll(java.lang.String[],java.lang.String):607:23184:0 |==> -1
136:ROR:<(int,int):!=(int,int):org.apache.commons.lang3.StringUtils@stripAll(java.lang.String[],java.lang.String):607:23187:i < strsLen |==> i != strsLen
137:ROR:<(int,int):<=(int,int):org.apache.commons.lang3.StringUtils@stripAll(java.lang.String[],java.lang.String):607:23187:i < strsLen |==> i <= strsLen
138:ROR:<(int,int):FALSE(int,int):org.apache.commons.lang3.StringUtils@stripAll(java.lang.String[],java.lang.String):607:23189:i < strsLen |==> false
139:STD:<ASSIGN>:<NO-OP>:org.apache.commons.lang3.StringUtils@stripAll(java.lang.String[],java.lang.String):608:23219:newArr[i] = strip(strs[i], stripChars); |==> <NO-OP>
140:ROR:==(java.lang.Object,java.lang.Object):FALSE(java.lang.Object,java.lang.Object):org.apache.commons.lang3.StringUtils@stripAccents(java.lang.String):630:23914:input == null |==> false
141:LVR:POS:0:org.apache.commons.lang3.StringUtils@stripAccents(java.lang.String):633:24004:1.6F |==> 0.0F
142:LVR:POS:NEG:org.apache.commons.lang3.StringUtils@stripAccents(java.lang.String):633:24004:1.6F |==> -1.6F
143:COR:<METHOD_INVOCATION(boolean)>:FALSE:org.apache.commons.lang3.StringUtils@stripAccents(java.lang.String):633:24003:SystemUtils.isJavaVersionAtLeast(1.6F) |==> false
144:COR:<METHOD_INVOCATION(boolean)>:TRUE:org.apache.commons.lang3.StringUtils@stripAccents(java.lang.String):633:24003:SystemUtils.isJavaVersionAtLeast(1.6F) |==> true
145:LVR:FALSE:TRUE:org.apache.commons.lang3.StringUtils@stripAccents(java.lang.String):640:24350:false |==> true
146:LVR:FALSE:TRUE:org.apache.commons.lang3.StringUtils@stripAccents(java.lang.String):643:24485:false |==> true
147:ROR:==(java.lang.Object,java.lang.Object):FALSE(java.lang.Object,java.lang.Object):org.apache.commons.lang3.StringUtils@equals(java.lang.CharSequence,java.lang.CharSequence):700:27491:cs1 == null |==> false
148:ROR:==(java.lang.Object,java.lang.Object):FALSE(java.lang.Object,java.lang.Object):org.apache.commons.lang3.StringUtils@equals(java.lang.CharSequence,java.lang.CharSequence):700:27505:cs2 == null |==> false
149:ROR:==(java.lang.Object,java.lang.Object):FALSE(java.lang.Object,java.lang.Object):org.apache.commons.lang3.StringUtils@equalsIgnoreCase(java.lang.String,java.lang.String):725:28514:str1 == null |==> false
150:ROR:==(java.lang.Object,java.lang.Object):FALSE(java.lang.Object,java.lang.Object):org.apache.commons.lang3.StringUtils@equalsIgnoreCase(java.lang.String,java.lang.String):725:28529:str2 == null |==> false
151:COR:<METHOD_INVOCATION(boolean)>:FALSE:org.apache.commons.lang3.StringUtils@indexOf(java.lang.String,char):750:29473:isEmpty(str) |==> false
152:COR:<METHOD_INVOCATION(boolean)>:TRUE:org.apache.commons.lang3.StringUtils@indexOf(java.lang.String,char):750:29473:isEmpty(str) |==> true
153:COR:<METHOD_INVOCATION(boolean)>:FALSE:org.apache.commons.lang3.StringUtils@indexOf(java.lang.String,char,int):782:30751:isEmpty(str) |==> false
154:COR:<METHOD_INVOCATION(boolean)>:TRUE:org.apache.commons.lang3.StringUtils@indexOf(java.lang.String,char,int):782:30751:isEmpty(str) |==> true
155:ROR:==(java.lang.Object,java.lang.Object):FALSE(java.lang.Object,java.lang.Object):org.apache.commons.lang3.StringUtils@indexOf(java.lang.String,java.lang.String):812:31865:str == null |==> false
156:ROR:==(java.lang.Object,java.lang.Object):FALSE(java.lang.Object,java.lang.Object):org.apache.commons.lang3.StringUtils@indexOf(java.lang.String,java.lang.String):812:31886:searchStr == null |==> false
157:COR:||(boolean,boolean):!=(boolean,boolean):org.apache.commons.lang3.StringUtils@indexOf(java.lang.String,java.lang.String):812:31861:str == null || searchStr == null |==> str == null != (searchStr == null)
158:COR:||(boolean,boolean):LHS(boolean,boolean):org.apache.commons.lang3.StringUtils@indexOf(java.lang.String,java.lang.String):812:31861:str == null || searchStr == null |==> str == null
159:COR:||(boolean,boolean):RHS(boolean,boolean):org.apache.commons.lang3.StringUtils@indexOf(java.lang.String,java.lang.String):812:31876:str == null || searchStr == null |==> searchStr == null
160:COR:||(boolean,boolean):TRUE(boolean,boolean):org.apache.commons.lang3.StringUtils@indexOf(java.lang.String,java.lang.String):812:31873:str == null || searchStr == null |==> true
161:ROR:==(java.lang.Object,java.lang.Object):FALSE(java.lang.Object,java.lang.Object):org.apache.commons.lang3.StringUtils@indexOf(java.lang.String,java.lang.String,int):851:33515:str == null |==> false
162:ROR:==(java.lang.Object,java.lang.Object):FALSE(java.lang.Object,java.lang.Object):org.apache.commons.lang3.StringUtils@indexOf(java.lang.String,java.lang.String,int):851:33536:searchStr == null |==> false
163:COR:||(boolean,boolean):!=(boolean,boolean):org.apache.commons.lang3.StringUtils@indexOf(java.lang.String,java.lang.String,int):851:33511:str == null || searchStr == null |==> str == null != (searchStr == null)
164:COR:||(boolean,boolean):LHS(boolean,boolean):org.apache.commons.lang3.StringUtils@indexOf(java.lang.String,java.lang.String,int):851:33511:str == null || searchStr == null |==> str == null
165:COR:||(boolean,boolean):RHS(boolean,boolean):org.apache.commons.lang3.StringUtils@indexOf(java.lang.String,java.lang.String,int):851:33526:str == null || searchStr == null |==> searchStr == null
166:COR:||(boolean,boolean):TRUE(boolean,boolean):org.apache.commons.lang3.StringUtils@indexOf(java.lang.String,java.lang.String,int):851:33523:str == null || searchStr == null |==> true
167:LVR:FALSE:TRUE:org.apache.commons.lang3.StringUtils@ordinalIndexOf(java.lang.String,java.lang.String,int):891:35225:false |==> true
168:ROR:==(java.lang.Object,java.lang.Object):FALSE(java.lang.Object,java.lang.Object):org.apache.commons.lang3.StringUtils@ordinalIndexOf(java.lang.String,java.lang.String,int,boolean):909:36111:str == null |==> false
169:ROR:==(java.lang.Object,java.lang.Object):FALSE(java.lang.Object,java.lang.Object):org.apache.commons.lang3.StringUtils@ordinalIndexOf(java.lang.String,java.lang.String,int,boolean):909:36132:searchStr == null |==> false
170:COR:||(boolean,boolean):!=(boolean,boolean):org.apache.commons.lang3.StringUtils@ordinalIndexOf(java.lang.String,java.lang.String,int,boolean):909:36107:str == null || searchStr == null |==> str == null != (searchStr == null)
171:COR:||(boolean,boolean):LHS(boolean,boolean):org.apache.commons.lang3.StringUtils@ordinalIndexOf(java.lang.String,java.lang.String,int,boolean):909:36107:str == null || searchStr == null |==> str == null
172:COR:||(boolean,boolean):RHS(boolean,boolean):org.apache.commons.lang3.StringUtils@ordinalIndexOf(java.lang.String,java.lang.String,int,boolean):909:36122:str == null || searchStr == null |==> searchStr == null
173:COR:||(boolean,boolean):TRUE(boolean,boolean):org.apache.commons.lang3.StringUtils@ordinalIndexOf(java.lang.String,java.lang.String,int,boolean):909:36119:str == null || searchStr == null |==> true
174:LVR:0:POS:org.apache.commons.lang3.StringUtils@ordinalIndexOf(java.lang.String,java.lang.String,int,boolean):909:36154:0 |==> 1
175:LVR:0:NEG:org.apache.commons.lang3.StringUtils@ordinalIndexOf(java.lang.String,java.lang.String,int,boolean):909:36154:0 |==> -1
176:ROR:<=(int,int):<(int,int):org.apache.commons.lang3.StringUtils@ordinalIndexOf(java.lang.String,java.lang.String,int,boolean):909:36143:ordinal <= 0 |==> ordinal < 0
177:ROR:<=(int,int):==(int,int):org.apache.commons.lang3.StringUtils@ordinalIndexOf(java.lang.String,java.lang.String,int,boolean):909:36143:ordinal <= 0 |==> ordinal == 0
178:ROR:<=(int,int):TRUE(int,int):org.apache.commons.lang3.StringUtils@ordinalIndexOf(java.lang.String,java.lang.String,int,boolean):909:36151:ordinal <= 0 |==> true
179:COR:||(boolean,boolean):!=(boolean,boolean):org.apache.commons.lang3.StringUtils@ordinalIndexOf(java.lang.String,java.lang.String,int,boolean):909:36107:str == null || searchStr == null || ordinal <= 0 |==> (str == null || searchStr == null) != ordinal <= 0
180:COR:||(boolean,boolean):LHS(boolean,boolean):org.apache.commons.lang3.StringUtils@ordinalIndexOf(java.lang.String,java.lang.String,int,boolean):909:36107:str == null || searchStr == null || ordinal <= 0 |==> str == null || searchStr == null
181:COR:||(boolean,boolean):RHS(boolean,boolean):org.apache.commons.lang3.StringUtils@ordinalIndexOf(java.lang.String,java.lang.String,int,boolean):909:36143:str == null || searchStr == null || ordinal <= 0 |==> ordinal <= 0
182:COR:||(boolean,boolean):TRUE(boolean,boolean):org.apache.commons.lang3.StringUtils@ordinalIndexOf(java.lang.String,java.lang.String,int,boolean):909:36140:str == null || searchStr == null || ordinal <= 0 |==> true
183:LVR:0:POS:org.apache.commons.lang3.StringUtils@ordinalIndexOf(java.lang.String,java.lang.String,int,boolean):912:36239:0 |==> 1
184:LVR:0:NEG:org.apache.commons.lang3.StringUtils@ordinalIndexOf(java.lang.String,java.lang.String,int,boolean):912:36239:0 |==> -1
185:ROR:==(int,int):>=(int,int):org.apache.commons.lang3.StringUtils@ordinalIndexOf(java.lang.String,java.lang.String,int,boolean):912:36217:searchStr.length() == 0 |==> searchStr.length() >= 0
186:ROR:==(int,int):FALSE(int,int):org.apache.commons.lang3.StringUtils@ordinalIndexOf(java.lang.String,java.lang.String,int,boolean):912:36236:searchStr.length() == 0 |==> false
187:COR:<IDENTIFIER(boolean)>:FALSE:org.apache.commons.lang3.StringUtils@ordinalIndexOf(java.lang.String,java.lang.String,int,boolean):913:36263:lastIndex |==> false
188:COR:<IDENTIFIER(boolean)>:TRUE:org.apache.commons.lang3.StringUtils@ordinalIndexOf(java.lang.String,java.lang.String,int,boolean):913:36263:lastIndex |==> true
189:LVR:0:POS:org.apache.commons.lang3.StringUtils@ordinalIndexOf(java.lang.String,java.lang.String,int,boolean):913:36290:0 |==> 1
190:LVR:0:NEG:org.apache.commons.lang3.StringUtils@ordinalIndexOf(java.lang.String,java.lang.String,int,boolean):913:36290:0 |==> -1
191:LVR:0:POS:org.apache.commons.lang3.StringUtils@ordinalIndexOf(java.lang.String,java.lang.String,int,boolean):915:36323:0 |==> 1
192:LVR:0:NEG:org.apache.commons.lang3.StringUtils@ordinalIndexOf(java.lang.String,java.lang.String,int,boolean):915:36323:0 |==> -1
193:COR:<IDENTIFIER(boolean)>:FALSE:org.apache.commons.lang3.StringUtils@ordinalIndexOf(java.lang.String,java.lang.String,int,boolean):916:36346:lastIndex |==> false
194:COR:<IDENTIFIER(boolean)>:TRUE:org.apache.commons.lang3.StringUtils@ordinalIndexOf(java.lang.String,java.lang.String,int,boolean):916:36346:lastIndex |==> true
195:COR:<IDENTIFIER(boolean)>:FALSE:org.apache.commons.lang3.StringUtils@ordinalIndexOf(java.lang.String,java.lang.String,int,boolean):918:36418:lastIndex |==> false
196:COR:<IDENTIFIER(boolean)>:TRUE:org.apache.commons.lang3.StringUtils@ordinalIndexOf(java.lang.String,java.lang.String,int,boolean):918:36418:lastIndex |==> true
197:LVR:POS:0:org.apache.commons.lang3.StringUtils@ordinalIndexOf(java.lang.String,java.lang.String,int,boolean):919:36490:1 |==> 0
198:LVR:POS:NEG:org.apache.commons.lang3.StringUtils@ordinalIndexOf(java.lang.String,java.lang.String,int,boolean):919:36490:1 |==> -1
199:AOR:-(int,int):%(int,int):org.apache.commons.lang3.StringUtils@ordinalIndexOf(java.lang.String,java.lang.String,int,boolean):919:36482:index - 1 |==> index % 1
200:AOR:-(int,int):*(int,int):org.apache.commons.lang3.StringUtils@ordinalIndexOf(java.lang.String,java.lang.String,int,boolean):919:36482:index - 1 |==> index * 1
201:AOR:-(int,int):+(int,int):org.apache.commons.lang3.StringUtils@ordinalIndexOf(java.lang.String,java.lang.String,int,boolean):919:36482:index - 1 |==> index + 1
202:AOR:-(int,int):/(int,int):org.apache.commons.lang3.StringUtils@ordinalIndexOf(java.lang.String,java.lang.String,int,boolean):919:36482:index - 1 |==> index / 1
203:STD:<ASSIGN>:<NO-OP>:org.apache.commons.lang3.StringUtils@ordinalIndexOf(java.lang.String,java.lang.String,int,boolean):919:36447:index = str.lastIndexOf(searchStr, index - 1); |==> <NO-OP>
204:LVR:POS:0:org.apache.commons.lang3.StringUtils@ordinalIndexOf(java.lang.String,java.lang.String,int,boolean):921:36570:1 |==> 0
205:LVR:POS:NEG:org.apache.commons.lang3.StringUtils@ordinalIndexOf(java.lang.String,java.lang.String,int,boolean):921:36570:1 |==> -1
206:AOR:+(int,int):%(int,int):org.apache.commons.lang3.StringUtils@ordinalIndexOf(java.lang.String,java.lang.String,int,boolean):921:36562:index + 1 |==> index % 1
207:AOR:+(int,int):*(int,int):org.apache.commons.lang3.StringUtils@ordinalIndexOf(java.lang.String,java.lang.String,int,boolean):921:36562:index + 1 |==> index * 1
208:AOR:+(int,int):-(int,int):org.apache.commons.lang3.StringUtils@ordinalIndexOf(java.lang.String,java.lang.String,int,boolean):921:36562:index + 1 |==> index - 1
209:AOR:+(int,int):/(int,int):org.apache.commons.lang3.StringUtils@ordinalIndexOf(java.lang.String,java.lang.String,int,boolean):921:36562:index + 1 |==> index / 1
210:STD:<ASSIGN>:<NO-OP>:org.apache.commons.lang3.StringUtils@ordinalIndexOf(java.lang.String,java.lang.String,int,boolean):921:36531:index = str.indexOf(searchStr, index + 1); |==> <NO-OP>
211:LVR:0:POS:org.apache.commons.lang3.StringUtils@ordinalIndexOf(java.lang.String,java.lang.String,int,boolean):923:36612:0 |==> 1
212:LVR:0:NEG:org.apache.commons.lang3.StringUtils@ordinalIndexOf(java.lang.String,java.lang.String,int,boolean):923:36612:0 |==> -1
213:ROR:<(int,int):!=(int,int):org.apache.commons.lang3.StringUtils@ordinalIndexOf(java.lang.String,java.lang.String,int,boolean):923:36604:index < 0 |==> index != 0
214:ROR:<(int,int):<=(int,int):org.apache.commons.lang3.StringUtils@ordinalIndexOf(java.lang.String,java.lang.String,int,boolean):923:36604:index < 0 |==> index <= 0
215:ROR:<(int,int):FALSE(int,int):org.apache.commons.lang3.StringUtils@ordinalIndexOf(java.lang.String,java.lang.String,int,boolean):923:36610:index < 0 |==> false
216:STD:<INC>:<NO-OP>:org.apache.commons.lang3.StringUtils@ordinalIndexOf(java.lang.String,java.lang.String,int,boolean):926:36673:found++; |==> <NO-OP>
217:ROR:<(int,int):!=(int,int):org.apache.commons.lang3.StringUtils@ordinalIndexOf(java.lang.String,java.lang.String,int,boolean):927:36699:found < ordinal |==> found != ordinal
218:ROR:<(int,int):<=(int,int):org.apache.commons.lang3.StringUtils@ordinalIndexOf(java.lang.String,java.lang.String,int,boolean):927:36699:found < ordinal |==> found <= ordinal
219:ROR:<(int,int):FALSE(int,int):org.apache.commons.lang3.StringUtils@ordinalIndexOf(java.lang.String,java.lang.String,int,boolean):927:36705:found < ordinal |==> false
220:LVR:0:POS:org.apache.commons.lang3.StringUtils@indexOfIgnoreCase(java.lang.String,java.lang.String):956:37870:0 |==> 1
221:LVR:0:NEG:org.apache.commons.lang3.StringUtils@indexOfIgnoreCase(java.lang.String,java.lang.String):956:37870:0 |==> -1
222:ROR:==(java.lang.Object,java.lang.Object):FALSE(java.lang.Object,java.lang.Object):org.apache.commons.lang3.StringUtils@indexOfIgnoreCase(java.lang.String,java.lang.String,int):991:39419:str == null |==> false
223:ROR:==(java.lang.Object,java.lang.Object):FALSE(java.lang.Object,java.lang.Object):org.apache.commons.lang3.StringUtils@indexOfIgnoreCase(java.lang.String,java.lang.String,int):991:39440:searchStr == null |==> false
224:COR:||(boolean,boolean):!=(boolean,boolean):org.apache.commons.lang3.StringUtils@indexOfIgnoreCase(java.lang.String,java.lang.String,int):991:39415:str == null || searchStr == null |==> str == null != (searchStr == null)
225:COR:||(boolean,boolean):LHS(boolean,boolean):org.apache.commons.lang3.StringUtils@indexOfIgnoreCase(java.lang.String,java.lang.String,int):991:39415:str == null || searchStr == null |==> str == null
226:COR:||(boolean,boolean):RHS(boolean,boolean):org.apache.commons.lang3.StringUtils@indexOfIgnoreCase(java.lang.String,java.lang.String,int):991:39430:str == null || searchStr == null |==> searchStr == null
227:COR:||(boolean,boolean):TRUE(boolean,boolean):org.apache.commons.lang3.StringUtils@indexOfIgnoreCase(java.lang.String,java.lang.String,int):991:39427:str == null || searchStr == null |==> true
228:LVR:0:POS:org.apache.commons.lang3.StringUtils@indexOfIgnoreCase(java.lang.String,java.lang.String,int):994:39520:0 |==> 1
229:LVR:0:NEG:org.apache.commons.lang3.StringUtils@indexOfIgnoreCase(java.lang.String,java.lang.String,int):994:39520:0 |==> -1
230:ROR:<(int,int):!=(int,int):org.apache.commons.lang3.StringUtils@indexOfIgnoreCase(java.lang.String,java.lang.String,int):994:39509:startPos < 0 |==> startPos != 0
231:ROR:<(int,int):<=(int,int):org.apache.commons.lang3.StringUtils@indexOfIgnoreCase(java.lang.String,java.lang.String,int):994:39509:startPos < 0 |==> startPos <= 0
232:ROR:<(int,int):FALSE(int,int):org.apache.commons.lang3.StringUtils@indexOfIgnoreCase(java.lang.String,java.lang.String,int):994:39518:startPos < 0 |==> false
233:LVR:0:POS:org.apache.commons.lang3.StringUtils@indexOfIgnoreCase(java.lang.String,java.lang.String,int):995:39548:0 |==> 1
234:LVR:0:NEG:org.apache.commons.lang3.StringUtils@indexOfIgnoreCase(java.lang.String,java.lang.String,int):995:39548:0 |==> -1
235:STD:<ASSIGN>:<NO-OP>:org.apache.commons.lang3.StringUtils@indexOfIgnoreCase(java.lang.String,java.lang.String,int):995:39537:startPos = 0; |==> <NO-OP>
236:AOR:-(int,int):%(int,int):org.apache.commons.lang3.StringUtils@indexOfIgnoreCase(java.lang.String,java.lang.String,int):997:39585:str.length() - searchStr.length() |==> str.length() % searchStr.length()
237:AOR:-(int,int):*(int,int):org.apache.commons.lang3.StringUtils@indexOfIgnoreCase(java.lang.String,java.lang.String,int):997:39585:str.length() - searchStr.length() |==> str.length() * searchStr.length()
238:AOR:-(int,int):+(int,int):org.apache.commons.lang3.StringUtils@indexOfIgnoreCase(java.lang.String,java.lang.String,int):997:39585:str.length() - searchStr.length() |==> str.length() + searchStr.length()
239:AOR:-(int,int):/(int,int):org.apache.commons.lang3.StringUtils@indexOfIgnoreCase(java.lang.String,java.lang.String,int):997:39585:str.length() - searchStr.length() |==> str.length() / searchStr.length()
240:LVR:POS:0:org.apache.commons.lang3.StringUtils@indexOfIgnoreCase(java.lang.String,java.lang.String,int):997:39622:1 |==> 0
241:LVR:POS:NEG:org.apache.commons.lang3.StringUtils@indexOfIgnoreCase(java.lang.String,java.lang.String,int):997:39622:1 |==> -1
242:AOR:+(int,int):%(int,int):org.apache.commons.lang3.StringUtils@indexOfIgnoreCase(java.lang.String,java.lang.String,int):997:39584:(str.length() - searchStr.length()) + 1 |==> (str.length() - searchStr.length()) % 1
243:AOR:+(int,int):*(int,int):org.apache.commons.lang3.StringUtils@indexOfIgnoreCase(java.lang.String,java.lang.String,int):997:39584:(str.length() - searchStr.length()) + 1 |==> (str.length() - searchStr.length()) * 1
244:AOR:+(int,int):-(int,int):org.apache.commons.lang3.StringUtils@indexOfIgnoreCase(java.lang.String,java.lang.String,int):997:39584:(str.length() - searchStr.length()) + 1 |==> (str.length() - searchStr.length()) - 1
245:AOR:+(int,int):/(int,int):org.apache.commons.lang3.StringUtils@indexOfIgnoreCase(java.lang.String,java.lang.String,int):997:39584:(str.length() - searchStr.length()) + 1 |==> (str.length() - searchStr.length()) / 1
246:ROR:>(int,int):!=(int,int):org.apache.commons.lang3.StringUtils@indexOfIgnoreCase(java.lang.String,java.lang.String,int):998:39637:startPos > endLimit |==> startPos != endLimit
247:ROR:>(int,int):>=(int,int):org.apache.commons.lang3.StringUtils@indexOfIgnoreCase(java.lang.String,java.lang.String,int):998:39637:startPos > endLimit |==> startPos >= endLimit
248:ROR:>(int,int):FALSE(int,int):org.apache.commons.lang3.StringUtils@indexOfIgnoreCase(java.lang.String,java.lang.String,int):998:39646:startPos > endLimit |==> false
249:LVR:0:POS:org.apache.commons.lang3.StringUtils@indexOfIgnoreCase(java.lang.String,java.lang.String,int):1001:39740:0 |==> 1
250:LVR:0:NEG:org.apache.commons.lang3.StringUtils@indexOfIgnoreCase(java.lang.String,java.lang.String,int):1001:39740:0 |==> -1
251:ROR:==(int,int):>=(int,int):org.apache.commons.lang3.StringUtils@indexOfIgnoreCase(java.lang.String,java.lang.String,int):1001:39718:searchStr.length() == 0 |==> searchStr.length() >= 0
252:ROR:==(int,int):FALSE(int,int):org.apache.commons.lang3.StringUtils@indexOfIgnoreCase(java.lang.String,java.lang.String,int):1001:39737:searchStr.length() == 0 |==> false
253:ROR:<(int,int):!=(int,int):org.apache.commons.lang3.StringUtils@indexOfIgnoreCase(java.lang.String,java.lang.String,int):1004:39815:i < endLimit |==> i != endLimit
254:ROR:<(int,int):<=(int,int):org.apache.commons.lang3.StringUtils@indexOfIgnoreCase(java.lang.String,java.lang.String,int):1004:39815:i < endLimit |==> i <= endLimit
255:ROR:<(int,int):FALSE(int,int):org.apache.commons.lang3.StringUtils@indexOfIgnoreCase(java.lang.String,java.lang.String,int):1004:39817:i < endLimit |==> false
256:LVR:TRUE:FALSE:org.apache.commons.lang3.StringUtils@indexOfIgnoreCase(java.lang.String,java.lang.String,int):1005:39870:true |==> false
257:LVR:0:POS:org.apache.commons.lang3.StringUtils@indexOfIgnoreCase(java.lang.String,java.lang.String,int):1005:39890:0 |==> 1
258:LVR:0:NEG:org.apache.commons.lang3.StringUtils@indexOfIgnoreCase(java.lang.String,java.lang.String,int):1005:39890:0 |==> -1
259:COR:<METHOD_INVOCATION(boolean)>:FALSE:org.apache.commons.lang3.StringUtils@indexOfIgnoreCase(java.lang.String,java.lang.String,int):1005:39869:str.regionMatches(true, i, searchStr, 0, searchStr.length()) |==> false
260:COR:<METHOD_INVOCATION(boolean)>:TRUE:org.apache.commons.lang3.StringUtils@indexOfIgnoreCase(java.lang.String,java.lang.String,int):1005:39869:str.regionMatches(true, i, searchStr, 0, searchStr.length()) |==> true
261:COR:<METHOD_INVOCATION(boolean)>:FALSE:org.apache.commons.lang3.StringUtils@lastIndexOf(java.lang.String,char):1034:40911:isEmpty(str) |==> false
262:COR:<METHOD_INVOCATION(boolean)>:TRUE:org.apache.commons.lang3.StringUtils@lastIndexOf(java.lang.String,char):1034:40911:isEmpty(str) |==> true
263:COR:<METHOD_INVOCATION(boolean)>:FALSE:org.apache.commons.lang3.StringUtils@lastIndexOf(java.lang.String,char,int):1068:42299:isEmpty(str) |==> false
264:COR:<METHOD_INVOCATION(boolean)>:TRUE:org.apache.commons.lang3.StringUtils@lastIndexOf(java.lang.String,char,int):1068:42299:isEmpty(str) |==> true
265:ROR:==(java.lang.Object,java.lang.Object):FALSE(java.lang.Object,java.lang.Object):org.apache.commons.lang3.StringUtils@lastIndexOf(java.lang.String,java.lang.String):1097:43380:str == null |==> false
266:ROR:==(java.lang.Object,java.lang.Object):FALSE(java.lang.Object,java.lang.Object):org.apache.commons.lang3.StringUtils@lastIndexOf(java.lang.String,java.lang.String):1097:43401:searchStr == null |==> false
267:COR:||(boolean,boolean):!=(boolean,boolean):org.apache.commons.lang3.StringUtils@lastIndexOf(java.lang.String,java.lang.String):1097:43376:str == null || searchStr == null |==> str == null != (searchStr == null)
268:COR:||(boolean,boolean):LHS(boolean,boolean):org.apache.commons.lang3.StringUtils@lastIndexOf(java.lang.String,java.lang.String):1097:43376:str == null || searchStr == null |==> str == null
269:COR:||(boolean,boolean):RHS(boolean,boolean):org.apache.commons.lang3.StringUtils@lastIndexOf(java.lang.String,java.lang.String):1097:43391:str == null || searchStr == null |==> searchStr == null
270:COR:||(boolean,boolean):TRUE(boolean,boolean):org.apache.commons.lang3.StringUtils@lastIndexOf(java.lang.String,java.lang.String):1097:43388:str == null || searchStr == null |==> true
271:LVR:TRUE:FALSE:org.apache.commons.lang3.StringUtils@lastOrdinalIndexOf(java.lang.String,java.lang.String,int):1137:45152:true |==> false
272:ROR:==(java.lang.Object,java.lang.Object):FALSE(java.lang.Object,java.lang.Object):org.apache.commons.lang3.StringUtils@lastIndexOf(java.lang.String,java.lang.String,int):1169:46585:str == null |==> false
273:ROR:==(java.lang.Object,java.lang.Object):FALSE(java.lang.Object,java.lang.Object):org.apache.commons.lang3.StringUtils@lastIndexOf(java.lang.String,java.lang.String,int):1169:46606:searchStr == null |==> false
274:COR:||(boolean,boolean):!=(boolean,boolean):org.apache.commons.lang3.StringUtils@lastIndexOf(java.lang.String,java.lang.String,int):1169:46581:str == null || searchStr == null |==> str == null != (searchStr == null)
275:COR:||(boolean,boolean):LHS(boolean,boolean):org.apache.commons.lang3.StringUtils@lastIndexOf(java.lang.String,java.lang.String,int):1169:46581:str == null || searchStr == null |==> str == null
276:COR:||(boolean,boolean):RHS(boolean,boolean):org.apache.commons.lang3.StringUtils@lastIndexOf(java.lang.String,java.lang.String,int):1169:46596:str == null || searchStr == null |==> searchStr == null
277:COR:||(boolean,boolean):TRUE(boolean,boolean):org.apache.commons.lang3.StringUtils@lastIndexOf(java.lang.String,java.lang.String,int):1169:46593:str == null || searchStr == null |==> true
278:ROR:==(java.lang.Object,java.lang.Object):FALSE(java.lang.Object,java.lang.Object):org.apache.commons.lang3.StringUtils@lastIndexOfIgnoreCase(java.lang.String,java.lang.String):1198:47804:str == null |==> false
279:ROR:==(java.lang.Object,java.lang.Object):FALSE(java.lang.Object,java.lang.Object):org.apache.commons.lang3.StringUtils@lastIndexOfIgnoreCase(java.lang.String,java.lang.String):1198:47825:searchStr == null |==> false
280:COR:||(boolean,boolean):!=(boolean,boolean):org.apache.commons.lang3.StringUtils@lastIndexOfIgnoreCase(java.lang.String,java.lang.String):1198:47800:str == null || searchStr == null |==> str == null != (searchStr == null)
281:COR:||(boolean,boolean):LHS(boolean,boolean):org.apache.commons.lang3.StringUtils@lastIndexOfIgnoreCase(java.lang.String,java.lang.String):1198:47800:str == null || searchStr == null |==> str == null
282:COR:||(boolean,boolean):RHS(boolean,boolean):org.apache.commons.lang3.StringUtils@lastIndexOfIgnoreCase(java.lang.String,java.lang.String):1198:47815:str == null || searchStr == null |==> searchStr == null
283:COR:||(boolean,boolean):TRUE(boolean,boolean):org.apache.commons.lang3.StringUtils@lastIndexOfIgnoreCase(java.lang.String,java.lang.String):1198:47812:str == null || searchStr == null |==> true
284:ROR:==(java.lang.Object,java.lang.Object):FALSE(java.lang.Object,java.lang.Object):org.apache.commons.lang3.StringUtils@lastIndexOfIgnoreCase(java.lang.String,java.lang.String,int):1233:49411:str == null |==> false
285:ROR:==(java.lang.Object,java.lang.Object):FALSE(java.lang.Object,java.lang.Object):org.apache.commons.lang3.StringUtils@lastIndexOfIgnoreCase(java.lang.String,java.lang.String,int):1233:49432:searchStr == null |==> false
286:COR:||(boolean,boolean):!=(boolean,boolean):org.apache.commons.lang3.StringUtils@lastIndexOfIgnoreCase(java.lang.String,java.lang.String,int):1233:49407:str == null || searchStr == null |==> str == null != (searchStr == null)
287:COR:||(boolean,boolean):LHS(boolean,boolean):org.apache.commons.lang3.StringUtils@lastIndexOfIgnoreCase(java.lang.String,java.lang.String,int):1233:49407:str == null || searchStr == null |==> str == null
288:COR:||(boolean,boolean):RHS(boolean,boolean):org.apache.commons.lang3.StringUtils@lastIndexOfIgnoreCase(java.lang.String,java.lang.String,int):1233:49422:str == null || searchStr == null |==> searchStr == null
289:COR:||(boolean,boolean):TRUE(boolean,boolean):org.apache.commons.lang3.StringUtils@lastIndexOfIgnoreCase(java.lang.String,java.lang.String,int):1233:49419:str == null || searchStr == null |==> true
290:AOR:-(int,int):%(int,int):org.apache.commons.lang3.StringUtils@lastIndexOfIgnoreCase(java.lang.String,java.lang.String,int):1236:49513:str.length() - searchStr.length() |==> str.length() % searchStr.length()
291:AOR:-(int,int):*(int,int):org.apache.commons.lang3.StringUtils@lastIndexOfIgnoreCase(java.lang.String,java.lang.String,int):1236:49513:str.length() - searchStr.length() |==> str.length() * searchStr.length()
292:AOR:-(int,int):+(int,int):org.apache.commons.lang3.StringUtils@lastIndexOfIgnoreCase(java.lang.String,java.lang.String,int):1236:49513:str.length() - searchStr.length() |==> str.length() + searchStr.length()
293:AOR:-(int,int):/(int,int):org.apache.commons.lang3.StringUtils@lastIndexOfIgnoreCase(java.lang.String,java.lang.String,int):1236:49513:str.length() - searchStr.length() |==> str.length() / searchStr.length()
294:ROR:>(int,int):!=(int,int):org.apache.commons.lang3.StringUtils@lastIndexOfIgnoreCase(java.lang.String,java.lang.String,int):1236:49501:startPos > (str.length() - searchStr.length()) |==> startPos != (str.length() - searchStr.length())
295:ROR:>(int,int):>=(int,int):org.apache.commons.lang3.StringUtils@lastIndexOfIgnoreCase(java.lang.String,java.lang.String,int):1236:49501:startPos > (str.length() - searchStr.length()) |==> startPos >= (str.length() - searchStr.length())
296:ROR:>(int,int):FALSE(int,int):org.apache.commons.lang3.StringUtils@lastIndexOfIgnoreCase(java.lang.String,java.lang.String,int):1236:49510:startPos > (str.length() - searchStr.length()) |==> false
297:AOR:-(int,int):%(int,int):org.apache.commons.lang3.StringUtils@lastIndexOfIgnoreCase(java.lang.String,java.lang.String,int):1237:49574:str.length() - searchStr.length() |==> str.length() % searchStr.length()
298:AOR:-(int,int):*(int,int):org.apache.commons.lang3.StringUtils@lastIndexOfIgnoreCase(java.lang.String,java.lang.String,int):1237:49574:str.length() - searchStr.length() |==> str.length() * searchStr.length()
299:AOR:-(int,int):+(int,int):org.apache.commons.lang3.StringUtils@lastIndexOfIgnoreCase(java.lang.String,java.lang.String,int):1237:49574:str.length() - searchStr.length() |==> str.length() + searchStr.length()
300:AOR:-(int,int):/(int,int):org.apache.commons.lang3.StringUtils@lastIndexOfIgnoreCase(java.lang.String,java.lang.String,int):1237:49574:str.length() - searchStr.length() |==> str.length() / searchStr.length()
301:STD:<ASSIGN>:<NO-OP>:org.apache.commons.lang3.StringUtils@lastIndexOfIgnoreCase(java.lang.String,java.lang.String,int):1237:49563:startPos = str.length() - searchStr.length(); |==> <NO-OP>
302:LVR:0:POS:org.apache.commons.lang3.StringUtils@lastIndexOfIgnoreCase(java.lang.String,java.lang.String,int):1239:49642:0 |==> 1
303:LVR:0:NEG:org.apache.commons.lang3.StringUtils@lastIndexOfIgnoreCase(java.lang.String,java.lang.String,int):1239:49642:0 |==> -1
304:ROR:<(int,int):!=(int,int):org.apache.commons.lang3.StringUtils@lastIndexOfIgnoreCase(java.lang.String,java.lang.String,int):1239:49631:startPos < 0 |==> startPos != 0
305:ROR:<(int,int):<=(int,int):org.apache.commons.lang3.StringUtils@lastIndexOfIgnoreCase(java.lang.String,java.lang.String,int):1239:49631:startPos < 0 |==> startPos <= 0
306:ROR:<(int,int):FALSE(int,int):org.apache.commons.lang3.StringUtils@lastIndexOfIgnoreCase(java.lang.String,java.lang.String,int):1239:49640:startPos < 0 |==> false
307:LVR:0:POS:org.apache.commons.lang3.StringUtils@lastIndexOfIgnoreCase(java.lang.String,java.lang.String,int):1242:49727:0 |==> 1
308:LVR:0:NEG:org.apache.commons.lang3.StringUtils@lastIndexOfIgnoreCase(java.lang.String,java.lang.String,int):1242:49727:0 |==> -1
309:ROR:==(int,int):>=(int,int):org.apache.commons.lang3.StringUtils@lastIndexOfIgnoreCase(java.lang.String,java.lang.String,int):1242:49705:searchStr.length() == 0 |==> searchStr.length() >= 0
310:ROR:==(int,int):FALSE(int,int):org.apache.commons.lang3.StringUtils@lastIndexOfIgnoreCase(java.lang.String,java.lang.String,int):1242:49724:searchStr.length() == 0 |==> false
311:LVR:0:POS:org.apache.commons.lang3.StringUtils@lastIndexOfIgnoreCase(java.lang.String,java.lang.String,int):1246:49808:0 |==> 1
312:LVR:0:NEG:org.apache.commons.lang3.StringUtils@lastIndexOfIgnoreCase(java.lang.String,java.lang.String,int):1246:49808:0 |==> -1
313:ROR:>=(int,int):==(int,int):org.apache.commons.lang3.StringUtils@lastIndexOfIgnoreCase(java.lang.String,java.lang.String,int):1246:49803:i >= 0 |==> i == 0
314:ROR:>=(int,int):>(int,int):org.apache.commons.lang3.StringUtils@lastIndexOfIgnoreCase(java.lang.String,java.lang.String,int):1246:49803:i >= 0 |==> i > 0
315:ROR:>=(int,int):TRUE(int,int):org.apache.commons.lang3.StringUtils@lastIndexOfIgnoreCase(java.lang.String,java.lang.String,int):1246:49805:i >= 0 |==> true
316:LVR:TRUE:FALSE:org.apache.commons.lang3.StringUtils@lastIndexOfIgnoreCase(java.lang.String,java.lang.String,int):1247:49852:true |==> false
317:LVR:0:POS:org.apache.commons.lang3.StringUtils@lastIndexOfIgnoreCase(java.lang.String,java.lang.String,int):1247:49872:0 |==> 1
318:LVR:0:NEG:org.apache.commons.lang3.StringUtils@lastIndexOfIgnoreCase(java.lang.String,java.lang.String,int):1247:49872:0 |==> -1
319:COR:<METHOD_INVOCATION(boolean)>:FALSE:org.apache.commons.lang3.StringUtils@lastIndexOfIgnoreCase(java.lang.String,java.lang.String,int):1247:49851:str.regionMatches(true, i, searchStr, 0, searchStr.length()) |==> false
320:COR:<METHOD_INVOCATION(boolean)>:TRUE:org.apache.commons.lang3.StringUtils@lastIndexOfIgnoreCase(java.lang.String,java.lang.String,int):1247:49851:str.regionMatches(true, i, searchStr, 0, searchStr.length()) |==> true
321:COR:<METHOD_INVOCATION(boolean)>:FALSE:org.apache.commons.lang3.StringUtils@contains(java.lang.String,char):1276:50887:isEmpty(str) |==> false
322:COR:<METHOD_INVOCATION(boolean)>:TRUE:org.apache.commons.lang3.StringUtils@contains(java.lang.String,char):1276:50887:isEmpty(str) |==> true
323:LVR:FALSE:TRUE:org.apache.commons.lang3.StringUtils@contains(java.lang.String,char):1277:50915:false |==> true
324:LVR:0:POS:org.apache.commons.lang3.StringUtils@contains(java.lang.String,char):1279:50974:0 |==> 1
325:LVR:0:NEG:org.apache.commons.lang3.StringUtils@contains(java.lang.String,char):1279:50974:0 |==> -1
326:ROR:>=(int,int):==(int,int):org.apache.commons.lang3.StringUtils@contains(java.lang.String,char):1279:50947:str.indexOf(searchChar) >= 0 |==> str.indexOf(searchChar) == 0
327:ROR:>=(int,int):>(int,int):org.apache.commons.lang3.StringUtils@contains(java.lang.String,char):1279:50947:str.indexOf(searchChar) >= 0 |==> str.indexOf(searchChar) > 0
328:ROR:>=(int,int):TRUE(int,int):org.apache.commons.lang3.StringUtils@contains(java.lang.String,char):1279:50971:str.indexOf(searchChar) >= 0 |==> true
329:ROR:==(java.lang.Object,java.lang.Object):FALSE(java.lang.Object,java.lang.Object):org.apache.commons.lang3.StringUtils@contains(java.lang.String,java.lang.String):1304:51880:str == null |==> false
330:ROR:==(java.lang.Object,java.lang.Object):FALSE(java.lang.Object,java.lang.Object):org.apache.commons.lang3.StringUtils@contains(java.lang.String,java.lang.String):1304:51901:searchStr == null |==> false
331:COR:||(boolean,boolean):!=(boolean,boolean):org.apache.commons.lang3.StringUtils@contains(java.lang.String,java.lang.String):1304:51876:str == null || searchStr == null |==> str == null != (searchStr == null)
332:COR:||(boolean,boolean):LHS(boolean,boolean):org.apache.commons.lang3.StringUtils@contains(java.lang.String,java.lang.String):1304:51876:str == null || searchStr == null |==> str == null
333:COR:||(boolean,boolean):RHS(boolean,boolean):org.apache.commons.lang3.StringUtils@contains(java.lang.String,java.lang.String):1304:51891:str == null || searchStr == null |==> searchStr == null
334:COR:||(boolean,boolean):TRUE(boolean,boolean):org.apache.commons.lang3.StringUtils@contains(java.lang.String,java.lang.String):1304:51888:str == null || searchStr == null |==> true
335:LVR:FALSE:TRUE:org.apache.commons.lang3.StringUtils@contains(java.lang.String,java.lang.String):1305:51931:false |==> true
336:LVR:0:POS:org.apache.commons.lang3.StringUtils@contains(java.lang.String,java.lang.String):1307:51989:0 |==> 1
337:LVR:0:NEG:org.apache.commons.lang3.StringUtils@contains(java.lang.String,java.lang.String):1307:51989:0 |==> -1
338:ROR:>=(int,int):==(int,int):org.apache.commons.lang3.StringUtils@contains(java.lang.String,java.lang.String):1307:51963:str.indexOf(searchStr) >= 0 |==> str.indexOf(searchStr) == 0
339:ROR:>=(int,int):>(int,int):org.apache.commons.lang3.StringUtils@contains(java.lang.String,java.lang.String):1307:51963:str.indexOf(searchStr) >= 0 |==> str.indexOf(searchStr) > 0
340:ROR:>=(int,int):TRUE(int,int):org.apache.commons.lang3.StringUtils@contains(java.lang.String,java.lang.String):1307:51986:str.indexOf(searchStr) >= 0 |==> true
341:ROR:==(java.lang.Object,java.lang.Object):FALSE(java.lang.Object,java.lang.Object):org.apache.commons.lang3.StringUtils@containsIgnoreCase(java.lang.String,java.lang.String):1334:53039:str == null |==> false
342:ROR:==(java.lang.Object,java.lang.Object):FALSE(java.lang.Object,java.lang.Object):org.apache.commons.lang3.StringUtils@containsIgnoreCase(java.lang.String,java.lang.String):1334:53060:searchStr == null |==> false
343:COR:||(boolean,boolean):!=(boolean,boolean):org.apache.commons.lang3.StringUtils@containsIgnoreCase(java.lang.String,java.lang.String):1334:53035:str == null || searchStr == null |==> str == null != (searchStr == null)
344:COR:||(boolean,boolean):LHS(boolean,boolean):org.apache.commons.lang3.StringUtils@containsIgnoreCase(java.lang.String,java.lang.String):1334:53035:str == null || searchStr == null |==> str == null
345:COR:||(boolean,boolean):RHS(boolean,boolean):org.apache.commons.lang3.StringUtils@containsIgnoreCase(java.lang.String,java.lang.String):1334:53050:str == null || searchStr == null |==> searchStr == null
346:COR:||(boolean,boolean):TRUE(boolean,boolean):org.apache.commons.lang3.StringUtils@containsIgnoreCase(java.lang.String,java.lang.String):1334:53047:str == null || searchStr == null |==> true
347:LVR:FALSE:TRUE:org.apache.commons.lang3.StringUtils@containsIgnoreCase(java.lang.String,java.lang.String):1335:53090:false |==> true
348:AOR:-(int,int):%(int,int):org.apache.commons.lang3.StringUtils@containsIgnoreCase(java.lang.String,java.lang.String):1338:53163:str.length() - len |==> str.length() % len
349:AOR:-(int,int):*(int,int):org.apache.commons.lang3.StringUtils@containsIgnoreCase(java.lang.String,java.lang.String):1338:53163:str.length() - len |==> str.length() * len
350:AOR:-(int,int):+(int,int):org.apache.commons.lang3.StringUtils@containsIgnoreCase(java.lang.String,java.lang.String):1338:53163:str.length() - len |==> str.length() + len
351:AOR:-(int,int):/(int,int):org.apache.commons.lang3.StringUtils@containsIgnoreCase(java.lang.String,java.lang.String):1338:53163:str.length() - len |==> str.length() / len
352:LVR:0:POS:org.apache.commons.lang3.StringUtils@containsIgnoreCase(java.lang.String,java.lang.String):1339:53204:0 |==> 1
353:LVR:0:NEG:org.apache.commons.lang3.StringUtils@containsIgnoreCase(java.lang.String,java.lang.String):1339:53204:0 |==> -1
354:ROR:<=(int,int):<(int,int):org.apache.commons.lang3.StringUtils@containsIgnoreCase(java.lang.String,java.lang.String):1339:53207:i <= max |==> i < max
355:ROR:<=(int,int):==(int,int):org.apache.commons.lang3.StringUtils@containsIgnoreCase(java.lang.String,java.lang.String):1339:53207:i <= max |==> i == max
356:ROR:<=(int,int):TRUE(int,int):org.apache.commons.lang3.StringUtils@containsIgnoreCase(java.lang.String,java.lang.String):1339:53209:i <= max |==> true
357:LVR:TRUE:FALSE:org.apache.commons.lang3.StringUtils@containsIgnoreCase(java.lang.String,java.lang.String):1340:53258:true |==> false
358:LVR:0:POS:org.apache.commons.lang3.StringUtils@containsIgnoreCase(java.lang.String,java.lang.String):1340:53278:0 |==> 1
359:LVR:0:NEG:org.apache.commons.lang3.StringUtils@containsIgnoreCase(java.lang.String,java.lang.String):1340:53278:0 |==> -1
360:COR:<METHOD_INVOCATION(boolean)>:FALSE:org.apache.commons.lang3.StringUtils@containsIgnoreCase(java.lang.String,java.lang.String):1340:53257:str.regionMatches(true, i, searchStr, 0, len) |==> false
361:COR:<METHOD_INVOCATION(boolean)>:TRUE:org.apache.commons.lang3.StringUtils@containsIgnoreCase(java.lang.String,java.lang.String):1340:53257:str.regionMatches(true, i, searchStr, 0, len) |==> true
362:LVR:TRUE:FALSE:org.apache.commons.lang3.StringUtils@containsIgnoreCase(java.lang.String,java.lang.String):1341:53312:true |==> false
363:LVR:FALSE:TRUE:org.apache.commons.lang3.StringUtils@containsIgnoreCase(java.lang.String,java.lang.String):1344:53357:false |==> true
364:COR:||(boolean,boolean):!=(boolean,boolean):org.apache.commons.lang3.StringUtils@indexOfAny(java.lang.CharSequence,char[]):1372:54516:isEmpty(cs) || ArrayUtils.isEmpty(searchChars) |==> isEmpty(cs) != ArrayUtils.isEmpty(searchChars)
365:COR:||(boolean,boolean):LHS(boolean,boolean):org.apache.commons.lang3.StringUtils@indexOfAny(java.lang.CharSequence,char[]):1372:54516:isEmpty(cs) || ArrayUtils.isEmpty(searchChars) |==> isEmpty(cs)
366:COR:||(boolean,boolean):RHS(boolean,boolean):org.apache.commons.lang3.StringUtils@indexOfAny(java.lang.CharSequence,char[]):1372:54531:isEmpty(cs) || ArrayUtils.isEmpty(searchChars) |==> ArrayUtils.isEmpty(searchChars)
367:COR:||(boolean,boolean):TRUE(boolean,boolean):org.apache.commons.lang3.StringUtils@indexOfAny(java.lang.CharSequence,char[]):1372:54528:isEmpty(cs) || ArrayUtils.isEmpty(searchChars) |==> true
368:LVR:POS:0:org.apache.commons.lang3.StringUtils@indexOfAny(java.lang.CharSequence,char[]):1376:54674:1 |==> 0
369:LVR:POS:NEG:org.apache.commons.lang3.StringUtils@indexOfAny(java.lang.CharSequence,char[]):1376:54674:1 |==> -1
370:AOR:-(int,int):%(int,int):org.apache.commons.lang3.StringUtils@indexOfAny(java.lang.CharSequence,char[]):1376:54666:csLen - 1 |==> csLen % 1
371:AOR:-(int,int):*(int,int):org.apache.commons.lang3.StringUtils@indexOfAny(java.lang.CharSequence,char[]):1376:54666:csLen - 1 |==> csLen * 1
372:AOR:-(int,int):+(int,int):org.apache.commons.lang3.StringUtils@indexOfAny(java.lang.CharSequence,char[]):1376:54666:csLen - 1 |==> csLen + 1
373:AOR:-(int,int):/(int,int):org.apache.commons.lang3.StringUtils@indexOfAny(java.lang.CharSequence,char[]):1376:54666:csLen - 1 |==> csLen / 1
374:LVR:POS:0:org.apache.commons.lang3.StringUtils@indexOfAny(java.lang.CharSequence,char[]):1378:54758:1 |==> 0
375:LVR:POS:NEG:org.apache.commons.lang3.StringUtils@indexOfAny(java.lang.CharSequence,char[]):1378:54758:1 |==> -1
376:AOR:-(int,int):%(int,int):org.apache.commons.lang3.StringUtils@indexOfAny(java.lang.CharSequence,char[]):1378:54746:searchLen - 1 |==> searchLen % 1
377:AOR:-(int,int):*(int,int):org.apache.commons.lang3.StringUtils@indexOfAny(java.lang.CharSequence,char[]):1378:54746:searchLen - 1 |==> searchLen * 1
378:AOR:-(int,int):+(int,int):org.apache.commons.lang3.StringUtils@indexOfAny(java.lang.CharSequence,char[]):1378:54746:searchLen - 1 |==> searchLen + 1
379:AOR:-(int,int):/(int,int):org.apache.commons.lang3.StringUtils@indexOfAny(java.lang.CharSequence,char[]):1378:54746:searchLen - 1 |==> searchLen / 1
380:LVR:0:POS:org.apache.commons.lang3.StringUtils@indexOfAny(java.lang.CharSequence,char[]):1379:54782:0 |==> 1
381:LVR:0:NEG:org.apache.commons.lang3.StringUtils@indexOfAny(java.lang.CharSequence,char[]):1379:54782:0 |==> -1
382:ROR:<(int,int):!=(int,int):org.apache.commons.lang3.StringUtils@indexOfAny(java.lang.CharSequence,char[]):1379:54785:i < csLen |==> i != csLen
383:ROR:<(int,int):<=(int,int):org.apache.commons.lang3.StringUtils@indexOfAny(java.lang.CharSequence,char[]):1379:54785:i < csLen |==> i <= csLen
384:ROR:<(int,int):FALSE(int,int):org.apache.commons.lang3.StringUtils@indexOfAny(java.lang.CharSequence,char[]):1379:54787:i < csLen |==> false
385:LVR:0:POS:org.apache.commons.lang3.StringUtils@indexOfAny(java.lang.CharSequence,char[]):1381:54864:0 |==> 1
386:LVR:0:NEG:org.apache.commons.lang3.StringUtils@indexOfAny(java.lang.CharSequence,char[]):1381:54864:0 |==> -1
387:ROR:<(int,int):!=(int,int):org.apache.commons.lang3.StringUtils@indexOfAny(java.lang.CharSequence,char[]):1381:54867:j < searchLen |==> j != searchLen
388:ROR:<(int,int):<=(int,int):org.apache.commons.lang3.StringUtils@indexOfAny(java.lang.CharSequence,char[]):1381:54867:j < searchLen |==> j <= searchLen
389:ROR:<(int,int):FALSE(int,int):org.apache.commons.lang3.StringUtils@indexOfAny(java.lang.CharSequence,char[]):1381:54869:j < searchLen |==> false
390:ROR:==(int,int):<=(int,int):org.apache.commons.lang3.StringUtils@indexOfAny(java.lang.CharSequence,char[]):1382:54909:searchChars[j] == ch |==> searchChars[j] <= ch
391:ROR:==(int,int):>=(int,int):org.apache.commons.lang3.StringUtils@indexOfAny(java.lang.CharSequence,char[]):1382:54909:searchChars[j] == ch |==> searchChars[j] >= ch
392:ROR:==(int,int):FALSE(int,int):org.apache.commons.lang3.StringUtils@indexOfAny(java.lang.CharSequence,char[]):1382:54924:searchChars[j] == ch |==> false
393:ROR:<(int,int):!=(int,int):org.apache.commons.lang3.StringUtils@indexOfAny(java.lang.CharSequence,char[]):1383:54957:i < csLast |==> i != csLast
394:ROR:<(int,int):<=(int,int):org.apache.commons.lang3.StringUtils@indexOfAny(java.lang.CharSequence,char[]):1383:54957:i < csLast |==> i <= csLast
395:ROR:<(int,int):FALSE(int,int):org.apache.commons.lang3.StringUtils@indexOfAny(java.lang.CharSequence,char[]):1383:54959:i < csLast |==> false
396:ROR:<(int,int):!=(int,int):org.apache.commons.lang3.StringUtils@indexOfAny(java.lang.CharSequence,char[]):1383:54971:j < searchLast |==> j != searchLast
397:ROR:<(int,int):<=(int,int):org.apache.commons.lang3.StringUtils@indexOfAny(java.lang.CharSequence,char[]):1383:54971:j < searchLast |==> j <= searchLast
398:ROR:<(int,int):FALSE(int,int):org.apache.commons.lang3.StringUtils@indexOfAny(java.lang.CharSequence,char[]):1383:54973:j < searchLast |==> false
399:COR:&&(boolean,boolean):==(boolean,boolean):org.apache.commons.lang3.StringUtils@indexOfAny(java.lang.CharSequence,char[]):1383:54957:i < csLast && j < searchLast |==> i < csLast == j < searchLast
400:COR:&&(boolean,boolean):FALSE(boolean,boolean):org.apache.commons.lang3.StringUtils@indexOfAny(java.lang.CharSequence,char[]):1383:54968:i < csLast && j < searchLast |==> false
401:COR:&&(boolean,boolean):LHS(boolean,boolean):org.apache.commons.lang3.StringUtils@indexOfAny(java.lang.CharSequence,char[]):1383:54957:i < csLast && j < searchLast |==> i < csLast
402:COR:&&(boolean,boolean):RHS(boolean,boolean):org.apache.commons.lang3.StringUtils@indexOfAny(java.lang.CharSequence,char[]):1383:54971:i < csLast && j < searchLast |==> j < searchLast
403:COR:&&(boolean,boolean):==(boolean,boolean):org.apache.commons.lang3.StringUtils@indexOfAny(java.lang.CharSequence,char[]):1383:54957:i < csLast && j < searchLast && Character.isHighSurrogate(ch) |==> (i < csLast && j < searchLast) == Character.isHighSurrogate(ch)
404:COR:&&(boolean,boolean):FALSE(boolean,boolean):org.apache.commons.lang3.StringUtils@indexOfAny(java.lang.CharSequence,char[]):1383:54986:i < csLast && j < searchLast && Character.isHighSurrogate(ch) |==> false
405:COR:&&(boolean,boolean):LHS(boolean,boolean):org.apache.commons.lang3.StringUtils@indexOfAny(java.lang.CharSequence,char[]):1383:54957:i < csLast && j < searchLast && Character.isHighSurrogate(ch) |==> i < csLast && j < searchLast
406:COR:&&(boolean,boolean):RHS(boolean,boolean):org.apache.commons.lang3.StringUtils@indexOfAny(java.lang.CharSequence,char[]):1383:54989:i < csLast && j < searchLast && Character.isHighSurrogate(ch) |==> Character.isHighSurrogate(ch)
407:LVR:POS:0:org.apache.commons.lang3.StringUtils@indexOfAny(java.lang.CharSequence,char[]):1385:55125:1 |==> 0
408:LVR:POS:NEG:org.apache.commons.lang3.StringUtils@indexOfAny(java.lang.CharSequence,char[]):1385:55125:1 |==> -1
409:AOR:+(int,int):%(int,int):org.apache.commons.lang3.StringUtils@indexOfAny(java.lang.CharSequence,char[]):1385:55121:j + 1 |==> j % 1
410:AOR:+(int,int):*(int,int):org.apache.commons.lang3.StringUtils@indexOfAny(java.lang.CharSequence,char[]):1385:55121:j + 1 |==> j * 1
411:AOR:+(int,int):-(int,int):org.apache.commons.lang3.StringUtils@indexOfAny(java.lang.CharSequence,char[]):1385:55121:j + 1 |==> j - 1
412:AOR:+(int,int):/(int,int):org.apache.commons.lang3.StringUtils@indexOfAny(java.lang.CharSequence,char[]):1385:55121:j + 1 |==> j / 1
413:LVR:POS:0:org.apache.commons.lang3.StringUtils@indexOfAny(java.lang.CharSequence,char[]):1385:55145:1 |==> 0
414:LVR:POS:NEG:org.apache.commons.lang3.StringUtils@indexOfAny(java.lang.CharSequence,char[]):1385:55145:1 |==> -1
415:AOR:+(int,int):%(int,int):org.apache.commons.lang3.StringUtils@indexOfAny(java.lang.CharSequence,char[]):1385:55141:i + 1 |==> i % 1
416:AOR:+(int,int):*(int,int):org.apache.commons.lang3.StringUtils@indexOfAny(java.lang.CharSequence,char[]):1385:55141:i + 1 |==> i * 1
417:AOR:+(int,int):-(int,int):org.apache.commons.lang3.StringUtils@indexOfAny(java.lang.CharSequence,char[]):1385:55141:i + 1 |==> i - 1
418:AOR:+(int,int):/(int,int):org.apache.commons.lang3.StringUtils@indexOfAny(java.lang.CharSequence,char[]):1385:55141:i + 1 |==> i / 1
419:ROR:==(int,int):<=(int,int):org.apache.commons.lang3.StringUtils@indexOfAny(java.lang.CharSequence,char[]):1385:55109:searchChars[j + 1] == cs.charAt(i + 1) |==> searchChars[j + 1] <= cs.charAt(i + 1)
420:ROR:==(int,int):>=(int,int):org.apache.commons.lang3.StringUtils@indexOfAny(java.lang.CharSequence,char[]):1385:55109:searchChars[j + 1] == cs.charAt(i + 1) |==> searchChars[j + 1] >= cs.charAt(i + 1)
421:ROR:==(int,int):FALSE(int,int):org.apache.commons.lang3.StringUtils@indexOfAny(java.lang.CharSequence,char[]):1385:55128:searchChars[j + 1] == cs.charAt(i + 1) |==> false
422:COR:||(boolean,boolean):!=(boolean,boolean):org.apache.commons.lang3.StringUtils@indexOfAny(java.lang.CharSequence,java.lang.String):1420:56382:isEmpty(cs) || isEmpty(searchChars) |==> isEmpty(cs) != isEmpty(searchChars)
423:COR:||(boolean,boolean):LHS(boolean,boolean):org.apache.commons.lang3.StringUtils@indexOfAny(java.lang.CharSequence,java.lang.String):1420:56382:isEmpty(cs) || isEmpty(searchChars) |==> isEmpty(cs)
424:COR:||(boolean,boolean):RHS(boolean,boolean):org.apache.commons.lang3.StringUtils@indexOfAny(java.lang.CharSequence,java.lang.String):1420:56397:isEmpty(cs) || isEmpty(searchChars) |==> isEmpty(searchChars)
425:COR:||(boolean,boolean):TRUE(boolean,boolean):org.apache.commons.lang3.StringUtils@indexOfAny(java.lang.CharSequence,java.lang.String):1420:56394:isEmpty(cs) || isEmpty(searchChars) |==> true
426:COR:||(boolean,boolean):!=(boolean,boolean):org.apache.commons.lang3.StringUtils@containsAny(java.lang.String,char[]):1452:57743:isEmpty(cs) || ArrayUtils.isEmpty(searchChars) |==> isEmpty(cs) != ArrayUtils.isEmpty(searchChars)
427:COR:||(boolean,boolean):LHS(boolean,boolean):org.apache.commons.lang3.StringUtils@containsAny(java.lang.String,char[]):1452:57743:isEmpty(cs) || ArrayUtils.isEmpty(searchChars) |==> isEmpty(cs)
428:COR:||(boolean,boolean):RHS(boolean,boolean):org.apache.commons.lang3.StringUtils@containsAny(java.lang.String,char[]):1452:57758:isEmpty(cs) || ArrayUtils.isEmpty(searchChars) |==> ArrayUtils.isEmpty(searchChars)
429:COR:||(boolean,boolean):TRUE(boolean,boolean):org.apache.commons.lang3.StringUtils@containsAny(java.lang.String,char[]):1452:57755:isEmpty(cs) || ArrayUtils.isEmpty(searchChars) |==> true
430:LVR:FALSE:TRUE:org.apache.commons.lang3.StringUtils@containsAny(java.lang.String,char[]):1453:57812:false |==> true
431:LVR:POS:0:org.apache.commons.lang3.StringUtils@containsAny(java.lang.String,char[]):1457:57944:1 |==> 0
432:LVR:POS:NEG:org.apache.commons.lang3.StringUtils@containsAny(java.lang.String,char[]):1457:57944:1 |==> -1
433:AOR:-(int,int):%(int,int):org.apache.commons.lang3.StringUtils@containsAny(java.lang.String,char[]):1457:57933:csLength - 1 |==> csLength % 1
434:AOR:-(int,int):*(int,int):org.apache.commons.lang3.StringUtils@containsAny(java.lang.String,char[]):1457:57933:csLength - 1 |==> csLength * 1
435:AOR:-(int,int):+(int,int):org.apache.commons.lang3.StringUtils@containsAny(java.lang.String,char[]):1457:57933:csLength - 1 |==> csLength + 1
436:AOR:-(int,int):/(int,int):org.apache.commons.lang3.StringUtils@containsAny(java.lang.String,char[]):1457:57933:csLength - 1 |==> csLength / 1
437:LVR:POS:0:org.apache.commons.lang3.StringUtils@containsAny(java.lang.String,char[]):1458:57987:1 |==> 0
438:LVR:POS:NEG:org.apache.commons.lang3.StringUtils@containsAny(java.lang.String,char[]):1458:57987:1 |==> -1
439:AOR:-(int,int):%(int,int):org.apache.commons.lang3.StringUtils@containsAny(java.lang.String,char[]):1458:57972:searchLength - 1 |==> searchLength % 1
440:AOR:-(int,int):*(int,int):org.apache.commons.lang3.StringUtils@containsAny(java.lang.String,char[]):1458:57972:searchLength - 1 |==> searchLength * 1
441:AOR:-(int,int):+(int,int):org.apache.commons.lang3.StringUtils@containsAny(java.lang.String,char[]):1458:57972:searchLength - 1 |==> searchLength + 1
442:AOR:-(int,int):/(int,int):org.apache.commons.lang3.StringUtils@containsAny(java.lang.String,char[]):1458:57972:searchLength - 1 |==> searchLength / 1
443:LVR:0:POS:org.apache.commons.lang3.StringUtils@containsAny(java.lang.String,char[]):1459:58011:0 |==> 1
444:LVR:0:NEG:org.apache.commons.lang3.StringUtils@containsAny(java.lang.String,char[]):1459:58011:0 |==> -1
445:ROR:<(int,int):!=(int,int):org.apache.commons.lang3.StringUtils@containsAny(java.lang.String,char[]):1459:58014:i < csLength |==> i != csLength
446:ROR:<(int,int):<=(int,int):org.apache.commons.lang3.StringUtils@containsAny(java.lang.String,char[]):1459:58014:i < csLength |==> i <= csLength
447:ROR:<(int,int):FALSE(int,int):org.apache.commons.lang3.StringUtils@containsAny(java.lang.String,char[]):1459:58016:i < csLength |==> false
448:LVR:0:POS:org.apache.commons.lang3.StringUtils@containsAny(java.lang.String,char[]):1461:58096:0 |==> 1
449:LVR:0:NEG:org.apache.commons.lang3.StringUtils@containsAny(java.lang.String,char[]):1461:58096:0 |==> -1
450:ROR:<(int,int):!=(int,int):org.apache.commons.lang3.StringUtils@containsAny(java.lang.String,char[]):1461:58099:j < searchLength |==> j != searchLength
451:ROR:<(int,int):<=(int,int):org.apache.commons.lang3.StringUtils@containsAny(java.lang.String,char[]):1461:58099:j < searchLength |==> j <= searchLength
452:ROR:<(int,int):FALSE(int,int):org.apache.commons.lang3.StringUtils@containsAny(java.lang.String,char[]):1461:58101:j < searchLength |==> false
453:ROR:==(int,int):<=(int,int):org.apache.commons.lang3.StringUtils@containsAny(java.lang.String,char[]):1462:58144:searchChars[j] == ch |==> searchChars[j] <= ch
454:ROR:==(int,int):>=(int,int):org.apache.commons.lang3.StringUtils@containsAny(java.lang.String,char[]):1462:58144:searchChars[j] == ch |==> searchChars[j] >= ch
455:ROR:==(int,int):FALSE(int,int):org.apache.commons.lang3.StringUtils@containsAny(java.lang.String,char[]):1462:58159:searchChars[j] == ch |==> false
456:COR:<METHOD_INVOCATION(boolean)>:FALSE:org.apache.commons.lang3.StringUtils@containsAny(java.lang.String,char[]):1463:58217:Character.isHighSurrogate(ch) |==> false
457:COR:<METHOD_INVOCATION(boolean)>:TRUE:org.apache.commons.lang3.StringUtils@containsAny(java.lang.String,char[]):1463:58217:Character.isHighSurrogate(ch) |==> true
458:ROR:==(int,int):<=(int,int):org.apache.commons.lang3.StringUtils@containsAny(java.lang.String,char[]):1464:58253:j == searchLast |==> j <= searchLast
459:ROR:==(int,int):>=(int,int):org.apache.commons.lang3.StringUtils@containsAny(java.lang.String,char[]):1464:58253:j == searchLast |==> j >= searchLast
460:ROR:==(int,int):FALSE(int,int):org.apache.commons.lang3.StringUtils@containsAny(java.lang.String,char[]):1464:58255:j == searchLast |==> false
461:LVR:TRUE:FALSE:org.apache.commons.lang3.StringUtils@containsAny(java.lang.String,char[]):1466:58395:true |==> false
462:ROR:<(int,int):!=(int,int):org.apache.commons.lang3.StringUtils@containsAny(java.lang.String,char[]):1468:58455:i < csLast |==> i != csLast
463:ROR:<(int,int):<=(int,int):org.apache.commons.lang3.StringUtils@containsAny(java.lang.String,char[]):1468:58455:i < csLast |==> i <= csLast
464:ROR:<(int,int):FALSE(int,int):org.apache.commons.lang3.StringUtils@containsAny(java.lang.String,char[]):1468:58457:i < csLast |==> false
465:LVR:POS:0:org.apache.commons.lang3.StringUtils@containsAny(java.lang.String,char[]):1468:58485:1 |==> 0
466:LVR:POS:NEG:org.apache.commons.lang3.StringUtils@containsAny(java.lang.String,char[]):1468:58485:1 |==> -1
467:AOR:+(int,int):%(int,int):org.apache.commons.lang3.StringUtils@containsAny(java.lang.String,char[]):1468:58481:j + 1 |==> j % 1
468:AOR:+(int,int):*(int,int):org.apache.commons.lang3.StringUtils@containsAny(java.lang.String,char[]):1468:58481:j + 1 |==> j * 1
469:AOR:+(int,int):-(int,int):org.apache.commons.lang3.StringUtils@containsAny(java.lang.String,char[]):1468:58481:j + 1 |==> j - 1
470:AOR:+(int,int):/(int,int):org.apache.commons.lang3.StringUtils@containsAny(java.lang.String,char[]):1468:58481:j + 1 |==> j / 1
471:LVR:POS:0:org.apache.commons.lang3.StringUtils@containsAny(java.lang.String,char[]):1468:58505:1 |==> 0
472:LVR:POS:NEG:org.apache.commons.lang3.StringUtils@containsAny(java.lang.String,char[]):1468:58505:1 |==> -1
473:AOR:+(int,int):%(int,int):org.apache.commons.lang3.StringUtils@containsAny(java.lang.String,char[]):1468:58501:i + 1 |==> i % 1
474:AOR:+(int,int):*(int,int):org.apache.commons.lang3.StringUtils@containsAny(java.lang.String,char[]):1468:58501:i + 1 |==> i * 1
475:AOR:+(int,int):-(int,int):org.apache.commons.lang3.StringUtils@containsAny(java.lang.String,char[]):1468:58501:i + 1 |==> i - 1
476:AOR:+(int,int):/(int,int):org.apache.commons.lang3.StringUtils@containsAny(java.lang.String,char[]):1468:58501:i + 1 |==> i / 1
477:ROR:==(int,int):<=(int,int):org.apache.commons.lang3.StringUtils@containsAny(java.lang.String,char[]):1468:58469:searchChars[j + 1] == cs.charAt(i + 1) |==> searchChars[j + 1] <= cs.charAt(i + 1)
478:ROR:==(int,int):>=(int,int):org.apache.commons.lang3.StringUtils@containsAny(java.lang.String,char[]):1468:58469:searchChars[j + 1] == cs.charAt(i + 1) |==> searchChars[j + 1] >= cs.charAt(i + 1)
479:ROR:==(int,int):FALSE(int,int):org.apache.commons.lang3.StringUtils@containsAny(java.lang.String,char[]):1468:58488:searchChars[j + 1] == cs.charAt(i + 1) |==> false
480:COR:&&(boolean,boolean):==(boolean,boolean):org.apache.commons.lang3.StringUtils@containsAny(java.lang.String,char[]):1468:58455:i < csLast && searchChars[j + 1] == cs.charAt(i + 1) |==> i < csLast == (searchChars[j + 1] == cs.charAt(i + 1))
481:COR:&&(boolean,boolean):FALSE(boolean,boolean):org.apache.commons.lang3.StringUtils@containsAny(java.lang.String,char[]):1468:58466:i < csLast && searchChars[j + 1] == cs.charAt(i + 1) |==> false
482:COR:&&(boolean,boolean):LHS(boolean,boolean):org.apache.commons.lang3.StringUtils@containsAny(java.lang.String,char[]):1468:58455:i < csLast && searchChars[j + 1] == cs.charAt(i + 1) |==> i < csLast
483:COR:&&(boolean,boolean):RHS(boolean,boolean):org.apache.commons.lang3.StringUtils@containsAny(java.lang.String,char[]):1468:58469:i < csLast && searchChars[j + 1] == cs.charAt(i + 1) |==> searchChars[j + 1] == cs.charAt(i + 1)
484:LVR:TRUE:FALSE:org.apache.commons.lang3.StringUtils@containsAny(java.lang.String,char[]):1469:58546:true |==> false
485:LVR:TRUE:FALSE:org.apache.commons.lang3.StringUtils@containsAny(java.lang.String,char[]):1473:58703:true |==> false
486:LVR:FALSE:TRUE:org.apache.commons.lang3.StringUtils@containsAny(java.lang.String,char[]):1478:58788:false |==> true
487:ROR:==(java.lang.Object,java.lang.Object):FALSE(java.lang.Object,java.lang.Object):org.apache.commons.lang3.StringUtils@containsAny(java.lang.String,java.lang.String):1509:59947:searchChars == null |==> false
488:LVR:FALSE:TRUE:org.apache.commons.lang3.StringUtils@containsAny(java.lang.String,java.lang.String):1510:59977:false |==> true
489:COR:||(boolean,boolean):!=(boolean,boolean):org.apache.commons.lang3.StringUtils@indexOfAnyBut(java.lang.CharSequence,char[]):1540:61209:isEmpty(cs) || ArrayUtils.isEmpty(searchChars) |==> isEmpty(cs) != ArrayUtils.isEmpty(searchChars)
490:COR:||(boolean,boolean):LHS(boolean,boolean):org.apache.commons.lang3.StringUtils@indexOfAnyBut(java.lang.CharSequence,char[]):1540:61209:isEmpty(cs) || ArrayUtils.isEmpty(searchChars) |==> isEmpty(cs)
491:COR:||(boolean,boolean):RHS(boolean,boolean):org.apache.commons.lang3.StringUtils@indexOfAnyBut(java.lang.CharSequence,char[]):1540:61224:isEmpty(cs) || ArrayUtils.isEmpty(searchChars) |==> ArrayUtils.isEmpty(searchChars)
492:COR:||(boolean,boolean):TRUE(boolean,boolean):org.apache.commons.lang3.StringUtils@indexOfAnyBut(java.lang.CharSequence,char[]):1540:61221:isEmpty(cs) || ArrayUtils.isEmpty(searchChars) |==> true
493:LVR:POS:0:org.apache.commons.lang3.StringUtils@indexOfAnyBut(java.lang.CharSequence,char[]):1544:61367:1 |==> 0
494:LVR:POS:NEG:org.apache.commons.lang3.StringUtils@indexOfAnyBut(java.lang.CharSequence,char[]):1544:61367:1 |==> -1
495:AOR:-(int,int):%(int,int):org.apache.commons.lang3.StringUtils@indexOfAnyBut(java.lang.CharSequence,char[]):1544:61359:csLen - 1 |==> csLen % 1
496:AOR:-(int,int):*(int,int):org.apache.commons.lang3.StringUtils@indexOfAnyBut(java.lang.CharSequence,char[]):1544:61359:csLen - 1 |==> csLen * 1
497:AOR:-(int,int):+(int,int):org.apache.commons.lang3.StringUtils@indexOfAnyBut(java.lang.CharSequence,char[]):1544:61359:csLen - 1 |==> csLen + 1
498:AOR:-(int,int):/(int,int):org.apache.commons.lang3.StringUtils@indexOfAnyBut(java.lang.CharSequence,char[]):1544:61359:csLen - 1 |==> csLen / 1
499:LVR:POS:0:org.apache.commons.lang3.StringUtils@indexOfAnyBut(java.lang.CharSequence,char[]):1546:61451:1 |==> 0
500:LVR:POS:NEG:org.apache.commons.lang3.StringUtils@indexOfAnyBut(java.lang.CharSequence,char[]):1546:61451:1 |==> -1
501:AOR:-(int,int):%(int,int):org.apache.commons.lang3.StringUtils@indexOfAnyBut(java.lang.CharSequence,char[]):1546:61439:searchLen - 1 |==> searchLen % 1
502:AOR:-(int,int):*(int,int):org.apache.commons.lang3.StringUtils@indexOfAnyBut(java.lang.CharSequence,char[]):1546:61439:searchLen - 1 |==> searchLen * 1
503:AOR:-(int,int):+(int,int):org.apache.commons.lang3.StringUtils@indexOfAnyBut(java.lang.CharSequence,char[]):1546:61439:searchLen - 1 |==> searchLen + 1
504:AOR:-(int,int):/(int,int):org.apache.commons.lang3.StringUtils@indexOfAnyBut(java.lang.CharSequence,char[]):1546:61439:searchLen - 1 |==> searchLen / 1
505:LVR:0:POS:org.apache.commons.lang3.StringUtils@indexOfAnyBut(java.lang.CharSequence,char[]):1548:61490:0 |==> 1
506:LVR:0:NEG:org.apache.commons.lang3.StringUtils@indexOfAnyBut(java.lang.CharSequence,char[]):1548:61490:0 |==> -1
507:ROR:<(int,int):!=(int,int):org.apache.commons.lang3.StringUtils@indexOfAnyBut(java.lang.CharSequence,char[]):1548:61493:i < csLen |==> i != csLen
508:ROR:<(int,int):<=(int,int):org.apache.commons.lang3.StringUtils@indexOfAnyBut(java.lang.CharSequence,char[]):1548:61493:i < csLen |==> i <= csLen
509:ROR:<(int,int):FALSE(int,int):org.apache.commons.lang3.StringUtils@indexOfAnyBut(java.lang.CharSequence,char[]):1548:61495:i < csLen |==> false
510:LVR:0:POS:org.apache.commons.lang3.StringUtils@indexOfAnyBut(java.lang.CharSequence,char[]):1550:61572:0 |==> 1
511:LVR:0:NEG:org.apache.commons.lang3.StringUtils@indexOfAnyBut(java.lang.CharSequence,char[]):1550:61572:0 |==> -1
512:ROR:<(int,int):!=(int,int):org.apache.commons.lang3.StringUtils@indexOfAnyBut(java.lang.CharSequence,char[]):1550:61575:j < searchLen |==> j != searchLen
513:ROR:<(int,int):<=(int,int):org.apache.commons.lang3.StringUtils@indexOfAnyBut(java.lang.CharSequence,char[]):1550:61575:j < searchLen |==> j <= searchLen
514:ROR:<(int,int):FALSE(int,int):org.apache.commons.lang3.StringUtils@indexOfAnyBut(java.lang.CharSequence,char[]):1550:61577:j < searchLen |==> false
515:ROR:==(int,int):<=(int,int):org.apache.commons.lang3.StringUtils@indexOfAnyBut(java.lang.CharSequence,char[]):1551:61617:searchChars[j] == ch |==> searchChars[j] <= ch
516:ROR:==(int,int):>=(int,int):org.apache.commons.lang3.StringUtils@indexOfAnyBut(java.lang.CharSequence,char[]):1551:61617:searchChars[j] == ch |==> searchChars[j] >= ch
517:ROR:==(int,int):FALSE(int,int):org.apache.commons.lang3.StringUtils@indexOfAnyBut(java.lang.CharSequence,char[]):1551:61632:searchChars[j] == ch |==> false
518:ROR:<(int,int):!=(int,int):org.apache.commons.lang3.StringUtils@indexOfAnyBut(java.lang.CharSequence,char[]):1552:61665:i < csLast |==> i != csLast
519:ROR:<(int,int):<=(int,int):org.apache.commons.lang3.StringUtils@indexOfAnyBut(java.lang.CharSequence,char[]):1552:61665:i < csLast |==> i <= csLast
520:ROR:<(int,int):FALSE(int,int):org.apache.commons.lang3.StringUtils@indexOfAnyBut(java.lang.CharSequence,char[]):1552:61667:i < csLast |==> false
521:ROR:<(int,int):!=(int,int):org.apache.commons.lang3.StringUtils@indexOfAnyBut(java.lang.CharSequence,char[]):1552:61679:j < searchLast |==> j != searchLast
522:ROR:<(int,int):<=(int,int):org.apache.commons.lang3.StringUtils@indexOfAnyBut(java.lang.CharSequence,char[]):1552:61679:j < searchLast |==> j <= searchLast
523:ROR:<(int,int):FALSE(int,int):org.apache.commons.lang3.StringUtils@indexOfAnyBut(java.lang.CharSequence,char[]):1552:61681:j < searchLast |==> false
524:COR:&&(boolean,boolean):==(boolean,boolean):org.apache.commons.lang3.StringUtils@indexOfAnyBut(java.lang.CharSequence,char[]):1552:61665:i < csLast && j < searchLast |==> i < csLast == j < searchLast
525:COR:&&(boolean,boolean):FALSE(boolean,boolean):org.apache.commons.lang3.StringUtils@indexOfAnyBut(java.lang.CharSequence,char[]):1552:61676:i < csLast && j < searchLast |==> false
526:COR:&&(boolean,boolean):LHS(boolean,boolean):org.apache.commons.lang3.StringUtils@indexOfAnyBut(java.lang.CharSequence,char[]):1552:61665:i < csLast && j < searchLast |==> i < csLast
527:COR:&&(boolean,boolean):RHS(boolean,boolean):org.apache.commons.lang3.StringUtils@indexOfAnyBut(java.lang.CharSequence,char[]):1552:61679:i < csLast && j < searchLast |==> j < searchLast
528:COR:&&(boolean,boolean):==(boolean,boolean):org.apache.commons.lang3.StringUtils@indexOfAnyBut(java.lang.CharSequence,char[]):1552:61665:i < csLast && j < searchLast && Character.isHighSurrogate(ch) |==> (i < csLast && j < searchLast) == Character.isHighSurrogate(ch)
529:COR:&&(boolean,boolean):FALSE(boolean,boolean):org.apache.commons.lang3.StringUtils@indexOfAnyBut(java.lang.CharSequence,char[]):1552:61694:i < csLast && j < searchLast && Character.isHighSurrogate(ch) |==> false
530:COR:&&(boolean,boolean):LHS(boolean,boolean):org.apache.commons.lang3.StringUtils@indexOfAnyBut(java.lang.CharSequence,char[]):1552:61665:i < csLast && j < searchLast && Character.isHighSurrogate(ch) |==> i < csLast && j < searchLast
531:COR:&&(boolean,boolean):RHS(boolean,boolean):org.apache.commons.lang3.StringUtils@indexOfAnyBut(java.lang.CharSequence,char[]):1552:61697:i < csLast && j < searchLast && Character.isHighSurrogate(ch) |==> Character.isHighSurrogate(ch)
532:LVR:POS:0:org.apache.commons.lang3.StringUtils@indexOfAnyBut(java.lang.CharSequence,char[]):1553:61774:1 |==> 0
533:LVR:POS:NEG:org.apache.commons.lang3.StringUtils@indexOfAnyBut(java.lang.CharSequence,char[]):1553:61774:1 |==> -1
534:AOR:+(int,int):%(int,int):org.apache.commons.lang3.StringUtils@indexOfAnyBut(java.lang.CharSequence,char[]):1553:61770:j + 1 |==> j % 1
535:AOR:+(int,int):*(int,int):org.apache.commons.lang3.StringUtils@indexOfAnyBut(java.lang.CharSequence,char[]):1553:61770:j + 1 |==> j * 1
536:AOR:+(int,int):-(int,int):org.apache.commons.lang3.StringUtils@indexOfAnyBut(java.lang.CharSequence,char[]):1553:61770:j + 1 |==> j - 1
537:AOR:+(int,int):/(int,int):org.apache.commons.lang3.StringUtils@indexOfAnyBut(java.lang.CharSequence,char[]):1553:61770:j + 1 |==> j / 1
538:LVR:POS:0:org.apache.commons.lang3.StringUtils@indexOfAnyBut(java.lang.CharSequence,char[]):1553:61794:1 |==> 0
539:LVR:POS:NEG:org.apache.commons.lang3.StringUtils@indexOfAnyBut(java.lang.CharSequence,char[]):1553:61794:1 |==> -1
540:AOR:+(int,int):%(int,int):org.apache.commons.lang3.StringUtils@indexOfAnyBut(java.lang.CharSequence,char[]):1553:61790:i + 1 |==> i % 1
541:AOR:+(int,int):*(int,int):org.apache.commons.lang3.StringUtils@indexOfAnyBut(java.lang.CharSequence,char[]):1553:61790:i + 1 |==> i * 1
542:AOR:+(int,int):-(int,int):org.apache.commons.lang3.StringUtils@indexOfAnyBut(java.lang.CharSequence,char[]):1553:61790:i + 1 |==> i - 1
543:AOR:+(int,int):/(int,int):org.apache.commons.lang3.StringUtils@indexOfAnyBut(java.lang.CharSequence,char[]):1553:61790:i + 1 |==> i / 1
544:ROR:==(int,int):<=(int,int):org.apache.commons.lang3.StringUtils@indexOfAnyBut(java.lang.CharSequence,char[]):1553:61758:searchChars[j + 1] == cs.charAt(i + 1) |==> searchChars[j + 1] <= cs.charAt(i + 1)
545:ROR:==(int,int):>=(int,int):org.apache.commons.lang3.StringUtils@indexOfAnyBut(java.lang.CharSequence,char[]):1553:61758:searchChars[j + 1] == cs.charAt(i + 1) |==> searchChars[j + 1] >= cs.charAt(i + 1)
546:ROR:==(int,int):FALSE(int,int):org.apache.commons.lang3.StringUtils@indexOfAnyBut(java.lang.CharSequence,char[]):1553:61777:searchChars[j + 1] == cs.charAt(i + 1) |==> false
547:COR:||(boolean,boolean):!=(boolean,boolean):org.apache.commons.lang3.StringUtils@indexOfAnyBut(java.lang.String,java.lang.String):1589:63077:isEmpty(str) || isEmpty(searchChars) |==> isEmpty(str) != isEmpty(searchChars)
548:COR:||(boolean,boolean):LHS(boolean,boolean):org.apache.commons.lang3.StringUtils@indexOfAnyBut(java.lang.String,java.lang.String):1589:63077:isEmpty(str) || isEmpty(searchChars) |==> isEmpty(str)
549:COR:||(boolean,boolean):RHS(boolean,boolean):org.apache.commons.lang3.StringUtils@indexOfAnyBut(java.lang.String,java.lang.String):1589:63093:isEmpty(str) || isEmpty(searchChars) |==> isEmpty(searchChars)
550:COR:||(boolean,boolean):TRUE(boolean,boolean):org.apache.commons.lang3.StringUtils@indexOfAnyBut(java.lang.String,java.lang.String):1589:63090:isEmpty(str) || isEmpty(searchChars) |==> true
551:LVR:0:POS:org.apache.commons.lang3.StringUtils@indexOfAnyBut(java.lang.String,java.lang.String):1593:63219:0 |==> 1
552:LVR:0:NEG:org.apache.commons.lang3.StringUtils@indexOfAnyBut(java.lang.String,java.lang.String):1593:63219:0 |==> -1
553:ROR:<(int,int):!=(int,int):org.apache.commons.lang3.StringUtils@indexOfAnyBut(java.lang.String,java.lang.String):1593:63222:i < strLen |==> i != strLen
554:ROR:<(int,int):<=(int,int):org.apache.commons.lang3.StringUtils@indexOfAnyBut(java.lang.String,java.lang.String):1593:63222:i < strLen |==> i <= strLen
555:ROR:<(int,int):FALSE(int,int):org.apache.commons.lang3.StringUtils@indexOfAnyBut(java.lang.String,java.lang.String):1593:63224:i < strLen |==> false
556:LVR:0:POS:org.apache.commons.lang3.StringUtils@indexOfAnyBut(java.lang.String,java.lang.String):1595:63335:0 |==> 1
557:LVR:0:NEG:org.apache.commons.lang3.StringUtils@indexOfAnyBut(java.lang.String,java.lang.String):1595:63335:0 |==> -1
558:ROR:>=(int,int):==(int,int):org.apache.commons.lang3.StringUtils@indexOfAnyBut(java.lang.String,java.lang.String):1595:63308:searchChars.indexOf(ch) >= 0 |==> searchChars.indexOf(ch) == 0
559:ROR:>=(int,int):>(int,int):org.apache.commons.lang3.StringUtils@indexOfAnyBut(java.lang.String,java.lang.String):1595:63308:searchChars.indexOf(ch) >= 0 |==> searchChars.indexOf(ch) > 0
560:ROR:>=(int,int):TRUE(int,int):org.apache.commons.lang3.StringUtils@indexOfAnyBut(java.lang.String,java.lang.String):1595:63332:searchChars.indexOf(ch) >= 0 |==> true
561:LVR:POS:0:org.apache.commons.lang3.StringUtils@indexOfAnyBut(java.lang.String,java.lang.String):1596:63358:1 |==> 0
562:LVR:POS:NEG:org.apache.commons.lang3.StringUtils@indexOfAnyBut(java.lang.String,java.lang.String):1596:63358:1 |==> -1
563:AOR:+(int,int):%(int,int):org.apache.commons.lang3.StringUtils@indexOfAnyBut(java.lang.String,java.lang.String):1596:63354:i + 1 |==> i % 1
564:AOR:+(int,int):*(int,int):org.apache.commons.lang3.StringUtils@indexOfAnyBut(java.lang.String,java.lang.String):1596:63354:i + 1 |==> i * 1
565:AOR:+(int,int):-(int,int):org.apache.commons.lang3.StringUtils@indexOfAnyBut(java.lang.String,java.lang.String):1596:63354:i + 1 |==> i - 1
566:AOR:+(int,int):/(int,int):org.apache.commons.lang3.StringUtils@indexOfAnyBut(java.lang.String,java.lang.String):1596:63354:i + 1 |==> i / 1
567:ROR:<(int,int):!=(int,int):org.apache.commons.lang3.StringUtils@indexOfAnyBut(java.lang.String,java.lang.String):1596:63354:i + 1 < strLen |==> i + 1 != strLen
568:ROR:<(int,int):<=(int,int):org.apache.commons.lang3.StringUtils@indexOfAnyBut(java.lang.String,java.lang.String):1596:63354:i + 1 < strLen |==> i + 1 <= strLen
569:ROR:<(int,int):FALSE(int,int):org.apache.commons.lang3.StringUtils@indexOfAnyBut(java.lang.String,java.lang.String):1596:63360:i + 1 < strLen |==> false
570:COR:&&(boolean,boolean):==(boolean,boolean):org.apache.commons.lang3.StringUtils@indexOfAnyBut(java.lang.String,java.lang.String):1596:63354:i + 1 < strLen && Character.isHighSurrogate(ch) |==> i + 1 < strLen == Character.isHighSurrogate(ch)
571:COR:&&(boolean,boolean):FALSE(boolean,boolean):org.apache.commons.lang3.StringUtils@indexOfAnyBut(java.lang.String,java.lang.String):1596:63369:i + 1 < strLen && Character.isHighSurrogate(ch) |==> false
572:COR:&&(boolean,boolean):LHS(boolean,boolean):org.apache.commons.lang3.StringUtils@indexOfAnyBut(java.lang.String,java.lang.String):1596:63354:i + 1 < strLen && Character.isHighSurrogate(ch) |==> i + 1 < strLen
573:COR:&&(boolean,boolean):RHS(boolean,boolean):org.apache.commons.lang3.StringUtils@indexOfAnyBut(java.lang.String,java.lang.String):1596:63372:i + 1 < strLen && Character.isHighSurrogate(ch) |==> Character.isHighSurrogate(ch)
574:LVR:POS:0:org.apache.commons.lang3.StringUtils@indexOfAnyBut(java.lang.String,java.lang.String):1597:63447:1 |==> 0
575:LVR:POS:NEG:org.apache.commons.lang3.StringUtils@indexOfAnyBut(java.lang.String,java.lang.String):1597:63447:1 |==> -1
576:AOR:+(int,int):%(int,int):org.apache.commons.lang3.StringUtils@indexOfAnyBut(java.lang.String,java.lang.String):1597:63443:i + 1 |==> i % 1
577:AOR:+(int,int):*(int,int):org.apache.commons.lang3.StringUtils@indexOfAnyBut(java.lang.String,java.lang.String):1597:63443:i + 1 |==> i * 1
578:AOR:+(int,int):-(int,int):org.apache.commons.lang3.StringUtils@indexOfAnyBut(java.lang.String,java.lang.String):1597:63443:i + 1 |==> i - 1
579:AOR:+(int,int):/(int,int):org.apache.commons.lang3.StringUtils@indexOfAnyBut(java.lang.String,java.lang.String):1597:63443:i + 1 |==> i / 1
580:LVR:0:POS:org.apache.commons.lang3.StringUtils@indexOfAnyBut(java.lang.String,java.lang.String):1598:63509:0 |==> 1
581:LVR:0:NEG:org.apache.commons.lang3.StringUtils@indexOfAnyBut(java.lang.String,java.lang.String):1598:63509:0 |==> -1
582:ROR:<(int,int):!=(int,int):org.apache.commons.lang3.StringUtils@indexOfAnyBut(java.lang.String,java.lang.String):1598:63482:searchChars.indexOf(ch2) < 0 |==> searchChars.indexOf(ch2) != 0
583:ROR:<(int,int):<=(int,int):org.apache.commons.lang3.StringUtils@indexOfAnyBut(java.lang.String,java.lang.String):1598:63482:searchChars.indexOf(ch2) < 0 |==> searchChars.indexOf(ch2) <= 0
584:ROR:<(int,int):FALSE(int,int):org.apache.commons.lang3.StringUtils@indexOfAnyBut(java.lang.String,java.lang.String):1598:63507:searchChars.indexOf(ch2) < 0 |==> false
585:COR:&&(boolean,boolean):==(boolean,boolean):org.apache.commons.lang3.StringUtils@indexOfAnyBut(java.lang.String,java.lang.String):1598:63471:chFound && searchChars.indexOf(ch2) < 0 |==> chFound == searchChars.indexOf(ch2) < 0
586:COR:&&(boolean,boolean):FALSE(boolean,boolean):org.apache.commons.lang3.StringUtils@indexOfAnyBut(java.lang.String,java.lang.String):1598:63479:chFound && searchChars.indexOf(ch2) < 0 |==> false
587:COR:&&(boolean,boolean):LHS(boolean,boolean):org.apache.commons.lang3.StringUtils@indexOfAnyBut(java.lang.String,java.lang.String):1598:63471:chFound && searchChars.indexOf(ch2) < 0 |==> chFound
588:COR:&&(boolean,boolean):RHS(boolean,boolean):org.apache.commons.lang3.StringUtils@indexOfAnyBut(java.lang.String,java.lang.String):1598:63482:chFound && searchChars.indexOf(ch2) < 0 |==> searchChars.indexOf(ch2) < 0
589:COR:<IDENTIFIER(boolean)>:FALSE:org.apache.commons.lang3.StringUtils@indexOfAnyBut(java.lang.String,java.lang.String):1602:63604:chFound |==> false
590:COR:<IDENTIFIER(boolean)>:TRUE:org.apache.commons.lang3.StringUtils@indexOfAnyBut(java.lang.String,java.lang.String):1602:63604:chFound |==> true
591:ROR:==(java.lang.Object,java.lang.Object):FALSE(java.lang.Object,java.lang.Object):org.apache.commons.lang3.StringUtils@containsOnly(java.lang.CharSequence,char[]):1635:64923:valid == null |==> false
592:ROR:==(java.lang.Object,java.lang.Object):FALSE(java.lang.Object,java.lang.Object):org.apache.commons.lang3.StringUtils@containsOnly(java.lang.CharSequence,char[]):1635:64937:cs == null |==> false
593:COR:||(boolean,boolean):!=(boolean,boolean):org.apache.commons.lang3.StringUtils@containsOnly(java.lang.CharSequence,char[]):1635:64917:valid == null || cs == null |==> valid == null != (cs == null)
594:COR:||(boolean,boolean):LHS(boolean,boolean):org.apache.commons.lang3.StringUtils@containsOnly(java.lang.CharSequence,char[]):1635:64917:valid == null || cs == null |==> valid == null
595:COR:||(boolean,boolean):RHS(boolean,boolean):org.apache.commons.lang3.StringUtils@containsOnly(java.lang.CharSequence,char[]):1635:64934:valid == null || cs == null |==> cs == null
596:COR:||(boolean,boolean):TRUE(boolean,boolean):org.apache.commons.lang3.StringUtils@containsOnly(java.lang.CharSequence,char[]):1635:64931:valid == null || cs == null |==> true
597:LVR:FALSE:TRUE:org.apache.commons.lang3.StringUtils@containsOnly(java.lang.CharSequence,char[]):1636:64967:false |==> true
598:LVR:0:POS:org.apache.commons.lang3.StringUtils@containsOnly(java.lang.CharSequence,char[]):1638:65011:0 |==> 1
599:LVR:0:NEG:org.apache.commons.lang3.StringUtils@containsOnly(java.lang.CharSequence,char[]):1638:65011:0 |==> -1
600:ROR:==(int,int):>=(int,int):org.apache.commons.lang3.StringUtils@containsOnly(java.lang.CharSequence,char[]):1638:64996:cs.length() == 0 |==> cs.length() >= 0
601:ROR:==(int,int):FALSE(int,int):org.apache.commons.lang3.StringUtils@containsOnly(java.lang.CharSequence,char[]):1638:65008:cs.length() == 0 |==> false
602:LVR:TRUE:FALSE:org.apache.commons.lang3.StringUtils@containsOnly(java.lang.CharSequence,char[]):1639:65035:true |==> false
603:LVR:0:POS:org.apache.commons.lang3.StringUtils@containsOnly(java.lang.CharSequence,char[]):1641:65079:0 |==> 1
604:LVR:0:NEG:org.apache.commons.lang3.StringUtils@containsOnly(java.lang.CharSequence,char[]):1641:65079:0 |==> -1
605:ROR:==(int,int):>=(int,int):org.apache.commons.lang3.StringUtils@containsOnly(java.lang.CharSequence,char[]):1641:65063:valid.length == 0 |==> valid.length >= 0
606:ROR:==(int,int):FALSE(int,int):org.apache.commons.lang3.StringUtils@containsOnly(java.lang.CharSequence,char[]):1641:65076:valid.length == 0 |==> false
607:LVR:FALSE:TRUE:org.apache.commons.lang3.StringUtils@containsOnly(java.lang.CharSequence,char[]):1642:65103:false |==> true
608:ROR:==(int,int):<=(int,int):org.apache.commons.lang3.StringUtils@containsOnly(java.lang.CharSequence,char[]):1644:65135:indexOfAnyBut(cs, valid) == INDEX_NOT_FOUND |==> indexOfAnyBut(cs, valid) <= INDEX_NOT_FOUND
609:ROR:==(int,int):>=(int,int):org.apache.commons.lang3.StringUtils@containsOnly(java.lang.CharSequence,char[]):1644:65135:indexOfAnyBut(cs, valid) == INDEX_NOT_FOUND |==> indexOfAnyBut(cs, valid) >= INDEX_NOT_FOUND
610:ROR:==(int,int):FALSE(int,int):org.apache.commons.lang3.StringUtils@containsOnly(java.lang.CharSequence,char[]):1644:65160:indexOfAnyBut(cs, valid) == INDEX_NOT_FOUND |==> false
611:ROR:==(java.lang.Object,java.lang.Object):FALSE(java.lang.Object,java.lang.Object):org.apache.commons.lang3.StringUtils@containsOnly(java.lang.CharSequence,java.lang.String):1670:66238:cs == null |==> false
612:ROR:==(java.lang.Object,java.lang.Object):FALSE(java.lang.Object,java.lang.Object):org.apache.commons.lang3.StringUtils@containsOnly(java.lang.CharSequence,java.lang.String):1670:66260:validChars == null |==> false
613:COR:||(boolean,boolean):!=(boolean,boolean):org.apache.commons.lang3.StringUtils@containsOnly(java.lang.CharSequence,java.lang.String):1670:66235:cs == null || validChars == null |==> cs == null != (validChars == null)
614:COR:||(boolean,boolean):LHS(boolean,boolean):org.apache.commons.lang3.StringUtils@containsOnly(java.lang.CharSequence,java.lang.String):1670:66235:cs == null || validChars == null |==> cs == null
615:COR:||(boolean,boolean):RHS(boolean,boolean):org.apache.commons.lang3.StringUtils@containsOnly(java.lang.CharSequence,java.lang.String):1670:66249:cs == null || validChars == null |==> validChars == null
616:COR:||(boolean,boolean):TRUE(boolean,boolean):org.apache.commons.lang3.StringUtils@containsOnly(java.lang.CharSequence,java.lang.String):1670:66246:cs == null || validChars == null |==> true
617:LVR:FALSE:TRUE:org.apache.commons.lang3.StringUtils@containsOnly(java.lang.CharSequence,java.lang.String):1671:66290:false |==> true
618:ROR:==(java.lang.Object,java.lang.Object):FALSE(java.lang.Object,java.lang.Object):org.apache.commons.lang3.StringUtils@containsNone(java.lang.CharSequence,char[]):1701:67524:cs == null |==> false
619:ROR:==(java.lang.Object,java.lang.Object):FALSE(java.lang.Object,java.lang.Object):org.apache.commons.lang3.StringUtils@containsNone(java.lang.CharSequence,char[]):1701:67547:searchChars == null |==> false
620:COR:||(boolean,boolean):!=(boolean,boolean):org.apache.commons.lang3.StringUtils@containsNone(java.lang.CharSequence,char[]):1701:67521:cs == null || searchChars == null |==> cs == null != (searchChars == null)
621:COR:||(boolean,boolean):LHS(boolean,boolean):org.apache.commons.lang3.StringUtils@containsNone(java.lang.CharSequence,char[]):1701:67521:cs == null || searchChars == null |==> cs == null
622:COR:||(boolean,boolean):RHS(boolean,boolean):org.apache.commons.lang3.StringUtils@containsNone(java.lang.CharSequence,char[]):1701:67535:cs == null || searchChars == null |==> searchChars == null
623:COR:||(boolean,boolean):TRUE(boolean,boolean):org.apache.commons.lang3.StringUtils@containsNone(java.lang.CharSequence,char[]):1701:67532:cs == null || searchChars == null |==> true
624:LVR:TRUE:FALSE:org.apache.commons.lang3.StringUtils@containsNone(java.lang.CharSequence,char[]):1702:67577:true |==> false
625:LVR:POS:0:org.apache.commons.lang3.StringUtils@containsNone(java.lang.CharSequence,char[]):1705:67655:1 |==> 0
626:LVR:POS:NEG:org.apache.commons.lang3.StringUtils@containsNone(java.lang.CharSequence,char[]):1705:67655:1 |==> -1
627:AOR:-(int,int):%(int,int):org.apache.commons.lang3.StringUtils@containsNone(java.lang.CharSequence,char[]):1705:67647:csLen - 1 |==> csLen % 1
628:AOR:-(int,int):*(int,int):org.apache.commons.lang3.StringUtils@containsNone(java.lang.CharSequence,char[]):1705:67647:csLen - 1 |==> csLen * 1
629:AOR:-(int,int):+(int,int):org.apache.commons.lang3.StringUtils@containsNone(java.lang.CharSequence,char[]):1705:67647:csLen - 1 |==> csLen + 1
630:AOR:-(int,int):/(int,int):org.apache.commons.lang3.StringUtils@containsNone(java.lang.CharSequence,char[]):1705:67647:csLen - 1 |==> csLen / 1
631:LVR:POS:0:org.apache.commons.lang3.StringUtils@containsNone(java.lang.CharSequence,char[]):1707:67739:1 |==> 0
632:LVR:POS:NEG:org.apache.commons.lang3.StringUtils@containsNone(java.lang.CharSequence,char[]):1707:67739:1 |==> -1
633:AOR:-(int,int):%(int,int):org.apache.commons.lang3.StringUtils@containsNone(java.lang.CharSequence,char[]):1707:67727:searchLen - 1 |==> searchLen % 1
634:AOR:-(int,int):*(int,int):org.apache.commons.lang3.StringUtils@containsNone(java.lang.CharSequence,char[]):1707:67727:searchLen - 1 |==> searchLen * 1
635:AOR:-(int,int):+(int,int):org.apache.commons.lang3.StringUtils@containsNone(java.lang.CharSequence,char[]):1707:67727:searchLen - 1 |==> searchLen + 1
636:AOR:-(int,int):/(int,int):org.apache.commons.lang3.StringUtils@containsNone(java.lang.CharSequence,char[]):1707:67727:searchLen - 1 |==> searchLen / 1
637:LVR:0:POS:org.apache.commons.lang3.StringUtils@containsNone(java.lang.CharSequence,char[]):1708:67763:0 |==> 1
638:LVR:0:NEG:org.apache.commons.lang3.StringUtils@containsNone(java.lang.CharSequence,char[]):1708:67763:0 |==> -1
639:ROR:<(int,int):!=(int,int):org.apache.commons.lang3.StringUtils@containsNone(java.lang.CharSequence,char[]):1708:67766:i < csLen |==> i != csLen
640:ROR:<(int,int):<=(int,int):org.apache.commons.lang3.StringUtils@containsNone(java.lang.CharSequence,char[]):1708:67766:i < csLen |==> i <= csLen
641:ROR:<(int,int):FALSE(int,int):org.apache.commons.lang3.StringUtils@containsNone(java.lang.CharSequence,char[]):1708:67768:i < csLen |==> false
642:LVR:0:POS:org.apache.commons.lang3.StringUtils@containsNone(java.lang.CharSequence,char[]):1710:67845:0 |==> 1
643:LVR:0:NEG:org.apache.commons.lang3.StringUtils@containsNone(java.lang.CharSequence,char[]):1710:67845:0 |==> -1
644:ROR:<(int,int):!=(int,int):org.apache.commons.lang3.StringUtils@containsNone(java.lang.CharSequence,char[]):1710:67848:j < searchLen |==> j != searchLen
645:ROR:<(int,int):<=(int,int):org.apache.commons.lang3.StringUtils@containsNone(java.lang.CharSequence,char[]):1710:67848:j < searchLen |==> j <= searchLen
646:ROR:<(int,int):FALSE(int,int):org.apache.commons.lang3.StringUtils@containsNone(java.lang.CharSequence,char[]):1710:67850:j < searchLen |==> false
647:ROR:==(int,int):<=(int,int):org.apache.commons.lang3.StringUtils@containsNone(java.lang.CharSequence,char[]):1711:67890:searchChars[j] == ch |==> searchChars[j] <= ch
648:ROR:==(int,int):>=(int,int):org.apache.commons.lang3.StringUtils@containsNone(java.lang.CharSequence,char[]):1711:67890:searchChars[j] == ch |==> searchChars[j] >= ch
649:ROR:==(int,int):FALSE(int,int):org.apache.commons.lang3.StringUtils@containsNone(java.lang.CharSequence,char[]):1711:67905:searchChars[j] == ch |==> false
650:COR:<METHOD_INVOCATION(boolean)>:FALSE:org.apache.commons.lang3.StringUtils@containsNone(java.lang.CharSequence,char[]):1712:67963:Character.isHighSurrogate(ch) |==> false
651:COR:<METHOD_INVOCATION(boolean)>:TRUE:org.apache.commons.lang3.StringUtils@containsNone(java.lang.CharSequence,char[]):1712:67963:Character.isHighSurrogate(ch) |==> true
652:ROR:==(int,int):<=(int,int):org.apache.commons.lang3.StringUtils@containsNone(java.lang.CharSequence,char[]):1713:67999:j == searchLast |==> j <= searchLast
653:ROR:==(int,int):>=(int,int):org.apache.commons.lang3.StringUtils@containsNone(java.lang.CharSequence,char[]):1713:67999:j == searchLast |==> j >= searchLast
654:ROR:==(int,int):FALSE(int,int):org.apache.commons.lang3.StringUtils@containsNone(java.lang.CharSequence,char[]):1713:68001:j == searchLast |==> false
655:LVR:FALSE:TRUE:org.apache.commons.lang3.StringUtils@containsNone(java.lang.CharSequence,char[]):1715:68141:false |==> true
656:ROR:<(int,int):!=(int,int):org.apache.commons.lang3.StringUtils@containsNone(java.lang.CharSequence,char[]):1717:68202:i < csLast |==> i != csLast
657:ROR:<(int,int):<=(int,int):org.apache.commons.lang3.StringUtils@containsNone(java.lang.CharSequence,char[]):1717:68202:i < csLast |==> i <= csLast
658:ROR:<(int,int):FALSE(int,int):org.apache.commons.lang3.StringUtils@containsNone(java.lang.CharSequence,char[]):1717:68204:i < csLast |==> false
659:LVR:POS:0:org.apache.commons.lang3.StringUtils@containsNone(java.lang.CharSequence,char[]):1717:68232:1 |==> 0
660:LVR:POS:NEG:org.apache.commons.lang3.StringUtils@containsNone(java.lang.CharSequence,char[]):1717:68232:1 |==> -1
661:AOR:+(int,int):%(int,int):org.apache.commons.lang3.StringUtils@containsNone(java.lang.CharSequence,char[]):1717:68228:j + 1 |==> j % 1
662:AOR:+(int,int):*(int,int):org.apache.commons.lang3.StringUtils@containsNone(java.lang.CharSequence,char[]):1717:68228:j + 1 |==> j * 1
663:AOR:+(int,int):-(int,int):org.apache.commons.lang3.StringUtils@containsNone(java.lang.CharSequence,char[]):1717:68228:j + 1 |==> j - 1
664:AOR:+(int,int):/(int,int):org.apache.commons.lang3.StringUtils@containsNone(java.lang.CharSequence,char[]):1717:68228:j + 1 |==> j / 1
665:LVR:POS:0:org.apache.commons.lang3.StringUtils@containsNone(java.lang.CharSequence,char[]):1717:68252:1 |==> 0
666:LVR:POS:NEG:org.apache.commons.lang3.StringUtils@containsNone(java.lang.CharSequence,char[]):1717:68252:1 |==> -1
667:AOR:+(int,int):%(int,int):org.apache.commons.lang3.StringUtils@containsNone(java.lang.CharSequence,char[]):1717:68248:i + 1 |==> i % 1
668:AOR:+(int,int):*(int,int):org.apache.commons.lang3.StringUtils@containsNone(java.lang.CharSequence,char[]):1717:68248:i + 1 |==> i * 1
669:AOR:+(int,int):-(int,int):org.apache.commons.lang3.StringUtils@containsNone(java.lang.CharSequence,char[]):1717:68248:i + 1 |==> i - 1
670:AOR:+(int,int):/(int,int):org.apache.commons.lang3.StringUtils@containsNone(java.lang.CharSequence,char[]):1717:68248:i + 1 |==> i / 1
671:ROR:==(int,int):<=(int,int):org.apache.commons.lang3.StringUtils@containsNone(java.lang.CharSequence,char[]):1717:68216:searchChars[j + 1] == cs.charAt(i + 1) |==> searchChars[j + 1] <= cs.charAt(i + 1)
672:ROR:==(int,int):>=(int,int):org.apache.commons.lang3.StringUtils@containsNone(java.lang.CharSequence,char[]):1717:68216:searchChars[j + 1] == cs.charAt(i + 1) |==> searchChars[j + 1] >= cs.charAt(i + 1)
673:ROR:==(int,int):FALSE(int,int):org.apache.commons.lang3.StringUtils@containsNone(java.lang.CharSequence,char[]):1717:68235:searchChars[j + 1] == cs.charAt(i + 1) |==> false
674:COR:&&(boolean,boolean):==(boolean,boolean):org.apache.commons.lang3.StringUtils@containsNone(java.lang.CharSequence,char[]):1717:68202:i < csLast && searchChars[j + 1] == cs.charAt(i + 1) |==> i < csLast == (searchChars[j + 1] == cs.charAt(i + 1))
675:COR:&&(boolean,boolean):FALSE(boolean,boolean):org.apache.commons.lang3.StringUtils@containsNone(java.lang.CharSequence,char[]):1717:68213:i < csLast && searchChars[j + 1] == cs.charAt(i + 1) |==> false
676:COR:&&(boolean,boolean):LHS(boolean,boolean):org.apache.commons.lang3.StringUtils@containsNone(java.lang.CharSequence,char[]):1717:68202:i < csLast && searchChars[j + 1] == cs.charAt(i + 1) |==> i < csLast
677:COR:&&(boolean,boolean):RHS(boolean,boolean):org.apache.commons.lang3.StringUtils@containsNone(java.lang.CharSequence,char[]):1717:68216:i < csLast && searchChars[j + 1] == cs.charAt(i + 1) |==> searchChars[j + 1] == cs.charAt(i + 1)
678:LVR:FALSE:TRUE:org.apache.commons.lang3.StringUtils@containsNone(java.lang.CharSequence,char[]):1718:68293:false |==> true
679:LVR:FALSE:TRUE:org.apache.commons.lang3.StringUtils@containsNone(java.lang.CharSequence,char[]):1722:68451:false |==> true
680:LVR:TRUE:FALSE:org.apache.commons.lang3.StringUtils@containsNone(java.lang.CharSequence,char[]):1727:68537:true |==> false
681:ROR:==(java.lang.Object,java.lang.Object):FALSE(java.lang.Object,java.lang.Object):org.apache.commons.lang3.StringUtils@containsNone(java.lang.CharSequence,java.lang.String):1753:69591:cs == null |==> false
682:ROR:==(java.lang.Object,java.lang.Object):FALSE(java.lang.Object,java.lang.Object):org.apache.commons.lang3.StringUtils@containsNone(java.lang.CharSequence,java.lang.String):1753:69615:invalidChars == null |==> false
683:COR:||(boolean,boolean):!=(boolean,boolean):org.apache.commons.lang3.StringUtils@containsNone(java.lang.CharSequence,java.lang.String):1753:69588:cs == null || invalidChars == null |==> cs == null != (invalidChars == null)
684:COR:||(boolean,boolean):LHS(boolean,boolean):org.apache.commons.lang3.StringUtils@containsNone(java.lang.CharSequence,java.lang.String):1753:69588:cs == null || invalidChars == null |==> cs == null
685:COR:||(boolean,boolean):RHS(boolean,boolean):org.apache.commons.lang3.StringUtils@containsNone(java.lang.CharSequence,java.lang.String):1753:69602:cs == null || invalidChars == null |==> invalidChars == null
686:COR:||(boolean,boolean):TRUE(boolean,boolean):org.apache.commons.lang3.StringUtils@containsNone(java.lang.CharSequence,java.lang.String):1753:69599:cs == null || invalidChars == null |==> true
687:LVR:TRUE:FALSE:org.apache.commons.lang3.StringUtils@containsNone(java.lang.CharSequence,java.lang.String):1754:69645:true |==> false
688:ROR:==(java.lang.Object,java.lang.Object):FALSE(java.lang.Object,java.lang.Object):org.apache.commons.lang3.StringUtils@indexOfAny(java.lang.String,java.lang.String[]):1788:71261:str == null |==> false
689:ROR:==(java.lang.Object,java.lang.Object):FALSE(java.lang.Object,java.lang.Object):org.apache.commons.lang3.StringUtils@indexOfAny(java.lang.String,java.lang.String[]):1788:71283:searchStrs == null |==> false
690:COR:||(boolean,boolean):!=(boolean,boolean):org.apache.commons.lang3.StringUtils@indexOfAny(java.lang.String,java.lang.String[]):1788:71257:str == null || searchStrs == null |==> str == null != (searchStrs == null)
691:COR:||(boolean,boolean):LHS(boolean,boolean):org.apache.commons.lang3.StringUtils@indexOfAny(java.lang.String,java.lang.String[]):1788:71257:str == null || searchStrs == null |==> str == null
692:COR:||(boolean,boolean):RHS(boolean,boolean):org.apache.commons.lang3.StringUtils@indexOfAny(java.lang.String,java.lang.String[]):1788:71272:str == null || searchStrs == null |==> searchStrs == null
693:COR:||(boolean,boolean):TRUE(boolean,boolean):org.apache.commons.lang3.StringUtils@indexOfAny(java.lang.String,java.lang.String[]):1788:71269:str == null || searchStrs == null |==> true
694:LVR:0:POS:org.apache.commons.lang3.StringUtils@indexOfAny(java.lang.String,java.lang.String[]):1797:71509:0 |==> 1
695:LVR:0:NEG:org.apache.commons.lang3.StringUtils@indexOfAny(java.lang.String,java.lang.String[]):1797:71509:0 |==> -1
696:ROR:<(int,int):!=(int,int):org.apache.commons.lang3.StringUtils@indexOfAny(java.lang.String,java.lang.String[]):1797:71512:i < sz |==> i != sz
697:ROR:<(int,int):<=(int,int):org.apache.commons.lang3.StringUtils@indexOfAny(java.lang.String,java.lang.String[]):1797:71512:i < sz |==> i <= sz
698:ROR:<(int,int):FALSE(int,int):org.apache.commons.lang3.StringUtils@indexOfAny(java.lang.String,java.lang.String[]):1797:71514:i < sz |==> false
699:ROR:==(java.lang.Object,java.lang.Object):FALSE(java.lang.Object,java.lang.Object):org.apache.commons.lang3.StringUtils@indexOfAny(java.lang.String,java.lang.String[]):1799:71593:search == null |==> false
700:STD:<ASSIGN>:<NO-OP>:org.apache.commons.lang3.StringUtils@indexOfAny(java.lang.String,java.lang.String[]):1802:71656:tmp = str.indexOf(search); |==> <NO-OP>
701:ROR:==(int,int):<=(int,int):org.apache.commons.lang3.StringUtils@indexOfAny(java.lang.String,java.lang.String[]):1803:71699:tmp == INDEX_NOT_FOUND |==> tmp <= INDEX_NOT_FOUND
702:ROR:==(int,int):>=(int,int):org.apache.commons.lang3.StringUtils@indexOfAny(java.lang.String,java.lang.String[]):1803:71699:tmp == INDEX_NOT_FOUND |==> tmp >= INDEX_NOT_FOUND
703:ROR:==(int,int):FALSE(int,int):org.apache.commons.lang3.StringUtils@indexOfAny(java.lang.String,java.lang.String[]):1803:71703:tmp == INDEX_NOT_FOUND |==> false
704:ROR:<(int,int):!=(int,int):org.apache.commons.lang3.StringUtils@indexOfAny(java.lang.String,java.lang.String[]):1807:71782:tmp < ret |==> tmp != ret
705:ROR:<(int,int):<=(int,int):org.apache.commons.lang3.StringUtils@indexOfAny(java.lang.String,java.lang.String[]):1807:71782:tmp < ret |==> tmp <= ret
706:ROR:<(int,int):FALSE(int,int):org.apache.commons.lang3.StringUtils@indexOfAny(java.lang.String,java.lang.String[]):1807:71786:tmp < ret |==> false
707:STD:<ASSIGN>:<NO-OP>:org.apache.commons.lang3.StringUtils@indexOfAny(java.lang.String,java.lang.String[]):1808:71811:ret = tmp; |==> <NO-OP>
708:ROR:==(int,int):<=(int,int):org.apache.commons.lang3.StringUtils@indexOfAny(java.lang.String,java.lang.String[]):1812:71863:ret == Integer.MAX_VALUE |==> ret <= Integer.MAX_VALUE
709:ROR:==(int,int):FALSE(int,int):org.apache.commons.lang3.StringUtils@indexOfAny(java.lang.String,java.lang.String[]):1812:71867:ret == Integer.MAX_VALUE |==> false
710:ROR:==(java.lang.Object,java.lang.Object):FALSE(java.lang.Object,java.lang.Object):org.apache.commons.lang3.StringUtils@lastIndexOfAny(java.lang.String,java.lang.String[]):1841:73315:str == null |==> false
711:ROR:==(java.lang.Object,java.lang.Object):FALSE(java.lang.Object,java.lang.Object):org.apache.commons.lang3.StringUtils@lastIndexOfAny(java.lang.String,java.lang.String[]):1841:73337:searchStrs == null |==> false
712:COR:||(boolean,boolean):!=(boolean,boolean):org.apache.commons.lang3.StringUtils@lastIndexOfAny(java.lang.String,java.lang.String[]):1841:73311:str == null || searchStrs == null |==> str == null != (searchStrs == null)
713:COR:||(boolean,boolean):LHS(boolean,boolean):org.apache.commons.lang3.StringUtils@lastIndexOfAny(java.lang.String,java.lang.String[]):1841:73311:str == null || searchStrs == null |==> str == null
714:COR:||(boolean,boolean):RHS(boolean,boolean):org.apache.commons.lang3.StringUtils@lastIndexOfAny(java.lang.String,java.lang.String[]):1841:73326:str == null || searchStrs == null |==> searchStrs == null
715:COR:||(boolean,boolean):TRUE(boolean,boolean):org.apache.commons.lang3.StringUtils@lastIndexOfAny(java.lang.String,java.lang.String[]):1841:73323:str == null || searchStrs == null |==> true
716:LVR:0:POS:org.apache.commons.lang3.StringUtils@lastIndexOfAny(java.lang.String,java.lang.String[]):1847:73507:0 |==> 1
717:LVR:0:NEG:org.apache.commons.lang3.StringUtils@lastIndexOfAny(java.lang.String,java.lang.String[]):1847:73507:0 |==> -1
718:ROR:<(int,int):!=(int,int):org.apache.commons.lang3.StringUtils@lastIndexOfAny(java.lang.String,java.lang.String[]):1847:73510:i < sz |==> i != sz
719:ROR:<(int,int):<=(int,int):org.apache.commons.lang3.StringUtils@lastIndexOfAny(java.lang.String,java.lang.String[]):1847:73510:i < sz |==> i <= sz
720:ROR:<(int,int):FALSE(int,int):org.apache.commons.lang3.StringUtils@lastIndexOfAny(java.lang.String,java.lang.String[]):1847:73512:i < sz |==> false
721:ROR:==(java.lang.Object,java.lang.Object):FALSE(java.lang.Object,java.lang.Object):org.apache.commons.lang3.StringUtils@lastIndexOfAny(java.lang.String,java.lang.String[]):1849:73591:search == null |==> false
722:STD:<ASSIGN>:<NO-OP>:org.apache.commons.lang3.StringUtils@lastIndexOfAny(java.lang.String,java.lang.String[]):1852:73654:tmp = str.lastIndexOf(search); |==> <NO-OP>
723:ROR:>(int,int):!=(int,int):org.apache.commons.lang3.StringUtils@lastIndexOfAny(java.lang.String,java.lang.String[]):1853:73701:tmp > ret |==> tmp != ret
724:ROR:>(int,int):>=(int,int):org.apache.commons.lang3.StringUtils@lastIndexOfAny(java.lang.String,java.lang.String[]):1853:73701:tmp > ret |==> tmp >= ret
725:ROR:>(int,int):FALSE(int,int):org.apache.commons.lang3.StringUtils@lastIndexOfAny(java.lang.String,java.lang.String[]):1853:73705:tmp > ret |==> false
726:STD:<ASSIGN>:<NO-OP>:org.apache.commons.lang3.StringUtils@lastIndexOfAny(java.lang.String,java.lang.String[]):1854:73730:ret = tmp; |==> <NO-OP>
727:ROR:==(java.lang.Object,java.lang.Object):FALSE(java.lang.Object,java.lang.Object):org.apache.commons.lang3.StringUtils@substring(java.lang.String,int):1887:74964:str == null |==> false
728:LVR:0:POS:org.apache.commons.lang3.StringUtils@substring(java.lang.String,int):1892:75090:0 |==> 1
729:LVR:0:NEG:org.apache.commons.lang3.StringUtils@substring(java.lang.String,int):1892:75090:0 |==> -1
730:ROR:<(int,int):!=(int,int):org.apache.commons.lang3.StringUtils@substring(java.lang.String,int):1892:75082:start < 0 |==> start != 0
731:ROR:<(int,int):<=(int,int):org.apache.commons.lang3.StringUtils@substring(java.lang.String,int):1892:75082:start < 0 |==> start <= 0
732:ROR:<(int,int):FALSE(int,int):org.apache.commons.lang3.StringUtils@substring(java.lang.String,int):1892:75088:start < 0 |==> false
733:AOR:+(int,int):%(int,int):org.apache.commons.lang3.StringUtils@substring(java.lang.String,int):1893:75115:str.length() + start |==> str.length() % start
734:AOR:+(int,int):*(int,int):org.apache.commons.lang3.StringUtils@substring(java.lang.String,int):1893:75115:str.length() + start |==> str.length() * start
735:AOR:+(int,int):-(int,int):org.apache.commons.lang3.StringUtils@substring(java.lang.String,int):1893:75115:str.length() + start |==> str.length() - start
736:AOR:+(int,int):/(int,int):org.apache.commons.lang3.StringUtils@substring(java.lang.String,int):1893:75115:str.length() + start |==> str.length() / start
737:STD:<ASSIGN>:<NO-OP>:org.apache.commons.lang3.StringUtils@substring(java.lang.String,int):1893:75107:start = str.length() + start; |==> <NO-OP>
738:LVR:0:POS:org.apache.commons.lang3.StringUtils@substring(java.lang.String,int):1896:75198:0 |==> 1
739:LVR:0:NEG:org.apache.commons.lang3.StringUtils@substring(java.lang.String,int):1896:75198:0 |==> -1
740:ROR:<(int,int):!=(int,int):org.apache.commons.lang3.StringUtils@substring(java.lang.String,int):1896:75190:start < 0 |==> start != 0
741:ROR:<(int,int):<=(int,int):org.apache.commons.lang3.StringUtils@substring(java.lang.String,int):1896:75190:start < 0 |==> start <= 0
742:ROR:<(int,int):FALSE(int,int):org.apache.commons.lang3.StringUtils@substring(java.lang.String,int):1896:75196:start < 0 |==> false
743:LVR:0:POS:org.apache.commons.lang3.StringUtils@substring(java.lang.String,int):1897:75223:0 |==> 1
744:LVR:0:NEG:org.apache.commons.lang3.StringUtils@substring(java.lang.String,int):1897:75223:0 |==> -1
745:STD:<ASSIGN>:<NO-OP>:org.apache.commons.lang3.StringUtils@substring(java.lang.String,int):1897:75215:start = 0; |==> <NO-OP>
746:ROR:>(int,int):!=(int,int):org.apache.commons.lang3.StringUtils@substring(java.lang.String,int):1899:75248:start > str.length() |==> start != str.length()
747:ROR:>(int,int):>=(int,int):org.apache.commons.lang3.StringUtils@substring(java.lang.String,int):1899:75248:start > str.length() |==> start >= str.length()
748:ROR:>(int,int):FALSE(int,int):org.apache.commons.lang3.StringUtils@substring(java.lang.String,int):1899:75254:start > str.length() |==> false
749:ROR:==(java.lang.Object,java.lang.Object):FALSE(java.lang.Object,java.lang.Object):org.apache.commons.lang3.StringUtils@substring(java.lang.String,int,int):1942:77114:str == null |==> false
750:LVR:0:POS:org.apache.commons.lang3.StringUtils@substring(java.lang.String,int,int):1947:77207:0 |==> 1
751:LVR:0:NEG:org.apache.commons.lang3.StringUtils@substring(java.lang.String,int,int):1947:77207:0 |==> -1
752:ROR:<(int,int):!=(int,int):org.apache.commons.lang3.StringUtils@substring(java.lang.String,int,int):1947:77201:end < 0 |==> end != 0
753:ROR:<(int,int):<=(int,int):org.apache.commons.lang3.StringUtils@substring(java.lang.String,int,int):1947:77201:end < 0 |==> end <= 0
754:ROR:<(int,int):FALSE(int,int):org.apache.commons.lang3.StringUtils@substring(java.lang.String,int,int):1947:77205:end < 0 |==> false
755:AOR:+(int,int):%(int,int):org.apache.commons.lang3.StringUtils@substring(java.lang.String,int,int):1948:77230:str.length() + end |==> str.length() % end
756:AOR:+(int,int):*(int,int):org.apache.commons.lang3.StringUtils@substring(java.lang.String,int,int):1948:77230:str.length() + end |==> str.length() * end
757:AOR:+(int,int):-(int,int):org.apache.commons.lang3.StringUtils@substring(java.lang.String,int,int):1948:77230:str.length() + end |==> str.length() - end
758:AOR:+(int,int):/(int,int):org.apache.commons.lang3.StringUtils@substring(java.lang.String,int,int):1948:77230:str.length() + end |==> str.length() / end
759:STD:<ASSIGN>:<NO-OP>:org.apache.commons.lang3.StringUtils@substring(java.lang.String,int,int):1948:77224:end = str.length() + end; |==> <NO-OP>
760:LVR:0:POS:org.apache.commons.lang3.StringUtils@substring(java.lang.String,int,int):1950:77308:0 |==> 1
761:LVR:0:NEG:org.apache.commons.lang3.StringUtils@substring(java.lang.String,int,int):1950:77308:0 |==> -1
762:ROR:<(int,int):!=(int,int):org.apache.commons.lang3.StringUtils@substring(java.lang.String,int,int):1950:77300:start < 0 |==> start != 0
763:ROR:<(int,int):<=(int,int):org.apache.commons.lang3.StringUtils@substring(java.lang.String,int,int):1950:77300:start < 0 |==> start <= 0
764:ROR:<(int,int):FALSE(int,int):org.apache.commons.lang3.StringUtils@substring(java.lang.String,int,int):1950:77306:start < 0 |==> false
765:AOR:+(int,int):%(int,int):org.apache.commons.lang3.StringUtils@substring(java.lang.String,int,int):1951:77333:str.length() + start |==> str.length() % start
766:AOR:+(int,int):*(int,int):org.apache.commons.lang3.StringUtils@substring(java.lang.String,int,int):1951:77333:str.length() + start |==> str.length() * start
767:AOR:+(int,int):-(int,int):org.apache.commons.lang3.StringUtils@substring(java.lang.String,int,int):1951:77333:str.length() + start |==> str.length() - start
768:AOR:+(int,int):/(int,int):org.apache.commons.lang3.StringUtils@substring(java.lang.String,int,int):1951:77333:str.length() + start |==> str.length() / start
769:STD:<ASSIGN>:<NO-OP>:org.apache.commons.lang3.StringUtils@substring(java.lang.String,int,int):1951:77325:start = str.length() + start; |==> <NO-OP>
770:ROR:>(int,int):!=(int,int):org.apache.commons.lang3.StringUtils@substring(java.lang.String,int,int):1955:77437:end > str.length() |==> end != str.length()
771:ROR:>(int,int):>=(int,int):org.apache.commons.lang3.StringUtils@substring(java.lang.String,int,int):1955:77437:end > str.length() |==> end >= str.length()
772:ROR:>(int,int):FALSE(int,int):org.apache.commons.lang3.StringUtils@substring(java.lang.String,int,int):1955:77441:end > str.length() |==> false
773:STD:<ASSIGN>:<NO-OP>:org.apache.commons.lang3.StringUtils@substring(java.lang.String,int,int):1956:77471:end = str.length(); |==> <NO-OP>
774:ROR:>(int,int):!=(int,int):org.apache.commons.lang3.StringUtils@substring(java.lang.String,int,int):1960:77565:start > end |==> start != end
775:ROR:>(int,int):>=(int,int):org.apache.commons.lang3.StringUtils@substring(java.lang.String,int,int):1960:77565:start > end |==> start >= end
776:ROR:>(int,int):FALSE(int,int):org.apache.commons.lang3.StringUtils@substring(java.lang.String,int,int):1960:77571:start > end |==> false
777:LVR:0:POS:org.apache.commons.lang3.StringUtils@substring(java.lang.String,int,int):1964:77637:0 |==> 1
778:LVR:0:NEG:org.apache.commons.lang3.StringUtils@substring(java.lang.String,int,int):1964:77637:0 |==> -1
779:ROR:<(int,int):!=(int,int):org.apache.commons.lang3.StringUtils@substring(java.lang.String,int,int):1964:77629:start < 0 |==> start != 0
780:ROR:<(int,int):<=(int,int):org.apache.commons.lang3.StringUtils@substring(java.lang.String,int,int):1964:77629:start < 0 |==> start <= 0
781:ROR:<(int,int):FALSE(int,int):org.apache.commons.lang3.StringUtils@substring(java.lang.String,int,int):1964:77635:start < 0 |==> false
782:LVR:0:POS:org.apache.commons.lang3.StringUtils@substring(java.lang.String,int,int):1965:77662:0 |==> 1
783:LVR:0:NEG:org.apache.commons.lang3.StringUtils@substring(java.lang.String,int,int):1965:77662:0 |==> -1
784:STD:<ASSIGN>:<NO-OP>:org.apache.commons.lang3.StringUtils@substring(java.lang.String,int,int):1965:77654:start = 0; |==> <NO-OP>
785:LVR:0:POS:org.apache.commons.lang3.StringUtils@substring(java.lang.String,int,int):1967:77693:0 |==> 1
786:LVR:0:NEG:org.apache.commons.lang3.StringUtils@substring(java.lang.String,int,int):1967:77693:0 |==> -1
787:ROR:<(int,int):!=(int,int):org.apache.commons.lang3.StringUtils@substring(java.lang.String,int,int):1967:77687:end < 0 |==> end != 0
788:ROR:<(int,int):<=(int,int):org.apache.commons.lang3.StringUtils@substring(java.lang.String,int,int):1967:77687:end < 0 |==> end <= 0
789:ROR:<(int,int):FALSE(int,int):org.apache.commons.lang3.StringUtils@substring(java.lang.String,int,int):1967:77691:end < 0 |==> false
790:LVR:0:POS:org.apache.commons.lang3.StringUtils@substring(java.lang.String,int,int):1968:77716:0 |==> 1
791:LVR:0:NEG:org.apache.commons.lang3.StringUtils@substring(java.lang.String,int,int):1968:77716:0 |==> -1
792:STD:<ASSIGN>:<NO-OP>:org.apache.commons.lang3.StringUtils@substring(java.lang.String,int,int):1968:77710:end = 0; |==> <NO-OP>
793:ROR:==(java.lang.Object,java.lang.Object):FALSE(java.lang.Object,java.lang.Object):org.apache.commons.lang3.StringUtils@left(java.lang.String,int):1997:78782:str == null |==> false
794:LVR:0:POS:org.apache.commons.lang3.StringUtils@left(java.lang.String,int):2000:78846:0 |==> 1
795:LVR:0:NEG:org.apache.commons.lang3.StringUtils@left(java.lang.String,int):2000:78846:0 |==> -1
796:ROR:<(int,int):!=(int,int):org.apache.commons.lang3.StringUtils@left(java.lang.String,int):2000:78840:len < 0 |==> len != 0
797:ROR:<(int,int):<=(int,int):org.apache.commons.lang3.StringUtils@left(java.lang.String,int):2000:78840:len < 0 |==> len <= 0
798:ROR:<(int,int):FALSE(int,int):org.apache.commons.lang3.StringUtils@left(java.lang.String,int):2000:78844:len < 0 |==> false
799:ROR:<=(int,int):<(int,int):org.apache.commons.lang3.StringUtils@left(java.lang.String,int):2003:78899:str.length() <= len |==> str.length() < len
800:ROR:<=(int,int):==(int,int):org.apache.commons.lang3.StringUtils@left(java.lang.String,int):2003:78899:str.length() <= len |==> str.length() == len
801:ROR:<=(int,int):TRUE(int,int):org.apache.commons.lang3.StringUtils@left(java.lang.String,int):2003:78912:str.length() <= len |==> true
802:LVR:0:POS:org.apache.commons.lang3.StringUtils@left(java.lang.String,int):2006:78985:0 |==> 1
803:LVR:0:NEG:org.apache.commons.lang3.StringUtils@left(java.lang.String,int):2006:78985:0 |==> -1
804:ROR:==(java.lang.Object,java.lang.Object):FALSE(java.lang.Object,java.lang.Object):org.apache.commons.lang3.StringUtils@right(java.lang.String,int):2030:79917:str == null |==> false
805:LVR:0:POS:org.apache.commons.lang3.StringUtils@right(java.lang.String,int):2033:79981:0 |==> 1
806:LVR:0:NEG:org.apache.commons.lang3.StringUtils@right(java.lang.String,int):2033:79981:0 |==> -1
807:ROR:<(int,int):!=(int,int):org.apache.commons.lang3.StringUtils@right(java.lang.String,int):2033:79975:len < 0 |==> len != 0
808:ROR:<(int,int):<=(int,int):org.apache.commons.lang3.StringUtils@right(java.lang.String,int):2033:79975:len < 0 |==> len <= 0
809:ROR:<(int,int):FALSE(int,int):org.apache.commons.lang3.StringUtils@right(java.lang.String,int):2033:79979:len < 0 |==> false
810:ROR:<=(int,int):<(int,int):org.apache.commons.lang3.StringUtils@right(java.lang.String,int):2036:80034:str.length() <= len |==> str.length() < len
811:ROR:<=(int,int):==(int,int):org.apache.commons.lang3.StringUtils@right(java.lang.String,int):2036:80034:str.length() <= len |==> str.length() == len
812:ROR:<=(int,int):TRUE(int,int):org.apache.commons.lang3.StringUtils@right(java.lang.String,int):2036:80047:str.length() <= len |==> true
813:AOR:-(int,int):%(int,int):org.apache.commons.lang3.StringUtils@right(java.lang.String,int):2039:80120:str.length() - len |==> str.length() % len
814:AOR:-(int,int):*(int,int):org.apache.commons.lang3.StringUtils@right(java.lang.String,int):2039:80120:str.length() - len |==> str.length() * len
815:AOR:-(int,int):+(int,int):org.apache.commons.lang3.StringUtils@right(java.lang.String,int):2039:80120:str.length() - len |==> str.length() + len
816:AOR:-(int,int):/(int,int):org.apache.commons.lang3.StringUtils@right(java.lang.String,int):2039:80120:str.length() - len |==> str.length() / len
817:ROR:==(java.lang.Object,java.lang.Object):FALSE(java.lang.Object,java.lang.Object):org.apache.commons.lang3.StringUtils@mid(java.lang.String,int,int):2067:81284:str == null |==> false
818:LVR:0:POS:org.apache.commons.lang3.StringUtils@mid(java.lang.String,int,int):2070:81348:0 |==> 1
819:LVR:0:NEG:org.apache.commons.lang3.StringUtils@mid(java.lang.String,int,int):2070:81348:0 |==> -1
820:ROR:<(int,int):!=(int,int):org.apache.commons.lang3.StringUtils@mid(java.lang.String,int,int):2070:81342:len < 0 |==> len != 0
821:ROR:<(int,int):<=(int,int):org.apache.commons.lang3.StringUtils@mid(java.lang.String,int,int):2070:81342:len < 0 |==> len <= 0
822:ROR:<(int,int):FALSE(int,int):org.apache.commons.lang3.StringUtils@mid(java.lang.String,int,int):2070:81346:len < 0 |==> false
823:ROR:>(int,int):!=(int,int):org.apache.commons.lang3.StringUtils@mid(java.lang.String,int,int):2070:81353:pos > str.length() |==> pos != str.length()
824:ROR:>(int,int):>=(int,int):org.apache.commons.lang3.StringUtils@mid(java.lang.String,int,int):2070:81353:pos > str.length() |==> pos >= str.length()
825:ROR:>(int,int):FALSE(int,int):org.apache.commons.lang3.StringUtils@mid(java.lang.String,int,int):2070:81357:pos > str.length() |==> false
826:COR:||(boolean,boolean):!=(boolean,boolean):org.apache.commons.lang3.StringUtils@mid(java.lang.String,int,int):2070:81342:len < 0 || pos > str.length() |==> len < 0 != pos > str.length()
827:COR:||(boolean,boolean):LHS(boolean,boolean):org.apache.commons.lang3.StringUtils@mid(java.lang.String,int,int):2070:81342:len < 0 || pos > str.length() |==> len < 0
828:COR:||(boolean,boolean):RHS(boolean,boolean):org.apache.commons.lang3.StringUtils@mid(java.lang.String,int,int):2070:81353:len < 0 || pos > str.length() |==> pos > str.length()
829:COR:||(boolean,boolean):TRUE(boolean,boolean):org.apache.commons.lang3.StringUtils@mid(java.lang.String,int,int):2070:81350:len < 0 || pos > str.length() |==> true
830:LVR:0:POS:org.apache.commons.lang3.StringUtils@mid(java.lang.String,int,int):2073:81429:0 |==> 1
831:LVR:0:NEG:org.apache.commons.lang3.StringUtils@mid(java.lang.String,int,int):2073:81429:0 |==> -1
832:ROR:<(int,int):!=(int,int):org.apache.commons.lang3.StringUtils@mid(java.lang.String,int,int):2073:81423:pos < 0 |==> pos != 0
833:ROR:<(int,int):<=(int,int):org.apache.commons.lang3.StringUtils@mid(java.lang.String,int,int):2073:81423:pos < 0 |==> pos <= 0
834:ROR:<(int,int):FALSE(int,int):org.apache.commons.lang3.StringUtils@mid(java.lang.String,int,int):2073:81427:pos < 0 |==> false
835:LVR:0:POS:org.apache.commons.lang3.StringUtils@mid(java.lang.String,int,int):2074:81452:0 |==> 1
836:LVR:0:NEG:org.apache.commons.lang3.StringUtils@mid(java.lang.String,int,int):2074:81452:0 |==> -1
837:STD:<ASSIGN>:<NO-OP>:org.apache.commons.lang3.StringUtils@mid(java.lang.String,int,int):2074:81446:pos = 0; |==> <NO-OP>
838:AOR:+(int,int):%(int,int):org.apache.commons.lang3.StringUtils@mid(java.lang.String,int,int):2076:81494:pos + len |==> pos % len
839:AOR:+(int,int):*(int,int):org.apache.commons.lang3.StringUtils@mid(java.lang.String,int,int):2076:81494:pos + len |==> pos * len
840:AOR:+(int,int):-(int,int):org.apache.commons.lang3.StringUtils@mid(java.lang.String,int,int):2076:81494:pos + len |==> pos - len
841:AOR:+(int,int):/(int,int):org.apache.commons.lang3.StringUtils@mid(java.lang.String,int,int):2076:81494:pos + len |==> pos / len
842:ROR:<=(int,int):<(int,int):org.apache.commons.lang3.StringUtils@mid(java.lang.String,int,int):2076:81477:str.length() <= (pos + len) |==> str.length() < (pos + len)
843:ROR:<=(int,int):==(int,int):org.apache.commons.lang3.StringUtils@mid(java.lang.String,int,int):2076:81477:str.length() <= (pos + len) |==> str.length() == (pos + len)
844:ROR:<=(int,int):TRUE(int,int):org.apache.commons.lang3.StringUtils@mid(java.lang.String,int,int):2076:81490:str.length() <= (pos + len) |==> true
845:AOR:+(int,int):%(int,int):org.apache.commons.lang3.StringUtils@mid(java.lang.String,int,int):2079:81591:pos + len |==> pos % len
846:AOR:+(int,int):*(int,int):org.apache.commons.lang3.StringUtils@mid(java.lang.String,int,int):2079:81591:pos + len |==> pos * len
847:AOR:+(int,int):-(int,int):org.apache.commons.lang3.StringUtils@mid(java.lang.String,int,int):2079:81591:pos + len |==> pos - len
848:AOR:+(int,int):/(int,int):org.apache.commons.lang3.StringUtils@mid(java.lang.String,int,int):2079:81591:pos + len |==> pos / len
849:ROR:==(java.lang.Object,java.lang.Object):FALSE(java.lang.Object,java.lang.Object):org.apache.commons.lang3.StringUtils@substringBefore(java.lang.String,java.lang.String):2112:83010:separator == null |==> false
850:COR:||(boolean,boolean):!=(boolean,boolean):org.apache.commons.lang3.StringUtils@substringBefore(java.lang.String,java.lang.String):2112:82984:isEmpty(str) || separator == null |==> isEmpty(str) != (separator == null)
851:COR:||(boolean,boolean):LHS(boolean,boolean):org.apache.commons.lang3.StringUtils@substringBefore(java.lang.String,java.lang.String):2112:82984:isEmpty(str) || separator == null |==> isEmpty(str)
852:COR:||(boolean,boolean):RHS(boolean,boolean):org.apache.commons.lang3.StringUtils@substringBefore(java.lang.String,java.lang.String):2112:83000:isEmpty(str) || separator == null |==> separator == null
853:COR:||(boolean,boolean):TRUE(boolean,boolean):org.apache.commons.lang3.StringUtils@substringBefore(java.lang.String,java.lang.String):2112:82997:isEmpty(str) || separator == null |==> true
854:LVR:0:POS:org.apache.commons.lang3.StringUtils@substringBefore(java.lang.String,java.lang.String):2115:83089:0 |==> 1
855:LVR:0:NEG:org.apache.commons.lang3.StringUtils@substringBefore(java.lang.String,java.lang.String):2115:83089:0 |==> -1
856:ROR:==(int,int):>=(int,int):org.apache.commons.lang3.StringUtils@substringBefore(java.lang.String,java.lang.String):2115:83067:separator.length() == 0 |==> separator.length() >= 0
857:ROR:==(int,int):FALSE(int,int):org.apache.commons.lang3.StringUtils@substringBefore(java.lang.String,java.lang.String):2115:83086:separator.length() == 0 |==> false
858:ROR:==(int,int):<=(int,int):org.apache.commons.lang3.StringUtils@substringBefore(java.lang.String,java.lang.String):2119:83184:pos == INDEX_NOT_FOUND |==> pos <= INDEX_NOT_FOUND
859:ROR:==(int,int):>=(int,int):org.apache.commons.lang3.StringUtils@substringBefore(java.lang.String,java.lang.String):2119:83184:pos == INDEX_NOT_FOUND |==> pos >= INDEX_NOT_FOUND
860:ROR:==(int,int):FALSE(int,int):org.apache.commons.lang3.StringUtils@substringBefore(java.lang.String,java.lang.String):2119:83188:pos == INDEX_NOT_FOUND |==> false
861:LVR:0:POS:org.apache.commons.lang3.StringUtils@substringBefore(java.lang.String,java.lang.String):2122:83273:0 |==> 1
862:LVR:0:NEG:org.apache.commons.lang3.StringUtils@substringBefore(java.lang.String,java.lang.String):2122:83273:0 |==> -1
863:COR:<METHOD_INVOCATION(boolean)>:FALSE:org.apache.commons.lang3.StringUtils@substringAfter(java.lang.String,java.lang.String):2154:84594:isEmpty(str) |==> false
864:COR:<METHOD_INVOCATION(boolean)>:TRUE:org.apache.commons.lang3.StringUtils@substringAfter(java.lang.String,java.lang.String):2154:84594:isEmpty(str) |==> true
865:ROR:==(java.lang.Object,java.lang.Object):FALSE(java.lang.Object,java.lang.Object):org.apache.commons.lang3.StringUtils@substringAfter(java.lang.String,java.lang.String):2157:84659:separator == null |==> false
866:ROR:==(int,int):<=(int,int):org.apache.commons.lang3.StringUtils@substringAfter(java.lang.String,java.lang.String):2161:84760:pos == INDEX_NOT_FOUND |==> pos <= INDEX_NOT_FOUND
867:ROR:==(int,int):>=(int,int):org.apache.commons.lang3.StringUtils@substringAfter(java.lang.String,java.lang.String):2161:84760:pos == INDEX_NOT_FOUND |==> pos >= INDEX_NOT_FOUND
868:ROR:==(int,int):FALSE(int,int):org.apache.commons.lang3.StringUtils@substringAfter(java.lang.String,java.lang.String):2161:84764:pos == INDEX_NOT_FOUND |==> false
869:AOR:+(int,int):%(int,int):org.apache.commons.lang3.StringUtils@substringAfter(java.lang.String,java.lang.String):2164:84851:pos + separator.length() |==> pos % separator.length()
870:AOR:+(int,int):*(int,int):org.apache.commons.lang3.StringUtils@substringAfter(java.lang.String,java.lang.String):2164:84851:pos + separator.length() |==> pos * separator.length()
871:AOR:+(int,int):-(int,int):org.apache.commons.lang3.StringUtils@substringAfter(java.lang.String,java.lang.String):2164:84851:pos + separator.length() |==> pos - separator.length()
872:AOR:+(int,int):/(int,int):org.apache.commons.lang3.StringUtils@substringAfter(java.lang.String,java.lang.String):2164:84851:pos + separator.length() |==> pos / separator.length()
873:COR:||(boolean,boolean):!=(boolean,boolean):org.apache.commons.lang3.StringUtils@substringBeforeLast(java.lang.String,java.lang.String):2195:86186:isEmpty(str) || isEmpty(separator) |==> isEmpty(str) != isEmpty(separator)
874:COR:||(boolean,boolean):LHS(boolean,boolean):org.apache.commons.lang3.StringUtils@substringBeforeLast(java.lang.String,java.lang.String):2195:86186:isEmpty(str) || isEmpty(separator) |==> isEmpty(str)
875:COR:||(boolean,boolean):RHS(boolean,boolean):org.apache.commons.lang3.StringUtils@substringBeforeLast(java.lang.String,java.lang.String):2195:86202:isEmpty(str) || isEmpty(separator) |==> isEmpty(separator)
876:COR:||(boolean,boolean):TRUE(boolean,boolean):org.apache.commons.lang3.StringUtils@substringBeforeLast(java.lang.String,java.lang.String):2195:86199:isEmpty(str) || isEmpty(separator) |==> true
877:ROR:==(int,int):<=(int,int):org.apache.commons.lang3.StringUtils@substringBeforeLast(java.lang.String,java.lang.String):2199:86316:pos == INDEX_NOT_FOUND |==> pos <= INDEX_NOT_FOUND
878:ROR:==(int,int):>=(int,int):org.apache.commons.lang3.StringUtils@substringBeforeLast(java.lang.String,java.lang.String):2199:86316:pos == INDEX_NOT_FOUND |==> pos >= INDEX_NOT_FOUND
879:ROR:==(int,int):FALSE(int,int):org.apache.commons.lang3.StringUtils@substringBeforeLast(java.lang.String,java.lang.String):2199:86320:pos == INDEX_NOT_FOUND |==> false
880:LVR:0:POS:org.apache.commons.lang3.StringUtils@substringBeforeLast(java.lang.String,java.lang.String):2202:86405:0 |==> 1
881:LVR:0:NEG:org.apache.commons.lang3.StringUtils@substringBeforeLast(java.lang.String,java.lang.String):2202:86405:0 |==> -1
882:COR:<METHOD_INVOCATION(boolean)>:FALSE:org.apache.commons.lang3.StringUtils@substringAfterLast(java.lang.String,java.lang.String):2235:87822:isEmpty(str) |==> false
883:COR:<METHOD_INVOCATION(boolean)>:TRUE:org.apache.commons.lang3.StringUtils@substringAfterLast(java.lang.String,java.lang.String):2235:87822:isEmpty(str) |==> true
884:COR:<METHOD_INVOCATION(boolean)>:FALSE:org.apache.commons.lang3.StringUtils@substringAfterLast(java.lang.String,java.lang.String):2238:87884:isEmpty(separator) |==> false
885:COR:<METHOD_INVOCATION(boolean)>:TRUE:org.apache.commons.lang3.StringUtils@substringAfterLast(java.lang.String,java.lang.String):2238:87884:isEmpty(separator) |==> true
886:ROR:==(int,int):<=(int,int):org.apache.commons.lang3.StringUtils@substringAfterLast(java.lang.String,java.lang.String):2242:87993:pos == INDEX_NOT_FOUND |==> pos <= INDEX_NOT_FOUND
887:ROR:==(int,int):>=(int,int):org.apache.commons.lang3.StringUtils@substringAfterLast(java.lang.String,java.lang.String):2242:87993:pos == INDEX_NOT_FOUND |==> pos >= INDEX_NOT_FOUND
888:ROR:==(int,int):FALSE(int,int):org.apache.commons.lang3.StringUtils@substringAfterLast(java.lang.String,java.lang.String):2242:87997:pos == INDEX_NOT_FOUND |==> false
889:AOR:-(int,int):%(int,int):org.apache.commons.lang3.StringUtils@substringAfterLast(java.lang.String,java.lang.String):2242:88027:str.length() - separator.length() |==> str.length() % separator.length()
890:AOR:-(int,int):*(int,int):org.apache.commons.lang3.StringUtils@substringAfterLast(java.lang.String,java.lang.String):2242:88027:str.length() - separator.length() |==> str.length() * separator.length()
891:AOR:-(int,int):+(int,int):org.apache.commons.lang3.StringUtils@substringAfterLast(java.lang.String,java.lang.String):2242:88027:str.length() - separator.length() |==> str.length() + separator.length()
892:AOR:-(int,int):/(int,int):org.apache.commons.lang3.StringUtils@substringAfterLast(java.lang.String,java.lang.String):2242:88027:str.length() - separator.length() |==> str.length() / separator.length()
893:ROR:==(int,int):<=(int,int):org.apache.commons.lang3.StringUtils@substringAfterLast(java.lang.String,java.lang.String):2242:88019:pos == (str.length() - separator.length()) |==> pos <= (str.length() - separator.length())
894:ROR:==(int,int):>=(int,int):org.apache.commons.lang3.StringUtils@substringAfterLast(java.lang.String,java.lang.String):2242:88019:pos == (str.length() - separator.length()) |==> pos >= (str.length() - separator.length())
895:ROR:==(int,int):FALSE(int,int):org.apache.commons.lang3.StringUtils@substringAfterLast(java.lang.String,java.lang.String):2242:88023:pos == (str.length() - separator.length()) |==> false
896:COR:||(boolean,boolean):!=(boolean,boolean):org.apache.commons.lang3.StringUtils@substringAfterLast(java.lang.String,java.lang.String):2242:87993:pos == INDEX_NOT_FOUND || pos == (str.length() - separator.length()) |==> pos == INDEX_NOT_FOUND != (pos == (str.length() - separator.length()))
897:COR:||(boolean,boolean):LHS(boolean,boolean):org.apache.commons.lang3.StringUtils@substringAfterLast(java.lang.String,java.lang.String):2242:87993:pos == INDEX_NOT_FOUND || pos == (str.length() - separator.length()) |==> pos == INDEX_NOT_FOUND
898:COR:||(boolean,boolean):RHS(boolean,boolean):org.apache.commons.lang3.StringUtils@substringAfterLast(java.lang.String,java.lang.String):2242:88019:pos == INDEX_NOT_FOUND || pos == (str.length() - separator.length()) |==> pos == (str.length() - separator.length())
899:COR:||(boolean,boolean):TRUE(boolean,boolean):org.apache.commons.lang3.StringUtils@substringAfterLast(java.lang.String,java.lang.String):2242:88016:pos == INDEX_NOT_FOUND || pos == (str.length() - separator.length()) |==> true
900:AOR:+(int,int):%(int,int):org.apache.commons.lang3.StringUtils@substringAfterLast(java.lang.String,java.lang.String):2245:88130:pos + separator.length() |==> pos % separator.length()
901:AOR:+(int,int):*(int,int):org.apache.commons.lang3.StringUtils@substringAfterLast(java.lang.String,java.lang.String):2245:88130:pos + separator.length() |==> pos * separator.length()
902:AOR:+(int,int):-(int,int):org.apache.commons.lang3.StringUtils@substringAfterLast(java.lang.String,java.lang.String):2245:88130:pos + separator.length() |==> pos - separator.length()
903:AOR:+(int,int):/(int,int):org.apache.commons.lang3.StringUtils@substringAfterLast(java.lang.String,java.lang.String):2245:88130:pos + separator.length() |==> pos / separator.length()
904:ROR:==(java.lang.Object,java.lang.Object):FALSE(java.lang.Object,java.lang.Object):org.apache.commons.lang3.StringUtils@substringBetween(java.lang.String,java.lang.String,java.lang.String):2303:90680:str == null |==> false
905:ROR:==(java.lang.Object,java.lang.Object):FALSE(java.lang.Object,java.lang.Object):org.apache.commons.lang3.StringUtils@substringBetween(java.lang.String,java.lang.String,java.lang.String):2303:90696:open == null |==> false
906:COR:||(boolean,boolean):!=(boolean,boolean):org.apache.commons.lang3.StringUtils@substringBetween(java.lang.String,java.lang.String,java.lang.String):2303:90676:str == null || open == null |==> str == null != (open == null)
907:COR:||(boolean,boolean):LHS(boolean,boolean):org.apache.commons.lang3.StringUtils@substringBetween(java.lang.String,java.lang.String,java.lang.String):2303:90676:str == null || open == null |==> str == null
908:COR:||(boolean,boolean):RHS(boolean,boolean):org.apache.commons.lang3.StringUtils@substringBetween(java.lang.String,java.lang.String,java.lang.String):2303:90691:str == null || open == null |==> open == null
909:COR:||(boolean,boolean):TRUE(boolean,boolean):org.apache.commons.lang3.StringUtils@substringBetween(java.lang.String,java.lang.String,java.lang.String):2303:90688:str == null || open == null |==> true
910:ROR:==(java.lang.Object,java.lang.Object):FALSE(java.lang.Object,java.lang.Object):org.apache.commons.lang3.StringUtils@substringBetween(java.lang.String,java.lang.String,java.lang.String):2303:90713:close == null |==> false
911:COR:||(boolean,boolean):!=(boolean,boolean):org.apache.commons.lang3.StringUtils@substringBetween(java.lang.String,java.lang.String,java.lang.String):2303:90676:str == null || open == null || close == null |==> (str == null || open == null) != (close == null)
912:COR:||(boolean,boolean):LHS(boolean,boolean):org.apache.commons.lang3.StringUtils@substringBetween(java.lang.String,java.lang.String,java.lang.String):2303:90676:str == null || open == null || close == null |==> str == null || open == null
913:COR:||(boolean,boolean):RHS(boolean,boolean):org.apache.commons.lang3.StringUtils@substringBetween(java.lang.String,java.lang.String,java.lang.String):2303:90707:str == null || open == null || close == null |==> close == null
914:COR:||(boolean,boolean):TRUE(boolean,boolean):org.apache.commons.lang3.StringUtils@substringBetween(java.lang.String,java.lang.String,java.lang.String):2303:90704:str == null || open == null || close == null |==> true
915:ROR:!=(int,int):<(int,int):org.apache.commons.lang3.StringUtils@substringBetween(java.lang.String,java.lang.String,java.lang.String):2307:90810:start != INDEX_NOT_FOUND |==> start < INDEX_NOT_FOUND
916:ROR:!=(int,int):>(int,int):org.apache.commons.lang3.StringUtils@substringBetween(java.lang.String,java.lang.String,java.lang.String):2307:90810:start != INDEX_NOT_FOUND |==> start > INDEX_NOT_FOUND
917:ROR:!=(int,int):TRUE(int,int):org.apache.commons.lang3.StringUtils@substringBetween(java.lang.String,java.lang.String,java.lang.String):2307:90816:start != INDEX_NOT_FOUND |==> true
918:AOR:+(int,int):%(int,int):org.apache.commons.lang3.StringUtils@substringBetween(java.lang.String,java.lang.String,java.lang.String):2308:90879:start + open.length() |==> start % open.length()
919:AOR:+(int,int):*(int,int):org.apache.commons.lang3.StringUtils@substringBetween(java.lang.String,java.lang.String,java.lang.String):2308:90879:start + open.length() |==> start * open.length()
920:AOR:+(int,int):-(int,int):org.apache.commons.lang3.StringUtils@substringBetween(java.lang.String,java.lang.String,java.lang.String):2308:90879:start + open.length() |==> start - open.length()
921:AOR:+(int,int):/(int,int):org.apache.commons.lang3.StringUtils@substringBetween(java.lang.String,java.lang.String,java.lang.String):2308:90879:start + open.length() |==> start / open.length()
922:ROR:!=(int,int):<(int,int):org.apache.commons.lang3.StringUtils@substringBetween(java.lang.String,java.lang.String,java.lang.String):2309:90919:end != INDEX_NOT_FOUND |==> end < INDEX_NOT_FOUND
923:ROR:!=(int,int):>(int,int):org.apache.commons.lang3.StringUtils@substringBetween(java.lang.String,java.lang.String,java.lang.String):2309:90919:end != INDEX_NOT_FOUND |==> end > INDEX_NOT_FOUND
924:ROR:!=(int,int):TRUE(int,int):org.apache.commons.lang3.StringUtils@substringBetween(java.lang.String,java.lang.String,java.lang.String):2309:90923:end != INDEX_NOT_FOUND |==> true
925:AOR:+(int,int):%(int,int):org.apache.commons.lang3.StringUtils@substringBetween(java.lang.String,java.lang.String,java.lang.String):2310:90982:start + open.length() |==> start % open.length()
926:AOR:+(int,int):*(int,int):org.apache.commons.lang3.StringUtils@substringBetween(java.lang.String,java.lang.String,java.lang.String):2310:90982:start + open.length() |==> start * open.length()
927:AOR:+(int,int):-(int,int):org.apache.commons.lang3.StringUtils@substringBetween(java.lang.String,java.lang.String,java.lang.String):2310:90982:start + open.length() |==> start - open.length()
928:AOR:+(int,int):/(int,int):org.apache.commons.lang3.StringUtils@substringBetween(java.lang.String,java.lang.String,java.lang.String):2310:90982:start + open.length() |==> start / open.length()
929:ROR:==(java.lang.Object,java.lang.Object):FALSE(java.lang.Object,java.lang.Object):org.apache.commons.lang3.StringUtils@substringsBetween(java.lang.String,java.lang.String,java.lang.String):2339:92297:str == null |==> false
930:COR:||(boolean,boolean):!=(boolean,boolean):org.apache.commons.lang3.StringUtils@substringsBetween(java.lang.String,java.lang.String,java.lang.String):2339:92293:str == null || isEmpty(open) |==> str == null != isEmpty(open)
931:COR:||(boolean,boolean):LHS(boolean,boolean):org.apache.commons.lang3.StringUtils@substringsBetween(java.lang.String,java.lang.String,java.lang.String):2339:92293:str == null || isEmpty(open) |==> str == null
932:COR:||(boolean,boolean):RHS(boolean,boolean):org.apache.commons.lang3.StringUtils@substringsBetween(java.lang.String,java.lang.String,java.lang.String):2339:92308:str == null || isEmpty(open) |==> isEmpty(open)
933:COR:||(boolean,boolean):TRUE(boolean,boolean):org.apache.commons.lang3.StringUtils@substringsBetween(java.lang.String,java.lang.String,java.lang.String):2339:92305:str == null || isEmpty(open) |==> true
934:COR:||(boolean,boolean):!=(boolean,boolean):org.apache.commons.lang3.StringUtils@substringsBetween(java.lang.String,java.lang.String,java.lang.String):2339:92293:str == null || isEmpty(open) || isEmpty(close) |==> (str == null || isEmpty(open)) != isEmpty(close)
935:COR:||(boolean,boolean):LHS(boolean,boolean):org.apache.commons.lang3.StringUtils@substringsBetween(java.lang.String,java.lang.String,java.lang.String):2339:92293:str == null || isEmpty(open) || isEmpty(close) |==> str == null || isEmpty(open)
936:COR:||(boolean,boolean):RHS(boolean,boolean):org.apache.commons.lang3.StringUtils@substringsBetween(java.lang.String,java.lang.String,java.lang.String):2339:92325:str == null || isEmpty(open) || isEmpty(close) |==> isEmpty(close)
937:COR:||(boolean,boolean):TRUE(boolean,boolean):org.apache.commons.lang3.StringUtils@substringsBetween(java.lang.String,java.lang.String,java.lang.String):2339:92322:str == null || isEmpty(open) || isEmpty(close) |==> true
938:LVR:0:POS:org.apache.commons.lang3.StringUtils@substringsBetween(java.lang.String,java.lang.String,java.lang.String):2343:92435:0 |==> 1
939:LVR:0:NEG:org.apache.commons.lang3.StringUtils@substringsBetween(java.lang.String,java.lang.String,java.lang.String):2343:92435:0 |==> -1
940:ROR:==(int,int):<=(int,int):org.apache.commons.lang3.StringUtils@substringsBetween(java.lang.String,java.lang.String,java.lang.String):2343:92425:strLen == 0 |==> strLen <= 0
941:ROR:==(int,int):>=(int,int):org.apache.commons.lang3.StringUtils@substringsBetween(java.lang.String,java.lang.String,java.lang.String):2343:92425:strLen == 0 |==> strLen >= 0
942:ROR:==(int,int):FALSE(int,int):org.apache.commons.lang3.StringUtils@substringsBetween(java.lang.String,java.lang.String,java.lang.String):2343:92432:strLen == 0 |==> false
943:LVR:0:POS:org.apache.commons.lang3.StringUtils@substringsBetween(java.lang.String,java.lang.String,java.lang.String):2349:92647:0 |==> 1
944:LVR:0:NEG:org.apache.commons.lang3.StringUtils@substringsBetween(java.lang.String,java.lang.String,java.lang.String):2349:92647:0 |==> -1
945:AOR:-(int,int):%(int,int):org.apache.commons.lang3.StringUtils@substringsBetween(java.lang.String,java.lang.String,java.lang.String):2350:92672:strLen - closeLen |==> strLen % closeLen
946:AOR:-(int,int):*(int,int):org.apache.commons.lang3.StringUtils@substringsBetween(java.lang.String,java.lang.String,java.lang.String):2350:92672:strLen - closeLen |==> strLen * closeLen
947:AOR:-(int,int):+(int,int):org.apache.commons.lang3.StringUtils@substringsBetween(java.lang.String,java.lang.String,java.lang.String):2350:92672:strLen - closeLen |==> strLen + closeLen
948:AOR:-(int,int):/(int,int):org.apache.commons.lang3.StringUtils@substringsBetween(java.lang.String,java.lang.String,java.lang.String):2350:92672:strLen - closeLen |==> strLen / closeLen
949:ROR:<(int,int):!=(int,int):org.apache.commons.lang3.StringUtils@substringsBetween(java.lang.String,java.lang.String,java.lang.String):2350:92665:pos < (strLen - closeLen) |==> pos != (strLen - closeLen)
950:ROR:<(int,int):<=(int,int):org.apache.commons.lang3.StringUtils@substringsBetween(java.lang.String,java.lang.String,java.lang.String):2350:92665:pos < (strLen - closeLen) |==> pos <= (strLen - closeLen)
951:ROR:<(int,int):FALSE(int,int):org.apache.commons.lang3.StringUtils@substringsBetween(java.lang.String,java.lang.String,java.lang.String):2350:92669:pos < (strLen - closeLen) |==> false
952:LVR:0:POS:org.apache.commons.lang3.StringUtils@substringsBetween(java.lang.String,java.lang.String,java.lang.String):2352:92766:0 |==> 1
953:LVR:0:NEG:org.apache.commons.lang3.StringUtils@substringsBetween(java.lang.String,java.lang.String,java.lang.String):2352:92766:0 |==> -1
954:ROR:<(int,int):!=(int,int):org.apache.commons.lang3.StringUtils@substringsBetween(java.lang.String,java.lang.String,java.lang.String):2352:92758:start < 0 |==> start != 0
955:ROR:<(int,int):<=(int,int):org.apache.commons.lang3.StringUtils@substringsBetween(java.lang.String,java.lang.String,java.lang.String):2352:92758:start < 0 |==> start <= 0
956:ROR:<(int,int):FALSE(int,int):org.apache.commons.lang3.StringUtils@substringsBetween(java.lang.String,java.lang.String,java.lang.String):2352:92764:start < 0 |==> false
957:STD:<ASSIGN>:<NO-OP>:org.apache.commons.lang3.StringUtils@substringsBetween(java.lang.String,java.lang.String,java.lang.String):2355:92820:start += openLen; |==> <NO-OP>
958:LVR:0:POS:org.apache.commons.lang3.StringUtils@substringsBetween(java.lang.String,java.lang.String,java.lang.String):2357:92909:0 |==> 1
959:LVR:0:NEG:org.apache.commons.lang3.StringUtils@substringsBetween(java.lang.String,java.lang.String,java.lang.String):2357:92909:0 |==> -1
960:ROR:<(int,int):!=(int,int):org.apache.commons.lang3.StringUtils@substringsBetween(java.lang.String,java.lang.String,java.lang.String):2357:92903:end < 0 |==> end != 0
961:ROR:<(int,int):<=(int,int):org.apache.commons.lang3.StringUtils@substringsBetween(java.lang.String,java.lang.String,java.lang.String):2357:92903:end < 0 |==> end <= 0
962:ROR:<(int,int):FALSE(int,int):org.apache.commons.lang3.StringUtils@substringsBetween(java.lang.String,java.lang.String,java.lang.String):2357:92907:end < 0 |==> false
963:STD:<CALL>:<NO-OP>:org.apache.commons.lang3.StringUtils@substringsBetween(java.lang.String,java.lang.String,java.lang.String):2360:92963:list.add(str.substring(start, end)); |==> <NO-OP>
964:AOR:+(int,int):%(int,int):org.apache.commons.lang3.StringUtils@substringsBetween(java.lang.String,java.lang.String,java.lang.String):2361:93018:end + closeLen |==> end % closeLen
965:AOR:+(int,int):*(int,int):org.apache.commons.lang3.StringUtils@substringsBetween(java.lang.String,java.lang.String,java.lang.String):2361:93018:end + closeLen |==> end * closeLen
966:AOR:+(int,int):-(int,int):org.apache.commons.lang3.StringUtils@substringsBetween(java.lang.String,java.lang.String,java.lang.String):2361:93018:end + closeLen |==> end - closeLen
967:AOR:+(int,int):/(int,int):org.apache.commons.lang3.StringUtils@substringsBetween(java.lang.String,java.lang.String,java.lang.String):2361:93018:end + closeLen |==> end / closeLen
968:STD:<ASSIGN>:<NO-OP>:org.apache.commons.lang3.StringUtils@substringsBetween(java.lang.String,java.lang.String,java.lang.String):2361:93012:pos = end + closeLen; |==> <NO-OP>
969:COR:<METHOD_INVOCATION(boolean)>:FALSE:org.apache.commons.lang3.StringUtils@substringsBetween(java.lang.String,java.lang.String,java.lang.String):2363:93068:list.isEmpty() |==> false
970:COR:<METHOD_INVOCATION(boolean)>:TRUE:org.apache.commons.lang3.StringUtils@substringsBetween(java.lang.String,java.lang.String,java.lang.String):2363:93068:list.isEmpty() |==> true
971:LVR:NEG:0:org.apache.commons.lang3.StringUtils@split(java.lang.String):2397:94334:-1 |==> 0
972:LVR:NEG:POS:org.apache.commons.lang3.StringUtils@split(java.lang.String):2397:94334:-1 |==> 1
973:LVR:FALSE:TRUE:org.apache.commons.lang3.StringUtils@split(java.lang.String,char):2425:95481:false |==> true
974:LVR:NEG:0:org.apache.commons.lang3.StringUtils@split(java.lang.String,java.lang.String):2454:96739:-1 |==> 0
975:LVR:NEG:POS:org.apache.commons.lang3.StringUtils@split(java.lang.String,java.lang.String):2454:96739:-1 |==> 1
976:LVR:FALSE:TRUE:org.apache.commons.lang3.StringUtils@split(java.lang.String,java.lang.String):2454:96743:false |==> true
977:LVR:FALSE:TRUE:org.apache.commons.lang3.StringUtils@split(java.lang.String,java.lang.String,int):2488:98325:false |==> true
978:LVR:NEG:0:org.apache.commons.lang3.StringUtils@splitByWholeSeparator(java.lang.String,java.lang.String):2515:99652:-1 |==> 0
979:LVR:NEG:POS:org.apache.commons.lang3.StringUtils@splitByWholeSeparator(java.lang.String,java.lang.String):2515:99652:-1 |==> 1
980:LVR:FALSE:TRUE:org.apache.commons.lang3.StringUtils@splitByWholeSeparator(java.lang.String,java.lang.String):2515:99656:false |==> true
981:LVR:FALSE:TRUE:org.apache.commons.lang3.StringUtils@splitByWholeSeparator(java.lang.String,java.lang.String,int):2546:101294:false |==> true
982:LVR:NEG:0:org.apache.commons.lang3.StringUtils@splitByWholeSeparatorPreserveAllTokens(java.lang.String,java.lang.String):2575:102839:-1 |==> 0
983:LVR:NEG:POS:org.apache.commons.lang3.StringUtils@splitByWholeSeparatorPreserveAllTokens(java.lang.String,java.lang.String):2575:102839:-1 |==> 1
984:LVR:TRUE:FALSE:org.apache.commons.lang3.StringUtils@splitByWholeSeparatorPreserveAllTokens(java.lang.String,java.lang.String):2575:102843:true |==> false
985:LVR:TRUE:FALSE:org.apache.commons.lang3.StringUtils@splitByWholeSeparatorPreserveAllTokens(java.lang.String,java.lang.String,int):2608:104711:true |==> false
986:ROR:==(java.lang.Object,java.lang.Object):FALSE(java.lang.Object,java.lang.Object):org.apache.commons.lang3.StringUtils@splitByWholeSeparatorWorker(java.lang.String,java.lang.String,int,boolean):2628:105673:str == null |==> false
987:LVR:0:POS:org.apache.commons.lang3.StringUtils@splitByWholeSeparatorWorker(java.lang.String,java.lang.String,int,boolean):2634:105772:0 |==> 1
988:LVR:0:NEG:org.apache.commons.lang3.StringUtils@splitByWholeSeparatorWorker(java.lang.String,java.lang.String,int,boolean):2634:105772:0 |==> -1
989:ROR:==(int,int):<=(int,int):org.apache.commons.lang3.StringUtils@splitByWholeSeparatorWorker(java.lang.String,java.lang.String,int,boolean):2634:105765:len == 0 |==> len <= 0
990:ROR:==(int,int):>=(int,int):org.apache.commons.lang3.StringUtils@splitByWholeSeparatorWorker(java.lang.String,java.lang.String,int,boolean):2634:105765:len == 0 |==> len >= 0
991:ROR:==(int,int):FALSE(int,int):org.apache.commons.lang3.StringUtils@splitByWholeSeparatorWorker(java.lang.String,java.lang.String,int,boolean):2634:105769:len == 0 |==> false
992:ROR:==(java.lang.Object,java.lang.Object):FALSE(java.lang.Object,java.lang.Object):org.apache.commons.lang3.StringUtils@splitByWholeSeparatorWorker(java.lang.String,java.lang.String,int,boolean):2638:105861:separator == null |==> false
993:COR:||(boolean,boolean):!=(boolean,boolean):org.apache.commons.lang3.StringUtils@splitByWholeSeparatorWorker(java.lang.String,java.lang.String,int,boolean):2638:105850:(separator == null) || (EMPTY.equals(separator)) |==> (separator == null) != (EMPTY.equals(separator))
994:COR:||(boolean,boolean):LHS(boolean,boolean):org.apache.commons.lang3.StringUtils@splitByWholeSeparatorWorker(java.lang.String,java.lang.String,int,boolean):2638:105850:(separator == null) || (EMPTY.equals(separator)) |==> (separator == null)
995:COR:||(boolean,boolean):RHS(boolean,boolean):org.apache.commons.lang3.StringUtils@splitByWholeSeparatorWorker(java.lang.String,java.lang.String,int,boolean):2638:105873:(separator == null) || (EMPTY.equals(separator)) |==> (EMPTY.equals(separator))
996:COR:||(boolean,boolean):TRUE(boolean,boolean):org.apache.commons.lang3.StringUtils@splitByWholeSeparatorWorker(java.lang.String,java.lang.String,int,boolean):2638:105870:(separator == null) || (EMPTY.equals(separator)) |==> true
997:LVR:0:POS:org.apache.commons.lang3.StringUtils@splitByWholeSeparatorWorker(java.lang.String,java.lang.String,int,boolean):2646:106164:0 |==> 1
998:LVR:0:NEG:org.apache.commons.lang3.StringUtils@splitByWholeSeparatorWorker(java.lang.String,java.lang.String,int,boolean):2646:106164:0 |==> -1
999:LVR:0:POS:org.apache.commons.lang3.StringUtils@splitByWholeSeparatorWorker(java.lang.String,java.lang.String,int,boolean):2647:106185:0 |==> 1
1000:LVR:0:NEG:org.apache.commons.lang3.StringUtils@splitByWholeSeparatorWorker(java.lang.String,java.lang.String,int,boolean):2647:106185:0 |==> -1
1001:LVR:0:POS:org.apache.commons.lang3.StringUtils@splitByWholeSeparatorWorker(java.lang.String,java.lang.String,int,boolean):2648:106206:0 |==> 1
1002:LVR:0:NEG:org.apache.commons.lang3.StringUtils@splitByWholeSeparatorWorker(java.lang.String,java.lang.String,int,boolean):2648:106206:0 |==> -1
1003:ROR:<(int,int):!=(int,int):org.apache.commons.lang3.StringUtils@splitByWholeSeparatorWorker(java.lang.String,java.lang.String,int,boolean):2649:106224:end < len |==> end != len
1004:ROR:<(int,int):<=(int,int):org.apache.commons.lang3.StringUtils@splitByWholeSeparatorWorker(java.lang.String,java.lang.String,int,boolean):2649:106224:end < len |==> end <= len
1005:ROR:<(int,int):FALSE(int,int):org.apache.commons.lang3.StringUtils@splitByWholeSeparatorWorker(java.lang.String,java.lang.String,int,boolean):2649:106228:end < len |==> false
1006:STD:<ASSIGN>:<NO-OP>:org.apache.commons.lang3.StringUtils@splitByWholeSeparatorWorker(java.lang.String,java.lang.String,int,boolean):2650:106249:end = str.indexOf(separator, beg); |==> <NO-OP>
1007:LVR:NEG:0:org.apache.commons.lang3.StringUtils@splitByWholeSeparatorWorker(java.lang.String,java.lang.String,int,boolean):2652:106307:-1 |==> 0
1008:LVR:NEG:POS:org.apache.commons.lang3.StringUtils@splitByWholeSeparatorWorker(java.lang.String,java.lang.String,int,boolean):2652:106307:-1 |==> 1
1009:ROR:>(int,int):!=(int,int):org.apache.commons.lang3.StringUtils@splitByWholeSeparatorWorker(java.lang.String,java.lang.String,int,boolean):2652:106301:end > -1 |==> end != -1
1010:ROR:>(int,int):>=(int,int):org.apache.commons.lang3.StringUtils@splitByWholeSeparatorWorker(java.lang.String,java.lang.String,int,boolean):2652:106301:end > -1 |==> end >= -1
1011:ROR:>(int,int):FALSE(int,int):org.apache.commons.lang3.StringUtils@splitByWholeSeparatorWorker(java.lang.String,java.lang.String,int,boolean):2652:106305:end > -1 |==> false
1012:ROR:>(int,int):!=(int,int):org.apache.commons.lang3.StringUtils@splitByWholeSeparatorWorker(java.lang.String,java.lang.String,int,boolean):2653:106333:end > beg |==> end != beg
1013:ROR:>(int,int):>=(int,int):org.apache.commons.lang3.StringUtils@splitByWholeSeparatorWorker(java.lang.String,java.lang.String,int,boolean):2653:106333:end > beg |==> end >= beg
1014:ROR:>(int,int):FALSE(int,int):org.apache.commons.lang3.StringUtils@splitByWholeSeparatorWorker(java.lang.String,java.lang.String,int,boolean):2653:106337:end > beg |==> false
1015:LVR:POS:0:org.apache.commons.lang3.StringUtils@splitByWholeSeparatorWorker(java.lang.String,java.lang.String,int,boolean):2654:106388:1 |==> 0
1016:LVR:POS:NEG:org.apache.commons.lang3.StringUtils@splitByWholeSeparatorWorker(java.lang.String,java.lang.String,int,boolean):2654:106388:1 |==> -1
1017:STD:<ASSIGN>:<NO-OP>:org.apache.commons.lang3.StringUtils@splitByWholeSeparatorWorker(java.lang.String,java.lang.String,int,boolean):2654:106366:numberOfSubstrings += 1; |==> <NO-OP>
1018:ROR:==(int,int):<=(int,int):org.apache.commons.lang3.StringUtils@splitByWholeSeparatorWorker(java.lang.String,java.lang.String,int,boolean):2656:106416:numberOfSubstrings == max |==> numberOfSubstrings <= max
1019:ROR:==(int,int):>=(int,int):org.apache.commons.lang3.StringUtils@splitByWholeSeparatorWorker(java.lang.String,java.lang.String,int,boolean):2656:106416:numberOfSubstrings == max |==> numberOfSubstrings >= max
1020:ROR:==(int,int):FALSE(int,int):org.apache.commons.lang3.StringUtils@splitByWholeSeparatorWorker(java.lang.String,java.lang.String,int,boolean):2656:106435:numberOfSubstrings == max |==> false
1021:STD:<ASSIGN>:<NO-OP>:org.apache.commons.lang3.StringUtils@splitByWholeSeparatorWorker(java.lang.String,java.lang.String,int,boolean):2657:106469:end = len; |==> <NO-OP>
1022:STD:<CALL>:<NO-OP>:org.apache.commons.lang3.StringUtils@splitByWholeSeparatorWorker(java.lang.String,java.lang.String,int,boolean):2658:106504:substrings.add(str.substring(beg)); |==> <NO-OP>
1023:STD:<CALL>:<NO-OP>:org.apache.commons.lang3.StringUtils@splitByWholeSeparatorWorker(java.lang.String,java.lang.String,int,boolean):2662:106751:substrings.add(str.substring(beg, end)); |==> <NO-OP>
1024:AOR:+(int,int):%(int,int):org.apache.commons.lang3.StringUtils@splitByWholeSeparatorWorker(java.lang.String,java.lang.String,int,boolean):2667:107050:end + separatorLength |==> end % separatorLength
1025:AOR:+(int,int):*(int,int):org.apache.commons.lang3.StringUtils@splitByWholeSeparatorWorker(java.lang.String,java.lang.String,int,boolean):2667:107050:end + separatorLength |==> end * separatorLength
1026:AOR:+(int,int):-(int,int):org.apache.commons.lang3.StringUtils@splitByWholeSeparatorWorker(java.lang.String,java.lang.String,int,boolean):2667:107050:end + separatorLength |==> end - separatorLength
1027:AOR:+(int,int):/(int,int):org.apache.commons.lang3.StringUtils@splitByWholeSeparatorWorker(java.lang.String,java.lang.String,int,boolean):2667:107050:end + separatorLength |==> end / separatorLength
1028:STD:<ASSIGN>:<NO-OP>:org.apache.commons.lang3.StringUtils@splitByWholeSeparatorWorker(java.lang.String,java.lang.String,int,boolean):2667:107044:beg = end + separatorLength; |==> <NO-OP>
1029:COR:<IDENTIFIER(boolean)>:FALSE:org.apache.commons.lang3.StringUtils@splitByWholeSeparatorWorker(java.lang.String,java.lang.String,int,boolean):2671:107231:preserveAllTokens |==> false
1030:COR:<IDENTIFIER(boolean)>:TRUE:org.apache.commons.lang3.StringUtils@splitByWholeSeparatorWorker(java.lang.String,java.lang.String,int,boolean):2671:107231:preserveAllTokens |==> true
1031:LVR:POS:0:org.apache.commons.lang3.StringUtils@splitByWholeSeparatorWorker(java.lang.String,java.lang.String,int,boolean):2672:107298:1 |==> 0
1032:LVR:POS:NEG:org.apache.commons.lang3.StringUtils@splitByWholeSeparatorWorker(java.lang.String,java.lang.String,int,boolean):2672:107298:1 |==> -1
1033:STD:<ASSIGN>:<NO-OP>:org.apache.commons.lang3.StringUtils@splitByWholeSeparatorWorker(java.lang.String,java.lang.String,int,boolean):2672:107276:numberOfSubstrings += 1; |==> <NO-OP>
1034:ROR:==(int,int):<=(int,int):org.apache.commons.lang3.StringUtils@splitByWholeSeparatorWorker(java.lang.String,java.lang.String,int,boolean):2673:107329:numberOfSubstrings == max |==> numberOfSubstrings <= max
1035:ROR:==(int,int):>=(int,int):org.apache.commons.lang3.StringUtils@splitByWholeSeparatorWorker(java.lang.String,java.lang.String,int,boolean):2673:107329:numberOfSubstrings == max |==> numberOfSubstrings >= max
1036:ROR:==(int,int):FALSE(int,int):org.apache.commons.lang3.StringUtils@splitByWholeSeparatorWorker(java.lang.String,java.lang.String,int,boolean):2673:107348:numberOfSubstrings == max |==> false
1037:STD:<ASSIGN>:<NO-OP>:org.apache.commons.lang3.StringUtils@splitByWholeSeparatorWorker(java.lang.String,java.lang.String,int,boolean):2674:107386:end = len; |==> <NO-OP>
1038:STD:<CALL>:<NO-OP>:org.apache.commons.lang3.StringUtils@splitByWholeSeparatorWorker(java.lang.String,java.lang.String,int,boolean):2675:107425:substrings.add(str.substring(beg)); |==> <NO-OP>
1039:STD:<CALL>:<NO-OP>:org.apache.commons.lang3.StringUtils@splitByWholeSeparatorWorker(java.lang.String,java.lang.String,int,boolean):2677:107522:substrings.add(EMPTY); |==> <NO-OP>
1040:AOR:+(int,int):%(int,int):org.apache.commons.lang3.StringUtils@splitByWholeSeparatorWorker(java.lang.String,java.lang.String,int,boolean):2680:107619:end + separatorLength |==> end % separatorLength
1041:AOR:+(int,int):*(int,int):org.apache.commons.lang3.StringUtils@splitByWholeSeparatorWorker(java.lang.String,java.lang.String,int,boolean):2680:107619:end + separatorLength |==> end * separatorLength
1042:AOR:+(int,int):-(int,int):org.apache.commons.lang3.StringUtils@splitByWholeSeparatorWorker(java.lang.String,java.lang.String,int,boolean):2680:107619:end + separatorLength |==> end - separatorLength
1043:AOR:+(int,int):/(int,int):org.apache.commons.lang3.StringUtils@splitByWholeSeparatorWorker(java.lang.String,java.lang.String,int,boolean):2680:107619:end + separatorLength |==> end / separatorLength
1044:STD:<ASSIGN>:<NO-OP>:org.apache.commons.lang3.StringUtils@splitByWholeSeparatorWorker(java.lang.String,java.lang.String,int,boolean):2680:107613:beg = end + separatorLength; |==> <NO-OP>
1045:STD:<CALL>:<NO-OP>:org.apache.commons.lang3.StringUtils@splitByWholeSeparatorWorker(java.lang.String,java.lang.String,int,boolean):2684:107782:substrings.add(str.substring(beg)); |==> <NO-OP>
1046:STD:<ASSIGN>:<NO-OP>:org.apache.commons.lang3.StringUtils@splitByWholeSeparatorWorker(java.lang.String,java.lang.String,int,boolean):2685:107834:end = len; |==> <NO-OP>
1047:LVR:NEG:0:org.apache.commons.lang3.StringUtils@splitPreserveAllTokens(java.lang.String):2718:109285:-1 |==> 0
1048:LVR:NEG:POS:org.apache.commons.lang3.StringUtils@splitPreserveAllTokens(java.lang.String):2718:109285:-1 |==> 1
1049:LVR:TRUE:FALSE:org.apache.commons.lang3.StringUtils@splitPreserveAllTokens(java.lang.String):2718:109289:true |==> false
1050:LVR:TRUE:FALSE:org.apache.commons.lang3.StringUtils@splitPreserveAllTokens(java.lang.String,char):2754:111213:true |==> false
1051:ROR:==(java.lang.Object,java.lang.Object):FALSE(java.lang.Object,java.lang.Object):org.apache.commons.lang3.StringUtils@splitWorker(java.lang.String,char,boolean):2772:111971:str == null |==> false
1052:LVR:0:POS:org.apache.commons.lang3.StringUtils@splitWorker(java.lang.String,char,boolean):2776:112068:0 |==> 1
1053:LVR:0:NEG:org.apache.commons.lang3.StringUtils@splitWorker(java.lang.String,char,boolean):2776:112068:0 |==> -1
1054:ROR:==(int,int):<=(int,int):org.apache.commons.lang3.StringUtils@splitWorker(java.lang.String,char,boolean):2776:112061:len == 0 |==> len <= 0
1055:ROR:==(int,int):>=(int,int):org.apache.commons.lang3.StringUtils@splitWorker(java.lang.String,char,boolean):2776:112061:len == 0 |==> len >= 0
1056:ROR:==(int,int):FALSE(int,int):org.apache.commons.lang3.StringUtils@splitWorker(java.lang.String,char,boolean):2776:112065:len == 0 |==> false
1057:LVR:0:POS:org.apache.commons.lang3.StringUtils@splitWorker(java.lang.String,char,boolean):2780:112202:0 |==> 1
1058:LVR:0:NEG:org.apache.commons.lang3.StringUtils@splitWorker(java.lang.String,char,boolean):2780:112202:0 |==> -1
1059:LVR:0:POS:org.apache.commons.lang3.StringUtils@splitWorker(java.lang.String,char,boolean):2780:112213:0 |==> 1
1060:LVR:0:NEG:org.apache.commons.lang3.StringUtils@splitWorker(java.lang.String,char,boolean):2780:112213:0 |==> -1
1061:LVR:FALSE:TRUE:org.apache.commons.lang3.StringUtils@splitWorker(java.lang.String,char,boolean):2781:112240:false |==> true
1062:LVR:FALSE:TRUE:org.apache.commons.lang3.StringUtils@splitWorker(java.lang.String,char,boolean):2782:112275:false |==> true
1063:ROR:<(int,int):!=(int,int):org.apache.commons.lang3.StringUtils@splitWorker(java.lang.String,char,boolean):2783:112297:i < len |==> i != len
1064:ROR:<(int,int):<=(int,int):org.apache.commons.lang3.StringUtils@splitWorker(java.lang.String,char,boolean):2783:112297:i < len |==> i <= len
1065:ROR:<(int,int):FALSE(int,int):org.apache.commons.lang3.StringUtils@splitWorker(java.lang.String,char,boolean):2783:112299:i < len |==> false
1066:ROR:==(int,int):<=(int,int):org.apache.commons.lang3.StringUtils@splitWorker(java.lang.String,char,boolean):2784:112324:str.charAt(i) == separatorChar |==> str.charAt(i) <= separatorChar
1067:ROR:==(int,int):>=(int,int):org.apache.commons.lang3.StringUtils@splitWorker(java.lang.String,char,boolean):2784:112324:str.charAt(i) == separatorChar |==> str.charAt(i) >= separatorChar
1068:ROR:==(int,int):FALSE(int,int):org.apache.commons.lang3.StringUtils@splitWorker(java.lang.String,char,boolean):2784:112338:str.charAt(i) == separatorChar |==> false
1069:COR:||(boolean,boolean):!=(boolean,boolean):org.apache.commons.lang3.StringUtils@splitWorker(java.lang.String,char,boolean):2785:112378:match || preserveAllTokens |==> match != preserveAllTokens
1070:COR:||(boolean,boolean):LHS(boolean,boolean):org.apache.commons.lang3.StringUtils@splitWorker(java.lang.String,char,boolean):2785:112378:match || preserveAllTokens |==> match
1071:COR:||(boolean,boolean):RHS(boolean,boolean):org.apache.commons.lang3.StringUtils@splitWorker(java.lang.String,char,boolean):2785:112387:match || preserveAllTokens |==> preserveAllTokens
1072:COR:||(boolean,boolean):TRUE(boolean,boolean):org.apache.commons.lang3.StringUtils@splitWorker(java.lang.String,char,boolean):2785:112384:match || preserveAllTokens |==> true
1073:STD:<CALL>:<NO-OP>:org.apache.commons.lang3.StringUtils@splitWorker(java.lang.String,char,boolean):2786:112428:list.add(str.substring(start, i)); |==> <NO-OP>
1074:LVR:FALSE:TRUE:org.apache.commons.lang3.StringUtils@splitWorker(java.lang.String,char,boolean):2787:112491:false |==> true
1075:STD:<ASSIGN>:<NO-OP>:org.apache.commons.lang3.StringUtils@splitWorker(java.lang.String,char,boolean):2787:112483:match = false; |==> <NO-OP>
1076:LVR:TRUE:FALSE:org.apache.commons.lang3.StringUtils@splitWorker(java.lang.String,char,boolean):2788:112530:true |==> false
1077:STD:<ASSIGN>:<NO-OP>:org.apache.commons.lang3.StringUtils@splitWorker(java.lang.String,char,boolean):2788:112518:lastMatch = true; |==> <NO-OP>
1078:STD:<ASSIGN>:<NO-OP>:org.apache.commons.lang3.StringUtils@splitWorker(java.lang.String,char,boolean):2790:112570:start = ++i; |==> <NO-OP>
1079:LVR:FALSE:TRUE:org.apache.commons.lang3.StringUtils@splitWorker(java.lang.String,char,boolean):2793:112647:false |==> true
1080:STD:<ASSIGN>:<NO-OP>:org.apache.commons.lang3.StringUtils@splitWorker(java.lang.String,char,boolean):2793:112635:lastMatch = false; |==> <NO-OP>
1081:LVR:TRUE:FALSE:org.apache.commons.lang3.StringUtils@splitWorker(java.lang.String,char,boolean):2794:112674:true |==> false
1082:STD:<ASSIGN>:<NO-OP>:org.apache.commons.lang3.StringUtils@splitWorker(java.lang.String,char,boolean):2794:112666:match = true; |==> <NO-OP>
1083:STD:<INC>:<NO-OP>:org.apache.commons.lang3.StringUtils@splitWorker(java.lang.String,char,boolean):2795:112692:i++; |==> <NO-OP>
1084:COR:&&(boolean,boolean):==(boolean,boolean):org.apache.commons.lang3.StringUtils@splitWorker(java.lang.String,char,boolean):2797:112729:preserveAllTokens && lastMatch |==> preserveAllTokens == lastMatch
1085:COR:&&(boolean,boolean):FALSE(boolean,boolean):org.apache.commons.lang3.StringUtils@splitWorker(java.lang.String,char,boolean):2797:112747:preserveAllTokens && lastMatch |==> false
1086:COR:&&(boolean,boolean):LHS(boolean,boolean):org.apache.commons.lang3.StringUtils@splitWorker(java.lang.String,char,boolean):2797:112729:preserveAllTokens && lastMatch |==> preserveAllTokens
1087:COR:&&(boolean,boolean):RHS(boolean,boolean):org.apache.commons.lang3.StringUtils@splitWorker(java.lang.String,char,boolean):2797:112750:preserveAllTokens && lastMatch |==> lastMatch
1088:COR:||(boolean,boolean):!=(boolean,boolean):org.apache.commons.lang3.StringUtils@splitWorker(java.lang.String,char,boolean):2797:112719:match || (preserveAllTokens && lastMatch) |==> match != (preserveAllTokens && lastMatch)
1089:COR:||(boolean,boolean):LHS(boolean,boolean):org.apache.commons.lang3.StringUtils@splitWorker(java.lang.String,char,boolean):2797:112719:match || (preserveAllTokens && lastMatch) |==> match
1090:COR:||(boolean,boolean):RHS(boolean,boolean):org.apache.commons.lang3.StringUtils@splitWorker(java.lang.String,char,boolean):2797:112728:match || (preserveAllTokens && lastMatch) |==> (preserveAllTokens && lastMatch)
1091:COR:||(boolean,boolean):TRUE(boolean,boolean):org.apache.commons.lang3.StringUtils@splitWorker(java.lang.String,char,boolean):2797:112725:match || (preserveAllTokens && lastMatch) |==> true
1092:STD:<CALL>:<NO-OP>:org.apache.commons.lang3.StringUtils@splitWorker(java.lang.String,char,boolean):2798:112776:list.add(str.substring(start, i)); |==> <NO-OP>
1093:LVR:NEG:0:org.apache.commons.lang3.StringUtils@splitPreserveAllTokens(java.lang.String,java.lang.String):2837:114896:-1 |==> 0
1094:LVR:NEG:POS:org.apache.commons.lang3.StringUtils@splitPreserveAllTokens(java.lang.String,java.lang.String):2837:114896:-1 |==> 1
1095:LVR:TRUE:FALSE:org.apache.commons.lang3.StringUtils@splitPreserveAllTokens(java.lang.String,java.lang.String):2837:114900:true |==> false
1096:LVR:TRUE:FALSE:org.apache.commons.lang3.StringUtils@splitPreserveAllTokens(java.lang.String,java.lang.String,int):2877:117052:true |==> false
1097:ROR:==(java.lang.Object,java.lang.Object):FALSE(java.lang.Object,java.lang.Object):org.apache.commons.lang3.StringUtils@splitWorker(java.lang.String,java.lang.String,int,boolean):2899:118066:str == null |==> false
1098:LVR:0:POS:org.apache.commons.lang3.StringUtils@splitWorker(java.lang.String,java.lang.String,int,boolean):2903:118163:0 |==> 1
1099:LVR:0:NEG:org.apache.commons.lang3.StringUtils@splitWorker(java.lang.String,java.lang.String,int,boolean):2903:118163:0 |==> -1
1100:ROR:==(int,int):<=(int,int):org.apache.commons.lang3.StringUtils@splitWorker(java.lang.String,java.lang.String,int,boolean):2903:118156:len == 0 |==> len <= 0
1101:ROR:==(int,int):>=(int,int):org.apache.commons.lang3.StringUtils@splitWorker(java.lang.String,java.lang.String,int,boolean):2903:118156:len == 0 |==> len >= 0
1102:ROR:==(int,int):FALSE(int,int):org.apache.commons.lang3.StringUtils@splitWorker(java.lang.String,java.lang.String,int,boolean):2903:118160:len == 0 |==> false
1103:LVR:POS:0:org.apache.commons.lang3.StringUtils@splitWorker(java.lang.String,java.lang.String,int,boolean):2907:118305:1 |==> 0
1104:LVR:POS:NEG:org.apache.commons.lang3.StringUtils@splitWorker(java.lang.String,java.lang.String,int,boolean):2907:118305:1 |==> -1
1105:LVR:0:POS:org.apache.commons.lang3.StringUtils@splitWorker(java.lang.String,java.lang.String,int,boolean):2908:118324:0 |==> 1
1106:LVR:0:NEG:org.apache.commons.lang3.StringUtils@splitWorker(java.lang.String,java.lang.String,int,boolean):2908:118324:0 |==> -1
1107:LVR:0:POS:org.apache.commons.lang3.StringUtils@splitWorker(java.lang.String,java.lang.String,int,boolean):2908:118335:0 |==> 1
1108:LVR:0:NEG:org.apache.commons.lang3.StringUtils@splitWorker(java.lang.String,java.lang.String,int,boolean):2908:118335:0 |==> -1
1109:LVR:FALSE:TRUE:org.apache.commons.lang3.StringUtils@splitWorker(java.lang.String,java.lang.String,int,boolean):2909:118362:false |==> true
1110:LVR:FALSE:TRUE:org.apache.commons.lang3.StringUtils@splitWorker(java.lang.String,java.lang.String,int,boolean):2910:118397:false |==> true
1111:ROR:==(java.lang.Object,java.lang.Object):FALSE(java.lang.Object,java.lang.Object):org.apache.commons.lang3.StringUtils@splitWorker(java.lang.String,java.lang.String,int,boolean):2911:118431:separatorChars == null |==> false
1112:ROR:<(int,int):!=(int,int):org.apache.commons.lang3.StringUtils@splitWorker(java.lang.String,java.lang.String,int,boolean):2913:118512:i < len |==> i != len
1113:ROR:<(int,int):<=(int,int):org.apache.commons.lang3.StringUtils@splitWorker(java.lang.String,java.lang.String,int,boolean):2913:118512:i < len |==> i <= len
1114:ROR:<(int,int):FALSE(int,int):org.apache.commons.lang3.StringUtils@splitWorker(java.lang.String,java.lang.String,int,boolean):2913:118514:i < len |==> false
1115:COR:<METHOD_INVOCATION(boolean)>:FALSE:org.apache.commons.lang3.StringUtils@splitWorker(java.lang.String,java.lang.String,int,boolean):2914:118565:Character.isWhitespace(str.charAt(i)) |==> false
1116:COR:<METHOD_INVOCATION(boolean)>:TRUE:org.apache.commons.lang3.StringUtils@splitWorker(java.lang.String,java.lang.String,int,boolean):2914:118565:Character.isWhitespace(str.charAt(i)) |==> true
1117:COR:||(boolean,boolean):!=(boolean,boolean):org.apache.commons.lang3.StringUtils@splitWorker(java.lang.String,java.lang.String,int,boolean):2915:118608:match || preserveAllTokens |==> match != preserveAllTokens
1118:COR:||(boolean,boolean):LHS(boolean,boolean):org.apache.commons.lang3.StringUtils@splitWorker(java.lang.String,java.lang.String,int,boolean):2915:118608:match || preserveAllTokens |==> match
1119:COR:||(boolean,boolean):RHS(boolean,boolean):org.apache.commons.lang3.StringUtils@splitWorker(java.lang.String,java.lang.String,int,boolean):2915:118617:match || preserveAllTokens |==> preserveAllTokens
1120:COR:||(boolean,boolean):TRUE(boolean,boolean):org.apache.commons.lang3.StringUtils@splitWorker(java.lang.String,java.lang.String,int,boolean):2915:118614:match || preserveAllTokens |==> true
1121:LVR:TRUE:FALSE:org.apache.commons.lang3.StringUtils@splitWorker(java.lang.String,java.lang.String,int,boolean):2916:118674:true |==> false
1122:STD:<ASSIGN>:<NO-OP>:org.apache.commons.lang3.StringUtils@splitWorker(java.lang.String,java.lang.String,int,boolean):2916:118662:lastMatch = true; |==> <NO-OP>
1123:ROR:==(int,int):<=(int,int):org.apache.commons.lang3.StringUtils@splitWorker(java.lang.String,java.lang.String,int,boolean):2917:118708:sizePlus1++ == max |==> sizePlus1++ <= max
1124:ROR:==(int,int):>=(int,int):org.apache.commons.lang3.StringUtils@splitWorker(java.lang.String,java.lang.String,int,boolean):2917:118708:sizePlus1++ == max |==> sizePlus1++ >= max
1125:ROR:==(int,int):FALSE(int,int):org.apache.commons.lang3.StringUtils@splitWorker(java.lang.String,java.lang.String,int,boolean):2917:118720:sizePlus1++ == max |==> false
1126:STD:<ASSIGN>:<NO-OP>:org.apache.commons.lang3.StringUtils@splitWorker(java.lang.String,java.lang.String,int,boolean):2918:118758:i = len; |==> <NO-OP>
1127:LVR:FALSE:TRUE:org.apache.commons.lang3.StringUtils@splitWorker(java.lang.String,java.lang.String,int,boolean):2919:118807:false |==> true
1128:STD:<ASSIGN>:<NO-OP>:org.apache.commons.lang3.StringUtils@splitWorker(java.lang.String,java.lang.String,int,boolean):2919:118795:lastMatch = false; |==> <NO-OP>
1129:STD:<CALL>:<NO-OP>:org.apache.commons.lang3.StringUtils@splitWorker(java.lang.String,java.lang.String,int,boolean):2921:118864:list.add(str.substring(start, i)); |==> <NO-OP>
1130:LVR:FALSE:TRUE:org.apache.commons.lang3.StringUtils@splitWorker(java.lang.String,java.lang.String,int,boolean):2922:118931:false |==> true
1131:STD:<ASSIGN>:<NO-OP>:org.apache.commons.lang3.StringUtils@splitWorker(java.lang.String,java.lang.String,int,boolean):2922:118923:match = false; |==> <NO-OP>
1132:STD:<ASSIGN>:<NO-OP>:org.apache.commons.lang3.StringUtils@splitWorker(java.lang.String,java.lang.String,int,boolean):2924:118980:start = ++i; |==> <NO-OP>
1133:LVR:FALSE:TRUE:org.apache.commons.lang3.StringUtils@splitWorker(java.lang.String,java.lang.String,int,boolean):2927:119069:false |==> true
1134:STD:<ASSIGN>:<NO-OP>:org.apache.commons.lang3.StringUtils@splitWorker(java.lang.String,java.lang.String,int,boolean):2927:119057:lastMatch = false; |==> <NO-OP>
1135:LVR:TRUE:FALSE:org.apache.commons.lang3.StringUtils@splitWorker(java.lang.String,java.lang.String,int,boolean):2928:119100:true |==> false
1136:STD:<ASSIGN>:<NO-OP>:org.apache.commons.lang3.StringUtils@splitWorker(java.lang.String,java.lang.String,int,boolean):2928:119092:match = true; |==> <NO-OP>
1137:STD:<INC>:<NO-OP>:org.apache.commons.lang3.StringUtils@splitWorker(java.lang.String,java.lang.String,int,boolean):2929:119122:i++; |==> <NO-OP>
1138:LVR:POS:0:org.apache.commons.lang3.StringUtils@splitWorker(java.lang.String,java.lang.String,int,boolean):2931:119187:1 |==> 0
1139:LVR:POS:NEG:org.apache.commons.lang3.StringUtils@splitWorker(java.lang.String,java.lang.String,int,boolean):2931:119187:1 |==> -1
1140:ROR:==(int,int):<=(int,int):org.apache.commons.lang3.StringUtils@splitWorker(java.lang.String,java.lang.String,int,boolean):2931:119160:separatorChars.length() == 1 |==> separatorChars.length() <= 1
1141:ROR:==(int,int):>=(int,int):org.apache.commons.lang3.StringUtils@splitWorker(java.lang.String,java.lang.String,int,boolean):2931:119160:separatorChars.length() == 1 |==> separatorChars.length() >= 1
1142:ROR:==(int,int):FALSE(int,int):org.apache.commons.lang3.StringUtils@splitWorker(java.lang.String,java.lang.String,int,boolean):2931:119184:separatorChars.length() == 1 |==> false
1143:LVR:0:POS:org.apache.commons.lang3.StringUtils@splitWorker(java.lang.String,java.lang.String,int,boolean):2933:119278:0 |==> 1
1144:LVR:0:NEG:org.apache.commons.lang3.StringUtils@splitWorker(java.lang.String,java.lang.String,int,boolean):2933:119278:0 |==> -1
1145:ROR:<(int,int):!=(int,int):org.apache.commons.lang3.StringUtils@splitWorker(java.lang.String,java.lang.String,int,boolean):2934:119301:i < len |==> i != len
1146:ROR:<(int,int):<=(int,int):org.apache.commons.lang3.StringUtils@splitWorker(java.lang.String,java.lang.String,int,boolean):2934:119301:i < len |==> i <= len
1147:ROR:<(int,int):FALSE(int,int):org.apache.commons.lang3.StringUtils@splitWorker(java.lang.String,java.lang.String,int,boolean):2934:119303:i < len |==> false
1148:ROR:==(int,int):<=(int,int):org.apache.commons.lang3.StringUtils@splitWorker(java.lang.String,java.lang.String,int,boolean):2935:119332:str.charAt(i) == sep |==> str.charAt(i) <= sep
1149:ROR:==(int,int):>=(int,int):org.apache.commons.lang3.StringUtils@splitWorker(java.lang.String,java.lang.String,int,boolean):2935:119332:str.charAt(i) == sep |==> str.charAt(i) >= sep
1150:ROR:==(int,int):FALSE(int,int):org.apache.commons.lang3.StringUtils@splitWorker(java.lang.String,java.lang.String,int,boolean):2935:119346:str.charAt(i) == sep |==> false
1151:COR:||(boolean,boolean):!=(boolean,boolean):org.apache.commons.lang3.StringUtils@splitWorker(java.lang.String,java.lang.String,int,boolean):2936:119380:match || preserveAllTokens |==> match != preserveAllTokens
1152:COR:||(boolean,boolean):LHS(boolean,boolean):org.apache.commons.lang3.StringUtils@splitWorker(java.lang.String,java.lang.String,int,boolean):2936:119380:match || preserveAllTokens |==> match
1153:COR:||(boolean,boolean):RHS(boolean,boolean):org.apache.commons.lang3.StringUtils@splitWorker(java.lang.String,java.lang.String,int,boolean):2936:119389:match || preserveAllTokens |==> preserveAllTokens
1154:COR:||(boolean,boolean):TRUE(boolean,boolean):org.apache.commons.lang3.StringUtils@splitWorker(java.lang.String,java.lang.String,int,boolean):2936:119386:match || preserveAllTokens |==> true
1155:LVR:TRUE:FALSE:org.apache.commons.lang3.StringUtils@splitWorker(java.lang.String,java.lang.String,int,boolean):2937:119446:true |==> false
1156:STD:<ASSIGN>:<NO-OP>:org.apache.commons.lang3.StringUtils@splitWorker(java.lang.String,java.lang.String,int,boolean):2937:119434:lastMatch = true; |==> <NO-OP>
1157:ROR:==(int,int):<=(int,int):org.apache.commons.lang3.StringUtils@splitWorker(java.lang.String,java.lang.String,int,boolean):2938:119480:sizePlus1++ == max |==> sizePlus1++ <= max
1158:ROR:==(int,int):>=(int,int):org.apache.commons.lang3.StringUtils@splitWorker(java.lang.String,java.lang.String,int,boolean):2938:119480:sizePlus1++ == max |==> sizePlus1++ >= max
1159:ROR:==(int,int):FALSE(int,int):org.apache.commons.lang3.StringUtils@splitWorker(java.lang.String,java.lang.String,int,boolean):2938:119492:sizePlus1++ == max |==> false
1160:STD:<ASSIGN>:<NO-OP>:org.apache.commons.lang3.StringUtils@splitWorker(java.lang.String,java.lang.String,int,boolean):2939:119530:i = len; |==> <NO-OP>
1161:LVR:FALSE:TRUE:org.apache.commons.lang3.StringUtils@splitWorker(java.lang.String,java.lang.String,int,boolean):2940:119579:false |==> true
1162:STD:<ASSIGN>:<NO-OP>:org.apache.commons.lang3.StringUtils@splitWorker(java.lang.String,java.lang.String,int,boolean):2940:119567:lastMatch = false; |==> <NO-OP>
1163:STD:<CALL>:<NO-OP>:org.apache.commons.lang3.StringUtils@splitWorker(java.lang.String,java.lang.String,int,boolean):2942:119636:list.add(str.substring(start, i)); |==> <NO-OP>
1164:LVR:FALSE:TRUE:org.apache.commons.lang3.StringUtils@splitWorker(java.lang.String,java.lang.String,int,boolean):2943:119703:false |==> true
1165:STD:<ASSIGN>:<NO-OP>:org.apache.commons.lang3.StringUtils@splitWorker(java.lang.String,java.lang.String,int,boolean):2943:119695:match = false; |==> <NO-OP>
1166:STD:<ASSIGN>:<NO-OP>:org.apache.commons.lang3.StringUtils@splitWorker(java.lang.String,java.lang.String,int,boolean):2945:119752:start = ++i; |==> <NO-OP>
1167:LVR:FALSE:TRUE:org.apache.commons.lang3.StringUtils@splitWorker(java.lang.String,java.lang.String,int,boolean):2948:119841:false |==> true
1168:STD:<ASSIGN>:<NO-OP>:org.apache.commons.lang3.StringUtils@splitWorker(java.lang.String,java.lang.String,int,boolean):2948:119829:lastMatch = false; |==> <NO-OP>
1169:LVR:TRUE:FALSE:org.apache.commons.lang3.StringUtils@splitWorker(java.lang.String,java.lang.String,int,boolean):2949:119872:true |==> false
1170:STD:<ASSIGN>:<NO-OP>:org.apache.commons.lang3.StringUtils@splitWorker(java.lang.String,java.lang.String,int,boolean):2949:119864:match = true; |==> <NO-OP>
1171:STD:<INC>:<NO-OP>:org.apache.commons.lang3.StringUtils@splitWorker(java.lang.String,java.lang.String,int,boolean):2950:119894:i++; |==> <NO-OP>
1172:ROR:<(int,int):!=(int,int):org.apache.commons.lang3.StringUtils@splitWorker(java.lang.String,java.lang.String,int,boolean):2954:119978:i < len |==> i != len
1173:ROR:<(int,int):<=(int,int):org.apache.commons.lang3.StringUtils@splitWorker(java.lang.String,java.lang.String,int,boolean):2954:119978:i < len |==> i <= len
1174:ROR:<(int,int):FALSE(int,int):org.apache.commons.lang3.StringUtils@splitWorker(java.lang.String,java.lang.String,int,boolean):2954:119980:i < len |==> false
1175:LVR:0:POS:org.apache.commons.lang3.StringUtils@splitWorker(java.lang.String,java.lang.String,int,boolean):2955:120050:0 |==> 1
1176:LVR:0:NEG:org.apache.commons.lang3.StringUtils@splitWorker(java.lang.String,java.lang.String,int,boolean):2955:120050:0 |==> -1
1177:ROR:>=(int,int):==(int,int):org.apache.commons.lang3.StringUtils@splitWorker(java.lang.String,java.lang.String,int,boolean):2955:120009:separatorChars.indexOf(str.charAt(i)) >= 0 |==> separatorChars.indexOf(str.charAt(i)) == 0
1178:ROR:>=(int,int):>(int,int):org.apache.commons.lang3.StringUtils@splitWorker(java.lang.String,java.lang.String,int,boolean):2955:120009:separatorChars.indexOf(str.charAt(i)) >= 0 |==> separatorChars.indexOf(str.charAt(i)) > 0
1179:ROR:>=(int,int):TRUE(int,int):org.apache.commons.lang3.StringUtils@splitWorker(java.lang.String,java.lang.String,int,boolean):2955:120047:separatorChars.indexOf(str.charAt(i)) >= 0 |==> true
1180:COR:||(boolean,boolean):!=(boolean,boolean):org.apache.commons.lang3.StringUtils@splitWorker(java.lang.String,java.lang.String,int,boolean):2956:120079:match || preserveAllTokens |==> match != preserveAllTokens
1181:COR:||(boolean,boolean):LHS(boolean,boolean):org.apache.commons.lang3.StringUtils@splitWorker(java.lang.String,java.lang.String,int,boolean):2956:120079:match || preserveAllTokens |==> match
1182:COR:||(boolean,boolean):RHS(boolean,boolean):org.apache.commons.lang3.StringUtils@splitWorker(java.lang.String,java.lang.String,int,boolean):2956:120088:match || preserveAllTokens |==> preserveAllTokens
1183:COR:||(boolean,boolean):TRUE(boolean,boolean):org.apache.commons.lang3.StringUtils@splitWorker(java.lang.String,java.lang.String,int,boolean):2956:120085:match || preserveAllTokens |==> true
1184:LVR:TRUE:FALSE:org.apache.commons.lang3.StringUtils@splitWorker(java.lang.String,java.lang.String,int,boolean):2957:120145:true |==> false
1185:STD:<ASSIGN>:<NO-OP>:org.apache.commons.lang3.StringUtils@splitWorker(java.lang.String,java.lang.String,int,boolean):2957:120133:lastMatch = true; |==> <NO-OP>
1186:ROR:==(int,int):<=(int,int):org.apache.commons.lang3.StringUtils@splitWorker(java.lang.String,java.lang.String,int,boolean):2958:120179:sizePlus1++ == max |==> sizePlus1++ <= max
1187:ROR:==(int,int):>=(int,int):org.apache.commons.lang3.StringUtils@splitWorker(java.lang.String,java.lang.String,int,boolean):2958:120179:sizePlus1++ == max |==> sizePlus1++ >= max
1188:ROR:==(int,int):FALSE(int,int):org.apache.commons.lang3.StringUtils@splitWorker(java.lang.String,java.lang.String,int,boolean):2958:120191:sizePlus1++ == max |==> false
1189:STD:<ASSIGN>:<NO-OP>:org.apache.commons.lang3.StringUtils@splitWorker(java.lang.String,java.lang.String,int,boolean):2959:120229:i = len; |==> <NO-OP>
1190:LVR:FALSE:TRUE:org.apache.commons.lang3.StringUtils@splitWorker(java.lang.String,java.lang.String,int,boolean):2960:120278:false |==> true
1191:STD:<ASSIGN>:<NO-OP>:org.apache.commons.lang3.StringUtils@splitWorker(java.lang.String,java.lang.String,int,boolean):2960:120266:lastMatch = false; |==> <NO-OP>
1192:STD:<CALL>:<NO-OP>:org.apache.commons.lang3.StringUtils@splitWorker(java.lang.String,java.lang.String,int,boolean):2962:120335:list.add(str.substring(start, i)); |==> <NO-OP>
1193:LVR:FALSE:TRUE:org.apache.commons.lang3.StringUtils@splitWorker(java.lang.String,java.lang.String,int,boolean):2963:120402:false |==> true
1194:STD:<ASSIGN>:<NO-OP>:org.apache.commons.lang3.StringUtils@splitWorker(java.lang.String,java.lang.String,int,boolean):2963:120394:match = false; |==> <NO-OP>
1195:STD:<ASSIGN>:<NO-OP>:org.apache.commons.lang3.StringUtils@splitWorker(java.lang.String,java.lang.String,int,boolean):2965:120451:start = ++i; |==> <NO-OP>
1196:LVR:FALSE:TRUE:org.apache.commons.lang3.StringUtils@splitWorker(java.lang.String,java.lang.String,int,boolean):2968:120540:false |==> true
1197:STD:<ASSIGN>:<NO-OP>:org.apache.commons.lang3.StringUtils@splitWorker(java.lang.String,java.lang.String,int,boolean):2968:120528:lastMatch = false; |==> <NO-OP>
1198:LVR:TRUE:FALSE:org.apache.commons.lang3.StringUtils@splitWorker(java.lang.String,java.lang.String,int,boolean):2969:120571:true |==> false
1199:STD:<ASSIGN>:<NO-OP>:org.apache.commons.lang3.StringUtils@splitWorker(java.lang.String,java.lang.String,int,boolean):2969:120563:match = true; |==> <NO-OP>
1200:STD:<INC>:<NO-OP>:org.apache.commons.lang3.StringUtils@splitWorker(java.lang.String,java.lang.String,int,boolean):2970:120593:i++; |==> <NO-OP>
1201:COR:&&(boolean,boolean):==(boolean,boolean):org.apache.commons.lang3.StringUtils@splitWorker(java.lang.String,java.lang.String,int,boolean):2973:120644:preserveAllTokens && lastMatch |==> preserveAllTokens == lastMatch
1202:COR:&&(boolean,boolean):FALSE(boolean,boolean):org.apache.commons.lang3.StringUtils@splitWorker(java.lang.String,java.lang.String,int,boolean):2973:120662:preserveAllTokens && lastMatch |==> false
1203:COR:&&(boolean,boolean):LHS(boolean,boolean):org.apache.commons.lang3.StringUtils@splitWorker(java.lang.String,java.lang.String,int,boolean):2973:120644:preserveAllTokens && lastMatch |==> preserveAllTokens
1204:COR:&&(boolean,boolean):RHS(boolean,boolean):org.apache.commons.lang3.StringUtils@splitWorker(java.lang.String,java.lang.String,int,boolean):2973:120665:preserveAllTokens && lastMatch |==> lastMatch
1205:COR:||(boolean,boolean):!=(boolean,boolean):org.apache.commons.lang3.StringUtils@splitWorker(java.lang.String,java.lang.String,int,boolean):2973:120634:match || (preserveAllTokens && lastMatch) |==> match != (preserveAllTokens && lastMatch)
1206:COR:||(boolean,boolean):LHS(boolean,boolean):org.apache.commons.lang3.StringUtils@splitWorker(java.lang.String,java.lang.String,int,boolean):2973:120634:match || (preserveAllTokens && lastMatch) |==> match
1207:COR:||(boolean,boolean):RHS(boolean,boolean):org.apache.commons.lang3.StringUtils@splitWorker(java.lang.String,java.lang.String,int,boolean):2973:120643:match || (preserveAllTokens && lastMatch) |==> (preserveAllTokens && lastMatch)
1208:COR:||(boolean,boolean):TRUE(boolean,boolean):org.apache.commons.lang3.StringUtils@splitWorker(java.lang.String,java.lang.String,int,boolean):2973:120640:match || (preserveAllTokens && lastMatch) |==> true
1209:STD:<CALL>:<NO-OP>:org.apache.commons.lang3.StringUtils@splitWorker(java.lang.String,java.lang.String,int,boolean):2974:120691:list.add(str.substring(start, i)); |==> <NO-OP>
1210:LVR:FALSE:TRUE:org.apache.commons.lang3.StringUtils@splitByCharacterType(java.lang.String):2999:121990:false |==> true
1211:LVR:TRUE:FALSE:org.apache.commons.lang3.StringUtils@splitByCharacterTypeCamelCase(java.lang.String):3027:123614:true |==> false
1212:ROR:==(java.lang.Object,java.lang.Object):FALSE(java.lang.Object,java.lang.Object):org.apache.commons.lang3.StringUtils@splitByCharacterType(java.lang.String,boolean):3045:124571:str == null |==> false
1213:LVR:0:POS:org.apache.commons.lang3.StringUtils@splitByCharacterType(java.lang.String,boolean):3048:124645:0 |==> 1
1214:LVR:0:NEG:org.apache.commons.lang3.StringUtils@splitByCharacterType(java.lang.String,boolean):3048:124645:0 |==> -1
1215:ROR:==(int,int):>=(int,int):org.apache.commons.lang3.StringUtils@splitByCharacterType(java.lang.String,boolean):3048:124629:str.length() == 0 |==> str.length() >= 0
1216:ROR:==(int,int):FALSE(int,int):org.apache.commons.lang3.StringUtils@splitByCharacterType(java.lang.String,boolean):3048:124642:str.length() == 0 |==> false
1217:LVR:0:POS:org.apache.commons.lang3.StringUtils@splitByCharacterType(java.lang.String,boolean):3053:124826:0 |==> 1
1218:LVR:0:NEG:org.apache.commons.lang3.StringUtils@splitByCharacterType(java.lang.String,boolean):3053:124826:0 |==> -1
1219:LVR:POS:0:org.apache.commons.lang3.StringUtils@splitByCharacterType(java.lang.String,boolean):3055:124925:1 |==> 0
1220:LVR:POS:NEG:org.apache.commons.lang3.StringUtils@splitByCharacterType(java.lang.String,boolean):3055:124925:1 |==> -1
1221:AOR:+(int,int):%(int,int):org.apache.commons.lang3.StringUtils@splitByCharacterType(java.lang.String,boolean):3055:124912:tokenStart + 1 |==> tokenStart % 1
1222:AOR:+(int,int):*(int,int):org.apache.commons.lang3.StringUtils@splitByCharacterType(java.lang.String,boolean):3055:124912:tokenStart + 1 |==> tokenStart * 1
1223:AOR:+(int,int):-(int,int):org.apache.commons.lang3.StringUtils@splitByCharacterType(java.lang.String,boolean):3055:124912:tokenStart + 1 |==> tokenStart - 1
1224:AOR:+(int,int):/(int,int):org.apache.commons.lang3.StringUtils@splitByCharacterType(java.lang.String,boolean):3055:124912:tokenStart + 1 |==> tokenStart / 1
1225:ROR:<(int,int):!=(int,int):org.apache.commons.lang3.StringUtils@splitByCharacterType(java.lang.String,boolean):3055:124928:pos < c.length |==> pos != c.length
1226:ROR:<(int,int):<=(int,int):org.apache.commons.lang3.StringUtils@splitByCharacterType(java.lang.String,boolean):3055:124928:pos < c.length |==> pos <= c.length
1227:ROR:<(int,int):FALSE(int,int):org.apache.commons.lang3.StringUtils@splitByCharacterType(java.lang.String,boolean):3055:124932:pos < c.length |==> false
1228:ROR:==(int,int):<=(int,int):org.apache.commons.lang3.StringUtils@splitByCharacterType(java.lang.String,boolean):3057:125019:type == currentType |==> type <= currentType
1229:ROR:==(int,int):>=(int,int):org.apache.commons.lang3.StringUtils@splitByCharacterType(java.lang.String,boolean):3057:125019:type == currentType |==> type >= currentType
1230:ROR:==(int,int):FALSE(int,int):org.apache.commons.lang3.StringUtils@splitByCharacterType(java.lang.String,boolean):3057:125024:type == currentType |==> false
1231:ROR:==(int,int):<=(int,int):org.apache.commons.lang3.StringUtils@splitByCharacterType(java.lang.String,boolean):3060:125111:type == Character.LOWERCASE_LETTER |==> type <= Character.LOWERCASE_LETTER
1232:ROR:==(int,int):>=(int,int):org.apache.commons.lang3.StringUtils@splitByCharacterType(java.lang.String,boolean):3060:125111:type == Character.LOWERCASE_LETTER |==> type >= Character.LOWERCASE_LETTER
1233:ROR:==(int,int):FALSE(int,int):org.apache.commons.lang3.StringUtils@splitByCharacterType(java.lang.String,boolean):3060:125116:type == Character.LOWERCASE_LETTER |==> false
1234:COR:&&(boolean,boolean):==(boolean,boolean):org.apache.commons.lang3.StringUtils@splitByCharacterType(java.lang.String,boolean):3060:125098:camelCase && type == Character.LOWERCASE_LETTER |==> camelCase == (type == Character.LOWERCASE_LETTER)
1235:COR:&&(boolean,boolean):FALSE(boolean,boolean):org.apache.commons.lang3.StringUtils@splitByCharacterType(java.lang.String,boolean):3060:125108:camelCase && type == Character.LOWERCASE_LETTER |==> false
1236:COR:&&(boolean,boolean):LHS(boolean,boolean):org.apache.commons.lang3.StringUtils@splitByCharacterType(java.lang.String,boolean):3060:125098:camelCase && type == Character.LOWERCASE_LETTER |==> camelCase
1237:COR:&&(boolean,boolean):RHS(boolean,boolean):org.apache.commons.lang3.StringUtils@splitByCharacterType(java.lang.String,boolean):3060:125111:camelCase && type == Character.LOWERCASE_LETTER |==> type == Character.LOWERCASE_LETTER
1238:ROR:==(int,int):<=(int,int):org.apache.commons.lang3.StringUtils@splitByCharacterType(java.lang.String,boolean):3060:125149:currentType == Character.UPPERCASE_LETTER |==> currentType <= Character.UPPERCASE_LETTER
1239:ROR:==(int,int):>=(int,int):org.apache.commons.lang3.StringUtils@splitByCharacterType(java.lang.String,boolean):3060:125149:currentType == Character.UPPERCASE_LETTER |==> currentType >= Character.UPPERCASE_LETTER
1240:ROR:==(int,int):FALSE(int,int):org.apache.commons.lang3.StringUtils@splitByCharacterType(java.lang.String,boolean):3060:125161:currentType == Character.UPPERCASE_LETTER |==> false
1241:COR:&&(boolean,boolean):==(boolean,boolean):org.apache.commons.lang3.StringUtils@splitByCharacterType(java.lang.String,boolean):3060:125098:camelCase && type == Character.LOWERCASE_LETTER && currentType == Character.UPPERCASE_LETTER |==> (camelCase && type == Character.LOWERCASE_LETTER) == (currentType == Character.UPPERCASE_LETTER)
1242:COR:&&(boolean,boolean):FALSE(boolean,boolean):org.apache.commons.lang3.StringUtils@splitByCharacterType(java.lang.String,boolean):3060:125146:camelCase && type == Character.LOWERCASE_LETTER && currentType == Character.UPPERCASE_LETTER |==> false
1243:COR:&&(boolean,boolean):LHS(boolean,boolean):org.apache.commons.lang3.StringUtils@splitByCharacterType(java.lang.String,boolean):3060:125098:camelCase && type == Character.LOWERCASE_LETTER && currentType == Character.UPPERCASE_LETTER |==> camelCase && type == Character.LOWERCASE_LETTER
1244:COR:&&(boolean,boolean):RHS(boolean,boolean):org.apache.commons.lang3.StringUtils@splitByCharacterType(java.lang.String,boolean):3060:125149:camelCase && type == Character.LOWERCASE_LETTER && currentType == Character.UPPERCASE_LETTER |==> currentType == Character.UPPERCASE_LETTER
1245:LVR:POS:0:org.apache.commons.lang3.StringUtils@splitByCharacterType(java.lang.String,boolean):3061:125236:1 |==> 0
1246:LVR:POS:NEG:org.apache.commons.lang3.StringUtils@splitByCharacterType(java.lang.String,boolean):3061:125236:1 |==> -1
1247:AOR:-(int,int):%(int,int):org.apache.commons.lang3.StringUtils@splitByCharacterType(java.lang.String,boolean):3061:125230:pos - 1 |==> pos % 1
1248:AOR:-(int,int):*(int,int):org.apache.commons.lang3.StringUtils@splitByCharacterType(java.lang.String,boolean):3061:125230:pos - 1 |==> pos * 1
1249:AOR:-(int,int):+(int,int):org.apache.commons.lang3.StringUtils@splitByCharacterType(java.lang.String,boolean):3061:125230:pos - 1 |==> pos + 1
1250:AOR:-(int,int):/(int,int):org.apache.commons.lang3.StringUtils@splitByCharacterType(java.lang.String,boolean):3061:125230:pos - 1 |==> pos / 1
1251:ROR:!=(int,int):<(int,int):org.apache.commons.lang3.StringUtils@splitByCharacterType(java.lang.String,boolean):3062:125259:newTokenStart != tokenStart |==> newTokenStart < tokenStart
1252:ROR:!=(int,int):>(int,int):org.apache.commons.lang3.StringUtils@splitByCharacterType(java.lang.String,boolean):3062:125259:newTokenStart != tokenStart |==> newTokenStart > tokenStart
1253:ROR:!=(int,int):TRUE(int,int):org.apache.commons.lang3.StringUtils@splitByCharacterType(java.lang.String,boolean):3062:125273:newTokenStart != tokenStart |==> true
1254:AOR:-(int,int):%(int,int):org.apache.commons.lang3.StringUtils@splitByCharacterType(java.lang.String,boolean):3063:125345:newTokenStart - tokenStart |==> newTokenStart % tokenStart
1255:AOR:-(int,int):*(int,int):org.apache.commons.lang3.StringUtils@splitByCharacterType(java.lang.String,boolean):3063:125345:newTokenStart - tokenStart |==> newTokenStart * tokenStart
1256:AOR:-(int,int):+(int,int):org.apache.commons.lang3.StringUtils@splitByCharacterType(java.lang.String,boolean):3063:125345:newTokenStart - tokenStart |==> newTokenStart + tokenStart
1257:AOR:-(int,int):/(int,int):org.apache.commons.lang3.StringUtils@splitByCharacterType(java.lang.String,boolean):3063:125345:newTokenStart - tokenStart |==> newTokenStart / tokenStart
1258:STD:<CALL>:<NO-OP>:org.apache.commons.lang3.StringUtils@splitByCharacterType(java.lang.String,boolean):3063:125310:list.add(new String(c, tokenStart, newTokenStart - tokenStart)); |==> <NO-OP>
1259:STD:<ASSIGN>:<NO-OP>:org.apache.commons.lang3.StringUtils@splitByCharacterType(java.lang.String,boolean):3064:125395:tokenStart = newTokenStart; |==> <NO-OP>
1260:AOR:-(int,int):%(int,int):org.apache.commons.lang3.StringUtils@splitByCharacterType(java.lang.String,boolean):3067:125513:pos - tokenStart |==> pos % tokenStart
1261:AOR:-(int,int):*(int,int):org.apache.commons.lang3.StringUtils@splitByCharacterType(java.lang.String,boolean):3067:125513:pos - tokenStart |==> pos * tokenStart
1262:AOR:-(int,int):+(int,int):org.apache.commons.lang3.StringUtils@splitByCharacterType(java.lang.String,boolean):3067:125513:pos - tokenStart |==> pos + tokenStart
1263:AOR:-(int,int):/(int,int):org.apache.commons.lang3.StringUtils@splitByCharacterType(java.lang.String,boolean):3067:125513:pos - tokenStart |==> pos / tokenStart
1264:STD:<CALL>:<NO-OP>:org.apache.commons.lang3.StringUtils@splitByCharacterType(java.lang.String,boolean):3067:125478:list.add(new String(c, tokenStart, pos - tokenStart)); |==> <NO-OP>
1265:STD:<ASSIGN>:<NO-OP>:org.apache.commons.lang3.StringUtils@splitByCharacterType(java.lang.String,boolean):3068:125549:tokenStart = pos; |==> <NO-OP>
1266:STD:<ASSIGN>:<NO-OP>:org.apache.commons.lang3.StringUtils@splitByCharacterType(java.lang.String,boolean):3070:125593:currentType = type; |==> <NO-OP>
1267:AOR:-(int,int):%(int,int):org.apache.commons.lang3.StringUtils@splitByCharacterType(java.lang.String,boolean):3072:125666:c.length - tokenStart |==> c.length % tokenStart
1268:AOR:-(int,int):*(int,int):org.apache.commons.lang3.StringUtils@splitByCharacterType(java.lang.String,boolean):3072:125666:c.length - tokenStart |==> c.length * tokenStart
1269:AOR:-(int,int):+(int,int):org.apache.commons.lang3.StringUtils@splitByCharacterType(java.lang.String,boolean):3072:125666:c.length - tokenStart |==> c.length + tokenStart
1270:AOR:-(int,int):/(int,int):org.apache.commons.lang3.StringUtils@splitByCharacterType(java.lang.String,boolean):3072:125666:c.length - tokenStart |==> c.length / tokenStart
1271:STD:<CALL>:<NO-OP>:org.apache.commons.lang3.StringUtils@splitByCharacterType(java.lang.String,boolean):3072:125631:list.add(new String(c, tokenStart, c.length - tokenStart)); |==> <NO-OP>
1272:ROR:==(java.lang.Object,java.lang.Object):FALSE(java.lang.Object,java.lang.Object):org.apache.commons.lang3.StringUtils@join(java.lang.Object[],char):3125:127643:array == null |==> false
1273:LVR:0:POS:org.apache.commons.lang3.StringUtils@join(java.lang.Object[],char):3129:127728:0 |==> 1
1274:LVR:0:NEG:org.apache.commons.lang3.StringUtils@join(java.lang.Object[],char):3129:127728:0 |==> -1
1275:ROR:==(java.lang.Object,java.lang.Object):FALSE(java.lang.Object,java.lang.Object):org.apache.commons.lang3.StringUtils@join(java.lang.Object[],char,int,int):3159:129029:array == null |==> false
1276:AOR:-(int,int):%(int,int):org.apache.commons.lang3.StringUtils@join(java.lang.Object[],char,int,int):3162:129098:endIndex - startIndex |==> endIndex % startIndex
1277:AOR:-(int,int):*(int,int):org.apache.commons.lang3.StringUtils@join(java.lang.Object[],char,int,int):3162:129098:endIndex - startIndex |==> endIndex * startIndex
1278:AOR:-(int,int):+(int,int):org.apache.commons.lang3.StringUtils@join(java.lang.Object[],char,int,int):3162:129098:endIndex - startIndex |==> endIndex + startIndex
1279:AOR:-(int,int):/(int,int):org.apache.commons.lang3.StringUtils@join(java.lang.Object[],char,int,int):3162:129098:endIndex - startIndex |==> endIndex / startIndex
1280:LVR:0:POS:org.apache.commons.lang3.StringUtils@join(java.lang.Object[],char,int,int):3163:129145:0 |==> 1
1281:LVR:0:NEG:org.apache.commons.lang3.StringUtils@join(java.lang.Object[],char,int,int):3163:129145:0 |==> -1
1282:ROR:<=(int,int):<(int,int):org.apache.commons.lang3.StringUtils@join(java.lang.Object[],char,int,int):3163:129134:bufSize <= 0 |==> bufSize < 0
1283:ROR:<=(int,int):==(int,int):org.apache.commons.lang3.StringUtils@join(java.lang.Object[],char,int,int):3163:129134:bufSize <= 0 |==> bufSize == 0
1284:ROR:<=(int,int):TRUE(int,int):org.apache.commons.lang3.StringUtils@join(java.lang.Object[],char,int,int):3163:129142:bufSize <= 0 |==> true
1285:ROR:==(java.lang.Object,java.lang.Object):FALSE(java.lang.Object,java.lang.Object):org.apache.commons.lang3.StringUtils@join(java.lang.Object[],char,int,int):3167:129226:array[startIndex] == null |==> false
1286:LVR:POS:0:org.apache.commons.lang3.StringUtils@join(java.lang.Object[],char,int,int):3167:129236:16 |==> 0
1287:LVR:POS:NEG:org.apache.commons.lang3.StringUtils@join(java.lang.Object[],char,int,int):3167:129236:16 |==> -16
1288:LVR:POS:0:org.apache.commons.lang3.StringUtils@join(java.lang.Object[],char,int,int):3167:129282:1 |==> 0
1289:LVR:POS:NEG:org.apache.commons.lang3.StringUtils@join(java.lang.Object[],char,int,int):3167:129282:1 |==> -1
1290:AOR:+(int,int):%(int,int):org.apache.commons.lang3.StringUtils@join(java.lang.Object[],char,int,int):3167:129207:(array[startIndex] == null ? 16 : array[startIndex].toString().length()) + 1 |==> (array[startIndex] == null ? 16 : array[startIndex].toString().length()) % 1
1291:AOR:+(int,int):*(int,int):org.apache.commons.lang3.StringUtils@join(java.lang.Object[],char,int,int):3167:129207:(array[startIndex] == null ? 16 : array[startIndex].toString().length()) + 1 |==> (array[startIndex] == null ? 16 : array[startIndex].toString().length()) * 1
1292:AOR:+(int,int):-(int,int):org.apache.commons.lang3.StringUtils@join(java.lang.Object[],char,int,int):3167:129207:(array[startIndex] == null ? 16 : array[startIndex].toString().length()) + 1 |==> (array[startIndex] == null ? 16 : array[startIndex].toString().length()) - 1
1293:AOR:+(int,int):/(int,int):org.apache.commons.lang3.StringUtils@join(java.lang.Object[],char,int,int):3167:129207:(array[startIndex] == null ? 16 : array[startIndex].toString().length()) + 1 |==> (array[startIndex] == null ? 16 : array[startIndex].toString().length()) / 1
1294:STD:<ASSIGN>:<NO-OP>:org.apache.commons.lang3.StringUtils@join(java.lang.Object[],char,int,int):3167:129195:bufSize *= ((array[startIndex] == null ? 16 : array[startIndex].toString().length()) + 1); |==> <NO-OP>
1295:ROR:<(int,int):!=(int,int):org.apache.commons.lang3.StringUtils@join(java.lang.Object[],char,int,int):3170:129376:i < endIndex |==> i != endIndex
1296:ROR:<(int,int):<=(int,int):org.apache.commons.lang3.StringUtils@join(java.lang.Object[],char,int,int):3170:129376:i < endIndex |==> i <= endIndex
1297:ROR:<(int,int):FALSE(int,int):org.apache.commons.lang3.StringUtils@join(java.lang.Object[],char,int,int):3170:129378:i < endIndex |==> false
1298:ROR:>(int,int):!=(int,int):org.apache.commons.lang3.StringUtils@join(java.lang.Object[],char,int,int):3171:129413:i > startIndex |==> i != startIndex
1299:ROR:>(int,int):>=(int,int):org.apache.commons.lang3.StringUtils@join(java.lang.Object[],char,int,int):3171:129413:i > startIndex |==> i >= startIndex
1300:ROR:>(int,int):FALSE(int,int):org.apache.commons.lang3.StringUtils@join(java.lang.Object[],char,int,int):3171:129415:i > startIndex |==> false
1301:STD:<CALL>:<NO-OP>:org.apache.commons.lang3.StringUtils@join(java.lang.Object[],char,int,int):3172:129447:buf.append(separator); |==> <NO-OP>
1302:ROR:!=(java.lang.Object,java.lang.Object):TRUE(java.lang.Object,java.lang.Object):org.apache.commons.lang3.StringUtils@join(java.lang.Object[],char,int,int):3174:129509:array[i] != null |==> true
1303:STD:<CALL>:<NO-OP>:org.apache.commons.lang3.StringUtils@join(java.lang.Object[],char,int,int):3175:129536:buf.append(array[i]); |==> <NO-OP>
1304:ROR:==(java.lang.Object,java.lang.Object):FALSE(java.lang.Object,java.lang.Object):org.apache.commons.lang3.StringUtils@join(java.lang.Object[],java.lang.String):3206:130733:array == null |==> false
1305:LVR:0:POS:org.apache.commons.lang3.StringUtils@join(java.lang.Object[],java.lang.String):3209:130817:0 |==> 1
1306:LVR:0:NEG:org.apache.commons.lang3.StringUtils@join(java.lang.Object[],java.lang.String):3209:130817:0 |==> -1
1307:ROR:==(java.lang.Object,java.lang.Object):FALSE(java.lang.Object,java.lang.Object):org.apache.commons.lang3.StringUtils@join(java.lang.Object[],java.lang.String,int,int):3240:132260:array == null |==> false
1308:ROR:==(java.lang.Object,java.lang.Object):FALSE(java.lang.Object,java.lang.Object):org.apache.commons.lang3.StringUtils@join(java.lang.Object[],java.lang.String,int,int):3243:132328:separator == null |==> false
1309:STD:<ASSIGN>:<NO-OP>:org.apache.commons.lang3.StringUtils@join(java.lang.Object[],java.lang.String,int,int):3244:132351:separator = EMPTY; |==> <NO-OP>
1310:AOR:-(int,int):%(int,int):org.apache.commons.lang3.StringUtils@join(java.lang.Object[],java.lang.String,int,int):3249:132572:endIndex - startIndex |==> endIndex % startIndex
1311:AOR:-(int,int):*(int,int):org.apache.commons.lang3.StringUtils@join(java.lang.Object[],java.lang.String,int,int):3249:132572:endIndex - startIndex |==> endIndex * startIndex
1312:AOR:-(int,int):+(int,int):org.apache.commons.lang3.StringUtils@join(java.lang.Object[],java.lang.String,int,int):3249:132572:endIndex - startIndex |==> endIndex + startIndex
1313:AOR:-(int,int):/(int,int):org.apache.commons.lang3.StringUtils@join(java.lang.Object[],java.lang.String,int,int):3249:132572:endIndex - startIndex |==> endIndex / startIndex
1314:LVR:0:POS:org.apache.commons.lang3.StringUtils@join(java.lang.Object[],java.lang.String,int,int):3250:132619:0 |==> 1
1315:LVR:0:NEG:org.apache.commons.lang3.StringUtils@join(java.lang.Object[],java.lang.String,int,int):3250:132619:0 |==> -1
1316:ROR:<=(int,int):<(int,int):org.apache.commons.lang3.StringUtils@join(java.lang.Object[],java.lang.String,int,int):3250:132608:bufSize <= 0 |==> bufSize < 0
1317:ROR:<=(int,int):==(int,int):org.apache.commons.lang3.StringUtils@join(java.lang.Object[],java.lang.String,int,int):3250:132608:bufSize <= 0 |==> bufSize == 0
1318:ROR:<=(int,int):TRUE(int,int):org.apache.commons.lang3.StringUtils@join(java.lang.Object[],java.lang.String,int,int):3250:132616:bufSize <= 0 |==> true
1319:ROR:==(java.lang.Object,java.lang.Object):FALSE(java.lang.Object,java.lang.Object):org.apache.commons.lang3.StringUtils@join(java.lang.Object[],java.lang.String,int,int):3254:132700:array[startIndex] == null |==> false
1320:LVR:POS:0:org.apache.commons.lang3.StringUtils@join(java.lang.Object[],java.lang.String,int,int):3254:132710:16 |==> 0
1321:LVR:POS:NEG:org.apache.commons.lang3.StringUtils@join(java.lang.Object[],java.lang.String,int,int):3254:132710:16 |==> -16
1322:AOR:+(int,int):%(int,int):org.apache.commons.lang3.StringUtils@join(java.lang.Object[],java.lang.String,int,int):3254:132681:(array[startIndex] == null ? 16 : array[startIndex].toString().length()) + separator.length() |==> (array[startIndex] == null ? 16 : array[startIndex].toString().length()) % separator.length()
1323:AOR:+(int,int):*(int,int):org.apache.commons.lang3.StringUtils@join(java.lang.Object[],java.lang.String,int,int):3254:132681:(array[startIndex] == null ? 16 : array[startIndex].toString().length()) + separator.length() |==> (array[startIndex] == null ? 16 : array[startIndex].toString().length()) * separator.length()
1324:AOR:+(int,int):-(int,int):org.apache.commons.lang3.StringUtils@join(java.lang.Object[],java.lang.String,int,int):3254:132681:(array[startIndex] == null ? 16 : array[startIndex].toString().length()) + separator.length() |==> (array[startIndex] == null ? 16 : array[startIndex].toString().length()) - separator.length()
1325:AOR:+(int,int):/(int,int):org.apache.commons.lang3.StringUtils@join(java.lang.Object[],java.lang.String,int,int):3254:132681:(array[startIndex] == null ? 16 : array[startIndex].toString().length()) + separator.length() |==> (array[startIndex] == null ? 16 : array[startIndex].toString().length()) / separator.length()
1326:STD:<ASSIGN>:<NO-OP>:org.apache.commons.lang3.StringUtils@join(java.lang.Object[],java.lang.String,int,int):3254:132669:bufSize *= ((array[startIndex] == null ? 16 : array[startIndex].toString().length()) + separator.length()); |==> <NO-OP>
1327:ROR:<(int,int):!=(int,int):org.apache.commons.lang3.StringUtils@join(java.lang.Object[],java.lang.String,int,int):3259:132892:i < endIndex |==> i != endIndex
1328:ROR:<(int,int):<=(int,int):org.apache.commons.lang3.StringUtils@join(java.lang.Object[],java.lang.String,int,int):3259:132892:i < endIndex |==> i <= endIndex
1329:ROR:<(int,int):FALSE(int,int):org.apache.commons.lang3.StringUtils@join(java.lang.Object[],java.lang.String,int,int):3259:132894:i < endIndex |==> false
1330:ROR:>(int,int):!=(int,int):org.apache.commons.lang3.StringUtils@join(java.lang.Object[],java.lang.String,int,int):3260:132929:i > startIndex |==> i != startIndex
1331:ROR:>(int,int):>=(int,int):org.apache.commons.lang3.StringUtils@join(java.lang.Object[],java.lang.String,int,int):3260:132929:i > startIndex |==> i >= startIndex
1332:ROR:>(int,int):FALSE(int,int):org.apache.commons.lang3.StringUtils@join(java.lang.Object[],java.lang.String,int,int):3260:132931:i > startIndex |==> false
1333:STD:<CALL>:<NO-OP>:org.apache.commons.lang3.StringUtils@join(java.lang.Object[],java.lang.String,int,int):3261:132963:buf.append(separator); |==> <NO-OP>
1334:ROR:!=(java.lang.Object,java.lang.Object):TRUE(java.lang.Object,java.lang.Object):org.apache.commons.lang3.StringUtils@join(java.lang.Object[],java.lang.String,int,int):3263:133025:array[i] != null |==> true
1335:STD:<CALL>:<NO-OP>:org.apache.commons.lang3.StringUtils@join(java.lang.Object[],java.lang.String,int,int):3264:133052:buf.append(array[i]); |==> <NO-OP>
1336:ROR:==(java.lang.Object,java.lang.Object):FALSE(java.lang.Object,java.lang.Object):org.apache.commons.lang3.StringUtils@join(java.util.Iterator<?>,char):3287:133930:iterator == null |==> false
1337:COR:<METHOD_INVOCATION(boolean)>:FALSE:org.apache.commons.lang3.StringUtils@join(java.util.Iterator<?>,char):3290:134005:iterator.hasNext() |==> false
1338:COR:<METHOD_INVOCATION(boolean)>:TRUE:org.apache.commons.lang3.StringUtils@join(java.util.Iterator<?>,char):3290:134005:iterator.hasNext() |==> true
1339:COR:<METHOD_INVOCATION(boolean)>:FALSE:org.apache.commons.lang3.StringUtils@join(java.util.Iterator<?>,char):3294:134116:iterator.hasNext() |==> false
1340:COR:<METHOD_INVOCATION(boolean)>:TRUE:org.apache.commons.lang3.StringUtils@join(java.util.Iterator<?>,char):3294:134116:iterator.hasNext() |==> true
1341:LVR:POS:0:org.apache.commons.lang3.StringUtils@join(java.util.Iterator<?>,char):3299:134259:256 |==> 0
1342:LVR:POS:NEG:org.apache.commons.lang3.StringUtils@join(java.util.Iterator<?>,char):3299:134259:256 |==> -256
1343:ROR:!=(java.lang.Object,java.lang.Object):TRUE(java.lang.Object,java.lang.Object):org.apache.commons.lang3.StringUtils@join(java.util.Iterator<?>,char):3300:134325:first != null |==> true
1344:STD:<CALL>:<NO-OP>:org.apache.commons.lang3.StringUtils@join(java.util.Iterator<?>,char):3301:134348:buf.append(first); |==> <NO-OP>
1345:STD:<CALL>:<NO-OP>:org.apache.commons.lang3.StringUtils@join(java.util.Iterator<?>,char):3305:134427:buf.append(separator); |==> <NO-OP>
1346:ROR:!=(java.lang.Object,java.lang.Object):TRUE(java.lang.Object,java.lang.Object):org.apache.commons.lang3.StringUtils@join(java.util.Iterator<?>,char):3307:134512:obj != null |==> true
1347:STD:<CALL>:<NO-OP>:org.apache.commons.lang3.StringUtils@join(java.util.Iterator<?>,char):3308:134539:buf.append(obj); |==> <NO-OP>
1348:ROR:==(java.lang.Object,java.lang.Object):FALSE(java.lang.Object,java.lang.Object):org.apache.commons.lang3.StringUtils@join(java.util.Iterator<?>,java.lang.String):3331:135401:iterator == null |==> false
1349:COR:<METHOD_INVOCATION(boolean)>:FALSE:org.apache.commons.lang3.StringUtils@join(java.util.Iterator<?>,java.lang.String):3334:135476:iterator.hasNext() |==> false
1350:COR:<METHOD_INVOCATION(boolean)>:TRUE:org.apache.commons.lang3.StringUtils@join(java.util.Iterator<?>,java.lang.String):3334:135476:iterator.hasNext() |==> true
1351:COR:<METHOD_INVOCATION(boolean)>:FALSE:org.apache.commons.lang3.StringUtils@join(java.util.Iterator<?>,java.lang.String):3338:135587:iterator.hasNext() |==> false
1352:COR:<METHOD_INVOCATION(boolean)>:TRUE:org.apache.commons.lang3.StringUtils@join(java.util.Iterator<?>,java.lang.String):3338:135587:iterator.hasNext() |==> true
1353:LVR:POS:0:org.apache.commons.lang3.StringUtils@join(java.util.Iterator<?>,java.lang.String):3343:135730:256 |==> 0
1354:LVR:POS:NEG:org.apache.commons.lang3.StringUtils@join(java.util.Iterator<?>,java.lang.String):3343:135730:256 |==> -256
1355:ROR:!=(java.lang.Object,java.lang.Object):TRUE(java.lang.Object,java.lang.Object):org.apache.commons.lang3.StringUtils@join(java.util.Iterator<?>,java.lang.String):3344:135796:first != null |==> true
1356:STD:<CALL>:<NO-OP>:org.apache.commons.lang3.StringUtils@join(java.util.Iterator<?>,java.lang.String):3345:135819:buf.append(first); |==> <NO-OP>
1357:ROR:!=(java.lang.Object,java.lang.Object):TRUE(java.lang.Object,java.lang.Object):org.apache.commons.lang3.StringUtils@join(java.util.Iterator<?>,java.lang.String):3349:135912:separator != null |==> true
1358:STD:<CALL>:<NO-OP>:org.apache.commons.lang3.StringUtils@join(java.util.Iterator<?>,java.lang.String):3350:135939:buf.append(separator); |==> <NO-OP>
1359:ROR:!=(java.lang.Object,java.lang.Object):TRUE(java.lang.Object,java.lang.Object):org.apache.commons.lang3.StringUtils@join(java.util.Iterator<?>,java.lang.String):3353:136038:obj != null |==> true
1360:STD:<CALL>:<NO-OP>:org.apache.commons.lang3.StringUtils@join(java.util.Iterator<?>,java.lang.String):3354:136065:buf.append(obj); |==> <NO-OP>
1361:ROR:==(java.lang.Object,java.lang.Object):FALSE(java.lang.Object,java.lang.Object):org.apache.commons.lang3.StringUtils@join(java.lang.Iterable<?>,char):3375:136877:iterable == null |==> false
1362:ROR:==(java.lang.Object,java.lang.Object):FALSE(java.lang.Object,java.lang.Object):org.apache.commons.lang3.StringUtils@join(java.lang.Iterable<?>,java.lang.String):3396:137722:iterable == null |==> false
1363:COR:<METHOD_INVOCATION(boolean)>:FALSE:org.apache.commons.lang3.StringUtils@deleteWhitespace(java.lang.String):3419:138546:isEmpty(str) |==> false
1364:COR:<METHOD_INVOCATION(boolean)>:TRUE:org.apache.commons.lang3.StringUtils@deleteWhitespace(java.lang.String):3419:138546:isEmpty(str) |==> true
1365:LVR:0:POS:org.apache.commons.lang3.StringUtils@deleteWhitespace(java.lang.String):3424:138675:0 |==> 1
1366:LVR:0:NEG:org.apache.commons.lang3.StringUtils@deleteWhitespace(java.lang.String):3424:138675:0 |==> -1
1367:LVR:0:POS:org.apache.commons.lang3.StringUtils@deleteWhitespace(java.lang.String):3425:138699:0 |==> 1
1368:LVR:0:NEG:org.apache.commons.lang3.StringUtils@deleteWhitespace(java.lang.String):3425:138699:0 |==> -1
1369:ROR:<(int,int):!=(int,int):org.apache.commons.lang3.StringUtils@deleteWhitespace(java.lang.String):3425:138702:i < sz |==> i != sz
1370:ROR:<(int,int):<=(int,int):org.apache.commons.lang3.StringUtils@deleteWhitespace(java.lang.String):3425:138702:i < sz |==> i <= sz
1371:ROR:<(int,int):FALSE(int,int):org.apache.commons.lang3.StringUtils@deleteWhitespace(java.lang.String):3425:138704:i < sz |==> false
1372:COR:<METHOD_INVOCATION(boolean)>:FALSE:org.apache.commons.lang3.StringUtils@deleteWhitespace(java.lang.String):3426:138756:Character.isWhitespace(str.charAt(i)) |==> false
1373:COR:<METHOD_INVOCATION(boolean)>:TRUE:org.apache.commons.lang3.StringUtils@deleteWhitespace(java.lang.String):3426:138756:Character.isWhitespace(str.charAt(i)) |==> true
1374:STD:<ASSIGN>:<NO-OP>:org.apache.commons.lang3.StringUtils@deleteWhitespace(java.lang.String):3427:138791:chs[count++] = str.charAt(i); |==> <NO-OP>
1375:ROR:==(int,int):<=(int,int):org.apache.commons.lang3.StringUtils@deleteWhitespace(java.lang.String):3430:138857:count == sz |==> count <= sz
1376:ROR:==(int,int):>=(int,int):org.apache.commons.lang3.StringUtils@deleteWhitespace(java.lang.String):3430:138857:count == sz |==> count >= sz
1377:ROR:==(int,int):FALSE(int,int):org.apache.commons.lang3.StringUtils@deleteWhitespace(java.lang.String):3430:138863:count == sz |==> false
1378:LVR:0:POS:org.apache.commons.lang3.StringUtils@deleteWhitespace(java.lang.String):3433:138937:0 |==> 1
1379:LVR:0:NEG:org.apache.commons.lang3.StringUtils@deleteWhitespace(java.lang.String):3433:138937:0 |==> -1
1380:COR:||(boolean,boolean):!=(boolean,boolean):org.apache.commons.lang3.StringUtils@removeStart(java.lang.String,java.lang.String):3463:140222:isEmpty(str) || isEmpty(remove) |==> isEmpty(str) != isEmpty(remove)
1381:COR:||(boolean,boolean):LHS(boolean,boolean):org.apache.commons.lang3.StringUtils@removeStart(java.lang.String,java.lang.String):3463:140222:isEmpty(str) || isEmpty(remove) |==> isEmpty(str)
1382:COR:||(boolean,boolean):RHS(boolean,boolean):org.apache.commons.lang3.StringUtils@removeStart(java.lang.String,java.lang.String):3463:140238:isEmpty(str) || isEmpty(remove) |==> isEmpty(remove)
1383:COR:||(boolean,boolean):TRUE(boolean,boolean):org.apache.commons.lang3.StringUtils@removeStart(java.lang.String,java.lang.String):3463:140235:isEmpty(str) || isEmpty(remove) |==> true
1384:COR:<METHOD_INVOCATION(boolean)>:FALSE:org.apache.commons.lang3.StringUtils@removeStart(java.lang.String,java.lang.String):3466:140317:str.startsWith(remove) |==> false
1385:COR:<METHOD_INVOCATION(boolean)>:TRUE:org.apache.commons.lang3.StringUtils@removeStart(java.lang.String,java.lang.String):3466:140317:str.startsWith(remove) |==> true
1386:COR:||(boolean,boolean):!=(boolean,boolean):org.apache.commons.lang3.StringUtils@removeStartIgnoreCase(java.lang.String,java.lang.String):3498:141789:isEmpty(str) || isEmpty(remove) |==> isEmpty(str) != isEmpty(remove)
1387:COR:||(boolean,boolean):LHS(boolean,boolean):org.apache.commons.lang3.StringUtils@removeStartIgnoreCase(java.lang.String,java.lang.String):3498:141789:isEmpty(str) || isEmpty(remove) |==> isEmpty(str)
1388:COR:||(boolean,boolean):RHS(boolean,boolean):org.apache.commons.lang3.StringUtils@removeStartIgnoreCase(java.lang.String,java.lang.String):3498:141805:isEmpty(str) || isEmpty(remove) |==> isEmpty(remove)
1389:COR:||(boolean,boolean):TRUE(boolean,boolean):org.apache.commons.lang3.StringUtils@removeStartIgnoreCase(java.lang.String,java.lang.String):3498:141802:isEmpty(str) || isEmpty(remove) |==> true
1390:COR:<METHOD_INVOCATION(boolean)>:FALSE:org.apache.commons.lang3.StringUtils@removeStartIgnoreCase(java.lang.String,java.lang.String):3501:141890:startsWithIgnoreCase(str, remove) |==> false
1391:COR:<METHOD_INVOCATION(boolean)>:TRUE:org.apache.commons.lang3.StringUtils@removeStartIgnoreCase(java.lang.String,java.lang.String):3501:141890:startsWithIgnoreCase(str, remove) |==> true
1392:COR:||(boolean,boolean):!=(boolean,boolean):org.apache.commons.lang3.StringUtils@removeEnd(java.lang.String,java.lang.String):3532:143153:isEmpty(str) || isEmpty(remove) |==> isEmpty(str) != isEmpty(remove)
1393:COR:||(boolean,boolean):LHS(boolean,boolean):org.apache.commons.lang3.StringUtils@removeEnd(java.lang.String,java.lang.String):3532:143153:isEmpty(str) || isEmpty(remove) |==> isEmpty(str)
1394:COR:||(boolean,boolean):RHS(boolean,boolean):org.apache.commons.lang3.StringUtils@removeEnd(java.lang.String,java.lang.String):3532:143169:isEmpty(str) || isEmpty(remove) |==> isEmpty(remove)
1395:COR:||(boolean,boolean):TRUE(boolean,boolean):org.apache.commons.lang3.StringUtils@removeEnd(java.lang.String,java.lang.String):3532:143166:isEmpty(str) || isEmpty(remove) |==> true
1396:COR:<METHOD_INVOCATION(boolean)>:FALSE:org.apache.commons.lang3.StringUtils@removeEnd(java.lang.String,java.lang.String):3535:143246:str.endsWith(remove) |==> false
1397:COR:<METHOD_INVOCATION(boolean)>:TRUE:org.apache.commons.lang3.StringUtils@removeEnd(java.lang.String,java.lang.String):3535:143246:str.endsWith(remove) |==> true
1398:LVR:0:POS:org.apache.commons.lang3.StringUtils@removeEnd(java.lang.String,java.lang.String):3536:143291:0 |==> 1
1399:LVR:0:NEG:org.apache.commons.lang3.StringUtils@removeEnd(java.lang.String,java.lang.String):3536:143291:0 |==> -1
1400:AOR:-(int,int):%(int,int):org.apache.commons.lang3.StringUtils@removeEnd(java.lang.String,java.lang.String):3536:143294:str.length() - remove.length() |==> str.length() % remove.length()
1401:AOR:-(int,int):*(int,int):org.apache.commons.lang3.StringUtils@removeEnd(java.lang.String,java.lang.String):3536:143294:str.length() - remove.length() |==> str.length() * remove.length()
1402:AOR:-(int,int):+(int,int):org.apache.commons.lang3.StringUtils@removeEnd(java.lang.String,java.lang.String):3536:143294:str.length() - remove.length() |==> str.length() + remove.length()
1403:AOR:-(int,int):/(int,int):org.apache.commons.lang3.StringUtils@removeEnd(java.lang.String,java.lang.String):3536:143294:str.length() - remove.length() |==> str.length() / remove.length()
1404:COR:||(boolean,boolean):!=(boolean,boolean):org.apache.commons.lang3.StringUtils@removeEndIgnoreCase(java.lang.String,java.lang.String):3568:144798:isEmpty(str) || isEmpty(remove) |==> isEmpty(str) != isEmpty(remove)
1405:COR:||(boolean,boolean):LHS(boolean,boolean):org.apache.commons.lang3.StringUtils@removeEndIgnoreCase(java.lang.String,java.lang.String):3568:144798:isEmpty(str) || isEmpty(remove) |==> isEmpty(str)
1406:COR:||(boolean,boolean):RHS(boolean,boolean):org.apache.commons.lang3.StringUtils@removeEndIgnoreCase(java.lang.String,java.lang.String):3568:144814:isEmpty(str) || isEmpty(remove) |==> isEmpty(remove)
1407:COR:||(boolean,boolean):TRUE(boolean,boolean):org.apache.commons.lang3.StringUtils@removeEndIgnoreCase(java.lang.String,java.lang.String):3568:144811:isEmpty(str) || isEmpty(remove) |==> true
1408:COR:<METHOD_INVOCATION(boolean)>:FALSE:org.apache.commons.lang3.StringUtils@removeEndIgnoreCase(java.lang.String,java.lang.String):3571:144897:endsWithIgnoreCase(str, remove) |==> false
1409:COR:<METHOD_INVOCATION(boolean)>:TRUE:org.apache.commons.lang3.StringUtils@removeEndIgnoreCase(java.lang.String,java.lang.String):3571:144897:endsWithIgnoreCase(str, remove) |==> true
1410:LVR:0:POS:org.apache.commons.lang3.StringUtils@removeEndIgnoreCase(java.lang.String,java.lang.String):3572:144947:0 |==> 1
1411:LVR:0:NEG:org.apache.commons.lang3.StringUtils@removeEndIgnoreCase(java.lang.String,java.lang.String):3572:144947:0 |==> -1
1412:AOR:-(int,int):%(int,int):org.apache.commons.lang3.StringUtils@removeEndIgnoreCase(java.lang.String,java.lang.String):3572:144950:str.length() - remove.length() |==> str.length() % remove.length()
1413:AOR:-(int,int):*(int,int):org.apache.commons.lang3.StringUtils@removeEndIgnoreCase(java.lang.String,java.lang.String):3572:144950:str.length() - remove.length() |==> str.length() * remove.length()
1414:AOR:-(int,int):+(int,int):org.apache.commons.lang3.StringUtils@removeEndIgnoreCase(java.lang.String,java.lang.String):3572:144950:str.length() - remove.length() |==> str.length() + remove.length()
1415:AOR:-(int,int):/(int,int):org.apache.commons.lang3.StringUtils@removeEndIgnoreCase(java.lang.String,java.lang.String):3572:144950:str.length() - remove.length() |==> str.length() / remove.length()
1416:COR:||(boolean,boolean):!=(boolean,boolean):org.apache.commons.lang3.StringUtils@remove(java.lang.String,java.lang.String):3601:146072:isEmpty(str) || isEmpty(remove) |==> isEmpty(str) != isEmpty(remove)
1417:COR:||(boolean,boolean):LHS(boolean,boolean):org.apache.commons.lang3.StringUtils@remove(java.lang.String,java.lang.String):3601:146072:isEmpty(str) || isEmpty(remove) |==> isEmpty(str)
1418:COR:||(boolean,boolean):RHS(boolean,boolean):org.apache.commons.lang3.StringUtils@remove(java.lang.String,java.lang.String):3601:146088:isEmpty(str) || isEmpty(remove) |==> isEmpty(remove)
1419:COR:||(boolean,boolean):TRUE(boolean,boolean):org.apache.commons.lang3.StringUtils@remove(java.lang.String,java.lang.String):3601:146085:isEmpty(str) || isEmpty(remove) |==> true
1420:LVR:NEG:0:org.apache.commons.lang3.StringUtils@remove(java.lang.String,java.lang.String):3604:146184:-1 |==> 0
1421:LVR:NEG:POS:org.apache.commons.lang3.StringUtils@remove(java.lang.String,java.lang.String):3604:146184:-1 |==> 1
1422:ROR:==(int,int):>=(int,int):org.apache.commons.lang3.StringUtils@remove(java.lang.String,char):3627:147026:str.indexOf(remove) == INDEX_NOT_FOUND |==> str.indexOf(remove) >= INDEX_NOT_FOUND
1423:ROR:==(int,int):FALSE(int,int):org.apache.commons.lang3.StringUtils@remove(java.lang.String,char):3627:147046:str.indexOf(remove) == INDEX_NOT_FOUND |==> false
1424:COR:||(boolean,boolean):!=(boolean,boolean):org.apache.commons.lang3.StringUtils@remove(java.lang.String,char):3627:147010:isEmpty(str) || str.indexOf(remove) == INDEX_NOT_FOUND |==> isEmpty(str) != (str.indexOf(remove) == INDEX_NOT_FOUND)
1425:COR:||(boolean,boolean):LHS(boolean,boolean):org.apache.commons.lang3.StringUtils@remove(java.lang.String,char):3627:147010:isEmpty(str) || str.indexOf(remove) == INDEX_NOT_FOUND |==> isEmpty(str)
1426:COR:||(boolean,boolean):RHS(boolean,boolean):org.apache.commons.lang3.StringUtils@remove(java.lang.String,char):3627:147026:isEmpty(str) || str.indexOf(remove) == INDEX_NOT_FOUND |==> str.indexOf(remove) == INDEX_NOT_FOUND
1427:COR:||(boolean,boolean):TRUE(boolean,boolean):org.apache.commons.lang3.StringUtils@remove(java.lang.String,char):3627:147023:isEmpty(str) || str.indexOf(remove) == INDEX_NOT_FOUND |==> true
1428:LVR:0:POS:org.apache.commons.lang3.StringUtils@remove(java.lang.String,char):3631:147162:0 |==> 1
1429:LVR:0:NEG:org.apache.commons.lang3.StringUtils@remove(java.lang.String,char):3631:147162:0 |==> -1
1430:LVR:0:POS:org.apache.commons.lang3.StringUtils@remove(java.lang.String,char):3632:147186:0 |==> 1
1431:LVR:0:NEG:org.apache.commons.lang3.StringUtils@remove(java.lang.String,char):3632:147186:0 |==> -1
1432:ROR:<(int,int):<=(int,int):org.apache.commons.lang3.StringUtils@remove(java.lang.String,char):3632:147189:i < chars.length |==> i <= chars.length
1433:ROR:<(int,int):FALSE(int,int):org.apache.commons.lang3.StringUtils@remove(java.lang.String,char):3632:147191:i < chars.length |==> false
1434:ROR:!=(int,int):<(int,int):org.apache.commons.lang3.StringUtils@remove(java.lang.String,char):3633:147230:chars[i] != remove |==> chars[i] < remove
1435:ROR:!=(int,int):>(int,int):org.apache.commons.lang3.StringUtils@remove(java.lang.String,char):3633:147230:chars[i] != remove |==> chars[i] > remove
1436:ROR:!=(int,int):TRUE(int,int):org.apache.commons.lang3.StringUtils@remove(java.lang.String,char):3633:147239:chars[i] != remove |==> true
1437:STD:<ASSIGN>:<NO-OP>:org.apache.commons.lang3.StringUtils@remove(java.lang.String,char):3634:147268:chars[pos++] = chars[i]; |==> <NO-OP>
1438:LVR:0:POS:org.apache.commons.lang3.StringUtils@remove(java.lang.String,char):3637:147350:0 |==> 1
1439:LVR:0:NEG:org.apache.commons.lang3.StringUtils@remove(java.lang.String,char):3637:147350:0 |==> -1
1440:LVR:POS:0:org.apache.commons.lang3.StringUtils@replaceOnce(java.lang.String,java.lang.String,java.lang.String):3666:148677:1 |==> 0
1441:LVR:POS:NEG:org.apache.commons.lang3.StringUtils@replaceOnce(java.lang.String,java.lang.String,java.lang.String):3666:148677:1 |==> -1
1442:LVR:NEG:0:org.apache.commons.lang3.StringUtils@replace(java.lang.String,java.lang.String,java.lang.String):3693:149862:-1 |==> 0
1443:LVR:NEG:POS:org.apache.commons.lang3.StringUtils@replace(java.lang.String,java.lang.String,java.lang.String):3693:149862:-1 |==> 1
1444:COR:||(boolean,boolean):!=(boolean,boolean):org.apache.commons.lang3.StringUtils@replace(java.lang.String,java.lang.String,java.lang.String,int):3725:151356:isEmpty(text) || isEmpty(searchString) |==> isEmpty(text) != isEmpty(searchString)
1445:COR:||(boolean,boolean):LHS(boolean,boolean):org.apache.commons.lang3.StringUtils@replace(java.lang.String,java.lang.String,java.lang.String,int):3725:151356:isEmpty(text) || isEmpty(searchString) |==> isEmpty(text)
1446:COR:||(boolean,boolean):RHS(boolean,boolean):org.apache.commons.lang3.StringUtils@replace(java.lang.String,java.lang.String,java.lang.String,int):3725:151373:isEmpty(text) || isEmpty(searchString) |==> isEmpty(searchString)
1447:COR:||(boolean,boolean):TRUE(boolean,boolean):org.apache.commons.lang3.StringUtils@replace(java.lang.String,java.lang.String,java.lang.String,int):3725:151370:isEmpty(text) || isEmpty(searchString) |==> true
1448:ROR:==(java.lang.Object,java.lang.Object):FALSE(java.lang.Object,java.lang.Object):org.apache.commons.lang3.StringUtils@replace(java.lang.String,java.lang.String,java.lang.String,int):3725:151410:replacement == null |==> false
1449:COR:||(boolean,boolean):!=(boolean,boolean):org.apache.commons.lang3.StringUtils@replace(java.lang.String,java.lang.String,java.lang.String,int):3725:151356:isEmpty(text) || isEmpty(searchString) || replacement == null |==> (isEmpty(text) || isEmpty(searchString)) != (replacement == null)
1450:COR:||(boolean,boolean):LHS(boolean,boolean):org.apache.commons.lang3.StringUtils@replace(java.lang.String,java.lang.String,java.lang.String,int):3725:151356:isEmpty(text) || isEmpty(searchString) || replacement == null |==> isEmpty(text) || isEmpty(searchString)
1451:COR:||(boolean,boolean):RHS(boolean,boolean):org.apache.commons.lang3.StringUtils@replace(java.lang.String,java.lang.String,java.lang.String,int):3725:151398:isEmpty(text) || isEmpty(searchString) || replacement == null |==> replacement == null
1452:COR:||(boolean,boolean):TRUE(boolean,boolean):org.apache.commons.lang3.StringUtils@replace(java.lang.String,java.lang.String,java.lang.String,int):3725:151395:isEmpty(text) || isEmpty(searchString) || replacement == null |==> true
1453:LVR:0:POS:org.apache.commons.lang3.StringUtils@replace(java.lang.String,java.lang.String,java.lang.String,int):3725:151428:0 |==> 1
1454:LVR:0:NEG:org.apache.commons.lang3.StringUtils@replace(java.lang.String,java.lang.String,java.lang.String,int):3725:151428:0 |==> -1
1455:ROR:==(int,int):<=(int,int):org.apache.commons.lang3.StringUtils@replace(java.lang.String,java.lang.String,java.lang.String,int):3725:151421:max == 0 |==> max <= 0
1456:ROR:==(int,int):>=(int,int):org.apache.commons.lang3.StringUtils@replace(java.lang.String,java.lang.String,java.lang.String,int):3725:151421:max == 0 |==> max >= 0
1457:ROR:==(int,int):FALSE(int,int):org.apache.commons.lang3.StringUtils@replace(java.lang.String,java.lang.String,java.lang.String,int):3725:151425:max == 0 |==> false
1458:COR:||(boolean,boolean):!=(boolean,boolean):org.apache.commons.lang3.StringUtils@replace(java.lang.String,java.lang.String,java.lang.String,int):3725:151356:isEmpty(text) || isEmpty(searchString) || replacement == null || max == 0 |==> (isEmpty(text) || isEmpty(searchString) || replacement == null) != (max == 0)
1459:COR:||(boolean,boolean):LHS(boolean,boolean):org.apache.commons.lang3.StringUtils@replace(java.lang.String,java.lang.String,java.lang.String,int):3725:151356:isEmpty(text) || isEmpty(searchString) || replacement == null || max == 0 |==> isEmpty(text) || isEmpty(searchString) || replacement == null
1460:COR:||(boolean,boolean):RHS(boolean,boolean):org.apache.commons.lang3.StringUtils@replace(java.lang.String,java.lang.String,java.lang.String,int):3725:151421:isEmpty(text) || isEmpty(searchString) || replacement == null || max == 0 |==> max == 0
1461:COR:||(boolean,boolean):TRUE(boolean,boolean):org.apache.commons.lang3.StringUtils@replace(java.lang.String,java.lang.String,java.lang.String,int):3725:151418:isEmpty(text) || isEmpty(searchString) || replacement == null || max == 0 |==> true
1462:LVR:0:POS:org.apache.commons.lang3.StringUtils@replace(java.lang.String,java.lang.String,java.lang.String,int):3728:151488:0 |==> 1
1463:LVR:0:NEG:org.apache.commons.lang3.StringUtils@replace(java.lang.String,java.lang.String,java.lang.String,int):3728:151488:0 |==> -1
1464:ROR:==(int,int):<=(int,int):org.apache.commons.lang3.StringUtils@replace(java.lang.String,java.lang.String,java.lang.String,int):3730:151556:end == INDEX_NOT_FOUND |==> end <= INDEX_NOT_FOUND
1465:ROR:==(int,int):>=(int,int):org.apache.commons.lang3.StringUtils@replace(java.lang.String,java.lang.String,java.lang.String,int):3730:151556:end == INDEX_NOT_FOUND |==> end >= INDEX_NOT_FOUND
1466:ROR:==(int,int):FALSE(int,int):org.apache.commons.lang3.StringUtils@replace(java.lang.String,java.lang.String,java.lang.String,int):3730:151560:end == INDEX_NOT_FOUND |==> false
1467:AOR:-(int,int):%(int,int):org.apache.commons.lang3.StringUtils@replace(java.lang.String,java.lang.String,java.lang.String,int):3734:151688:replacement.length() - replLength |==> replacement.length() % replLength
1468:AOR:-(int,int):*(int,int):org.apache.commons.lang3.StringUtils@replace(java.lang.String,java.lang.String,java.lang.String,int):3734:151688:replacement.length() - replLength |==> replacement.length() * replLength
1469:AOR:-(int,int):+(int,int):org.apache.commons.lang3.StringUtils@replace(java.lang.String,java.lang.String,java.lang.String,int):3734:151688:replacement.length() - replLength |==> replacement.length() + replLength
1470:AOR:-(int,int):/(int,int):org.apache.commons.lang3.StringUtils@replace(java.lang.String,java.lang.String,java.lang.String,int):3734:151688:replacement.length() - replLength |==> replacement.length() / replLength
1471:LVR:0:POS:org.apache.commons.lang3.StringUtils@replace(java.lang.String,java.lang.String,java.lang.String,int):3735:151754:0 |==> 1
1472:LVR:0:NEG:org.apache.commons.lang3.StringUtils@replace(java.lang.String,java.lang.String,java.lang.String,int):3735:151754:0 |==> -1
1473:ROR:<(int,int):!=(int,int):org.apache.commons.lang3.StringUtils@replace(java.lang.String,java.lang.String,java.lang.String,int):3735:151743:increase < 0 |==> increase != 0
1474:ROR:<(int,int):<=(int,int):org.apache.commons.lang3.StringUtils@replace(java.lang.String,java.lang.String,java.lang.String,int):3735:151743:increase < 0 |==> increase <= 0
1475:ROR:<(int,int):FALSE(int,int):org.apache.commons.lang3.StringUtils@replace(java.lang.String,java.lang.String,java.lang.String,int):3735:151752:increase < 0 |==> false
1476:LVR:0:POS:org.apache.commons.lang3.StringUtils@replace(java.lang.String,java.lang.String,java.lang.String,int):3735:151758:0 |==> 1
1477:LVR:0:NEG:org.apache.commons.lang3.StringUtils@replace(java.lang.String,java.lang.String,java.lang.String,int):3735:151758:0 |==> -1
1478:STD:<ASSIGN>:<NO-OP>:org.apache.commons.lang3.StringUtils@replace(java.lang.String,java.lang.String,java.lang.String,int):3735:151731:increase = (increase < 0 ? 0 : increase); |==> <NO-OP>
1479:LVR:0:POS:org.apache.commons.lang3.StringUtils@replace(java.lang.String,java.lang.String,java.lang.String,int):3736:151800:0 |==> 1
1480:LVR:0:NEG:org.apache.commons.lang3.StringUtils@replace(java.lang.String,java.lang.String,java.lang.String,int):3736:151800:0 |==> -1
1481:ROR:<(int,int):!=(int,int):org.apache.commons.lang3.StringUtils@replace(java.lang.String,java.lang.String,java.lang.String,int):3736:151794:max < 0 |==> max != 0
1482:ROR:<(int,int):<=(int,int):org.apache.commons.lang3.StringUtils@replace(java.lang.String,java.lang.String,java.lang.String,int):3736:151794:max < 0 |==> max <= 0
1483:ROR:<(int,int):FALSE(int,int):org.apache.commons.lang3.StringUtils@replace(java.lang.String,java.lang.String,java.lang.String,int):3736:151798:max < 0 |==> false
1484:LVR:POS:0:org.apache.commons.lang3.StringUtils@replace(java.lang.String,java.lang.String,java.lang.String,int):3736:151804:16 |==> 0
1485:LVR:POS:NEG:org.apache.commons.lang3.StringUtils@replace(java.lang.String,java.lang.String,java.lang.String,int):3736:151804:16 |==> -16
1486:LVR:POS:0:org.apache.commons.lang3.StringUtils@replace(java.lang.String,java.lang.String,java.lang.String,int):3736:151816:64 |==> 0
1487:LVR:POS:NEG:org.apache.commons.lang3.StringUtils@replace(java.lang.String,java.lang.String,java.lang.String,int):3736:151816:64 |==> -64
1488:ROR:>(int,int):!=(int,int):org.apache.commons.lang3.StringUtils@replace(java.lang.String,java.lang.String,java.lang.String,int):3736:151810:max > 64 |==> max != 64
1489:ROR:>(int,int):>=(int,int):org.apache.commons.lang3.StringUtils@replace(java.lang.String,java.lang.String,java.lang.String,int):3736:151810:max > 64 |==> max >= 64
1490:ROR:>(int,int):FALSE(int,int):org.apache.commons.lang3.StringUtils@replace(java.lang.String,java.lang.String,java.lang.String,int):3736:151814:max > 64 |==> false
1491:LVR:POS:0:org.apache.commons.lang3.StringUtils@replace(java.lang.String,java.lang.String,java.lang.String,int):3736:151821:64 |==> 0
1492:LVR:POS:NEG:org.apache.commons.lang3.StringUtils@replace(java.lang.String,java.lang.String,java.lang.String,int):3736:151821:64 |==> -64
1493:STD:<ASSIGN>:<NO-OP>:org.apache.commons.lang3.StringUtils@replace(java.lang.String,java.lang.String,java.lang.String,int):3736:151781:increase *= (max < 0 ? 16 : (max > 64 ? 64 : max)); |==> <NO-OP>
1494:AOR:+(int,int):%(int,int):org.apache.commons.lang3.StringUtils@replace(java.lang.String,java.lang.String,java.lang.String,int):3737:151879:text.length() + increase |==> text.length() % increase
1495:AOR:+(int,int):*(int,int):org.apache.commons.lang3.StringUtils@replace(java.lang.String,java.lang.String,java.lang.String,int):3737:151879:text.length() + increase |==> text.length() * increase
1496:AOR:+(int,int):-(int,int):org.apache.commons.lang3.StringUtils@replace(java.lang.String,java.lang.String,java.lang.String,int):3737:151879:text.length() + increase |==> text.length() - increase
1497:AOR:+(int,int):/(int,int):org.apache.commons.lang3.StringUtils@replace(java.lang.String,java.lang.String,java.lang.String,int):3737:151879:text.length() + increase |==> text.length() / increase
1498:ROR:!=(int,int):<(int,int):org.apache.commons.lang3.StringUtils@replace(java.lang.String,java.lang.String,java.lang.String,int):3738:151921:end != INDEX_NOT_FOUND |==> end < INDEX_NOT_FOUND
1499:ROR:!=(int,int):>(int,int):org.apache.commons.lang3.StringUtils@replace(java.lang.String,java.lang.String,java.lang.String,int):3738:151921:end != INDEX_NOT_FOUND |==> end > INDEX_NOT_FOUND
1500:ROR:!=(int,int):TRUE(int,int):org.apache.commons.lang3.StringUtils@replace(java.lang.String,java.lang.String,java.lang.String,int):3738:151925:end != INDEX_NOT_FOUND |==> true
1501:STD:<CALL>:<NO-OP>:org.apache.commons.lang3.StringUtils@replace(java.lang.String,java.lang.String,java.lang.String,int):3739:151959:buf.append(text.substring(start, end)).append(replacement); |==> <NO-OP>
1502:AOR:+(int,int):%(int,int):org.apache.commons.lang3.StringUtils@replace(java.lang.String,java.lang.String,java.lang.String,int):3740:152039:end + replLength |==> end % replLength
1503:AOR:+(int,int):*(int,int):org.apache.commons.lang3.StringUtils@replace(java.lang.String,java.lang.String,java.lang.String,int):3740:152039:end + replLength |==> end * replLength
1504:AOR:+(int,int):-(int,int):org.apache.commons.lang3.StringUtils@replace(java.lang.String,java.lang.String,java.lang.String,int):3740:152039:end + replLength |==> end - replLength
1505:AOR:+(int,int):/(int,int):org.apache.commons.lang3.StringUtils@replace(java.lang.String,java.lang.String,java.lang.String,int):3740:152039:end + replLength |==> end / replLength
1506:STD:<ASSIGN>:<NO-OP>:org.apache.commons.lang3.StringUtils@replace(java.lang.String,java.lang.String,java.lang.String,int):3740:152031:start = end + replLength; |==> <NO-OP>
1507:LVR:0:POS:org.apache.commons.lang3.StringUtils@replace(java.lang.String,java.lang.String,java.lang.String,int):3741:152082:0 |==> 1
1508:LVR:0:NEG:org.apache.commons.lang3.StringUtils@replace(java.lang.String,java.lang.String,java.lang.String,int):3741:152082:0 |==> -1
1509:ROR:==(int,int):<=(int,int):org.apache.commons.lang3.StringUtils@replace(java.lang.String,java.lang.String,java.lang.String,int):3741:152073:--max == 0 |==> --max <= 0
1510:ROR:==(int,int):>=(int,int):org.apache.commons.lang3.StringUtils@replace(java.lang.String,java.lang.String,java.lang.String,int):3741:152073:--max == 0 |==> --max >= 0
1511:ROR:==(int,int):FALSE(int,int):org.apache.commons.lang3.StringUtils@replace(java.lang.String,java.lang.String,java.lang.String,int):3741:152079:--max == 0 |==> false
1512:STD:<ASSIGN>:<NO-OP>:org.apache.commons.lang3.StringUtils@replace(java.lang.String,java.lang.String,java.lang.String,int):3744:152136:end = text.indexOf(searchString, start); |==> <NO-OP>
1513:STD:<CALL>:<NO-OP>:org.apache.commons.lang3.StringUtils@replace(java.lang.String,java.lang.String,java.lang.String,int):3746:152195:buf.append(text.substring(start)); |==> <NO-OP>
1514:LVR:FALSE:TRUE:org.apache.commons.lang3.StringUtils@replaceEach(java.lang.String,java.lang.String[],java.lang.String[]):3790:154202:false |==> true
1515:LVR:0:POS:org.apache.commons.lang3.StringUtils@replaceEach(java.lang.String,java.lang.String[],java.lang.String[]):3790:154209:0 |==> 1
1516:LVR:0:NEG:org.apache.commons.lang3.StringUtils@replaceEach(java.lang.String,java.lang.String[],java.lang.String[]):3790:154209:0 |==> -1
1517:ROR:==(java.lang.Object,java.lang.Object):FALSE(java.lang.Object,java.lang.Object):org.apache.commons.lang3.StringUtils@replaceEachRepeatedly(java.lang.String,java.lang.String[],java.lang.String[]):3841:156782:searchList == null |==> false
1518:LVR:0:POS:org.apache.commons.lang3.StringUtils@replaceEachRepeatedly(java.lang.String,java.lang.String[],java.lang.String[]):3841:156792:0 |==> 1
1519:LVR:0:NEG:org.apache.commons.lang3.StringUtils@replaceEachRepeatedly(java.lang.String,java.lang.String[],java.lang.String[]):3841:156792:0 |==> -1
1520:LVR:TRUE:FALSE:org.apache.commons.lang3.StringUtils@replaceEachRepeatedly(java.lang.String,java.lang.String[],java.lang.String[]):3842:156877:true |==> false
1521:ROR:==(java.lang.Object,java.lang.Object):FALSE(java.lang.Object,java.lang.Object):org.apache.commons.lang3.StringUtils@replaceEach(java.lang.String,java.lang.String[],java.lang.String[],boolean,int):3900:159643:text == null |==> false
1522:LVR:0:POS:org.apache.commons.lang3.StringUtils@replaceEach(java.lang.String,java.lang.String[],java.lang.String[],boolean,int):3900:159671:0 |==> 1
1523:LVR:0:NEG:org.apache.commons.lang3.StringUtils@replaceEach(java.lang.String,java.lang.String[],java.lang.String[],boolean,int):3900:159671:0 |==> -1
1524:ROR:==(int,int):>=(int,int):org.apache.commons.lang3.StringUtils@replaceEach(java.lang.String,java.lang.String[],java.lang.String[],boolean,int):3900:159654:text.length() == 0 |==> text.length() >= 0
1525:ROR:==(int,int):FALSE(int,int):org.apache.commons.lang3.StringUtils@replaceEach(java.lang.String,java.lang.String[],java.lang.String[],boolean,int):3900:159668:text.length() == 0 |==> false
1526:COR:||(boolean,boolean):!=(boolean,boolean):org.apache.commons.lang3.StringUtils@replaceEach(java.lang.String,java.lang.String[],java.lang.String[],boolean,int):3900:159638:text == null || text.length() == 0 |==> text == null != (text.length() == 0)
1527:COR:||(boolean,boolean):LHS(boolean,boolean):org.apache.commons.lang3.StringUtils@replaceEach(java.lang.String,java.lang.String[],java.lang.String[],boolean,int):3900:159638:text == null || text.length() == 0 |==> text == null
1528:COR:||(boolean,boolean):RHS(boolean,boolean):org.apache.commons.lang3.StringUtils@replaceEach(java.lang.String,java.lang.String[],java.lang.String[],boolean,int):3900:159654:text == null || text.length() == 0 |==> text.length() == 0
1529:COR:||(boolean,boolean):TRUE(boolean,boolean):org.apache.commons.lang3.StringUtils@replaceEach(java.lang.String,java.lang.String[],java.lang.String[],boolean,int):3900:159651:text == null || text.length() == 0 |==> true
1530:ROR:==(java.lang.Object,java.lang.Object):FALSE(java.lang.Object,java.lang.Object):org.apache.commons.lang3.StringUtils@replaceEach(java.lang.String,java.lang.String[],java.lang.String[],boolean,int):3900:159687:searchList == null |==> false
1531:COR:||(boolean,boolean):!=(boolean,boolean):org.apache.commons.lang3.StringUtils@replaceEach(java.lang.String,java.lang.String[],java.lang.String[],boolean,int):3900:159638:text == null || text.length() == 0 || searchList == null |==> (text == null || text.length() == 0) != (searchList == null)
1532:COR:||(boolean,boolean):LHS(boolean,boolean):org.apache.commons.lang3.StringUtils@replaceEach(java.lang.String,java.lang.String[],java.lang.String[],boolean,int):3900:159638:text == null || text.length() == 0 || searchList == null |==> text == null || text.length() == 0
1533:COR:||(boolean,boolean):RHS(boolean,boolean):org.apache.commons.lang3.StringUtils@replaceEach(java.lang.String,java.lang.String[],java.lang.String[],boolean,int):3900:159676:text == null || text.length() == 0 || searchList == null |==> searchList == null
1534:COR:||(boolean,boolean):TRUE(boolean,boolean):org.apache.commons.lang3.StringUtils@replaceEach(java.lang.String,java.lang.String[],java.lang.String[],boolean,int):3900:159673:text == null || text.length() == 0 || searchList == null |==> true
1535:LVR:0:POS:org.apache.commons.lang3.StringUtils@replaceEach(java.lang.String,java.lang.String[],java.lang.String[],boolean,int):3901:159732:0 |==> 1
1536:LVR:0:NEG:org.apache.commons.lang3.StringUtils@replaceEach(java.lang.String,java.lang.String[],java.lang.String[],boolean,int):3901:159732:0 |==> -1
1537:ROR:==(int,int):>=(int,int):org.apache.commons.lang3.StringUtils@replaceEach(java.lang.String,java.lang.String[],java.lang.String[],boolean,int):3901:159711:searchList.length == 0 |==> searchList.length >= 0
1538:ROR:==(int,int):FALSE(int,int):org.apache.commons.lang3.StringUtils@replaceEach(java.lang.String,java.lang.String[],java.lang.String[],boolean,int):3901:159729:searchList.length == 0 |==> false
1539:COR:||(boolean,boolean):!=(boolean,boolean):org.apache.commons.lang3.StringUtils@replaceEach(java.lang.String,java.lang.String[],java.lang.String[],boolean,int):3900:159638:text == null || text.length() == 0 || searchList == null || searchList.length == 0 |==> (text == null || text.length() == 0 || searchList == null) != (searchList.length == 0)
1540:COR:||(boolean,boolean):LHS(boolean,boolean):org.apache.commons.lang3.StringUtils@replaceEach(java.lang.String,java.lang.String[],java.lang.String[],boolean,int):3900:159638:text == null || text.length() == 0 || searchList == null || searchList.length == 0 |==> text == null || text.length() == 0 || searchList == null
1541:COR:||(boolean,boolean):RHS(boolean,boolean):org.apache.commons.lang3.StringUtils@replaceEach(java.lang.String,java.lang.String[],java.lang.String[],boolean,int):3901:159711:text == null || text.length() == 0 || searchList == null || searchList.length == 0 |==> searchList.length == 0
1542:COR:||(boolean,boolean):TRUE(boolean,boolean):org.apache.commons.lang3.StringUtils@replaceEach(java.lang.String,java.lang.String[],java.lang.String[],boolean,int):3900:159695:text == null || text.length() == 0 || searchList == null || searchList.length == 0 |==> true
1543:ROR:==(java.lang.Object,java.lang.Object):FALSE(java.lang.Object,java.lang.Object):org.apache.commons.lang3.StringUtils@replaceEach(java.lang.String,java.lang.String[],java.lang.String[],boolean,int):3901:159753:replacementList == null |==> false
1544:COR:||(boolean,boolean):!=(boolean,boolean):org.apache.commons.lang3.StringUtils@replaceEach(java.lang.String,java.lang.String[],java.lang.String[],boolean,int):3900:159638:text == null || text.length() == 0 || searchList == null || searchList.length == 0 || replacementList == null |==> (text == null || text.length() == 0 || searchList == null || searchList.length == 0) != (replacementList == null)
1545:COR:||(boolean,boolean):LHS(boolean,boolean):org.apache.commons.lang3.StringUtils@replaceEach(java.lang.String,java.lang.String[],java.lang.String[],boolean,int):3900:159638:text == null || text.length() == 0 || searchList == null || searchList.length == 0 || replacementList == null |==> text == null || text.length() == 0 || searchList == null || searchList.length == 0
1546:COR:||(boolean,boolean):RHS(boolean,boolean):org.apache.commons.lang3.StringUtils@replaceEach(java.lang.String,java.lang.String[],java.lang.String[],boolean,int):3901:159737:text == null || text.length() == 0 || searchList == null || searchList.length == 0 || replacementList == null |==> replacementList == null
1547:COR:||(boolean,boolean):TRUE(boolean,boolean):org.apache.commons.lang3.StringUtils@replaceEach(java.lang.String,java.lang.String[],java.lang.String[],boolean,int):3901:159734:text == null || text.length() == 0 || searchList == null || searchList.length == 0 || replacementList == null |==> true
1548:LVR:0:POS:org.apache.commons.lang3.StringUtils@replaceEach(java.lang.String,java.lang.String[],java.lang.String[],boolean,int):3901:159790:0 |==> 1
1549:LVR:0:NEG:org.apache.commons.lang3.StringUtils@replaceEach(java.lang.String,java.lang.String[],java.lang.String[],boolean,int):3901:159790:0 |==> -1
1550:ROR:==(int,int):>=(int,int):org.apache.commons.lang3.StringUtils@replaceEach(java.lang.String,java.lang.String[],java.lang.String[],boolean,int):3901:159764:replacementList.length == 0 |==> replacementList.length >= 0
1551:ROR:==(int,int):FALSE(int,int):org.apache.commons.lang3.StringUtils@replaceEach(java.lang.String,java.lang.String[],java.lang.String[],boolean,int):3901:159787:replacementList.length == 0 |==> false
1552:COR:||(boolean,boolean):!=(boolean,boolean):org.apache.commons.lang3.StringUtils@replaceEach(java.lang.String,java.lang.String[],java.lang.String[],boolean,int):3900:159638:text == null || text.length() == 0 || searchList == null || searchList.length == 0 || replacementList == null || replacementList.length == 0 |==> (text == null || text.length() == 0 || searchList == null || searchList.length == 0 || replacementList == null) != (replacementList.length == 0)
1553:COR:||(boolean,boolean):LHS(boolean,boolean):org.apache.commons.lang3.StringUtils@replaceEach(java.lang.String,java.lang.String[],java.lang.String[],boolean,int):3900:159638:text == null || text.length() == 0 || searchList == null || searchList.length == 0 || replacementList == null || replacementList.length == 0 |==> text == null || text.length() == 0 || searchList == null || searchList.length == 0 || replacementList == null
1554:COR:||(boolean,boolean):RHS(boolean,boolean):org.apache.commons.lang3.StringUtils@replaceEach(java.lang.String,java.lang.String[],java.lang.String[],boolean,int):3901:159764:text == null || text.length() == 0 || searchList == null || searchList.length == 0 || replacementList == null || replacementList.length == 0 |==> replacementList.length == 0
1555:COR:||(boolean,boolean):TRUE(boolean,boolean):org.apache.commons.lang3.StringUtils@replaceEach(java.lang.String,java.lang.String[],java.lang.String[],boolean,int):3901:159761:text == null || text.length() == 0 || searchList == null || searchList.length == 0 || replacementList == null || replacementList.length == 0 |==> true
1556:LVR:0:POS:org.apache.commons.lang3.StringUtils@replaceEach(java.lang.String,java.lang.String[],java.lang.String[],boolean,int):3907:159919:0 |==> 1
1557:LVR:0:NEG:org.apache.commons.lang3.StringUtils@replaceEach(java.lang.String,java.lang.String[],java.lang.String[],boolean,int):3907:159919:0 |==> -1
1558:ROR:<(int,int):!=(int,int):org.apache.commons.lang3.StringUtils@replaceEach(java.lang.String,java.lang.String[],java.lang.String[],boolean,int):3907:159906:timeToLive < 0 |==> timeToLive != 0
1559:ROR:<(int,int):<=(int,int):org.apache.commons.lang3.StringUtils@replaceEach(java.lang.String,java.lang.String[],java.lang.String[],boolean,int):3907:159906:timeToLive < 0 |==> timeToLive <= 0
1560:ROR:<(int,int):FALSE(int,int):org.apache.commons.lang3.StringUtils@replaceEach(java.lang.String,java.lang.String[],java.lang.String[],boolean,int):3907:159917:timeToLive < 0 |==> false
1561:ROR:!=(int,int):<(int,int):org.apache.commons.lang3.StringUtils@replaceEach(java.lang.String,java.lang.String[],java.lang.String[],boolean,int):3915:160215:searchLength != replacementLength |==> searchLength < replacementLength
1562:ROR:!=(int,int):>(int,int):org.apache.commons.lang3.StringUtils@replaceEach(java.lang.String,java.lang.String[],java.lang.String[],boolean,int):3915:160215:searchLength != replacementLength |==> searchLength > replacementLength
1563:ROR:!=(int,int):TRUE(int,int):org.apache.commons.lang3.StringUtils@replaceEach(java.lang.String,java.lang.String[],java.lang.String[],boolean,int):3915:160228:searchLength != replacementLength |==> true
1564:LVR:NEG:0:org.apache.commons.lang3.StringUtils@replaceEach(java.lang.String,java.lang.String[],java.lang.String[],boolean,int):3926:160652:-1 |==> 0
1565:LVR:NEG:POS:org.apache.commons.lang3.StringUtils@replaceEach(java.lang.String,java.lang.String[],java.lang.String[],boolean,int):3926:160652:-1 |==> 1
1566:LVR:NEG:0:org.apache.commons.lang3.StringUtils@replaceEach(java.lang.String,java.lang.String[],java.lang.String[],boolean,int):3927:160683:-1 |==> 0
1567:LVR:NEG:POS:org.apache.commons.lang3.StringUtils@replaceEach(java.lang.String,java.lang.String[],java.lang.String[],boolean,int):3927:160683:-1 |==> 1
1568:LVR:0:POS:org.apache.commons.lang3.StringUtils@replaceEach(java.lang.String,java.lang.String[],java.lang.String[],boolean,int):3932:160859:0 |==> 1
1569:LVR:0:NEG:org.apache.commons.lang3.StringUtils@replaceEach(java.lang.String,java.lang.String[],java.lang.String[],boolean,int):3932:160859:0 |==> -1
1570:ROR:<(int,int):!=(int,int):org.apache.commons.lang3.StringUtils@replaceEach(java.lang.String,java.lang.String[],java.lang.String[],boolean,int):3932:160862:i < searchLength |==> i != searchLength
1571:ROR:<(int,int):<=(int,int):org.apache.commons.lang3.StringUtils@replaceEach(java.lang.String,java.lang.String[],java.lang.String[],boolean,int):3932:160862:i < searchLength |==> i <= searchLength
1572:ROR:<(int,int):FALSE(int,int):org.apache.commons.lang3.StringUtils@replaceEach(java.lang.String,java.lang.String[],java.lang.String[],boolean,int):3932:160864:i < searchLength |==> false
1573:ROR:==(java.lang.Object,java.lang.Object):FALSE(java.lang.Object,java.lang.Object):org.apache.commons.lang3.StringUtils@replaceEach(java.lang.String,java.lang.String[],java.lang.String[],boolean,int):3933:160949:searchList[i] == null |==> false
1574:COR:||(boolean,boolean):!=(boolean,boolean):org.apache.commons.lang3.StringUtils@replaceEach(java.lang.String,java.lang.String[],java.lang.String[],boolean,int):3933:160903:noMoreMatchesForReplIndex[i] || searchList[i] == null |==> noMoreMatchesForReplIndex[i] != (searchList[i] == null)
1575:COR:||(boolean,boolean):LHS(boolean,boolean):org.apache.commons.lang3.StringUtils@replaceEach(java.lang.String,java.lang.String[],java.lang.String[],boolean,int):3933:160903:noMoreMatchesForReplIndex[i] || searchList[i] == null |==> noMoreMatchesForReplIndex[i]
1576:COR:||(boolean,boolean):RHS(boolean,boolean):org.apache.commons.lang3.StringUtils@replaceEach(java.lang.String,java.lang.String[],java.lang.String[],boolean,int):3933:160935:noMoreMatchesForReplIndex[i] || searchList[i] == null |==> searchList[i] == null
1577:COR:||(boolean,boolean):TRUE(boolean,boolean):org.apache.commons.lang3.StringUtils@replaceEach(java.lang.String,java.lang.String[],java.lang.String[],boolean,int):3933:160932:noMoreMatchesForReplIndex[i] || searchList[i] == null |==> true
1578:LVR:0:POS:org.apache.commons.lang3.StringUtils@replaceEach(java.lang.String,java.lang.String[],java.lang.String[],boolean,int):3934:161003:0 |==> 1
1579:LVR:0:NEG:org.apache.commons.lang3.StringUtils@replaceEach(java.lang.String,java.lang.String[],java.lang.String[],boolean,int):3934:161003:0 |==> -1
1580:ROR:==(int,int):>=(int,int):org.apache.commons.lang3.StringUtils@replaceEach(java.lang.String,java.lang.String[],java.lang.String[],boolean,int):3934:160977:searchList[i].length() == 0 |==> searchList[i].length() >= 0
1581:ROR:==(int,int):FALSE(int,int):org.apache.commons.lang3.StringUtils@replaceEach(java.lang.String,java.lang.String[],java.lang.String[],boolean,int):3934:161000:searchList[i].length() == 0 |==> false
1582:COR:||(boolean,boolean):!=(boolean,boolean):org.apache.commons.lang3.StringUtils@replaceEach(java.lang.String,java.lang.String[],java.lang.String[],boolean,int):3933:160903:noMoreMatchesForReplIndex[i] || searchList[i] == null || searchList[i].length() == 0 |==> (noMoreMatchesForReplIndex[i] || searchList[i] == null) != (searchList[i].length() == 0)
1583:COR:||(boolean,boolean):LHS(boolean,boolean):org.apache.commons.lang3.StringUtils@replaceEach(java.lang.String,java.lang.String[],java.lang.String[],boolean,int):3933:160903:noMoreMatchesForReplIndex[i] || searchList[i] == null || searchList[i].length() == 0 |==> noMoreMatchesForReplIndex[i] || searchList[i] == null
1584:COR:||(boolean,boolean):RHS(boolean,boolean):org.apache.commons.lang3.StringUtils@replaceEach(java.lang.String,java.lang.String[],java.lang.String[],boolean,int):3934:160977:noMoreMatchesForReplIndex[i] || searchList[i] == null || searchList[i].length() == 0 |==> searchList[i].length() == 0
1585:COR:||(boolean,boolean):TRUE(boolean,boolean):org.apache.commons.lang3.StringUtils@replaceEach(java.lang.String,java.lang.String[],java.lang.String[],boolean,int):3933:160957:noMoreMatchesForReplIndex[i] || searchList[i] == null || searchList[i].length() == 0 |==> true
1586:ROR:==(java.lang.Object,java.lang.Object):FALSE(java.lang.Object,java.lang.Object):org.apache.commons.lang3.StringUtils@replaceEach(java.lang.String,java.lang.String[],java.lang.String[],boolean,int):3934:161027:replacementList[i] == null |==> false
1587:COR:||(boolean,boolean):!=(boolean,boolean):org.apache.commons.lang3.StringUtils@replaceEach(java.lang.String,java.lang.String[],java.lang.String[],boolean,int):3933:160903:noMoreMatchesForReplIndex[i] || searchList[i] == null || searchList[i].length() == 0 || replacementList[i] == null |==> (noMoreMatchesForReplIndex[i] || searchList[i] == null || searchList[i].length() == 0) != (replacementList[i] == null)
1588:COR:||(boolean,boolean):LHS(boolean,boolean):org.apache.commons.lang3.StringUtils@replaceEach(java.lang.String,java.lang.String[],java.lang.String[],boolean,int):3933:160903:noMoreMatchesForReplIndex[i] || searchList[i] == null || searchList[i].length() == 0 || replacementList[i] == null |==> noMoreMatchesForReplIndex[i] || searchList[i] == null || searchList[i].length() == 0
1589:COR:||(boolean,boolean):RHS(boolean,boolean):org.apache.commons.lang3.StringUtils@replaceEach(java.lang.String,java.lang.String[],java.lang.String[],boolean,int):3934:161008:noMoreMatchesForReplIndex[i] || searchList[i] == null || searchList[i].length() == 0 || replacementList[i] == null |==> replacementList[i] == null
1590:COR:||(boolean,boolean):TRUE(boolean,boolean):org.apache.commons.lang3.StringUtils@replaceEach(java.lang.String,java.lang.String[],java.lang.String[],boolean,int):3934:161005:noMoreMatchesForReplIndex[i] || searchList[i] == null || searchList[i].length() == 0 || replacementList[i] == null |==> true
1591:STD:<ASSIGN>:<NO-OP>:org.apache.commons.lang3.StringUtils@replaceEach(java.lang.String,java.lang.String[],java.lang.String[],boolean,int):3938:161103:tempIndex = text.indexOf(searchList[i]); |==> <NO-OP>
1592:LVR:NEG:0:org.apache.commons.lang3.StringUtils@replaceEach(java.lang.String,java.lang.String[],java.lang.String[],boolean,int):3941:161231:-1 |==> 0
1593:LVR:NEG:POS:org.apache.commons.lang3.StringUtils@replaceEach(java.lang.String,java.lang.String[],java.lang.String[],boolean,int):3941:161231:-1 |==> 1
1594:ROR:==(int,int):<=(int,int):org.apache.commons.lang3.StringUtils@replaceEach(java.lang.String,java.lang.String[],java.lang.String[],boolean,int):3941:161218:tempIndex == -1 |==> tempIndex <= -1
1595:ROR:==(int,int):>=(int,int):org.apache.commons.lang3.StringUtils@replaceEach(java.lang.String,java.lang.String[],java.lang.String[],boolean,int):3941:161218:tempIndex == -1 |==> tempIndex >= -1
1596:ROR:==(int,int):FALSE(int,int):org.apache.commons.lang3.StringUtils@replaceEach(java.lang.String,java.lang.String[],java.lang.String[],boolean,int):3941:161228:tempIndex == -1 |==> false
1597:LVR:TRUE:FALSE:org.apache.commons.lang3.StringUtils@replaceEach(java.lang.String,java.lang.String[],java.lang.String[],boolean,int):3942:161284:true |==> false
1598:STD:<ASSIGN>:<NO-OP>:org.apache.commons.lang3.StringUtils@replaceEach(java.lang.String,java.lang.String[],java.lang.String[],boolean,int):3942:161253:noMoreMatchesForReplIndex[i] = true; |==> <NO-OP>
1599:LVR:NEG:0:org.apache.commons.lang3.StringUtils@replaceEach(java.lang.String,java.lang.String[],java.lang.String[],boolean,int):3944:161344:-1 |==> 0
1600:LVR:NEG:POS:org.apache.commons.lang3.StringUtils@replaceEach(java.lang.String,java.lang.String[],java.lang.String[],boolean,int):3944:161344:-1 |==> 1
1601:ROR:==(int,int):<=(int,int):org.apache.commons.lang3.StringUtils@replaceEach(java.lang.String,java.lang.String[],java.lang.String[],boolean,int):3944:161331:textIndex == -1 |==> textIndex <= -1
1602:ROR:==(int,int):>=(int,int):org.apache.commons.lang3.StringUtils@replaceEach(java.lang.String,java.lang.String[],java.lang.String[],boolean,int):3944:161331:textIndex == -1 |==> textIndex >= -1
1603:ROR:==(int,int):FALSE(int,int):org.apache.commons.lang3.StringUtils@replaceEach(java.lang.String,java.lang.String[],java.lang.String[],boolean,int):3944:161341:textIndex == -1 |==> false
1604:ROR:<(int,int):!=(int,int):org.apache.commons.lang3.StringUtils@replaceEach(java.lang.String,java.lang.String[],java.lang.String[],boolean,int):3944:161350:tempIndex < textIndex |==> tempIndex != textIndex
1605:ROR:<(int,int):<=(int,int):org.apache.commons.lang3.StringUtils@replaceEach(java.lang.String,java.lang.String[],java.lang.String[],boolean,int):3944:161350:tempIndex < textIndex |==> tempIndex <= textIndex
1606:ROR:<(int,int):FALSE(int,int):org.apache.commons.lang3.StringUtils@replaceEach(java.lang.String,java.lang.String[],java.lang.String[],boolean,int):3944:161360:tempIndex < textIndex |==> false
1607:COR:||(boolean,boolean):!=(boolean,boolean):org.apache.commons.lang3.StringUtils@replaceEach(java.lang.String,java.lang.String[],java.lang.String[],boolean,int):3944:161331:textIndex == -1 || tempIndex < textIndex |==> textIndex == -1 != tempIndex < textIndex
1608:COR:||(boolean,boolean):LHS(boolean,boolean):org.apache.commons.lang3.StringUtils@replaceEach(java.lang.String,java.lang.String[],java.lang.String[],boolean,int):3944:161331:textIndex == -1 || tempIndex < textIndex |==> textIndex == -1
1609:COR:||(boolean,boolean):RHS(boolean,boolean):org.apache.commons.lang3.StringUtils@replaceEach(java.lang.String,java.lang.String[],java.lang.String[],boolean,int):3944:161350:textIndex == -1 || tempIndex < textIndex |==> tempIndex < textIndex
1610:COR:||(boolean,boolean):TRUE(boolean,boolean):org.apache.commons.lang3.StringUtils@replaceEach(java.lang.String,java.lang.String[],java.lang.String[],boolean,int):3944:161347:textIndex == -1 || tempIndex < textIndex |==> true
1611:STD:<ASSIGN>:<NO-OP>:org.apache.commons.lang3.StringUtils@replaceEach(java.lang.String,java.lang.String[],java.lang.String[],boolean,int):3945:161395:textIndex = tempIndex; |==> <NO-OP>
1612:STD:<ASSIGN>:<NO-OP>:org.apache.commons.lang3.StringUtils@replaceEach(java.lang.String,java.lang.String[],java.lang.String[],boolean,int):3946:161438:replaceIndex = i; |==> <NO-OP>
1613:LVR:NEG:0:org.apache.commons.lang3.StringUtils@replaceEach(java.lang.String,java.lang.String[],java.lang.String[],boolean,int):3953:161612:-1 |==> 0
1614:LVR:NEG:POS:org.apache.commons.lang3.StringUtils@replaceEach(java.lang.String,java.lang.String[],java.lang.String[],boolean,int):3953:161612:-1 |==> 1
1615:ROR:==(int,int):<=(int,int):org.apache.commons.lang3.StringUtils@replaceEach(java.lang.String,java.lang.String[],java.lang.String[],boolean,int):3953:161599:textIndex == -1 |==> textIndex <= -1
1616:ROR:==(int,int):>=(int,int):org.apache.commons.lang3.StringUtils@replaceEach(java.lang.String,java.lang.String[],java.lang.String[],boolean,int):3953:161599:textIndex == -1 |==> textIndex >= -1
1617:ROR:==(int,int):FALSE(int,int):org.apache.commons.lang3.StringUtils@replaceEach(java.lang.String,java.lang.String[],java.lang.String[],boolean,int):3953:161609:textIndex == -1 |==> false
1618:LVR:0:POS:org.apache.commons.lang3.StringUtils@replaceEach(java.lang.String,java.lang.String[],java.lang.String[],boolean,int):3957:161674:0 |==> 1
1619:LVR:0:NEG:org.apache.commons.lang3.StringUtils@replaceEach(java.lang.String,java.lang.String[],java.lang.String[],boolean,int):3957:161674:0 |==> -1
1620:LVR:0:POS:org.apache.commons.lang3.StringUtils@replaceEach(java.lang.String,java.lang.String[],java.lang.String[],boolean,int):3960:161812:0 |==> 1
1621:LVR:0:NEG:org.apache.commons.lang3.StringUtils@replaceEach(java.lang.String,java.lang.String[],java.lang.String[],boolean,int):3960:161812:0 |==> -1
1622:LVR:0:POS:org.apache.commons.lang3.StringUtils@replaceEach(java.lang.String,java.lang.String[],java.lang.String[],boolean,int):3963:161945:0 |==> 1
1623:LVR:0:NEG:org.apache.commons.lang3.StringUtils@replaceEach(java.lang.String,java.lang.String[],java.lang.String[],boolean,int):3963:161945:0 |==> -1
1624:ROR:<(int,int):<=(int,int):org.apache.commons.lang3.StringUtils@replaceEach(java.lang.String,java.lang.String[],java.lang.String[],boolean,int):3963:161948:i < searchList.length |==> i <= searchList.length
1625:ROR:<(int,int):FALSE(int,int):org.apache.commons.lang3.StringUtils@replaceEach(java.lang.String,java.lang.String[],java.lang.String[],boolean,int):3963:161950:i < searchList.length |==> false
1626:ROR:==(java.lang.Object,java.lang.Object):FALSE(java.lang.Object,java.lang.Object):org.apache.commons.lang3.StringUtils@replaceEach(java.lang.String,java.lang.String[],java.lang.String[],boolean,int):3964:162008:searchList[i] == null |==> false
1627:ROR:==(java.lang.Object,java.lang.Object):FALSE(java.lang.Object,java.lang.Object):org.apache.commons.lang3.StringUtils@replaceEach(java.lang.String,java.lang.String[],java.lang.String[],boolean,int):3964:162038:replacementList[i] == null |==> false
1628:COR:||(boolean,boolean):!=(boolean,boolean):org.apache.commons.lang3.StringUtils@replaceEach(java.lang.String,java.lang.String[],java.lang.String[],boolean,int):3964:161994:searchList[i] == null || replacementList[i] == null |==> searchList[i] == null != (replacementList[i] == null)
1629:COR:||(boolean,boolean):LHS(boolean,boolean):org.apache.commons.lang3.StringUtils@replaceEach(java.lang.String,java.lang.String[],java.lang.String[],boolean,int):3964:161994:searchList[i] == null || replacementList[i] == null |==> searchList[i] == null
1630:COR:||(boolean,boolean):RHS(boolean,boolean):org.apache.commons.lang3.StringUtils@replaceEach(java.lang.String,java.lang.String[],java.lang.String[],boolean,int):3964:162019:searchList[i] == null || replacementList[i] == null |==> replacementList[i] == null
1631:COR:||(boolean,boolean):TRUE(boolean,boolean):org.apache.commons.lang3.StringUtils@replaceEach(java.lang.String,java.lang.String[],java.lang.String[],boolean,int):3964:162016:searchList[i] == null || replacementList[i] == null |==> true
1632:AOR:-(int,int):%(int,int):org.apache.commons.lang3.StringUtils@replaceEach(java.lang.String,java.lang.String[],java.lang.String[],boolean,int):3967:162115:replacementList[i].length() - searchList[i].length() |==> replacementList[i].length() % searchList[i].length()
1633:AOR:-(int,int):*(int,int):org.apache.commons.lang3.StringUtils@replaceEach(java.lang.String,java.lang.String[],java.lang.String[],boolean,int):3967:162115:replacementList[i].length() - searchList[i].length() |==> replacementList[i].length() * searchList[i].length()
1634:AOR:-(int,int):+(int,int):org.apache.commons.lang3.StringUtils@replaceEach(java.lang.String,java.lang.String[],java.lang.String[],boolean,int):3967:162115:replacementList[i].length() - searchList[i].length() |==> replacementList[i].length() + searchList[i].length()
1635:AOR:-(int,int):/(int,int):org.apache.commons.lang3.StringUtils@replaceEach(java.lang.String,java.lang.String[],java.lang.String[],boolean,int):3967:162115:replacementList[i].length() - searchList[i].length() |==> replacementList[i].length() / searchList[i].length()
1636:LVR:0:POS:org.apache.commons.lang3.StringUtils@replaceEach(java.lang.String,java.lang.String[],java.lang.String[],boolean,int):3968:162195:0 |==> 1
1637:LVR:0:NEG:org.apache.commons.lang3.StringUtils@replaceEach(java.lang.String,java.lang.String[],java.lang.String[],boolean,int):3968:162195:0 |==> -1
1638:ROR:>(int,int):!=(int,int):org.apache.commons.lang3.StringUtils@replaceEach(java.lang.String,java.lang.String[],java.lang.String[],boolean,int):3968:162185:greater > 0 |==> greater != 0
1639:ROR:>(int,int):>=(int,int):org.apache.commons.lang3.StringUtils@replaceEach(java.lang.String,java.lang.String[],java.lang.String[],boolean,int):3968:162185:greater > 0 |==> greater >= 0
1640:ROR:>(int,int):FALSE(int,int):org.apache.commons.lang3.StringUtils@replaceEach(java.lang.String,java.lang.String[],java.lang.String[],boolean,int):3968:162193:greater > 0 |==> false
1641:LVR:POS:0:org.apache.commons.lang3.StringUtils@replaceEach(java.lang.String,java.lang.String[],java.lang.String[],boolean,int):3969:162228:3 |==> 0
1642:LVR:POS:NEG:org.apache.commons.lang3.StringUtils@replaceEach(java.lang.String,java.lang.String[],java.lang.String[],boolean,int):3969:162228:3 |==> -3
1643:AOR:*(int,int):%(int,int):org.apache.commons.lang3.StringUtils@replaceEach(java.lang.String,java.lang.String[],java.lang.String[],boolean,int):3969:162228:3 * greater |==> 3 % greater
1644:AOR:*(int,int):+(int,int):org.apache.commons.lang3.StringUtils@replaceEach(java.lang.String,java.lang.String[],java.lang.String[],boolean,int):3969:162228:3 * greater |==> 3 + greater
1645:AOR:*(int,int):-(int,int):org.apache.commons.lang3.StringUtils@replaceEach(java.lang.String,java.lang.String[],java.lang.String[],boolean,int):3969:162228:3 * greater |==> 3 - greater
1646:AOR:*(int,int):/(int,int):org.apache.commons.lang3.StringUtils@replaceEach(java.lang.String,java.lang.String[],java.lang.String[],boolean,int):3969:162228:3 * greater |==> 3 / greater
1647:STD:<ASSIGN>:<NO-OP>:org.apache.commons.lang3.StringUtils@replaceEach(java.lang.String,java.lang.String[],java.lang.String[],boolean,int):3969:162216:increase += 3 * greater; |==> <NO-OP>
1648:LVR:POS:0:org.apache.commons.lang3.StringUtils@replaceEach(java.lang.String,java.lang.String[],java.lang.String[],boolean,int):3973:162408:5 |==> 0
1649:LVR:POS:NEG:org.apache.commons.lang3.StringUtils@replaceEach(java.lang.String,java.lang.String[],java.lang.String[],boolean,int):3973:162408:5 |==> -5
1650:AOR:/(int,int):%(int,int):org.apache.commons.lang3.StringUtils@replaceEach(java.lang.String,java.lang.String[],java.lang.String[],boolean,int):3973:162392:text.length() / 5 |==> text.length() % 5
1651:AOR:/(int,int):*(int,int):org.apache.commons.lang3.StringUtils@replaceEach(java.lang.String,java.lang.String[],java.lang.String[],boolean,int):3973:162392:text.length() / 5 |==> text.length() * 5
1652:AOR:/(int,int):+(int,int):org.apache.commons.lang3.StringUtils@replaceEach(java.lang.String,java.lang.String[],java.lang.String[],boolean,int):3973:162392:text.length() / 5 |==> text.length() + 5
1653:AOR:/(int,int):-(int,int):org.apache.commons.lang3.StringUtils@replaceEach(java.lang.String,java.lang.String[],java.lang.String[],boolean,int):3973:162392:text.length() / 5 |==> text.length() - 5
1654:STD:<ASSIGN>:<NO-OP>:org.apache.commons.lang3.StringUtils@replaceEach(java.lang.String,java.lang.String[],java.lang.String[],boolean,int):3973:162362:increase = Math.min(increase, text.length() / 5); |==> <NO-OP>
1655:AOR:+(int,int):%(int,int):org.apache.commons.lang3.StringUtils@replaceEach(java.lang.String,java.lang.String[],java.lang.String[],boolean,int):3975:162459:text.length() + increase |==> text.length() % increase
1656:AOR:+(int,int):*(int,int):org.apache.commons.lang3.StringUtils@replaceEach(java.lang.String,java.lang.String[],java.lang.String[],boolean,int):3975:162459:text.length() + increase |==> text.length() * increase
1657:AOR:+(int,int):-(int,int):org.apache.commons.lang3.StringUtils@replaceEach(java.lang.String,java.lang.String[],java.lang.String[],boolean,int):3975:162459:text.length() + increase |==> text.length() - increase
1658:AOR:+(int,int):/(int,int):org.apache.commons.lang3.StringUtils@replaceEach(java.lang.String,java.lang.String[],java.lang.String[],boolean,int):3975:162459:text.length() + increase |==> text.length() / increase
1659:LVR:NEG:0:org.apache.commons.lang3.StringUtils@replaceEach(java.lang.String,java.lang.String[],java.lang.String[],boolean,int):3977:162515:-1 |==> 0
1660:LVR:NEG:POS:org.apache.commons.lang3.StringUtils@replaceEach(java.lang.String,java.lang.String[],java.lang.String[],boolean,int):3977:162515:-1 |==> 1
1661:ROR:!=(int,int):<(int,int):org.apache.commons.lang3.StringUtils@replaceEach(java.lang.String,java.lang.String[],java.lang.String[],boolean,int):3977:162502:textIndex != -1 |==> textIndex < -1
1662:ROR:!=(int,int):>(int,int):org.apache.commons.lang3.StringUtils@replaceEach(java.lang.String,java.lang.String[],java.lang.String[],boolean,int):3977:162502:textIndex != -1 |==> textIndex > -1
1663:ROR:!=(int,int):TRUE(int,int):org.apache.commons.lang3.StringUtils@replaceEach(java.lang.String,java.lang.String[],java.lang.String[],boolean,int):3977:162512:textIndex != -1 |==> true
1664:ROR:<(int,int):!=(int,int):org.apache.commons.lang3.StringUtils@replaceEach(java.lang.String,java.lang.String[],java.lang.String[],boolean,int):3979:162554:i < textIndex |==> i != textIndex
1665:ROR:<(int,int):<=(int,int):org.apache.commons.lang3.StringUtils@replaceEach(java.lang.String,java.lang.String[],java.lang.String[],boolean,int):3979:162554:i < textIndex |==> i <= textIndex
1666:ROR:<(int,int):FALSE(int,int):org.apache.commons.lang3.StringUtils@replaceEach(java.lang.String,java.lang.String[],java.lang.String[],boolean,int):3979:162556:i < textIndex |==> false
1667:STD:<CALL>:<NO-OP>:org.apache.commons.lang3.StringUtils@replaceEach(java.lang.String,java.lang.String[],java.lang.String[],boolean,int):3980:162592:buf.append(text.charAt(i)); |==> <NO-OP>
1668:STD:<CALL>:<NO-OP>:org.apache.commons.lang3.StringUtils@replaceEach(java.lang.String,java.lang.String[],java.lang.String[],boolean,int):3982:162646:buf.append(replacementList[replaceIndex]); |==> <NO-OP>
1669:AOR:+(int,int):%(int,int):org.apache.commons.lang3.StringUtils@replaceEach(java.lang.String,java.lang.String[],java.lang.String[],boolean,int):3984:162710:textIndex + searchList[replaceIndex].length() |==> textIndex % searchList[replaceIndex].length()
1670:AOR:+(int,int):*(int,int):org.apache.commons.lang3.StringUtils@replaceEach(java.lang.String,java.lang.String[],java.lang.String[],boolean,int):3984:162710:textIndex + searchList[replaceIndex].length() |==> textIndex * searchList[replaceIndex].length()
1671:AOR:+(int,int):-(int,int):org.apache.commons.lang3.StringUtils@replaceEach(java.lang.String,java.lang.String[],java.lang.String[],boolean,int):3984:162710:textIndex + searchList[replaceIndex].length() |==> textIndex - searchList[replaceIndex].length()
1672:AOR:+(int,int):/(int,int):org.apache.commons.lang3.StringUtils@replaceEach(java.lang.String,java.lang.String[],java.lang.String[],boolean,int):3984:162710:textIndex + searchList[replaceIndex].length() |==> textIndex / searchList[replaceIndex].length()
1673:STD:<ASSIGN>:<NO-OP>:org.apache.commons.lang3.StringUtils@replaceEach(java.lang.String,java.lang.String[],java.lang.String[],boolean,int):3984:162702:start = textIndex + searchList[replaceIndex].length(); |==> <NO-OP>
1674:LVR:NEG:0:org.apache.commons.lang3.StringUtils@replaceEach(java.lang.String,java.lang.String[],java.lang.String[],boolean,int):3986:162782:-1 |==> 0
1675:LVR:NEG:POS:org.apache.commons.lang3.StringUtils@replaceEach(java.lang.String,java.lang.String[],java.lang.String[],boolean,int):3986:162782:-1 |==> 1
1676:STD:<ASSIGN>:<NO-OP>:org.apache.commons.lang3.StringUtils@replaceEach(java.lang.String,java.lang.String[],java.lang.String[],boolean,int):3986:162770:textIndex = -1; |==> <NO-OP>
1677:LVR:NEG:0:org.apache.commons.lang3.StringUtils@replaceEach(java.lang.String,java.lang.String[],java.lang.String[],boolean,int):3987:162813:-1 |==> 0
1678:LVR:NEG:POS:org.apache.commons.lang3.StringUtils@replaceEach(java.lang.String,java.lang.String[],java.lang.String[],boolean,int):3987:162813:-1 |==> 1
1679:STD:<ASSIGN>:<NO-OP>:org.apache.commons.lang3.StringUtils@replaceEach(java.lang.String,java.lang.String[],java.lang.String[],boolean,int):3987:162798:replaceIndex = -1; |==> <NO-OP>
1680:LVR:NEG:0:org.apache.commons.lang3.StringUtils@replaceEach(java.lang.String,java.lang.String[],java.lang.String[],boolean,int):3988:162841:-1 |==> 0
1681:LVR:NEG:POS:org.apache.commons.lang3.StringUtils@replaceEach(java.lang.String,java.lang.String[],java.lang.String[],boolean,int):3988:162841:-1 |==> 1
1682:STD:<ASSIGN>:<NO-OP>:org.apache.commons.lang3.StringUtils@replaceEach(java.lang.String,java.lang.String[],java.lang.String[],boolean,int):3988:162829:tempIndex = -1; |==> <NO-OP>
1683:LVR:0:POS:org.apache.commons.lang3.StringUtils@replaceEach(java.lang.String,java.lang.String[],java.lang.String[],boolean,int):3991:162971:0 |==> 1
1684:LVR:0:NEG:org.apache.commons.lang3.StringUtils@replaceEach(java.lang.String,java.lang.String[],java.lang.String[],boolean,int):3991:162971:0 |==> -1
1685:ROR:<(int,int):!=(int,int):org.apache.commons.lang3.StringUtils@replaceEach(java.lang.String,java.lang.String[],java.lang.String[],boolean,int):3991:162974:i < searchLength |==> i != searchLength
1686:ROR:<(int,int):<=(int,int):org.apache.commons.lang3.StringUtils@replaceEach(java.lang.String,java.lang.String[],java.lang.String[],boolean,int):3991:162974:i < searchLength |==> i <= searchLength
1687:ROR:<(int,int):FALSE(int,int):org.apache.commons.lang3.StringUtils@replaceEach(java.lang.String,java.lang.String[],java.lang.String[],boolean,int):3991:162976:i < searchLength |==> false
1688:ROR:==(java.lang.Object,java.lang.Object):FALSE(java.lang.Object,java.lang.Object):org.apache.commons.lang3.StringUtils@replaceEach(java.lang.String,java.lang.String[],java.lang.String[],boolean,int):3992:163065:searchList[i] == null |==> false
1689:COR:||(boolean,boolean):!=(boolean,boolean):org.apache.commons.lang3.StringUtils@replaceEach(java.lang.String,java.lang.String[],java.lang.String[],boolean,int):3992:163019:noMoreMatchesForReplIndex[i] || searchList[i] == null |==> noMoreMatchesForReplIndex[i] != (searchList[i] == null)
1690:COR:||(boolean,boolean):LHS(boolean,boolean):org.apache.commons.lang3.StringUtils@replaceEach(java.lang.String,java.lang.String[],java.lang.String[],boolean,int):3992:163019:noMoreMatchesForReplIndex[i] || searchList[i] == null |==> noMoreMatchesForReplIndex[i]
1691:COR:||(boolean,boolean):RHS(boolean,boolean):org.apache.commons.lang3.StringUtils@replaceEach(java.lang.String,java.lang.String[],java.lang.String[],boolean,int):3992:163051:noMoreMatchesForReplIndex[i] || searchList[i] == null |==> searchList[i] == null
1692:COR:||(boolean,boolean):TRUE(boolean,boolean):org.apache.commons.lang3.StringUtils@replaceEach(java.lang.String,java.lang.String[],java.lang.String[],boolean,int):3992:163048:noMoreMatchesForReplIndex[i] || searchList[i] == null |==> true
1693:LVR:0:POS:org.apache.commons.lang3.StringUtils@replaceEach(java.lang.String,java.lang.String[],java.lang.String[],boolean,int):3993:163123:0 |==> 1
1694:LVR:0:NEG:org.apache.commons.lang3.StringUtils@replaceEach(java.lang.String,java.lang.String[],java.lang.String[],boolean,int):3993:163123:0 |==> -1
1695:ROR:==(int,int):>=(int,int):org.apache.commons.lang3.StringUtils@replaceEach(java.lang.String,java.lang.String[],java.lang.String[],boolean,int):3993:163097:searchList[i].length() == 0 |==> searchList[i].length() >= 0
1696:ROR:==(int,int):FALSE(int,int):org.apache.commons.lang3.StringUtils@replaceEach(java.lang.String,java.lang.String[],java.lang.String[],boolean,int):3993:163120:searchList[i].length() == 0 |==> false
1697:COR:||(boolean,boolean):!=(boolean,boolean):org.apache.commons.lang3.StringUtils@replaceEach(java.lang.String,java.lang.String[],java.lang.String[],boolean,int):3992:163019:noMoreMatchesForReplIndex[i] || searchList[i] == null || searchList[i].length() == 0 |==> (noMoreMatchesForReplIndex[i] || searchList[i] == null) != (searchList[i].length() == 0)
1698:COR:||(boolean,boolean):LHS(boolean,boolean):org.apache.commons.lang3.StringUtils@replaceEach(java.lang.String,java.lang.String[],java.lang.String[],boolean,int):3992:163019:noMoreMatchesForReplIndex[i] || searchList[i] == null || searchList[i].length() == 0 |==> noMoreMatchesForReplIndex[i] || searchList[i] == null
1699:COR:||(boolean,boolean):RHS(boolean,boolean):org.apache.commons.lang3.StringUtils@replaceEach(java.lang.String,java.lang.String[],java.lang.String[],boolean,int):3993:163097:noMoreMatchesForReplIndex[i] || searchList[i] == null || searchList[i].length() == 0 |==> searchList[i].length() == 0
1700:COR:||(boolean,boolean):TRUE(boolean,boolean):org.apache.commons.lang3.StringUtils@replaceEach(java.lang.String,java.lang.String[],java.lang.String[],boolean,int):3992:163073:noMoreMatchesForReplIndex[i] || searchList[i] == null || searchList[i].length() == 0 |==> true
1701:ROR:==(java.lang.Object,java.lang.Object):FALSE(java.lang.Object,java.lang.Object):org.apache.commons.lang3.StringUtils@replaceEach(java.lang.String,java.lang.String[],java.lang.String[],boolean,int):3993:163147:replacementList[i] == null |==> false
1702:COR:||(boolean,boolean):!=(boolean,boolean):org.apache.commons.lang3.StringUtils@replaceEach(java.lang.String,java.lang.String[],java.lang.String[],boolean,int):3992:163019:noMoreMatchesForReplIndex[i] || searchList[i] == null || searchList[i].length() == 0 || replacementList[i] == null |==> (noMoreMatchesForReplIndex[i] || searchList[i] == null || searchList[i].length() == 0) != (replacementList[i] == null)
1703:COR:||(boolean,boolean):LHS(boolean,boolean):org.apache.commons.lang3.StringUtils@replaceEach(java.lang.String,java.lang.String[],java.lang.String[],boolean,int):3992:163019:noMoreMatchesForReplIndex[i] || searchList[i] == null || searchList[i].length() == 0 || replacementList[i] == null |==> noMoreMatchesForReplIndex[i] || searchList[i] == null || searchList[i].length() == 0
1704:COR:||(boolean,boolean):RHS(boolean,boolean):org.apache.commons.lang3.StringUtils@replaceEach(java.lang.String,java.lang.String[],java.lang.String[],boolean,int):3993:163128:noMoreMatchesForReplIndex[i] || searchList[i] == null || searchList[i].length() == 0 || replacementList[i] == null |==> replacementList[i] == null
1705:COR:||(boolean,boolean):TRUE(boolean,boolean):org.apache.commons.lang3.StringUtils@replaceEach(java.lang.String,java.lang.String[],java.lang.String[],boolean,int):3993:163125:noMoreMatchesForReplIndex[i] || searchList[i] == null || searchList[i].length() == 0 || replacementList[i] == null |==> true
1706:STD:<ASSIGN>:<NO-OP>:org.apache.commons.lang3.StringUtils@replaceEach(java.lang.String,java.lang.String[],java.lang.String[],boolean,int):3997:163239:tempIndex = text.indexOf(searchList[i], start); |==> <NO-OP>
1707:LVR:NEG:0:org.apache.commons.lang3.StringUtils@replaceEach(java.lang.String,java.lang.String[],java.lang.String[],boolean,int):4000:163382:-1 |==> 0
1708:LVR:NEG:POS:org.apache.commons.lang3.StringUtils@replaceEach(java.lang.String,java.lang.String[],java.lang.String[],boolean,int):4000:163382:-1 |==> 1
1709:ROR:==(int,int):<=(int,int):org.apache.commons.lang3.StringUtils@replaceEach(java.lang.String,java.lang.String[],java.lang.String[],boolean,int):4000:163369:tempIndex == -1 |==> tempIndex <= -1
1710:ROR:==(int,int):>=(int,int):org.apache.commons.lang3.StringUtils@replaceEach(java.lang.String,java.lang.String[],java.lang.String[],boolean,int):4000:163369:tempIndex == -1 |==> tempIndex >= -1
1711:ROR:==(int,int):FALSE(int,int):org.apache.commons.lang3.StringUtils@replaceEach(java.lang.String,java.lang.String[],java.lang.String[],boolean,int):4000:163379:tempIndex == -1 |==> false
1712:LVR:TRUE:FALSE:org.apache.commons.lang3.StringUtils@replaceEach(java.lang.String,java.lang.String[],java.lang.String[],boolean,int):4001:163439:true |==> false
1713:STD:<ASSIGN>:<NO-OP>:org.apache.commons.lang3.StringUtils@replaceEach(java.lang.String,java.lang.String[],java.lang.String[],boolean,int):4001:163408:noMoreMatchesForReplIndex[i] = true; |==> <NO-OP>
1714:LVR:NEG:0:org.apache.commons.lang3.StringUtils@replaceEach(java.lang.String,java.lang.String[],java.lang.String[],boolean,int):4003:163507:-1 |==> 0
1715:LVR:NEG:POS:org.apache.commons.lang3.StringUtils@replaceEach(java.lang.String,java.lang.String[],java.lang.String[],boolean,int):4003:163507:-1 |==> 1
1716:ROR:==(int,int):<=(int,int):org.apache.commons.lang3.StringUtils@replaceEach(java.lang.String,java.lang.String[],java.lang.String[],boolean,int):4003:163494:textIndex == -1 |==> textIndex <= -1
1717:ROR:==(int,int):>=(int,int):org.apache.commons.lang3.StringUtils@replaceEach(java.lang.String,java.lang.String[],java.lang.String[],boolean,int):4003:163494:textIndex == -1 |==> textIndex >= -1
1718:ROR:==(int,int):FALSE(int,int):org.apache.commons.lang3.StringUtils@replaceEach(java.lang.String,java.lang.String[],java.lang.String[],boolean,int):4003:163504:textIndex == -1 |==> false
1719:ROR:<(int,int):!=(int,int):org.apache.commons.lang3.StringUtils@replaceEach(java.lang.String,java.lang.String[],java.lang.String[],boolean,int):4003:163513:tempIndex < textIndex |==> tempIndex != textIndex
1720:ROR:<(int,int):<=(int,int):org.apache.commons.lang3.StringUtils@replaceEach(java.lang.String,java.lang.String[],java.lang.String[],boolean,int):4003:163513:tempIndex < textIndex |==> tempIndex <= textIndex
1721:ROR:<(int,int):FALSE(int,int):org.apache.commons.lang3.StringUtils@replaceEach(java.lang.String,java.lang.String[],java.lang.String[],boolean,int):4003:163523:tempIndex < textIndex |==> false
1722:COR:||(boolean,boolean):!=(boolean,boolean):org.apache.commons.lang3.StringUtils@replaceEach(java.lang.String,java.lang.String[],java.lang.String[],boolean,int):4003:163494:textIndex == -1 || tempIndex < textIndex |==> textIndex == -1 != tempIndex < textIndex
1723:COR:||(boolean,boolean):LHS(boolean,boolean):org.apache.commons.lang3.StringUtils@replaceEach(java.lang.String,java.lang.String[],java.lang.String[],boolean,int):4003:163494:textIndex == -1 || tempIndex < textIndex |==> textIndex == -1
1724:COR:||(boolean,boolean):RHS(boolean,boolean):org.apache.commons.lang3.StringUtils@replaceEach(java.lang.String,java.lang.String[],java.lang.String[],boolean,int):4003:163513:textIndex == -1 || tempIndex < textIndex |==> tempIndex < textIndex
1725:COR:||(boolean,boolean):TRUE(boolean,boolean):org.apache.commons.lang3.StringUtils@replaceEach(java.lang.String,java.lang.String[],java.lang.String[],boolean,int):4003:163510:textIndex == -1 || tempIndex < textIndex |==> true
1726:STD:<ASSIGN>:<NO-OP>:org.apache.commons.lang3.StringUtils@replaceEach(java.lang.String,java.lang.String[],java.lang.String[],boolean,int):4004:163562:textIndex = tempIndex; |==> <NO-OP>
1727:STD:<ASSIGN>:<NO-OP>:org.apache.commons.lang3.StringUtils@replaceEach(java.lang.String,java.lang.String[],java.lang.String[],boolean,int):4005:163609:replaceIndex = i; |==> <NO-OP>
1728:ROR:<(int,int):!=(int,int):org.apache.commons.lang3.StringUtils@replaceEach(java.lang.String,java.lang.String[],java.lang.String[],boolean,int):4013:163808:i < textLength |==> i != textLength
1729:ROR:<(int,int):<=(int,int):org.apache.commons.lang3.StringUtils@replaceEach(java.lang.String,java.lang.String[],java.lang.String[],boolean,int):4013:163808:i < textLength |==> i <= textLength
1730:ROR:<(int,int):FALSE(int,int):org.apache.commons.lang3.StringUtils@replaceEach(java.lang.String,java.lang.String[],java.lang.String[],boolean,int):4013:163810:i < textLength |==> false
1731:STD:<CALL>:<NO-OP>:org.apache.commons.lang3.StringUtils@replaceEach(java.lang.String,java.lang.String[],java.lang.String[],boolean,int):4014:163843:buf.append(text.charAt(i)); |==> <NO-OP>
1732:COR:<IDENTIFIER(boolean)>:FALSE:org.apache.commons.lang3.StringUtils@replaceEach(java.lang.String,java.lang.String[],java.lang.String[],boolean,int):4017:163934:repeat |==> false
1733:COR:<IDENTIFIER(boolean)>:TRUE:org.apache.commons.lang3.StringUtils@replaceEach(java.lang.String,java.lang.String[],java.lang.String[],boolean,int):4017:163934:repeat |==> true
1734:LVR:POS:0:org.apache.commons.lang3.StringUtils@replaceEach(java.lang.String,java.lang.String[],java.lang.String[],boolean,int):4021:164067:1 |==> 0
1735:LVR:POS:NEG:org.apache.commons.lang3.StringUtils@replaceEach(java.lang.String,java.lang.String[],java.lang.String[],boolean,int):4021:164067:1 |==> -1
1736:AOR:-(int,int):%(int,int):org.apache.commons.lang3.StringUtils@replaceEach(java.lang.String,java.lang.String[],java.lang.String[],boolean,int):4021:164054:timeToLive - 1 |==> timeToLive % 1
1737:AOR:-(int,int):*(int,int):org.apache.commons.lang3.StringUtils@replaceEach(java.lang.String,java.lang.String[],java.lang.String[],boolean,int):4021:164054:timeToLive - 1 |==> timeToLive * 1
1738:AOR:-(int,int):+(int,int):org.apache.commons.lang3.StringUtils@replaceEach(java.lang.String,java.lang.String[],java.lang.String[],boolean,int):4021:164054:timeToLive - 1 |==> timeToLive + 1
1739:AOR:-(int,int):/(int,int):org.apache.commons.lang3.StringUtils@replaceEach(java.lang.String,java.lang.String[],java.lang.String[],boolean,int):4021:164054:timeToLive - 1 |==> timeToLive / 1
1740:ROR:==(java.lang.Object,java.lang.Object):FALSE(java.lang.Object,java.lang.Object):org.apache.commons.lang3.StringUtils@replaceChars(java.lang.String,char,char):4047:165163:str == null |==> false
1741:COR:||(boolean,boolean):!=(boolean,boolean):org.apache.commons.lang3.StringUtils@replaceChars(java.lang.String,java.lang.String,java.lang.String):4090:167076:isEmpty(str) || isEmpty(searchChars) |==> isEmpty(str) != isEmpty(searchChars)
1742:COR:||(boolean,boolean):LHS(boolean,boolean):org.apache.commons.lang3.StringUtils@replaceChars(java.lang.String,java.lang.String,java.lang.String):4090:167076:isEmpty(str) || isEmpty(searchChars) |==> isEmpty(str)
1743:COR:||(boolean,boolean):RHS(boolean,boolean):org.apache.commons.lang3.StringUtils@replaceChars(java.lang.String,java.lang.String,java.lang.String):4090:167092:isEmpty(str) || isEmpty(searchChars) |==> isEmpty(searchChars)
1744:COR:||(boolean,boolean):TRUE(boolean,boolean):org.apache.commons.lang3.StringUtils@replaceChars(java.lang.String,java.lang.String,java.lang.String):4090:167089:isEmpty(str) || isEmpty(searchChars) |==> true
1745:ROR:==(java.lang.Object,java.lang.Object):FALSE(java.lang.Object,java.lang.Object):org.apache.commons.lang3.StringUtils@replaceChars(java.lang.String,java.lang.String,java.lang.String):4093:167175:replaceChars == null |==> false
1746:STD:<ASSIGN>:<NO-OP>:org.apache.commons.lang3.StringUtils@replaceChars(java.lang.String,java.lang.String,java.lang.String):4094:167198:replaceChars = EMPTY; |==> <NO-OP>
1747:LVR:FALSE:TRUE:org.apache.commons.lang3.StringUtils@replaceChars(java.lang.String,java.lang.String,java.lang.String):4096:167257:false |==> true
1748:LVR:0:POS:org.apache.commons.lang3.StringUtils@replaceChars(java.lang.String,java.lang.String,java.lang.String):4100:167437:0 |==> 1
1749:LVR:0:NEG:org.apache.commons.lang3.StringUtils@replaceChars(java.lang.String,java.lang.String,java.lang.String):4100:167437:0 |==> -1
1750:ROR:<(int,int):!=(int,int):org.apache.commons.lang3.StringUtils@replaceChars(java.lang.String,java.lang.String,java.lang.String):4100:167440:i < strLength |==> i != strLength
1751:ROR:<(int,int):<=(int,int):org.apache.commons.lang3.StringUtils@replaceChars(java.lang.String,java.lang.String,java.lang.String):4100:167440:i < strLength |==> i <= strLength
1752:ROR:<(int,int):FALSE(int,int):org.apache.commons.lang3.StringUtils@replaceChars(java.lang.String,java.lang.String,java.lang.String):4100:167442:i < strLength |==> false
1753:LVR:0:POS:org.apache.commons.lang3.StringUtils@replaceChars(java.lang.String,java.lang.String,java.lang.String):4103:167573:0 |==> 1
1754:LVR:0:NEG:org.apache.commons.lang3.StringUtils@replaceChars(java.lang.String,java.lang.String,java.lang.String):4103:167573:0 |==> -1
1755:ROR:>=(int,int):==(int,int):org.apache.commons.lang3.StringUtils@replaceChars(java.lang.String,java.lang.String,java.lang.String):4103:167564:index >= 0 |==> index == 0
1756:ROR:>=(int,int):>(int,int):org.apache.commons.lang3.StringUtils@replaceChars(java.lang.String,java.lang.String,java.lang.String):4103:167564:index >= 0 |==> index > 0
1757:ROR:>=(int,int):TRUE(int,int):org.apache.commons.lang3.StringUtils@replaceChars(java.lang.String,java.lang.String,java.lang.String):4103:167570:index >= 0 |==> true
1758:LVR:TRUE:FALSE:org.apache.commons.lang3.StringUtils@replaceChars(java.lang.String,java.lang.String,java.lang.String):4104:167605:true |==> false
1759:STD:<ASSIGN>:<NO-OP>:org.apache.commons.lang3.StringUtils@replaceChars(java.lang.String,java.lang.String,java.lang.String):4104:167594:modified = true; |==> <NO-OP>
1760:ROR:<(int,int):!=(int,int):org.apache.commons.lang3.StringUtils@replaceChars(java.lang.String,java.lang.String,java.lang.String):4105:167631:index < replaceCharsLength |==> index != replaceCharsLength
1761:ROR:<(int,int):<=(int,int):org.apache.commons.lang3.StringUtils@replaceChars(java.lang.String,java.lang.String,java.lang.String):4105:167631:index < replaceCharsLength |==> index <= replaceCharsLength
1762:ROR:<(int,int):FALSE(int,int):org.apache.commons.lang3.StringUtils@replaceChars(java.lang.String,java.lang.String,java.lang.String):4105:167637:index < replaceCharsLength |==> false
1763:STD:<CALL>:<NO-OP>:org.apache.commons.lang3.StringUtils@replaceChars(java.lang.String,java.lang.String,java.lang.String):4106:167681:buf.append(replaceChars.charAt(index)); |==> <NO-OP>
1764:STD:<CALL>:<NO-OP>:org.apache.commons.lang3.StringUtils@replaceChars(java.lang.String,java.lang.String,java.lang.String):4109:167776:buf.append(ch); |==> <NO-OP>
1765:COR:<IDENTIFIER(boolean)>:FALSE:org.apache.commons.lang3.StringUtils@replaceChars(java.lang.String,java.lang.String,java.lang.String):4112:167828:modified |==> false
1766:COR:<IDENTIFIER(boolean)>:TRUE:org.apache.commons.lang3.StringUtils@replaceChars(java.lang.String,java.lang.String,java.lang.String):4112:167828:modified |==> true
1767:ROR:==(java.lang.Object,java.lang.Object):FALSE(java.lang.Object,java.lang.Object):org.apache.commons.lang3.StringUtils@overlay(java.lang.String,java.lang.String,int,int):4150:169521:str == null |==> false
1768:ROR:==(java.lang.Object,java.lang.Object):FALSE(java.lang.Object,java.lang.Object):org.apache.commons.lang3.StringUtils@overlay(java.lang.String,java.lang.String,int,int):4153:169587:overlay == null |==> false
1769:STD:<ASSIGN>:<NO-OP>:org.apache.commons.lang3.StringUtils@overlay(java.lang.String,java.lang.String,int,int):4154:169610:overlay = EMPTY; |==> <NO-OP>
1770:LVR:0:POS:org.apache.commons.lang3.StringUtils@overlay(java.lang.String,java.lang.String,int,int):4157:169689:0 |==> 1
1771:LVR:0:NEG:org.apache.commons.lang3.StringUtils@overlay(java.lang.String,java.lang.String,int,int):4157:169689:0 |==> -1
1772:ROR:<(int,int):!=(int,int):org.apache.commons.lang3.StringUtils@overlay(java.lang.String,java.lang.String,int,int):4157:169681:start < 0 |==> start != 0
1773:ROR:<(int,int):<=(int,int):org.apache.commons.lang3.StringUtils@overlay(java.lang.String,java.lang.String,int,int):4157:169681:start < 0 |==> start <= 0
1774:ROR:<(int,int):FALSE(int,int):org.apache.commons.lang3.StringUtils@overlay(java.lang.String,java.lang.String,int,int):4157:169687:start < 0 |==> false
1775:LVR:0:POS:org.apache.commons.lang3.StringUtils@overlay(java.lang.String,java.lang.String,int,int):4158:169714:0 |==> 1
1776:LVR:0:NEG:org.apache.commons.lang3.StringUtils@overlay(java.lang.String,java.lang.String,int,int):4158:169714:0 |==> -1
1777:STD:<ASSIGN>:<NO-OP>:org.apache.commons.lang3.StringUtils@overlay(java.lang.String,java.lang.String,int,int):4158:169706:start = 0; |==> <NO-OP>
1778:ROR:>(int,int):!=(int,int):org.apache.commons.lang3.StringUtils@overlay(java.lang.String,java.lang.String,int,int):4160:169739:start > len |==> start != len
1779:ROR:>(int,int):>=(int,int):org.apache.commons.lang3.StringUtils@overlay(java.lang.String,java.lang.String,int,int):4160:169739:start > len |==> start >= len
1780:ROR:>(int,int):FALSE(int,int):org.apache.commons.lang3.StringUtils@overlay(java.lang.String,java.lang.String,int,int):4160:169745:start > len |==> false
1781:STD:<ASSIGN>:<NO-OP>:org.apache.commons.lang3.StringUtils@overlay(java.lang.String,java.lang.String,int,int):4161:169766:start = len; |==> <NO-OP>
1782:LVR:0:POS:org.apache.commons.lang3.StringUtils@overlay(java.lang.String,java.lang.String,int,int):4163:169807:0 |==> 1
1783:LVR:0:NEG:org.apache.commons.lang3.StringUtils@overlay(java.lang.String,java.lang.String,int,int):4163:169807:0 |==> -1
1784:ROR:<(int,int):!=(int,int):org.apache.commons.lang3.StringUtils@overlay(java.lang.String,java.lang.String,int,int):4163:169801:end < 0 |==> end != 0
1785:ROR:<(int,int):<=(int,int):org.apache.commons.lang3.StringUtils@overlay(java.lang.String,java.lang.String,int,int):4163:169801:end < 0 |==> end <= 0
1786:ROR:<(int,int):FALSE(int,int):org.apache.commons.lang3.StringUtils@overlay(java.lang.String,java.lang.String,int,int):4163:169805:end < 0 |==> false
1787:LVR:0:POS:org.apache.commons.lang3.StringUtils@overlay(java.lang.String,java.lang.String,int,int):4164:169830:0 |==> 1
1788:LVR:0:NEG:org.apache.commons.lang3.StringUtils@overlay(java.lang.String,java.lang.String,int,int):4164:169830:0 |==> -1
1789:STD:<ASSIGN>:<NO-OP>:org.apache.commons.lang3.StringUtils@overlay(java.lang.String,java.lang.String,int,int):4164:169824:end = 0; |==> <NO-OP>
1790:ROR:>(int,int):!=(int,int):org.apache.commons.lang3.StringUtils@overlay(java.lang.String,java.lang.String,int,int):4166:169855:end > len |==> end != len
1791:ROR:>(int,int):>=(int,int):org.apache.commons.lang3.StringUtils@overlay(java.lang.String,java.lang.String,int,int):4166:169855:end > len |==> end >= len
1792:ROR:>(int,int):FALSE(int,int):org.apache.commons.lang3.StringUtils@overlay(java.lang.String,java.lang.String,int,int):4166:169859:end > len |==> false
1793:STD:<ASSIGN>:<NO-OP>:org.apache.commons.lang3.StringUtils@overlay(java.lang.String,java.lang.String,int,int):4167:169880:end = len; |==> <NO-OP>
1794:ROR:>(int,int):!=(int,int):org.apache.commons.lang3.StringUtils@overlay(java.lang.String,java.lang.String,int,int):4169:169913:start > end |==> start != end
1795:ROR:>(int,int):>=(int,int):org.apache.commons.lang3.StringUtils@overlay(java.lang.String,java.lang.String,int,int):4169:169913:start > end |==> start >= end
1796:ROR:>(int,int):FALSE(int,int):org.apache.commons.lang3.StringUtils@overlay(java.lang.String,java.lang.String,int,int):4169:169919:start > end |==> false
1797:STD:<ASSIGN>:<NO-OP>:org.apache.commons.lang3.StringUtils@overlay(java.lang.String,java.lang.String,int,int):4171:169970:start = end; |==> <NO-OP>
1798:STD:<ASSIGN>:<NO-OP>:org.apache.commons.lang3.StringUtils@overlay(java.lang.String,java.lang.String,int,int):4172:169995:end = temp; |==> <NO-OP>
1799:AOR:+(int,int):%(int,int):org.apache.commons.lang3.StringUtils@overlay(java.lang.String,java.lang.String,int,int):4174:170050:len + start |==> len % start
1800:AOR:+(int,int):*(int,int):org.apache.commons.lang3.StringUtils@overlay(java.lang.String,java.lang.String,int,int):4174:170050:len + start |==> len * start
1801:AOR:+(int,int):-(int,int):org.apache.commons.lang3.StringUtils@overlay(java.lang.String,java.lang.String,int,int):4174:170050:len + start |==> len - start
1802:AOR:+(int,int):/(int,int):org.apache.commons.lang3.StringUtils@overlay(java.lang.String,java.lang.String,int,int):4174:170050:len + start |==> len / start
1803:AOR:-(int,int):%(int,int):org.apache.commons.lang3.StringUtils@overlay(java.lang.String,java.lang.String,int,int):4174:170050:len + start - end |==> (len + start) % end
1804:AOR:-(int,int):*(int,int):org.apache.commons.lang3.StringUtils@overlay(java.lang.String,java.lang.String,int,int):4174:170050:len + start - end |==> (len + start) * end
1805:AOR:-(int,int):+(int,int):org.apache.commons.lang3.StringUtils@overlay(java.lang.String,java.lang.String,int,int):4174:170050:len + start - end |==> len + start + end
1806:AOR:-(int,int):/(int,int):org.apache.commons.lang3.StringUtils@overlay(java.lang.String,java.lang.String,int,int):4174:170050:len + start - end |==> (len + start) / end
1807:AOR:+(int,int):%(int,int):org.apache.commons.lang3.StringUtils@overlay(java.lang.String,java.lang.String,int,int):4174:170050:len + start - end + overlay.length() |==> (len + start - end) % overlay.length()
1808:AOR:+(int,int):*(int,int):org.apache.commons.lang3.StringUtils@overlay(java.lang.String,java.lang.String,int,int):4174:170050:len + start - end + overlay.length() |==> (len + start - end) * overlay.length()
1809:AOR:+(int,int):-(int,int):org.apache.commons.lang3.StringUtils@overlay(java.lang.String,java.lang.String,int,int):4174:170050:len + start - end + overlay.length() |==> len + start - end - overlay.length()
1810:AOR:+(int,int):/(int,int):org.apache.commons.lang3.StringUtils@overlay(java.lang.String,java.lang.String,int,int):4174:170050:len + start - end + overlay.length() |==> (len + start - end) / overlay.length()
1811:LVR:POS:0:org.apache.commons.lang3.StringUtils@overlay(java.lang.String,java.lang.String,int,int):4174:170089:1 |==> 0
1812:LVR:POS:NEG:org.apache.commons.lang3.StringUtils@overlay(java.lang.String,java.lang.String,int,int):4174:170089:1 |==> -1
1813:AOR:+(int,int):%(int,int):org.apache.commons.lang3.StringUtils@overlay(java.lang.String,java.lang.String,int,int):4174:170050:len + start - end + overlay.length() + 1 |==> (len + start - end + overlay.length()) % 1
1814:AOR:+(int,int):*(int,int):org.apache.commons.lang3.StringUtils@overlay(java.lang.String,java.lang.String,int,int):4174:170050:len + start - end + overlay.length() + 1 |==> (len + start - end + overlay.length()) * 1
1815:AOR:+(int,int):-(int,int):org.apache.commons.lang3.StringUtils@overlay(java.lang.String,java.lang.String,int,int):4174:170050:len + start - end + overlay.length() + 1 |==> len + start - end + overlay.length() - 1
1816:AOR:+(int,int):/(int,int):org.apache.commons.lang3.StringUtils@overlay(java.lang.String,java.lang.String,int,int):4174:170050:len + start - end + overlay.length() + 1 |==> (len + start - end + overlay.length()) / 1
1817:LVR:0:POS:org.apache.commons.lang3.StringUtils@overlay(java.lang.String,java.lang.String,int,int):4175:170126:0 |==> 1
1818:LVR:0:NEG:org.apache.commons.lang3.StringUtils@overlay(java.lang.String,java.lang.String,int,int):4175:170126:0 |==> -1
1819:COR:<METHOD_INVOCATION(boolean)>:FALSE:org.apache.commons.lang3.StringUtils@chomp(java.lang.String):4209:171445:isEmpty(str) |==> false
1820:COR:<METHOD_INVOCATION(boolean)>:TRUE:org.apache.commons.lang3.StringUtils@chomp(java.lang.String):4209:171445:isEmpty(str) |==> true
1821:LVR:POS:0:org.apache.commons.lang3.StringUtils@chomp(java.lang.String):4213:171517:1 |==> 0
1822:LVR:POS:NEG:org.apache.commons.lang3.StringUtils@chomp(java.lang.String):4213:171517:1 |==> -1
1823:ROR:==(int,int):<=(int,int):org.apache.commons.lang3.StringUtils@chomp(java.lang.String):4213:171501:str.length() == 1 |==> str.length() <= 1
1824:ROR:==(int,int):>=(int,int):org.apache.commons.lang3.StringUtils@chomp(java.lang.String):4213:171501:str.length() == 1 |==> str.length() >= 1
1825:ROR:==(int,int):FALSE(int,int):org.apache.commons.lang3.StringUtils@chomp(java.lang.String):4213:171514:str.length() == 1 |==> false
1826:LVR:0:POS:org.apache.commons.lang3.StringUtils@chomp(java.lang.String):4214:171555:0 |==> 1
1827:LVR:0:NEG:org.apache.commons.lang3.StringUtils@chomp(java.lang.String):4214:171555:0 |==> -1
1828:ROR:==(int,int):<=(int,int):org.apache.commons.lang3.StringUtils@chomp(java.lang.String):4215:171575:ch == CharUtils.CR |==> ch <= CharUtils.CR
1829:ROR:==(int,int):>=(int,int):org.apache.commons.lang3.StringUtils@chomp(java.lang.String):4215:171575:ch == CharUtils.CR |==> ch >= CharUtils.CR
1830:ROR:==(int,int):FALSE(int,int):org.apache.commons.lang3.StringUtils@chomp(java.lang.String):4215:171578:ch == CharUtils.CR |==> false
1831:ROR:==(int,int):<=(int,int):org.apache.commons.lang3.StringUtils@chomp(java.lang.String):4215:171597:ch == CharUtils.LF |==> ch <= CharUtils.LF
1832:ROR:==(int,int):>=(int,int):org.apache.commons.lang3.StringUtils@chomp(java.lang.String):4215:171597:ch == CharUtils.LF |==> ch >= CharUtils.LF
1833:ROR:==(int,int):FALSE(int,int):org.apache.commons.lang3.StringUtils@chomp(java.lang.String):4215:171600:ch == CharUtils.LF |==> false
1834:COR:||(boolean,boolean):LHS(boolean,boolean):org.apache.commons.lang3.StringUtils@chomp(java.lang.String):4215:171575:ch == CharUtils.CR || ch == CharUtils.LF |==> ch == CharUtils.CR
1835:COR:||(boolean,boolean):RHS(boolean,boolean):org.apache.commons.lang3.StringUtils@chomp(java.lang.String):4215:171597:ch == CharUtils.CR || ch == CharUtils.LF |==> ch == CharUtils.LF
1836:COR:||(boolean,boolean):TRUE(boolean,boolean):org.apache.commons.lang3.StringUtils@chomp(java.lang.String):4215:171594:ch == CharUtils.CR || ch == CharUtils.LF |==> true
1837:LVR:POS:0:org.apache.commons.lang3.StringUtils@chomp(java.lang.String):4221:171735:1 |==> 0
1838:LVR:POS:NEG:org.apache.commons.lang3.StringUtils@chomp(java.lang.String):4221:171735:1 |==> -1
1839:AOR:-(int,int):%(int,int):org.apache.commons.lang3.StringUtils@chomp(java.lang.String):4221:171720:str.length() - 1 |==> str.length() % 1
1840:AOR:-(int,int):*(int,int):org.apache.commons.lang3.StringUtils@chomp(java.lang.String):4221:171720:str.length() - 1 |==> str.length() * 1
1841:AOR:-(int,int):+(int,int):org.apache.commons.lang3.StringUtils@chomp(java.lang.String):4221:171720:str.length() - 1 |==> str.length() + 1
1842:AOR:-(int,int):/(int,int):org.apache.commons.lang3.StringUtils@chomp(java.lang.String):4221:171720:str.length() - 1 |==> str.length() / 1
1843:ROR:==(int,int):<=(int,int):org.apache.commons.lang3.StringUtils@chomp(java.lang.String):4224:171792:last == CharUtils.LF |==> last <= CharUtils.LF
1844:ROR:==(int,int):>=(int,int):org.apache.commons.lang3.StringUtils@chomp(java.lang.String):4224:171792:last == CharUtils.LF |==> last >= CharUtils.LF
1845:ROR:==(int,int):FALSE(int,int):org.apache.commons.lang3.StringUtils@chomp(java.lang.String):4224:171797:last == CharUtils.LF |==> false
1846:LVR:POS:0:org.apache.commons.lang3.StringUtils@chomp(java.lang.String):4225:171853:1 |==> 0
1847:LVR:POS:NEG:org.apache.commons.lang3.StringUtils@chomp(java.lang.String):4225:171853:1 |==> -1
1848:AOR:-(int,int):%(int,int):org.apache.commons.lang3.StringUtils@chomp(java.lang.String):4225:171843:lastIdx - 1 |==> lastIdx % 1
1849:AOR:-(int,int):*(int,int):org.apache.commons.lang3.StringUtils@chomp(java.lang.String):4225:171843:lastIdx - 1 |==> lastIdx * 1
1850:AOR:-(int,int):+(int,int):org.apache.commons.lang3.StringUtils@chomp(java.lang.String):4225:171843:lastIdx - 1 |==> lastIdx + 1
1851:AOR:-(int,int):/(int,int):org.apache.commons.lang3.StringUtils@chomp(java.lang.String):4225:171843:lastIdx - 1 |==> lastIdx / 1
1852:ROR:==(int,int):<=(int,int):org.apache.commons.lang3.StringUtils@chomp(java.lang.String):4225:171832:str.charAt(lastIdx - 1) == CharUtils.CR |==> str.charAt(lastIdx - 1) <= CharUtils.CR
1853:ROR:==(int,int):>=(int,int):org.apache.commons.lang3.StringUtils@chomp(java.lang.String):4225:171832:str.charAt(lastIdx - 1) == CharUtils.CR |==> str.charAt(lastIdx - 1) >= CharUtils.CR
1854:ROR:==(int,int):FALSE(int,int):org.apache.commons.lang3.StringUtils@chomp(java.lang.String):4225:171856:str.charAt(lastIdx - 1) == CharUtils.CR |==> false
1855:STD:<DEC>:<NO-OP>:org.apache.commons.lang3.StringUtils@chomp(java.lang.String):4226:171891:lastIdx--; |==> <NO-OP>
1856:ROR:!=(int,int):<(int,int):org.apache.commons.lang3.StringUtils@chomp(java.lang.String):4228:171935:last != CharUtils.CR |==> last < CharUtils.CR
1857:ROR:!=(int,int):>(int,int):org.apache.commons.lang3.StringUtils@chomp(java.lang.String):4228:171935:last != CharUtils.CR |==> last > CharUtils.CR
1858:ROR:!=(int,int):TRUE(int,int):org.apache.commons.lang3.StringUtils@chomp(java.lang.String):4228:171940:last != CharUtils.CR |==> true
1859:STD:<INC>:<NO-OP>:org.apache.commons.lang3.StringUtils@chomp(java.lang.String):4229:171971:lastIdx++; |==> <NO-OP>
1860:LVR:0:POS:org.apache.commons.lang3.StringUtils@chomp(java.lang.String):4231:172021:0 |==> 1
1861:LVR:0:NEG:org.apache.commons.lang3.StringUtils@chomp(java.lang.String):4231:172021:0 |==> -1
1862:ROR:==(java.lang.Object,java.lang.Object):FALSE(java.lang.Object,java.lang.Object):org.apache.commons.lang3.StringUtils@chomp(java.lang.String,java.lang.String):4261:173272:separator == null |==> false
1863:COR:||(boolean,boolean):!=(boolean,boolean):org.apache.commons.lang3.StringUtils@chomp(java.lang.String,java.lang.String):4261:173246:isEmpty(str) || separator == null |==> isEmpty(str) != (separator == null)
1864:COR:||(boolean,boolean):LHS(boolean,boolean):org.apache.commons.lang3.StringUtils@chomp(java.lang.String,java.lang.String):4261:173246:isEmpty(str) || separator == null |==> isEmpty(str)
1865:COR:||(boolean,boolean):RHS(boolean,boolean):org.apache.commons.lang3.StringUtils@chomp(java.lang.String,java.lang.String):4261:173262:isEmpty(str) || separator == null |==> separator == null
1866:COR:||(boolean,boolean):TRUE(boolean,boolean):org.apache.commons.lang3.StringUtils@chomp(java.lang.String,java.lang.String):4261:173259:isEmpty(str) || separator == null |==> true
1867:COR:<METHOD_INVOCATION(boolean)>:FALSE:org.apache.commons.lang3.StringUtils@chomp(java.lang.String,java.lang.String):4264:173341:str.endsWith(separator) |==> false
1868:COR:<METHOD_INVOCATION(boolean)>:TRUE:org.apache.commons.lang3.StringUtils@chomp(java.lang.String,java.lang.String):4264:173341:str.endsWith(separator) |==> true
1869:LVR:0:POS:org.apache.commons.lang3.StringUtils@chomp(java.lang.String,java.lang.String):4265:173389:0 |==> 1
1870:LVR:0:NEG:org.apache.commons.lang3.StringUtils@chomp(java.lang.String,java.lang.String):4265:173389:0 |==> -1
1871:AOR:-(int,int):%(int,int):org.apache.commons.lang3.StringUtils@chomp(java.lang.String,java.lang.String):4265:173392:str.length() - separator.length() |==> str.length() % separator.length()
1872:AOR:-(int,int):*(int,int):org.apache.commons.lang3.StringUtils@chomp(java.lang.String,java.lang.String):4265:173392:str.length() - separator.length() |==> str.length() * separator.length()
1873:AOR:-(int,int):+(int,int):org.apache.commons.lang3.StringUtils@chomp(java.lang.String,java.lang.String):4265:173392:str.length() - separator.length() |==> str.length() + separator.length()
1874:AOR:-(int,int):/(int,int):org.apache.commons.lang3.StringUtils@chomp(java.lang.String,java.lang.String):4265:173392:str.length() - separator.length() |==> str.length() / separator.length()
1875:ROR:==(java.lang.Object,java.lang.Object):FALSE(java.lang.Object,java.lang.Object):org.apache.commons.lang3.StringUtils@chop(java.lang.String):4296:174487:str == null |==> false
1876:LVR:POS:0:org.apache.commons.lang3.StringUtils@chop(java.lang.String):4300:174589:2 |==> 0
1877:LVR:POS:NEG:org.apache.commons.lang3.StringUtils@chop(java.lang.String):4300:174589:2 |==> -2
1878:ROR:<(int,int):!=(int,int):org.apache.commons.lang3.StringUtils@chop(java.lang.String):4300:174580:strLen < 2 |==> strLen != 2
1879:ROR:<(int,int):<=(int,int):org.apache.commons.lang3.StringUtils@chop(java.lang.String):4300:174580:strLen < 2 |==> strLen <= 2
1880:ROR:<(int,int):FALSE(int,int):org.apache.commons.lang3.StringUtils@chop(java.lang.String):4300:174587:strLen < 2 |==> false
1881:LVR:POS:0:org.apache.commons.lang3.StringUtils@chop(java.lang.String):4303:174661:1 |==> 0
1882:LVR:POS:NEG:org.apache.commons.lang3.StringUtils@chop(java.lang.String):4303:174661:1 |==> -1
1883:AOR:-(int,int):%(int,int):org.apache.commons.lang3.StringUtils@chop(java.lang.String):4303:174652:strLen - 1 |==> strLen % 1
1884:AOR:-(int,int):*(int,int):org.apache.commons.lang3.StringUtils@chop(java.lang.String):4303:174652:strLen - 1 |==> strLen * 1
1885:AOR:-(int,int):+(int,int):org.apache.commons.lang3.StringUtils@chop(java.lang.String):4303:174652:strLen - 1 |==> strLen + 1
1886:AOR:-(int,int):/(int,int):org.apache.commons.lang3.StringUtils@chop(java.lang.String):4303:174652:strLen - 1 |==> strLen / 1
1887:LVR:0:POS:org.apache.commons.lang3.StringUtils@chop(java.lang.String):4304:174699:0 |==> 1
1888:LVR:0:NEG:org.apache.commons.lang3.StringUtils@chop(java.lang.String):4304:174699:0 |==> -1
1889:ROR:==(int,int):<=(int,int):org.apache.commons.lang3.StringUtils@chop(java.lang.String):4306:174765:last == CharUtils.LF |==> last <= CharUtils.LF
1890:ROR:==(int,int):>=(int,int):org.apache.commons.lang3.StringUtils@chop(java.lang.String):4306:174765:last == CharUtils.LF |==> last >= CharUtils.LF
1891:ROR:==(int,int):FALSE(int,int):org.apache.commons.lang3.StringUtils@chop(java.lang.String):4306:174770:last == CharUtils.LF |==> false
1892:LVR:POS:0:org.apache.commons.lang3.StringUtils@chop(java.lang.String):4307:174826:1 |==> 0
1893:LVR:POS:NEG:org.apache.commons.lang3.StringUtils@chop(java.lang.String):4307:174826:1 |==> -1
1894:AOR:-(int,int):%(int,int):org.apache.commons.lang3.StringUtils@chop(java.lang.String):4307:174816:lastIdx - 1 |==> lastIdx % 1
1895:AOR:-(int,int):*(int,int):org.apache.commons.lang3.StringUtils@chop(java.lang.String):4307:174816:lastIdx - 1 |==> lastIdx * 1
1896:AOR:-(int,int):+(int,int):org.apache.commons.lang3.StringUtils@chop(java.lang.String):4307:174816:lastIdx - 1 |==> lastIdx + 1
1897:AOR:-(int,int):/(int,int):org.apache.commons.lang3.StringUtils@chop(java.lang.String):4307:174816:lastIdx - 1 |==> lastIdx / 1
1898:ROR:==(int,int):<=(int,int):org.apache.commons.lang3.StringUtils@chop(java.lang.String):4307:174805:ret.charAt(lastIdx - 1) == CharUtils.CR |==> ret.charAt(lastIdx - 1) <= CharUtils.CR
1899:ROR:==(int,int):>=(int,int):org.apache.commons.lang3.StringUtils@chop(java.lang.String):4307:174805:ret.charAt(lastIdx - 1) == CharUtils.CR |==> ret.charAt(lastIdx - 1) >= CharUtils.CR
1900:ROR:==(int,int):FALSE(int,int):org.apache.commons.lang3.StringUtils@chop(java.lang.String):4307:174829:ret.charAt(lastIdx - 1) == CharUtils.CR |==> false
1901:LVR:0:POS:org.apache.commons.lang3.StringUtils@chop(java.lang.String):4308:174885:0 |==> 1
1902:LVR:0:NEG:org.apache.commons.lang3.StringUtils@chop(java.lang.String):4308:174885:0 |==> -1
1903:LVR:POS:0:org.apache.commons.lang3.StringUtils@chop(java.lang.String):4308:174898:1 |==> 0
1904:LVR:POS:NEG:org.apache.commons.lang3.StringUtils@chop(java.lang.String):4308:174898:1 |==> -1
1905:AOR:-(int,int):%(int,int):org.apache.commons.lang3.StringUtils@chop(java.lang.String):4308:174888:lastIdx - 1 |==> lastIdx % 1
1906:AOR:-(int,int):*(int,int):org.apache.commons.lang3.StringUtils@chop(java.lang.String):4308:174888:lastIdx - 1 |==> lastIdx * 1
1907:AOR:-(int,int):+(int,int):org.apache.commons.lang3.StringUtils@chop(java.lang.String):4308:174888:lastIdx - 1 |==> lastIdx + 1
1908:AOR:-(int,int):/(int,int):org.apache.commons.lang3.StringUtils@chop(java.lang.String):4308:174888:lastIdx - 1 |==> lastIdx / 1
1909:ROR:==(java.lang.Object,java.lang.Object):FALSE(java.lang.Object,java.lang.Object):org.apache.commons.lang3.StringUtils@repeat(java.lang.String,int):4341:175923:str == null |==> false
1910:LVR:0:POS:org.apache.commons.lang3.StringUtils@repeat(java.lang.String,int):4344:175991:0 |==> 1
1911:LVR:0:NEG:org.apache.commons.lang3.StringUtils@repeat(java.lang.String,int):4344:175991:0 |==> -1
1912:ROR:<=(int,int):<(int,int):org.apache.commons.lang3.StringUtils@repeat(java.lang.String,int):4344:175981:repeat <= 0 |==> repeat < 0
1913:ROR:<=(int,int):==(int,int):org.apache.commons.lang3.StringUtils@repeat(java.lang.String,int):4344:175981:repeat <= 0 |==> repeat == 0
1914:ROR:<=(int,int):TRUE(int,int):org.apache.commons.lang3.StringUtils@repeat(java.lang.String,int):4344:175988:repeat <= 0 |==> true
1915:LVR:POS:0:org.apache.commons.lang3.StringUtils@repeat(java.lang.String,int):4348:176094:1 |==> 0
1916:LVR:POS:NEG:org.apache.commons.lang3.StringUtils@repeat(java.lang.String,int):4348:176094:1 |==> -1
1917:ROR:==(int,int):<=(int,int):org.apache.commons.lang3.StringUtils@repeat(java.lang.String,int):4348:176084:repeat == 1 |==> repeat <= 1
1918:ROR:==(int,int):>=(int,int):org.apache.commons.lang3.StringUtils@repeat(java.lang.String,int):4348:176084:repeat == 1 |==> repeat >= 1
1919:ROR:==(int,int):FALSE(int,int):org.apache.commons.lang3.StringUtils@repeat(java.lang.String,int):4348:176091:repeat == 1 |==> false
1920:LVR:0:POS:org.apache.commons.lang3.StringUtils@repeat(java.lang.String,int):4348:176114:0 |==> 1
1921:LVR:0:NEG:org.apache.commons.lang3.StringUtils@repeat(java.lang.String,int):4348:176114:0 |==> -1
1922:ROR:==(int,int):<=(int,int):org.apache.commons.lang3.StringUtils@repeat(java.lang.String,int):4348:176099:inputLength == 0 |==> inputLength <= 0
1923:ROR:==(int,int):>=(int,int):org.apache.commons.lang3.StringUtils@repeat(java.lang.String,int):4348:176099:inputLength == 0 |==> inputLength >= 0
1924:ROR:==(int,int):FALSE(int,int):org.apache.commons.lang3.StringUtils@repeat(java.lang.String,int):4348:176111:inputLength == 0 |==> false
1925:COR:||(boolean,boolean):!=(boolean,boolean):org.apache.commons.lang3.StringUtils@repeat(java.lang.String,int):4348:176084:repeat == 1 || inputLength == 0 |==> repeat == 1 != (inputLength == 0)
1926:COR:||(boolean,boolean):LHS(boolean,boolean):org.apache.commons.lang3.StringUtils@repeat(java.lang.String,int):4348:176084:repeat == 1 || inputLength == 0 |==> repeat == 1
1927:COR:||(boolean,boolean):RHS(boolean,boolean):org.apache.commons.lang3.StringUtils@repeat(java.lang.String,int):4348:176099:repeat == 1 || inputLength == 0 |==> inputLength == 0
1928:COR:||(boolean,boolean):TRUE(boolean,boolean):org.apache.commons.lang3.StringUtils@repeat(java.lang.String,int):4348:176096:repeat == 1 || inputLength == 0 |==> true
1929:LVR:POS:0:org.apache.commons.lang3.StringUtils@repeat(java.lang.String,int):4351:176180:1 |==> 0
1930:LVR:POS:NEG:org.apache.commons.lang3.StringUtils@repeat(java.lang.String,int):4351:176180:1 |==> -1
1931:ROR:==(int,int):<=(int,int):org.apache.commons.lang3.StringUtils@repeat(java.lang.String,int):4351:176165:inputLength == 1 |==> inputLength <= 1
1932:ROR:==(int,int):>=(int,int):org.apache.commons.lang3.StringUtils@repeat(java.lang.String,int):4351:176165:inputLength == 1 |==> inputLength >= 1
1933:ROR:==(int,int):FALSE(int,int):org.apache.commons.lang3.StringUtils@repeat(java.lang.String,int):4351:176177:inputLength == 1 |==> false
1934:ROR:<=(int,int):<(int,int):org.apache.commons.lang3.StringUtils@repeat(java.lang.String,int):4351:176185:repeat <= PAD_LIMIT |==> repeat < PAD_LIMIT
1935:ROR:<=(int,int):==(int,int):org.apache.commons.lang3.StringUtils@repeat(java.lang.String,int):4351:176185:repeat <= PAD_LIMIT |==> repeat == PAD_LIMIT
1936:ROR:<=(int,int):TRUE(int,int):org.apache.commons.lang3.StringUtils@repeat(java.lang.String,int):4351:176192:repeat <= PAD_LIMIT |==> true
1937:COR:&&(boolean,boolean):==(boolean,boolean):org.apache.commons.lang3.StringUtils@repeat(java.lang.String,int):4351:176165:inputLength == 1 && repeat <= PAD_LIMIT |==> inputLength == 1 == repeat <= PAD_LIMIT
1938:COR:&&(boolean,boolean):FALSE(boolean,boolean):org.apache.commons.lang3.StringUtils@repeat(java.lang.String,int):4351:176182:inputLength == 1 && repeat <= PAD_LIMIT |==> false
1939:COR:&&(boolean,boolean):LHS(boolean,boolean):org.apache.commons.lang3.StringUtils@repeat(java.lang.String,int):4351:176165:inputLength == 1 && repeat <= PAD_LIMIT |==> inputLength == 1
1940:COR:&&(boolean,boolean):RHS(boolean,boolean):org.apache.commons.lang3.StringUtils@repeat(java.lang.String,int):4351:176185:inputLength == 1 && repeat <= PAD_LIMIT |==> repeat <= PAD_LIMIT
1941:LVR:0:POS:org.apache.commons.lang3.StringUtils@repeat(java.lang.String,int):4352:176254:0 |==> 1
1942:LVR:0:NEG:org.apache.commons.lang3.StringUtils@repeat(java.lang.String,int):4352:176254:0 |==> -1
1943:AOR:*(int,int):%(int,int):org.apache.commons.lang3.StringUtils@repeat(java.lang.String,int):4355:176297:inputLength * repeat |==> inputLength % repeat
1944:AOR:*(int,int):+(int,int):org.apache.commons.lang3.StringUtils@repeat(java.lang.String,int):4355:176297:inputLength * repeat |==> inputLength + repeat
1945:AOR:*(int,int):-(int,int):org.apache.commons.lang3.StringUtils@repeat(java.lang.String,int):4355:176297:inputLength * repeat |==> inputLength - repeat
1946:AOR:*(int,int):/(int,int):org.apache.commons.lang3.StringUtils@repeat(java.lang.String,int):4355:176297:inputLength * repeat |==> inputLength / repeat
1947:LVR:0:POS:org.apache.commons.lang3.StringUtils@repeat(java.lang.String,int):4358:176408:0 |==> 1
1948:LVR:0:NEG:org.apache.commons.lang3.StringUtils@repeat(java.lang.String,int):4358:176408:0 |==> -1
1949:LVR:POS:0:org.apache.commons.lang3.StringUtils@repeat(java.lang.String,int):4360:176507:1 |==> 0
1950:LVR:POS:NEG:org.apache.commons.lang3.StringUtils@repeat(java.lang.String,int):4360:176507:1 |==> -1
1951:AOR:-(int,int):%(int,int):org.apache.commons.lang3.StringUtils@repeat(java.lang.String,int):4360:176498:repeat - 1 |==> repeat % 1
1952:AOR:-(int,int):*(int,int):org.apache.commons.lang3.StringUtils@repeat(java.lang.String,int):4360:176498:repeat - 1 |==> repeat * 1
1953:AOR:-(int,int):+(int,int):org.apache.commons.lang3.StringUtils@repeat(java.lang.String,int):4360:176498:repeat - 1 |==> repeat + 1
1954:AOR:-(int,int):/(int,int):org.apache.commons.lang3.StringUtils@repeat(java.lang.String,int):4360:176498:repeat - 1 |==> repeat / 1
1955:LVR:0:POS:org.apache.commons.lang3.StringUtils@repeat(java.lang.String,int):4360:176515:0 |==> 1
1956:LVR:0:NEG:org.apache.commons.lang3.StringUtils@repeat(java.lang.String,int):4360:176515:0 |==> -1
1957:ROR:>=(int,int):==(int,int):org.apache.commons.lang3.StringUtils@repeat(java.lang.String,int):4360:176510:i >= 0 |==> i == 0
1958:ROR:>=(int,int):>(int,int):org.apache.commons.lang3.StringUtils@repeat(java.lang.String,int):4360:176510:i >= 0 |==> i > 0
1959:ROR:>=(int,int):TRUE(int,int):org.apache.commons.lang3.StringUtils@repeat(java.lang.String,int):4360:176512:i >= 0 |==> true
1960:STD:<ASSIGN>:<NO-OP>:org.apache.commons.lang3.StringUtils@repeat(java.lang.String,int):4361:176545:output1[i] = ch; |==> <NO-OP>
1961:LVR:0:POS:org.apache.commons.lang3.StringUtils@repeat(java.lang.String,int):4365:176683:0 |==> 1
1962:LVR:0:NEG:org.apache.commons.lang3.StringUtils@repeat(java.lang.String,int):4365:176683:0 |==> -1
1963:LVR:POS:0:org.apache.commons.lang3.StringUtils@repeat(java.lang.String,int):4366:176725:1 |==> 0
1964:LVR:POS:NEG:org.apache.commons.lang3.StringUtils@repeat(java.lang.String,int):4366:176725:1 |==> -1
1965:LVR:POS:0:org.apache.commons.lang3.StringUtils@repeat(java.lang.String,int):4368:176824:2 |==> 0
1966:LVR:POS:NEG:org.apache.commons.lang3.StringUtils@repeat(java.lang.String,int):4368:176824:2 |==> -2
1967:AOR:*(int,int):%(int,int):org.apache.commons.lang3.StringUtils@repeat(java.lang.String,int):4368:176815:repeat * 2 |==> repeat % 2
1968:AOR:*(int,int):+(int,int):org.apache.commons.lang3.StringUtils@repeat(java.lang.String,int):4368:176815:repeat * 2 |==> repeat + 2
1969:AOR:*(int,int):-(int,int):org.apache.commons.lang3.StringUtils@repeat(java.lang.String,int):4368:176815:repeat * 2 |==> repeat - 2
1970:AOR:*(int,int):/(int,int):org.apache.commons.lang3.StringUtils@repeat(java.lang.String,int):4368:176815:repeat * 2 |==> repeat / 2
1971:LVR:POS:0:org.apache.commons.lang3.StringUtils@repeat(java.lang.String,int):4368:176828:2 |==> 0
1972:LVR:POS:NEG:org.apache.commons.lang3.StringUtils@repeat(java.lang.String,int):4368:176828:2 |==> -2
1973:AOR:-(int,int):%(int,int):org.apache.commons.lang3.StringUtils@repeat(java.lang.String,int):4368:176815:repeat * 2 - 2 |==> repeat * 2 % 2
1974:AOR:-(int,int):*(int,int):org.apache.commons.lang3.StringUtils@repeat(java.lang.String,int):4368:176815:repeat * 2 - 2 |==> repeat * 2 * 2
1975:AOR:-(int,int):+(int,int):org.apache.commons.lang3.StringUtils@repeat(java.lang.String,int):4368:176815:repeat * 2 - 2 |==> repeat * 2 + 2
1976:AOR:-(int,int):/(int,int):org.apache.commons.lang3.StringUtils@repeat(java.lang.String,int):4368:176815:repeat * 2 - 2 |==> repeat * 2 / 2
1977:LVR:0:POS:org.apache.commons.lang3.StringUtils@repeat(java.lang.String,int):4368:176836:0 |==> 1
1978:LVR:0:NEG:org.apache.commons.lang3.StringUtils@repeat(java.lang.String,int):4368:176836:0 |==> -1
1979:ROR:>=(int,int):==(int,int):org.apache.commons.lang3.StringUtils@repeat(java.lang.String,int):4368:176831:i >= 0 |==> i == 0
1980:ROR:>=(int,int):>(int,int):org.apache.commons.lang3.StringUtils@repeat(java.lang.String,int):4368:176831:i >= 0 |==> i > 0
1981:ROR:>=(int,int):TRUE(int,int):org.apache.commons.lang3.StringUtils@repeat(java.lang.String,int):4368:176833:i >= 0 |==> true
1982:STD:<ASSIGN>:<NO-OP>:org.apache.commons.lang3.StringUtils@repeat(java.lang.String,int):4369:176871:output2[i] = ch0; |==> <NO-OP>
1983:LVR:POS:0:org.apache.commons.lang3.StringUtils@repeat(java.lang.String,int):4370:176921:1 |==> 0
1984:LVR:POS:NEG:org.apache.commons.lang3.StringUtils@repeat(java.lang.String,int):4370:176921:1 |==> -1
1985:AOR:+(int,int):%(int,int):org.apache.commons.lang3.StringUtils@repeat(java.lang.String,int):4370:176917:i + 1 |==> i % 1
1986:AOR:+(int,int):*(int,int):org.apache.commons.lang3.StringUtils@repeat(java.lang.String,int):4370:176917:i + 1 |==> i * 1
1987:AOR:+(int,int):-(int,int):org.apache.commons.lang3.StringUtils@repeat(java.lang.String,int):4370:176917:i + 1 |==> i - 1
1988:AOR:+(int,int):/(int,int):org.apache.commons.lang3.StringUtils@repeat(java.lang.String,int):4370:176917:i + 1 |==> i / 1
1989:STD:<ASSIGN>:<NO-OP>:org.apache.commons.lang3.StringUtils@repeat(java.lang.String,int):4370:176909:output2[i + 1] = ch1; |==> <NO-OP>
1990:LVR:0:POS:org.apache.commons.lang3.StringUtils@repeat(java.lang.String,int):4375:177113:0 |==> 1
1991:LVR:0:NEG:org.apache.commons.lang3.StringUtils@repeat(java.lang.String,int):4375:177113:0 |==> -1
1992:ROR:<(int,int):!=(int,int):org.apache.commons.lang3.StringUtils@repeat(java.lang.String,int):4375:177116:i < repeat |==> i != repeat
1993:ROR:<(int,int):<=(int,int):org.apache.commons.lang3.StringUtils@repeat(java.lang.String,int):4375:177116:i < repeat |==> i <= repeat
1994:ROR:<(int,int):FALSE(int,int):org.apache.commons.lang3.StringUtils@repeat(java.lang.String,int):4375:177118:i < repeat |==> false
1995:STD:<CALL>:<NO-OP>:org.apache.commons.lang3.StringUtils@repeat(java.lang.String,int):4376:177155:buf.append(str); |==> <NO-OP>
1996:ROR:==(java.lang.Object,java.lang.Object):FALSE(java.lang.Object,java.lang.Object):org.apache.commons.lang3.StringUtils@repeat(java.lang.String,java.lang.String,int):4402:178132:str == null |==> false
1997:ROR:==(java.lang.Object,java.lang.Object):FALSE(java.lang.Object,java.lang.Object):org.apache.commons.lang3.StringUtils@repeat(java.lang.String,java.lang.String,int):4402:178153:separator == null |==> false
1998:COR:||(boolean,boolean):!=(boolean,boolean):org.apache.commons.lang3.StringUtils@repeat(java.lang.String,java.lang.String,int):4402:178128:str == null || separator == null |==> str == null != (separator == null)
1999:COR:||(boolean,boolean):LHS(boolean,boolean):org.apache.commons.lang3.StringUtils@repeat(java.lang.String,java.lang.String,int):4402:178128:str == null || separator == null |==> str == null
2000:COR:||(boolean,boolean):RHS(boolean,boolean):org.apache.commons.lang3.StringUtils@repeat(java.lang.String,java.lang.String,int):4402:178143:str == null || separator == null |==> separator == null
2001:COR:||(boolean,boolean):TRUE(boolean,boolean):org.apache.commons.lang3.StringUtils@repeat(java.lang.String,java.lang.String,int):4402:178140:str == null || separator == null |==> true
2002:LVR:0:POS:org.apache.commons.lang3.StringUtils@padding(int,char):4435:179523:0 |==> 1
2003:LVR:0:NEG:org.apache.commons.lang3.StringUtils@padding(int,char):4435:179523:0 |==> -1
2004:ROR:<(int,int):!=(int,int):org.apache.commons.lang3.StringUtils@padding(int,char):4435:179514:repeat < 0 |==> repeat != 0
2005:ROR:<(int,int):<=(int,int):org.apache.commons.lang3.StringUtils@padding(int,char):4435:179514:repeat < 0 |==> repeat <= 0
2006:ROR:<(int,int):FALSE(int,int):org.apache.commons.lang3.StringUtils@padding(int,char):4435:179521:repeat < 0 |==> false
2007:LVR:0:POS:org.apache.commons.lang3.StringUtils@padding(int,char):4439:179696:0 |==> 1
2008:LVR:0:NEG:org.apache.commons.lang3.StringUtils@padding(int,char):4439:179696:0 |==> -1
2009:ROR:<(int,int):<=(int,int):org.apache.commons.lang3.StringUtils@padding(int,char):4439:179699:i < buf.length |==> i <= buf.length
2010:ROR:<(int,int):FALSE(int,int):org.apache.commons.lang3.StringUtils@padding(int,char):4439:179701:i < buf.length |==> false
2011:STD:<ASSIGN>:<NO-OP>:org.apache.commons.lang3.StringUtils@padding(int,char):4440:179734:buf[i] = padChar; |==> <NO-OP>
2012:ROR:==(java.lang.Object,java.lang.Object):FALSE(java.lang.Object,java.lang.Object):org.apache.commons.lang3.StringUtils@rightPad(java.lang.String,int,char):4490:181481:str == null |==> false
2013:AOR:-(int,int):%(int,int):org.apache.commons.lang3.StringUtils@rightPad(java.lang.String,int,char):4493:181546:size - str.length() |==> size % str.length()
2014:AOR:-(int,int):*(int,int):org.apache.commons.lang3.StringUtils@rightPad(java.lang.String,int,char):4493:181546:size - str.length() |==> size * str.length()
2015:AOR:-(int,int):+(int,int):org.apache.commons.lang3.StringUtils@rightPad(java.lang.String,int,char):4493:181546:size - str.length() |==> size + str.length()
2016:AOR:-(int,int):/(int,int):org.apache.commons.lang3.StringUtils@rightPad(java.lang.String,int,char):4493:181546:size - str.length() |==> size / str.length()
2017:LVR:0:POS:org.apache.commons.lang3.StringUtils@rightPad(java.lang.String,int,char):4494:181587:0 |==> 1
2018:LVR:0:NEG:org.apache.commons.lang3.StringUtils@rightPad(java.lang.String,int,char):4494:181587:0 |==> -1
2019:ROR:<=(int,int):<(int,int):org.apache.commons.lang3.StringUtils@rightPad(java.lang.String,int,char):4494:181579:pads <= 0 |==> pads < 0
2020:ROR:<=(int,int):==(int,int):org.apache.commons.lang3.StringUtils@rightPad(java.lang.String,int,char):4494:181579:pads <= 0 |==> pads == 0
2021:ROR:<=(int,int):TRUE(int,int):org.apache.commons.lang3.StringUtils@rightPad(java.lang.String,int,char):4494:181584:pads <= 0 |==> true
2022:ROR:>(int,int):!=(int,int):org.apache.commons.lang3.StringUtils@rightPad(java.lang.String,int,char):4497:181679:pads > PAD_LIMIT |==> pads != PAD_LIMIT
2023:ROR:>(int,int):>=(int,int):org.apache.commons.lang3.StringUtils@rightPad(java.lang.String,int,char):4497:181679:pads > PAD_LIMIT |==> pads >= PAD_LIMIT
2024:ROR:>(int,int):FALSE(int,int):org.apache.commons.lang3.StringUtils@rightPad(java.lang.String,int,char):4497:181684:pads > PAD_LIMIT |==> false
2025:ROR:==(java.lang.Object,java.lang.Object):FALSE(java.lang.Object,java.lang.Object):org.apache.commons.lang3.StringUtils@rightPad(java.lang.String,int,java.lang.String):4527:182905:str == null |==> false
2026:COR:<METHOD_INVOCATION(boolean)>:FALSE:org.apache.commons.lang3.StringUtils@rightPad(java.lang.String,int,java.lang.String):4530:182970:isEmpty(padStr) |==> false
2027:COR:<METHOD_INVOCATION(boolean)>:TRUE:org.apache.commons.lang3.StringUtils@rightPad(java.lang.String,int,java.lang.String):4530:182970:isEmpty(padStr) |==> true
2028:STD:<ASSIGN>:<NO-OP>:org.apache.commons.lang3.StringUtils@rightPad(java.lang.String,int,java.lang.String):4531:182994:padStr = " "; |==> <NO-OP>
2029:AOR:-(int,int):%(int,int):org.apache.commons.lang3.StringUtils@rightPad(java.lang.String,int,java.lang.String):4535:183110:size - strLen |==> size % strLen
2030:AOR:-(int,int):*(int,int):org.apache.commons.lang3.StringUtils@rightPad(java.lang.String,int,java.lang.String):4535:183110:size - strLen |==> size * strLen
2031:AOR:-(int,int):+(int,int):org.apache.commons.lang3.StringUtils@rightPad(java.lang.String,int,java.lang.String):4535:183110:size - strLen |==> size + strLen
2032:AOR:-(int,int):/(int,int):org.apache.commons.lang3.StringUtils@rightPad(java.lang.String,int,java.lang.String):4535:183110:size - strLen |==> size / strLen
2033:LVR:0:POS:org.apache.commons.lang3.StringUtils@rightPad(java.lang.String,int,java.lang.String):4536:183145:0 |==> 1
2034:LVR:0:NEG:org.apache.commons.lang3.StringUtils@rightPad(java.lang.String,int,java.lang.String):4536:183145:0 |==> -1
2035:ROR:<=(int,int):<(int,int):org.apache.commons.lang3.StringUtils@rightPad(java.lang.String,int,java.lang.String):4536:183137:pads <= 0 |==> pads < 0
2036:ROR:<=(int,int):==(int,int):org.apache.commons.lang3.StringUtils@rightPad(java.lang.String,int,java.lang.String):4536:183137:pads <= 0 |==> pads == 0
2037:ROR:<=(int,int):TRUE(int,int):org.apache.commons.lang3.StringUtils@rightPad(java.lang.String,int,java.lang.String):4536:183142:pads <= 0 |==> true
2038:LVR:POS:0:org.apache.commons.lang3.StringUtils@rightPad(java.lang.String,int,java.lang.String):4539:183247:1 |==> 0
2039:LVR:POS:NEG:org.apache.commons.lang3.StringUtils@rightPad(java.lang.String,int,java.lang.String):4539:183247:1 |==> -1
2040:ROR:==(int,int):<=(int,int):org.apache.commons.lang3.StringUtils@rightPad(java.lang.String,int,java.lang.String):4539:183237:padLen == 1 |==> padLen <= 1
2041:ROR:==(int,int):>=(int,int):org.apache.commons.lang3.StringUtils@rightPad(java.lang.String,int,java.lang.String):4539:183237:padLen == 1 |==> padLen >= 1
2042:ROR:==(int,int):FALSE(int,int):org.apache.commons.lang3.StringUtils@rightPad(java.lang.String,int,java.lang.String):4539:183244:padLen == 1 |==> false
2043:ROR:<=(int,int):<(int,int):org.apache.commons.lang3.StringUtils@rightPad(java.lang.String,int,java.lang.String):4539:183252:pads <= PAD_LIMIT |==> pads < PAD_LIMIT
2044:ROR:<=(int,int):==(int,int):org.apache.commons.lang3.StringUtils@rightPad(java.lang.String,int,java.lang.String):4539:183252:pads <= PAD_LIMIT |==> pads == PAD_LIMIT
2045:ROR:<=(int,int):TRUE(int,int):org.apache.commons.lang3.StringUtils@rightPad(java.lang.String,int,java.lang.String):4539:183257:pads <= PAD_LIMIT |==> true
2046:COR:&&(boolean,boolean):==(boolean,boolean):org.apache.commons.lang3.StringUtils@rightPad(java.lang.String,int,java.lang.String):4539:183237:padLen == 1 && pads <= PAD_LIMIT |==> padLen == 1 == pads <= PAD_LIMIT
2047:COR:&&(boolean,boolean):FALSE(boolean,boolean):org.apache.commons.lang3.StringUtils@rightPad(java.lang.String,int,java.lang.String):4539:183249:padLen == 1 && pads <= PAD_LIMIT |==> false
2048:COR:&&(boolean,boolean):LHS(boolean,boolean):org.apache.commons.lang3.StringUtils@rightPad(java.lang.String,int,java.lang.String):4539:183237:padLen == 1 && pads <= PAD_LIMIT |==> padLen == 1
2049:COR:&&(boolean,boolean):RHS(boolean,boolean):org.apache.commons.lang3.StringUtils@rightPad(java.lang.String,int,java.lang.String):4539:183252:padLen == 1 && pads <= PAD_LIMIT |==> pads <= PAD_LIMIT
2050:LVR:0:POS:org.apache.commons.lang3.StringUtils@rightPad(java.lang.String,int,java.lang.String):4540:183326:0 |==> 1
2051:LVR:0:NEG:org.apache.commons.lang3.StringUtils@rightPad(java.lang.String,int,java.lang.String):4540:183326:0 |==> -1
2052:ROR:==(int,int):<=(int,int):org.apache.commons.lang3.StringUtils@rightPad(java.lang.String,int,java.lang.String):4543:183354:pads == padLen |==> pads <= padLen
2053:ROR:==(int,int):>=(int,int):org.apache.commons.lang3.StringUtils@rightPad(java.lang.String,int,java.lang.String):4543:183354:pads == padLen |==> pads >= padLen
2054:ROR:==(int,int):FALSE(int,int):org.apache.commons.lang3.StringUtils@rightPad(java.lang.String,int,java.lang.String):4543:183359:pads == padLen |==> false
2055:ROR:<(int,int):!=(int,int):org.apache.commons.lang3.StringUtils@rightPad(java.lang.String,int,java.lang.String):4545:183430:pads < padLen |==> pads != padLen
2056:ROR:<(int,int):<=(int,int):org.apache.commons.lang3.StringUtils@rightPad(java.lang.String,int,java.lang.String):4545:183430:pads < padLen |==> pads <= padLen
2057:ROR:<(int,int):FALSE(int,int):org.apache.commons.lang3.StringUtils@rightPad(java.lang.String,int,java.lang.String):4545:183435:pads < padLen |==> false
2058:LVR:0:POS:org.apache.commons.lang3.StringUtils@rightPad(java.lang.String,int,java.lang.String):4546:183494:0 |==> 1
2059:LVR:0:NEG:org.apache.commons.lang3.StringUtils@rightPad(java.lang.String,int,java.lang.String):4546:183494:0 |==> -1
2060:LVR:0:POS:org.apache.commons.lang3.StringUtils@rightPad(java.lang.String,int,java.lang.String):4550:183644:0 |==> 1
2061:LVR:0:NEG:org.apache.commons.lang3.StringUtils@rightPad(java.lang.String,int,java.lang.String):4550:183644:0 |==> -1
2062:ROR:<(int,int):!=(int,int):org.apache.commons.lang3.StringUtils@rightPad(java.lang.String,int,java.lang.String):4550:183647:i < pads |==> i != pads
2063:ROR:<(int,int):<=(int,int):org.apache.commons.lang3.StringUtils@rightPad(java.lang.String,int,java.lang.String):4550:183647:i < pads |==> i <= pads
2064:ROR:<(int,int):FALSE(int,int):org.apache.commons.lang3.StringUtils@rightPad(java.lang.String,int,java.lang.String):4550:183649:i < pads |==> false
2065:AOR:%(int,int):*(int,int):org.apache.commons.lang3.StringUtils@rightPad(java.lang.String,int,java.lang.String):4551:183702:i % padLen |==> i * padLen
2066:AOR:%(int,int):+(int,int):org.apache.commons.lang3.StringUtils@rightPad(java.lang.String,int,java.lang.String):4551:183702:i % padLen |==> i + padLen
2067:AOR:%(int,int):-(int,int):org.apache.commons.lang3.StringUtils@rightPad(java.lang.String,int,java.lang.String):4551:183702:i % padLen |==> i - padLen
2068:AOR:%(int,int):/(int,int):org.apache.commons.lang3.StringUtils@rightPad(java.lang.String,int,java.lang.String):4551:183702:i % padLen |==> i / padLen
2069:STD:<ASSIGN>:<NO-OP>:org.apache.commons.lang3.StringUtils@rightPad(java.lang.String,int,java.lang.String):4551:183680:padding[i] = padChars[i % padLen]; |==> <NO-OP>
2070:ROR:==(java.lang.Object,java.lang.Object):FALSE(java.lang.Object,java.lang.Object):org.apache.commons.lang3.StringUtils@leftPad(java.lang.String,int,char):4602:185440:str == null |==> false
2071:AOR:-(int,int):%(int,int):org.apache.commons.lang3.StringUtils@leftPad(java.lang.String,int,char):4605:185505:size - str.length() |==> size % str.length()
2072:AOR:-(int,int):*(int,int):org.apache.commons.lang3.StringUtils@leftPad(java.lang.String,int,char):4605:185505:size - str.length() |==> size * str.length()
2073:AOR:-(int,int):+(int,int):org.apache.commons.lang3.StringUtils@leftPad(java.lang.String,int,char):4605:185505:size - str.length() |==> size + str.length()
2074:AOR:-(int,int):/(int,int):org.apache.commons.lang3.StringUtils@leftPad(java.lang.String,int,char):4605:185505:size - str.length() |==> size / str.length()
2075:LVR:0:POS:org.apache.commons.lang3.StringUtils@leftPad(java.lang.String,int,char):4606:185546:0 |==> 1
2076:LVR:0:NEG:org.apache.commons.lang3.StringUtils@leftPad(java.lang.String,int,char):4606:185546:0 |==> -1
2077:ROR:<=(int,int):<(int,int):org.apache.commons.lang3.StringUtils@leftPad(java.lang.String,int,char):4606:185538:pads <= 0 |==> pads < 0
2078:ROR:<=(int,int):==(int,int):org.apache.commons.lang3.StringUtils@leftPad(java.lang.String,int,char):4606:185538:pads <= 0 |==> pads == 0
2079:ROR:<=(int,int):TRUE(int,int):org.apache.commons.lang3.StringUtils@leftPad(java.lang.String,int,char):4606:185543:pads <= 0 |==> true
2080:ROR:>(int,int):!=(int,int):org.apache.commons.lang3.StringUtils@leftPad(java.lang.String,int,char):4609:185638:pads > PAD_LIMIT |==> pads != PAD_LIMIT
2081:ROR:>(int,int):>=(int,int):org.apache.commons.lang3.StringUtils@leftPad(java.lang.String,int,char):4609:185638:pads > PAD_LIMIT |==> pads >= PAD_LIMIT
2082:ROR:>(int,int):FALSE(int,int):org.apache.commons.lang3.StringUtils@leftPad(java.lang.String,int,char):4609:185643:pads > PAD_LIMIT |==> false
2083:ROR:==(java.lang.Object,java.lang.Object):FALSE(java.lang.Object,java.lang.Object):org.apache.commons.lang3.StringUtils@leftPad(java.lang.String,int,java.lang.String):4639:186832:str == null |==> false
2084:COR:<METHOD_INVOCATION(boolean)>:FALSE:org.apache.commons.lang3.StringUtils@leftPad(java.lang.String,int,java.lang.String):4642:186897:isEmpty(padStr) |==> false
2085:COR:<METHOD_INVOCATION(boolean)>:TRUE:org.apache.commons.lang3.StringUtils@leftPad(java.lang.String,int,java.lang.String):4642:186897:isEmpty(padStr) |==> true
2086:STD:<ASSIGN>:<NO-OP>:org.apache.commons.lang3.StringUtils@leftPad(java.lang.String,int,java.lang.String):4643:186921:padStr = " "; |==> <NO-OP>
2087:AOR:-(int,int):%(int,int):org.apache.commons.lang3.StringUtils@leftPad(java.lang.String,int,java.lang.String):4647:187037:size - strLen |==> size % strLen
2088:AOR:-(int,int):*(int,int):org.apache.commons.lang3.StringUtils@leftPad(java.lang.String,int,java.lang.String):4647:187037:size - strLen |==> size * strLen
2089:AOR:-(int,int):+(int,int):org.apache.commons.lang3.StringUtils@leftPad(java.lang.String,int,java.lang.String):4647:187037:size - strLen |==> size + strLen
2090:AOR:-(int,int):/(int,int):org.apache.commons.lang3.StringUtils@leftPad(java.lang.String,int,java.lang.String):4647:187037:size - strLen |==> size / strLen
2091:LVR:0:POS:org.apache.commons.lang3.StringUtils@leftPad(java.lang.String,int,java.lang.String):4648:187072:0 |==> 1
2092:LVR:0:NEG:org.apache.commons.lang3.StringUtils@leftPad(java.lang.String,int,java.lang.String):4648:187072:0 |==> -1
2093:ROR:<=(int,int):<(int,int):org.apache.commons.lang3.StringUtils@leftPad(java.lang.String,int,java.lang.String):4648:187064:pads <= 0 |==> pads < 0
2094:ROR:<=(int,int):==(int,int):org.apache.commons.lang3.StringUtils@leftPad(java.lang.String,int,java.lang.String):4648:187064:pads <= 0 |==> pads == 0
2095:ROR:<=(int,int):TRUE(int,int):org.apache.commons.lang3.StringUtils@leftPad(java.lang.String,int,java.lang.String):4648:187069:pads <= 0 |==> true
2096:LVR:POS:0:org.apache.commons.lang3.StringUtils@leftPad(java.lang.String,int,java.lang.String):4651:187174:1 |==> 0
2097:LVR:POS:NEG:org.apache.commons.lang3.StringUtils@leftPad(java.lang.String,int,java.lang.String):4651:187174:1 |==> -1
2098:ROR:==(int,int):<=(int,int):org.apache.commons.lang3.StringUtils@leftPad(java.lang.String,int,java.lang.String):4651:187164:padLen == 1 |==> padLen <= 1
2099:ROR:==(int,int):>=(int,int):org.apache.commons.lang3.StringUtils@leftPad(java.lang.String,int,java.lang.String):4651:187164:padLen == 1 |==> padLen >= 1
2100:ROR:==(int,int):FALSE(int,int):org.apache.commons.lang3.StringUtils@leftPad(java.lang.String,int,java.lang.String):4651:187171:padLen == 1 |==> false
2101:ROR:<=(int,int):<(int,int):org.apache.commons.lang3.StringUtils@leftPad(java.lang.String,int,java.lang.String):4651:187179:pads <= PAD_LIMIT |==> pads < PAD_LIMIT
2102:ROR:<=(int,int):==(int,int):org.apache.commons.lang3.StringUtils@leftPad(java.lang.String,int,java.lang.String):4651:187179:pads <= PAD_LIMIT |==> pads == PAD_LIMIT
2103:ROR:<=(int,int):TRUE(int,int):org.apache.commons.lang3.StringUtils@leftPad(java.lang.String,int,java.lang.String):4651:187184:pads <= PAD_LIMIT |==> true
2104:COR:&&(boolean,boolean):==(boolean,boolean):org.apache.commons.lang3.StringUtils@leftPad(java.lang.String,int,java.lang.String):4651:187164:padLen == 1 && pads <= PAD_LIMIT |==> padLen == 1 == pads <= PAD_LIMIT
2105:COR:&&(boolean,boolean):FALSE(boolean,boolean):org.apache.commons.lang3.StringUtils@leftPad(java.lang.String,int,java.lang.String):4651:187176:padLen == 1 && pads <= PAD_LIMIT |==> false
2106:COR:&&(boolean,boolean):LHS(boolean,boolean):org.apache.commons.lang3.StringUtils@leftPad(java.lang.String,int,java.lang.String):4651:187164:padLen == 1 && pads <= PAD_LIMIT |==> padLen == 1
2107:COR:&&(boolean,boolean):RHS(boolean,boolean):org.apache.commons.lang3.StringUtils@leftPad(java.lang.String,int,java.lang.String):4651:187179:padLen == 1 && pads <= PAD_LIMIT |==> pads <= PAD_LIMIT
2108:LVR:0:POS:org.apache.commons.lang3.StringUtils@leftPad(java.lang.String,int,java.lang.String):4652:187252:0 |==> 1
2109:LVR:0:NEG:org.apache.commons.lang3.StringUtils@leftPad(java.lang.String,int,java.lang.String):4652:187252:0 |==> -1
2110:ROR:==(int,int):<=(int,int):org.apache.commons.lang3.StringUtils@leftPad(java.lang.String,int,java.lang.String):4655:187280:pads == padLen |==> pads <= padLen
2111:ROR:==(int,int):>=(int,int):org.apache.commons.lang3.StringUtils@leftPad(java.lang.String,int,java.lang.String):4655:187280:pads == padLen |==> pads >= padLen
2112:ROR:==(int,int):FALSE(int,int):org.apache.commons.lang3.StringUtils@leftPad(java.lang.String,int,java.lang.String):4655:187285:pads == padLen |==> false
2113:ROR:<(int,int):!=(int,int):org.apache.commons.lang3.StringUtils@leftPad(java.lang.String,int,java.lang.String):4657:187356:pads < padLen |==> pads != padLen
2114:ROR:<(int,int):<=(int,int):org.apache.commons.lang3.StringUtils@leftPad(java.lang.String,int,java.lang.String):4657:187356:pads < padLen |==> pads <= padLen
2115:ROR:<(int,int):FALSE(int,int):org.apache.commons.lang3.StringUtils@leftPad(java.lang.String,int,java.lang.String):4657:187361:pads < padLen |==> false
2116:LVR:0:POS:org.apache.commons.lang3.StringUtils@leftPad(java.lang.String,int,java.lang.String):4658:187409:0 |==> 1
2117:LVR:0:NEG:org.apache.commons.lang3.StringUtils@leftPad(java.lang.String,int,java.lang.String):4658:187409:0 |==> -1
2118:LVR:0:POS:org.apache.commons.lang3.StringUtils@leftPad(java.lang.String,int,java.lang.String):4662:187570:0 |==> 1
2119:LVR:0:NEG:org.apache.commons.lang3.StringUtils@leftPad(java.lang.String,int,java.lang.String):4662:187570:0 |==> -1
2120:ROR:<(int,int):!=(int,int):org.apache.commons.lang3.StringUtils@leftPad(java.lang.String,int,java.lang.String):4662:187573:i < pads |==> i != pads
2121:ROR:<(int,int):<=(int,int):org.apache.commons.lang3.StringUtils@leftPad(java.lang.String,int,java.lang.String):4662:187573:i < pads |==> i <= pads
2122:ROR:<(int,int):FALSE(int,int):org.apache.commons.lang3.StringUtils@leftPad(java.lang.String,int,java.lang.String):4662:187575:i < pads |==> false
2123:AOR:%(int,int):*(int,int):org.apache.commons.lang3.StringUtils@leftPad(java.lang.String,int,java.lang.String):4663:187628:i % padLen |==> i * padLen
2124:AOR:%(int,int):+(int,int):org.apache.commons.lang3.StringUtils@leftPad(java.lang.String,int,java.lang.String):4663:187628:i % padLen |==> i + padLen
2125:AOR:%(int,int):-(int,int):org.apache.commons.lang3.StringUtils@leftPad(java.lang.String,int,java.lang.String):4663:187628:i % padLen |==> i - padLen
2126:AOR:%(int,int):/(int,int):org.apache.commons.lang3.StringUtils@leftPad(java.lang.String,int,java.lang.String):4663:187628:i % padLen |==> i / padLen
2127:STD:<ASSIGN>:<NO-OP>:org.apache.commons.lang3.StringUtils@leftPad(java.lang.String,int,java.lang.String):4663:187606:padding[i] = padChars[i % padLen]; |==> <NO-OP>
2128:ROR:==(java.lang.Object,java.lang.Object):FALSE(java.lang.Object,java.lang.Object):org.apache.commons.lang3.StringUtils@center(java.lang.String,int,char):4738:190394:str == null |==> false
2129:LVR:0:POS:org.apache.commons.lang3.StringUtils@center(java.lang.String,int,char):4738:190413:0 |==> 1
2130:LVR:0:NEG:org.apache.commons.lang3.StringUtils@center(java.lang.String,int,char):4738:190413:0 |==> -1
2131:ROR:<=(int,int):<(int,int):org.apache.commons.lang3.StringUtils@center(java.lang.String,int,char):4738:190405:size <= 0 |==> size < 0
2132:ROR:<=(int,int):==(int,int):org.apache.commons.lang3.StringUtils@center(java.lang.String,int,char):4738:190405:size <= 0 |==> size == 0
2133:ROR:<=(int,int):TRUE(int,int):org.apache.commons.lang3.StringUtils@center(java.lang.String,int,char):4738:190410:size <= 0 |==> true
2134:COR:||(boolean,boolean):!=(boolean,boolean):org.apache.commons.lang3.StringUtils@center(java.lang.String,int,char):4738:190390:str == null || size <= 0 |==> str == null != size <= 0
2135:COR:||(boolean,boolean):LHS(boolean,boolean):org.apache.commons.lang3.StringUtils@center(java.lang.String,int,char):4738:190390:str == null || size <= 0 |==> str == null
2136:COR:||(boolean,boolean):RHS(boolean,boolean):org.apache.commons.lang3.StringUtils@center(java.lang.String,int,char):4738:190405:str == null || size <= 0 |==> size <= 0
2137:COR:||(boolean,boolean):TRUE(boolean,boolean):org.apache.commons.lang3.StringUtils@center(java.lang.String,int,char):4738:190402:str == null || size <= 0 |==> true
2138:AOR:-(int,int):%(int,int):org.apache.commons.lang3.StringUtils@center(java.lang.String,int,char):4742:190506:size - strLen |==> size % strLen
2139:AOR:-(int,int):*(int,int):org.apache.commons.lang3.StringUtils@center(java.lang.String,int,char):4742:190506:size - strLen |==> size * strLen
2140:AOR:-(int,int):+(int,int):org.apache.commons.lang3.StringUtils@center(java.lang.String,int,char):4742:190506:size - strLen |==> size + strLen
2141:AOR:-(int,int):/(int,int):org.apache.commons.lang3.StringUtils@center(java.lang.String,int,char):4742:190506:size - strLen |==> size / strLen
2142:LVR:0:POS:org.apache.commons.lang3.StringUtils@center(java.lang.String,int,char):4743:190541:0 |==> 1
2143:LVR:0:NEG:org.apache.commons.lang3.StringUtils@center(java.lang.String,int,char):4743:190541:0 |==> -1
2144:ROR:<=(int,int):<(int,int):org.apache.commons.lang3.StringUtils@center(java.lang.String,int,char):4743:190533:pads <= 0 |==> pads < 0
2145:ROR:<=(int,int):==(int,int):org.apache.commons.lang3.StringUtils@center(java.lang.String,int,char):4743:190533:pads <= 0 |==> pads == 0
2146:ROR:<=(int,int):TRUE(int,int):org.apache.commons.lang3.StringUtils@center(java.lang.String,int,char):4743:190538:pads <= 0 |==> true
2147:LVR:POS:0:org.apache.commons.lang3.StringUtils@center(java.lang.String,int,char):4746:190623:2 |==> 0
2148:LVR:POS:NEG:org.apache.commons.lang3.StringUtils@center(java.lang.String,int,char):4746:190623:2 |==> -2
2149:AOR:/(int,int):%(int,int):org.apache.commons.lang3.StringUtils@center(java.lang.String,int,char):4746:190616:pads / 2 |==> pads % 2
2150:AOR:/(int,int):*(int,int):org.apache.commons.lang3.StringUtils@center(java.lang.String,int,char):4746:190616:pads / 2 |==> pads * 2
2151:AOR:/(int,int):+(int,int):org.apache.commons.lang3.StringUtils@center(java.lang.String,int,char):4746:190616:pads / 2 |==> pads + 2
2152:AOR:/(int,int):-(int,int):org.apache.commons.lang3.StringUtils@center(java.lang.String,int,char):4746:190616:pads / 2 |==> pads - 2
2153:AOR:+(int,int):%(int,int):org.apache.commons.lang3.StringUtils@center(java.lang.String,int,char):4746:190607:strLen + pads / 2 |==> strLen % (pads / 2)
2154:AOR:+(int,int):*(int,int):org.apache.commons.lang3.StringUtils@center(java.lang.String,int,char):4746:190607:strLen + pads / 2 |==> strLen * (pads / 2)
2155:AOR:+(int,int):-(int,int):org.apache.commons.lang3.StringUtils@center(java.lang.String,int,char):4746:190607:strLen + pads / 2 |==> strLen - pads / 2
2156:AOR:+(int,int):/(int,int):org.apache.commons.lang3.StringUtils@center(java.lang.String,int,char):4746:190607:strLen + pads / 2 |==> strLen / (pads / 2)
2157:STD:<ASSIGN>:<NO-OP>:org.apache.commons.lang3.StringUtils@center(java.lang.String,int,char):4746:190588:str = leftPad(str, strLen + pads / 2, padChar); |==> <NO-OP>
2158:STD:<ASSIGN>:<NO-OP>:org.apache.commons.lang3.StringUtils@center(java.lang.String,int,char):4747:190644:str = rightPad(str, size, padChar); |==> <NO-OP>
2159:ROR:==(java.lang.Object,java.lang.Object):FALSE(java.lang.Object,java.lang.Object):org.apache.commons.lang3.StringUtils@center(java.lang.String,int,java.lang.String):4778:192012:str == null |==> false
2160:LVR:0:POS:org.apache.commons.lang3.StringUtils@center(java.lang.String,int,java.lang.String):4778:192031:0 |==> 1
2161:LVR:0:NEG:org.apache.commons.lang3.StringUtils@center(java.lang.String,int,java.lang.String):4778:192031:0 |==> -1
2162:ROR:<=(int,int):<(int,int):org.apache.commons.lang3.StringUtils@center(java.lang.String,int,java.lang.String):4778:192023:size <= 0 |==> size < 0
2163:ROR:<=(int,int):==(int,int):org.apache.commons.lang3.StringUtils@center(java.lang.String,int,java.lang.String):4778:192023:size <= 0 |==> size == 0
2164:ROR:<=(int,int):TRUE(int,int):org.apache.commons.lang3.StringUtils@center(java.lang.String,int,java.lang.String):4778:192028:size <= 0 |==> true
2165:COR:||(boolean,boolean):!=(boolean,boolean):org.apache.commons.lang3.StringUtils@center(java.lang.String,int,java.lang.String):4778:192008:str == null || size <= 0 |==> str == null != size <= 0
2166:COR:||(boolean,boolean):LHS(boolean,boolean):org.apache.commons.lang3.StringUtils@center(java.lang.String,int,java.lang.String):4778:192008:str == null || size <= 0 |==> str == null
2167:COR:||(boolean,boolean):RHS(boolean,boolean):org.apache.commons.lang3.StringUtils@center(java.lang.String,int,java.lang.String):4778:192023:str == null || size <= 0 |==> size <= 0
2168:COR:||(boolean,boolean):TRUE(boolean,boolean):org.apache.commons.lang3.StringUtils@center(java.lang.String,int,java.lang.String):4778:192020:str == null || size <= 0 |==> true
2169:COR:<METHOD_INVOCATION(boolean)>:FALSE:org.apache.commons.lang3.StringUtils@center(java.lang.String,int,java.lang.String):4781:192089:isEmpty(padStr) |==> false
2170:COR:<METHOD_INVOCATION(boolean)>:TRUE:org.apache.commons.lang3.StringUtils@center(java.lang.String,int,java.lang.String):4781:192089:isEmpty(padStr) |==> true
2171:STD:<ASSIGN>:<NO-OP>:org.apache.commons.lang3.StringUtils@center(java.lang.String,int,java.lang.String):4782:192113:padStr = " "; |==> <NO-OP>
2172:AOR:-(int,int):%(int,int):org.apache.commons.lang3.StringUtils@center(java.lang.String,int,java.lang.String):4785:192191:size - strLen |==> size % strLen
2173:AOR:-(int,int):*(int,int):org.apache.commons.lang3.StringUtils@center(java.lang.String,int,java.lang.String):4785:192191:size - strLen |==> size * strLen
2174:AOR:-(int,int):+(int,int):org.apache.commons.lang3.StringUtils@center(java.lang.String,int,java.lang.String):4785:192191:size - strLen |==> size + strLen
2175:AOR:-(int,int):/(int,int):org.apache.commons.lang3.StringUtils@center(java.lang.String,int,java.lang.String):4785:192191:size - strLen |==> size / strLen
2176:LVR:0:POS:org.apache.commons.lang3.StringUtils@center(java.lang.String,int,java.lang.String):4786:192226:0 |==> 1
2177:LVR:0:NEG:org.apache.commons.lang3.StringUtils@center(java.lang.String,int,java.lang.String):4786:192226:0 |==> -1
2178:ROR:<=(int,int):<(int,int):org.apache.commons.lang3.StringUtils@center(java.lang.String,int,java.lang.String):4786:192218:pads <= 0 |==> pads < 0
2179:ROR:<=(int,int):==(int,int):org.apache.commons.lang3.StringUtils@center(java.lang.String,int,java.lang.String):4786:192218:pads <= 0 |==> pads == 0
2180:ROR:<=(int,int):TRUE(int,int):org.apache.commons.lang3.StringUtils@center(java.lang.String,int,java.lang.String):4786:192223:pads <= 0 |==> true
2181:LVR:POS:0:org.apache.commons.lang3.StringUtils@center(java.lang.String,int,java.lang.String):4789:192308:2 |==> 0
2182:LVR:POS:NEG:org.apache.commons.lang3.StringUtils@center(java.lang.String,int,java.lang.String):4789:192308:2 |==> -2
2183:AOR:/(int,int):%(int,int):org.apache.commons.lang3.StringUtils@center(java.lang.String,int,java.lang.String):4789:192301:pads / 2 |==> pads % 2
2184:AOR:/(int,int):*(int,int):org.apache.commons.lang3.StringUtils@center(java.lang.String,int,java.lang.String):4789:192301:pads / 2 |==> pads * 2
2185:AOR:/(int,int):+(int,int):org.apache.commons.lang3.StringUtils@center(java.lang.String,int,java.lang.String):4789:192301:pads / 2 |==> pads + 2
2186:AOR:/(int,int):-(int,int):org.apache.commons.lang3.StringUtils@center(java.lang.String,int,java.lang.String):4789:192301:pads / 2 |==> pads - 2
2187:AOR:+(int,int):%(int,int):org.apache.commons.lang3.StringUtils@center(java.lang.String,int,java.lang.String):4789:192292:strLen + pads / 2 |==> strLen % (pads / 2)
2188:AOR:+(int,int):*(int,int):org.apache.commons.lang3.StringUtils@center(java.lang.String,int,java.lang.String):4789:192292:strLen + pads / 2 |==> strLen * (pads / 2)
2189:AOR:+(int,int):-(int,int):org.apache.commons.lang3.StringUtils@center(java.lang.String,int,java.lang.String):4789:192292:strLen + pads / 2 |==> strLen - pads / 2
2190:AOR:+(int,int):/(int,int):org.apache.commons.lang3.StringUtils@center(java.lang.String,int,java.lang.String):4789:192292:strLen + pads / 2 |==> strLen / (pads / 2)
2191:STD:<ASSIGN>:<NO-OP>:org.apache.commons.lang3.StringUtils@center(java.lang.String,int,java.lang.String):4789:192273:str = leftPad(str, strLen + pads / 2, padStr); |==> <NO-OP>
2192:STD:<ASSIGN>:<NO-OP>:org.apache.commons.lang3.StringUtils@center(java.lang.String,int,java.lang.String):4790:192328:str = rightPad(str, size, padStr); |==> <NO-OP>
2193:ROR:==(java.lang.Object,java.lang.Object):FALSE(java.lang.Object,java.lang.Object):org.apache.commons.lang3.StringUtils@upperCase(java.lang.String):4816:193396:str == null |==> false
2194:ROR:==(java.lang.Object,java.lang.Object):FALSE(java.lang.Object,java.lang.Object):org.apache.commons.lang3.StringUtils@upperCase(java.lang.String,java.util.Locale):4839:194213:str == null |==> false
2195:ROR:==(java.lang.Object,java.lang.Object):FALSE(java.lang.Object,java.lang.Object):org.apache.commons.lang3.StringUtils@lowerCase(java.lang.String):4865:195211:str == null |==> false
2196:ROR:==(java.lang.Object,java.lang.Object):FALSE(java.lang.Object,java.lang.Object):org.apache.commons.lang3.StringUtils@lowerCase(java.lang.String,java.util.Locale):4888:196028:str == null |==> false
2197:ROR:==(java.lang.Object,java.lang.Object):FALSE(java.lang.Object,java.lang.Object):org.apache.commons.lang3.StringUtils@capitalize(java.lang.CharSequence):4915:196964:cs == null |==> false
2198:LVR:0:POS:org.apache.commons.lang3.StringUtils@capitalize(java.lang.CharSequence):4919:197069:0 |==> 1
2199:LVR:0:NEG:org.apache.commons.lang3.StringUtils@capitalize(java.lang.CharSequence):4919:197069:0 |==> -1
2200:ROR:==(int,int):<=(int,int):org.apache.commons.lang3.StringUtils@capitalize(java.lang.CharSequence):4919:197043:(strLen = cs.length()) == 0 |==> (strLen = cs.length()) <= 0
2201:ROR:==(int,int):>=(int,int):org.apache.commons.lang3.StringUtils@capitalize(java.lang.CharSequence):4919:197043:(strLen = cs.length()) == 0 |==> (strLen = cs.length()) >= 0
2202:LVR:0:POS:org.apache.commons.lang3.StringUtils@capitalize(java.lang.CharSequence):4923:197211:0 |==> 1
2203:LVR:0:NEG:org.apache.commons.lang3.StringUtils@capitalize(java.lang.CharSequence):4923:197211:0 |==> -1
2204:LVR:POS:0:org.apache.commons.lang3.StringUtils@capitalize(java.lang.CharSequence):4924:197270:1 |==> 0
2205:LVR:POS:NEG:org.apache.commons.lang3.StringUtils@capitalize(java.lang.CharSequence):4924:197270:1 |==> -1
2206:ROR:==(java.lang.Object,java.lang.Object):FALSE(java.lang.Object,java.lang.Object):org.apache.commons.lang3.StringUtils@uncapitalize(java.lang.CharSequence):4949:198179:cs == null |==> false
2207:LVR:0:POS:org.apache.commons.lang3.StringUtils@uncapitalize(java.lang.CharSequence):4953:198284:0 |==> 1
2208:LVR:0:NEG:org.apache.commons.lang3.StringUtils@uncapitalize(java.lang.CharSequence):4953:198284:0 |==> -1
2209:ROR:==(int,int):<=(int,int):org.apache.commons.lang3.StringUtils@uncapitalize(java.lang.CharSequence):4953:198258:(strLen = cs.length()) == 0 |==> (strLen = cs.length()) <= 0
2210:ROR:==(int,int):>=(int,int):org.apache.commons.lang3.StringUtils@uncapitalize(java.lang.CharSequence):4953:198258:(strLen = cs.length()) == 0 |==> (strLen = cs.length()) >= 0
2211:LVR:0:POS:org.apache.commons.lang3.StringUtils@uncapitalize(java.lang.CharSequence):4957:198426:0 |==> 1
2212:LVR:0:NEG:org.apache.commons.lang3.StringUtils@uncapitalize(java.lang.CharSequence):4957:198426:0 |==> -1
2213:LVR:POS:0:org.apache.commons.lang3.StringUtils@uncapitalize(java.lang.CharSequence):4958:198485:1 |==> 0
2214:LVR:POS:NEG:org.apache.commons.lang3.StringUtils@uncapitalize(java.lang.CharSequence):4958:198485:1 |==> -1
2215:ROR:==(java.lang.Object,java.lang.Object):FALSE(java.lang.Object,java.lang.Object):org.apache.commons.lang3.StringUtils@swapCase(java.lang.String):4991:199702:str == null |==> false
2216:LVR:0:POS:org.apache.commons.lang3.StringUtils@swapCase(java.lang.String):4991:199740:0 |==> 1
2217:LVR:0:NEG:org.apache.commons.lang3.StringUtils@swapCase(java.lang.String):4991:199740:0 |==> -1
2218:ROR:==(int,int):<=(int,int):org.apache.commons.lang3.StringUtils@swapCase(java.lang.String):4991:199713:(strLen = str.length()) == 0 |==> (strLen = str.length()) <= 0
2219:ROR:==(int,int):>=(int,int):org.apache.commons.lang3.StringUtils@swapCase(java.lang.String):4991:199713:(strLen = str.length()) == 0 |==> (strLen = str.length()) >= 0
2220:COR:||(boolean,boolean):!=(boolean,boolean):org.apache.commons.lang3.StringUtils@swapCase(java.lang.String):4991:199698:str == null || (strLen = str.length()) == 0 |==> str == null != ((strLen = str.length()) == 0)
2221:COR:||(boolean,boolean):RHS(boolean,boolean):org.apache.commons.lang3.StringUtils@swapCase(java.lang.String):4991:199713:str == null || (strLen = str.length()) == 0 |==> (strLen = str.length()) == 0
2222:COR:||(boolean,boolean):TRUE(boolean,boolean):org.apache.commons.lang3.StringUtils@swapCase(java.lang.String):4991:199710:str == null || (strLen = str.length()) == 0 |==> true
2223:LVR:0:POS:org.apache.commons.lang3.StringUtils@swapCase(java.lang.String):4997:199880:0 |==> 1
2224:LVR:0:NEG:org.apache.commons.lang3.StringUtils@swapCase(java.lang.String):4997:199880:0 |==> -1
2225:ROR:<(int,int):!=(int,int):org.apache.commons.lang3.StringUtils@swapCase(java.lang.String):4997:199883:i < strLen |==> i != strLen
2226:ROR:<(int,int):<=(int,int):org.apache.commons.lang3.StringUtils@swapCase(java.lang.String):4997:199883:i < strLen |==> i <= strLen
2227:ROR:<(int,int):FALSE(int,int):org.apache.commons.lang3.StringUtils@swapCase(java.lang.String):4997:199885:i < strLen |==> false
2228:STD:<ASSIGN>:<NO-OP>:org.apache.commons.lang3.StringUtils@swapCase(java.lang.String):4998:199914:ch = str.charAt(i); |==> <NO-OP>
2229:COR:<METHOD_INVOCATION(boolean)>:FALSE:org.apache.commons.lang3.StringUtils@swapCase(java.lang.String):4999:199971:Character.isUpperCase(ch) |==> false
2230:COR:<METHOD_INVOCATION(boolean)>:TRUE:org.apache.commons.lang3.StringUtils@swapCase(java.lang.String):4999:199971:Character.isUpperCase(ch) |==> true
2231:STD:<ASSIGN>:<NO-OP>:org.apache.commons.lang3.StringUtils@swapCase(java.lang.String):5000:199995:ch = Character.toLowerCase(ch); |==> <NO-OP>
2232:COR:<METHOD_INVOCATION(boolean)>:FALSE:org.apache.commons.lang3.StringUtils@swapCase(java.lang.String):5001:200071:Character.isTitleCase(ch) |==> false
2233:COR:<METHOD_INVOCATION(boolean)>:TRUE:org.apache.commons.lang3.StringUtils@swapCase(java.lang.String):5001:200071:Character.isTitleCase(ch) |==> true
2234:STD:<ASSIGN>:<NO-OP>:org.apache.commons.lang3.StringUtils@swapCase(java.lang.String):5002:200095:ch = Character.toLowerCase(ch); |==> <NO-OP>
2235:COR:<METHOD_INVOCATION(boolean)>:FALSE:org.apache.commons.lang3.StringUtils@swapCase(java.lang.String):5003:200171:Character.isLowerCase(ch) |==> false
2236:COR:<METHOD_INVOCATION(boolean)>:TRUE:org.apache.commons.lang3.StringUtils@swapCase(java.lang.String):5003:200171:Character.isLowerCase(ch) |==> true
2237:STD:<ASSIGN>:<NO-OP>:org.apache.commons.lang3.StringUtils@swapCase(java.lang.String):5004:200195:ch = Character.toUpperCase(ch); |==> <NO-OP>
2238:STD:<CALL>:<NO-OP>:org.apache.commons.lang3.StringUtils@swapCase(java.lang.String):5006:200253:buffer.append(ch); |==> <NO-OP>
2239:COR:||(boolean,boolean):!=(boolean,boolean):org.apache.commons.lang3.StringUtils@countMatches(java.lang.String,java.lang.String):5033:201270:isEmpty(str) || isEmpty(sub) |==> isEmpty(str) != isEmpty(sub)
2240:COR:||(boolean,boolean):LHS(boolean,boolean):org.apache.commons.lang3.StringUtils@countMatches(java.lang.String,java.lang.String):5033:201270:isEmpty(str) || isEmpty(sub) |==> isEmpty(str)
2241:COR:||(boolean,boolean):RHS(boolean,boolean):org.apache.commons.lang3.StringUtils@countMatches(java.lang.String,java.lang.String):5033:201286:isEmpty(str) || isEmpty(sub) |==> isEmpty(sub)
2242:COR:||(boolean,boolean):TRUE(boolean,boolean):org.apache.commons.lang3.StringUtils@countMatches(java.lang.String,java.lang.String):5033:201283:isEmpty(str) || isEmpty(sub) |==> true
2243:LVR:0:POS:org.apache.commons.lang3.StringUtils@countMatches(java.lang.String,java.lang.String):5034:201321:0 |==> 1
2244:LVR:0:NEG:org.apache.commons.lang3.StringUtils@countMatches(java.lang.String,java.lang.String):5034:201321:0 |==> -1
2245:LVR:0:POS:org.apache.commons.lang3.StringUtils@countMatches(java.lang.String,java.lang.String):5036:201354:0 |==> 1
2246:LVR:0:NEG:org.apache.commons.lang3.StringUtils@countMatches(java.lang.String,java.lang.String):5036:201354:0 |==> -1
2247:LVR:0:POS:org.apache.commons.lang3.StringUtils@countMatches(java.lang.String,java.lang.String):5037:201375:0 |==> 1
2248:LVR:0:NEG:org.apache.commons.lang3.StringUtils@countMatches(java.lang.String,java.lang.String):5037:201375:0 |==> -1
2249:ROR:!=(int,int):<(int,int):org.apache.commons.lang3.StringUtils@countMatches(java.lang.String,java.lang.String):5038:201393:(idx = str.indexOf(sub, idx)) != INDEX_NOT_FOUND |==> (idx = str.indexOf(sub, idx)) < INDEX_NOT_FOUND
2250:ROR:!=(int,int):>(int,int):org.apache.commons.lang3.StringUtils@countMatches(java.lang.String,java.lang.String):5038:201393:(idx = str.indexOf(sub, idx)) != INDEX_NOT_FOUND |==> (idx = str.indexOf(sub, idx)) > INDEX_NOT_FOUND
2251:ROR:!=(int,int):TRUE(int,int):org.apache.commons.lang3.StringUtils@countMatches(java.lang.String,java.lang.String):5038:201423:(idx = str.indexOf(sub, idx)) != INDEX_NOT_FOUND |==> true
2252:STD:<INC>:<NO-OP>:org.apache.commons.lang3.StringUtils@countMatches(java.lang.String,java.lang.String):5039:201457:count++; |==> <NO-OP>
2253:STD:<ASSIGN>:<NO-OP>:org.apache.commons.lang3.StringUtils@countMatches(java.lang.String,java.lang.String):5040:201478:idx += sub.length(); |==> <NO-OP>
2254:ROR:==(java.lang.Object,java.lang.Object):FALSE(java.lang.Object,java.lang.Object):org.apache.commons.lang3.StringUtils@isAlpha(java.lang.CharSequence):5066:202368:cs == null |==> false
2255:LVR:FALSE:TRUE:org.apache.commons.lang3.StringUtils@isAlpha(java.lang.CharSequence):5067:202398:false |==> true
2256:LVR:0:POS:org.apache.commons.lang3.StringUtils@isAlpha(java.lang.CharSequence):5070:202466:0 |==> 1
2257:LVR:0:NEG:org.apache.commons.lang3.StringUtils@isAlpha(java.lang.CharSequence):5070:202466:0 |==> -1
2258:ROR:<(int,int):!=(int,int):org.apache.commons.lang3.StringUtils@isAlpha(java.lang.CharSequence):5070:202469:i < sz |==> i != sz
2259:ROR:<(int,int):<=(int,int):org.apache.commons.lang3.StringUtils@isAlpha(java.lang.CharSequence):5070:202469:i < sz |==> i <= sz
2260:ROR:<(int,int):FALSE(int,int):org.apache.commons.lang3.StringUtils@isAlpha(java.lang.CharSequence):5070:202471:i < sz |==> false
2261:LVR:FALSE:TRUE:org.apache.commons.lang3.StringUtils@isAlpha(java.lang.CharSequence):5071:202536:false |==> true
2262:ROR:==(boolean,boolean):FALSE(boolean,boolean):org.apache.commons.lang3.StringUtils@isAlpha(java.lang.CharSequence):5071:202533:Character.isLetter(cs.charAt(i)) == false |==> false
2263:ROR:==(boolean,boolean):LHS(boolean,boolean):org.apache.commons.lang3.StringUtils@isAlpha(java.lang.CharSequence):5071:202500:Character.isLetter(cs.charAt(i)) == false |==> Character.isLetter(cs.charAt(i))
2264:ROR:==(boolean,boolean):RHS(boolean,boolean):org.apache.commons.lang3.StringUtils@isAlpha(java.lang.CharSequence):5071:202536:Character.isLetter(cs.charAt(i)) == false |==> false
2265:LVR:FALSE:TRUE:org.apache.commons.lang3.StringUtils@isAlpha(java.lang.CharSequence):5072:202568:false |==> true
2266:LVR:TRUE:FALSE:org.apache.commons.lang3.StringUtils@isAlpha(java.lang.CharSequence):5075:202614:true |==> false
2267:ROR:==(java.lang.Object,java.lang.Object):FALSE(java.lang.Object,java.lang.Object):org.apache.commons.lang3.StringUtils@isAlphaSpace(java.lang.CharSequence):5100:203477:cs == null |==> false
2268:LVR:FALSE:TRUE:org.apache.commons.lang3.StringUtils@isAlphaSpace(java.lang.CharSequence):5101:203507:false |==> true
2269:LVR:0:POS:org.apache.commons.lang3.StringUtils@isAlphaSpace(java.lang.CharSequence):5104:203575:0 |==> 1
2270:LVR:0:NEG:org.apache.commons.lang3.StringUtils@isAlphaSpace(java.lang.CharSequence):5104:203575:0 |==> -1
2271:ROR:<(int,int):!=(int,int):org.apache.commons.lang3.StringUtils@isAlphaSpace(java.lang.CharSequence):5104:203578:i < sz |==> i != sz
2272:ROR:<(int,int):<=(int,int):org.apache.commons.lang3.StringUtils@isAlphaSpace(java.lang.CharSequence):5104:203578:i < sz |==> i <= sz
2273:ROR:<(int,int):FALSE(int,int):org.apache.commons.lang3.StringUtils@isAlphaSpace(java.lang.CharSequence):5104:203580:i < sz |==> false
2274:LVR:FALSE:TRUE:org.apache.commons.lang3.StringUtils@isAlphaSpace(java.lang.CharSequence):5105:203646:false |==> true
2275:ROR:==(boolean,boolean):FALSE(boolean,boolean):org.apache.commons.lang3.StringUtils@isAlphaSpace(java.lang.CharSequence):5105:203643:Character.isLetter(cs.charAt(i)) == false |==> false
2276:ROR:==(boolean,boolean):LHS(boolean,boolean):org.apache.commons.lang3.StringUtils@isAlphaSpace(java.lang.CharSequence):5105:203610:Character.isLetter(cs.charAt(i)) == false |==> Character.isLetter(cs.charAt(i))
2277:ROR:==(boolean,boolean):RHS(boolean,boolean):org.apache.commons.lang3.StringUtils@isAlphaSpace(java.lang.CharSequence):5105:203646:Character.isLetter(cs.charAt(i)) == false |==> false
2278:ROR:!=(int,int):<(int,int):org.apache.commons.lang3.StringUtils@isAlphaSpace(java.lang.CharSequence):5105:203657:cs.charAt(i) != ' ' |==> cs.charAt(i) < ' '
2279:ROR:!=(int,int):>(int,int):org.apache.commons.lang3.StringUtils@isAlphaSpace(java.lang.CharSequence):5105:203657:cs.charAt(i) != ' ' |==> cs.charAt(i) > ' '
2280:ROR:!=(int,int):TRUE(int,int):org.apache.commons.lang3.StringUtils@isAlphaSpace(java.lang.CharSequence):5105:203670:cs.charAt(i) != ' ' |==> true
2281:COR:&&(boolean,boolean):==(boolean,boolean):org.apache.commons.lang3.StringUtils@isAlphaSpace(java.lang.CharSequence):5105:203609:(Character.isLetter(cs.charAt(i)) == false) && (cs.charAt(i) != ' ') |==> (Character.isLetter(cs.charAt(i)) == false) == (cs.charAt(i) != ' ')
2282:COR:&&(boolean,boolean):FALSE(boolean,boolean):org.apache.commons.lang3.StringUtils@isAlphaSpace(java.lang.CharSequence):5105:203653:(Character.isLetter(cs.charAt(i)) == false) && (cs.charAt(i) != ' ') |==> false
2283:COR:&&(boolean,boolean):LHS(boolean,boolean):org.apache.commons.lang3.StringUtils@isAlphaSpace(java.lang.CharSequence):5105:203609:(Character.isLetter(cs.charAt(i)) == false) && (cs.charAt(i) != ' ') |==> (Character.isLetter(cs.charAt(i)) == false)
2284:COR:&&(boolean,boolean):RHS(boolean,boolean):org.apache.commons.lang3.StringUtils@isAlphaSpace(java.lang.CharSequence):5105:203656:(Character.isLetter(cs.charAt(i)) == false) && (cs.charAt(i) != ' ') |==> (cs.charAt(i) != ' ')
2285:LVR:FALSE:TRUE:org.apache.commons.lang3.StringUtils@isAlphaSpace(java.lang.CharSequence):5106:203704:false |==> true
2286:LVR:TRUE:FALSE:org.apache.commons.lang3.StringUtils@isAlphaSpace(java.lang.CharSequence):5109:203750:true |==> false
2287:ROR:==(java.lang.Object,java.lang.Object):FALSE(java.lang.Object,java.lang.Object):org.apache.commons.lang3.StringUtils@isAlphanumeric(java.lang.CharSequence):5133:204618:cs == null |==> false
2288:LVR:FALSE:TRUE:org.apache.commons.lang3.StringUtils@isAlphanumeric(java.lang.CharSequence):5134:204648:false |==> true
2289:LVR:0:POS:org.apache.commons.lang3.StringUtils@isAlphanumeric(java.lang.CharSequence):5137:204716:0 |==> 1
2290:LVR:0:NEG:org.apache.commons.lang3.StringUtils@isAlphanumeric(java.lang.CharSequence):5137:204716:0 |==> -1
2291:ROR:<(int,int):!=(int,int):org.apache.commons.lang3.StringUtils@isAlphanumeric(java.lang.CharSequence):5137:204719:i < sz |==> i != sz
2292:ROR:<(int,int):<=(int,int):org.apache.commons.lang3.StringUtils@isAlphanumeric(java.lang.CharSequence):5137:204719:i < sz |==> i <= sz
2293:ROR:<(int,int):FALSE(int,int):org.apache.commons.lang3.StringUtils@isAlphanumeric(java.lang.CharSequence):5137:204721:i < sz |==> false
2294:LVR:FALSE:TRUE:org.apache.commons.lang3.StringUtils@isAlphanumeric(java.lang.CharSequence):5138:204793:false |==> true
2295:ROR:==(boolean,boolean):FALSE(boolean,boolean):org.apache.commons.lang3.StringUtils@isAlphanumeric(java.lang.CharSequence):5138:204790:Character.isLetterOrDigit(cs.charAt(i)) == false |==> false
2296:ROR:==(boolean,boolean):LHS(boolean,boolean):org.apache.commons.lang3.StringUtils@isAlphanumeric(java.lang.CharSequence):5138:204750:Character.isLetterOrDigit(cs.charAt(i)) == false |==> Character.isLetterOrDigit(cs.charAt(i))
2297:ROR:==(boolean,boolean):RHS(boolean,boolean):org.apache.commons.lang3.StringUtils@isAlphanumeric(java.lang.CharSequence):5138:204793:Character.isLetterOrDigit(cs.charAt(i)) == false |==> false
2298:LVR:FALSE:TRUE:org.apache.commons.lang3.StringUtils@isAlphanumeric(java.lang.CharSequence):5139:204825:false |==> true
2299:LVR:TRUE:FALSE:org.apache.commons.lang3.StringUtils@isAlphanumeric(java.lang.CharSequence):5142:204871:true |==> false
2300:ROR:==(java.lang.Object,java.lang.Object):FALSE(java.lang.Object,java.lang.Object):org.apache.commons.lang3.StringUtils@isAlphanumericSpace(java.lang.CharSequence):5167:205782:cs == null |==> false
2301:LVR:FALSE:TRUE:org.apache.commons.lang3.StringUtils@isAlphanumericSpace(java.lang.CharSequence):5168:205812:false |==> true
2302:LVR:0:POS:org.apache.commons.lang3.StringUtils@isAlphanumericSpace(java.lang.CharSequence):5171:205880:0 |==> 1
2303:LVR:0:NEG:org.apache.commons.lang3.StringUtils@isAlphanumericSpace(java.lang.CharSequence):5171:205880:0 |==> -1
2304:ROR:<(int,int):!=(int,int):org.apache.commons.lang3.StringUtils@isAlphanumericSpace(java.lang.CharSequence):5171:205883:i < sz |==> i != sz
2305:ROR:<(int,int):<=(int,int):org.apache.commons.lang3.StringUtils@isAlphanumericSpace(java.lang.CharSequence):5171:205883:i < sz |==> i <= sz
2306:ROR:<(int,int):FALSE(int,int):org.apache.commons.lang3.StringUtils@isAlphanumericSpace(java.lang.CharSequence):5171:205885:i < sz |==> false
2307:LVR:FALSE:TRUE:org.apache.commons.lang3.StringUtils@isAlphanumericSpace(java.lang.CharSequence):5172:205958:false |==> true
2308:ROR:==(boolean,boolean):FALSE(boolean,boolean):org.apache.commons.lang3.StringUtils@isAlphanumericSpace(java.lang.CharSequence):5172:205955:Character.isLetterOrDigit(cs.charAt(i)) == false |==> false
2309:ROR:==(boolean,boolean):LHS(boolean,boolean):org.apache.commons.lang3.StringUtils@isAlphanumericSpace(java.lang.CharSequence):5172:205915:Character.isLetterOrDigit(cs.charAt(i)) == false |==> Character.isLetterOrDigit(cs.charAt(i))
2310:ROR:==(boolean,boolean):RHS(boolean,boolean):org.apache.commons.lang3.StringUtils@isAlphanumericSpace(java.lang.CharSequence):5172:205958:Character.isLetterOrDigit(cs.charAt(i)) == false |==> false
2311:ROR:!=(int,int):<(int,int):org.apache.commons.lang3.StringUtils@isAlphanumericSpace(java.lang.CharSequence):5172:205969:cs.charAt(i) != ' ' |==> cs.charAt(i) < ' '
2312:ROR:!=(int,int):>(int,int):org.apache.commons.lang3.StringUtils@isAlphanumericSpace(java.lang.CharSequence):5172:205969:cs.charAt(i) != ' ' |==> cs.charAt(i) > ' '
2313:ROR:!=(int,int):TRUE(int,int):org.apache.commons.lang3.StringUtils@isAlphanumericSpace(java.lang.CharSequence):5172:205982:cs.charAt(i) != ' ' |==> true
2314:COR:&&(boolean,boolean):==(boolean,boolean):org.apache.commons.lang3.StringUtils@isAlphanumericSpace(java.lang.CharSequence):5172:205914:(Character.isLetterOrDigit(cs.charAt(i)) == false) && (cs.charAt(i) != ' ') |==> (Character.isLetterOrDigit(cs.charAt(i)) == false) == (cs.charAt(i) != ' ')
2315:COR:&&(boolean,boolean):FALSE(boolean,boolean):org.apache.commons.lang3.StringUtils@isAlphanumericSpace(java.lang.CharSequence):5172:205965:(Character.isLetterOrDigit(cs.charAt(i)) == false) && (cs.charAt(i) != ' ') |==> false
2316:COR:&&(boolean,boolean):LHS(boolean,boolean):org.apache.commons.lang3.StringUtils@isAlphanumericSpace(java.lang.CharSequence):5172:205914:(Character.isLetterOrDigit(cs.charAt(i)) == false) && (cs.charAt(i) != ' ') |==> (Character.isLetterOrDigit(cs.charAt(i)) == false)
2317:COR:&&(boolean,boolean):RHS(boolean,boolean):org.apache.commons.lang3.StringUtils@isAlphanumericSpace(java.lang.CharSequence):5172:205968:(Character.isLetterOrDigit(cs.charAt(i)) == false) && (cs.charAt(i) != ' ') |==> (cs.charAt(i) != ' ')
2318:LVR:FALSE:TRUE:org.apache.commons.lang3.StringUtils@isAlphanumericSpace(java.lang.CharSequence):5173:206016:false |==> true
2319:LVR:TRUE:FALSE:org.apache.commons.lang3.StringUtils@isAlphanumericSpace(java.lang.CharSequence):5176:206062:true |==> false
2320:ROR:==(java.lang.Object,java.lang.Object):FALSE(java.lang.Object,java.lang.Object):org.apache.commons.lang3.StringUtils@isAsciiPrintable(java.lang.CharSequence):5205:207200:cs == null |==> false
2321:LVR:FALSE:TRUE:org.apache.commons.lang3.StringUtils@isAsciiPrintable(java.lang.CharSequence):5206:207230:false |==> true
2322:LVR:0:POS:org.apache.commons.lang3.StringUtils@isAsciiPrintable(java.lang.CharSequence):5209:207298:0 |==> 1
2323:LVR:0:NEG:org.apache.commons.lang3.StringUtils@isAsciiPrintable(java.lang.CharSequence):5209:207298:0 |==> -1
2324:ROR:<(int,int):!=(int,int):org.apache.commons.lang3.StringUtils@isAsciiPrintable(java.lang.CharSequence):5209:207301:i < sz |==> i != sz
2325:ROR:<(int,int):<=(int,int):org.apache.commons.lang3.StringUtils@isAsciiPrintable(java.lang.CharSequence):5209:207301:i < sz |==> i <= sz
2326:ROR:<(int,int):FALSE(int,int):org.apache.commons.lang3.StringUtils@isAsciiPrintable(java.lang.CharSequence):5209:207303:i < sz |==> false
2327:LVR:FALSE:TRUE:org.apache.commons.lang3.StringUtils@isAsciiPrintable(java.lang.CharSequence):5210:207376:false |==> true
2328:ROR:==(boolean,boolean):FALSE(boolean,boolean):org.apache.commons.lang3.StringUtils@isAsciiPrintable(java.lang.CharSequence):5210:207373:CharUtils.isAsciiPrintable(cs.charAt(i)) == false |==> false
2329:ROR:==(boolean,boolean):LHS(boolean,boolean):org.apache.commons.lang3.StringUtils@isAsciiPrintable(java.lang.CharSequence):5210:207332:CharUtils.isAsciiPrintable(cs.charAt(i)) == false |==> CharUtils.isAsciiPrintable(cs.charAt(i))
2330:ROR:==(boolean,boolean):RHS(boolean,boolean):org.apache.commons.lang3.StringUtils@isAsciiPrintable(java.lang.CharSequence):5210:207376:CharUtils.isAsciiPrintable(cs.charAt(i)) == false |==> false
2331:LVR:FALSE:TRUE:org.apache.commons.lang3.StringUtils@isAsciiPrintable(java.lang.CharSequence):5211:207408:false |==> true
2332:LVR:TRUE:FALSE:org.apache.commons.lang3.StringUtils@isAsciiPrintable(java.lang.CharSequence):5214:207454:true |==> false
2333:ROR:==(java.lang.Object,java.lang.Object):FALSE(java.lang.Object,java.lang.Object):org.apache.commons.lang3.StringUtils@isNumeric(java.lang.CharSequence):5239:208363:cs == null |==> false
2334:LVR:FALSE:TRUE:org.apache.commons.lang3.StringUtils@isNumeric(java.lang.CharSequence):5240:208393:false |==> true
2335:LVR:0:POS:org.apache.commons.lang3.StringUtils@isNumeric(java.lang.CharSequence):5243:208461:0 |==> 1
2336:LVR:0:NEG:org.apache.commons.lang3.StringUtils@isNumeric(java.lang.CharSequence):5243:208461:0 |==> -1
2337:ROR:<(int,int):!=(int,int):org.apache.commons.lang3.StringUtils@isNumeric(java.lang.CharSequence):5243:208464:i < sz |==> i != sz
2338:ROR:<(int,int):<=(int,int):org.apache.commons.lang3.StringUtils@isNumeric(java.lang.CharSequence):5243:208464:i < sz |==> i <= sz
2339:ROR:<(int,int):FALSE(int,int):org.apache.commons.lang3.StringUtils@isNumeric(java.lang.CharSequence):5243:208466:i < sz |==> false
2340:LVR:FALSE:TRUE:org.apache.commons.lang3.StringUtils@isNumeric(java.lang.CharSequence):5244:208530:false |==> true
2341:ROR:==(boolean,boolean):FALSE(boolean,boolean):org.apache.commons.lang3.StringUtils@isNumeric(java.lang.CharSequence):5244:208527:Character.isDigit(cs.charAt(i)) == false |==> false
2342:ROR:==(boolean,boolean):LHS(boolean,boolean):org.apache.commons.lang3.StringUtils@isNumeric(java.lang.CharSequence):5244:208495:Character.isDigit(cs.charAt(i)) == false |==> Character.isDigit(cs.charAt(i))
2343:ROR:==(boolean,boolean):RHS(boolean,boolean):org.apache.commons.lang3.StringUtils@isNumeric(java.lang.CharSequence):5244:208530:Character.isDigit(cs.charAt(i)) == false |==> false
2344:LVR:FALSE:TRUE:org.apache.commons.lang3.StringUtils@isNumeric(java.lang.CharSequence):5245:208562:false |==> true
2345:LVR:TRUE:FALSE:org.apache.commons.lang3.StringUtils@isNumeric(java.lang.CharSequence):5248:208608:true |==> false
2346:ROR:==(java.lang.Object,java.lang.Object):FALSE(java.lang.Object,java.lang.Object):org.apache.commons.lang3.StringUtils@isNumericSpace(java.lang.CharSequence):5275:209572:cs == null |==> false
2347:LVR:FALSE:TRUE:org.apache.commons.lang3.StringUtils@isNumericSpace(java.lang.CharSequence):5276:209602:false |==> true
2348:LVR:0:POS:org.apache.commons.lang3.StringUtils@isNumericSpace(java.lang.CharSequence):5279:209670:0 |==> 1
2349:LVR:0:NEG:org.apache.commons.lang3.StringUtils@isNumericSpace(java.lang.CharSequence):5279:209670:0 |==> -1
2350:ROR:<(int,int):!=(int,int):org.apache.commons.lang3.StringUtils@isNumericSpace(java.lang.CharSequence):5279:209673:i < sz |==> i != sz
2351:ROR:<(int,int):<=(int,int):org.apache.commons.lang3.StringUtils@isNumericSpace(java.lang.CharSequence):5279:209673:i < sz |==> i <= sz
2352:ROR:<(int,int):FALSE(int,int):org.apache.commons.lang3.StringUtils@isNumericSpace(java.lang.CharSequence):5279:209675:i < sz |==> false
2353:LVR:FALSE:TRUE:org.apache.commons.lang3.StringUtils@isNumericSpace(java.lang.CharSequence):5280:209740:false |==> true
2354:ROR:==(boolean,boolean):FALSE(boolean,boolean):org.apache.commons.lang3.StringUtils@isNumericSpace(java.lang.CharSequence):5280:209737:Character.isDigit(cs.charAt(i)) == false |==> false
2355:ROR:==(boolean,boolean):LHS(boolean,boolean):org.apache.commons.lang3.StringUtils@isNumericSpace(java.lang.CharSequence):5280:209705:Character.isDigit(cs.charAt(i)) == false |==> Character.isDigit(cs.charAt(i))
2356:ROR:==(boolean,boolean):RHS(boolean,boolean):org.apache.commons.lang3.StringUtils@isNumericSpace(java.lang.CharSequence):5280:209740:Character.isDigit(cs.charAt(i)) == false |==> false
2357:ROR:!=(int,int):<(int,int):org.apache.commons.lang3.StringUtils@isNumericSpace(java.lang.CharSequence):5280:209751:cs.charAt(i) != ' ' |==> cs.charAt(i) < ' '
2358:ROR:!=(int,int):>(int,int):org.apache.commons.lang3.StringUtils@isNumericSpace(java.lang.CharSequence):5280:209751:cs.charAt(i) != ' ' |==> cs.charAt(i) > ' '
2359:ROR:!=(int,int):TRUE(int,int):org.apache.commons.lang3.StringUtils@isNumericSpace(java.lang.CharSequence):5280:209764:cs.charAt(i) != ' ' |==> true
2360:COR:&&(boolean,boolean):==(boolean,boolean):org.apache.commons.lang3.StringUtils@isNumericSpace(java.lang.CharSequence):5280:209704:(Character.isDigit(cs.charAt(i)) == false) && (cs.charAt(i) != ' ') |==> (Character.isDigit(cs.charAt(i)) == false) == (cs.charAt(i) != ' ')
2361:COR:&&(boolean,boolean):FALSE(boolean,boolean):org.apache.commons.lang3.StringUtils@isNumericSpace(java.lang.CharSequence):5280:209747:(Character.isDigit(cs.charAt(i)) == false) && (cs.charAt(i) != ' ') |==> false
2362:COR:&&(boolean,boolean):LHS(boolean,boolean):org.apache.commons.lang3.StringUtils@isNumericSpace(java.lang.CharSequence):5280:209704:(Character.isDigit(cs.charAt(i)) == false) && (cs.charAt(i) != ' ') |==> (Character.isDigit(cs.charAt(i)) == false)
2363:COR:&&(boolean,boolean):RHS(boolean,boolean):org.apache.commons.lang3.StringUtils@isNumericSpace(java.lang.CharSequence):5280:209750:(Character.isDigit(cs.charAt(i)) == false) && (cs.charAt(i) != ' ') |==> (cs.charAt(i) != ' ')
2364:LVR:FALSE:TRUE:org.apache.commons.lang3.StringUtils@isNumericSpace(java.lang.CharSequence):5281:209798:false |==> true
2365:LVR:TRUE:FALSE:org.apache.commons.lang3.StringUtils@isNumericSpace(java.lang.CharSequence):5284:209844:true |==> false
2366:ROR:==(java.lang.Object,java.lang.Object):FALSE(java.lang.Object,java.lang.Object):org.apache.commons.lang3.StringUtils@isWhitespace(java.lang.CharSequence):5307:210637:cs == null |==> false
2367:LVR:FALSE:TRUE:org.apache.commons.lang3.StringUtils@isWhitespace(java.lang.CharSequence):5308:210667:false |==> true
2368:LVR:0:POS:org.apache.commons.lang3.StringUtils@isWhitespace(java.lang.CharSequence):5311:210735:0 |==> 1
2369:LVR:0:NEG:org.apache.commons.lang3.StringUtils@isWhitespace(java.lang.CharSequence):5311:210735:0 |==> -1
2370:ROR:<(int,int):!=(int,int):org.apache.commons.lang3.StringUtils@isWhitespace(java.lang.CharSequence):5311:210738:i < sz |==> i != sz
2371:ROR:<(int,int):<=(int,int):org.apache.commons.lang3.StringUtils@isWhitespace(java.lang.CharSequence):5311:210738:i < sz |==> i <= sz
2372:ROR:<(int,int):FALSE(int,int):org.apache.commons.lang3.StringUtils@isWhitespace(java.lang.CharSequence):5311:210740:i < sz |==> false
2373:LVR:FALSE:TRUE:org.apache.commons.lang3.StringUtils@isWhitespace(java.lang.CharSequence):5312:210810:false |==> true
2374:ROR:==(boolean,boolean):FALSE(boolean,boolean):org.apache.commons.lang3.StringUtils@isWhitespace(java.lang.CharSequence):5312:210807:Character.isWhitespace(cs.charAt(i)) == false |==> false
2375:ROR:==(boolean,boolean):LHS(boolean,boolean):org.apache.commons.lang3.StringUtils@isWhitespace(java.lang.CharSequence):5312:210770:Character.isWhitespace(cs.charAt(i)) == false |==> Character.isWhitespace(cs.charAt(i))
2376:ROR:==(boolean,boolean):RHS(boolean,boolean):org.apache.commons.lang3.StringUtils@isWhitespace(java.lang.CharSequence):5312:210810:Character.isWhitespace(cs.charAt(i)) == false |==> false
2377:LVR:FALSE:TRUE:org.apache.commons.lang3.StringUtils@isWhitespace(java.lang.CharSequence):5313:210843:false |==> true
2378:LVR:TRUE:FALSE:org.apache.commons.lang3.StringUtils@isWhitespace(java.lang.CharSequence):5316:210889:true |==> false
2379:ROR:==(java.lang.Object,java.lang.Object):FALSE(java.lang.Object,java.lang.Object):org.apache.commons.lang3.StringUtils@isAllLowerCase(java.lang.CharSequence):5338:211667:cs == null |==> false
2380:COR:||(boolean,boolean):!=(boolean,boolean):org.apache.commons.lang3.StringUtils@isAllLowerCase(java.lang.CharSequence):5338:211664:cs == null || isEmpty(cs) |==> cs == null != isEmpty(cs)
2381:COR:||(boolean,boolean):LHS(boolean,boolean):org.apache.commons.lang3.StringUtils@isAllLowerCase(java.lang.CharSequence):5338:211664:cs == null || isEmpty(cs) |==> cs == null
2382:COR:||(boolean,boolean):RHS(boolean,boolean):org.apache.commons.lang3.StringUtils@isAllLowerCase(java.lang.CharSequence):5338:211678:cs == null || isEmpty(cs) |==> isEmpty(cs)
2383:COR:||(boolean,boolean):TRUE(boolean,boolean):org.apache.commons.lang3.StringUtils@isAllLowerCase(java.lang.CharSequence):5338:211675:cs == null || isEmpty(cs) |==> true
2384:LVR:FALSE:TRUE:org.apache.commons.lang3.StringUtils@isAllLowerCase(java.lang.CharSequence):5339:211712:false |==> true
2385:LVR:0:POS:org.apache.commons.lang3.StringUtils@isAllLowerCase(java.lang.CharSequence):5342:211780:0 |==> 1
2386:LVR:0:NEG:org.apache.commons.lang3.StringUtils@isAllLowerCase(java.lang.CharSequence):5342:211780:0 |==> -1
2387:ROR:<(int,int):!=(int,int):org.apache.commons.lang3.StringUtils@isAllLowerCase(java.lang.CharSequence):5342:211783:i < sz |==> i != sz
2388:ROR:<(int,int):<=(int,int):org.apache.commons.lang3.StringUtils@isAllLowerCase(java.lang.CharSequence):5342:211783:i < sz |==> i <= sz
2389:ROR:<(int,int):FALSE(int,int):org.apache.commons.lang3.StringUtils@isAllLowerCase(java.lang.CharSequence):5342:211785:i < sz |==> false
2390:LVR:FALSE:TRUE:org.apache.commons.lang3.StringUtils@isAllLowerCase(java.lang.CharSequence):5343:211853:false |==> true
2391:ROR:==(boolean,boolean):FALSE(boolean,boolean):org.apache.commons.lang3.StringUtils@isAllLowerCase(java.lang.CharSequence):5343:211850:Character.isLowerCase(cs.charAt(i)) == false |==> false
2392:ROR:==(boolean,boolean):LHS(boolean,boolean):org.apache.commons.lang3.StringUtils@isAllLowerCase(java.lang.CharSequence):5343:211814:Character.isLowerCase(cs.charAt(i)) == false |==> Character.isLowerCase(cs.charAt(i))
2393:ROR:==(boolean,boolean):RHS(boolean,boolean):org.apache.commons.lang3.StringUtils@isAllLowerCase(java.lang.CharSequence):5343:211853:Character.isLowerCase(cs.charAt(i)) == false |==> false
2394:LVR:FALSE:TRUE:org.apache.commons.lang3.StringUtils@isAllLowerCase(java.lang.CharSequence):5344:211885:false |==> true
2395:LVR:TRUE:FALSE:org.apache.commons.lang3.StringUtils@isAllLowerCase(java.lang.CharSequence):5347:211931:true |==> false
2396:ROR:==(java.lang.Object,java.lang.Object):FALSE(java.lang.Object,java.lang.Object):org.apache.commons.lang3.StringUtils@isAllUpperCase(java.lang.CharSequence):5369:212702:cs == null |==> false
2397:COR:||(boolean,boolean):!=(boolean,boolean):org.apache.commons.lang3.StringUtils@isAllUpperCase(java.lang.CharSequence):5369:212699:cs == null || isEmpty(cs) |==> cs == null != isEmpty(cs)
2398:COR:||(boolean,boolean):LHS(boolean,boolean):org.apache.commons.lang3.StringUtils@isAllUpperCase(java.lang.CharSequence):5369:212699:cs == null || isEmpty(cs) |==> cs == null
2399:COR:||(boolean,boolean):RHS(boolean,boolean):org.apache.commons.lang3.StringUtils@isAllUpperCase(java.lang.CharSequence):5369:212713:cs == null || isEmpty(cs) |==> isEmpty(cs)
2400:COR:||(boolean,boolean):TRUE(boolean,boolean):org.apache.commons.lang3.StringUtils@isAllUpperCase(java.lang.CharSequence):5369:212710:cs == null || isEmpty(cs) |==> true
2401:LVR:FALSE:TRUE:org.apache.commons.lang3.StringUtils@isAllUpperCase(java.lang.CharSequence):5370:212747:false |==> true
2402:LVR:0:POS:org.apache.commons.lang3.StringUtils@isAllUpperCase(java.lang.CharSequence):5373:212815:0 |==> 1
2403:LVR:0:NEG:org.apache.commons.lang3.StringUtils@isAllUpperCase(java.lang.CharSequence):5373:212815:0 |==> -1
2404:ROR:<(int,int):!=(int,int):org.apache.commons.lang3.StringUtils@isAllUpperCase(java.lang.CharSequence):5373:212818:i < sz |==> i != sz
2405:ROR:<(int,int):<=(int,int):org.apache.commons.lang3.StringUtils@isAllUpperCase(java.lang.CharSequence):5373:212818:i < sz |==> i <= sz
2406:ROR:<(int,int):FALSE(int,int):org.apache.commons.lang3.StringUtils@isAllUpperCase(java.lang.CharSequence):5373:212820:i < sz |==> false
2407:LVR:FALSE:TRUE:org.apache.commons.lang3.StringUtils@isAllUpperCase(java.lang.CharSequence):5374:212888:false |==> true
2408:ROR:==(boolean,boolean):FALSE(boolean,boolean):org.apache.commons.lang3.StringUtils@isAllUpperCase(java.lang.CharSequence):5374:212885:Character.isUpperCase(cs.charAt(i)) == false |==> false
2409:ROR:==(boolean,boolean):LHS(boolean,boolean):org.apache.commons.lang3.StringUtils@isAllUpperCase(java.lang.CharSequence):5374:212849:Character.isUpperCase(cs.charAt(i)) == false |==> Character.isUpperCase(cs.charAt(i))
2410:ROR:==(boolean,boolean):RHS(boolean,boolean):org.apache.commons.lang3.StringUtils@isAllUpperCase(java.lang.CharSequence):5374:212888:Character.isUpperCase(cs.charAt(i)) == false |==> false
2411:LVR:FALSE:TRUE:org.apache.commons.lang3.StringUtils@isAllUpperCase(java.lang.CharSequence):5375:212920:false |==> true
2412:LVR:TRUE:FALSE:org.apache.commons.lang3.StringUtils@isAllUpperCase(java.lang.CharSequence):5378:212966:true |==> false
2413:ROR:==(java.lang.Object,java.lang.Object):FALSE(java.lang.Object,java.lang.Object):org.apache.commons.lang3.StringUtils@defaultString(java.lang.String):5400:213680:str == null |==> false
2414:ROR:==(java.lang.Object,java.lang.Object):FALSE(java.lang.Object,java.lang.Object):org.apache.commons.lang3.StringUtils@defaultString(java.lang.String,java.lang.String):5421:214484:str == null |==> false
2415:COR:<METHOD_INVOCATION(boolean)>:FALSE:org.apache.commons.lang3.StringUtils@defaultIfEmpty(T,T):5442:215423:StringUtils.isEmpty(str) |==> false
2416:COR:<METHOD_INVOCATION(boolean)>:TRUE:org.apache.commons.lang3.StringUtils@defaultIfEmpty(T,T):5442:215423:StringUtils.isEmpty(str) |==> true
2417:ROR:==(java.lang.Object,java.lang.Object):FALSE(java.lang.Object,java.lang.Object):org.apache.commons.lang3.StringUtils@reverse(java.lang.String):5462:216069:str == null |==> false
2418:ROR:==(java.lang.Object,java.lang.Object):FALSE(java.lang.Object,java.lang.Object):org.apache.commons.lang3.StringUtils@reverseDelimited(java.lang.String,char):5488:217014:str == null |==> false
2419:STD:<CALL>:<NO-OP>:org.apache.commons.lang3.StringUtils@reverseDelimited(java.lang.String,char):5494:217227:ArrayUtils.reverse(strs); |==> <NO-OP>
2420:LVR:0:POS:org.apache.commons.lang3.StringUtils@abbreviate(java.lang.String,int):5533:218883:0 |==> 1
2421:LVR:0:NEG:org.apache.commons.lang3.StringUtils@abbreviate(java.lang.String,int):5533:218883:0 |==> -1
2422:ROR:==(java.lang.Object,java.lang.Object):FALSE(java.lang.Object,java.lang.Object):org.apache.commons.lang3.StringUtils@abbreviate(java.lang.String,int,int):5572:220897:str == null |==> false
2423:LVR:POS:0:org.apache.commons.lang3.StringUtils@abbreviate(java.lang.String,int,int):5575:220966:4 |==> 0
2424:LVR:POS:NEG:org.apache.commons.lang3.StringUtils@abbreviate(java.lang.String,int,int):5575:220966:4 |==> -4
2425:ROR:<(int,int):!=(int,int):org.apache.commons.lang3.StringUtils@abbreviate(java.lang.String,int,int):5575:220955:maxWidth < 4 |==> maxWidth != 4
2426:ROR:<(int,int):<=(int,int):org.apache.commons.lang3.StringUtils@abbreviate(java.lang.String,int,int):5575:220955:maxWidth < 4 |==> maxWidth <= 4
2427:ROR:<(int,int):FALSE(int,int):org.apache.commons.lang3.StringUtils@abbreviate(java.lang.String,int,int):5575:220964:maxWidth < 4 |==> false
2428:ROR:<=(int,int):<(int,int):org.apache.commons.lang3.StringUtils@abbreviate(java.lang.String,int,int):5578:221076:str.length() <= maxWidth |==> str.length() < maxWidth
2429:ROR:<=(int,int):==(int,int):org.apache.commons.lang3.StringUtils@abbreviate(java.lang.String,int,int):5578:221076:str.length() <= maxWidth |==> str.length() == maxWidth
2430:ROR:<=(int,int):TRUE(int,int):org.apache.commons.lang3.StringUtils@abbreviate(java.lang.String,int,int):5578:221089:str.length() <= maxWidth |==> true
2431:ROR:>(int,int):!=(int,int):org.apache.commons.lang3.StringUtils@abbreviate(java.lang.String,int,int):5581:221150:offset > str.length() |==> offset != str.length()
2432:ROR:>(int,int):>=(int,int):org.apache.commons.lang3.StringUtils@abbreviate(java.lang.String,int,int):5581:221150:offset > str.length() |==> offset >= str.length()
2433:ROR:>(int,int):FALSE(int,int):org.apache.commons.lang3.StringUtils@abbreviate(java.lang.String,int,int):5581:221157:offset > str.length() |==> false
2434:STD:<ASSIGN>:<NO-OP>:org.apache.commons.lang3.StringUtils@abbreviate(java.lang.String,int,int):5582:221187:offset = str.length(); |==> <NO-OP>
2435:AOR:-(int,int):%(int,int):org.apache.commons.lang3.StringUtils@abbreviate(java.lang.String,int,int):5584:221233:str.length() - offset |==> str.length() % offset
2436:AOR:-(int,int):*(int,int):org.apache.commons.lang3.StringUtils@abbreviate(java.lang.String,int,int):5584:221233:str.length() - offset |==> str.length() * offset
2437:AOR:-(int,int):+(int,int):org.apache.commons.lang3.StringUtils@abbreviate(java.lang.String,int,int):5584:221233:str.length() - offset |==> str.length() + offset
2438:AOR:-(int,int):/(int,int):org.apache.commons.lang3.StringUtils@abbreviate(java.lang.String,int,int):5584:221233:str.length() - offset |==> str.length() / offset
2439:LVR:POS:0:org.apache.commons.lang3.StringUtils@abbreviate(java.lang.String,int,int):5584:221270:3 |==> 0
2440:LVR:POS:NEG:org.apache.commons.lang3.StringUtils@abbreviate(java.lang.String,int,int):5584:221270:3 |==> -3
2441:AOR:-(int,int):%(int,int):org.apache.commons.lang3.StringUtils@abbreviate(java.lang.String,int,int):5584:221259:maxWidth - 3 |==> maxWidth % 3
2442:AOR:-(int,int):*(int,int):org.apache.commons.lang3.StringUtils@abbreviate(java.lang.String,int,int):5584:221259:maxWidth - 3 |==> maxWidth * 3
2443:AOR:-(int,int):+(int,int):org.apache.commons.lang3.StringUtils@abbreviate(java.lang.String,int,int):5584:221259:maxWidth - 3 |==> maxWidth + 3
2444:AOR:-(int,int):/(int,int):org.apache.commons.lang3.StringUtils@abbreviate(java.lang.String,int,int):5584:221259:maxWidth - 3 |==> maxWidth / 3
2445:ROR:<(int,int):!=(int,int):org.apache.commons.lang3.StringUtils@abbreviate(java.lang.String,int,int):5584:221232:(str.length() - offset) < (maxWidth - 3) |==> (str.length() - offset) != (maxWidth - 3)
2446:ROR:<(int,int):<=(int,int):org.apache.commons.lang3.StringUtils@abbreviate(java.lang.String,int,int):5584:221232:(str.length() - offset) < (maxWidth - 3) |==> (str.length() - offset) <= (maxWidth - 3)
2447:ROR:<(int,int):FALSE(int,int):org.apache.commons.lang3.StringUtils@abbreviate(java.lang.String,int,int):5584:221256:(str.length() - offset) < (maxWidth - 3) |==> false
2448:LVR:POS:0:org.apache.commons.lang3.StringUtils@abbreviate(java.lang.String,int,int):5585:221324:3 |==> 0
2449:LVR:POS:NEG:org.apache.commons.lang3.StringUtils@abbreviate(java.lang.String,int,int):5585:221324:3 |==> -3
2450:AOR:-(int,int):%(int,int):org.apache.commons.lang3.StringUtils@abbreviate(java.lang.String,int,int):5585:221313:maxWidth - 3 |==> maxWidth % 3
2451:AOR:-(int,int):*(int,int):org.apache.commons.lang3.StringUtils@abbreviate(java.lang.String,int,int):5585:221313:maxWidth - 3 |==> maxWidth * 3
2452:AOR:-(int,int):+(int,int):org.apache.commons.lang3.StringUtils@abbreviate(java.lang.String,int,int):5585:221313:maxWidth - 3 |==> maxWidth + 3
2453:AOR:-(int,int):/(int,int):org.apache.commons.lang3.StringUtils@abbreviate(java.lang.String,int,int):5585:221313:maxWidth - 3 |==> maxWidth / 3
2454:AOR:-(int,int):%(int,int):org.apache.commons.lang3.StringUtils@abbreviate(java.lang.String,int,int):5585:221297:str.length() - (maxWidth - 3) |==> str.length() % (maxWidth - 3)
2455:AOR:-(int,int):*(int,int):org.apache.commons.lang3.StringUtils@abbreviate(java.lang.String,int,int):5585:221297:str.length() - (maxWidth - 3) |==> str.length() * (maxWidth - 3)
2456:AOR:-(int,int):+(int,int):org.apache.commons.lang3.StringUtils@abbreviate(java.lang.String,int,int):5585:221297:str.length() - (maxWidth - 3) |==> str.length() + (maxWidth - 3)
2457:AOR:-(int,int):/(int,int):org.apache.commons.lang3.StringUtils@abbreviate(java.lang.String,int,int):5585:221297:str.length() - (maxWidth - 3) |==> str.length() / (maxWidth - 3)
2458:STD:<ASSIGN>:<NO-OP>:org.apache.commons.lang3.StringUtils@abbreviate(java.lang.String,int,int):5585:221288:offset = str.length() - (maxWidth - 3); |==> <NO-OP>
2459:LVR:POS:0:org.apache.commons.lang3.StringUtils@abbreviate(java.lang.String,int,int):5588:221396:4 |==> 0
2460:LVR:POS:NEG:org.apache.commons.lang3.StringUtils@abbreviate(java.lang.String,int,int):5588:221396:4 |==> -4
2461:ROR:<=(int,int):<(int,int):org.apache.commons.lang3.StringUtils@abbreviate(java.lang.String,int,int):5588:221386:offset <= 4 |==> offset < 4
2462:ROR:<=(int,int):==(int,int):org.apache.commons.lang3.StringUtils@abbreviate(java.lang.String,int,int):5588:221386:offset <= 4 |==> offset == 4
2463:ROR:<=(int,int):TRUE(int,int):org.apache.commons.lang3.StringUtils@abbreviate(java.lang.String,int,int):5588:221393:offset <= 4 |==> true
2464:LVR:0:POS:org.apache.commons.lang3.StringUtils@abbreviate(java.lang.String,int,int):5589:221434:0 |==> 1
2465:LVR:0:NEG:org.apache.commons.lang3.StringUtils@abbreviate(java.lang.String,int,int):5589:221434:0 |==> -1
2466:LVR:POS:0:org.apache.commons.lang3.StringUtils@abbreviate(java.lang.String,int,int):5589:221448:3 |==> 0
2467:LVR:POS:NEG:org.apache.commons.lang3.StringUtils@abbreviate(java.lang.String,int,int):5589:221448:3 |==> -3
2468:AOR:-(int,int):%(int,int):org.apache.commons.lang3.StringUtils@abbreviate(java.lang.String,int,int):5589:221437:maxWidth - 3 |==> maxWidth % 3
2469:AOR:-(int,int):*(int,int):org.apache.commons.lang3.StringUtils@abbreviate(java.lang.String,int,int):5589:221437:maxWidth - 3 |==> maxWidth * 3
2470:AOR:-(int,int):+(int,int):org.apache.commons.lang3.StringUtils@abbreviate(java.lang.String,int,int):5589:221437:maxWidth - 3 |==> maxWidth + 3
2471:AOR:-(int,int):/(int,int):org.apache.commons.lang3.StringUtils@abbreviate(java.lang.String,int,int):5589:221437:maxWidth - 3 |==> maxWidth / 3
2472:LVR:POS:0:org.apache.commons.lang3.StringUtils@abbreviate(java.lang.String,int,int):5591:221499:7 |==> 0
2473:LVR:POS:NEG:org.apache.commons.lang3.StringUtils@abbreviate(java.lang.String,int,int):5591:221499:7 |==> -7
2474:ROR:<(int,int):!=(int,int):org.apache.commons.lang3.StringUtils@abbreviate(java.lang.String,int,int):5591:221488:maxWidth < 7 |==> maxWidth != 7
2475:ROR:<(int,int):<=(int,int):org.apache.commons.lang3.StringUtils@abbreviate(java.lang.String,int,int):5591:221488:maxWidth < 7 |==> maxWidth <= 7
2476:ROR:<(int,int):FALSE(int,int):org.apache.commons.lang3.StringUtils@abbreviate(java.lang.String,int,int):5591:221497:maxWidth < 7 |==> false
2477:LVR:POS:0:org.apache.commons.lang3.StringUtils@abbreviate(java.lang.String,int,int):5594:221643:3 |==> 0
2478:LVR:POS:NEG:org.apache.commons.lang3.StringUtils@abbreviate(java.lang.String,int,int):5594:221643:3 |==> -3
2479:AOR:-(int,int):%(int,int):org.apache.commons.lang3.StringUtils@abbreviate(java.lang.String,int,int):5594:221632:maxWidth - 3 |==> maxWidth % 3
2480:AOR:-(int,int):*(int,int):org.apache.commons.lang3.StringUtils@abbreviate(java.lang.String,int,int):5594:221632:maxWidth - 3 |==> maxWidth * 3
2481:AOR:-(int,int):+(int,int):org.apache.commons.lang3.StringUtils@abbreviate(java.lang.String,int,int):5594:221632:maxWidth - 3 |==> maxWidth + 3
2482:AOR:-(int,int):/(int,int):org.apache.commons.lang3.StringUtils@abbreviate(java.lang.String,int,int):5594:221632:maxWidth - 3 |==> maxWidth / 3
2483:AOR:+(int,int):%(int,int):org.apache.commons.lang3.StringUtils@abbreviate(java.lang.String,int,int):5594:221622:offset + (maxWidth - 3) |==> offset % (maxWidth - 3)
2484:AOR:+(int,int):*(int,int):org.apache.commons.lang3.StringUtils@abbreviate(java.lang.String,int,int):5594:221622:offset + (maxWidth - 3) |==> offset * (maxWidth - 3)
2485:AOR:+(int,int):-(int,int):org.apache.commons.lang3.StringUtils@abbreviate(java.lang.String,int,int):5594:221622:offset + (maxWidth - 3) |==> offset - (maxWidth - 3)
2486:AOR:+(int,int):/(int,int):org.apache.commons.lang3.StringUtils@abbreviate(java.lang.String,int,int):5594:221622:offset + (maxWidth - 3) |==> offset / (maxWidth - 3)
2487:ROR:<(int,int):!=(int,int):org.apache.commons.lang3.StringUtils@abbreviate(java.lang.String,int,int):5594:221621:(offset + (maxWidth - 3)) < str.length() |==> (offset + (maxWidth - 3)) != str.length()
2488:ROR:<(int,int):<=(int,int):org.apache.commons.lang3.StringUtils@abbreviate(java.lang.String,int,int):5594:221621:(offset + (maxWidth - 3)) < str.length() |==> (offset + (maxWidth - 3)) <= str.length()
2489:ROR:<(int,int):FALSE(int,int):org.apache.commons.lang3.StringUtils@abbreviate(java.lang.String,int,int):5594:221647:(offset + (maxWidth - 3)) < str.length() |==> false
2490:LVR:POS:0:org.apache.commons.lang3.StringUtils@abbreviate(java.lang.String,int,int):5595:221743:3 |==> 0
2491:LVR:POS:NEG:org.apache.commons.lang3.StringUtils@abbreviate(java.lang.String,int,int):5595:221743:3 |==> -3
2492:AOR:-(int,int):%(int,int):org.apache.commons.lang3.StringUtils@abbreviate(java.lang.String,int,int):5595:221732:maxWidth - 3 |==> maxWidth % 3
2493:AOR:-(int,int):*(int,int):org.apache.commons.lang3.StringUtils@abbreviate(java.lang.String,int,int):5595:221732:maxWidth - 3 |==> maxWidth * 3
2494:AOR:-(int,int):+(int,int):org.apache.commons.lang3.StringUtils@abbreviate(java.lang.String,int,int):5595:221732:maxWidth - 3 |==> maxWidth + 3
2495:AOR:-(int,int):/(int,int):org.apache.commons.lang3.StringUtils@abbreviate(java.lang.String,int,int):5595:221732:maxWidth - 3 |==> maxWidth / 3
2496:LVR:POS:0:org.apache.commons.lang3.StringUtils@abbreviate(java.lang.String,int,int):5597:221827:3 |==> 0
2497:LVR:POS:NEG:org.apache.commons.lang3.StringUtils@abbreviate(java.lang.String,int,int):5597:221827:3 |==> -3
2498:AOR:-(int,int):%(int,int):org.apache.commons.lang3.StringUtils@abbreviate(java.lang.String,int,int):5597:221816:maxWidth - 3 |==> maxWidth % 3
2499:AOR:-(int,int):*(int,int):org.apache.commons.lang3.StringUtils@abbreviate(java.lang.String,int,int):5597:221816:maxWidth - 3 |==> maxWidth * 3
2500:AOR:-(int,int):+(int,int):org.apache.commons.lang3.StringUtils@abbreviate(java.lang.String,int,int):5597:221816:maxWidth - 3 |==> maxWidth + 3
2501:AOR:-(int,int):/(int,int):org.apache.commons.lang3.StringUtils@abbreviate(java.lang.String,int,int):5597:221816:maxWidth - 3 |==> maxWidth / 3
2502:AOR:-(int,int):%(int,int):org.apache.commons.lang3.StringUtils@abbreviate(java.lang.String,int,int):5597:221800:str.length() - (maxWidth - 3) |==> str.length() % (maxWidth - 3)
2503:AOR:-(int,int):*(int,int):org.apache.commons.lang3.StringUtils@abbreviate(java.lang.String,int,int):5597:221800:str.length() - (maxWidth - 3) |==> str.length() * (maxWidth - 3)
2504:AOR:-(int,int):+(int,int):org.apache.commons.lang3.StringUtils@abbreviate(java.lang.String,int,int):5597:221800:str.length() - (maxWidth - 3) |==> str.length() + (maxWidth - 3)
2505:AOR:-(int,int):/(int,int):org.apache.commons.lang3.StringUtils@abbreviate(java.lang.String,int,int):5597:221800:str.length() - (maxWidth - 3) |==> str.length() / (maxWidth - 3)
2506:COR:||(boolean,boolean):!=(boolean,boolean):org.apache.commons.lang3.StringUtils@abbreviateMiddle(java.lang.String,java.lang.String,int):5630:223441:isEmpty(str) || isEmpty(middle) |==> isEmpty(str) != isEmpty(middle)
2507:COR:||(boolean,boolean):LHS(boolean,boolean):org.apache.commons.lang3.StringUtils@abbreviateMiddle(java.lang.String,java.lang.String,int):5630:223441:isEmpty(str) || isEmpty(middle) |==> isEmpty(str)
2508:COR:||(boolean,boolean):RHS(boolean,boolean):org.apache.commons.lang3.StringUtils@abbreviateMiddle(java.lang.String,java.lang.String,int):5630:223457:isEmpty(str) || isEmpty(middle) |==> isEmpty(middle)
2509:COR:||(boolean,boolean):TRUE(boolean,boolean):org.apache.commons.lang3.StringUtils@abbreviateMiddle(java.lang.String,java.lang.String,int):5630:223454:isEmpty(str) || isEmpty(middle) |==> true
2510:ROR:>=(int,int):==(int,int):org.apache.commons.lang3.StringUtils@abbreviateMiddle(java.lang.String,java.lang.String,int):5634:223529:length >= str.length() |==> length == str.length()
2511:ROR:>=(int,int):>(int,int):org.apache.commons.lang3.StringUtils@abbreviateMiddle(java.lang.String,java.lang.String,int):5634:223529:length >= str.length() |==> length > str.length()
2512:ROR:>=(int,int):TRUE(int,int):org.apache.commons.lang3.StringUtils@abbreviateMiddle(java.lang.String,java.lang.String,int):5634:223536:length >= str.length() |==> true
2513:LVR:POS:0:org.apache.commons.lang3.StringUtils@abbreviateMiddle(java.lang.String,java.lang.String,int):5634:223581:2 |==> 0
2514:LVR:POS:NEG:org.apache.commons.lang3.StringUtils@abbreviateMiddle(java.lang.String,java.lang.String,int):5634:223581:2 |==> -2
2515:AOR:+(int,int):%(int,int):org.apache.commons.lang3.StringUtils@abbreviateMiddle(java.lang.String,java.lang.String,int):5634:223565:middle.length() + 2 |==> middle.length() % 2
2516:AOR:+(int,int):*(int,int):org.apache.commons.lang3.StringUtils@abbreviateMiddle(java.lang.String,java.lang.String,int):5634:223565:middle.length() + 2 |==> middle.length() * 2
2517:AOR:+(int,int):-(int,int):org.apache.commons.lang3.StringUtils@abbreviateMiddle(java.lang.String,java.lang.String,int):5634:223565:middle.length() + 2 |==> middle.length() - 2
2518:AOR:+(int,int):/(int,int):org.apache.commons.lang3.StringUtils@abbreviateMiddle(java.lang.String,java.lang.String,int):5634:223565:middle.length() + 2 |==> middle.length() / 2
2519:ROR:<(int,int):!=(int,int):org.apache.commons.lang3.StringUtils@abbreviateMiddle(java.lang.String,java.lang.String,int):5634:223555:length < (middle.length() + 2) |==> length != (middle.length() + 2)
2520:ROR:<(int,int):<=(int,int):org.apache.commons.lang3.StringUtils@abbreviateMiddle(java.lang.String,java.lang.String,int):5634:223555:length < (middle.length() + 2) |==> length <= (middle.length() + 2)
2521:ROR:<(int,int):FALSE(int,int):org.apache.commons.lang3.StringUtils@abbreviateMiddle(java.lang.String,java.lang.String,int):5634:223562:length < (middle.length() + 2) |==> false
2522:COR:||(boolean,boolean):!=(boolean,boolean):org.apache.commons.lang3.StringUtils@abbreviateMiddle(java.lang.String,java.lang.String,int):5634:223529:length >= str.length() || length < (middle.length() + 2) |==> length >= str.length() != length < (middle.length() + 2)
2523:COR:||(boolean,boolean):LHS(boolean,boolean):org.apache.commons.lang3.StringUtils@abbreviateMiddle(java.lang.String,java.lang.String,int):5634:223529:length >= str.length() || length < (middle.length() + 2) |==> length >= str.length()
2524:COR:||(boolean,boolean):RHS(boolean,boolean):org.apache.commons.lang3.StringUtils@abbreviateMiddle(java.lang.String,java.lang.String,int):5634:223555:length >= str.length() || length < (middle.length() + 2) |==> length < (middle.length() + 2)
2525:COR:||(boolean,boolean):TRUE(boolean,boolean):org.apache.commons.lang3.StringUtils@abbreviateMiddle(java.lang.String,java.lang.String,int):5634:223552:length >= str.length() || length < (middle.length() + 2) |==> true
2526:AOR:-(int,int):%(int,int):org.apache.commons.lang3.StringUtils@abbreviateMiddle(java.lang.String,java.lang.String,int):5638:223648:length - middle.length() |==> length % middle.length()
2527:AOR:-(int,int):*(int,int):org.apache.commons.lang3.StringUtils@abbreviateMiddle(java.lang.String,java.lang.String,int):5638:223648:length - middle.length() |==> length * middle.length()
2528:AOR:-(int,int):+(int,int):org.apache.commons.lang3.StringUtils@abbreviateMiddle(java.lang.String,java.lang.String,int):5638:223648:length - middle.length() |==> length + middle.length()
2529:AOR:-(int,int):/(int,int):org.apache.commons.lang3.StringUtils@abbreviateMiddle(java.lang.String,java.lang.String,int):5638:223648:length - middle.length() |==> length / middle.length()
2530:LVR:POS:0:org.apache.commons.lang3.StringUtils@abbreviateMiddle(java.lang.String,java.lang.String,int):5639:223710:2 |==> 0
2531:LVR:POS:NEG:org.apache.commons.lang3.StringUtils@abbreviateMiddle(java.lang.String,java.lang.String,int):5639:223710:2 |==> -2
2532:AOR:/(int,int):%(int,int):org.apache.commons.lang3.StringUtils@abbreviateMiddle(java.lang.String,java.lang.String,int):5639:223698:targetSting / 2 |==> targetSting % 2
2533:AOR:/(int,int):*(int,int):org.apache.commons.lang3.StringUtils@abbreviateMiddle(java.lang.String,java.lang.String,int):5639:223698:targetSting / 2 |==> targetSting * 2
2534:AOR:/(int,int):+(int,int):org.apache.commons.lang3.StringUtils@abbreviateMiddle(java.lang.String,java.lang.String,int):5639:223698:targetSting / 2 |==> targetSting + 2
2535:AOR:/(int,int):-(int,int):org.apache.commons.lang3.StringUtils@abbreviateMiddle(java.lang.String,java.lang.String,int):5639:223698:targetSting / 2 |==> targetSting - 2
2536:LVR:POS:0:org.apache.commons.lang3.StringUtils@abbreviateMiddle(java.lang.String,java.lang.String,int):5639:223724:2 |==> 0
2537:AOR:%(int,int):*(int,int):org.apache.commons.lang3.StringUtils@abbreviateMiddle(java.lang.String,java.lang.String,int):5639:223712:targetSting % 2 |==> targetSting * 2
2538:AOR:%(int,int):+(int,int):org.apache.commons.lang3.StringUtils@abbreviateMiddle(java.lang.String,java.lang.String,int):5639:223712:targetSting % 2 |==> targetSting + 2
2539:AOR:%(int,int):-(int,int):org.apache.commons.lang3.StringUtils@abbreviateMiddle(java.lang.String,java.lang.String,int):5639:223712:targetSting % 2 |==> targetSting - 2
2540:AOR:%(int,int):/(int,int):org.apache.commons.lang3.StringUtils@abbreviateMiddle(java.lang.String,java.lang.String,int):5639:223712:targetSting % 2 |==> targetSting / 2
2541:AOR:+(int,int):%(int,int):org.apache.commons.lang3.StringUtils@abbreviateMiddle(java.lang.String,java.lang.String,int):5639:223698:targetSting / 2 + targetSting % 2 |==> targetSting / 2 % (targetSting % 2)
2542:AOR:+(int,int):*(int,int):org.apache.commons.lang3.StringUtils@abbreviateMiddle(java.lang.String,java.lang.String,int):5639:223698:targetSting / 2 + targetSting % 2 |==> targetSting / 2 * (targetSting % 2)
2543:AOR:+(int,int):-(int,int):org.apache.commons.lang3.StringUtils@abbreviateMiddle(java.lang.String,java.lang.String,int):5639:223698:targetSting / 2 + targetSting % 2 |==> targetSting / 2 - targetSting % 2
2544:AOR:+(int,int):/(int,int):org.apache.commons.lang3.StringUtils@abbreviateMiddle(java.lang.String,java.lang.String,int):5639:223698:targetSting / 2 + targetSting % 2 |==> targetSting / 2 / (targetSting % 2)
2545:LVR:POS:0:org.apache.commons.lang3.StringUtils@abbreviateMiddle(java.lang.String,java.lang.String,int):5640:223776:2 |==> 0
2546:LVR:POS:NEG:org.apache.commons.lang3.StringUtils@abbreviateMiddle(java.lang.String,java.lang.String,int):5640:223776:2 |==> -2
2547:AOR:/(int,int):%(int,int):org.apache.commons.lang3.StringUtils@abbreviateMiddle(java.lang.String,java.lang.String,int):5640:223764:targetSting / 2 |==> targetSting % 2
2548:AOR:/(int,int):*(int,int):org.apache.commons.lang3.StringUtils@abbreviateMiddle(java.lang.String,java.lang.String,int):5640:223764:targetSting / 2 |==> targetSting * 2
2549:AOR:/(int,int):+(int,int):org.apache.commons.lang3.StringUtils@abbreviateMiddle(java.lang.String,java.lang.String,int):5640:223764:targetSting / 2 |==> targetSting + 2
2550:AOR:/(int,int):-(int,int):org.apache.commons.lang3.StringUtils@abbreviateMiddle(java.lang.String,java.lang.String,int):5640:223764:targetSting / 2 |==> targetSting - 2
2551:AOR:-(int,int):%(int,int):org.apache.commons.lang3.StringUtils@abbreviateMiddle(java.lang.String,java.lang.String,int):5640:223751:str.length() - targetSting / 2 |==> str.length() % (targetSting / 2)
2552:AOR:-(int,int):*(int,int):org.apache.commons.lang3.StringUtils@abbreviateMiddle(java.lang.String,java.lang.String,int):5640:223751:str.length() - targetSting / 2 |==> str.length() * (targetSting / 2)
2553:AOR:-(int,int):+(int,int):org.apache.commons.lang3.StringUtils@abbreviateMiddle(java.lang.String,java.lang.String,int):5640:223751:str.length() - targetSting / 2 |==> str.length() + targetSting / 2
2554:AOR:-(int,int):/(int,int):org.apache.commons.lang3.StringUtils@abbreviateMiddle(java.lang.String,java.lang.String,int):5640:223751:str.length() - targetSting / 2 |==> str.length() / (targetSting / 2)
2555:LVR:0:POS:org.apache.commons.lang3.StringUtils@abbreviateMiddle(java.lang.String,java.lang.String,int):5643:223884:0 |==> 1
2556:LVR:0:NEG:org.apache.commons.lang3.StringUtils@abbreviateMiddle(java.lang.String,java.lang.String,int):5643:223884:0 |==> -1
2557:STD:<CALL>:<NO-OP>:org.apache.commons.lang3.StringUtils@abbreviateMiddle(java.lang.String,java.lang.String,int):5643:223855:builder.append(str.substring(0, startOffset)); |==> <NO-OP>
2558:STD:<CALL>:<NO-OP>:org.apache.commons.lang3.StringUtils@abbreviateMiddle(java.lang.String,java.lang.String,int):5644:223909:builder.append(middle); |==> <NO-OP>
2559:STD:<CALL>:<NO-OP>:org.apache.commons.lang3.StringUtils@abbreviateMiddle(java.lang.String,java.lang.String,int):5645:223941:builder.append(str.substring(endOffset)); |==> <NO-OP>
2560:ROR:==(java.lang.Object,java.lang.Object):FALSE(java.lang.Object,java.lang.Object):org.apache.commons.lang3.StringUtils@difference(java.lang.String,java.lang.String):5678:225215:str1 == null |==> false
2561:ROR:==(java.lang.Object,java.lang.Object):FALSE(java.lang.Object,java.lang.Object):org.apache.commons.lang3.StringUtils@difference(java.lang.String,java.lang.String):5681:225278:str2 == null |==> false
2562:ROR:==(int,int):<=(int,int):org.apache.commons.lang3.StringUtils@difference(java.lang.String,java.lang.String):5685:225384:at == INDEX_NOT_FOUND |==> at <= INDEX_NOT_FOUND
2563:ROR:==(int,int):>=(int,int):org.apache.commons.lang3.StringUtils@difference(java.lang.String,java.lang.String):5685:225384:at == INDEX_NOT_FOUND |==> at >= INDEX_NOT_FOUND
2564:ROR:==(int,int):FALSE(int,int):org.apache.commons.lang3.StringUtils@difference(java.lang.String,java.lang.String):5685:225387:at == INDEX_NOT_FOUND |==> false
2565:ROR:==(java.lang.Object,java.lang.Object):FALSE(java.lang.Object,java.lang.Object):org.apache.commons.lang3.StringUtils@indexOfDifference(java.lang.CharSequence,java.lang.CharSequence):5715:226510:cs1 == cs2 |==> false
2566:ROR:==(java.lang.Object,java.lang.Object):FALSE(java.lang.Object,java.lang.Object):org.apache.commons.lang3.StringUtils@indexOfDifference(java.lang.CharSequence,java.lang.CharSequence):5718:226582:cs1 == null |==> false
2567:ROR:==(java.lang.Object,java.lang.Object):FALSE(java.lang.Object,java.lang.Object):org.apache.commons.lang3.StringUtils@indexOfDifference(java.lang.CharSequence,java.lang.CharSequence):5718:226597:cs2 == null |==> false
2568:COR:||(boolean,boolean):!=(boolean,boolean):org.apache.commons.lang3.StringUtils@indexOfDifference(java.lang.CharSequence,java.lang.CharSequence):5718:226578:cs1 == null || cs2 == null |==> cs1 == null != (cs2 == null)
2569:COR:||(boolean,boolean):LHS(boolean,boolean):org.apache.commons.lang3.StringUtils@indexOfDifference(java.lang.CharSequence,java.lang.CharSequence):5718:226578:cs1 == null || cs2 == null |==> cs1 == null
2570:COR:||(boolean,boolean):RHS(boolean,boolean):org.apache.commons.lang3.StringUtils@indexOfDifference(java.lang.CharSequence,java.lang.CharSequence):5718:226593:cs1 == null || cs2 == null |==> cs2 == null
2571:COR:||(boolean,boolean):TRUE(boolean,boolean):org.apache.commons.lang3.StringUtils@indexOfDifference(java.lang.CharSequence,java.lang.CharSequence):5718:226590:cs1 == null || cs2 == null |==> true
2572:LVR:0:POS:org.apache.commons.lang3.StringUtils@indexOfDifference(java.lang.CharSequence,java.lang.CharSequence):5719:226627:0 |==> 1
2573:LVR:0:NEG:org.apache.commons.lang3.StringUtils@indexOfDifference(java.lang.CharSequence,java.lang.CharSequence):5719:226627:0 |==> -1
2574:LVR:0:POS:org.apache.commons.lang3.StringUtils@indexOfDifference(java.lang.CharSequence,java.lang.CharSequence):5722:226672:0 |==> 1
2575:LVR:0:NEG:org.apache.commons.lang3.StringUtils@indexOfDifference(java.lang.CharSequence,java.lang.CharSequence):5722:226672:0 |==> -1
2576:ROR:<(int,int):!=(int,int):org.apache.commons.lang3.StringUtils@indexOfDifference(java.lang.CharSequence,java.lang.CharSequence):5722:226675:i < cs1.length() |==> i != cs1.length()
2577:ROR:<(int,int):<=(int,int):org.apache.commons.lang3.StringUtils@indexOfDifference(java.lang.CharSequence,java.lang.CharSequence):5722:226675:i < cs1.length() |==> i <= cs1.length()
2578:ROR:<(int,int):FALSE(int,int):org.apache.commons.lang3.StringUtils@indexOfDifference(java.lang.CharSequence,java.lang.CharSequence):5722:226677:i < cs1.length() |==> false
2579:ROR:<(int,int):!=(int,int):org.apache.commons.lang3.StringUtils@indexOfDifference(java.lang.CharSequence,java.lang.CharSequence):5722:226695:i < cs2.length() |==> i != cs2.length()
2580:ROR:<(int,int):<=(int,int):org.apache.commons.lang3.StringUtils@indexOfDifference(java.lang.CharSequence,java.lang.CharSequence):5722:226695:i < cs2.length() |==> i <= cs2.length()
2581:ROR:<(int,int):FALSE(int,int):org.apache.commons.lang3.StringUtils@indexOfDifference(java.lang.CharSequence,java.lang.CharSequence):5722:226697:i < cs2.length() |==> false
2582:COR:&&(boolean,boolean):==(boolean,boolean):org.apache.commons.lang3.StringUtils@indexOfDifference(java.lang.CharSequence,java.lang.CharSequence):5722:226675:i < cs1.length() && i < cs2.length() |==> i < cs1.length() == i < cs2.length()
2583:COR:&&(boolean,boolean):FALSE(boolean,boolean):org.apache.commons.lang3.StringUtils@indexOfDifference(java.lang.CharSequence,java.lang.CharSequence):5722:226692:i < cs1.length() && i < cs2.length() |==> false
2584:COR:&&(boolean,boolean):LHS(boolean,boolean):org.apache.commons.lang3.StringUtils@indexOfDifference(java.lang.CharSequence,java.lang.CharSequence):5722:226675:i < cs1.length() && i < cs2.length() |==> i < cs1.length()
2585:COR:&&(boolean,boolean):RHS(boolean,boolean):org.apache.commons.lang3.StringUtils@indexOfDifference(java.lang.CharSequence,java.lang.CharSequence):5722:226695:i < cs1.length() && i < cs2.length() |==> i < cs2.length()
2586:ROR:!=(int,int):<(int,int):org.apache.commons.lang3.StringUtils@indexOfDifference(java.lang.CharSequence,java.lang.CharSequence):5723:226736:cs1.charAt(i) != cs2.charAt(i) |==> cs1.charAt(i) < cs2.charAt(i)
2587:ROR:!=(int,int):>(int,int):org.apache.commons.lang3.StringUtils@indexOfDifference(java.lang.CharSequence,java.lang.CharSequence):5723:226736:cs1.charAt(i) != cs2.charAt(i) |==> cs1.charAt(i) > cs2.charAt(i)
2588:ROR:!=(int,int):TRUE(int,int):org.apache.commons.lang3.StringUtils@indexOfDifference(java.lang.CharSequence,java.lang.CharSequence):5723:226750:cs1.charAt(i) != cs2.charAt(i) |==> true
2589:ROR:<(int,int):!=(int,int):org.apache.commons.lang3.StringUtils@indexOfDifference(java.lang.CharSequence,java.lang.CharSequence):5727:226829:i < cs2.length() |==> i != cs2.length()
2590:ROR:<(int,int):<=(int,int):org.apache.commons.lang3.StringUtils@indexOfDifference(java.lang.CharSequence,java.lang.CharSequence):5727:226829:i < cs2.length() |==> i <= cs2.length()
2591:ROR:<(int,int):FALSE(int,int):org.apache.commons.lang3.StringUtils@indexOfDifference(java.lang.CharSequence,java.lang.CharSequence):5727:226831:i < cs2.length() |==> false
2592:ROR:<(int,int):!=(int,int):org.apache.commons.lang3.StringUtils@indexOfDifference(java.lang.CharSequence,java.lang.CharSequence):5727:226849:i < cs1.length() |==> i != cs1.length()
2593:ROR:<(int,int):<=(int,int):org.apache.commons.lang3.StringUtils@indexOfDifference(java.lang.CharSequence,java.lang.CharSequence):5727:226849:i < cs1.length() |==> i <= cs1.length()
2594:ROR:<(int,int):FALSE(int,int):org.apache.commons.lang3.StringUtils@indexOfDifference(java.lang.CharSequence,java.lang.CharSequence):5727:226851:i < cs1.length() |==> false
2595:COR:||(boolean,boolean):!=(boolean,boolean):org.apache.commons.lang3.StringUtils@indexOfDifference(java.lang.CharSequence,java.lang.CharSequence):5727:226829:i < cs2.length() || i < cs1.length() |==> i < cs2.length() != i < cs1.length()
2596:COR:||(boolean,boolean):LHS(boolean,boolean):org.apache.commons.lang3.StringUtils@indexOfDifference(java.lang.CharSequence,java.lang.CharSequence):5727:226829:i < cs2.length() || i < cs1.length() |==> i < cs2.length()
2597:COR:||(boolean,boolean):RHS(boolean,boolean):org.apache.commons.lang3.StringUtils@indexOfDifference(java.lang.CharSequence,java.lang.CharSequence):5727:226849:i < cs2.length() || i < cs1.length() |==> i < cs1.length()
2598:COR:||(boolean,boolean):TRUE(boolean,boolean):org.apache.commons.lang3.StringUtils@indexOfDifference(java.lang.CharSequence,java.lang.CharSequence):5727:226846:i < cs2.length() || i < cs1.length() |==> true
2599:ROR:==(java.lang.Object,java.lang.Object):FALSE(java.lang.Object,java.lang.Object):org.apache.commons.lang3.StringUtils@indexOfDifference(java.lang.CharSequence[]):5765:228666:css == null |==> false
2600:LVR:POS:0:org.apache.commons.lang3.StringUtils@indexOfDifference(java.lang.CharSequence[]):5765:228691:1 |==> 0
2601:LVR:POS:NEG:org.apache.commons.lang3.StringUtils@indexOfDifference(java.lang.CharSequence[]):5765:228691:1 |==> -1
2602:ROR:<=(int,int):<(int,int):org.apache.commons.lang3.StringUtils@indexOfDifference(java.lang.CharSequence[]):5765:228677:css.length <= 1 |==> css.length < 1
2603:ROR:<=(int,int):==(int,int):org.apache.commons.lang3.StringUtils@indexOfDifference(java.lang.CharSequence[]):5765:228677:css.length <= 1 |==> css.length == 1
2604:ROR:<=(int,int):TRUE(int,int):org.apache.commons.lang3.StringUtils@indexOfDifference(java.lang.CharSequence[]):5765:228688:css.length <= 1 |==> true
2605:COR:||(boolean,boolean):!=(boolean,boolean):org.apache.commons.lang3.StringUtils@indexOfDifference(java.lang.CharSequence[]):5765:228662:css == null || css.length <= 1 |==> css == null != css.length <= 1
2606:COR:||(boolean,boolean):LHS(boolean,boolean):org.apache.commons.lang3.StringUtils@indexOfDifference(java.lang.CharSequence[]):5765:228662:css == null || css.length <= 1 |==> css == null
2607:COR:||(boolean,boolean):RHS(boolean,boolean):org.apache.commons.lang3.StringUtils@indexOfDifference(java.lang.CharSequence[]):5765:228677:css == null || css.length <= 1 |==> css.length <= 1
2608:COR:||(boolean,boolean):TRUE(boolean,boolean):org.apache.commons.lang3.StringUtils@indexOfDifference(java.lang.CharSequence[]):5765:228674:css == null || css.length <= 1 |==> true
2609:LVR:FALSE:TRUE:org.apache.commons.lang3.StringUtils@indexOfDifference(java.lang.CharSequence[]):5768:228774:false |==> true
2610:LVR:TRUE:FALSE:org.apache.commons.lang3.StringUtils@indexOfDifference(java.lang.CharSequence[]):5769:228814:true |==> false
2611:LVR:0:POS:org.apache.commons.lang3.StringUtils@indexOfDifference(java.lang.CharSequence[]):5772:228931:0 |==> 1
2612:LVR:0:NEG:org.apache.commons.lang3.StringUtils@indexOfDifference(java.lang.CharSequence[]):5772:228931:0 |==> -1
2613:LVR:0:POS:org.apache.commons.lang3.StringUtils@indexOfDifference(java.lang.CharSequence[]):5777:229141:0 |==> 1
2614:LVR:0:NEG:org.apache.commons.lang3.StringUtils@indexOfDifference(java.lang.CharSequence[]):5777:229141:0 |==> -1
2615:ROR:<(int,int):!=(int,int):org.apache.commons.lang3.StringUtils@indexOfDifference(java.lang.CharSequence[]):5777:229144:i < arrayLen |==> i != arrayLen
2616:ROR:<(int,int):<=(int,int):org.apache.commons.lang3.StringUtils@indexOfDifference(java.lang.CharSequence[]):5777:229144:i < arrayLen |==> i <= arrayLen
2617:ROR:<(int,int):FALSE(int,int):org.apache.commons.lang3.StringUtils@indexOfDifference(java.lang.CharSequence[]):5777:229146:i < arrayLen |==> false
2618:ROR:==(java.lang.Object,java.lang.Object):FALSE(java.lang.Object,java.lang.Object):org.apache.commons.lang3.StringUtils@indexOfDifference(java.lang.CharSequence[]):5778:229188:css[i] == null |==> false
2619:LVR:TRUE:FALSE:org.apache.commons.lang3.StringUtils@indexOfDifference(java.lang.CharSequence[]):5779:229231:true |==> false
2620:STD:<ASSIGN>:<NO-OP>:org.apache.commons.lang3.StringUtils@indexOfDifference(java.lang.CharSequence[]):5779:229215:anyStringNull = true; |==> <NO-OP>
2621:LVR:0:POS:org.apache.commons.lang3.StringUtils@indexOfDifference(java.lang.CharSequence[]):5780:229270:0 |==> 1
2622:LVR:0:NEG:org.apache.commons.lang3.StringUtils@indexOfDifference(java.lang.CharSequence[]):5780:229270:0 |==> -1
2623:STD:<ASSIGN>:<NO-OP>:org.apache.commons.lang3.StringUtils@indexOfDifference(java.lang.CharSequence[]):5780:229253:shortestStrLen = 0; |==> <NO-OP>
2624:LVR:FALSE:TRUE:org.apache.commons.lang3.StringUtils@indexOfDifference(java.lang.CharSequence[]):5782:229327:false |==> true
2625:STD:<ASSIGN>:<NO-OP>:org.apache.commons.lang3.StringUtils@indexOfDifference(java.lang.CharSequence[]):5782:229310:allStringsNull = false; |==> <NO-OP>
2626:STD:<ASSIGN>:<NO-OP>:org.apache.commons.lang3.StringUtils@indexOfDifference(java.lang.CharSequence[]):5783:229350:shortestStrLen = Math.min(css[i].length(), shortestStrLen); |==> <NO-OP>
2627:STD:<ASSIGN>:<NO-OP>:org.apache.commons.lang3.StringUtils@indexOfDifference(java.lang.CharSequence[]):5784:229426:longestStrLen = Math.max(css[i].length(), longestStrLen); |==> <NO-OP>
2628:LVR:0:POS:org.apache.commons.lang3.StringUtils@indexOfDifference(java.lang.CharSequence[]):5789:229623:0 |==> 1
2629:LVR:0:NEG:org.apache.commons.lang3.StringUtils@indexOfDifference(java.lang.CharSequence[]):5789:229623:0 |==> -1
2630:ROR:==(int,int):<=(int,int):org.apache.commons.lang3.StringUtils@indexOfDifference(java.lang.CharSequence[]):5789:229606:longestStrLen == 0 |==> longestStrLen <= 0
2631:ROR:==(int,int):>=(int,int):org.apache.commons.lang3.StringUtils@indexOfDifference(java.lang.CharSequence[]):5789:229606:longestStrLen == 0 |==> longestStrLen >= 0
2632:ROR:==(int,int):FALSE(int,int):org.apache.commons.lang3.StringUtils@indexOfDifference(java.lang.CharSequence[]):5789:229620:longestStrLen == 0 |==> false
2633:COR:&&(boolean,boolean):==(boolean,boolean):org.apache.commons.lang3.StringUtils@indexOfDifference(java.lang.CharSequence[]):5789:229606:longestStrLen == 0 && !anyStringNull |==> longestStrLen == 0 == !anyStringNull
2634:COR:&&(boolean,boolean):FALSE(boolean,boolean):org.apache.commons.lang3.StringUtils@indexOfDifference(java.lang.CharSequence[]):5789:229625:longestStrLen == 0 && !anyStringNull |==> false
2635:COR:&&(boolean,boolean):LHS(boolean,boolean):org.apache.commons.lang3.StringUtils@indexOfDifference(java.lang.CharSequence[]):5789:229606:longestStrLen == 0 && !anyStringNull |==> longestStrLen == 0
2636:COR:&&(boolean,boolean):RHS(boolean,boolean):org.apache.commons.lang3.StringUtils@indexOfDifference(java.lang.CharSequence[]):5789:229628:longestStrLen == 0 && !anyStringNull |==> !anyStringNull
2637:COR:||(boolean,boolean):!=(boolean,boolean):org.apache.commons.lang3.StringUtils@indexOfDifference(java.lang.CharSequence[]):5789:229587:allStringsNull || (longestStrLen == 0 && !anyStringNull) |==> allStringsNull != (longestStrLen == 0 && !anyStringNull)
2638:COR:||(boolean,boolean):LHS(boolean,boolean):org.apache.commons.lang3.StringUtils@indexOfDifference(java.lang.CharSequence[]):5789:229587:allStringsNull || (longestStrLen == 0 && !anyStringNull) |==> allStringsNull
2639:COR:||(boolean,boolean):RHS(boolean,boolean):org.apache.commons.lang3.StringUtils@indexOfDifference(java.lang.CharSequence[]):5789:229605:allStringsNull || (longestStrLen == 0 && !anyStringNull) |==> (longestStrLen == 0 && !anyStringNull)
2640:COR:||(boolean,boolean):TRUE(boolean,boolean):org.apache.commons.lang3.StringUtils@indexOfDifference(java.lang.CharSequence[]):5789:229602:allStringsNull || (longestStrLen == 0 && !anyStringNull) |==> true
2641:LVR:0:POS:org.apache.commons.lang3.StringUtils@indexOfDifference(java.lang.CharSequence[]):5794:229792:0 |==> 1
2642:LVR:0:NEG:org.apache.commons.lang3.StringUtils@indexOfDifference(java.lang.CharSequence[]):5794:229792:0 |==> -1
2643:ROR:==(int,int):<=(int,int):org.apache.commons.lang3.StringUtils@indexOfDifference(java.lang.CharSequence[]):5794:229774:shortestStrLen == 0 |==> shortestStrLen <= 0
2644:ROR:==(int,int):>=(int,int):org.apache.commons.lang3.StringUtils@indexOfDifference(java.lang.CharSequence[]):5794:229774:shortestStrLen == 0 |==> shortestStrLen >= 0
2645:ROR:==(int,int):FALSE(int,int):org.apache.commons.lang3.StringUtils@indexOfDifference(java.lang.CharSequence[]):5794:229789:shortestStrLen == 0 |==> false
2646:LVR:0:POS:org.apache.commons.lang3.StringUtils@indexOfDifference(java.lang.CharSequence[]):5795:229816:0 |==> 1
2647:LVR:0:NEG:org.apache.commons.lang3.StringUtils@indexOfDifference(java.lang.CharSequence[]):5795:229816:0 |==> -1
2648:LVR:NEG:0:org.apache.commons.lang3.StringUtils@indexOfDifference(java.lang.CharSequence[]):5799:229928:-1 |==> 0
2649:LVR:NEG:POS:org.apache.commons.lang3.StringUtils@indexOfDifference(java.lang.CharSequence[]):5799:229928:-1 |==> 1
2650:LVR:0:POS:org.apache.commons.lang3.StringUtils@indexOfDifference(java.lang.CharSequence[]):5800:229961:0 |==> 1
2651:LVR:0:NEG:org.apache.commons.lang3.StringUtils@indexOfDifference(java.lang.CharSequence[]):5800:229961:0 |==> -1
2652:ROR:<(int,int):!=(int,int):org.apache.commons.lang3.StringUtils@indexOfDifference(java.lang.CharSequence[]):5800:229964:stringPos < shortestStrLen |==> stringPos != shortestStrLen
2653:ROR:<(int,int):<=(int,int):org.apache.commons.lang3.StringUtils@indexOfDifference(java.lang.CharSequence[]):5800:229964:stringPos < shortestStrLen |==> stringPos <= shortestStrLen
2654:ROR:<(int,int):FALSE(int,int):org.apache.commons.lang3.StringUtils@indexOfDifference(java.lang.CharSequence[]):5800:229974:stringPos < shortestStrLen |==> false
2655:LVR:0:POS:org.apache.commons.lang3.StringUtils@indexOfDifference(java.lang.CharSequence[]):5801:230045:0 |==> 1
2656:LVR:0:NEG:org.apache.commons.lang3.StringUtils@indexOfDifference(java.lang.CharSequence[]):5801:230045:0 |==> -1
2657:LVR:POS:0:org.apache.commons.lang3.StringUtils@indexOfDifference(java.lang.CharSequence[]):5802:230099:1 |==> 0
2658:LVR:POS:NEG:org.apache.commons.lang3.StringUtils@indexOfDifference(java.lang.CharSequence[]):5802:230099:1 |==> -1
2659:ROR:<(int,int):!=(int,int):org.apache.commons.lang3.StringUtils@indexOfDifference(java.lang.CharSequence[]):5802:230102:arrayPos < arrayLen |==> arrayPos != arrayLen
2660:ROR:<(int,int):<=(int,int):org.apache.commons.lang3.StringUtils@indexOfDifference(java.lang.CharSequence[]):5802:230102:arrayPos < arrayLen |==> arrayPos <= arrayLen
2661:ROR:<(int,int):FALSE(int,int):org.apache.commons.lang3.StringUtils@indexOfDifference(java.lang.CharSequence[]):5802:230111:arrayPos < arrayLen |==> false
2662:ROR:!=(int,int):<(int,int):org.apache.commons.lang3.StringUtils@indexOfDifference(java.lang.CharSequence[]):5803:230157:css[arrayPos].charAt(stringPos) != comparisonChar |==> css[arrayPos].charAt(stringPos) < comparisonChar
2663:ROR:!=(int,int):>(int,int):org.apache.commons.lang3.StringUtils@indexOfDifference(java.lang.CharSequence[]):5803:230157:css[arrayPos].charAt(stringPos) != comparisonChar |==> css[arrayPos].charAt(stringPos) > comparisonChar
2664:ROR:!=(int,int):TRUE(int,int):org.apache.commons.lang3.StringUtils@indexOfDifference(java.lang.CharSequence[]):5803:230189:css[arrayPos].charAt(stringPos) != comparisonChar |==> true
2665:STD:<ASSIGN>:<NO-OP>:org.apache.commons.lang3.StringUtils@indexOfDifference(java.lang.CharSequence[]):5804:230230:firstDiff = stringPos; |==> <NO-OP>
2666:LVR:NEG:0:org.apache.commons.lang3.StringUtils@indexOfDifference(java.lang.CharSequence[]):5808:230341:-1 |==> 0
2667:LVR:NEG:POS:org.apache.commons.lang3.StringUtils@indexOfDifference(java.lang.CharSequence[]):5808:230341:-1 |==> 1
2668:ROR:!=(int,int):<(int,int):org.apache.commons.lang3.StringUtils@indexOfDifference(java.lang.CharSequence[]):5808:230328:firstDiff != -1 |==> firstDiff < -1
2669:ROR:!=(int,int):>(int,int):org.apache.commons.lang3.StringUtils@indexOfDifference(java.lang.CharSequence[]):5808:230328:firstDiff != -1 |==> firstDiff > -1
2670:ROR:!=(int,int):TRUE(int,int):org.apache.commons.lang3.StringUtils@indexOfDifference(java.lang.CharSequence[]):5808:230338:firstDiff != -1 |==> true
2671:LVR:NEG:0:org.apache.commons.lang3.StringUtils@indexOfDifference(java.lang.CharSequence[]):5813:230420:-1 |==> 0
2672:LVR:NEG:POS:org.apache.commons.lang3.StringUtils@indexOfDifference(java.lang.CharSequence[]):5813:230420:-1 |==> 1
2673:ROR:==(int,int):<=(int,int):org.apache.commons.lang3.StringUtils@indexOfDifference(java.lang.CharSequence[]):5813:230407:firstDiff == -1 |==> firstDiff <= -1
2674:ROR:==(int,int):>=(int,int):org.apache.commons.lang3.StringUtils@indexOfDifference(java.lang.CharSequence[]):5813:230407:firstDiff == -1 |==> firstDiff >= -1
2675:ROR:==(int,int):FALSE(int,int):org.apache.commons.lang3.StringUtils@indexOfDifference(java.lang.CharSequence[]):5813:230417:firstDiff == -1 |==> false
2676:ROR:!=(int,int):<(int,int):org.apache.commons.lang3.StringUtils@indexOfDifference(java.lang.CharSequence[]):5813:230426:shortestStrLen != longestStrLen |==> shortestStrLen < longestStrLen
2677:ROR:!=(int,int):>(int,int):org.apache.commons.lang3.StringUtils@indexOfDifference(java.lang.CharSequence[]):5813:230426:shortestStrLen != longestStrLen |==> shortestStrLen > longestStrLen
2678:ROR:!=(int,int):TRUE(int,int):org.apache.commons.lang3.StringUtils@indexOfDifference(java.lang.CharSequence[]):5813:230441:shortestStrLen != longestStrLen |==> true
2679:COR:&&(boolean,boolean):==(boolean,boolean):org.apache.commons.lang3.StringUtils@indexOfDifference(java.lang.CharSequence[]):5813:230407:firstDiff == -1 && shortestStrLen != longestStrLen |==> firstDiff == -1 == (shortestStrLen != longestStrLen)
2680:COR:&&(boolean,boolean):FALSE(boolean,boolean):org.apache.commons.lang3.StringUtils@indexOfDifference(java.lang.CharSequence[]):5813:230423:firstDiff == -1 && shortestStrLen != longestStrLen |==> false
2681:COR:&&(boolean,boolean):LHS(boolean,boolean):org.apache.commons.lang3.StringUtils@indexOfDifference(java.lang.CharSequence[]):5813:230407:firstDiff == -1 && shortestStrLen != longestStrLen |==> firstDiff == -1
2682:COR:&&(boolean,boolean):RHS(boolean,boolean):org.apache.commons.lang3.StringUtils@indexOfDifference(java.lang.CharSequence[]):5813:230426:firstDiff == -1 && shortestStrLen != longestStrLen |==> shortestStrLen != longestStrLen
2683:ROR:==(java.lang.Object,java.lang.Object):FALSE(java.lang.Object,java.lang.Object):org.apache.commons.lang3.StringUtils@getCommonPrefix(java.lang.String[]):5856:232614:strs == null |==> false
2684:LVR:0:POS:org.apache.commons.lang3.StringUtils@getCommonPrefix(java.lang.String[]):5856:232640:0 |==> 1
2685:LVR:0:NEG:org.apache.commons.lang3.StringUtils@getCommonPrefix(java.lang.String[]):5856:232640:0 |==> -1
2686:ROR:==(int,int):>=(int,int):org.apache.commons.lang3.StringUtils@getCommonPrefix(java.lang.String[]):5856:232625:strs.length == 0 |==> strs.length >= 0
2687:ROR:==(int,int):FALSE(int,int):org.apache.commons.lang3.StringUtils@getCommonPrefix(java.lang.String[]):5856:232637:strs.length == 0 |==> false
2688:COR:||(boolean,boolean):!=(boolean,boolean):org.apache.commons.lang3.StringUtils@getCommonPrefix(java.lang.String[]):5856:232609:strs == null || strs.length == 0 |==> strs == null != (strs.length == 0)
2689:COR:||(boolean,boolean):LHS(boolean,boolean):org.apache.commons.lang3.StringUtils@getCommonPrefix(java.lang.String[]):5856:232609:strs == null || strs.length == 0 |==> strs == null
2690:COR:||(boolean,boolean):RHS(boolean,boolean):org.apache.commons.lang3.StringUtils@getCommonPrefix(java.lang.String[]):5856:232625:strs == null || strs.length == 0 |==> strs.length == 0
2691:COR:||(boolean,boolean):TRUE(boolean,boolean):org.apache.commons.lang3.StringUtils@getCommonPrefix(java.lang.String[]):5856:232622:strs == null || strs.length == 0 |==> true
2692:ROR:==(int,int):<=(int,int):org.apache.commons.lang3.StringUtils@getCommonPrefix(java.lang.String[]):5860:232752:smallestIndexOfDiff == INDEX_NOT_FOUND |==> smallestIndexOfDiff <= INDEX_NOT_FOUND
2693:ROR:==(int,int):>=(int,int):org.apache.commons.lang3.StringUtils@getCommonPrefix(java.lang.String[]):5860:232752:smallestIndexOfDiff == INDEX_NOT_FOUND |==> smallestIndexOfDiff >= INDEX_NOT_FOUND
2694:ROR:==(int,int):FALSE(int,int):org.apache.commons.lang3.StringUtils@getCommonPrefix(java.lang.String[]):5860:232772:smallestIndexOfDiff == INDEX_NOT_FOUND |==> false
2695:LVR:0:POS:org.apache.commons.lang3.StringUtils@getCommonPrefix(java.lang.String[]):5862:232857:0 |==> 1
2696:LVR:0:NEG:org.apache.commons.lang3.StringUtils@getCommonPrefix(java.lang.String[]):5862:232857:0 |==> -1
2697:ROR:==(java.lang.Object,java.lang.Object):FALSE(java.lang.Object,java.lang.Object):org.apache.commons.lang3.StringUtils@getCommonPrefix(java.lang.String[]):5862:232860:strs[0] == null |==> false
2698:LVR:0:POS:org.apache.commons.lang3.StringUtils@getCommonPrefix(java.lang.String[]):5865:232939:0 |==> 1
2699:LVR:0:NEG:org.apache.commons.lang3.StringUtils@getCommonPrefix(java.lang.String[]):5865:232939:0 |==> -1
2700:LVR:0:POS:org.apache.commons.lang3.StringUtils@getCommonPrefix(java.lang.String[]):5866:232985:0 |==> 1
2701:LVR:0:NEG:org.apache.commons.lang3.StringUtils@getCommonPrefix(java.lang.String[]):5866:232985:0 |==> -1
2702:ROR:==(int,int):<=(int,int):org.apache.commons.lang3.StringUtils@getCommonPrefix(java.lang.String[]):5866:232962:smallestIndexOfDiff == 0 |==> smallestIndexOfDiff <= 0
2703:ROR:==(int,int):>=(int,int):org.apache.commons.lang3.StringUtils@getCommonPrefix(java.lang.String[]):5866:232962:smallestIndexOfDiff == 0 |==> smallestIndexOfDiff >= 0
2704:ROR:==(int,int):FALSE(int,int):org.apache.commons.lang3.StringUtils@getCommonPrefix(java.lang.String[]):5866:232982:smallestIndexOfDiff == 0 |==> false
2705:LVR:0:POS:org.apache.commons.lang3.StringUtils@getCommonPrefix(java.lang.String[]):5871:233172:0 |==> 1
2706:LVR:0:NEG:org.apache.commons.lang3.StringUtils@getCommonPrefix(java.lang.String[]):5871:233172:0 |==> -1
2707:LVR:0:POS:org.apache.commons.lang3.StringUtils@getCommonPrefix(java.lang.String[]):5871:233185:0 |==> 1
2708:LVR:0:NEG:org.apache.commons.lang3.StringUtils@getCommonPrefix(java.lang.String[]):5871:233185:0 |==> -1
2709:ROR:==(java.lang.Object,java.lang.Object):FALSE(java.lang.Object,java.lang.Object):org.apache.commons.lang3.StringUtils@getLevenshteinDistance(java.lang.CharSequence,java.lang.CharSequence):5912:235286:s == null |==> false
2710:ROR:==(java.lang.Object,java.lang.Object):FALSE(java.lang.Object,java.lang.Object):org.apache.commons.lang3.StringUtils@getLevenshteinDistance(java.lang.CharSequence,java.lang.CharSequence):5912:235299:t == null |==> false
2711:COR:||(boolean,boolean):!=(boolean,boolean):org.apache.commons.lang3.StringUtils@getLevenshteinDistance(java.lang.CharSequence,java.lang.CharSequence):5912:235284:s == null || t == null |==> s == null != (t == null)
2712:COR:||(boolean,boolean):LHS(boolean,boolean):org.apache.commons.lang3.StringUtils@getLevenshteinDistance(java.lang.CharSequence,java.lang.CharSequence):5912:235284:s == null || t == null |==> s == null
2713:COR:||(boolean,boolean):RHS(boolean,boolean):org.apache.commons.lang3.StringUtils@getLevenshteinDistance(java.lang.CharSequence,java.lang.CharSequence):5912:235297:s == null || t == null |==> t == null
2714:COR:||(boolean,boolean):TRUE(boolean,boolean):org.apache.commons.lang3.StringUtils@getLevenshteinDistance(java.lang.CharSequence,java.lang.CharSequence):5912:235294:s == null || t == null |==> true
2715:LVR:0:POS:org.apache.commons.lang3.StringUtils@getLevenshteinDistance(java.lang.CharSequence,java.lang.CharSequence):5936:236709:0 |==> 1
2716:LVR:0:NEG:org.apache.commons.lang3.StringUtils@getLevenshteinDistance(java.lang.CharSequence,java.lang.CharSequence):5936:236709:0 |==> -1
2717:ROR:==(int,int):<=(int,int):org.apache.commons.lang3.StringUtils@getLevenshteinDistance(java.lang.CharSequence,java.lang.CharSequence):5936:236704:n == 0 |==> n <= 0
2718:ROR:==(int,int):>=(int,int):org.apache.commons.lang3.StringUtils@getLevenshteinDistance(java.lang.CharSequence,java.lang.CharSequence):5936:236704:n == 0 |==> n >= 0
2719:ROR:==(int,int):FALSE(int,int):org.apache.commons.lang3.StringUtils@getLevenshteinDistance(java.lang.CharSequence,java.lang.CharSequence):5936:236706:n == 0 |==> false
2720:LVR:0:POS:org.apache.commons.lang3.StringUtils@getLevenshteinDistance(java.lang.CharSequence,java.lang.CharSequence):5938:236760:0 |==> 1
2721:LVR:0:NEG:org.apache.commons.lang3.StringUtils@getLevenshteinDistance(java.lang.CharSequence,java.lang.CharSequence):5938:236760:0 |==> -1
2722:ROR:==(int,int):<=(int,int):org.apache.commons.lang3.StringUtils@getLevenshteinDistance(java.lang.CharSequence,java.lang.CharSequence):5938:236755:m == 0 |==> m <= 0
2723:ROR:==(int,int):>=(int,int):org.apache.commons.lang3.StringUtils@getLevenshteinDistance(java.lang.CharSequence,java.lang.CharSequence):5938:236755:m == 0 |==> m >= 0
2724:ROR:==(int,int):FALSE(int,int):org.apache.commons.lang3.StringUtils@getLevenshteinDistance(java.lang.CharSequence,java.lang.CharSequence):5938:236757:m == 0 |==> false
2725:ROR:>(int,int):!=(int,int):org.apache.commons.lang3.StringUtils@getLevenshteinDistance(java.lang.CharSequence,java.lang.CharSequence):5942:236810:n > m |==> n != m
2726:ROR:>(int,int):>=(int,int):org.apache.commons.lang3.StringUtils@getLevenshteinDistance(java.lang.CharSequence,java.lang.CharSequence):5942:236810:n > m |==> n >= m
2727:ROR:>(int,int):FALSE(int,int):org.apache.commons.lang3.StringUtils@getLevenshteinDistance(java.lang.CharSequence,java.lang.CharSequence):5942:236812:n > m |==> false
2728:STD:<ASSIGN>:<NO-OP>:org.apache.commons.lang3.StringUtils@getLevenshteinDistance(java.lang.CharSequence,java.lang.CharSequence):5945:236923:s = t; |==> <NO-OP>
2729:STD:<ASSIGN>:<NO-OP>:org.apache.commons.lang3.StringUtils@getLevenshteinDistance(java.lang.CharSequence,java.lang.CharSequence):5946:236942:t = tmp; |==> <NO-OP>
2730:STD:<ASSIGN>:<NO-OP>:org.apache.commons.lang3.StringUtils@getLevenshteinDistance(java.lang.CharSequence,java.lang.CharSequence):5947:236963:n = m; |==> <NO-OP>
2731:STD:<ASSIGN>:<NO-OP>:org.apache.commons.lang3.StringUtils@getLevenshteinDistance(java.lang.CharSequence,java.lang.CharSequence):5948:236982:m = t.length(); |==> <NO-OP>
2732:LVR:POS:0:org.apache.commons.lang3.StringUtils@getLevenshteinDistance(java.lang.CharSequence,java.lang.CharSequence):5951:237037:1 |==> 0
2733:LVR:POS:NEG:org.apache.commons.lang3.StringUtils@getLevenshteinDistance(java.lang.CharSequence,java.lang.CharSequence):5951:237037:1 |==> -1
2734:AOR:+(int,int):%(int,int):org.apache.commons.lang3.StringUtils@getLevenshteinDistance(java.lang.CharSequence,java.lang.CharSequence):5951:237035:n + 1 |==> n % 1
2735:AOR:+(int,int):*(int,int):org.apache.commons.lang3.StringUtils@getLevenshteinDistance(java.lang.CharSequence,java.lang.CharSequence):5951:237035:n + 1 |==> n * 1
2736:AOR:+(int,int):-(int,int):org.apache.commons.lang3.StringUtils@getLevenshteinDistance(java.lang.CharSequence,java.lang.CharSequence):5951:237035:n + 1 |==> n - 1
2737:AOR:+(int,int):/(int,int):org.apache.commons.lang3.StringUtils@getLevenshteinDistance(java.lang.CharSequence,java.lang.CharSequence):5951:237035:n + 1 |==> n / 1
2738:LVR:POS:0:org.apache.commons.lang3.StringUtils@getLevenshteinDistance(java.lang.CharSequence,java.lang.CharSequence):5952:237107:1 |==> 0
2739:LVR:POS:NEG:org.apache.commons.lang3.StringUtils@getLevenshteinDistance(java.lang.CharSequence,java.lang.CharSequence):5952:237107:1 |==> -1
2740:AOR:+(int,int):%(int,int):org.apache.commons.lang3.StringUtils@getLevenshteinDistance(java.lang.CharSequence,java.lang.CharSequence):5952:237105:n + 1 |==> n % 1
2741:AOR:+(int,int):*(int,int):org.apache.commons.lang3.StringUtils@getLevenshteinDistance(java.lang.CharSequence,java.lang.CharSequence):5952:237105:n + 1 |==> n * 1
2742:AOR:+(int,int):-(int,int):org.apache.commons.lang3.StringUtils@getLevenshteinDistance(java.lang.CharSequence,java.lang.CharSequence):5952:237105:n + 1 |==> n - 1
2743:AOR:+(int,int):/(int,int):org.apache.commons.lang3.StringUtils@getLevenshteinDistance(java.lang.CharSequence,java.lang.CharSequence):5952:237105:n + 1 |==> n / 1
2744:LVR:0:POS:org.apache.commons.lang3.StringUtils@getLevenshteinDistance(java.lang.CharSequence,java.lang.CharSequence):5963:237402:0 |==> 1
2745:LVR:0:NEG:org.apache.commons.lang3.StringUtils@getLevenshteinDistance(java.lang.CharSequence,java.lang.CharSequence):5963:237402:0 |==> -1
2746:ROR:<=(int,int):<(int,int):org.apache.commons.lang3.StringUtils@getLevenshteinDistance(java.lang.CharSequence,java.lang.CharSequence):5963:237405:i <= n |==> i < n
2747:ROR:<=(int,int):==(int,int):org.apache.commons.lang3.StringUtils@getLevenshteinDistance(java.lang.CharSequence,java.lang.CharSequence):5963:237405:i <= n |==> i == n
2748:ROR:<=(int,int):TRUE(int,int):org.apache.commons.lang3.StringUtils@getLevenshteinDistance(java.lang.CharSequence,java.lang.CharSequence):5963:237406:i <= n |==> true
2749:STD:<ASSIGN>:<NO-OP>:org.apache.commons.lang3.StringUtils@getLevenshteinDistance(java.lang.CharSequence,java.lang.CharSequence):5964:237430:p[i] = i; |==> <NO-OP>
2750:LVR:POS:0:org.apache.commons.lang3.StringUtils@getLevenshteinDistance(java.lang.CharSequence,java.lang.CharSequence):5967:237468:1 |==> 0
2751:LVR:POS:NEG:org.apache.commons.lang3.StringUtils@getLevenshteinDistance(java.lang.CharSequence,java.lang.CharSequence):5967:237468:1 |==> -1
2752:ROR:<=(int,int):<(int,int):org.apache.commons.lang3.StringUtils@getLevenshteinDistance(java.lang.CharSequence,java.lang.CharSequence):5967:237471:j <= m |==> j < m
2753:ROR:<=(int,int):==(int,int):org.apache.commons.lang3.StringUtils@getLevenshteinDistance(java.lang.CharSequence,java.lang.CharSequence):5967:237471:j <= m |==> j == m
2754:ROR:<=(int,int):TRUE(int,int):org.apache.commons.lang3.StringUtils@getLevenshteinDistance(java.lang.CharSequence,java.lang.CharSequence):5967:237472:j <= m |==> true
2755:LVR:POS:0:org.apache.commons.lang3.StringUtils@getLevenshteinDistance(java.lang.CharSequence,java.lang.CharSequence):5968:237513:1 |==> 0
2756:LVR:POS:NEG:org.apache.commons.lang3.StringUtils@getLevenshteinDistance(java.lang.CharSequence,java.lang.CharSequence):5968:237513:1 |==> -1
2757:AOR:-(int,int):%(int,int):org.apache.commons.lang3.StringUtils@getLevenshteinDistance(java.lang.CharSequence,java.lang.CharSequence):5968:237511:j - 1 |==> j % 1
2758:AOR:-(int,int):*(int,int):org.apache.commons.lang3.StringUtils@getLevenshteinDistance(java.lang.CharSequence,java.lang.CharSequence):5968:237511:j - 1 |==> j * 1
2759:AOR:-(int,int):+(int,int):org.apache.commons.lang3.StringUtils@getLevenshteinDistance(java.lang.CharSequence,java.lang.CharSequence):5968:237511:j - 1 |==> j + 1
2760:AOR:-(int,int):/(int,int):org.apache.commons.lang3.StringUtils@getLevenshteinDistance(java.lang.CharSequence,java.lang.CharSequence):5968:237511:j - 1 |==> j / 1
2761:LVR:0:POS:org.apache.commons.lang3.StringUtils@getLevenshteinDistance(java.lang.CharSequence,java.lang.CharSequence):5969:237531:0 |==> 1
2762:LVR:0:NEG:org.apache.commons.lang3.StringUtils@getLevenshteinDistance(java.lang.CharSequence,java.lang.CharSequence):5969:237531:0 |==> -1
2763:STD:<ASSIGN>:<NO-OP>:org.apache.commons.lang3.StringUtils@getLevenshteinDistance(java.lang.CharSequence,java.lang.CharSequence):5969:237529:d[0] = j; |==> <NO-OP>
2764:LVR:POS:0:org.apache.commons.lang3.StringUtils@getLevenshteinDistance(java.lang.CharSequence,java.lang.CharSequence):5971:237559:1 |==> 0
2765:LVR:POS:NEG:org.apache.commons.lang3.StringUtils@getLevenshteinDistance(java.lang.CharSequence,java.lang.CharSequence):5971:237559:1 |==> -1
2766:STD:<ASSIGN>:<NO-OP>:org.apache.commons.lang3.StringUtils@getLevenshteinDistance(java.lang.CharSequence,java.lang.CharSequence):5971:237557:i = 1; |==> <NO-OP>
2767:ROR:<=(int,int):<(int,int):org.apache.commons.lang3.StringUtils@getLevenshteinDistance(java.lang.CharSequence,java.lang.CharSequence):5971:237562:i <= n |==> i < n
2768:ROR:<=(int,int):==(int,int):org.apache.commons.lang3.StringUtils@getLevenshteinDistance(java.lang.CharSequence,java.lang.CharSequence):5971:237562:i <= n |==> i == n
2769:ROR:<=(int,int):TRUE(int,int):org.apache.commons.lang3.StringUtils@getLevenshteinDistance(java.lang.CharSequence,java.lang.CharSequence):5971:237563:i <= n |==> true
2770:LVR:POS:0:org.apache.commons.lang3.StringUtils@getLevenshteinDistance(java.lang.CharSequence,java.lang.CharSequence):5972:237609:1 |==> 0
2771:LVR:POS:NEG:org.apache.commons.lang3.StringUtils@getLevenshteinDistance(java.lang.CharSequence,java.lang.CharSequence):5972:237609:1 |==> -1
2772:AOR:-(int,int):%(int,int):org.apache.commons.lang3.StringUtils@getLevenshteinDistance(java.lang.CharSequence,java.lang.CharSequence):5972:237607:i - 1 |==> i % 1
2773:AOR:-(int,int):*(int,int):org.apache.commons.lang3.StringUtils@getLevenshteinDistance(java.lang.CharSequence,java.lang.CharSequence):5972:237607:i - 1 |==> i * 1
2774:AOR:-(int,int):+(int,int):org.apache.commons.lang3.StringUtils@getLevenshteinDistance(java.lang.CharSequence,java.lang.CharSequence):5972:237607:i - 1 |==> i + 1
2775:AOR:-(int,int):/(int,int):org.apache.commons.lang3.StringUtils@getLevenshteinDistance(java.lang.CharSequence,java.lang.CharSequence):5972:237607:i - 1 |==> i / 1
2776:ROR:==(int,int):<=(int,int):org.apache.commons.lang3.StringUtils@getLevenshteinDistance(java.lang.CharSequence,java.lang.CharSequence):5972:237598:s.charAt(i - 1) == t_j |==> s.charAt(i - 1) <= t_j
2777:ROR:==(int,int):>=(int,int):org.apache.commons.lang3.StringUtils@getLevenshteinDistance(java.lang.CharSequence,java.lang.CharSequence):5972:237598:s.charAt(i - 1) == t_j |==> s.charAt(i - 1) >= t_j
2778:ROR:==(int,int):FALSE(int,int):org.apache.commons.lang3.StringUtils@getLevenshteinDistance(java.lang.CharSequence,java.lang.CharSequence):5972:237611:s.charAt(i - 1) == t_j |==> false
2779:LVR:0:POS:org.apache.commons.lang3.StringUtils@getLevenshteinDistance(java.lang.CharSequence,java.lang.CharSequence):5972:237619:0 |==> 1
2780:LVR:0:NEG:org.apache.commons.lang3.StringUtils@getLevenshteinDistance(java.lang.CharSequence,java.lang.CharSequence):5972:237619:0 |==> -1
2781:LVR:POS:0:org.apache.commons.lang3.StringUtils@getLevenshteinDistance(java.lang.CharSequence,java.lang.CharSequence):5972:237623:1 |==> 0
2782:LVR:POS:NEG:org.apache.commons.lang3.StringUtils@getLevenshteinDistance(java.lang.CharSequence,java.lang.CharSequence):5972:237623:1 |==> -1
2783:LVR:POS:0:org.apache.commons.lang3.StringUtils@getLevenshteinDistance(java.lang.CharSequence,java.lang.CharSequence):5974:237764:1 |==> 0
2784:LVR:POS:NEG:org.apache.commons.lang3.StringUtils@getLevenshteinDistance(java.lang.CharSequence,java.lang.CharSequence):5974:237764:1 |==> -1
2785:AOR:-(int,int):%(int,int):org.apache.commons.lang3.StringUtils@getLevenshteinDistance(java.lang.CharSequence,java.lang.CharSequence):5974:237762:i - 1 |==> i % 1
2786:AOR:-(int,int):*(int,int):org.apache.commons.lang3.StringUtils@getLevenshteinDistance(java.lang.CharSequence,java.lang.CharSequence):5974:237762:i - 1 |==> i * 1
2787:AOR:-(int,int):+(int,int):org.apache.commons.lang3.StringUtils@getLevenshteinDistance(java.lang.CharSequence,java.lang.CharSequence):5974:237762:i - 1 |==> i + 1
2788:AOR:-(int,int):/(int,int):org.apache.commons.lang3.StringUtils@getLevenshteinDistance(java.lang.CharSequence,java.lang.CharSequence):5974:237762:i - 1 |==> i / 1
2789:LVR:POS:0:org.apache.commons.lang3.StringUtils@getLevenshteinDistance(java.lang.CharSequence,java.lang.CharSequence):5974:237767:1 |==> 0
2790:LVR:POS:NEG:org.apache.commons.lang3.StringUtils@getLevenshteinDistance(java.lang.CharSequence,java.lang.CharSequence):5974:237767:1 |==> -1
2791:AOR:+(int,int):%(int,int):org.apache.commons.lang3.StringUtils@getLevenshteinDistance(java.lang.CharSequence,java.lang.CharSequence):5974:237760:d[i - 1] + 1 |==> d[i - 1] % 1
2792:AOR:+(int,int):*(int,int):org.apache.commons.lang3.StringUtils@getLevenshteinDistance(java.lang.CharSequence,java.lang.CharSequence):5974:237760:d[i - 1] + 1 |==> d[i - 1] * 1
2793:AOR:+(int,int):-(int,int):org.apache.commons.lang3.StringUtils@getLevenshteinDistance(java.lang.CharSequence,java.lang.CharSequence):5974:237760:d[i - 1] + 1 |==> d[i - 1] - 1
2794:AOR:+(int,int):/(int,int):org.apache.commons.lang3.StringUtils@getLevenshteinDistance(java.lang.CharSequence,java.lang.CharSequence):5974:237760:d[i - 1] + 1 |==> d[i - 1] / 1
2795:LVR:POS:0:org.apache.commons.lang3.StringUtils@getLevenshteinDistance(java.lang.CharSequence,java.lang.CharSequence):5974:237775:1 |==> 0
2796:LVR:POS:NEG:org.apache.commons.lang3.StringUtils@getLevenshteinDistance(java.lang.CharSequence,java.lang.CharSequence):5974:237775:1 |==> -1
2797:AOR:+(int,int):%(int,int):org.apache.commons.lang3.StringUtils@getLevenshteinDistance(java.lang.CharSequence,java.lang.CharSequence):5974:237770:p[i] + 1 |==> p[i] % 1
2798:AOR:+(int,int):*(int,int):org.apache.commons.lang3.StringUtils@getLevenshteinDistance(java.lang.CharSequence,java.lang.CharSequence):5974:237770:p[i] + 1 |==> p[i] * 1
2799:AOR:+(int,int):-(int,int):org.apache.commons.lang3.StringUtils@getLevenshteinDistance(java.lang.CharSequence,java.lang.CharSequence):5974:237770:p[i] + 1 |==> p[i] - 1
2800:AOR:+(int,int):/(int,int):org.apache.commons.lang3.StringUtils@getLevenshteinDistance(java.lang.CharSequence,java.lang.CharSequence):5974:237770:p[i] + 1 |==> p[i] / 1
2801:LVR:POS:0:org.apache.commons.lang3.StringUtils@getLevenshteinDistance(java.lang.CharSequence,java.lang.CharSequence):5974:237784:1 |==> 0
2802:LVR:POS:NEG:org.apache.commons.lang3.StringUtils@getLevenshteinDistance(java.lang.CharSequence,java.lang.CharSequence):5974:237784:1 |==> -1
2803:AOR:-(int,int):%(int,int):org.apache.commons.lang3.StringUtils@getLevenshteinDistance(java.lang.CharSequence,java.lang.CharSequence):5974:237782:i - 1 |==> i % 1
2804:AOR:-(int,int):*(int,int):org.apache.commons.lang3.StringUtils@getLevenshteinDistance(java.lang.CharSequence,java.lang.CharSequence):5974:237782:i - 1 |==> i * 1
2805:AOR:-(int,int):+(int,int):org.apache.commons.lang3.StringUtils@getLevenshteinDistance(java.lang.CharSequence,java.lang.CharSequence):5974:237782:i - 1 |==> i + 1
2806:AOR:-(int,int):/(int,int):org.apache.commons.lang3.StringUtils@getLevenshteinDistance(java.lang.CharSequence,java.lang.CharSequence):5974:237782:i - 1 |==> i / 1
2807:AOR:+(int,int):%(int,int):org.apache.commons.lang3.StringUtils@getLevenshteinDistance(java.lang.CharSequence,java.lang.CharSequence):5974:237780:p[i - 1] + cost |==> p[i - 1] % cost
2808:AOR:+(int,int):*(int,int):org.apache.commons.lang3.StringUtils@getLevenshteinDistance(java.lang.CharSequence,java.lang.CharSequence):5974:237780:p[i - 1] + cost |==> p[i - 1] * cost
2809:AOR:+(int,int):-(int,int):org.apache.commons.lang3.StringUtils@getLevenshteinDistance(java.lang.CharSequence,java.lang.CharSequence):5974:237780:p[i - 1] + cost |==> p[i - 1] - cost
2810:AOR:+(int,int):/(int,int):org.apache.commons.lang3.StringUtils@getLevenshteinDistance(java.lang.CharSequence,java.lang.CharSequence):5974:237780:p[i - 1] + cost |==> p[i - 1] / cost
2811:STD:<ASSIGN>:<NO-OP>:org.apache.commons.lang3.StringUtils@getLevenshteinDistance(java.lang.CharSequence,java.lang.CharSequence):5974:237735:d[i] = Math.min(Math.min(d[i - 1] + 1, p[i] + 1), p[i - 1] + cost); |==> <NO-OP>
2812:STD:<ASSIGN>:<NO-OP>:org.apache.commons.lang3.StringUtils@getLevenshteinDistance(java.lang.CharSequence,java.lang.CharSequence):5979:237919:p = d; |==> <NO-OP>
2813:STD:<ASSIGN>:<NO-OP>:org.apache.commons.lang3.StringUtils@getLevenshteinDistance(java.lang.CharSequence,java.lang.CharSequence):5980:237938:d = _d; |==> <NO-OP>
2814:LVR:FALSE:TRUE:org.apache.commons.lang3.StringUtils@startsWith(java.lang.String,java.lang.String):6034:239640:false |==> true
2815:LVR:TRUE:FALSE:org.apache.commons.lang3.StringUtils@startsWithIgnoreCase(java.lang.String,java.lang.String):6059:240700:true |==> false
2816:ROR:==(java.lang.Object,java.lang.Object):FALSE(java.lang.Object,java.lang.Object):org.apache.commons.lang3.StringUtils@startsWith(java.lang.String,java.lang.String,boolean):6074:241301:str == null |==> false
2817:ROR:==(java.lang.Object,java.lang.Object):FALSE(java.lang.Object,java.lang.Object):org.apache.commons.lang3.StringUtils@startsWith(java.lang.String,java.lang.String,boolean):6074:241319:prefix == null |==> false
2818:COR:||(boolean,boolean):!=(boolean,boolean):org.apache.commons.lang3.StringUtils@startsWith(java.lang.String,java.lang.String,boolean):6074:241297:str == null || prefix == null |==> str == null != (prefix == null)
2819:COR:||(boolean,boolean):LHS(boolean,boolean):org.apache.commons.lang3.StringUtils@startsWith(java.lang.String,java.lang.String,boolean):6074:241297:str == null || prefix == null |==> str == null
2820:COR:||(boolean,boolean):RHS(boolean,boolean):org.apache.commons.lang3.StringUtils@startsWith(java.lang.String,java.lang.String,boolean):6074:241312:str == null || prefix == null |==> prefix == null
2821:COR:||(boolean,boolean):TRUE(boolean,boolean):org.apache.commons.lang3.StringUtils@startsWith(java.lang.String,java.lang.String,boolean):6074:241309:str == null || prefix == null |==> true
2822:ROR:==(java.lang.Object,java.lang.Object):FALSE(java.lang.Object,java.lang.Object):org.apache.commons.lang3.StringUtils@startsWith(java.lang.String,java.lang.String,boolean):6075:241354:str == null |==> false
2823:ROR:==(java.lang.Object,java.lang.Object):FALSE(java.lang.Object,java.lang.Object):org.apache.commons.lang3.StringUtils@startsWith(java.lang.String,java.lang.String,boolean):6075:241372:prefix == null |==> false
2824:COR:&&(boolean,boolean):==(boolean,boolean):org.apache.commons.lang3.StringUtils@startsWith(java.lang.String,java.lang.String,boolean):6075:241350:str == null && prefix == null |==> str == null == (prefix == null)
2825:COR:&&(boolean,boolean):FALSE(boolean,boolean):org.apache.commons.lang3.StringUtils@startsWith(java.lang.String,java.lang.String,boolean):6075:241362:str == null && prefix == null |==> false
2826:COR:&&(boolean,boolean):LHS(boolean,boolean):org.apache.commons.lang3.StringUtils@startsWith(java.lang.String,java.lang.String,boolean):6075:241350:str == null && prefix == null |==> str == null
2827:COR:&&(boolean,boolean):RHS(boolean,boolean):org.apache.commons.lang3.StringUtils@startsWith(java.lang.String,java.lang.String,boolean):6075:241365:str == null && prefix == null |==> prefix == null
2828:ROR:>(int,int):!=(int,int):org.apache.commons.lang3.StringUtils@startsWith(java.lang.String,java.lang.String,boolean):6077:241404:prefix.length() > str.length() |==> prefix.length() != str.length()
2829:ROR:>(int,int):>=(int,int):org.apache.commons.lang3.StringUtils@startsWith(java.lang.String,java.lang.String,boolean):6077:241404:prefix.length() > str.length() |==> prefix.length() >= str.length()
2830:ROR:>(int,int):FALSE(int,int):org.apache.commons.lang3.StringUtils@startsWith(java.lang.String,java.lang.String,boolean):6077:241420:prefix.length() > str.length() |==> false
2831:LVR:FALSE:TRUE:org.apache.commons.lang3.StringUtils@startsWith(java.lang.String,java.lang.String,boolean):6078:241457:false |==> true
2832:LVR:0:POS:org.apache.commons.lang3.StringUtils@startsWith(java.lang.String,java.lang.String,boolean):6080:241519:0 |==> 1
2833:LVR:0:NEG:org.apache.commons.lang3.StringUtils@startsWith(java.lang.String,java.lang.String,boolean):6080:241519:0 |==> -1
2834:LVR:0:POS:org.apache.commons.lang3.StringUtils@startsWith(java.lang.String,java.lang.String,boolean):6080:241530:0 |==> 1
2835:LVR:0:NEG:org.apache.commons.lang3.StringUtils@startsWith(java.lang.String,java.lang.String,boolean):6080:241530:0 |==> -1
2836:COR:||(boolean,boolean):!=(boolean,boolean):org.apache.commons.lang3.StringUtils@startsWithAny(java.lang.String,java.lang.String[]):6102:242490:isEmpty(string) || ArrayUtils.isEmpty(searchStrings) |==> isEmpty(string) != ArrayUtils.isEmpty(searchStrings)
2837:COR:||(boolean,boolean):LHS(boolean,boolean):org.apache.commons.lang3.StringUtils@startsWithAny(java.lang.String,java.lang.String[]):6102:242490:isEmpty(string) || ArrayUtils.isEmpty(searchStrings) |==> isEmpty(string)
2838:COR:||(boolean,boolean):RHS(boolean,boolean):org.apache.commons.lang3.StringUtils@startsWithAny(java.lang.String,java.lang.String[]):6102:242509:isEmpty(string) || ArrayUtils.isEmpty(searchStrings) |==> ArrayUtils.isEmpty(searchStrings)
2839:COR:||(boolean,boolean):TRUE(boolean,boolean):org.apache.commons.lang3.StringUtils@startsWithAny(java.lang.String,java.lang.String[]):6102:242506:isEmpty(string) || ArrayUtils.isEmpty(searchStrings) |==> true
2840:LVR:FALSE:TRUE:org.apache.commons.lang3.StringUtils@startsWithAny(java.lang.String,java.lang.String[]):6103:242565:false |==> true
2841:LVR:0:POS:org.apache.commons.lang3.StringUtils@startsWithAny(java.lang.String,java.lang.String[]):6105:242603:0 |==> 1
2842:LVR:0:NEG:org.apache.commons.lang3.StringUtils@startsWithAny(java.lang.String,java.lang.String[]):6105:242603:0 |==> -1
2843:ROR:<(int,int):<=(int,int):org.apache.commons.lang3.StringUtils@startsWithAny(java.lang.String,java.lang.String[]):6105:242606:i < searchStrings.length |==> i <= searchStrings.length
2844:ROR:<(int,int):FALSE(int,int):org.apache.commons.lang3.StringUtils@startsWithAny(java.lang.String,java.lang.String[]):6105:242608:i < searchStrings.length |==> false
2845:COR:<METHOD_INVOCATION(boolean)>:FALSE:org.apache.commons.lang3.StringUtils@startsWithAny(java.lang.String,java.lang.String[]):6107:242729:StringUtils.startsWith(string, searchString) |==> false
2846:COR:<METHOD_INVOCATION(boolean)>:TRUE:org.apache.commons.lang3.StringUtils@startsWithAny(java.lang.String,java.lang.String[]):6107:242729:StringUtils.startsWith(string, searchString) |==> true
2847:LVR:TRUE:FALSE:org.apache.commons.lang3.StringUtils@startsWithAny(java.lang.String,java.lang.String[]):6108:242778:true |==> false
2848:LVR:FALSE:TRUE:org.apache.commons.lang3.StringUtils@startsWithAny(java.lang.String,java.lang.String[]):6111:242823:false |==> true
2849:LVR:FALSE:TRUE:org.apache.commons.lang3.StringUtils@endsWith(java.lang.String,java.lang.String):6140:243930:false |==> true
2850:LVR:TRUE:FALSE:org.apache.commons.lang3.StringUtils@endsWithIgnoreCase(java.lang.String,java.lang.String):6166:245033:true |==> false
2851:ROR:==(java.lang.Object,java.lang.Object):FALSE(java.lang.Object,java.lang.Object):org.apache.commons.lang3.StringUtils@endsWith(java.lang.String,java.lang.String,boolean):6181:245628:str == null |==> false
2852:ROR:==(java.lang.Object,java.lang.Object):FALSE(java.lang.Object,java.lang.Object):org.apache.commons.lang3.StringUtils@endsWith(java.lang.String,java.lang.String,boolean):6181:245646:suffix == null |==> false
2853:COR:||(boolean,boolean):!=(boolean,boolean):org.apache.commons.lang3.StringUtils@endsWith(java.lang.String,java.lang.String,boolean):6181:245624:str == null || suffix == null |==> str == null != (suffix == null)
2854:COR:||(boolean,boolean):LHS(boolean,boolean):org.apache.commons.lang3.StringUtils@endsWith(java.lang.String,java.lang.String,boolean):6181:245624:str == null || suffix == null |==> str == null
2855:COR:||(boolean,boolean):RHS(boolean,boolean):org.apache.commons.lang3.StringUtils@endsWith(java.lang.String,java.lang.String,boolean):6181:245639:str == null || suffix == null |==> suffix == null
2856:COR:||(boolean,boolean):TRUE(boolean,boolean):org.apache.commons.lang3.StringUtils@endsWith(java.lang.String,java.lang.String,boolean):6181:245636:str == null || suffix == null |==> true
2857:ROR:==(java.lang.Object,java.lang.Object):FALSE(java.lang.Object,java.lang.Object):org.apache.commons.lang3.StringUtils@endsWith(java.lang.String,java.lang.String,boolean):6182:245680:str == null |==> false
2858:ROR:==(java.lang.Object,java.lang.Object):FALSE(java.lang.Object,java.lang.Object):org.apache.commons.lang3.StringUtils@endsWith(java.lang.String,java.lang.String,boolean):6182:245698:suffix == null |==> false
2859:COR:&&(boolean,boolean):==(boolean,boolean):org.apache.commons.lang3.StringUtils@endsWith(java.lang.String,java.lang.String,boolean):6182:245676:str == null && suffix == null |==> str == null == (suffix == null)
2860:COR:&&(boolean,boolean):FALSE(boolean,boolean):org.apache.commons.lang3.StringUtils@endsWith(java.lang.String,java.lang.String,boolean):6182:245688:str == null && suffix == null |==> false
2861:COR:&&(boolean,boolean):LHS(boolean,boolean):org.apache.commons.lang3.StringUtils@endsWith(java.lang.String,java.lang.String,boolean):6182:245676:str == null && suffix == null |==> str == null
2862:COR:&&(boolean,boolean):RHS(boolean,boolean):org.apache.commons.lang3.StringUtils@endsWith(java.lang.String,java.lang.String,boolean):6182:245691:str == null && suffix == null |==> suffix == null
2863:ROR:>(int,int):!=(int,int):org.apache.commons.lang3.StringUtils@endsWith(java.lang.String,java.lang.String,boolean):6184:245729:suffix.length() > str.length() |==> suffix.length() != str.length()
2864:ROR:>(int,int):>=(int,int):org.apache.commons.lang3.StringUtils@endsWith(java.lang.String,java.lang.String,boolean):6184:245729:suffix.length() > str.length() |==> suffix.length() >= str.length()
2865:ROR:>(int,int):FALSE(int,int):org.apache.commons.lang3.StringUtils@endsWith(java.lang.String,java.lang.String,boolean):6184:245745:suffix.length() > str.length() |==> false
2866:LVR:FALSE:TRUE:org.apache.commons.lang3.StringUtils@endsWith(java.lang.String,java.lang.String,boolean):6185:245782:false |==> true
2867:AOR:-(int,int):%(int,int):org.apache.commons.lang3.StringUtils@endsWith(java.lang.String,java.lang.String,boolean):6187:245823:str.length() - suffix.length() |==> str.length() % suffix.length()
2868:AOR:-(int,int):*(int,int):org.apache.commons.lang3.StringUtils@endsWith(java.lang.String,java.lang.String,boolean):6187:245823:str.length() - suffix.length() |==> str.length() * suffix.length()
2869:AOR:-(int,int):+(int,int):org.apache.commons.lang3.StringUtils@endsWith(java.lang.String,java.lang.String,boolean):6187:245823:str.length() - suffix.length() |==> str.length() + suffix.length()
2870:AOR:-(int,int):/(int,int):org.apache.commons.lang3.StringUtils@endsWith(java.lang.String,java.lang.String,boolean):6187:245823:str.length() - suffix.length() |==> str.length() / suffix.length()
2871:LVR:0:POS:org.apache.commons.lang3.StringUtils@endsWith(java.lang.String,java.lang.String,boolean):6188:245919:0 |==> 1
2872:LVR:0:NEG:org.apache.commons.lang3.StringUtils@endsWith(java.lang.String,java.lang.String,boolean):6188:245919:0 |==> -1
