1:ROR:==(java.lang.Object,java.lang.Object):FALSE(java.lang.Object,java.lang.Object):org.apache.commons.lang3.StringUtils@isEmpty(java.lang.CharSequence):194:7465:cs == null |==> false
2:LVR:0:POS:org.apache.commons.lang3.StringUtils@isEmpty(java.lang.CharSequence):194:7491:0 |==> 1
3:LVR:0:NEG:org.apache.commons.lang3.StringUtils@isEmpty(java.lang.CharSequence):194:7491:0 |==> -1
4:ROR:==(int,int):>=(int,int):org.apache.commons.lang3.StringUtils@isEmpty(java.lang.CharSequence):194:7476:cs.length() == 0 |==> cs.length() >= 0
5:ROR:==(int,int):FALSE(int,int):org.apache.commons.lang3.StringUtils@isEmpty(java.lang.CharSequence):194:7488:cs.length() == 0 |==> false
6:COR:||(boolean,boolean):!=(boolean,boolean):org.apache.commons.lang3.StringUtils@isEmpty(java.lang.CharSequence):194:7462:cs == null || cs.length() == 0 |==> cs == null != (cs.length() == 0)
7:COR:||(boolean,boolean):LHS(boolean,boolean):org.apache.commons.lang3.StringUtils@isEmpty(java.lang.CharSequence):194:7462:cs == null || cs.length() == 0 |==> cs == null
8:COR:||(boolean,boolean):RHS(boolean,boolean):org.apache.commons.lang3.StringUtils@isEmpty(java.lang.CharSequence):194:7476:cs == null || cs.length() == 0 |==> cs.length() == 0
9:COR:||(boolean,boolean):TRUE(boolean,boolean):org.apache.commons.lang3.StringUtils@isEmpty(java.lang.CharSequence):194:7473:cs == null || cs.length() == 0 |==> true
10:ROR:==(java.lang.Object,java.lang.Object):FALSE(java.lang.Object,java.lang.Object):org.apache.commons.lang3.StringUtils@isBlank(java.lang.CharSequence):232:8714:cs == null |==> false
11:LVR:0:POS:org.apache.commons.lang3.StringUtils@isBlank(java.lang.CharSequence):232:8751:0 |==> 1
12:LVR:0:NEG:org.apache.commons.lang3.StringUtils@isBlank(java.lang.CharSequence):232:8751:0 |==> -1
13:ROR:==(int,int):<=(int,int):org.apache.commons.lang3.StringUtils@isBlank(java.lang.CharSequence):232:8725:(strLen = cs.length()) == 0 |==> (strLen = cs.length()) <= 0
14:ROR:==(int,int):>=(int,int):org.apache.commons.lang3.StringUtils@isBlank(java.lang.CharSequence):232:8725:(strLen = cs.length()) == 0 |==> (strLen = cs.length()) >= 0
15:COR:||(boolean,boolean):!=(boolean,boolean):org.apache.commons.lang3.StringUtils@isBlank(java.lang.CharSequence):232:8711:cs == null || (strLen = cs.length()) == 0 |==> cs == null != ((strLen = cs.length()) == 0)
16:COR:||(boolean,boolean):RHS(boolean,boolean):org.apache.commons.lang3.StringUtils@isBlank(java.lang.CharSequence):232:8725:cs == null || (strLen = cs.length()) == 0 |==> (strLen = cs.length()) == 0
17:COR:||(boolean,boolean):TRUE(boolean,boolean):org.apache.commons.lang3.StringUtils@isBlank(java.lang.CharSequence):232:8722:cs == null || (strLen = cs.length()) == 0 |==> true
18:LVR:TRUE:FALSE:org.apache.commons.lang3.StringUtils@isBlank(java.lang.CharSequence):233:8775:true |==> false
19:LVR:0:POS:org.apache.commons.lang3.StringUtils@isBlank(java.lang.CharSequence):235:8812:0 |==> 1
20:LVR:0:NEG:org.apache.commons.lang3.StringUtils@isBlank(java.lang.CharSequence):235:8812:0 |==> -1
21:ROR:<(int,int):!=(int,int):org.apache.commons.lang3.StringUtils@isBlank(java.lang.CharSequence):235:8815:i < strLen |==> i != strLen
22:ROR:<(int,int):<=(int,int):org.apache.commons.lang3.StringUtils@isBlank(java.lang.CharSequence):235:8815:i < strLen |==> i <= strLen
23:ROR:<(int,int):FALSE(int,int):org.apache.commons.lang3.StringUtils@isBlank(java.lang.CharSequence):235:8817:i < strLen |==> false
24:LVR:FALSE:TRUE:org.apache.commons.lang3.StringUtils@isBlank(java.lang.CharSequence):236:8891:false |==> true
25:ROR:==(boolean,boolean):FALSE(boolean,boolean):org.apache.commons.lang3.StringUtils@isBlank(java.lang.CharSequence):236:8888:Character.isWhitespace(cs.charAt(i)) == false |==> false
26:ROR:==(boolean,boolean):LHS(boolean,boolean):org.apache.commons.lang3.StringUtils@isBlank(java.lang.CharSequence):236:8851:Character.isWhitespace(cs.charAt(i)) == false |==> Character.isWhitespace(cs.charAt(i))
27:ROR:==(boolean,boolean):RHS(boolean,boolean):org.apache.commons.lang3.StringUtils@isBlank(java.lang.CharSequence):236:8891:Character.isWhitespace(cs.charAt(i)) == false |==> false
28:LVR:FALSE:TRUE:org.apache.commons.lang3.StringUtils@isBlank(java.lang.CharSequence):237:8924:false |==> true
29:LVR:TRUE:FALSE:org.apache.commons.lang3.StringUtils@isBlank(java.lang.CharSequence):240:8970:true |==> false
30:ROR:==(java.lang.Object,java.lang.Object):FALSE(java.lang.Object,java.lang.Object):org.apache.commons.lang3.StringUtils@trim(java.lang.String):289:10683:str == null |==> false
31:COR:<METHOD_INVOCATION(boolean)>:FALSE:org.apache.commons.lang3.StringUtils@trimToNull(java.lang.String):316:11715:isEmpty(ts) |==> false
32:COR:<METHOD_INVOCATION(boolean)>:TRUE:org.apache.commons.lang3.StringUtils@trimToNull(java.lang.String):316:11715:isEmpty(ts) |==> true
33:ROR:==(java.lang.Object,java.lang.Object):FALSE(java.lang.Object,java.lang.Object):org.apache.commons.lang3.StringUtils@trimToEmpty(java.lang.String):341:12675:str == null |==> false
34:ROR:==(java.lang.Object,java.lang.Object):FALSE(java.lang.Object,java.lang.Object):org.apache.commons.lang3.StringUtils@stripToNull(java.lang.String):396:14740:str == null |==> false
35:STD:<ASSIGN>:<NO-OP>:org.apache.commons.lang3.StringUtils@stripToNull(java.lang.String):399:14794:str = strip(str, null); |==> <NO-OP>
36:LVR:0:POS:org.apache.commons.lang3.StringUtils@stripToNull(java.lang.String):400:14849:0 |==> 1
37:LVR:0:NEG:org.apache.commons.lang3.StringUtils@stripToNull(java.lang.String):400:14849:0 |==> -1
38:ROR:==(int,int):>=(int,int):org.apache.commons.lang3.StringUtils@stripToNull(java.lang.String):400:14833:str.length() == 0 |==> str.length() >= 0
39:ROR:==(int,int):FALSE(int,int):org.apache.commons.lang3.StringUtils@stripToNull(java.lang.String):400:14846:str.length() == 0 |==> false
40:ROR:==(java.lang.Object,java.lang.Object):FALSE(java.lang.Object,java.lang.Object):org.apache.commons.lang3.StringUtils@stripToEmpty(java.lang.String):426:15841:str == null |==> false
41:COR:<METHOD_INVOCATION(boolean)>:FALSE:org.apache.commons.lang3.StringUtils@strip(java.lang.String,java.lang.String):456:17140:isEmpty(str) |==> false
42:COR:<METHOD_INVOCATION(boolean)>:TRUE:org.apache.commons.lang3.StringUtils@strip(java.lang.String,java.lang.String):456:17140:isEmpty(str) |==> true
43:STD:<ASSIGN>:<NO-OP>:org.apache.commons.lang3.StringUtils@strip(java.lang.String,java.lang.String):459:17191:str = stripStart(str, stripChars); |==> <NO-OP>
44:ROR:==(java.lang.Object,java.lang.Object):FALSE(java.lang.Object,java.lang.Object):org.apache.commons.lang3.StringUtils@stripStart(java.lang.String,java.lang.String):489:18476:str == null |==> false
45:LVR:0:POS:org.apache.commons.lang3.StringUtils@stripStart(java.lang.String,java.lang.String):489:18514:0 |==> 1
46:LVR:0:NEG:org.apache.commons.lang3.StringUtils@stripStart(java.lang.String,java.lang.String):489:18514:0 |==> -1
47:ROR:==(int,int):<=(int,int):org.apache.commons.lang3.StringUtils@stripStart(java.lang.String,java.lang.String):489:18487:(strLen = str.length()) == 0 |==> (strLen = str.length()) <= 0
48:ROR:==(int,int):>=(int,int):org.apache.commons.lang3.StringUtils@stripStart(java.lang.String,java.lang.String):489:18487:(strLen = str.length()) == 0 |==> (strLen = str.length()) >= 0
49:COR:||(boolean,boolean):!=(boolean,boolean):org.apache.commons.lang3.StringUtils@stripStart(java.lang.String,java.lang.String):489:18472:str == null || (strLen = str.length()) == 0 |==> str == null != ((strLen = str.length()) == 0)
50:COR:||(boolean,boolean):RHS(boolean,boolean):org.apache.commons.lang3.StringUtils@stripStart(java.lang.String,java.lang.String):489:18487:str == null || (strLen = str.length()) == 0 |==> (strLen = str.length()) == 0
51:COR:||(boolean,boolean):TRUE(boolean,boolean):org.apache.commons.lang3.StringUtils@stripStart(java.lang.String,java.lang.String):489:18484:str == null || (strLen = str.length()) == 0 |==> true
52:LVR:0:POS:org.apache.commons.lang3.StringUtils@stripStart(java.lang.String,java.lang.String):492:18573:0 |==> 1
53:LVR:0:NEG:org.apache.commons.lang3.StringUtils@stripStart(java.lang.String,java.lang.String):492:18573:0 |==> -1
54:ROR:==(java.lang.Object,java.lang.Object):FALSE(java.lang.Object,java.lang.Object):org.apache.commons.lang3.StringUtils@stripStart(java.lang.String,java.lang.String):493:18599:stripChars == null |==> false
55:ROR:!=(int,int):<(int,int):org.apache.commons.lang3.StringUtils@stripStart(java.lang.String,java.lang.String):494:18630:start != strLen |==> start < strLen
56:ROR:!=(int,int):>(int,int):org.apache.commons.lang3.StringUtils@stripStart(java.lang.String,java.lang.String):494:18630:start != strLen |==> start > strLen
57:ROR:!=(int,int):TRUE(int,int):org.apache.commons.lang3.StringUtils@stripStart(java.lang.String,java.lang.String):494:18636:start != strLen |==> true
58:COR:&&(boolean,boolean):==(boolean,boolean):org.apache.commons.lang3.StringUtils@stripStart(java.lang.String,java.lang.String):494:18629:(start != strLen) && Character.isWhitespace(str.charAt(start)) |==> (start != strLen) == Character.isWhitespace(str.charAt(start))
59:COR:&&(boolean,boolean):FALSE(boolean,boolean):org.apache.commons.lang3.StringUtils@stripStart(java.lang.String,java.lang.String):494:18647:(start != strLen) && Character.isWhitespace(str.charAt(start)) |==> false
60:COR:&&(boolean,boolean):LHS(boolean,boolean):org.apache.commons.lang3.StringUtils@stripStart(java.lang.String,java.lang.String):494:18629:(start != strLen) && Character.isWhitespace(str.charAt(start)) |==> (start != strLen)
61:COR:&&(boolean,boolean):RHS(boolean,boolean):org.apache.commons.lang3.StringUtils@stripStart(java.lang.String,java.lang.String):494:18650:(start != strLen) && Character.isWhitespace(str.charAt(start)) |==> Character.isWhitespace(str.charAt(start))
62:STD:<INC>:<NO-OP>:org.apache.commons.lang3.StringUtils@stripStart(java.lang.String,java.lang.String):495:18711:start++; |==> <NO-OP>
63:LVR:0:POS:org.apache.commons.lang3.StringUtils@stripStart(java.lang.String,java.lang.String):497:18776:0 |==> 1
64:LVR:0:NEG:org.apache.commons.lang3.StringUtils@stripStart(java.lang.String,java.lang.String):497:18776:0 |==> -1
65:ROR:==(int,int):>=(int,int):org.apache.commons.lang3.StringUtils@stripStart(java.lang.String,java.lang.String):497:18753:stripChars.length() == 0 |==> stripChars.length() >= 0
66:ROR:==(int,int):FALSE(int,int):org.apache.commons.lang3.StringUtils@stripStart(java.lang.String,java.lang.String):497:18773:stripChars.length() == 0 |==> false
67:ROR:!=(int,int):<(int,int):org.apache.commons.lang3.StringUtils@stripStart(java.lang.String,java.lang.String):500:18842:start != strLen |==> start < strLen
68:ROR:!=(int,int):>(int,int):org.apache.commons.lang3.StringUtils@stripStart(java.lang.String,java.lang.String):500:18842:start != strLen |==> start > strLen
69:ROR:!=(int,int):TRUE(int,int):org.apache.commons.lang3.StringUtils@stripStart(java.lang.String,java.lang.String):500:18848:start != strLen |==> true
70:ROR:!=(int,int):<(int,int):org.apache.commons.lang3.StringUtils@stripStart(java.lang.String,java.lang.String):500:18863:stripChars.indexOf(str.charAt(start)) != INDEX_NOT_FOUND |==> stripChars.indexOf(str.charAt(start)) < INDEX_NOT_FOUND
71:ROR:!=(int,int):TRUE(int,int):org.apache.commons.lang3.StringUtils@stripStart(java.lang.String,java.lang.String):500:18901:stripChars.indexOf(str.charAt(start)) != INDEX_NOT_FOUND |==> true
72:COR:&&(boolean,boolean):==(boolean,boolean):org.apache.commons.lang3.StringUtils@stripStart(java.lang.String,java.lang.String):500:18841:(start != strLen) && (stripChars.indexOf(str.charAt(start)) != INDEX_NOT_FOUND) |==> (start != strLen) == (stripChars.indexOf(str.charAt(start)) != INDEX_NOT_FOUND)
73:COR:&&(boolean,boolean):FALSE(boolean,boolean):org.apache.commons.lang3.StringUtils@stripStart(java.lang.String,java.lang.String):500:18859:(start != strLen) && (stripChars.indexOf(str.charAt(start)) != INDEX_NOT_FOUND) |==> false
74:COR:&&(boolean,boolean):LHS(boolean,boolean):org.apache.commons.lang3.StringUtils@stripStart(java.lang.String,java.lang.String):500:18841:(start != strLen) && (stripChars.indexOf(str.charAt(start)) != INDEX_NOT_FOUND) |==> (start != strLen)
75:COR:&&(boolean,boolean):RHS(boolean,boolean):org.apache.commons.lang3.StringUtils@stripStart(java.lang.String,java.lang.String):500:18862:(start != strLen) && (stripChars.indexOf(str.charAt(start)) != INDEX_NOT_FOUND) |==> (stripChars.indexOf(str.charAt(start)) != INDEX_NOT_FOUND)
76:STD:<INC>:<NO-OP>:org.apache.commons.lang3.StringUtils@stripStart(java.lang.String,java.lang.String):501:18940:start++; |==> <NO-OP>
77:ROR:==(java.lang.Object,java.lang.Object):FALSE(java.lang.Object,java.lang.Object):org.apache.commons.lang3.StringUtils@stripEnd(java.lang.String,java.lang.String):533:20195:str == null |==> false
78:LVR:0:POS:org.apache.commons.lang3.StringUtils@stripEnd(java.lang.String,java.lang.String):533:20230:0 |==> 1
79:LVR:0:NEG:org.apache.commons.lang3.StringUtils@stripEnd(java.lang.String,java.lang.String):533:20230:0 |==> -1
80:ROR:==(int,int):<=(int,int):org.apache.commons.lang3.StringUtils@stripEnd(java.lang.String,java.lang.String):533:20206:(end = str.length()) == 0 |==> (end = str.length()) <= 0
81:ROR:==(int,int):>=(int,int):org.apache.commons.lang3.StringUtils@stripEnd(java.lang.String,java.lang.String):533:20206:(end = str.length()) == 0 |==> (end = str.length()) >= 0
82:COR:||(boolean,boolean):!=(boolean,boolean):org.apache.commons.lang3.StringUtils@stripEnd(java.lang.String,java.lang.String):533:20191:str == null || (end = str.length()) == 0 |==> str == null != ((end = str.length()) == 0)
83:COR:||(boolean,boolean):RHS(boolean,boolean):org.apache.commons.lang3.StringUtils@stripEnd(java.lang.String,java.lang.String):533:20206:str == null || (end = str.length()) == 0 |==> (end = str.length()) == 0
84:COR:||(boolean,boolean):TRUE(boolean,boolean):org.apache.commons.lang3.StringUtils@stripEnd(java.lang.String,java.lang.String):533:20203:str == null || (end = str.length()) == 0 |==> true
85:ROR:==(java.lang.Object,java.lang.Object):FALSE(java.lang.Object,java.lang.Object):org.apache.commons.lang3.StringUtils@stripEnd(java.lang.String,java.lang.String):537:20293:stripChars == null |==> false
86:LVR:0:POS:org.apache.commons.lang3.StringUtils@stripEnd(java.lang.String,java.lang.String):538:20331:0 |==> 1
87:LVR:0:NEG:org.apache.commons.lang3.StringUtils@stripEnd(java.lang.String,java.lang.String):538:20331:0 |==> -1
88:ROR:!=(int,int):<(int,int):org.apache.commons.lang3.StringUtils@stripEnd(java.lang.String,java.lang.String):538:20324:end != 0 |==> end < 0
89:ROR:!=(int,int):>(int,int):org.apache.commons.lang3.StringUtils@stripEnd(java.lang.String,java.lang.String):538:20324:end != 0 |==> end > 0
90:ROR:!=(int,int):TRUE(int,int):org.apache.commons.lang3.StringUtils@stripEnd(java.lang.String,java.lang.String):538:20328:end != 0 |==> true
91:LVR:POS:0:org.apache.commons.lang3.StringUtils@stripEnd(java.lang.String,java.lang.String):538:20377:1 |==> 0
92:LVR:POS:NEG:org.apache.commons.lang3.StringUtils@stripEnd(java.lang.String,java.lang.String):538:20377:1 |==> -1
93:AOR:-(int,int):%(int,int):org.apache.commons.lang3.StringUtils@stripEnd(java.lang.String,java.lang.String):538:20371:end - 1 |==> end % 1
94:AOR:-(int,int):*(int,int):org.apache.commons.lang3.StringUtils@stripEnd(java.lang.String,java.lang.String):538:20371:end - 1 |==> end * 1
95:AOR:-(int,int):+(int,int):org.apache.commons.lang3.StringUtils@stripEnd(java.lang.String,java.lang.String):538:20371:end - 1 |==> end + 1
96:AOR:-(int,int):/(int,int):org.apache.commons.lang3.StringUtils@stripEnd(java.lang.String,java.lang.String):538:20371:end - 1 |==> end / 1
97:COR:&&(boolean,boolean):==(boolean,boolean):org.apache.commons.lang3.StringUtils@stripEnd(java.lang.String,java.lang.String):538:20323:(end != 0) && Character.isWhitespace(str.charAt(end - 1)) |==> (end != 0) == Character.isWhitespace(str.charAt(end - 1))
98:COR:&&(boolean,boolean):FALSE(boolean,boolean):org.apache.commons.lang3.StringUtils@stripEnd(java.lang.String,java.lang.String):538:20334:(end != 0) && Character.isWhitespace(str.charAt(end - 1)) |==> false
99:COR:&&(boolean,boolean):LHS(boolean,boolean):org.apache.commons.lang3.StringUtils@stripEnd(java.lang.String,java.lang.String):538:20323:(end != 0) && Character.isWhitespace(str.charAt(end - 1)) |==> (end != 0)
100:COR:&&(boolean,boolean):RHS(boolean,boolean):org.apache.commons.lang3.StringUtils@stripEnd(java.lang.String,java.lang.String):538:20337:(end != 0) && Character.isWhitespace(str.charAt(end - 1)) |==> Character.isWhitespace(str.charAt(end - 1))
101:STD:<DEC>:<NO-OP>:org.apache.commons.lang3.StringUtils@stripEnd(java.lang.String,java.lang.String):539:20400:end--; |==> <NO-OP>
102:LVR:0:POS:org.apache.commons.lang3.StringUtils@stripEnd(java.lang.String,java.lang.String):541:20463:0 |==> 1
103:LVR:0:NEG:org.apache.commons.lang3.StringUtils@stripEnd(java.lang.String,java.lang.String):541:20463:0 |==> -1
104:ROR:==(int,int):>=(int,int):org.apache.commons.lang3.StringUtils@stripEnd(java.lang.String,java.lang.String):541:20440:stripChars.length() == 0 |==> stripChars.length() >= 0
105:ROR:==(int,int):FALSE(int,int):org.apache.commons.lang3.StringUtils@stripEnd(java.lang.String,java.lang.String):541:20460:stripChars.length() == 0 |==> false
106:LVR:0:POS:org.apache.commons.lang3.StringUtils@stripEnd(java.lang.String,java.lang.String):544:20536:0 |==> 1
107:LVR:0:NEG:org.apache.commons.lang3.StringUtils@stripEnd(java.lang.String,java.lang.String):544:20536:0 |==> -1
108:ROR:!=(int,int):<(int,int):org.apache.commons.lang3.StringUtils@stripEnd(java.lang.String,java.lang.String):544:20529:end != 0 |==> end < 0
109:ROR:!=(int,int):>(int,int):org.apache.commons.lang3.StringUtils@stripEnd(java.lang.String,java.lang.String):544:20529:end != 0 |==> end > 0
110:ROR:!=(int,int):TRUE(int,int):org.apache.commons.lang3.StringUtils@stripEnd(java.lang.String,java.lang.String):544:20533:end != 0 |==> true
111:LVR:POS:0:org.apache.commons.lang3.StringUtils@stripEnd(java.lang.String,java.lang.String):544:20579:1 |==> 0
112:LVR:POS:NEG:org.apache.commons.lang3.StringUtils@stripEnd(java.lang.String,java.lang.String):544:20579:1 |==> -1
113:AOR:-(int,int):%(int,int):org.apache.commons.lang3.StringUtils@stripEnd(java.lang.String,java.lang.String):544:20573:end - 1 |==> end % 1
114:AOR:-(int,int):*(int,int):org.apache.commons.lang3.StringUtils@stripEnd(java.lang.String,java.lang.String):544:20573:end - 1 |==> end * 1
115:AOR:-(int,int):+(int,int):org.apache.commons.lang3.StringUtils@stripEnd(java.lang.String,java.lang.String):544:20573:end - 1 |==> end + 1
116:AOR:-(int,int):/(int,int):org.apache.commons.lang3.StringUtils@stripEnd(java.lang.String,java.lang.String):544:20573:end - 1 |==> end / 1
117:ROR:!=(int,int):<(int,int):org.apache.commons.lang3.StringUtils@stripEnd(java.lang.String,java.lang.String):544:20543:stripChars.indexOf(str.charAt(end - 1)) != INDEX_NOT_FOUND |==> stripChars.indexOf(str.charAt(end - 1)) < INDEX_NOT_FOUND
118:ROR:!=(int,int):TRUE(int,int):org.apache.commons.lang3.StringUtils@stripEnd(java.lang.String,java.lang.String):544:20583:stripChars.indexOf(str.charAt(end - 1)) != INDEX_NOT_FOUND |==> true
119:COR:&&(boolean,boolean):==(boolean,boolean):org.apache.commons.lang3.StringUtils@stripEnd(java.lang.String,java.lang.String):544:20528:(end != 0) && (stripChars.indexOf(str.charAt(end - 1)) != INDEX_NOT_FOUND) |==> (end != 0) == (stripChars.indexOf(str.charAt(end - 1)) != INDEX_NOT_FOUND)
120:COR:&&(boolean,boolean):FALSE(boolean,boolean):org.apache.commons.lang3.StringUtils@stripEnd(java.lang.String,java.lang.String):544:20539:(end != 0) && (stripChars.indexOf(str.charAt(end - 1)) != INDEX_NOT_FOUND) |==> false
121:COR:&&(boolean,boolean):LHS(boolean,boolean):org.apache.commons.lang3.StringUtils@stripEnd(java.lang.String,java.lang.String):544:20528:(end != 0) && (stripChars.indexOf(str.charAt(end - 1)) != INDEX_NOT_FOUND) |==> (end != 0)
122:COR:&&(boolean,boolean):RHS(boolean,boolean):org.apache.commons.lang3.StringUtils@stripEnd(java.lang.String,java.lang.String):544:20542:(end != 0) && (stripChars.indexOf(str.charAt(end - 1)) != INDEX_NOT_FOUND) |==> (stripChars.indexOf(str.charAt(end - 1)) != INDEX_NOT_FOUND)
123:STD:<DEC>:<NO-OP>:org.apache.commons.lang3.StringUtils@stripEnd(java.lang.String,java.lang.String):545:20622:end--; |==> <NO-OP>
124:LVR:0:POS:org.apache.commons.lang3.StringUtils@stripEnd(java.lang.String,java.lang.String):548:20682:0 |==> 1
125:LVR:0:NEG:org.apache.commons.lang3.StringUtils@stripEnd(java.lang.String,java.lang.String):548:20682:0 |==> -1
126:ROR:==(java.lang.Object,java.lang.Object):FALSE(java.lang.Object,java.lang.Object):org.apache.commons.lang3.StringUtils@stripAll(java.lang.String[],java.lang.String):603:23038:strs == null |==> false
127:LVR:0:POS:org.apache.commons.lang3.StringUtils@stripAll(java.lang.String[],java.lang.String):603:23076:0 |==> 1
128:LVR:0:NEG:org.apache.commons.lang3.StringUtils@stripAll(java.lang.String[],java.lang.String):603:23076:0 |==> -1
129:ROR:==(int,int):<=(int,int):org.apache.commons.lang3.StringUtils@stripAll(java.lang.String[],java.lang.String):603:23049:(strsLen = strs.length) == 0 |==> (strsLen = strs.length) <= 0
130:ROR:==(int,int):>=(int,int):org.apache.commons.lang3.StringUtils@stripAll(java.lang.String[],java.lang.String):603:23049:(strsLen = strs.length) == 0 |==> (strsLen = strs.length) >= 0
131:COR:||(boolean,boolean):!=(boolean,boolean):org.apache.commons.lang3.StringUtils@stripAll(java.lang.String[],java.lang.String):603:23033:strs == null || (strsLen = strs.length) == 0 |==> strs == null != ((strsLen = strs.length) == 0)
132:COR:||(boolean,boolean):RHS(boolean,boolean):org.apache.commons.lang3.StringUtils@stripAll(java.lang.String[],java.lang.String):603:23049:strs == null || (strsLen = strs.length) == 0 |==> (strsLen = strs.length) == 0
133:COR:||(boolean,boolean):TRUE(boolean,boolean):org.apache.commons.lang3.StringUtils@stripAll(java.lang.String[],java.lang.String):603:23046:strs == null || (strsLen = strs.length) == 0 |==> true
134:LVR:0:POS:org.apache.commons.lang3.StringUtils@stripAll(java.lang.String[],java.lang.String):607:23184:0 |==> 1
135:LVR:0:NEG:org.apache.commons.lang3.StringUtils@stripAll(java.lang.String[],java.lang.String):607:23184:0 |==> -1
136:ROR:<(int,int):!=(int,int):org.apache.commons.lang3.StringUtils@stripAll(java.lang.String[],java.lang.String):607:23187:i < strsLen |==> i != strsLen
137:ROR:<(int,int):<=(int,int):org.apache.commons.lang3.StringUtils@stripAll(java.lang.String[],java.lang.String):607:23187:i < strsLen |==> i <= strsLen
138:ROR:<(int,int):FALSE(int,int):org.apache.commons.lang3.StringUtils@stripAll(java.lang.String[],java.lang.String):607:23189:i < strsLen |==> false
139:STD:<ASSIGN>:<NO-OP>:org.apache.commons.lang3.StringUtils@stripAll(java.lang.String[],java.lang.String):608:23219:newArr[i] = strip(strs[i], stripChars); |==> <NO-OP>
140:ROR:==(java.lang.Object,java.lang.Object):FALSE(java.lang.Object,java.lang.Object):org.apache.commons.lang3.StringUtils@stripAccents(java.lang.String):630:23914:input == null |==> false
141:LVR:POS:0:org.apache.commons.lang3.StringUtils@stripAccents(java.lang.String):633:24004:1.6F |==> 0.0F
142:LVR:POS:NEG:org.apache.commons.lang3.StringUtils@stripAccents(java.lang.String):633:24004:1.6F |==> -1.6F
143:COR:<METHOD_INVOCATION(boolean)>:FALSE:org.apache.commons.lang3.StringUtils@stripAccents(java.lang.String):633:24003:SystemUtils.isJavaVersionAtLeast(1.6F) |==> false
144:COR:<METHOD_INVOCATION(boolean)>:TRUE:org.apache.commons.lang3.StringUtils@stripAccents(java.lang.String):633:24003:SystemUtils.isJavaVersionAtLeast(1.6F) |==> true
145:LVR:FALSE:TRUE:org.apache.commons.lang3.StringUtils@stripAccents(java.lang.String):640:24350:false |==> true
146:LVR:FALSE:TRUE:org.apache.commons.lang3.StringUtils@stripAccents(java.lang.String):643:24485:false |==> true
147:ROR:==(java.lang.Object,java.lang.Object):FALSE(java.lang.Object,java.lang.Object):org.apache.commons.lang3.StringUtils@equals(java.lang.CharSequence,java.lang.CharSequence):700:27491:cs1 == null |==> false
148:ROR:==(java.lang.Object,java.lang.Object):FALSE(java.lang.Object,java.lang.Object):org.apache.commons.lang3.StringUtils@equals(java.lang.CharSequence,java.lang.CharSequence):700:27505:cs2 == null |==> false
149:ROR:==(java.lang.Object,java.lang.Object):FALSE(java.lang.Object,java.lang.Object):org.apache.commons.lang3.StringUtils@equalsIgnoreCase(java.lang.String,java.lang.String):725:28514:str1 == null |==> false
150:ROR:==(java.lang.Object,java.lang.Object):FALSE(java.lang.Object,java.lang.Object):org.apache.commons.lang3.StringUtils@equalsIgnoreCase(java.lang.String,java.lang.String):725:28529:str2 == null |==> false
151:COR:<METHOD_INVOCATION(boolean)>:FALSE:org.apache.commons.lang3.StringUtils@indexOf(java.lang.String,char):750:29473:isEmpty(str) |==> false
152:COR:<METHOD_INVOCATION(boolean)>:TRUE:org.apache.commons.lang3.StringUtils@indexOf(java.lang.String,char):750:29473:isEmpty(str) |==> true
153:COR:<METHOD_INVOCATION(boolean)>:FALSE:org.apache.commons.lang3.StringUtils@indexOf(java.lang.String,char,int):782:30751:isEmpty(str) |==> false
154:COR:<METHOD_INVOCATION(boolean)>:TRUE:org.apache.commons.lang3.StringUtils@indexOf(java.lang.String,char,int):782:30751:isEmpty(str) |==> true
155:ROR:==(java.lang.Object,java.lang.Object):FALSE(java.lang.Object,java.lang.Object):org.apache.commons.lang3.StringUtils@indexOf(java.lang.String,java.lang.String):812:31865:str == null |==> false
156:ROR:==(java.lang.Object,java.lang.Object):FALSE(java.lang.Object,java.lang.Object):org.apache.commons.lang3.StringUtils@indexOf(java.lang.String,java.lang.String):812:31886:searchStr == null |==> false
157:COR:||(boolean,boolean):!=(boolean,boolean):org.apache.commons.lang3.StringUtils@indexOf(java.lang.String,java.lang.String):812:31861:str == null || searchStr == null |==> str == null != (searchStr == null)
158:COR:||(boolean,boolean):LHS(boolean,boolean):org.apache.commons.lang3.StringUtils@indexOf(java.lang.String,java.lang.String):812:31861:str == null || searchStr == null |==> str == null
159:COR:||(boolean,boolean):RHS(boolean,boolean):org.apache.commons.lang3.StringUtils@indexOf(java.lang.String,java.lang.String):812:31876:str == null || searchStr == null |==> searchStr == null
160:COR:||(boolean,boolean):TRUE(boolean,boolean):org.apache.commons.lang3.StringUtils@indexOf(java.lang.String,java.lang.String):812:31873:str == null || searchStr == null |==> true
161:ROR:==(java.lang.Object,java.lang.Object):FALSE(java.lang.Object,java.lang.Object):org.apache.commons.lang3.StringUtils@indexOf(java.lang.String,java.lang.String,int):851:33515:str == null |==> false
162:ROR:==(java.lang.Object,java.lang.Object):FALSE(java.lang.Object,java.lang.Object):org.apache.commons.lang3.StringUtils@indexOf(java.lang.String,java.lang.String,int):851:33536:searchStr == null |==> false
163:COR:||(boolean,boolean):!=(boolean,boolean):org.apache.commons.lang3.StringUtils@indexOf(java.lang.String,java.lang.String,int):851:33511:str == null || searchStr == null |==> str == null != (searchStr == null)
164:COR:||(boolean,boolean):LHS(boolean,boolean):org.apache.commons.lang3.StringUtils@indexOf(java.lang.String,java.lang.String,int):851:33511:str == null || searchStr == null |==> str == null
165:COR:||(boolean,boolean):RHS(boolean,boolean):org.apache.commons.lang3.StringUtils@indexOf(java.lang.String,java.lang.String,int):851:33526:str == null || searchStr == null |==> searchStr == null
166:COR:||(boolean,boolean):TRUE(boolean,boolean):org.apache.commons.lang3.StringUtils@indexOf(java.lang.String,java.lang.String,int):851:33523:str == null || searchStr == null |==> true
167:LVR:FALSE:TRUE:org.apache.commons.lang3.StringUtils@ordinalIndexOf(java.lang.String,java.lang.String,int):891:35225:false |==> true
168:ROR:==(java.lang.Object,java.lang.Object):FALSE(java.lang.Object,java.lang.Object):org.apache.commons.lang3.StringUtils@ordinalIndexOf(java.lang.String,java.lang.String,int,boolean):909:36111:str == null |==> false
169:ROR:==(java.lang.Object,java.lang.Object):FALSE(java.lang.Object,java.lang.Object):org.apache.commons.lang3.StringUtils@ordinalIndexOf(java.lang.String,java.lang.String,int,boolean):909:36132:searchStr == null |==> false
170:COR:||(boolean,boolean):!=(boolean,boolean):org.apache.commons.lang3.StringUtils@ordinalIndexOf(java.lang.String,java.lang.String,int,boolean):909:36107:str == null || searchStr == null |==> str == null != (searchStr == null)
171:COR:||(boolean,boolean):LHS(boolean,boolean):org.apache.commons.lang3.StringUtils@ordinalIndexOf(java.lang.String,java.lang.String,int,boolean):909:36107:str == null || searchStr == null |==> str == null
172:COR:||(boolean,boolean):RHS(boolean,boolean):org.apache.commons.lang3.StringUtils@ordinalIndexOf(java.lang.String,java.lang.String,int,boolean):909:36122:str == null || searchStr == null |==> searchStr == null
173:COR:||(boolean,boolean):TRUE(boolean,boolean):org.apache.commons.lang3.StringUtils@ordinalIndexOf(java.lang.String,java.lang.String,int,boolean):909:36119:str == null || searchStr == null |==> true
174:LVR:0:POS:org.apache.commons.lang3.StringUtils@ordinalIndexOf(java.lang.String,java.lang.String,int,boolean):909:36154:0 |==> 1
175:LVR:0:NEG:org.apache.commons.lang3.StringUtils@ordinalIndexOf(java.lang.String,java.lang.String,int,boolean):909:36154:0 |==> -1
176:ROR:<=(int,int):<(int,int):org.apache.commons.lang3.StringUtils@ordinalIndexOf(java.lang.String,java.lang.String,int,boolean):909:36143:ordinal <= 0 |==> ordinal < 0
177:ROR:<=(int,int):==(int,int):org.apache.commons.lang3.StringUtils@ordinalIndexOf(java.lang.String,java.lang.String,int,boolean):909:36143:ordinal <= 0 |==> ordinal == 0
178:ROR:<=(int,int):TRUE(int,int):org.apache.commons.lang3.StringUtils@ordinalIndexOf(java.lang.String,java.lang.String,int,boolean):909:36151:ordinal <= 0 |==> true
179:COR:||(boolean,boolean):!=(boolean,boolean):org.apache.commons.lang3.StringUtils@ordinalIndexOf(java.lang.String,java.lang.String,int,boolean):909:36107:str == null || searchStr == null || ordinal <= 0 |==> (str == null || searchStr == null) != ordinal <= 0
180:COR:||(boolean,boolean):LHS(boolean,boolean):org.apache.commons.lang3.StringUtils@ordinalIndexOf(java.lang.String,java.lang.String,int,boolean):909:36107:str == null || searchStr == null || ordinal <= 0 |==> str == null || searchStr == null
181:COR:||(boolean,boolean):RHS(boolean,boolean):org.apache.commons.lang3.StringUtils@ordinalIndexOf(java.lang.String,java.lang.String,int,boolean):909:36143:str == null || searchStr == null || ordinal <= 0 |==> ordinal <= 0
182:COR:||(boolean,boolean):TRUE(boolean,boolean):org.apache.commons.lang3.StringUtils@ordinalIndexOf(java.lang.String,java.lang.String,int,boolean):909:36140:str == null || searchStr == null || ordinal <= 0 |==> true
183:LVR:0:POS:org.apache.commons.lang3.StringUtils@ordinalIndexOf(java.lang.String,java.lang.String,int,boolean):912:36239:0 |==> 1
184:LVR:0:NEG:org.apache.commons.lang3.StringUtils@ordinalIndexOf(java.lang.String,java.lang.String,int,boolean):912:36239:0 |==> -1
185:ROR:==(int,int):>=(int,int):org.apache.commons.lang3.StringUtils@ordinalIndexOf(java.lang.String,java.lang.String,int,boolean):912:36217:searchStr.length() == 0 |==> searchStr.length() >= 0
186:ROR:==(int,int):FALSE(int,int):org.apache.commons.lang3.StringUtils@ordinalIndexOf(java.lang.String,java.lang.String,int,boolean):912:36236:searchStr.length() == 0 |==> false
187:COR:<IDENTIFIER(boolean)>:FALSE:org.apache.commons.lang3.StringUtils@ordinalIndexOf(java.lang.String,java.lang.String,int,boolean):913:36263:lastIndex |==> false
188:COR:<IDENTIFIER(boolean)>:TRUE:org.apache.commons.lang3.StringUtils@ordinalIndexOf(java.lang.String,java.lang.String,int,boolean):913:36263:lastIndex |==> true
189:LVR:0:POS:org.apache.commons.lang3.StringUtils@ordinalIndexOf(java.lang.String,java.lang.String,int,boolean):913:36290:0 |==> 1
190:LVR:0:NEG:org.apache.commons.lang3.StringUtils@ordinalIndexOf(java.lang.String,java.lang.String,int,boolean):913:36290:0 |==> -1
191:LVR:0:POS:org.apache.commons.lang3.StringUtils@ordinalIndexOf(java.lang.String,java.lang.String,int,boolean):915:36323:0 |==> 1
192:LVR:0:NEG:org.apache.commons.lang3.StringUtils@ordinalIndexOf(java.lang.String,java.lang.String,int,boolean):915:36323:0 |==> -1
193:COR:<IDENTIFIER(boolean)>:FALSE:org.apache.commons.lang3.StringUtils@ordinalIndexOf(java.lang.String,java.lang.String,int,boolean):916:36346:lastIndex |==> false
194:COR:<IDENTIFIER(boolean)>:TRUE:org.apache.commons.lang3.StringUtils@ordinalIndexOf(java.lang.String,java.lang.String,int,boolean):916:36346:lastIndex |==> true
195:COR:<IDENTIFIER(boolean)>:FALSE:org.apache.commons.lang3.StringUtils@ordinalIndexOf(java.lang.String,java.lang.String,int,boolean):918:36418:lastIndex |==> false
196:COR:<IDENTIFIER(boolean)>:TRUE:org.apache.commons.lang3.StringUtils@ordinalIndexOf(java.lang.String,java.lang.String,int,boolean):918:36418:lastIndex |==> true
197:LVR:POS:0:org.apache.commons.lang3.StringUtils@ordinalIndexOf(java.lang.String,java.lang.String,int,boolean):919:36490:1 |==> 0
198:LVR:POS:NEG:org.apache.commons.lang3.StringUtils@ordinalIndexOf(java.lang.String,java.lang.String,int,boolean):919:36490:1 |==> -1
199:AOR:-(int,int):%(int,int):org.apache.commons.lang3.StringUtils@ordinalIndexOf(java.lang.String,java.lang.String,int,boolean):919:36482:index - 1 |==> index % 1
200:AOR:-(int,int):*(int,int):org.apache.commons.lang3.StringUtils@ordinalIndexOf(java.lang.String,java.lang.String,int,boolean):919:36482:index - 1 |==> index * 1
201:AOR:-(int,int):+(int,int):org.apache.commons.lang3.StringUtils@ordinalIndexOf(java.lang.String,java.lang.String,int,boolean):919:36482:index - 1 |==> index + 1
202:AOR:-(int,int):/(int,int):org.apache.commons.lang3.StringUtils@ordinalIndexOf(java.lang.String,java.lang.String,int,boolean):919:36482:index - 1 |==> index / 1
203:STD:<ASSIGN>:<NO-OP>:org.apache.commons.lang3.StringUtils@ordinalIndexOf(java.lang.String,java.lang.String,int,boolean):919:36447:index = str.lastIndexOf(searchStr, index - 1); |==> <NO-OP>
204:LVR:POS:0:org.apache.commons.lang3.StringUtils@ordinalIndexOf(java.lang.String,java.lang.String,int,boolean):921:36570:1 |==> 0
205:LVR:POS:NEG:org.apache.commons.lang3.StringUtils@ordinalIndexOf(java.lang.String,java.lang.String,int,boolean):921:36570:1 |==> -1
206:AOR:+(int,int):%(int,int):org.apache.commons.lang3.StringUtils@ordinalIndexOf(java.lang.String,java.lang.String,int,boolean):921:36562:index + 1 |==> index % 1
207:AOR:+(int,int):*(int,int):org.apache.commons.lang3.StringUtils@ordinalIndexOf(java.lang.String,java.lang.String,int,boolean):921:36562:index + 1 |==> index * 1
208:AOR:+(int,int):-(int,int):org.apache.commons.lang3.StringUtils@ordinalIndexOf(java.lang.String,java.lang.String,int,boolean):921:36562:index + 1 |==> index - 1
209:AOR:+(int,int):/(int,int):org.apache.commons.lang3.StringUtils@ordinalIndexOf(java.lang.String,java.lang.String,int,boolean):921:36562:index + 1 |==> index / 1
210:STD:<ASSIGN>:<NO-OP>:org.apache.commons.lang3.StringUtils@ordinalIndexOf(java.lang.String,java.lang.String,int,boolean):921:36531:index = str.indexOf(searchStr, index + 1); |==> <NO-OP>
211:LVR:0:POS:org.apache.commons.lang3.StringUtils@ordinalIndexOf(java.lang.String,java.lang.String,int,boolean):923:36612:0 |==> 1
212:LVR:0:NEG:org.apache.commons.lang3.StringUtils@ordinalIndexOf(java.lang.String,java.lang.String,int,boolean):923:36612:0 |==> -1
213:ROR:<(int,int):!=(int,int):org.apache.commons.lang3.StringUtils@ordinalIndexOf(java.lang.String,java.lang.String,int,boolean):923:36604:index < 0 |==> index != 0
214:ROR:<(int,int):<=(int,int):org.apache.commons.lang3.StringUtils@ordinalIndexOf(java.lang.String,java.lang.String,int,boolean):923:36604:index < 0 |==> index <= 0
215:ROR:<(int,int):FALSE(int,int):org.apache.commons.lang3.StringUtils@ordinalIndexOf(java.lang.String,java.lang.String,int,boolean):923:36610:index < 0 |==> false
216:STD:<INC>:<NO-OP>:org.apache.commons.lang3.StringUtils@ordinalIndexOf(java.lang.String,java.lang.String,int,boolean):926:36673:found++; |==> <NO-OP>
217:ROR:<(int,int):!=(int,int):org.apache.commons.lang3.StringUtils@ordinalIndexOf(java.lang.String,java.lang.String,int,boolean):927:36699:found < ordinal |==> found != ordinal
218:ROR:<(int,int):<=(int,int):org.apache.commons.lang3.StringUtils@ordinalIndexOf(java.lang.String,java.lang.String,int,boolean):927:36699:found < ordinal |==> found <= ordinal
219:ROR:<(int,int):FALSE(int,int):org.apache.commons.lang3.StringUtils@ordinalIndexOf(java.lang.String,java.lang.String,int,boolean):927:36705:found < ordinal |==> false
220:LVR:0:POS:org.apache.commons.lang3.StringUtils@indexOfIgnoreCase(java.lang.String,java.lang.String):956:37870:0 |==> 1
221:LVR:0:NEG:org.apache.commons.lang3.StringUtils@indexOfIgnoreCase(java.lang.String,java.lang.String):956:37870:0 |==> -1
222:ROR:==(java.lang.Object,java.lang.Object):FALSE(java.lang.Object,java.lang.Object):org.apache.commons.lang3.StringUtils@indexOfIgnoreCase(java.lang.String,java.lang.String,int):991:39419:str == null |==> false
223:ROR:==(java.lang.Object,java.lang.Object):FALSE(java.lang.Object,java.lang.Object):org.apache.commons.lang3.StringUtils@indexOfIgnoreCase(java.lang.String,java.lang.String,int):991:39440:searchStr == null |==> false
224:COR:||(boolean,boolean):!=(boolean,boolean):org.apache.commons.lang3.StringUtils@indexOfIgnoreCase(java.lang.String,java.lang.String,int):991:39415:str == null || searchStr == null |==> str == null != (searchStr == null)
225:COR:||(boolean,boolean):LHS(boolean,boolean):org.apache.commons.lang3.StringUtils@indexOfIgnoreCase(java.lang.String,java.lang.String,int):991:39415:str == null || searchStr == null |==> str == null
226:COR:||(boolean,boolean):RHS(boolean,boolean):org.apache.commons.lang3.StringUtils@indexOfIgnoreCase(java.lang.String,java.lang.String,int):991:39430:str == null || searchStr == null |==> searchStr == null
227:COR:||(boolean,boolean):TRUE(boolean,boolean):org.apache.commons.lang3.StringUtils@indexOfIgnoreCase(java.lang.String,java.lang.String,int):991:39427:str == null || searchStr == null |==> true
228:LVR:0:POS:org.apache.commons.lang3.StringUtils@indexOfIgnoreCase(java.lang.String,java.lang.String,int):994:39520:0 |==> 1
229:LVR:0:NEG:org.apache.commons.lang3.StringUtils@indexOfIgnoreCase(java.lang.String,java.lang.String,int):994:39520:0 |==> -1
230:ROR:<(int,int):!=(int,int):org.apache.commons.lang3.StringUtils@indexOfIgnoreCase(java.lang.String,java.lang.String,int):994:39509:startPos < 0 |==> startPos != 0
231:ROR:<(int,int):<=(int,int):org.apache.commons.lang3.StringUtils@indexOfIgnoreCase(java.lang.String,java.lang.String,int):994:39509:startPos < 0 |==> startPos <= 0
232:ROR:<(int,int):FALSE(int,int):org.apache.commons.lang3.StringUtils@indexOfIgnoreCase(java.lang.String,java.lang.String,int):994:39518:startPos < 0 |==> false
233:LVR:0:POS:org.apache.commons.lang3.StringUtils@indexOfIgnoreCase(java.lang.String,java.lang.String,int):995:39548:0 |==> 1
234:LVR:0:NEG:org.apache.commons.lang3.StringUtils@indexOfIgnoreCase(java.lang.String,java.lang.String,int):995:39548:0 |==> -1
235:STD:<ASSIGN>:<NO-OP>:org.apache.commons.lang3.StringUtils@indexOfIgnoreCase(java.lang.String,java.lang.String,int):995:39537:startPos = 0; |==> <NO-OP>
236:AOR:-(int,int):%(int,int):org.apache.commons.lang3.StringUtils@indexOfIgnoreCase(java.lang.String,java.lang.String,int):997:39585:str.length() - searchStr.length() |==> str.length() % searchStr.length()
237:AOR:-(int,int):*(int,int):org.apache.commons.lang3.StringUtils@indexOfIgnoreCase(java.lang.String,java.lang.String,int):997:39585:str.length() - searchStr.length() |==> str.length() * searchStr.length()
238:AOR:-(int,int):+(int,int):org.apache.commons.lang3.StringUtils@indexOfIgnoreCase(java.lang.String,java.lang.String,int):997:39585:str.length() - searchStr.length() |==> str.length() + searchStr.length()
239:AOR:-(int,int):/(int,int):org.apache.commons.lang3.StringUtils@indexOfIgnoreCase(java.lang.String,java.lang.String,int):997:39585:str.length() - searchStr.length() |==> str.length() / searchStr.length()
240:LVR:POS:0:org.apache.commons.lang3.StringUtils@indexOfIgnoreCase(java.lang.String,java.lang.String,int):997:39622:1 |==> 0
241:LVR:POS:NEG:org.apache.commons.lang3.StringUtils@indexOfIgnoreCase(java.lang.String,java.lang.String,int):997:39622:1 |==> -1
242:AOR:+(int,int):%(int,int):org.apache.commons.lang3.StringUtils@indexOfIgnoreCase(java.lang.String,java.lang.String,int):997:39584:(str.length() - searchStr.length()) + 1 |==> (str.length() - searchStr.length()) % 1
243:AOR:+(int,int):*(int,int):org.apache.commons.lang3.StringUtils@indexOfIgnoreCase(java.lang.String,java.lang.String,int):997:39584:(str.length() - searchStr.length()) + 1 |==> (str.length() - searchStr.length()) * 1
244:AOR:+(int,int):-(int,int):org.apache.commons.lang3.StringUtils@indexOfIgnoreCase(java.lang.String,java.lang.String,int):997:39584:(str.length() - searchStr.length()) + 1 |==> (str.length() - searchStr.length()) - 1
245:AOR:+(int,int):/(int,int):org.apache.commons.lang3.StringUtils@indexOfIgnoreCase(java.lang.String,java.lang.String,int):997:39584:(str.length() - searchStr.length()) + 1 |==> (str.length() - searchStr.length()) / 1
246:ROR:>(int,int):!=(int,int):org.apache.commons.lang3.StringUtils@indexOfIgnoreCase(java.lang.String,java.lang.String,int):998:39637:startPos > endLimit |==> startPos != endLimit
247:ROR:>(int,int):>=(int,int):org.apache.commons.lang3.StringUtils@indexOfIgnoreCase(java.lang.String,java.lang.String,int):998:39637:startPos > endLimit |==> startPos >= endLimit
248:ROR:>(int,int):FALSE(int,int):org.apache.commons.lang3.StringUtils@indexOfIgnoreCase(java.lang.String,java.lang.String,int):998:39646:startPos > endLimit |==> false
249:LVR:0:POS:org.apache.commons.lang3.StringUtils@indexOfIgnoreCase(java.lang.String,java.lang.String,int):1001:39740:0 |==> 1
250:LVR:0:NEG:org.apache.commons.lang3.StringUtils@indexOfIgnoreCase(java.lang.String,java.lang.String,int):1001:39740:0 |==> -1
251:ROR:==(int,int):>=(int,int):org.apache.commons.lang3.StringUtils@indexOfIgnoreCase(java.lang.String,java.lang.String,int):1001:39718:searchStr.length() == 0 |==> searchStr.length() >= 0
252:ROR:==(int,int):FALSE(int,int):org.apache.commons.lang3.StringUtils@indexOfIgnoreCase(java.lang.String,java.lang.String,int):1001:39737:searchStr.length() == 0 |==> false
253:ROR:<(int,int):!=(int,int):org.apache.commons.lang3.StringUtils@indexOfIgnoreCase(java.lang.String,java.lang.String,int):1004:39815:i < endLimit |==> i != endLimit
254:ROR:<(int,int):<=(int,int):org.apache.commons.lang3.StringUtils@indexOfIgnoreCase(java.lang.String,java.lang.String,int):1004:39815:i < endLimit |==> i <= endLimit
255:ROR:<(int,int):FALSE(int,int):org.apache.commons.lang3.StringUtils@indexOfIgnoreCase(java.lang.String,java.lang.String,int):1004:39817:i < endLimit |==> false
256:LVR:TRUE:FALSE:org.apache.commons.lang3.StringUtils@indexOfIgnoreCase(java.lang.String,java.lang.String,int):1005:39870:true |==> false
257:LVR:0:POS:org.apache.commons.lang3.StringUtils@indexOfIgnoreCase(java.lang.String,java.lang.String,int):1005:39890:0 |==> 1
258:LVR:0:NEG:org.apache.commons.lang3.StringUtils@indexOfIgnoreCase(java.lang.String,java.lang.String,int):1005:39890:0 |==> -1
259:COR:<METHOD_INVOCATION(boolean)>:FALSE:org.apache.commons.lang3.StringUtils@indexOfIgnoreCase(java.lang.String,java.lang.String,int):1005:39869:str.regionMatches(true, i, searchStr, 0, searchStr.length()) |==> false
260:COR:<METHOD_INVOCATION(boolean)>:TRUE:org.apache.commons.lang3.StringUtils@indexOfIgnoreCase(java.lang.String,java.lang.String,int):1005:39869:str.regionMatches(true, i, searchStr, 0, searchStr.length()) |==> true
261:COR:<METHOD_INVOCATION(boolean)>:FALSE:org.apache.commons.lang3.StringUtils@lastIndexOf(java.lang.String,char):1034:40911:isEmpty(str) |==> false
262:COR:<METHOD_INVOCATION(boolean)>:TRUE:org.apache.commons.lang3.StringUtils@lastIndexOf(java.lang.String,char):1034:40911:isEmpty(str) |==> true
263:COR:<METHOD_INVOCATION(boolean)>:FALSE:org.apache.commons.lang3.StringUtils@lastIndexOf(java.lang.String,char,int):1068:42299:isEmpty(str) |==> false
264:COR:<METHOD_INVOCATION(boolean)>:TRUE:org.apache.commons.lang3.StringUtils@lastIndexOf(java.lang.String,char,int):1068:42299:isEmpty(str) |==> true
265:ROR:==(java.lang.Object,java.lang.Object):FALSE(java.lang.Object,java.lang.Object):org.apache.commons.lang3.StringUtils@lastIndexOf(java.lang.String,java.lang.String):1097:43380:str == null |==> false
266:ROR:==(java.lang.Object,java.lang.Object):FALSE(java.lang.Object,java.lang.Object):org.apache.commons.lang3.StringUtils@lastIndexOf(java.lang.String,java.lang.String):1097:43401:searchStr == null |==> false
267:COR:||(boolean,boolean):!=(boolean,boolean):org.apache.commons.lang3.StringUtils@lastIndexOf(java.lang.String,java.lang.String):1097:43376:str == null || searchStr == null |==> str == null != (searchStr == null)
268:COR:||(boolean,boolean):LHS(boolean,boolean):org.apache.commons.lang3.StringUtils@lastIndexOf(java.lang.String,java.lang.String):1097:43376:str == null || searchStr == null |==> str == null
269:COR:||(boolean,boolean):RHS(boolean,boolean):org.apache.commons.lang3.StringUtils@lastIndexOf(java.lang.String,java.lang.String):1097:43391:str == null || searchStr == null |==> searchStr == null
270:COR:||(boolean,boolean):TRUE(boolean,boolean):org.apache.commons.lang3.StringUtils@lastIndexOf(java.lang.String,java.lang.String):1097:43388:str == null || searchStr == null |==> true
271:LVR:TRUE:FALSE:org.apache.commons.lang3.StringUtils@lastOrdinalIndexOf(java.lang.String,java.lang.String,int):1137:45152:true |==> false
272:ROR:==(java.lang.Object,java.lang.Object):FALSE(java.lang.Object,java.lang.Object):org.apache.commons.lang3.StringUtils@lastIndexOf(java.lang.String,java.lang.String,int):1169:46585:str == null |==> false
273:ROR:==(java.lang.Object,java.lang.Object):FALSE(java.lang.Object,java.lang.Object):org.apache.commons.lang3.StringUtils@lastIndexOf(java.lang.String,java.lang.String,int):1169:46606:searchStr == null |==> false
274:COR:||(boolean,boolean):!=(boolean,boolean):org.apache.commons.lang3.StringUtils@lastIndexOf(java.lang.String,java.lang.String,int):1169:46581:str == null || searchStr == null |==> str == null != (searchStr == null)
275:COR:||(boolean,boolean):LHS(boolean,boolean):org.apache.commons.lang3.StringUtils@lastIndexOf(java.lang.String,java.lang.String,int):1169:46581:str == null || searchStr == null |==> str == null
276:COR:||(boolean,boolean):RHS(boolean,boolean):org.apache.commons.lang3.StringUtils@lastIndexOf(java.lang.String,java.lang.String,int):1169:46596:str == null || searchStr == null |==> searchStr == null
277:COR:||(boolean,boolean):TRUE(boolean,boolean):org.apache.commons.lang3.StringUtils@lastIndexOf(java.lang.String,java.lang.String,int):1169:46593:str == null || searchStr == null |==> true
278:ROR:==(java.lang.Object,java.lang.Object):FALSE(java.lang.Object,java.lang.Object):org.apache.commons.lang3.StringUtils@lastIndexOfIgnoreCase(java.lang.String,java.lang.String):1198:47804:str == null |==> false
279:ROR:==(java.lang.Object,java.lang.Object):FALSE(java.lang.Object,java.lang.Object):org.apache.commons.lang3.StringUtils@lastIndexOfIgnoreCase(java.lang.String,java.lang.String):1198:47825:searchStr == null |==> false
280:COR:||(boolean,boolean):!=(boolean,boolean):org.apache.commons.lang3.StringUtils@lastIndexOfIgnoreCase(java.lang.String,java.lang.String):1198:47800:str == null || searchStr == null |==> str == null != (searchStr == null)
281:COR:||(boolean,boolean):LHS(boolean,boolean):org.apache.commons.lang3.StringUtils@lastIndexOfIgnoreCase(java.lang.String,java.lang.String):1198:47800:str == null || searchStr == null |==> str == null
282:COR:||(boolean,boolean):RHS(boolean,boolean):org.apache.commons.lang3.StringUtils@lastIndexOfIgnoreCase(java.lang.String,java.lang.String):1198:47815:str == null || searchStr == null |==> searchStr == null
283:COR:||(boolean,boolean):TRUE(boolean,boolean):org.apache.commons.lang3.StringUtils@lastIndexOfIgnoreCase(java.lang.String,java.lang.String):1198:47812:str == null || searchStr == null |==> true
284:ROR:==(java.lang.Object,java.lang.Object):FALSE(java.lang.Object,java.lang.Object):org.apache.commons.lang3.StringUtils@lastIndexOfIgnoreCase(java.lang.String,java.lang.String,int):1233:49411:str == null |==> false
285:ROR:==(java.lang.Object,java.lang.Object):FALSE(java.lang.Object,java.lang.Object):org.apache.commons.lang3.StringUtils@lastIndexOfIgnoreCase(java.lang.String,java.lang.String,int):1233:49432:searchStr == null |==> false
286:COR:||(boolean,boolean):!=(boolean,boolean):org.apache.commons.lang3.StringUtils@lastIndexOfIgnoreCase(java.lang.String,java.lang.String,int):1233:49407:str == null || searchStr == null |==> str == null != (searchStr == null)
287:COR:||(boolean,boolean):LHS(boolean,boolean):org.apache.commons.lang3.StringUtils@lastIndexOfIgnoreCase(java.lang.String,java.lang.String,int):1233:49407:str == null || searchStr == null |==> str == null
288:COR:||(boolean,boolean):RHS(boolean,boolean):org.apache.commons.lang3.StringUtils@lastIndexOfIgnoreCase(java.lang.String,java.lang.String,int):1233:49422:str == null || searchStr == null |==> searchStr == null
289:COR:||(boolean,boolean):TRUE(boolean,boolean):org.apache.commons.lang3.StringUtils@lastIndexOfIgnoreCase(java.lang.String,java.lang.String,int):1233:49419:str == null || searchStr == null |==> true
290:AOR:-(int,int):%(int,int):org.apache.commons.lang3.StringUtils@lastIndexOfIgnoreCase(java.lang.String,java.lang.String,int):1236:49513:str.length() - searchStr.length() |==> str.length() % searchStr.length()
291:AOR:-(int,int):*(int,int):org.apache.commons.lang3.StringUtils@lastIndexOfIgnoreCase(java.lang.String,java.lang.String,int):1236:49513:str.length() - searchStr.length() |==> str.length() * searchStr.length()
292:AOR:-(int,int):+(int,int):org.apache.commons.lang3.StringUtils@lastIndexOfIgnoreCase(java.lang.String,java.lang.String,int):1236:49513:str.length() - searchStr.length() |==> str.length() + searchStr.length()
293:AOR:-(int,int):/(int,int):org.apache.commons.lang3.StringUtils@lastIndexOfIgnoreCase(java.lang.String,java.lang.String,int):1236:49513:str.length() - searchStr.length() |==> str.length() / searchStr.length()
294:ROR:>(int,int):!=(int,int):org.apache.commons.lang3.StringUtils@lastIndexOfIgnoreCase(java.lang.String,java.lang.String,int):1236:49501:startPos > (str.length() - searchStr.length()) |==> startPos != (str.length() - searchStr.length())
295:ROR:>(int,int):>=(int,int):org.apache.commons.lang3.StringUtils@lastIndexOfIgnoreCase(java.lang.String,java.lang.String,int):1236:49501:startPos > (str.length() - searchStr.length()) |==> startPos >= (str.length() - searchStr.length())
296:ROR:>(int,int):FALSE(int,int):org.apache.commons.lang3.StringUtils@lastIndexOfIgnoreCase(java.lang.String,java.lang.String,int):1236:49510:startPos > (str.length() - searchStr.length()) |==> false
297:AOR:-(int,int):%(int,int):org.apache.commons.lang3.StringUtils@lastIndexOfIgnoreCase(java.lang.String,java.lang.String,int):1237:49574:str.length() - searchStr.length() |==> str.length() % searchStr.length()
298:AOR:-(int,int):*(int,int):org.apache.commons.lang3.StringUtils@lastIndexOfIgnoreCase(java.lang.String,java.lang.String,int):1237:49574:str.length() - searchStr.length() |==> str.length() * searchStr.length()
299:AOR:-(int,int):+(int,int):org.apache.commons.lang3.StringUtils@lastIndexOfIgnoreCase(java.lang.String,java.lang.String,int):1237:49574:str.length() - searchStr.length() |==> str.length() + searchStr.length()
300:AOR:-(int,int):/(int,int):org.apache.commons.lang3.StringUtils@lastIndexOfIgnoreCase(java.lang.String,java.lang.String,int):1237:49574:str.length() - searchStr.length() |==> str.length() / searchStr.length()
301:STD:<ASSIGN>:<NO-OP>:org.apache.commons.lang3.StringUtils@lastIndexOfIgnoreCase(java.lang.String,java.lang.String,int):1237:49563:startPos = str.length() - searchStr.length(); |==> <NO-OP>
302:LVR:0:POS:org.apache.commons.lang3.StringUtils@lastIndexOfIgnoreCase(java.lang.String,java.lang.String,int):1239:49642:0 |==> 1
303:LVR:0:NEG:org.apache.commons.lang3.StringUtils@lastIndexOfIgnoreCase(java.lang.String,java.lang.String,int):1239:49642:0 |==> -1
304:ROR:<(int,int):!=(int,int):org.apache.commons.lang3.StringUtils@lastIndexOfIgnoreCase(java.lang.String,java.lang.String,int):1239:49631:startPos < 0 |==> startPos != 0
305:ROR:<(int,int):<=(int,int):org.apache.commons.lang3.StringUtils@lastIndexOfIgnoreCase(java.lang.String,java.lang.String,int):1239:49631:startPos < 0 |==> startPos <= 0
306:ROR:<(int,int):FALSE(int,int):org.apache.commons.lang3.StringUtils@lastIndexOfIgnoreCase(java.lang.String,java.lang.String,int):1239:49640:startPos < 0 |==> false
307:LVR:0:POS:org.apache.commons.lang3.StringUtils@lastIndexOfIgnoreCase(java.lang.String,java.lang.String,int):1242:49727:0 |==> 1
308:LVR:0:NEG:org.apache.commons.lang3.StringUtils@lastIndexOfIgnoreCase(java.lang.String,java.lang.String,int):1242:49727:0 |==> -1
309:ROR:==(int,int):>=(int,int):org.apache.commons.lang3.StringUtils@lastIndexOfIgnoreCase(java.lang.String,java.lang.String,int):1242:49705:searchStr.length() == 0 |==> searchStr.length() >= 0
310:ROR:==(int,int):FALSE(int,int):org.apache.commons.lang3.StringUtils@lastIndexOfIgnoreCase(java.lang.String,java.lang.String,int):1242:49724:searchStr.length() == 0 |==> false
311:LVR:0:POS:org.apache.commons.lang3.StringUtils@lastIndexOfIgnoreCase(java.lang.String,java.lang.String,int):1246:49808:0 |==> 1
312:LVR:0:NEG:org.apache.commons.lang3.StringUtils@lastIndexOfIgnoreCase(java.lang.String,java.lang.String,int):1246:49808:0 |==> -1
313:ROR:>=(int,int):==(int,int):org.apache.commons.lang3.StringUtils@lastIndexOfIgnoreCase(java.lang.String,java.lang.String,int):1246:49803:i >= 0 |==> i == 0
314:ROR:>=(int,int):>(int,int):org.apache.commons.lang3.StringUtils@lastIndexOfIgnoreCase(java.lang.String,java.lang.String,int):1246:49803:i >= 0 |==> i > 0
315:ROR:>=(int,int):TRUE(int,int):org.apache.commons.lang3.StringUtils@lastIndexOfIgnoreCase(java.lang.String,java.lang.String,int):1246:49805:i >= 0 |==> true
316:LVR:TRUE:FALSE:org.apache.commons.lang3.StringUtils@lastIndexOfIgnoreCase(java.lang.String,java.lang.String,int):1247:49852:true |==> false
317:LVR:0:POS:org.apache.commons.lang3.StringUtils@lastIndexOfIgnoreCase(java.lang.String,java.lang.String,int):1247:49872:0 |==> 1
318:LVR:0:NEG:org.apache.commons.lang3.StringUtils@lastIndexOfIgnoreCase(java.lang.String,java.lang.String,int):1247:49872:0 |==> -1
319:COR:<METHOD_INVOCATION(boolean)>:FALSE:org.apache.commons.lang3.StringUtils@lastIndexOfIgnoreCase(java.lang.String,java.lang.String,int):1247:49851:str.regionMatches(true, i, searchStr, 0, searchStr.length()) |==> false
320:COR:<METHOD_INVOCATION(boolean)>:TRUE:org.apache.commons.lang3.StringUtils@lastIndexOfIgnoreCase(java.lang.String,java.lang.String,int):1247:49851:str.regionMatches(true, i, searchStr, 0, searchStr.length()) |==> true
321:COR:<METHOD_INVOCATION(boolean)>:FALSE:org.apache.commons.lang3.StringUtils@contains(java.lang.String,char):1276:50887:isEmpty(str) |==> false
322:COR:<METHOD_INVOCATION(boolean)>:TRUE:org.apache.commons.lang3.StringUtils@contains(java.lang.String,char):1276:50887:isEmpty(str) |==> true
323:LVR:FALSE:TRUE:org.apache.commons.lang3.StringUtils@contains(java.lang.String,char):1277:50915:false |==> true
324:LVR:0:POS:org.apache.commons.lang3.StringUtils@contains(java.lang.String,char):1279:50974:0 |==> 1
325:LVR:0:NEG:org.apache.commons.lang3.StringUtils@contains(java.lang.String,char):1279:50974:0 |==> -1
326:ROR:>=(int,int):==(int,int):org.apache.commons.lang3.StringUtils@contains(java.lang.String,char):1279:50947:str.indexOf(searchChar) >= 0 |==> str.indexOf(searchChar) == 0
327:ROR:>=(int,int):>(int,int):org.apache.commons.lang3.StringUtils@contains(java.lang.String,char):1279:50947:str.indexOf(searchChar) >= 0 |==> str.indexOf(searchChar) > 0
328:ROR:>=(int,int):TRUE(int,int):org.apache.commons.lang3.StringUtils@contains(java.lang.String,char):1279:50971:str.indexOf(searchChar) >= 0 |==> true
329:ROR:==(java.lang.Object,java.lang.Object):FALSE(java.lang.Object,java.lang.Object):org.apache.commons.lang3.StringUtils@contains(java.lang.String,java.lang.String):1304:51880:str == null |==> false
330:ROR:==(java.lang.Object,java.lang.Object):FALSE(java.lang.Object,java.lang.Object):org.apache.commons.lang3.StringUtils@contains(java.lang.String,java.lang.String):1304:51901:searchStr == null |==> false
331:COR:||(boolean,boolean):!=(boolean,boolean):org.apache.commons.lang3.StringUtils@contains(java.lang.String,java.lang.String):1304:51876:str == null || searchStr == null |==> str == null != (searchStr == null)
332:COR:||(boolean,boolean):LHS(boolean,boolean):org.apache.commons.lang3.StringUtils@contains(java.lang.String,java.lang.String):1304:51876:str == null || searchStr == null |==> str == null
333:COR:||(boolean,boolean):RHS(boolean,boolean):org.apache.commons.lang3.StringUtils@contains(java.lang.String,java.lang.String):1304:51891:str == null || searchStr == null |==> searchStr == null
334:COR:||(boolean,boolean):TRUE(boolean,boolean):org.apache.commons.lang3.StringUtils@contains(java.lang.String,java.lang.String):1304:51888:str == null || searchStr == null |==> true
335:LVR:FALSE:TRUE:org.apache.commons.lang3.StringUtils@contains(java.lang.String,java.lang.String):1305:51931:false |==> true
336:LVR:0:POS:org.apache.commons.lang3.StringUtils@contains(java.lang.String,java.lang.String):1307:51989:0 |==> 1
337:LVR:0:NEG:org.apache.commons.lang3.StringUtils@contains(java.lang.String,java.lang.String):1307:51989:0 |==> -1
338:ROR:>=(int,int):==(int,int):org.apache.commons.lang3.StringUtils@contains(java.lang.String,java.lang.String):1307:51963:str.indexOf(searchStr) >= 0 |==> str.indexOf(searchStr) == 0
339:ROR:>=(int,int):>(int,int):org.apache.commons.lang3.StringUtils@contains(java.lang.String,java.lang.String):1307:51963:str.indexOf(searchStr) >= 0 |==> str.indexOf(searchStr) > 0
340:ROR:>=(int,int):TRUE(int,int):org.apache.commons.lang3.StringUtils@contains(java.lang.String,java.lang.String):1307:51986:str.indexOf(searchStr) >= 0 |==> true
341:ROR:==(java.lang.Object,java.lang.Object):FALSE(java.lang.Object,java.lang.Object):org.apache.commons.lang3.StringUtils@containsIgnoreCase(java.lang.String,java.lang.String):1334:53039:str == null |==> false
342:ROR:==(java.lang.Object,java.lang.Object):FALSE(java.lang.Object,java.lang.Object):org.apache.commons.lang3.StringUtils@containsIgnoreCase(java.lang.String,java.lang.String):1334:53060:searchStr == null |==> false
343:COR:||(boolean,boolean):!=(boolean,boolean):org.apache.commons.lang3.StringUtils@containsIgnoreCase(java.lang.String,java.lang.String):1334:53035:str == null || searchStr == null |==> str == null != (searchStr == null)
344:COR:||(boolean,boolean):LHS(boolean,boolean):org.apache.commons.lang3.StringUtils@containsIgnoreCase(java.lang.String,java.lang.String):1334:53035:str == null || searchStr == null |==> str == null
345:COR:||(boolean,boolean):RHS(boolean,boolean):org.apache.commons.lang3.StringUtils@containsIgnoreCase(java.lang.String,java.lang.String):1334:53050:str == null || searchStr == null |==> searchStr == null
346:COR:||(boolean,boolean):TRUE(boolean,boolean):org.apache.commons.lang3.StringUtils@containsIgnoreCase(java.lang.String,java.lang.String):1334:53047:str == null || searchStr == null |==> true
347:LVR:FALSE:TRUE:org.apache.commons.lang3.StringUtils@containsIgnoreCase(java.lang.String,java.lang.String):1335:53090:false |==> true
348:AOR:-(int,int):%(int,int):org.apache.commons.lang3.StringUtils@containsIgnoreCase(java.lang.String,java.lang.String):1338:53163:str.length() - len |==> str.length() % len
349:AOR:-(int,int):*(int,int):org.apache.commons.lang3.StringUtils@containsIgnoreCase(java.lang.String,java.lang.String):1338:53163:str.length() - len |==> str.length() * len
350:AOR:-(int,int):+(int,int):org.apache.commons.lang3.StringUtils@containsIgnoreCase(java.lang.String,java.lang.String):1338:53163:str.length() - len |==> str.length() + len
351:AOR:-(int,int):/(int,int):org.apache.commons.lang3.StringUtils@containsIgnoreCase(java.lang.String,java.lang.String):1338:53163:str.length() - len |==> str.length() / len
352:LVR:0:POS:org.apache.commons.lang3.StringUtils@containsIgnoreCase(java.lang.String,java.lang.String):1339:53204:0 |==> 1
353:LVR:0:NEG:org.apache.commons.lang3.StringUtils@containsIgnoreCase(java.lang.String,java.lang.String):1339:53204:0 |==> -1
354:ROR:<=(int,int):<(int,int):org.apache.commons.lang3.StringUtils@containsIgnoreCase(java.lang.String,java.lang.String):1339:53207:i <= max |==> i < max
355:ROR:<=(int,int):==(int,int):org.apache.commons.lang3.StringUtils@containsIgnoreCase(java.lang.String,java.lang.String):1339:53207:i <= max |==> i == max
356:ROR:<=(int,int):TRUE(int,int):org.apache.commons.lang3.StringUtils@containsIgnoreCase(java.lang.String,java.lang.String):1339:53209:i <= max |==> true
357:LVR:TRUE:FALSE:org.apache.commons.lang3.StringUtils@containsIgnoreCase(java.lang.String,java.lang.String):1340:53258:true |==> false
358:LVR:0:POS:org.apache.commons.lang3.StringUtils@containsIgnoreCase(java.lang.String,java.lang.String):1340:53278:0 |==> 1
359:LVR:0:NEG:org.apache.commons.lang3.StringUtils@containsIgnoreCase(java.lang.String,java.lang.String):1340:53278:0 |==> -1
360:COR:<METHOD_INVOCATION(boolean)>:FALSE:org.apache.commons.lang3.StringUtils@containsIgnoreCase(java.lang.String,java.lang.String):1340:53257:str.regionMatches(true, i, searchStr, 0, len) |==> false
361:COR:<METHOD_INVOCATION(boolean)>:TRUE:org.apache.commons.lang3.StringUtils@containsIgnoreCase(java.lang.String,java.lang.String):1340:53257:str.regionMatches(true, i, searchStr, 0, len) |==> true
362:LVR:TRUE:FALSE:org.apache.commons.lang3.StringUtils@containsIgnoreCase(java.lang.String,java.lang.String):1341:53312:true |==> false
363:LVR:FALSE:TRUE:org.apache.commons.lang3.StringUtils@containsIgnoreCase(java.lang.String,java.lang.String):1344:53357:false |==> true
364:COR:||(boolean,boolean):!=(boolean,boolean):org.apache.commons.lang3.StringUtils@indexOfAny(java.lang.CharSequence,char[]):1372:54516:isEmpty(cs) || ArrayUtils.isEmpty(searchChars) |==> isEmpty(cs) != ArrayUtils.isEmpty(searchChars)
365:COR:||(boolean,boolean):LHS(boolean,boolean):org.apache.commons.lang3.StringUtils@indexOfAny(java.lang.CharSequence,char[]):1372:54516:isEmpty(cs) || ArrayUtils.isEmpty(searchChars) |==> isEmpty(cs)
366:COR:||(boolean,boolean):RHS(boolean,boolean):org.apache.commons.lang3.StringUtils@indexOfAny(java.lang.CharSequence,char[]):1372:54531:isEmpty(cs) || ArrayUtils.isEmpty(searchChars) |==> ArrayUtils.isEmpty(searchChars)
367:COR:||(boolean,boolean):TRUE(boolean,boolean):org.apache.commons.lang3.StringUtils@indexOfAny(java.lang.CharSequence,char[]):1372:54528:isEmpty(cs) || ArrayUtils.isEmpty(searchChars) |==> true
368:LVR:0:POS:org.apache.commons.lang3.StringUtils@indexOfAny(java.lang.CharSequence,char[]):1375:54633:0 |==> 1
369:LVR:0:NEG:org.apache.commons.lang3.StringUtils@indexOfAny(java.lang.CharSequence,char[]):1375:54633:0 |==> -1
370:ROR:<(int,int):!=(int,int):org.apache.commons.lang3.StringUtils@indexOfAny(java.lang.CharSequence,char[]):1375:54636:i < cs.length() |==> i != cs.length()
371:ROR:<(int,int):<=(int,int):org.apache.commons.lang3.StringUtils@indexOfAny(java.lang.CharSequence,char[]):1375:54636:i < cs.length() |==> i <= cs.length()
372:ROR:<(int,int):FALSE(int,int):org.apache.commons.lang3.StringUtils@indexOfAny(java.lang.CharSequence,char[]):1375:54638:i < cs.length() |==> false
373:LVR:0:POS:org.apache.commons.lang3.StringUtils@indexOfAny(java.lang.CharSequence,char[]):1377:54721:0 |==> 1
374:LVR:0:NEG:org.apache.commons.lang3.StringUtils@indexOfAny(java.lang.CharSequence,char[]):1377:54721:0 |==> -1
375:ROR:<(int,int):<=(int,int):org.apache.commons.lang3.StringUtils@indexOfAny(java.lang.CharSequence,char[]):1377:54724:j < searchChars.length |==> j <= searchChars.length
376:ROR:<(int,int):FALSE(int,int):org.apache.commons.lang3.StringUtils@indexOfAny(java.lang.CharSequence,char[]):1377:54726:j < searchChars.length |==> false
377:ROR:==(int,int):<=(int,int):org.apache.commons.lang3.StringUtils@indexOfAny(java.lang.CharSequence,char[]):1378:54775:searchChars[j] == ch |==> searchChars[j] <= ch
378:ROR:==(int,int):>=(int,int):org.apache.commons.lang3.StringUtils@indexOfAny(java.lang.CharSequence,char[]):1378:54775:searchChars[j] == ch |==> searchChars[j] >= ch
379:ROR:==(int,int):FALSE(int,int):org.apache.commons.lang3.StringUtils@indexOfAny(java.lang.CharSequence,char[]):1378:54790:searchChars[j] == ch |==> false
380:COR:||(boolean,boolean):!=(boolean,boolean):org.apache.commons.lang3.StringUtils@indexOfAny(java.lang.CharSequence,java.lang.String):1409:55911:isEmpty(cs) || isEmpty(searchChars) |==> isEmpty(cs) != isEmpty(searchChars)
381:COR:||(boolean,boolean):LHS(boolean,boolean):org.apache.commons.lang3.StringUtils@indexOfAny(java.lang.CharSequence,java.lang.String):1409:55911:isEmpty(cs) || isEmpty(searchChars) |==> isEmpty(cs)
382:COR:||(boolean,boolean):RHS(boolean,boolean):org.apache.commons.lang3.StringUtils@indexOfAny(java.lang.CharSequence,java.lang.String):1409:55926:isEmpty(cs) || isEmpty(searchChars) |==> isEmpty(searchChars)
383:COR:||(boolean,boolean):TRUE(boolean,boolean):org.apache.commons.lang3.StringUtils@indexOfAny(java.lang.CharSequence,java.lang.String):1409:55923:isEmpty(cs) || isEmpty(searchChars) |==> true
384:COR:||(boolean,boolean):!=(boolean,boolean):org.apache.commons.lang3.StringUtils@containsAny(java.lang.CharSequence,char[]):1441:57269:isEmpty(cs) || ArrayUtils.isEmpty(searchChars) |==> isEmpty(cs) != ArrayUtils.isEmpty(searchChars)
385:COR:||(boolean,boolean):LHS(boolean,boolean):org.apache.commons.lang3.StringUtils@containsAny(java.lang.CharSequence,char[]):1441:57269:isEmpty(cs) || ArrayUtils.isEmpty(searchChars) |==> isEmpty(cs)
386:COR:||(boolean,boolean):RHS(boolean,boolean):org.apache.commons.lang3.StringUtils@containsAny(java.lang.CharSequence,char[]):1441:57284:isEmpty(cs) || ArrayUtils.isEmpty(searchChars) |==> ArrayUtils.isEmpty(searchChars)
387:COR:||(boolean,boolean):TRUE(boolean,boolean):org.apache.commons.lang3.StringUtils@containsAny(java.lang.CharSequence,char[]):1441:57281:isEmpty(cs) || ArrayUtils.isEmpty(searchChars) |==> true
388:LVR:FALSE:TRUE:org.apache.commons.lang3.StringUtils@containsAny(java.lang.CharSequence,char[]):1442:57329:false |==> true
389:LVR:POS:0:org.apache.commons.lang3.StringUtils@containsAny(java.lang.CharSequence,char[]):1446:57442:1 |==> 0
390:LVR:POS:NEG:org.apache.commons.lang3.StringUtils@containsAny(java.lang.CharSequence,char[]):1446:57442:1 |==> -1
391:AOR:-(int,int):%(int,int):org.apache.commons.lang3.StringUtils@containsAny(java.lang.CharSequence,char[]):1446:57431:csLength - 1 |==> csLength % 1
392:AOR:-(int,int):*(int,int):org.apache.commons.lang3.StringUtils@containsAny(java.lang.CharSequence,char[]):1446:57431:csLength - 1 |==> csLength * 1
393:AOR:-(int,int):+(int,int):org.apache.commons.lang3.StringUtils@containsAny(java.lang.CharSequence,char[]):1446:57431:csLength - 1 |==> csLength + 1
394:AOR:-(int,int):/(int,int):org.apache.commons.lang3.StringUtils@containsAny(java.lang.CharSequence,char[]):1446:57431:csLength - 1 |==> csLength / 1
395:LVR:POS:0:org.apache.commons.lang3.StringUtils@containsAny(java.lang.CharSequence,char[]):1447:57484:1 |==> 0
396:LVR:POS:NEG:org.apache.commons.lang3.StringUtils@containsAny(java.lang.CharSequence,char[]):1447:57484:1 |==> -1
397:AOR:-(int,int):%(int,int):org.apache.commons.lang3.StringUtils@containsAny(java.lang.CharSequence,char[]):1447:57469:searchLength - 1 |==> searchLength % 1
398:AOR:-(int,int):*(int,int):org.apache.commons.lang3.StringUtils@containsAny(java.lang.CharSequence,char[]):1447:57469:searchLength - 1 |==> searchLength * 1
399:AOR:-(int,int):+(int,int):org.apache.commons.lang3.StringUtils@containsAny(java.lang.CharSequence,char[]):1447:57469:searchLength - 1 |==> searchLength + 1
400:AOR:-(int,int):/(int,int):org.apache.commons.lang3.StringUtils@containsAny(java.lang.CharSequence,char[]):1447:57469:searchLength - 1 |==> searchLength / 1
401:LVR:0:POS:org.apache.commons.lang3.StringUtils@containsAny(java.lang.CharSequence,char[]):1448:57502:0 |==> 1
402:LVR:0:NEG:org.apache.commons.lang3.StringUtils@containsAny(java.lang.CharSequence,char[]):1448:57502:0 |==> -1
403:ROR:<(int,int):!=(int,int):org.apache.commons.lang3.StringUtils@containsAny(java.lang.CharSequence,char[]):1448:57505:i < csLength |==> i != csLength
404:ROR:<(int,int):<=(int,int):org.apache.commons.lang3.StringUtils@containsAny(java.lang.CharSequence,char[]):1448:57505:i < csLength |==> i <= csLength
405:ROR:<(int,int):FALSE(int,int):org.apache.commons.lang3.StringUtils@containsAny(java.lang.CharSequence,char[]):1448:57507:i < csLength |==> false
406:LVR:0:POS:org.apache.commons.lang3.StringUtils@containsAny(java.lang.CharSequence,char[]):1450:57569:0 |==> 1
407:LVR:0:NEG:org.apache.commons.lang3.StringUtils@containsAny(java.lang.CharSequence,char[]):1450:57569:0 |==> -1
408:ROR:<(int,int):!=(int,int):org.apache.commons.lang3.StringUtils@containsAny(java.lang.CharSequence,char[]):1450:57572:j < searchLength |==> j != searchLength
409:ROR:<(int,int):<=(int,int):org.apache.commons.lang3.StringUtils@containsAny(java.lang.CharSequence,char[]):1450:57572:j < searchLength |==> j <= searchLength
410:ROR:<(int,int):FALSE(int,int):org.apache.commons.lang3.StringUtils@containsAny(java.lang.CharSequence,char[]):1450:57574:j < searchLength |==> false
411:ROR:==(int,int):<=(int,int):org.apache.commons.lang3.StringUtils@containsAny(java.lang.CharSequence,char[]):1451:57605:searchChars[j] == ch |==> searchChars[j] <= ch
412:ROR:==(int,int):>=(int,int):org.apache.commons.lang3.StringUtils@containsAny(java.lang.CharSequence,char[]):1451:57605:searchChars[j] == ch |==> searchChars[j] >= ch
413:ROR:==(int,int):FALSE(int,int):org.apache.commons.lang3.StringUtils@containsAny(java.lang.CharSequence,char[]):1451:57620:searchChars[j] == ch |==> false
414:ROR:<(int,int):!=(int,int):org.apache.commons.lang3.StringUtils@containsAny(java.lang.CharSequence,char[]):1452:57638:i < csLastIndex |==> i != csLastIndex
415:ROR:<(int,int):<=(int,int):org.apache.commons.lang3.StringUtils@containsAny(java.lang.CharSequence,char[]):1452:57638:i < csLastIndex |==> i <= csLastIndex
416:ROR:<(int,int):FALSE(int,int):org.apache.commons.lang3.StringUtils@containsAny(java.lang.CharSequence,char[]):1452:57640:i < csLastIndex |==> false
417:ROR:<(int,int):!=(int,int):org.apache.commons.lang3.StringUtils@containsAny(java.lang.CharSequence,char[]):1452:57657:j < searchLastIndex |==> j != searchLastIndex
418:ROR:<(int,int):<=(int,int):org.apache.commons.lang3.StringUtils@containsAny(java.lang.CharSequence,char[]):1452:57657:j < searchLastIndex |==> j <= searchLastIndex
419:ROR:<(int,int):FALSE(int,int):org.apache.commons.lang3.StringUtils@containsAny(java.lang.CharSequence,char[]):1452:57659:j < searchLastIndex |==> false
420:COR:&&(boolean,boolean):==(boolean,boolean):org.apache.commons.lang3.StringUtils@containsAny(java.lang.CharSequence,char[]):1452:57638:i < csLastIndex && j < searchLastIndex |==> i < csLastIndex == j < searchLastIndex
421:COR:&&(boolean,boolean):FALSE(boolean,boolean):org.apache.commons.lang3.StringUtils@containsAny(java.lang.CharSequence,char[]):1452:57654:i < csLastIndex && j < searchLastIndex |==> false
422:COR:&&(boolean,boolean):LHS(boolean,boolean):org.apache.commons.lang3.StringUtils@containsAny(java.lang.CharSequence,char[]):1452:57638:i < csLastIndex && j < searchLastIndex |==> i < csLastIndex
423:COR:&&(boolean,boolean):RHS(boolean,boolean):org.apache.commons.lang3.StringUtils@containsAny(java.lang.CharSequence,char[]):1452:57657:i < csLastIndex && j < searchLastIndex |==> j < searchLastIndex
424:ROR:>=(int,int):==(int,int):org.apache.commons.lang3.StringUtils@containsAny(java.lang.CharSequence,char[]):1452:57680:ch >= Character.MIN_HIGH_SURROGATE |==> ch == Character.MIN_HIGH_SURROGATE
425:ROR:>=(int,int):>(int,int):org.apache.commons.lang3.StringUtils@containsAny(java.lang.CharSequence,char[]):1452:57680:ch >= Character.MIN_HIGH_SURROGATE |==> ch > Character.MIN_HIGH_SURROGATE
426:ROR:>=(int,int):TRUE(int,int):org.apache.commons.lang3.StringUtils@containsAny(java.lang.CharSequence,char[]):1452:57683:ch >= Character.MIN_HIGH_SURROGATE |==> true
427:COR:&&(boolean,boolean):==(boolean,boolean):org.apache.commons.lang3.StringUtils@containsAny(java.lang.CharSequence,char[]):1452:57638:i < csLastIndex && j < searchLastIndex && ch >= Character.MIN_HIGH_SURROGATE |==> (i < csLastIndex && j < searchLastIndex) == ch >= Character.MIN_HIGH_SURROGATE
428:COR:&&(boolean,boolean):FALSE(boolean,boolean):org.apache.commons.lang3.StringUtils@containsAny(java.lang.CharSequence,char[]):1452:57677:i < csLastIndex && j < searchLastIndex && ch >= Character.MIN_HIGH_SURROGATE |==> false
429:COR:&&(boolean,boolean):LHS(boolean,boolean):org.apache.commons.lang3.StringUtils@containsAny(java.lang.CharSequence,char[]):1452:57638:i < csLastIndex && j < searchLastIndex && ch >= Character.MIN_HIGH_SURROGATE |==> i < csLastIndex && j < searchLastIndex
430:COR:&&(boolean,boolean):RHS(boolean,boolean):org.apache.commons.lang3.StringUtils@containsAny(java.lang.CharSequence,char[]):1452:57680:i < csLastIndex && j < searchLastIndex && ch >= Character.MIN_HIGH_SURROGATE |==> ch >= Character.MIN_HIGH_SURROGATE
431:ROR:<=(int,int):<(int,int):org.apache.commons.lang3.StringUtils@containsAny(java.lang.CharSequence,char[]):1452:57718:ch <= Character.MAX_HIGH_SURROGATE |==> ch < Character.MAX_HIGH_SURROGATE
432:ROR:<=(int,int):==(int,int):org.apache.commons.lang3.StringUtils@containsAny(java.lang.CharSequence,char[]):1452:57718:ch <= Character.MAX_HIGH_SURROGATE |==> ch == Character.MAX_HIGH_SURROGATE
433:ROR:<=(int,int):TRUE(int,int):org.apache.commons.lang3.StringUtils@containsAny(java.lang.CharSequence,char[]):1452:57721:ch <= Character.MAX_HIGH_SURROGATE |==> true
434:COR:&&(boolean,boolean):==(boolean,boolean):org.apache.commons.lang3.StringUtils@containsAny(java.lang.CharSequence,char[]):1452:57638:i < csLastIndex && j < searchLastIndex && ch >= Character.MIN_HIGH_SURROGATE && ch <= Character.MAX_HIGH_SURROGATE |==> (i < csLastIndex && j < searchLastIndex && ch >= Character.MIN_HIGH_SURROGATE) == ch <= Character.MAX_HIGH_SURROGATE
435:COR:&&(boolean,boolean):FALSE(boolean,boolean):org.apache.commons.lang3.StringUtils@containsAny(java.lang.CharSequence,char[]):1452:57715:i < csLastIndex && j < searchLastIndex && ch >= Character.MIN_HIGH_SURROGATE && ch <= Character.MAX_HIGH_SURROGATE |==> false
436:COR:&&(boolean,boolean):LHS(boolean,boolean):org.apache.commons.lang3.StringUtils@containsAny(java.lang.CharSequence,char[]):1452:57638:i < csLastIndex && j < searchLastIndex && ch >= Character.MIN_HIGH_SURROGATE && ch <= Character.MAX_HIGH_SURROGATE |==> i < csLastIndex && j < searchLastIndex && ch >= Character.MIN_HIGH_SURROGATE
437:COR:&&(boolean,boolean):RHS(boolean,boolean):org.apache.commons.lang3.StringUtils@containsAny(java.lang.CharSequence,char[]):1452:57718:i < csLastIndex && j < searchLastIndex && ch >= Character.MIN_HIGH_SURROGATE && ch <= Character.MAX_HIGH_SURROGATE |==> ch <= Character.MAX_HIGH_SURROGATE
438:LVR:POS:0:org.apache.commons.lang3.StringUtils@containsAny(java.lang.CharSequence,char[]):1454:57823:1 |==> 0
439:LVR:POS:NEG:org.apache.commons.lang3.StringUtils@containsAny(java.lang.CharSequence,char[]):1454:57823:1 |==> -1
440:AOR:+(int,int):%(int,int):org.apache.commons.lang3.StringUtils@containsAny(java.lang.CharSequence,char[]):1454:57819:j + 1 |==> j % 1
441:AOR:+(int,int):*(int,int):org.apache.commons.lang3.StringUtils@containsAny(java.lang.CharSequence,char[]):1454:57819:j + 1 |==> j * 1
442:AOR:+(int,int):-(int,int):org.apache.commons.lang3.StringUtils@containsAny(java.lang.CharSequence,char[]):1454:57819:j + 1 |==> j - 1
443:AOR:+(int,int):/(int,int):org.apache.commons.lang3.StringUtils@containsAny(java.lang.CharSequence,char[]):1454:57819:j + 1 |==> j / 1
444:LVR:POS:0:org.apache.commons.lang3.StringUtils@containsAny(java.lang.CharSequence,char[]):1454:57843:1 |==> 0
445:LVR:POS:NEG:org.apache.commons.lang3.StringUtils@containsAny(java.lang.CharSequence,char[]):1454:57843:1 |==> -1
446:AOR:+(int,int):%(int,int):org.apache.commons.lang3.StringUtils@containsAny(java.lang.CharSequence,char[]):1454:57839:i + 1 |==> i % 1
447:AOR:+(int,int):*(int,int):org.apache.commons.lang3.StringUtils@containsAny(java.lang.CharSequence,char[]):1454:57839:i + 1 |==> i * 1
448:AOR:+(int,int):-(int,int):org.apache.commons.lang3.StringUtils@containsAny(java.lang.CharSequence,char[]):1454:57839:i + 1 |==> i - 1
449:AOR:+(int,int):/(int,int):org.apache.commons.lang3.StringUtils@containsAny(java.lang.CharSequence,char[]):1454:57839:i + 1 |==> i / 1
450:ROR:==(int,int):<=(int,int):org.apache.commons.lang3.StringUtils@containsAny(java.lang.CharSequence,char[]):1454:57807:searchChars[j + 1] == cs.charAt(i + 1) |==> searchChars[j + 1] <= cs.charAt(i + 1)
451:ROR:==(int,int):>=(int,int):org.apache.commons.lang3.StringUtils@containsAny(java.lang.CharSequence,char[]):1454:57807:searchChars[j + 1] == cs.charAt(i + 1) |==> searchChars[j + 1] >= cs.charAt(i + 1)
452:ROR:==(int,int):FALSE(int,int):org.apache.commons.lang3.StringUtils@containsAny(java.lang.CharSequence,char[]):1454:57826:searchChars[j + 1] == cs.charAt(i + 1) |==> false
453:LVR:TRUE:FALSE:org.apache.commons.lang3.StringUtils@containsAny(java.lang.CharSequence,char[]):1455:57863:true |==> false
454:LVR:TRUE:FALSE:org.apache.commons.lang3.StringUtils@containsAny(java.lang.CharSequence,char[]):1459:57951:true |==> false
455:LVR:FALSE:TRUE:org.apache.commons.lang3.StringUtils@containsAny(java.lang.CharSequence,char[]):1464:57988:false |==> true
456:ROR:==(java.lang.Object,java.lang.Object):FALSE(java.lang.Object,java.lang.Object):org.apache.commons.lang3.StringUtils@containsAny(java.lang.CharSequence,java.lang.String):1495:59150:searchChars == null |==> false
457:LVR:FALSE:TRUE:org.apache.commons.lang3.StringUtils@containsAny(java.lang.CharSequence,java.lang.String):1496:59180:false |==> true
458:COR:||(boolean,boolean):!=(boolean,boolean):org.apache.commons.lang3.StringUtils@indexOfAnyBut(java.lang.CharSequence,char[]):1526:60412:isEmpty(cs) || ArrayUtils.isEmpty(searchChars) |==> isEmpty(cs) != ArrayUtils.isEmpty(searchChars)
459:COR:||(boolean,boolean):LHS(boolean,boolean):org.apache.commons.lang3.StringUtils@indexOfAnyBut(java.lang.CharSequence,char[]):1526:60412:isEmpty(cs) || ArrayUtils.isEmpty(searchChars) |==> isEmpty(cs)
460:COR:||(boolean,boolean):RHS(boolean,boolean):org.apache.commons.lang3.StringUtils@indexOfAnyBut(java.lang.CharSequence,char[]):1526:60427:isEmpty(cs) || ArrayUtils.isEmpty(searchChars) |==> ArrayUtils.isEmpty(searchChars)
461:COR:||(boolean,boolean):TRUE(boolean,boolean):org.apache.commons.lang3.StringUtils@indexOfAnyBut(java.lang.CharSequence,char[]):1526:60424:isEmpty(cs) || ArrayUtils.isEmpty(searchChars) |==> true
462:LVR:0:POS:org.apache.commons.lang3.StringUtils@indexOfAnyBut(java.lang.CharSequence,char[]):1529:60537:0 |==> 1
463:LVR:0:NEG:org.apache.commons.lang3.StringUtils@indexOfAnyBut(java.lang.CharSequence,char[]):1529:60537:0 |==> -1
464:ROR:<(int,int):!=(int,int):org.apache.commons.lang3.StringUtils@indexOfAnyBut(java.lang.CharSequence,char[]):1529:60540:i < cs.length() |==> i != cs.length()
465:ROR:<(int,int):<=(int,int):org.apache.commons.lang3.StringUtils@indexOfAnyBut(java.lang.CharSequence,char[]):1529:60540:i < cs.length() |==> i <= cs.length()
466:ROR:<(int,int):FALSE(int,int):org.apache.commons.lang3.StringUtils@indexOfAnyBut(java.lang.CharSequence,char[]):1529:60542:i < cs.length() |==> false
467:LVR:0:POS:org.apache.commons.lang3.StringUtils@indexOfAnyBut(java.lang.CharSequence,char[]):1531:60625:0 |==> 1
468:LVR:0:NEG:org.apache.commons.lang3.StringUtils@indexOfAnyBut(java.lang.CharSequence,char[]):1531:60625:0 |==> -1
469:ROR:<(int,int):<=(int,int):org.apache.commons.lang3.StringUtils@indexOfAnyBut(java.lang.CharSequence,char[]):1531:60628:j < searchChars.length |==> j <= searchChars.length
470:ROR:<(int,int):FALSE(int,int):org.apache.commons.lang3.StringUtils@indexOfAnyBut(java.lang.CharSequence,char[]):1531:60630:j < searchChars.length |==> false
471:ROR:==(int,int):<=(int,int):org.apache.commons.lang3.StringUtils@indexOfAnyBut(java.lang.CharSequence,char[]):1532:60679:searchChars[j] == ch |==> searchChars[j] <= ch
472:ROR:==(int,int):>=(int,int):org.apache.commons.lang3.StringUtils@indexOfAnyBut(java.lang.CharSequence,char[]):1532:60679:searchChars[j] == ch |==> searchChars[j] >= ch
473:ROR:==(int,int):FALSE(int,int):org.apache.commons.lang3.StringUtils@indexOfAnyBut(java.lang.CharSequence,char[]):1532:60694:searchChars[j] == ch |==> false
474:COR:||(boolean,boolean):!=(boolean,boolean):org.apache.commons.lang3.StringUtils@indexOfAnyBut(java.lang.String,java.lang.String):1564:61855:isEmpty(str) || isEmpty(searchChars) |==> isEmpty(str) != isEmpty(searchChars)
475:COR:||(boolean,boolean):LHS(boolean,boolean):org.apache.commons.lang3.StringUtils@indexOfAnyBut(java.lang.String,java.lang.String):1564:61855:isEmpty(str) || isEmpty(searchChars) |==> isEmpty(str)
476:COR:||(boolean,boolean):RHS(boolean,boolean):org.apache.commons.lang3.StringUtils@indexOfAnyBut(java.lang.String,java.lang.String):1564:61871:isEmpty(str) || isEmpty(searchChars) |==> isEmpty(searchChars)
477:COR:||(boolean,boolean):TRUE(boolean,boolean):org.apache.commons.lang3.StringUtils@indexOfAnyBut(java.lang.String,java.lang.String):1564:61868:isEmpty(str) || isEmpty(searchChars) |==> true
478:LVR:0:POS:org.apache.commons.lang3.StringUtils@indexOfAnyBut(java.lang.String,java.lang.String):1567:61962:0 |==> 1
479:LVR:0:NEG:org.apache.commons.lang3.StringUtils@indexOfAnyBut(java.lang.String,java.lang.String):1567:61962:0 |==> -1
480:ROR:<(int,int):!=(int,int):org.apache.commons.lang3.StringUtils@indexOfAnyBut(java.lang.String,java.lang.String):1567:61965:i < str.length() |==> i != str.length()
481:ROR:<(int,int):<=(int,int):org.apache.commons.lang3.StringUtils@indexOfAnyBut(java.lang.String,java.lang.String):1567:61965:i < str.length() |==> i <= str.length()
482:ROR:<(int,int):FALSE(int,int):org.apache.commons.lang3.StringUtils@indexOfAnyBut(java.lang.String,java.lang.String):1567:61967:i < str.length() |==> false
483:LVR:0:POS:org.apache.commons.lang3.StringUtils@indexOfAnyBut(java.lang.String,java.lang.String):1568:62043:0 |==> 1
484:LVR:0:NEG:org.apache.commons.lang3.StringUtils@indexOfAnyBut(java.lang.String,java.lang.String):1568:62043:0 |==> -1
485:ROR:<(int,int):!=(int,int):org.apache.commons.lang3.StringUtils@indexOfAnyBut(java.lang.String,java.lang.String):1568:62006:searchChars.indexOf(str.charAt(i)) < 0 |==> searchChars.indexOf(str.charAt(i)) != 0
486:ROR:<(int,int):<=(int,int):org.apache.commons.lang3.StringUtils@indexOfAnyBut(java.lang.String,java.lang.String):1568:62006:searchChars.indexOf(str.charAt(i)) < 0 |==> searchChars.indexOf(str.charAt(i)) <= 0
487:ROR:<(int,int):FALSE(int,int):org.apache.commons.lang3.StringUtils@indexOfAnyBut(java.lang.String,java.lang.String):1568:62041:searchChars.indexOf(str.charAt(i)) < 0 |==> false
488:ROR:==(java.lang.Object,java.lang.Object):FALSE(java.lang.Object,java.lang.Object):org.apache.commons.lang3.StringUtils@containsOnly(java.lang.CharSequence,char[]):1600:63334:valid == null |==> false
489:ROR:==(java.lang.Object,java.lang.Object):FALSE(java.lang.Object,java.lang.Object):org.apache.commons.lang3.StringUtils@containsOnly(java.lang.CharSequence,char[]):1600:63348:cs == null |==> false
490:COR:||(boolean,boolean):!=(boolean,boolean):org.apache.commons.lang3.StringUtils@containsOnly(java.lang.CharSequence,char[]):1600:63328:valid == null || cs == null |==> valid == null != (cs == null)
491:COR:||(boolean,boolean):LHS(boolean,boolean):org.apache.commons.lang3.StringUtils@containsOnly(java.lang.CharSequence,char[]):1600:63328:valid == null || cs == null |==> valid == null
492:COR:||(boolean,boolean):RHS(boolean,boolean):org.apache.commons.lang3.StringUtils@containsOnly(java.lang.CharSequence,char[]):1600:63345:valid == null || cs == null |==> cs == null
493:COR:||(boolean,boolean):TRUE(boolean,boolean):org.apache.commons.lang3.StringUtils@containsOnly(java.lang.CharSequence,char[]):1600:63342:valid == null || cs == null |==> true
494:LVR:FALSE:TRUE:org.apache.commons.lang3.StringUtils@containsOnly(java.lang.CharSequence,char[]):1601:63378:false |==> true
495:LVR:0:POS:org.apache.commons.lang3.StringUtils@containsOnly(java.lang.CharSequence,char[]):1603:63422:0 |==> 1
496:LVR:0:NEG:org.apache.commons.lang3.StringUtils@containsOnly(java.lang.CharSequence,char[]):1603:63422:0 |==> -1
497:ROR:==(int,int):>=(int,int):org.apache.commons.lang3.StringUtils@containsOnly(java.lang.CharSequence,char[]):1603:63407:cs.length() == 0 |==> cs.length() >= 0
498:ROR:==(int,int):FALSE(int,int):org.apache.commons.lang3.StringUtils@containsOnly(java.lang.CharSequence,char[]):1603:63419:cs.length() == 0 |==> false
499:LVR:TRUE:FALSE:org.apache.commons.lang3.StringUtils@containsOnly(java.lang.CharSequence,char[]):1604:63446:true |==> false
500:LVR:0:POS:org.apache.commons.lang3.StringUtils@containsOnly(java.lang.CharSequence,char[]):1606:63490:0 |==> 1
501:LVR:0:NEG:org.apache.commons.lang3.StringUtils@containsOnly(java.lang.CharSequence,char[]):1606:63490:0 |==> -1
502:ROR:==(int,int):>=(int,int):org.apache.commons.lang3.StringUtils@containsOnly(java.lang.CharSequence,char[]):1606:63474:valid.length == 0 |==> valid.length >= 0
503:ROR:==(int,int):FALSE(int,int):org.apache.commons.lang3.StringUtils@containsOnly(java.lang.CharSequence,char[]):1606:63487:valid.length == 0 |==> false
504:LVR:FALSE:TRUE:org.apache.commons.lang3.StringUtils@containsOnly(java.lang.CharSequence,char[]):1607:63514:false |==> true
505:ROR:==(int,int):<=(int,int):org.apache.commons.lang3.StringUtils@containsOnly(java.lang.CharSequence,char[]):1609:63546:indexOfAnyBut(cs, valid) == INDEX_NOT_FOUND |==> indexOfAnyBut(cs, valid) <= INDEX_NOT_FOUND
506:ROR:==(int,int):>=(int,int):org.apache.commons.lang3.StringUtils@containsOnly(java.lang.CharSequence,char[]):1609:63546:indexOfAnyBut(cs, valid) == INDEX_NOT_FOUND |==> indexOfAnyBut(cs, valid) >= INDEX_NOT_FOUND
507:ROR:==(int,int):FALSE(int,int):org.apache.commons.lang3.StringUtils@containsOnly(java.lang.CharSequence,char[]):1609:63571:indexOfAnyBut(cs, valid) == INDEX_NOT_FOUND |==> false
508:ROR:==(java.lang.Object,java.lang.Object):FALSE(java.lang.Object,java.lang.Object):org.apache.commons.lang3.StringUtils@containsOnly(java.lang.CharSequence,java.lang.String):1635:64649:cs == null |==> false
509:ROR:==(java.lang.Object,java.lang.Object):FALSE(java.lang.Object,java.lang.Object):org.apache.commons.lang3.StringUtils@containsOnly(java.lang.CharSequence,java.lang.String):1635:64671:validChars == null |==> false
510:COR:||(boolean,boolean):!=(boolean,boolean):org.apache.commons.lang3.StringUtils@containsOnly(java.lang.CharSequence,java.lang.String):1635:64646:cs == null || validChars == null |==> cs == null != (validChars == null)
511:COR:||(boolean,boolean):LHS(boolean,boolean):org.apache.commons.lang3.StringUtils@containsOnly(java.lang.CharSequence,java.lang.String):1635:64646:cs == null || validChars == null |==> cs == null
512:COR:||(boolean,boolean):RHS(boolean,boolean):org.apache.commons.lang3.StringUtils@containsOnly(java.lang.CharSequence,java.lang.String):1635:64660:cs == null || validChars == null |==> validChars == null
513:COR:||(boolean,boolean):TRUE(boolean,boolean):org.apache.commons.lang3.StringUtils@containsOnly(java.lang.CharSequence,java.lang.String):1635:64657:cs == null || validChars == null |==> true
514:LVR:FALSE:TRUE:org.apache.commons.lang3.StringUtils@containsOnly(java.lang.CharSequence,java.lang.String):1636:64701:false |==> true
515:ROR:==(java.lang.Object,java.lang.Object):FALSE(java.lang.Object,java.lang.Object):org.apache.commons.lang3.StringUtils@containsNone(java.lang.CharSequence,char[]):1666:65937:cs == null |==> false
516:ROR:==(java.lang.Object,java.lang.Object):FALSE(java.lang.Object,java.lang.Object):org.apache.commons.lang3.StringUtils@containsNone(java.lang.CharSequence,char[]):1666:65961:invalidChars == null |==> false
517:COR:||(boolean,boolean):!=(boolean,boolean):org.apache.commons.lang3.StringUtils@containsNone(java.lang.CharSequence,char[]):1666:65934:cs == null || invalidChars == null |==> cs == null != (invalidChars == null)
518:COR:||(boolean,boolean):LHS(boolean,boolean):org.apache.commons.lang3.StringUtils@containsNone(java.lang.CharSequence,char[]):1666:65934:cs == null || invalidChars == null |==> cs == null
519:COR:||(boolean,boolean):RHS(boolean,boolean):org.apache.commons.lang3.StringUtils@containsNone(java.lang.CharSequence,char[]):1666:65948:cs == null || invalidChars == null |==> invalidChars == null
520:COR:||(boolean,boolean):TRUE(boolean,boolean):org.apache.commons.lang3.StringUtils@containsNone(java.lang.CharSequence,char[]):1666:65945:cs == null || invalidChars == null |==> true
521:LVR:TRUE:FALSE:org.apache.commons.lang3.StringUtils@containsNone(java.lang.CharSequence,char[]):1667:65991:true |==> false
522:LVR:0:POS:org.apache.commons.lang3.StringUtils@containsNone(java.lang.CharSequence,char[]):1671:66108:0 |==> 1
523:LVR:0:NEG:org.apache.commons.lang3.StringUtils@containsNone(java.lang.CharSequence,char[]):1671:66108:0 |==> -1
524:ROR:<(int,int):!=(int,int):org.apache.commons.lang3.StringUtils@containsNone(java.lang.CharSequence,char[]):1671:66111:i < strSize |==> i != strSize
525:ROR:<(int,int):<=(int,int):org.apache.commons.lang3.StringUtils@containsNone(java.lang.CharSequence,char[]):1671:66111:i < strSize |==> i <= strSize
526:ROR:<(int,int):FALSE(int,int):org.apache.commons.lang3.StringUtils@containsNone(java.lang.CharSequence,char[]):1671:66113:i < strSize |==> false
527:LVR:0:POS:org.apache.commons.lang3.StringUtils@containsNone(java.lang.CharSequence,char[]):1673:66192:0 |==> 1
528:LVR:0:NEG:org.apache.commons.lang3.StringUtils@containsNone(java.lang.CharSequence,char[]):1673:66192:0 |==> -1
529:ROR:<(int,int):!=(int,int):org.apache.commons.lang3.StringUtils@containsNone(java.lang.CharSequence,char[]):1673:66195:j < validSize |==> j != validSize
530:ROR:<(int,int):<=(int,int):org.apache.commons.lang3.StringUtils@containsNone(java.lang.CharSequence,char[]):1673:66195:j < validSize |==> j <= validSize
531:ROR:<(int,int):FALSE(int,int):org.apache.commons.lang3.StringUtils@containsNone(java.lang.CharSequence,char[]):1673:66197:j < validSize |==> false
532:ROR:==(int,int):<=(int,int):org.apache.commons.lang3.StringUtils@containsNone(java.lang.CharSequence,char[]):1674:66237:invalidChars[j] == ch |==> invalidChars[j] <= ch
533:ROR:==(int,int):>=(int,int):org.apache.commons.lang3.StringUtils@containsNone(java.lang.CharSequence,char[]):1674:66237:invalidChars[j] == ch |==> invalidChars[j] >= ch
534:ROR:==(int,int):FALSE(int,int):org.apache.commons.lang3.StringUtils@containsNone(java.lang.CharSequence,char[]):1674:66253:invalidChars[j] == ch |==> false
535:LVR:FALSE:TRUE:org.apache.commons.lang3.StringUtils@containsNone(java.lang.CharSequence,char[]):1675:66289:false |==> true
536:LVR:TRUE:FALSE:org.apache.commons.lang3.StringUtils@containsNone(java.lang.CharSequence,char[]):1679:66353:true |==> false
537:ROR:==(java.lang.Object,java.lang.Object):FALSE(java.lang.Object,java.lang.Object):org.apache.commons.lang3.StringUtils@containsNone(java.lang.CharSequence,java.lang.String):1705:67407:cs == null |==> false
538:ROR:==(java.lang.Object,java.lang.Object):FALSE(java.lang.Object,java.lang.Object):org.apache.commons.lang3.StringUtils@containsNone(java.lang.CharSequence,java.lang.String):1705:67431:invalidChars == null |==> false
539:COR:||(boolean,boolean):!=(boolean,boolean):org.apache.commons.lang3.StringUtils@containsNone(java.lang.CharSequence,java.lang.String):1705:67404:cs == null || invalidChars == null |==> cs == null != (invalidChars == null)
540:COR:||(boolean,boolean):LHS(boolean,boolean):org.apache.commons.lang3.StringUtils@containsNone(java.lang.CharSequence,java.lang.String):1705:67404:cs == null || invalidChars == null |==> cs == null
541:COR:||(boolean,boolean):RHS(boolean,boolean):org.apache.commons.lang3.StringUtils@containsNone(java.lang.CharSequence,java.lang.String):1705:67418:cs == null || invalidChars == null |==> invalidChars == null
542:COR:||(boolean,boolean):TRUE(boolean,boolean):org.apache.commons.lang3.StringUtils@containsNone(java.lang.CharSequence,java.lang.String):1705:67415:cs == null || invalidChars == null |==> true
543:LVR:TRUE:FALSE:org.apache.commons.lang3.StringUtils@containsNone(java.lang.CharSequence,java.lang.String):1706:67461:true |==> false
544:ROR:==(java.lang.Object,java.lang.Object):FALSE(java.lang.Object,java.lang.Object):org.apache.commons.lang3.StringUtils@indexOfAny(java.lang.String,java.lang.String[]):1740:69077:str == null |==> false
545:ROR:==(java.lang.Object,java.lang.Object):FALSE(java.lang.Object,java.lang.Object):org.apache.commons.lang3.StringUtils@indexOfAny(java.lang.String,java.lang.String[]):1740:69099:searchStrs == null |==> false
546:COR:||(boolean,boolean):!=(boolean,boolean):org.apache.commons.lang3.StringUtils@indexOfAny(java.lang.String,java.lang.String[]):1740:69073:str == null || searchStrs == null |==> str == null != (searchStrs == null)
547:COR:||(boolean,boolean):LHS(boolean,boolean):org.apache.commons.lang3.StringUtils@indexOfAny(java.lang.String,java.lang.String[]):1740:69073:str == null || searchStrs == null |==> str == null
548:COR:||(boolean,boolean):RHS(boolean,boolean):org.apache.commons.lang3.StringUtils@indexOfAny(java.lang.String,java.lang.String[]):1740:69088:str == null || searchStrs == null |==> searchStrs == null
549:COR:||(boolean,boolean):TRUE(boolean,boolean):org.apache.commons.lang3.StringUtils@indexOfAny(java.lang.String,java.lang.String[]):1740:69085:str == null || searchStrs == null |==> true
550:LVR:0:POS:org.apache.commons.lang3.StringUtils@indexOfAny(java.lang.String,java.lang.String[]):1749:69325:0 |==> 1
551:LVR:0:NEG:org.apache.commons.lang3.StringUtils@indexOfAny(java.lang.String,java.lang.String[]):1749:69325:0 |==> -1
552:ROR:<(int,int):!=(int,int):org.apache.commons.lang3.StringUtils@indexOfAny(java.lang.String,java.lang.String[]):1749:69328:i < sz |==> i != sz
553:ROR:<(int,int):<=(int,int):org.apache.commons.lang3.StringUtils@indexOfAny(java.lang.String,java.lang.String[]):1749:69328:i < sz |==> i <= sz
554:ROR:<(int,int):FALSE(int,int):org.apache.commons.lang3.StringUtils@indexOfAny(java.lang.String,java.lang.String[]):1749:69330:i < sz |==> false
555:ROR:==(java.lang.Object,java.lang.Object):FALSE(java.lang.Object,java.lang.Object):org.apache.commons.lang3.StringUtils@indexOfAny(java.lang.String,java.lang.String[]):1751:69409:search == null |==> false
556:STD:<ASSIGN>:<NO-OP>:org.apache.commons.lang3.StringUtils@indexOfAny(java.lang.String,java.lang.String[]):1754:69472:tmp = str.indexOf(search); |==> <NO-OP>
557:ROR:==(int,int):<=(int,int):org.apache.commons.lang3.StringUtils@indexOfAny(java.lang.String,java.lang.String[]):1755:69515:tmp == INDEX_NOT_FOUND |==> tmp <= INDEX_NOT_FOUND
558:ROR:==(int,int):>=(int,int):org.apache.commons.lang3.StringUtils@indexOfAny(java.lang.String,java.lang.String[]):1755:69515:tmp == INDEX_NOT_FOUND |==> tmp >= INDEX_NOT_FOUND
559:ROR:==(int,int):FALSE(int,int):org.apache.commons.lang3.StringUtils@indexOfAny(java.lang.String,java.lang.String[]):1755:69519:tmp == INDEX_NOT_FOUND |==> false
560:ROR:<(int,int):!=(int,int):org.apache.commons.lang3.StringUtils@indexOfAny(java.lang.String,java.lang.String[]):1759:69598:tmp < ret |==> tmp != ret
561:ROR:<(int,int):<=(int,int):org.apache.commons.lang3.StringUtils@indexOfAny(java.lang.String,java.lang.String[]):1759:69598:tmp < ret |==> tmp <= ret
562:ROR:<(int,int):FALSE(int,int):org.apache.commons.lang3.StringUtils@indexOfAny(java.lang.String,java.lang.String[]):1759:69602:tmp < ret |==> false
563:STD:<ASSIGN>:<NO-OP>:org.apache.commons.lang3.StringUtils@indexOfAny(java.lang.String,java.lang.String[]):1760:69627:ret = tmp; |==> <NO-OP>
564:ROR:==(int,int):<=(int,int):org.apache.commons.lang3.StringUtils@indexOfAny(java.lang.String,java.lang.String[]):1764:69679:ret == Integer.MAX_VALUE |==> ret <= Integer.MAX_VALUE
565:ROR:==(int,int):FALSE(int,int):org.apache.commons.lang3.StringUtils@indexOfAny(java.lang.String,java.lang.String[]):1764:69683:ret == Integer.MAX_VALUE |==> false
566:ROR:==(java.lang.Object,java.lang.Object):FALSE(java.lang.Object,java.lang.Object):org.apache.commons.lang3.StringUtils@lastIndexOfAny(java.lang.String,java.lang.String[]):1793:71131:str == null |==> false
567:ROR:==(java.lang.Object,java.lang.Object):FALSE(java.lang.Object,java.lang.Object):org.apache.commons.lang3.StringUtils@lastIndexOfAny(java.lang.String,java.lang.String[]):1793:71153:searchStrs == null |==> false
568:COR:||(boolean,boolean):!=(boolean,boolean):org.apache.commons.lang3.StringUtils@lastIndexOfAny(java.lang.String,java.lang.String[]):1793:71127:str == null || searchStrs == null |==> str == null != (searchStrs == null)
569:COR:||(boolean,boolean):LHS(boolean,boolean):org.apache.commons.lang3.StringUtils@lastIndexOfAny(java.lang.String,java.lang.String[]):1793:71127:str == null || searchStrs == null |==> str == null
570:COR:||(boolean,boolean):RHS(boolean,boolean):org.apache.commons.lang3.StringUtils@lastIndexOfAny(java.lang.String,java.lang.String[]):1793:71142:str == null || searchStrs == null |==> searchStrs == null
571:COR:||(boolean,boolean):TRUE(boolean,boolean):org.apache.commons.lang3.StringUtils@lastIndexOfAny(java.lang.String,java.lang.String[]):1793:71139:str == null || searchStrs == null |==> true
572:LVR:0:POS:org.apache.commons.lang3.StringUtils@lastIndexOfAny(java.lang.String,java.lang.String[]):1799:71323:0 |==> 1
573:LVR:0:NEG:org.apache.commons.lang3.StringUtils@lastIndexOfAny(java.lang.String,java.lang.String[]):1799:71323:0 |==> -1
574:ROR:<(int,int):!=(int,int):org.apache.commons.lang3.StringUtils@lastIndexOfAny(java.lang.String,java.lang.String[]):1799:71326:i < sz |==> i != sz
575:ROR:<(int,int):<=(int,int):org.apache.commons.lang3.StringUtils@lastIndexOfAny(java.lang.String,java.lang.String[]):1799:71326:i < sz |==> i <= sz
576:ROR:<(int,int):FALSE(int,int):org.apache.commons.lang3.StringUtils@lastIndexOfAny(java.lang.String,java.lang.String[]):1799:71328:i < sz |==> false
577:ROR:==(java.lang.Object,java.lang.Object):FALSE(java.lang.Object,java.lang.Object):org.apache.commons.lang3.StringUtils@lastIndexOfAny(java.lang.String,java.lang.String[]):1801:71407:search == null |==> false
578:STD:<ASSIGN>:<NO-OP>:org.apache.commons.lang3.StringUtils@lastIndexOfAny(java.lang.String,java.lang.String[]):1804:71470:tmp = str.lastIndexOf(search); |==> <NO-OP>
579:ROR:>(int,int):!=(int,int):org.apache.commons.lang3.StringUtils@lastIndexOfAny(java.lang.String,java.lang.String[]):1805:71517:tmp > ret |==> tmp != ret
580:ROR:>(int,int):>=(int,int):org.apache.commons.lang3.StringUtils@lastIndexOfAny(java.lang.String,java.lang.String[]):1805:71517:tmp > ret |==> tmp >= ret
581:ROR:>(int,int):FALSE(int,int):org.apache.commons.lang3.StringUtils@lastIndexOfAny(java.lang.String,java.lang.String[]):1805:71521:tmp > ret |==> false
582:STD:<ASSIGN>:<NO-OP>:org.apache.commons.lang3.StringUtils@lastIndexOfAny(java.lang.String,java.lang.String[]):1806:71546:ret = tmp; |==> <NO-OP>
583:ROR:==(java.lang.Object,java.lang.Object):FALSE(java.lang.Object,java.lang.Object):org.apache.commons.lang3.StringUtils@substring(java.lang.String,int):1839:72780:str == null |==> false
584:LVR:0:POS:org.apache.commons.lang3.StringUtils@substring(java.lang.String,int):1844:72906:0 |==> 1
585:LVR:0:NEG:org.apache.commons.lang3.StringUtils@substring(java.lang.String,int):1844:72906:0 |==> -1
586:ROR:<(int,int):!=(int,int):org.apache.commons.lang3.StringUtils@substring(java.lang.String,int):1844:72898:start < 0 |==> start != 0
587:ROR:<(int,int):<=(int,int):org.apache.commons.lang3.StringUtils@substring(java.lang.String,int):1844:72898:start < 0 |==> start <= 0
588:ROR:<(int,int):FALSE(int,int):org.apache.commons.lang3.StringUtils@substring(java.lang.String,int):1844:72904:start < 0 |==> false
589:AOR:+(int,int):%(int,int):org.apache.commons.lang3.StringUtils@substring(java.lang.String,int):1845:72931:str.length() + start |==> str.length() % start
590:AOR:+(int,int):*(int,int):org.apache.commons.lang3.StringUtils@substring(java.lang.String,int):1845:72931:str.length() + start |==> str.length() * start
591:AOR:+(int,int):-(int,int):org.apache.commons.lang3.StringUtils@substring(java.lang.String,int):1845:72931:str.length() + start |==> str.length() - start
592:AOR:+(int,int):/(int,int):org.apache.commons.lang3.StringUtils@substring(java.lang.String,int):1845:72931:str.length() + start |==> str.length() / start
593:STD:<ASSIGN>:<NO-OP>:org.apache.commons.lang3.StringUtils@substring(java.lang.String,int):1845:72923:start = str.length() + start; |==> <NO-OP>
594:LVR:0:POS:org.apache.commons.lang3.StringUtils@substring(java.lang.String,int):1848:73014:0 |==> 1
595:LVR:0:NEG:org.apache.commons.lang3.StringUtils@substring(java.lang.String,int):1848:73014:0 |==> -1
596:ROR:<(int,int):!=(int,int):org.apache.commons.lang3.StringUtils@substring(java.lang.String,int):1848:73006:start < 0 |==> start != 0
597:ROR:<(int,int):<=(int,int):org.apache.commons.lang3.StringUtils@substring(java.lang.String,int):1848:73006:start < 0 |==> start <= 0
598:ROR:<(int,int):FALSE(int,int):org.apache.commons.lang3.StringUtils@substring(java.lang.String,int):1848:73012:start < 0 |==> false
599:LVR:0:POS:org.apache.commons.lang3.StringUtils@substring(java.lang.String,int):1849:73039:0 |==> 1
600:LVR:0:NEG:org.apache.commons.lang3.StringUtils@substring(java.lang.String,int):1849:73039:0 |==> -1
601:STD:<ASSIGN>:<NO-OP>:org.apache.commons.lang3.StringUtils@substring(java.lang.String,int):1849:73031:start = 0; |==> <NO-OP>
602:ROR:>(int,int):!=(int,int):org.apache.commons.lang3.StringUtils@substring(java.lang.String,int):1851:73064:start > str.length() |==> start != str.length()
603:ROR:>(int,int):>=(int,int):org.apache.commons.lang3.StringUtils@substring(java.lang.String,int):1851:73064:start > str.length() |==> start >= str.length()
604:ROR:>(int,int):FALSE(int,int):org.apache.commons.lang3.StringUtils@substring(java.lang.String,int):1851:73070:start > str.length() |==> false
605:ROR:==(java.lang.Object,java.lang.Object):FALSE(java.lang.Object,java.lang.Object):org.apache.commons.lang3.StringUtils@substring(java.lang.String,int,int):1894:74930:str == null |==> false
606:LVR:0:POS:org.apache.commons.lang3.StringUtils@substring(java.lang.String,int,int):1899:75023:0 |==> 1
607:LVR:0:NEG:org.apache.commons.lang3.StringUtils@substring(java.lang.String,int,int):1899:75023:0 |==> -1
608:ROR:<(int,int):!=(int,int):org.apache.commons.lang3.StringUtils@substring(java.lang.String,int,int):1899:75017:end < 0 |==> end != 0
609:ROR:<(int,int):<=(int,int):org.apache.commons.lang3.StringUtils@substring(java.lang.String,int,int):1899:75017:end < 0 |==> end <= 0
610:ROR:<(int,int):FALSE(int,int):org.apache.commons.lang3.StringUtils@substring(java.lang.String,int,int):1899:75021:end < 0 |==> false
611:AOR:+(int,int):%(int,int):org.apache.commons.lang3.StringUtils@substring(java.lang.String,int,int):1900:75046:str.length() + end |==> str.length() % end
612:AOR:+(int,int):*(int,int):org.apache.commons.lang3.StringUtils@substring(java.lang.String,int,int):1900:75046:str.length() + end |==> str.length() * end
613:AOR:+(int,int):-(int,int):org.apache.commons.lang3.StringUtils@substring(java.lang.String,int,int):1900:75046:str.length() + end |==> str.length() - end
614:AOR:+(int,int):/(int,int):org.apache.commons.lang3.StringUtils@substring(java.lang.String,int,int):1900:75046:str.length() + end |==> str.length() / end
615:STD:<ASSIGN>:<NO-OP>:org.apache.commons.lang3.StringUtils@substring(java.lang.String,int,int):1900:75040:end = str.length() + end; |==> <NO-OP>
616:LVR:0:POS:org.apache.commons.lang3.StringUtils@substring(java.lang.String,int,int):1902:75124:0 |==> 1
617:LVR:0:NEG:org.apache.commons.lang3.StringUtils@substring(java.lang.String,int,int):1902:75124:0 |==> -1
618:ROR:<(int,int):!=(int,int):org.apache.commons.lang3.StringUtils@substring(java.lang.String,int,int):1902:75116:start < 0 |==> start != 0
619:ROR:<(int,int):<=(int,int):org.apache.commons.lang3.StringUtils@substring(java.lang.String,int,int):1902:75116:start < 0 |==> start <= 0
620:ROR:<(int,int):FALSE(int,int):org.apache.commons.lang3.StringUtils@substring(java.lang.String,int,int):1902:75122:start < 0 |==> false
621:AOR:+(int,int):%(int,int):org.apache.commons.lang3.StringUtils@substring(java.lang.String,int,int):1903:75149:str.length() + start |==> str.length() % start
622:AOR:+(int,int):*(int,int):org.apache.commons.lang3.StringUtils@substring(java.lang.String,int,int):1903:75149:str.length() + start |==> str.length() * start
623:AOR:+(int,int):-(int,int):org.apache.commons.lang3.StringUtils@substring(java.lang.String,int,int):1903:75149:str.length() + start |==> str.length() - start
624:AOR:+(int,int):/(int,int):org.apache.commons.lang3.StringUtils@substring(java.lang.String,int,int):1903:75149:str.length() + start |==> str.length() / start
625:STD:<ASSIGN>:<NO-OP>:org.apache.commons.lang3.StringUtils@substring(java.lang.String,int,int):1903:75141:start = str.length() + start; |==> <NO-OP>
626:ROR:>(int,int):!=(int,int):org.apache.commons.lang3.StringUtils@substring(java.lang.String,int,int):1907:75253:end > str.length() |==> end != str.length()
627:ROR:>(int,int):>=(int,int):org.apache.commons.lang3.StringUtils@substring(java.lang.String,int,int):1907:75253:end > str.length() |==> end >= str.length()
628:ROR:>(int,int):FALSE(int,int):org.apache.commons.lang3.StringUtils@substring(java.lang.String,int,int):1907:75257:end > str.length() |==> false
629:STD:<ASSIGN>:<NO-OP>:org.apache.commons.lang3.StringUtils@substring(java.lang.String,int,int):1908:75287:end = str.length(); |==> <NO-OP>
630:ROR:>(int,int):!=(int,int):org.apache.commons.lang3.StringUtils@substring(java.lang.String,int,int):1912:75381:start > end |==> start != end
631:ROR:>(int,int):>=(int,int):org.apache.commons.lang3.StringUtils@substring(java.lang.String,int,int):1912:75381:start > end |==> start >= end
632:ROR:>(int,int):FALSE(int,int):org.apache.commons.lang3.StringUtils@substring(java.lang.String,int,int):1912:75387:start > end |==> false
633:LVR:0:POS:org.apache.commons.lang3.StringUtils@substring(java.lang.String,int,int):1916:75453:0 |==> 1
634:LVR:0:NEG:org.apache.commons.lang3.StringUtils@substring(java.lang.String,int,int):1916:75453:0 |==> -1
635:ROR:<(int,int):!=(int,int):org.apache.commons.lang3.StringUtils@substring(java.lang.String,int,int):1916:75445:start < 0 |==> start != 0
636:ROR:<(int,int):<=(int,int):org.apache.commons.lang3.StringUtils@substring(java.lang.String,int,int):1916:75445:start < 0 |==> start <= 0
637:ROR:<(int,int):FALSE(int,int):org.apache.commons.lang3.StringUtils@substring(java.lang.String,int,int):1916:75451:start < 0 |==> false
638:LVR:0:POS:org.apache.commons.lang3.StringUtils@substring(java.lang.String,int,int):1917:75478:0 |==> 1
639:LVR:0:NEG:org.apache.commons.lang3.StringUtils@substring(java.lang.String,int,int):1917:75478:0 |==> -1
640:STD:<ASSIGN>:<NO-OP>:org.apache.commons.lang3.StringUtils@substring(java.lang.String,int,int):1917:75470:start = 0; |==> <NO-OP>
641:LVR:0:POS:org.apache.commons.lang3.StringUtils@substring(java.lang.String,int,int):1919:75509:0 |==> 1
642:LVR:0:NEG:org.apache.commons.lang3.StringUtils@substring(java.lang.String,int,int):1919:75509:0 |==> -1
643:ROR:<(int,int):!=(int,int):org.apache.commons.lang3.StringUtils@substring(java.lang.String,int,int):1919:75503:end < 0 |==> end != 0
644:ROR:<(int,int):<=(int,int):org.apache.commons.lang3.StringUtils@substring(java.lang.String,int,int):1919:75503:end < 0 |==> end <= 0
645:ROR:<(int,int):FALSE(int,int):org.apache.commons.lang3.StringUtils@substring(java.lang.String,int,int):1919:75507:end < 0 |==> false
646:LVR:0:POS:org.apache.commons.lang3.StringUtils@substring(java.lang.String,int,int):1920:75532:0 |==> 1
647:LVR:0:NEG:org.apache.commons.lang3.StringUtils@substring(java.lang.String,int,int):1920:75532:0 |==> -1
648:STD:<ASSIGN>:<NO-OP>:org.apache.commons.lang3.StringUtils@substring(java.lang.String,int,int):1920:75526:end = 0; |==> <NO-OP>
649:ROR:==(java.lang.Object,java.lang.Object):FALSE(java.lang.Object,java.lang.Object):org.apache.commons.lang3.StringUtils@left(java.lang.String,int):1949:76598:str == null |==> false
650:LVR:0:POS:org.apache.commons.lang3.StringUtils@left(java.lang.String,int):1952:76662:0 |==> 1
651:LVR:0:NEG:org.apache.commons.lang3.StringUtils@left(java.lang.String,int):1952:76662:0 |==> -1
652:ROR:<(int,int):!=(int,int):org.apache.commons.lang3.StringUtils@left(java.lang.String,int):1952:76656:len < 0 |==> len != 0
653:ROR:<(int,int):<=(int,int):org.apache.commons.lang3.StringUtils@left(java.lang.String,int):1952:76656:len < 0 |==> len <= 0
654:ROR:<(int,int):FALSE(int,int):org.apache.commons.lang3.StringUtils@left(java.lang.String,int):1952:76660:len < 0 |==> false
655:ROR:<=(int,int):<(int,int):org.apache.commons.lang3.StringUtils@left(java.lang.String,int):1955:76715:str.length() <= len |==> str.length() < len
656:ROR:<=(int,int):==(int,int):org.apache.commons.lang3.StringUtils@left(java.lang.String,int):1955:76715:str.length() <= len |==> str.length() == len
657:ROR:<=(int,int):TRUE(int,int):org.apache.commons.lang3.StringUtils@left(java.lang.String,int):1955:76728:str.length() <= len |==> true
658:LVR:0:POS:org.apache.commons.lang3.StringUtils@left(java.lang.String,int):1958:76801:0 |==> 1
659:LVR:0:NEG:org.apache.commons.lang3.StringUtils@left(java.lang.String,int):1958:76801:0 |==> -1
660:ROR:==(java.lang.Object,java.lang.Object):FALSE(java.lang.Object,java.lang.Object):org.apache.commons.lang3.StringUtils@right(java.lang.String,int):1982:77733:str == null |==> false
661:LVR:0:POS:org.apache.commons.lang3.StringUtils@right(java.lang.String,int):1985:77797:0 |==> 1
662:LVR:0:NEG:org.apache.commons.lang3.StringUtils@right(java.lang.String,int):1985:77797:0 |==> -1
663:ROR:<(int,int):!=(int,int):org.apache.commons.lang3.StringUtils@right(java.lang.String,int):1985:77791:len < 0 |==> len != 0
664:ROR:<(int,int):<=(int,int):org.apache.commons.lang3.StringUtils@right(java.lang.String,int):1985:77791:len < 0 |==> len <= 0
665:ROR:<(int,int):FALSE(int,int):org.apache.commons.lang3.StringUtils@right(java.lang.String,int):1985:77795:len < 0 |==> false
666:ROR:<=(int,int):<(int,int):org.apache.commons.lang3.StringUtils@right(java.lang.String,int):1988:77850:str.length() <= len |==> str.length() < len
667:ROR:<=(int,int):==(int,int):org.apache.commons.lang3.StringUtils@right(java.lang.String,int):1988:77850:str.length() <= len |==> str.length() == len
668:ROR:<=(int,int):TRUE(int,int):org.apache.commons.lang3.StringUtils@right(java.lang.String,int):1988:77863:str.length() <= len |==> true
669:AOR:-(int,int):%(int,int):org.apache.commons.lang3.StringUtils@right(java.lang.String,int):1991:77936:str.length() - len |==> str.length() % len
670:AOR:-(int,int):*(int,int):org.apache.commons.lang3.StringUtils@right(java.lang.String,int):1991:77936:str.length() - len |==> str.length() * len
671:AOR:-(int,int):+(int,int):org.apache.commons.lang3.StringUtils@right(java.lang.String,int):1991:77936:str.length() - len |==> str.length() + len
672:AOR:-(int,int):/(int,int):org.apache.commons.lang3.StringUtils@right(java.lang.String,int):1991:77936:str.length() - len |==> str.length() / len
673:ROR:==(java.lang.Object,java.lang.Object):FALSE(java.lang.Object,java.lang.Object):org.apache.commons.lang3.StringUtils@mid(java.lang.String,int,int):2019:79100:str == null |==> false
674:LVR:0:POS:org.apache.commons.lang3.StringUtils@mid(java.lang.String,int,int):2022:79164:0 |==> 1
675:LVR:0:NEG:org.apache.commons.lang3.StringUtils@mid(java.lang.String,int,int):2022:79164:0 |==> -1
676:ROR:<(int,int):!=(int,int):org.apache.commons.lang3.StringUtils@mid(java.lang.String,int,int):2022:79158:len < 0 |==> len != 0
677:ROR:<(int,int):<=(int,int):org.apache.commons.lang3.StringUtils@mid(java.lang.String,int,int):2022:79158:len < 0 |==> len <= 0
678:ROR:<(int,int):FALSE(int,int):org.apache.commons.lang3.StringUtils@mid(java.lang.String,int,int):2022:79162:len < 0 |==> false
679:ROR:>(int,int):!=(int,int):org.apache.commons.lang3.StringUtils@mid(java.lang.String,int,int):2022:79169:pos > str.length() |==> pos != str.length()
680:ROR:>(int,int):>=(int,int):org.apache.commons.lang3.StringUtils@mid(java.lang.String,int,int):2022:79169:pos > str.length() |==> pos >= str.length()
681:ROR:>(int,int):FALSE(int,int):org.apache.commons.lang3.StringUtils@mid(java.lang.String,int,int):2022:79173:pos > str.length() |==> false
682:COR:||(boolean,boolean):!=(boolean,boolean):org.apache.commons.lang3.StringUtils@mid(java.lang.String,int,int):2022:79158:len < 0 || pos > str.length() |==> len < 0 != pos > str.length()
683:COR:||(boolean,boolean):LHS(boolean,boolean):org.apache.commons.lang3.StringUtils@mid(java.lang.String,int,int):2022:79158:len < 0 || pos > str.length() |==> len < 0
684:COR:||(boolean,boolean):RHS(boolean,boolean):org.apache.commons.lang3.StringUtils@mid(java.lang.String,int,int):2022:79169:len < 0 || pos > str.length() |==> pos > str.length()
685:COR:||(boolean,boolean):TRUE(boolean,boolean):org.apache.commons.lang3.StringUtils@mid(java.lang.String,int,int):2022:79166:len < 0 || pos > str.length() |==> true
686:LVR:0:POS:org.apache.commons.lang3.StringUtils@mid(java.lang.String,int,int):2025:79245:0 |==> 1
687:LVR:0:NEG:org.apache.commons.lang3.StringUtils@mid(java.lang.String,int,int):2025:79245:0 |==> -1
688:ROR:<(int,int):!=(int,int):org.apache.commons.lang3.StringUtils@mid(java.lang.String,int,int):2025:79239:pos < 0 |==> pos != 0
689:ROR:<(int,int):<=(int,int):org.apache.commons.lang3.StringUtils@mid(java.lang.String,int,int):2025:79239:pos < 0 |==> pos <= 0
690:ROR:<(int,int):FALSE(int,int):org.apache.commons.lang3.StringUtils@mid(java.lang.String,int,int):2025:79243:pos < 0 |==> false
691:LVR:0:POS:org.apache.commons.lang3.StringUtils@mid(java.lang.String,int,int):2026:79268:0 |==> 1
692:LVR:0:NEG:org.apache.commons.lang3.StringUtils@mid(java.lang.String,int,int):2026:79268:0 |==> -1
693:STD:<ASSIGN>:<NO-OP>:org.apache.commons.lang3.StringUtils@mid(java.lang.String,int,int):2026:79262:pos = 0; |==> <NO-OP>
694:AOR:+(int,int):%(int,int):org.apache.commons.lang3.StringUtils@mid(java.lang.String,int,int):2028:79310:pos + len |==> pos % len
695:AOR:+(int,int):*(int,int):org.apache.commons.lang3.StringUtils@mid(java.lang.String,int,int):2028:79310:pos + len |==> pos * len
696:AOR:+(int,int):-(int,int):org.apache.commons.lang3.StringUtils@mid(java.lang.String,int,int):2028:79310:pos + len |==> pos - len
697:AOR:+(int,int):/(int,int):org.apache.commons.lang3.StringUtils@mid(java.lang.String,int,int):2028:79310:pos + len |==> pos / len
698:ROR:<=(int,int):<(int,int):org.apache.commons.lang3.StringUtils@mid(java.lang.String,int,int):2028:79293:str.length() <= (pos + len) |==> str.length() < (pos + len)
699:ROR:<=(int,int):==(int,int):org.apache.commons.lang3.StringUtils@mid(java.lang.String,int,int):2028:79293:str.length() <= (pos + len) |==> str.length() == (pos + len)
700:ROR:<=(int,int):TRUE(int,int):org.apache.commons.lang3.StringUtils@mid(java.lang.String,int,int):2028:79306:str.length() <= (pos + len) |==> true
701:AOR:+(int,int):%(int,int):org.apache.commons.lang3.StringUtils@mid(java.lang.String,int,int):2031:79407:pos + len |==> pos % len
702:AOR:+(int,int):*(int,int):org.apache.commons.lang3.StringUtils@mid(java.lang.String,int,int):2031:79407:pos + len |==> pos * len
703:AOR:+(int,int):-(int,int):org.apache.commons.lang3.StringUtils@mid(java.lang.String,int,int):2031:79407:pos + len |==> pos - len
704:AOR:+(int,int):/(int,int):org.apache.commons.lang3.StringUtils@mid(java.lang.String,int,int):2031:79407:pos + len |==> pos / len
705:ROR:==(java.lang.Object,java.lang.Object):FALSE(java.lang.Object,java.lang.Object):org.apache.commons.lang3.StringUtils@substringBefore(java.lang.String,java.lang.String):2064:80826:separator == null |==> false
706:COR:||(boolean,boolean):!=(boolean,boolean):org.apache.commons.lang3.StringUtils@substringBefore(java.lang.String,java.lang.String):2064:80800:isEmpty(str) || separator == null |==> isEmpty(str) != (separator == null)
707:COR:||(boolean,boolean):LHS(boolean,boolean):org.apache.commons.lang3.StringUtils@substringBefore(java.lang.String,java.lang.String):2064:80800:isEmpty(str) || separator == null |==> isEmpty(str)
708:COR:||(boolean,boolean):RHS(boolean,boolean):org.apache.commons.lang3.StringUtils@substringBefore(java.lang.String,java.lang.String):2064:80816:isEmpty(str) || separator == null |==> separator == null
709:COR:||(boolean,boolean):TRUE(boolean,boolean):org.apache.commons.lang3.StringUtils@substringBefore(java.lang.String,java.lang.String):2064:80813:isEmpty(str) || separator == null |==> true
710:LVR:0:POS:org.apache.commons.lang3.StringUtils@substringBefore(java.lang.String,java.lang.String):2067:80905:0 |==> 1
711:LVR:0:NEG:org.apache.commons.lang3.StringUtils@substringBefore(java.lang.String,java.lang.String):2067:80905:0 |==> -1
712:ROR:==(int,int):>=(int,int):org.apache.commons.lang3.StringUtils@substringBefore(java.lang.String,java.lang.String):2067:80883:separator.length() == 0 |==> separator.length() >= 0
713:ROR:==(int,int):FALSE(int,int):org.apache.commons.lang3.StringUtils@substringBefore(java.lang.String,java.lang.String):2067:80902:separator.length() == 0 |==> false
714:ROR:==(int,int):<=(int,int):org.apache.commons.lang3.StringUtils@substringBefore(java.lang.String,java.lang.String):2071:81000:pos == INDEX_NOT_FOUND |==> pos <= INDEX_NOT_FOUND
715:ROR:==(int,int):>=(int,int):org.apache.commons.lang3.StringUtils@substringBefore(java.lang.String,java.lang.String):2071:81000:pos == INDEX_NOT_FOUND |==> pos >= INDEX_NOT_FOUND
716:ROR:==(int,int):FALSE(int,int):org.apache.commons.lang3.StringUtils@substringBefore(java.lang.String,java.lang.String):2071:81004:pos == INDEX_NOT_FOUND |==> false
717:LVR:0:POS:org.apache.commons.lang3.StringUtils@substringBefore(java.lang.String,java.lang.String):2074:81089:0 |==> 1
718:LVR:0:NEG:org.apache.commons.lang3.StringUtils@substringBefore(java.lang.String,java.lang.String):2074:81089:0 |==> -1
719:COR:<METHOD_INVOCATION(boolean)>:FALSE:org.apache.commons.lang3.StringUtils@substringAfter(java.lang.String,java.lang.String):2106:82410:isEmpty(str) |==> false
720:COR:<METHOD_INVOCATION(boolean)>:TRUE:org.apache.commons.lang3.StringUtils@substringAfter(java.lang.String,java.lang.String):2106:82410:isEmpty(str) |==> true
721:ROR:==(java.lang.Object,java.lang.Object):FALSE(java.lang.Object,java.lang.Object):org.apache.commons.lang3.StringUtils@substringAfter(java.lang.String,java.lang.String):2109:82475:separator == null |==> false
722:ROR:==(int,int):<=(int,int):org.apache.commons.lang3.StringUtils@substringAfter(java.lang.String,java.lang.String):2113:82576:pos == INDEX_NOT_FOUND |==> pos <= INDEX_NOT_FOUND
723:ROR:==(int,int):>=(int,int):org.apache.commons.lang3.StringUtils@substringAfter(java.lang.String,java.lang.String):2113:82576:pos == INDEX_NOT_FOUND |==> pos >= INDEX_NOT_FOUND
724:ROR:==(int,int):FALSE(int,int):org.apache.commons.lang3.StringUtils@substringAfter(java.lang.String,java.lang.String):2113:82580:pos == INDEX_NOT_FOUND |==> false
725:AOR:+(int,int):%(int,int):org.apache.commons.lang3.StringUtils@substringAfter(java.lang.String,java.lang.String):2116:82667:pos + separator.length() |==> pos % separator.length()
726:AOR:+(int,int):*(int,int):org.apache.commons.lang3.StringUtils@substringAfter(java.lang.String,java.lang.String):2116:82667:pos + separator.length() |==> pos * separator.length()
727:AOR:+(int,int):-(int,int):org.apache.commons.lang3.StringUtils@substringAfter(java.lang.String,java.lang.String):2116:82667:pos + separator.length() |==> pos - separator.length()
728:AOR:+(int,int):/(int,int):org.apache.commons.lang3.StringUtils@substringAfter(java.lang.String,java.lang.String):2116:82667:pos + separator.length() |==> pos / separator.length()
729:COR:||(boolean,boolean):!=(boolean,boolean):org.apache.commons.lang3.StringUtils@substringBeforeLast(java.lang.String,java.lang.String):2147:84002:isEmpty(str) || isEmpty(separator) |==> isEmpty(str) != isEmpty(separator)
730:COR:||(boolean,boolean):LHS(boolean,boolean):org.apache.commons.lang3.StringUtils@substringBeforeLast(java.lang.String,java.lang.String):2147:84002:isEmpty(str) || isEmpty(separator) |==> isEmpty(str)
731:COR:||(boolean,boolean):RHS(boolean,boolean):org.apache.commons.lang3.StringUtils@substringBeforeLast(java.lang.String,java.lang.String):2147:84018:isEmpty(str) || isEmpty(separator) |==> isEmpty(separator)
732:COR:||(boolean,boolean):TRUE(boolean,boolean):org.apache.commons.lang3.StringUtils@substringBeforeLast(java.lang.String,java.lang.String):2147:84015:isEmpty(str) || isEmpty(separator) |==> true
733:ROR:==(int,int):<=(int,int):org.apache.commons.lang3.StringUtils@substringBeforeLast(java.lang.String,java.lang.String):2151:84132:pos == INDEX_NOT_FOUND |==> pos <= INDEX_NOT_FOUND
734:ROR:==(int,int):>=(int,int):org.apache.commons.lang3.StringUtils@substringBeforeLast(java.lang.String,java.lang.String):2151:84132:pos == INDEX_NOT_FOUND |==> pos >= INDEX_NOT_FOUND
735:ROR:==(int,int):FALSE(int,int):org.apache.commons.lang3.StringUtils@substringBeforeLast(java.lang.String,java.lang.String):2151:84136:pos == INDEX_NOT_FOUND |==> false
736:LVR:0:POS:org.apache.commons.lang3.StringUtils@substringBeforeLast(java.lang.String,java.lang.String):2154:84221:0 |==> 1
737:LVR:0:NEG:org.apache.commons.lang3.StringUtils@substringBeforeLast(java.lang.String,java.lang.String):2154:84221:0 |==> -1
738:COR:<METHOD_INVOCATION(boolean)>:FALSE:org.apache.commons.lang3.StringUtils@substringAfterLast(java.lang.String,java.lang.String):2187:85638:isEmpty(str) |==> false
739:COR:<METHOD_INVOCATION(boolean)>:TRUE:org.apache.commons.lang3.StringUtils@substringAfterLast(java.lang.String,java.lang.String):2187:85638:isEmpty(str) |==> true
740:COR:<METHOD_INVOCATION(boolean)>:FALSE:org.apache.commons.lang3.StringUtils@substringAfterLast(java.lang.String,java.lang.String):2190:85700:isEmpty(separator) |==> false
741:COR:<METHOD_INVOCATION(boolean)>:TRUE:org.apache.commons.lang3.StringUtils@substringAfterLast(java.lang.String,java.lang.String):2190:85700:isEmpty(separator) |==> true
742:ROR:==(int,int):<=(int,int):org.apache.commons.lang3.StringUtils@substringAfterLast(java.lang.String,java.lang.String):2194:85809:pos == INDEX_NOT_FOUND |==> pos <= INDEX_NOT_FOUND
743:ROR:==(int,int):>=(int,int):org.apache.commons.lang3.StringUtils@substringAfterLast(java.lang.String,java.lang.String):2194:85809:pos == INDEX_NOT_FOUND |==> pos >= INDEX_NOT_FOUND
744:ROR:==(int,int):FALSE(int,int):org.apache.commons.lang3.StringUtils@substringAfterLast(java.lang.String,java.lang.String):2194:85813:pos == INDEX_NOT_FOUND |==> false
745:AOR:-(int,int):%(int,int):org.apache.commons.lang3.StringUtils@substringAfterLast(java.lang.String,java.lang.String):2194:85843:str.length() - separator.length() |==> str.length() % separator.length()
746:AOR:-(int,int):*(int,int):org.apache.commons.lang3.StringUtils@substringAfterLast(java.lang.String,java.lang.String):2194:85843:str.length() - separator.length() |==> str.length() * separator.length()
747:AOR:-(int,int):+(int,int):org.apache.commons.lang3.StringUtils@substringAfterLast(java.lang.String,java.lang.String):2194:85843:str.length() - separator.length() |==> str.length() + separator.length()
748:AOR:-(int,int):/(int,int):org.apache.commons.lang3.StringUtils@substringAfterLast(java.lang.String,java.lang.String):2194:85843:str.length() - separator.length() |==> str.length() / separator.length()
749:ROR:==(int,int):<=(int,int):org.apache.commons.lang3.StringUtils@substringAfterLast(java.lang.String,java.lang.String):2194:85835:pos == (str.length() - separator.length()) |==> pos <= (str.length() - separator.length())
750:ROR:==(int,int):>=(int,int):org.apache.commons.lang3.StringUtils@substringAfterLast(java.lang.String,java.lang.String):2194:85835:pos == (str.length() - separator.length()) |==> pos >= (str.length() - separator.length())
751:ROR:==(int,int):FALSE(int,int):org.apache.commons.lang3.StringUtils@substringAfterLast(java.lang.String,java.lang.String):2194:85839:pos == (str.length() - separator.length()) |==> false
752:COR:||(boolean,boolean):!=(boolean,boolean):org.apache.commons.lang3.StringUtils@substringAfterLast(java.lang.String,java.lang.String):2194:85809:pos == INDEX_NOT_FOUND || pos == (str.length() - separator.length()) |==> pos == INDEX_NOT_FOUND != (pos == (str.length() - separator.length()))
753:COR:||(boolean,boolean):LHS(boolean,boolean):org.apache.commons.lang3.StringUtils@substringAfterLast(java.lang.String,java.lang.String):2194:85809:pos == INDEX_NOT_FOUND || pos == (str.length() - separator.length()) |==> pos == INDEX_NOT_FOUND
754:COR:||(boolean,boolean):RHS(boolean,boolean):org.apache.commons.lang3.StringUtils@substringAfterLast(java.lang.String,java.lang.String):2194:85835:pos == INDEX_NOT_FOUND || pos == (str.length() - separator.length()) |==> pos == (str.length() - separator.length())
755:COR:||(boolean,boolean):TRUE(boolean,boolean):org.apache.commons.lang3.StringUtils@substringAfterLast(java.lang.String,java.lang.String):2194:85832:pos == INDEX_NOT_FOUND || pos == (str.length() - separator.length()) |==> true
756:AOR:+(int,int):%(int,int):org.apache.commons.lang3.StringUtils@substringAfterLast(java.lang.String,java.lang.String):2197:85946:pos + separator.length() |==> pos % separator.length()
757:AOR:+(int,int):*(int,int):org.apache.commons.lang3.StringUtils@substringAfterLast(java.lang.String,java.lang.String):2197:85946:pos + separator.length() |==> pos * separator.length()
758:AOR:+(int,int):-(int,int):org.apache.commons.lang3.StringUtils@substringAfterLast(java.lang.String,java.lang.String):2197:85946:pos + separator.length() |==> pos - separator.length()
759:AOR:+(int,int):/(int,int):org.apache.commons.lang3.StringUtils@substringAfterLast(java.lang.String,java.lang.String):2197:85946:pos + separator.length() |==> pos / separator.length()
760:ROR:==(java.lang.Object,java.lang.Object):FALSE(java.lang.Object,java.lang.Object):org.apache.commons.lang3.StringUtils@substringBetween(java.lang.String,java.lang.String,java.lang.String):2255:88496:str == null |==> false
761:ROR:==(java.lang.Object,java.lang.Object):FALSE(java.lang.Object,java.lang.Object):org.apache.commons.lang3.StringUtils@substringBetween(java.lang.String,java.lang.String,java.lang.String):2255:88512:open == null |==> false
762:COR:||(boolean,boolean):!=(boolean,boolean):org.apache.commons.lang3.StringUtils@substringBetween(java.lang.String,java.lang.String,java.lang.String):2255:88492:str == null || open == null |==> str == null != (open == null)
763:COR:||(boolean,boolean):LHS(boolean,boolean):org.apache.commons.lang3.StringUtils@substringBetween(java.lang.String,java.lang.String,java.lang.String):2255:88492:str == null || open == null |==> str == null
764:COR:||(boolean,boolean):RHS(boolean,boolean):org.apache.commons.lang3.StringUtils@substringBetween(java.lang.String,java.lang.String,java.lang.String):2255:88507:str == null || open == null |==> open == null
765:COR:||(boolean,boolean):TRUE(boolean,boolean):org.apache.commons.lang3.StringUtils@substringBetween(java.lang.String,java.lang.String,java.lang.String):2255:88504:str == null || open == null |==> true
766:ROR:==(java.lang.Object,java.lang.Object):FALSE(java.lang.Object,java.lang.Object):org.apache.commons.lang3.StringUtils@substringBetween(java.lang.String,java.lang.String,java.lang.String):2255:88529:close == null |==> false
767:COR:||(boolean,boolean):!=(boolean,boolean):org.apache.commons.lang3.StringUtils@substringBetween(java.lang.String,java.lang.String,java.lang.String):2255:88492:str == null || open == null || close == null |==> (str == null || open == null) != (close == null)
768:COR:||(boolean,boolean):LHS(boolean,boolean):org.apache.commons.lang3.StringUtils@substringBetween(java.lang.String,java.lang.String,java.lang.String):2255:88492:str == null || open == null || close == null |==> str == null || open == null
769:COR:||(boolean,boolean):RHS(boolean,boolean):org.apache.commons.lang3.StringUtils@substringBetween(java.lang.String,java.lang.String,java.lang.String):2255:88523:str == null || open == null || close == null |==> close == null
770:COR:||(boolean,boolean):TRUE(boolean,boolean):org.apache.commons.lang3.StringUtils@substringBetween(java.lang.String,java.lang.String,java.lang.String):2255:88520:str == null || open == null || close == null |==> true
771:ROR:!=(int,int):<(int,int):org.apache.commons.lang3.StringUtils@substringBetween(java.lang.String,java.lang.String,java.lang.String):2259:88626:start != INDEX_NOT_FOUND |==> start < INDEX_NOT_FOUND
772:ROR:!=(int,int):>(int,int):org.apache.commons.lang3.StringUtils@substringBetween(java.lang.String,java.lang.String,java.lang.String):2259:88626:start != INDEX_NOT_FOUND |==> start > INDEX_NOT_FOUND
773:ROR:!=(int,int):TRUE(int,int):org.apache.commons.lang3.StringUtils@substringBetween(java.lang.String,java.lang.String,java.lang.String):2259:88632:start != INDEX_NOT_FOUND |==> true
774:AOR:+(int,int):%(int,int):org.apache.commons.lang3.StringUtils@substringBetween(java.lang.String,java.lang.String,java.lang.String):2260:88695:start + open.length() |==> start % open.length()
775:AOR:+(int,int):*(int,int):org.apache.commons.lang3.StringUtils@substringBetween(java.lang.String,java.lang.String,java.lang.String):2260:88695:start + open.length() |==> start * open.length()
776:AOR:+(int,int):-(int,int):org.apache.commons.lang3.StringUtils@substringBetween(java.lang.String,java.lang.String,java.lang.String):2260:88695:start + open.length() |==> start - open.length()
777:AOR:+(int,int):/(int,int):org.apache.commons.lang3.StringUtils@substringBetween(java.lang.String,java.lang.String,java.lang.String):2260:88695:start + open.length() |==> start / open.length()
778:ROR:!=(int,int):<(int,int):org.apache.commons.lang3.StringUtils@substringBetween(java.lang.String,java.lang.String,java.lang.String):2261:88735:end != INDEX_NOT_FOUND |==> end < INDEX_NOT_FOUND
779:ROR:!=(int,int):>(int,int):org.apache.commons.lang3.StringUtils@substringBetween(java.lang.String,java.lang.String,java.lang.String):2261:88735:end != INDEX_NOT_FOUND |==> end > INDEX_NOT_FOUND
780:ROR:!=(int,int):TRUE(int,int):org.apache.commons.lang3.StringUtils@substringBetween(java.lang.String,java.lang.String,java.lang.String):2261:88739:end != INDEX_NOT_FOUND |==> true
781:AOR:+(int,int):%(int,int):org.apache.commons.lang3.StringUtils@substringBetween(java.lang.String,java.lang.String,java.lang.String):2262:88798:start + open.length() |==> start % open.length()
782:AOR:+(int,int):*(int,int):org.apache.commons.lang3.StringUtils@substringBetween(java.lang.String,java.lang.String,java.lang.String):2262:88798:start + open.length() |==> start * open.length()
783:AOR:+(int,int):-(int,int):org.apache.commons.lang3.StringUtils@substringBetween(java.lang.String,java.lang.String,java.lang.String):2262:88798:start + open.length() |==> start - open.length()
784:AOR:+(int,int):/(int,int):org.apache.commons.lang3.StringUtils@substringBetween(java.lang.String,java.lang.String,java.lang.String):2262:88798:start + open.length() |==> start / open.length()
785:ROR:==(java.lang.Object,java.lang.Object):FALSE(java.lang.Object,java.lang.Object):org.apache.commons.lang3.StringUtils@substringsBetween(java.lang.String,java.lang.String,java.lang.String):2291:90113:str == null |==> false
786:COR:||(boolean,boolean):!=(boolean,boolean):org.apache.commons.lang3.StringUtils@substringsBetween(java.lang.String,java.lang.String,java.lang.String):2291:90109:str == null || isEmpty(open) |==> str == null != isEmpty(open)
787:COR:||(boolean,boolean):LHS(boolean,boolean):org.apache.commons.lang3.StringUtils@substringsBetween(java.lang.String,java.lang.String,java.lang.String):2291:90109:str == null || isEmpty(open) |==> str == null
788:COR:||(boolean,boolean):RHS(boolean,boolean):org.apache.commons.lang3.StringUtils@substringsBetween(java.lang.String,java.lang.String,java.lang.String):2291:90124:str == null || isEmpty(open) |==> isEmpty(open)
789:COR:||(boolean,boolean):TRUE(boolean,boolean):org.apache.commons.lang3.StringUtils@substringsBetween(java.lang.String,java.lang.String,java.lang.String):2291:90121:str == null || isEmpty(open) |==> true
790:COR:||(boolean,boolean):!=(boolean,boolean):org.apache.commons.lang3.StringUtils@substringsBetween(java.lang.String,java.lang.String,java.lang.String):2291:90109:str == null || isEmpty(open) || isEmpty(close) |==> (str == null || isEmpty(open)) != isEmpty(close)
791:COR:||(boolean,boolean):LHS(boolean,boolean):org.apache.commons.lang3.StringUtils@substringsBetween(java.lang.String,java.lang.String,java.lang.String):2291:90109:str == null || isEmpty(open) || isEmpty(close) |==> str == null || isEmpty(open)
792:COR:||(boolean,boolean):RHS(boolean,boolean):org.apache.commons.lang3.StringUtils@substringsBetween(java.lang.String,java.lang.String,java.lang.String):2291:90141:str == null || isEmpty(open) || isEmpty(close) |==> isEmpty(close)
793:COR:||(boolean,boolean):TRUE(boolean,boolean):org.apache.commons.lang3.StringUtils@substringsBetween(java.lang.String,java.lang.String,java.lang.String):2291:90138:str == null || isEmpty(open) || isEmpty(close) |==> true
794:LVR:0:POS:org.apache.commons.lang3.StringUtils@substringsBetween(java.lang.String,java.lang.String,java.lang.String):2295:90251:0 |==> 1
795:LVR:0:NEG:org.apache.commons.lang3.StringUtils@substringsBetween(java.lang.String,java.lang.String,java.lang.String):2295:90251:0 |==> -1
796:ROR:==(int,int):<=(int,int):org.apache.commons.lang3.StringUtils@substringsBetween(java.lang.String,java.lang.String,java.lang.String):2295:90241:strLen == 0 |==> strLen <= 0
797:ROR:==(int,int):>=(int,int):org.apache.commons.lang3.StringUtils@substringsBetween(java.lang.String,java.lang.String,java.lang.String):2295:90241:strLen == 0 |==> strLen >= 0
798:ROR:==(int,int):FALSE(int,int):org.apache.commons.lang3.StringUtils@substringsBetween(java.lang.String,java.lang.String,java.lang.String):2295:90248:strLen == 0 |==> false
799:LVR:0:POS:org.apache.commons.lang3.StringUtils@substringsBetween(java.lang.String,java.lang.String,java.lang.String):2301:90463:0 |==> 1
800:LVR:0:NEG:org.apache.commons.lang3.StringUtils@substringsBetween(java.lang.String,java.lang.String,java.lang.String):2301:90463:0 |==> -1
801:AOR:-(int,int):%(int,int):org.apache.commons.lang3.StringUtils@substringsBetween(java.lang.String,java.lang.String,java.lang.String):2302:90488:strLen - closeLen |==> strLen % closeLen
802:AOR:-(int,int):*(int,int):org.apache.commons.lang3.StringUtils@substringsBetween(java.lang.String,java.lang.String,java.lang.String):2302:90488:strLen - closeLen |==> strLen * closeLen
803:AOR:-(int,int):+(int,int):org.apache.commons.lang3.StringUtils@substringsBetween(java.lang.String,java.lang.String,java.lang.String):2302:90488:strLen - closeLen |==> strLen + closeLen
804:AOR:-(int,int):/(int,int):org.apache.commons.lang3.StringUtils@substringsBetween(java.lang.String,java.lang.String,java.lang.String):2302:90488:strLen - closeLen |==> strLen / closeLen
805:ROR:<(int,int):!=(int,int):org.apache.commons.lang3.StringUtils@substringsBetween(java.lang.String,java.lang.String,java.lang.String):2302:90481:pos < (strLen - closeLen) |==> pos != (strLen - closeLen)
806:ROR:<(int,int):<=(int,int):org.apache.commons.lang3.StringUtils@substringsBetween(java.lang.String,java.lang.String,java.lang.String):2302:90481:pos < (strLen - closeLen) |==> pos <= (strLen - closeLen)
807:ROR:<(int,int):FALSE(int,int):org.apache.commons.lang3.StringUtils@substringsBetween(java.lang.String,java.lang.String,java.lang.String):2302:90485:pos < (strLen - closeLen) |==> false
808:LVR:0:POS:org.apache.commons.lang3.StringUtils@substringsBetween(java.lang.String,java.lang.String,java.lang.String):2304:90582:0 |==> 1
809:LVR:0:NEG:org.apache.commons.lang3.StringUtils@substringsBetween(java.lang.String,java.lang.String,java.lang.String):2304:90582:0 |==> -1
810:ROR:<(int,int):!=(int,int):org.apache.commons.lang3.StringUtils@substringsBetween(java.lang.String,java.lang.String,java.lang.String):2304:90574:start < 0 |==> start != 0
811:ROR:<(int,int):<=(int,int):org.apache.commons.lang3.StringUtils@substringsBetween(java.lang.String,java.lang.String,java.lang.String):2304:90574:start < 0 |==> start <= 0
812:ROR:<(int,int):FALSE(int,int):org.apache.commons.lang3.StringUtils@substringsBetween(java.lang.String,java.lang.String,java.lang.String):2304:90580:start < 0 |==> false
813:STD:<ASSIGN>:<NO-OP>:org.apache.commons.lang3.StringUtils@substringsBetween(java.lang.String,java.lang.String,java.lang.String):2307:90636:start += openLen; |==> <NO-OP>
814:LVR:0:POS:org.apache.commons.lang3.StringUtils@substringsBetween(java.lang.String,java.lang.String,java.lang.String):2309:90725:0 |==> 1
815:LVR:0:NEG:org.apache.commons.lang3.StringUtils@substringsBetween(java.lang.String,java.lang.String,java.lang.String):2309:90725:0 |==> -1
816:ROR:<(int,int):!=(int,int):org.apache.commons.lang3.StringUtils@substringsBetween(java.lang.String,java.lang.String,java.lang.String):2309:90719:end < 0 |==> end != 0
817:ROR:<(int,int):<=(int,int):org.apache.commons.lang3.StringUtils@substringsBetween(java.lang.String,java.lang.String,java.lang.String):2309:90719:end < 0 |==> end <= 0
818:ROR:<(int,int):FALSE(int,int):org.apache.commons.lang3.StringUtils@substringsBetween(java.lang.String,java.lang.String,java.lang.String):2309:90723:end < 0 |==> false
819:STD:<CALL>:<NO-OP>:org.apache.commons.lang3.StringUtils@substringsBetween(java.lang.String,java.lang.String,java.lang.String):2312:90779:list.add(str.substring(start, end)); |==> <NO-OP>
820:AOR:+(int,int):%(int,int):org.apache.commons.lang3.StringUtils@substringsBetween(java.lang.String,java.lang.String,java.lang.String):2313:90834:end + closeLen |==> end % closeLen
821:AOR:+(int,int):*(int,int):org.apache.commons.lang3.StringUtils@substringsBetween(java.lang.String,java.lang.String,java.lang.String):2313:90834:end + closeLen |==> end * closeLen
822:AOR:+(int,int):-(int,int):org.apache.commons.lang3.StringUtils@substringsBetween(java.lang.String,java.lang.String,java.lang.String):2313:90834:end + closeLen |==> end - closeLen
823:AOR:+(int,int):/(int,int):org.apache.commons.lang3.StringUtils@substringsBetween(java.lang.String,java.lang.String,java.lang.String):2313:90834:end + closeLen |==> end / closeLen
824:STD:<ASSIGN>:<NO-OP>:org.apache.commons.lang3.StringUtils@substringsBetween(java.lang.String,java.lang.String,java.lang.String):2313:90828:pos = end + closeLen; |==> <NO-OP>
825:COR:<METHOD_INVOCATION(boolean)>:FALSE:org.apache.commons.lang3.StringUtils@substringsBetween(java.lang.String,java.lang.String,java.lang.String):2315:90884:list.isEmpty() |==> false
826:COR:<METHOD_INVOCATION(boolean)>:TRUE:org.apache.commons.lang3.StringUtils@substringsBetween(java.lang.String,java.lang.String,java.lang.String):2315:90884:list.isEmpty() |==> true
827:LVR:NEG:0:org.apache.commons.lang3.StringUtils@split(java.lang.String):2349:92150:-1 |==> 0
828:LVR:NEG:POS:org.apache.commons.lang3.StringUtils@split(java.lang.String):2349:92150:-1 |==> 1
829:LVR:FALSE:TRUE:org.apache.commons.lang3.StringUtils@split(java.lang.String,char):2377:93297:false |==> true
830:LVR:NEG:0:org.apache.commons.lang3.StringUtils@split(java.lang.String,java.lang.String):2406:94555:-1 |==> 0
831:LVR:NEG:POS:org.apache.commons.lang3.StringUtils@split(java.lang.String,java.lang.String):2406:94555:-1 |==> 1
832:LVR:FALSE:TRUE:org.apache.commons.lang3.StringUtils@split(java.lang.String,java.lang.String):2406:94559:false |==> true
833:LVR:FALSE:TRUE:org.apache.commons.lang3.StringUtils@split(java.lang.String,java.lang.String,int):2440:96141:false |==> true
834:LVR:NEG:0:org.apache.commons.lang3.StringUtils@splitByWholeSeparator(java.lang.String,java.lang.String):2467:97468:-1 |==> 0
835:LVR:NEG:POS:org.apache.commons.lang3.StringUtils@splitByWholeSeparator(java.lang.String,java.lang.String):2467:97468:-1 |==> 1
836:LVR:FALSE:TRUE:org.apache.commons.lang3.StringUtils@splitByWholeSeparator(java.lang.String,java.lang.String):2467:97472:false |==> true
837:LVR:FALSE:TRUE:org.apache.commons.lang3.StringUtils@splitByWholeSeparator(java.lang.String,java.lang.String,int):2498:99110:false |==> true
838:LVR:NEG:0:org.apache.commons.lang3.StringUtils@splitByWholeSeparatorPreserveAllTokens(java.lang.String,java.lang.String):2527:100655:-1 |==> 0
839:LVR:NEG:POS:org.apache.commons.lang3.StringUtils@splitByWholeSeparatorPreserveAllTokens(java.lang.String,java.lang.String):2527:100655:-1 |==> 1
840:LVR:TRUE:FALSE:org.apache.commons.lang3.StringUtils@splitByWholeSeparatorPreserveAllTokens(java.lang.String,java.lang.String):2527:100659:true |==> false
841:LVR:TRUE:FALSE:org.apache.commons.lang3.StringUtils@splitByWholeSeparatorPreserveAllTokens(java.lang.String,java.lang.String,int):2560:102527:true |==> false
842:ROR:==(java.lang.Object,java.lang.Object):FALSE(java.lang.Object,java.lang.Object):org.apache.commons.lang3.StringUtils@splitByWholeSeparatorWorker(java.lang.String,java.lang.String,int,boolean):2580:103489:str == null |==> false
843:LVR:0:POS:org.apache.commons.lang3.StringUtils@splitByWholeSeparatorWorker(java.lang.String,java.lang.String,int,boolean):2586:103588:0 |==> 1
844:LVR:0:NEG:org.apache.commons.lang3.StringUtils@splitByWholeSeparatorWorker(java.lang.String,java.lang.String,int,boolean):2586:103588:0 |==> -1
845:ROR:==(int,int):<=(int,int):org.apache.commons.lang3.StringUtils@splitByWholeSeparatorWorker(java.lang.String,java.lang.String,int,boolean):2586:103581:len == 0 |==> len <= 0
846:ROR:==(int,int):>=(int,int):org.apache.commons.lang3.StringUtils@splitByWholeSeparatorWorker(java.lang.String,java.lang.String,int,boolean):2586:103581:len == 0 |==> len >= 0
847:ROR:==(int,int):FALSE(int,int):org.apache.commons.lang3.StringUtils@splitByWholeSeparatorWorker(java.lang.String,java.lang.String,int,boolean):2586:103585:len == 0 |==> false
848:ROR:==(java.lang.Object,java.lang.Object):FALSE(java.lang.Object,java.lang.Object):org.apache.commons.lang3.StringUtils@splitByWholeSeparatorWorker(java.lang.String,java.lang.String,int,boolean):2590:103677:separator == null |==> false
849:COR:||(boolean,boolean):!=(boolean,boolean):org.apache.commons.lang3.StringUtils@splitByWholeSeparatorWorker(java.lang.String,java.lang.String,int,boolean):2590:103666:(separator == null) || (EMPTY.equals(separator)) |==> (separator == null) != (EMPTY.equals(separator))
850:COR:||(boolean,boolean):LHS(boolean,boolean):org.apache.commons.lang3.StringUtils@splitByWholeSeparatorWorker(java.lang.String,java.lang.String,int,boolean):2590:103666:(separator == null) || (EMPTY.equals(separator)) |==> (separator == null)
851:COR:||(boolean,boolean):RHS(boolean,boolean):org.apache.commons.lang3.StringUtils@splitByWholeSeparatorWorker(java.lang.String,java.lang.String,int,boolean):2590:103689:(separator == null) || (EMPTY.equals(separator)) |==> (EMPTY.equals(separator))
852:COR:||(boolean,boolean):TRUE(boolean,boolean):org.apache.commons.lang3.StringUtils@splitByWholeSeparatorWorker(java.lang.String,java.lang.String,int,boolean):2590:103686:(separator == null) || (EMPTY.equals(separator)) |==> true
853:LVR:0:POS:org.apache.commons.lang3.StringUtils@splitByWholeSeparatorWorker(java.lang.String,java.lang.String,int,boolean):2598:103980:0 |==> 1
854:LVR:0:NEG:org.apache.commons.lang3.StringUtils@splitByWholeSeparatorWorker(java.lang.String,java.lang.String,int,boolean):2598:103980:0 |==> -1
855:LVR:0:POS:org.apache.commons.lang3.StringUtils@splitByWholeSeparatorWorker(java.lang.String,java.lang.String,int,boolean):2599:104001:0 |==> 1
856:LVR:0:NEG:org.apache.commons.lang3.StringUtils@splitByWholeSeparatorWorker(java.lang.String,java.lang.String,int,boolean):2599:104001:0 |==> -1
857:LVR:0:POS:org.apache.commons.lang3.StringUtils@splitByWholeSeparatorWorker(java.lang.String,java.lang.String,int,boolean):2600:104022:0 |==> 1
858:LVR:0:NEG:org.apache.commons.lang3.StringUtils@splitByWholeSeparatorWorker(java.lang.String,java.lang.String,int,boolean):2600:104022:0 |==> -1
859:ROR:<(int,int):!=(int,int):org.apache.commons.lang3.StringUtils@splitByWholeSeparatorWorker(java.lang.String,java.lang.String,int,boolean):2601:104040:end < len |==> end != len
860:ROR:<(int,int):<=(int,int):org.apache.commons.lang3.StringUtils@splitByWholeSeparatorWorker(java.lang.String,java.lang.String,int,boolean):2601:104040:end < len |==> end <= len
861:ROR:<(int,int):FALSE(int,int):org.apache.commons.lang3.StringUtils@splitByWholeSeparatorWorker(java.lang.String,java.lang.String,int,boolean):2601:104044:end < len |==> false
862:STD:<ASSIGN>:<NO-OP>:org.apache.commons.lang3.StringUtils@splitByWholeSeparatorWorker(java.lang.String,java.lang.String,int,boolean):2602:104065:end = str.indexOf(separator, beg); |==> <NO-OP>
863:LVR:NEG:0:org.apache.commons.lang3.StringUtils@splitByWholeSeparatorWorker(java.lang.String,java.lang.String,int,boolean):2604:104123:-1 |==> 0
864:LVR:NEG:POS:org.apache.commons.lang3.StringUtils@splitByWholeSeparatorWorker(java.lang.String,java.lang.String,int,boolean):2604:104123:-1 |==> 1
865:ROR:>(int,int):!=(int,int):org.apache.commons.lang3.StringUtils@splitByWholeSeparatorWorker(java.lang.String,java.lang.String,int,boolean):2604:104117:end > -1 |==> end != -1
866:ROR:>(int,int):>=(int,int):org.apache.commons.lang3.StringUtils@splitByWholeSeparatorWorker(java.lang.String,java.lang.String,int,boolean):2604:104117:end > -1 |==> end >= -1
867:ROR:>(int,int):FALSE(int,int):org.apache.commons.lang3.StringUtils@splitByWholeSeparatorWorker(java.lang.String,java.lang.String,int,boolean):2604:104121:end > -1 |==> false
868:ROR:>(int,int):!=(int,int):org.apache.commons.lang3.StringUtils@splitByWholeSeparatorWorker(java.lang.String,java.lang.String,int,boolean):2605:104149:end > beg |==> end != beg
869:ROR:>(int,int):>=(int,int):org.apache.commons.lang3.StringUtils@splitByWholeSeparatorWorker(java.lang.String,java.lang.String,int,boolean):2605:104149:end > beg |==> end >= beg
870:ROR:>(int,int):FALSE(int,int):org.apache.commons.lang3.StringUtils@splitByWholeSeparatorWorker(java.lang.String,java.lang.String,int,boolean):2605:104153:end > beg |==> false
871:LVR:POS:0:org.apache.commons.lang3.StringUtils@splitByWholeSeparatorWorker(java.lang.String,java.lang.String,int,boolean):2606:104204:1 |==> 0
872:LVR:POS:NEG:org.apache.commons.lang3.StringUtils@splitByWholeSeparatorWorker(java.lang.String,java.lang.String,int,boolean):2606:104204:1 |==> -1
873:STD:<ASSIGN>:<NO-OP>:org.apache.commons.lang3.StringUtils@splitByWholeSeparatorWorker(java.lang.String,java.lang.String,int,boolean):2606:104182:numberOfSubstrings += 1; |==> <NO-OP>
874:ROR:==(int,int):<=(int,int):org.apache.commons.lang3.StringUtils@splitByWholeSeparatorWorker(java.lang.String,java.lang.String,int,boolean):2608:104232:numberOfSubstrings == max |==> numberOfSubstrings <= max
875:ROR:==(int,int):>=(int,int):org.apache.commons.lang3.StringUtils@splitByWholeSeparatorWorker(java.lang.String,java.lang.String,int,boolean):2608:104232:numberOfSubstrings == max |==> numberOfSubstrings >= max
876:ROR:==(int,int):FALSE(int,int):org.apache.commons.lang3.StringUtils@splitByWholeSeparatorWorker(java.lang.String,java.lang.String,int,boolean):2608:104251:numberOfSubstrings == max |==> false
877:STD:<ASSIGN>:<NO-OP>:org.apache.commons.lang3.StringUtils@splitByWholeSeparatorWorker(java.lang.String,java.lang.String,int,boolean):2609:104285:end = len; |==> <NO-OP>
878:STD:<CALL>:<NO-OP>:org.apache.commons.lang3.StringUtils@splitByWholeSeparatorWorker(java.lang.String,java.lang.String,int,boolean):2610:104320:substrings.add(str.substring(beg)); |==> <NO-OP>
879:STD:<CALL>:<NO-OP>:org.apache.commons.lang3.StringUtils@splitByWholeSeparatorWorker(java.lang.String,java.lang.String,int,boolean):2614:104567:substrings.add(str.substring(beg, end)); |==> <NO-OP>
880:AOR:+(int,int):%(int,int):org.apache.commons.lang3.StringUtils@splitByWholeSeparatorWorker(java.lang.String,java.lang.String,int,boolean):2619:104866:end + separatorLength |==> end % separatorLength
881:AOR:+(int,int):*(int,int):org.apache.commons.lang3.StringUtils@splitByWholeSeparatorWorker(java.lang.String,java.lang.String,int,boolean):2619:104866:end + separatorLength |==> end * separatorLength
882:AOR:+(int,int):-(int,int):org.apache.commons.lang3.StringUtils@splitByWholeSeparatorWorker(java.lang.String,java.lang.String,int,boolean):2619:104866:end + separatorLength |==> end - separatorLength
883:AOR:+(int,int):/(int,int):org.apache.commons.lang3.StringUtils@splitByWholeSeparatorWorker(java.lang.String,java.lang.String,int,boolean):2619:104866:end + separatorLength |==> end / separatorLength
884:STD:<ASSIGN>:<NO-OP>:org.apache.commons.lang3.StringUtils@splitByWholeSeparatorWorker(java.lang.String,java.lang.String,int,boolean):2619:104860:beg = end + separatorLength; |==> <NO-OP>
885:COR:<IDENTIFIER(boolean)>:FALSE:org.apache.commons.lang3.StringUtils@splitByWholeSeparatorWorker(java.lang.String,java.lang.String,int,boolean):2623:105047:preserveAllTokens |==> false
886:COR:<IDENTIFIER(boolean)>:TRUE:org.apache.commons.lang3.StringUtils@splitByWholeSeparatorWorker(java.lang.String,java.lang.String,int,boolean):2623:105047:preserveAllTokens |==> true
887:LVR:POS:0:org.apache.commons.lang3.StringUtils@splitByWholeSeparatorWorker(java.lang.String,java.lang.String,int,boolean):2624:105114:1 |==> 0
888:LVR:POS:NEG:org.apache.commons.lang3.StringUtils@splitByWholeSeparatorWorker(java.lang.String,java.lang.String,int,boolean):2624:105114:1 |==> -1
889:STD:<ASSIGN>:<NO-OP>:org.apache.commons.lang3.StringUtils@splitByWholeSeparatorWorker(java.lang.String,java.lang.String,int,boolean):2624:105092:numberOfSubstrings += 1; |==> <NO-OP>
890:ROR:==(int,int):<=(int,int):org.apache.commons.lang3.StringUtils@splitByWholeSeparatorWorker(java.lang.String,java.lang.String,int,boolean):2625:105145:numberOfSubstrings == max |==> numberOfSubstrings <= max
891:ROR:==(int,int):>=(int,int):org.apache.commons.lang3.StringUtils@splitByWholeSeparatorWorker(java.lang.String,java.lang.String,int,boolean):2625:105145:numberOfSubstrings == max |==> numberOfSubstrings >= max
892:ROR:==(int,int):FALSE(int,int):org.apache.commons.lang3.StringUtils@splitByWholeSeparatorWorker(java.lang.String,java.lang.String,int,boolean):2625:105164:numberOfSubstrings == max |==> false
893:STD:<ASSIGN>:<NO-OP>:org.apache.commons.lang3.StringUtils@splitByWholeSeparatorWorker(java.lang.String,java.lang.String,int,boolean):2626:105202:end = len; |==> <NO-OP>
894:STD:<CALL>:<NO-OP>:org.apache.commons.lang3.StringUtils@splitByWholeSeparatorWorker(java.lang.String,java.lang.String,int,boolean):2627:105241:substrings.add(str.substring(beg)); |==> <NO-OP>
895:STD:<CALL>:<NO-OP>:org.apache.commons.lang3.StringUtils@splitByWholeSeparatorWorker(java.lang.String,java.lang.String,int,boolean):2629:105338:substrings.add(EMPTY); |==> <NO-OP>
896:AOR:+(int,int):%(int,int):org.apache.commons.lang3.StringUtils@splitByWholeSeparatorWorker(java.lang.String,java.lang.String,int,boolean):2632:105435:end + separatorLength |==> end % separatorLength
897:AOR:+(int,int):*(int,int):org.apache.commons.lang3.StringUtils@splitByWholeSeparatorWorker(java.lang.String,java.lang.String,int,boolean):2632:105435:end + separatorLength |==> end * separatorLength
898:AOR:+(int,int):-(int,int):org.apache.commons.lang3.StringUtils@splitByWholeSeparatorWorker(java.lang.String,java.lang.String,int,boolean):2632:105435:end + separatorLength |==> end - separatorLength
899:AOR:+(int,int):/(int,int):org.apache.commons.lang3.StringUtils@splitByWholeSeparatorWorker(java.lang.String,java.lang.String,int,boolean):2632:105435:end + separatorLength |==> end / separatorLength
900:STD:<ASSIGN>:<NO-OP>:org.apache.commons.lang3.StringUtils@splitByWholeSeparatorWorker(java.lang.String,java.lang.String,int,boolean):2632:105429:beg = end + separatorLength; |==> <NO-OP>
901:STD:<CALL>:<NO-OP>:org.apache.commons.lang3.StringUtils@splitByWholeSeparatorWorker(java.lang.String,java.lang.String,int,boolean):2636:105598:substrings.add(str.substring(beg)); |==> <NO-OP>
902:STD:<ASSIGN>:<NO-OP>:org.apache.commons.lang3.StringUtils@splitByWholeSeparatorWorker(java.lang.String,java.lang.String,int,boolean):2637:105650:end = len; |==> <NO-OP>
903:LVR:NEG:0:org.apache.commons.lang3.StringUtils@splitPreserveAllTokens(java.lang.String):2670:107101:-1 |==> 0
904:LVR:NEG:POS:org.apache.commons.lang3.StringUtils@splitPreserveAllTokens(java.lang.String):2670:107101:-1 |==> 1
905:LVR:TRUE:FALSE:org.apache.commons.lang3.StringUtils@splitPreserveAllTokens(java.lang.String):2670:107105:true |==> false
906:LVR:TRUE:FALSE:org.apache.commons.lang3.StringUtils@splitPreserveAllTokens(java.lang.String,char):2706:109029:true |==> false
907:ROR:==(java.lang.Object,java.lang.Object):FALSE(java.lang.Object,java.lang.Object):org.apache.commons.lang3.StringUtils@splitWorker(java.lang.String,char,boolean):2724:109787:str == null |==> false
908:LVR:0:POS:org.apache.commons.lang3.StringUtils@splitWorker(java.lang.String,char,boolean):2728:109884:0 |==> 1
909:LVR:0:NEG:org.apache.commons.lang3.StringUtils@splitWorker(java.lang.String,char,boolean):2728:109884:0 |==> -1
910:ROR:==(int,int):<=(int,int):org.apache.commons.lang3.StringUtils@splitWorker(java.lang.String,char,boolean):2728:109877:len == 0 |==> len <= 0
911:ROR:==(int,int):>=(int,int):org.apache.commons.lang3.StringUtils@splitWorker(java.lang.String,char,boolean):2728:109877:len == 0 |==> len >= 0
912:ROR:==(int,int):FALSE(int,int):org.apache.commons.lang3.StringUtils@splitWorker(java.lang.String,char,boolean):2728:109881:len == 0 |==> false
913:LVR:0:POS:org.apache.commons.lang3.StringUtils@splitWorker(java.lang.String,char,boolean):2732:110018:0 |==> 1
914:LVR:0:NEG:org.apache.commons.lang3.StringUtils@splitWorker(java.lang.String,char,boolean):2732:110018:0 |==> -1
915:LVR:0:POS:org.apache.commons.lang3.StringUtils@splitWorker(java.lang.String,char,boolean):2732:110029:0 |==> 1
916:LVR:0:NEG:org.apache.commons.lang3.StringUtils@splitWorker(java.lang.String,char,boolean):2732:110029:0 |==> -1
917:LVR:FALSE:TRUE:org.apache.commons.lang3.StringUtils@splitWorker(java.lang.String,char,boolean):2733:110056:false |==> true
918:LVR:FALSE:TRUE:org.apache.commons.lang3.StringUtils@splitWorker(java.lang.String,char,boolean):2734:110091:false |==> true
919:ROR:<(int,int):!=(int,int):org.apache.commons.lang3.StringUtils@splitWorker(java.lang.String,char,boolean):2735:110113:i < len |==> i != len
920:ROR:<(int,int):<=(int,int):org.apache.commons.lang3.StringUtils@splitWorker(java.lang.String,char,boolean):2735:110113:i < len |==> i <= len
921:ROR:<(int,int):FALSE(int,int):org.apache.commons.lang3.StringUtils@splitWorker(java.lang.String,char,boolean):2735:110115:i < len |==> false
922:ROR:==(int,int):<=(int,int):org.apache.commons.lang3.StringUtils@splitWorker(java.lang.String,char,boolean):2736:110140:str.charAt(i) == separatorChar |==> str.charAt(i) <= separatorChar
923:ROR:==(int,int):>=(int,int):org.apache.commons.lang3.StringUtils@splitWorker(java.lang.String,char,boolean):2736:110140:str.charAt(i) == separatorChar |==> str.charAt(i) >= separatorChar
924:ROR:==(int,int):FALSE(int,int):org.apache.commons.lang3.StringUtils@splitWorker(java.lang.String,char,boolean):2736:110154:str.charAt(i) == separatorChar |==> false
925:COR:||(boolean,boolean):!=(boolean,boolean):org.apache.commons.lang3.StringUtils@splitWorker(java.lang.String,char,boolean):2737:110194:match || preserveAllTokens |==> match != preserveAllTokens
926:COR:||(boolean,boolean):LHS(boolean,boolean):org.apache.commons.lang3.StringUtils@splitWorker(java.lang.String,char,boolean):2737:110194:match || preserveAllTokens |==> match
927:COR:||(boolean,boolean):RHS(boolean,boolean):org.apache.commons.lang3.StringUtils@splitWorker(java.lang.String,char,boolean):2737:110203:match || preserveAllTokens |==> preserveAllTokens
928:COR:||(boolean,boolean):TRUE(boolean,boolean):org.apache.commons.lang3.StringUtils@splitWorker(java.lang.String,char,boolean):2737:110200:match || preserveAllTokens |==> true
929:STD:<CALL>:<NO-OP>:org.apache.commons.lang3.StringUtils@splitWorker(java.lang.String,char,boolean):2738:110244:list.add(str.substring(start, i)); |==> <NO-OP>
930:LVR:FALSE:TRUE:org.apache.commons.lang3.StringUtils@splitWorker(java.lang.String,char,boolean):2739:110307:false |==> true
931:STD:<ASSIGN>:<NO-OP>:org.apache.commons.lang3.StringUtils@splitWorker(java.lang.String,char,boolean):2739:110299:match = false; |==> <NO-OP>
932:LVR:TRUE:FALSE:org.apache.commons.lang3.StringUtils@splitWorker(java.lang.String,char,boolean):2740:110346:true |==> false
933:STD:<ASSIGN>:<NO-OP>:org.apache.commons.lang3.StringUtils@splitWorker(java.lang.String,char,boolean):2740:110334:lastMatch = true; |==> <NO-OP>
934:STD:<ASSIGN>:<NO-OP>:org.apache.commons.lang3.StringUtils@splitWorker(java.lang.String,char,boolean):2742:110386:start = ++i; |==> <NO-OP>
935:LVR:FALSE:TRUE:org.apache.commons.lang3.StringUtils@splitWorker(java.lang.String,char,boolean):2745:110463:false |==> true
936:STD:<ASSIGN>:<NO-OP>:org.apache.commons.lang3.StringUtils@splitWorker(java.lang.String,char,boolean):2745:110451:lastMatch = false; |==> <NO-OP>
937:LVR:TRUE:FALSE:org.apache.commons.lang3.StringUtils@splitWorker(java.lang.String,char,boolean):2746:110490:true |==> false
938:STD:<ASSIGN>:<NO-OP>:org.apache.commons.lang3.StringUtils@splitWorker(java.lang.String,char,boolean):2746:110482:match = true; |==> <NO-OP>
939:STD:<INC>:<NO-OP>:org.apache.commons.lang3.StringUtils@splitWorker(java.lang.String,char,boolean):2747:110508:i++; |==> <NO-OP>
940:COR:&&(boolean,boolean):==(boolean,boolean):org.apache.commons.lang3.StringUtils@splitWorker(java.lang.String,char,boolean):2749:110545:preserveAllTokens && lastMatch |==> preserveAllTokens == lastMatch
941:COR:&&(boolean,boolean):FALSE(boolean,boolean):org.apache.commons.lang3.StringUtils@splitWorker(java.lang.String,char,boolean):2749:110563:preserveAllTokens && lastMatch |==> false
942:COR:&&(boolean,boolean):LHS(boolean,boolean):org.apache.commons.lang3.StringUtils@splitWorker(java.lang.String,char,boolean):2749:110545:preserveAllTokens && lastMatch |==> preserveAllTokens
943:COR:&&(boolean,boolean):RHS(boolean,boolean):org.apache.commons.lang3.StringUtils@splitWorker(java.lang.String,char,boolean):2749:110566:preserveAllTokens && lastMatch |==> lastMatch
944:COR:||(boolean,boolean):!=(boolean,boolean):org.apache.commons.lang3.StringUtils@splitWorker(java.lang.String,char,boolean):2749:110535:match || (preserveAllTokens && lastMatch) |==> match != (preserveAllTokens && lastMatch)
945:COR:||(boolean,boolean):LHS(boolean,boolean):org.apache.commons.lang3.StringUtils@splitWorker(java.lang.String,char,boolean):2749:110535:match || (preserveAllTokens && lastMatch) |==> match
946:COR:||(boolean,boolean):RHS(boolean,boolean):org.apache.commons.lang3.StringUtils@splitWorker(java.lang.String,char,boolean):2749:110544:match || (preserveAllTokens && lastMatch) |==> (preserveAllTokens && lastMatch)
947:COR:||(boolean,boolean):TRUE(boolean,boolean):org.apache.commons.lang3.StringUtils@splitWorker(java.lang.String,char,boolean):2749:110541:match || (preserveAllTokens && lastMatch) |==> true
948:STD:<CALL>:<NO-OP>:org.apache.commons.lang3.StringUtils@splitWorker(java.lang.String,char,boolean):2750:110592:list.add(str.substring(start, i)); |==> <NO-OP>
949:LVR:NEG:0:org.apache.commons.lang3.StringUtils@splitPreserveAllTokens(java.lang.String,java.lang.String):2789:112712:-1 |==> 0
950:LVR:NEG:POS:org.apache.commons.lang3.StringUtils@splitPreserveAllTokens(java.lang.String,java.lang.String):2789:112712:-1 |==> 1
951:LVR:TRUE:FALSE:org.apache.commons.lang3.StringUtils@splitPreserveAllTokens(java.lang.String,java.lang.String):2789:112716:true |==> false
952:LVR:TRUE:FALSE:org.apache.commons.lang3.StringUtils@splitPreserveAllTokens(java.lang.String,java.lang.String,int):2829:114868:true |==> false
953:ROR:==(java.lang.Object,java.lang.Object):FALSE(java.lang.Object,java.lang.Object):org.apache.commons.lang3.StringUtils@splitWorker(java.lang.String,java.lang.String,int,boolean):2851:115882:str == null |==> false
954:LVR:0:POS:org.apache.commons.lang3.StringUtils@splitWorker(java.lang.String,java.lang.String,int,boolean):2855:115979:0 |==> 1
955:LVR:0:NEG:org.apache.commons.lang3.StringUtils@splitWorker(java.lang.String,java.lang.String,int,boolean):2855:115979:0 |==> -1
956:ROR:==(int,int):<=(int,int):org.apache.commons.lang3.StringUtils@splitWorker(java.lang.String,java.lang.String,int,boolean):2855:115972:len == 0 |==> len <= 0
957:ROR:==(int,int):>=(int,int):org.apache.commons.lang3.StringUtils@splitWorker(java.lang.String,java.lang.String,int,boolean):2855:115972:len == 0 |==> len >= 0
958:ROR:==(int,int):FALSE(int,int):org.apache.commons.lang3.StringUtils@splitWorker(java.lang.String,java.lang.String,int,boolean):2855:115976:len == 0 |==> false
959:LVR:POS:0:org.apache.commons.lang3.StringUtils@splitWorker(java.lang.String,java.lang.String,int,boolean):2859:116121:1 |==> 0
960:LVR:POS:NEG:org.apache.commons.lang3.StringUtils@splitWorker(java.lang.String,java.lang.String,int,boolean):2859:116121:1 |==> -1
961:LVR:0:POS:org.apache.commons.lang3.StringUtils@splitWorker(java.lang.String,java.lang.String,int,boolean):2860:116140:0 |==> 1
962:LVR:0:NEG:org.apache.commons.lang3.StringUtils@splitWorker(java.lang.String,java.lang.String,int,boolean):2860:116140:0 |==> -1
963:LVR:0:POS:org.apache.commons.lang3.StringUtils@splitWorker(java.lang.String,java.lang.String,int,boolean):2860:116151:0 |==> 1
964:LVR:0:NEG:org.apache.commons.lang3.StringUtils@splitWorker(java.lang.String,java.lang.String,int,boolean):2860:116151:0 |==> -1
965:LVR:FALSE:TRUE:org.apache.commons.lang3.StringUtils@splitWorker(java.lang.String,java.lang.String,int,boolean):2861:116178:false |==> true
966:LVR:FALSE:TRUE:org.apache.commons.lang3.StringUtils@splitWorker(java.lang.String,java.lang.String,int,boolean):2862:116213:false |==> true
967:ROR:==(java.lang.Object,java.lang.Object):FALSE(java.lang.Object,java.lang.Object):org.apache.commons.lang3.StringUtils@splitWorker(java.lang.String,java.lang.String,int,boolean):2863:116247:separatorChars == null |==> false
968:ROR:<(int,int):!=(int,int):org.apache.commons.lang3.StringUtils@splitWorker(java.lang.String,java.lang.String,int,boolean):2865:116328:i < len |==> i != len
969:ROR:<(int,int):<=(int,int):org.apache.commons.lang3.StringUtils@splitWorker(java.lang.String,java.lang.String,int,boolean):2865:116328:i < len |==> i <= len
970:ROR:<(int,int):FALSE(int,int):org.apache.commons.lang3.StringUtils@splitWorker(java.lang.String,java.lang.String,int,boolean):2865:116330:i < len |==> false
971:COR:<METHOD_INVOCATION(boolean)>:FALSE:org.apache.commons.lang3.StringUtils@splitWorker(java.lang.String,java.lang.String,int,boolean):2866:116381:Character.isWhitespace(str.charAt(i)) |==> false
972:COR:<METHOD_INVOCATION(boolean)>:TRUE:org.apache.commons.lang3.StringUtils@splitWorker(java.lang.String,java.lang.String,int,boolean):2866:116381:Character.isWhitespace(str.charAt(i)) |==> true
973:COR:||(boolean,boolean):!=(boolean,boolean):org.apache.commons.lang3.StringUtils@splitWorker(java.lang.String,java.lang.String,int,boolean):2867:116424:match || preserveAllTokens |==> match != preserveAllTokens
974:COR:||(boolean,boolean):LHS(boolean,boolean):org.apache.commons.lang3.StringUtils@splitWorker(java.lang.String,java.lang.String,int,boolean):2867:116424:match || preserveAllTokens |==> match
975:COR:||(boolean,boolean):RHS(boolean,boolean):org.apache.commons.lang3.StringUtils@splitWorker(java.lang.String,java.lang.String,int,boolean):2867:116433:match || preserveAllTokens |==> preserveAllTokens
976:COR:||(boolean,boolean):TRUE(boolean,boolean):org.apache.commons.lang3.StringUtils@splitWorker(java.lang.String,java.lang.String,int,boolean):2867:116430:match || preserveAllTokens |==> true
977:LVR:TRUE:FALSE:org.apache.commons.lang3.StringUtils@splitWorker(java.lang.String,java.lang.String,int,boolean):2868:116490:true |==> false
978:STD:<ASSIGN>:<NO-OP>:org.apache.commons.lang3.StringUtils@splitWorker(java.lang.String,java.lang.String,int,boolean):2868:116478:lastMatch = true; |==> <NO-OP>
979:ROR:==(int,int):<=(int,int):org.apache.commons.lang3.StringUtils@splitWorker(java.lang.String,java.lang.String,int,boolean):2869:116524:sizePlus1++ == max |==> sizePlus1++ <= max
980:ROR:==(int,int):>=(int,int):org.apache.commons.lang3.StringUtils@splitWorker(java.lang.String,java.lang.String,int,boolean):2869:116524:sizePlus1++ == max |==> sizePlus1++ >= max
981:ROR:==(int,int):FALSE(int,int):org.apache.commons.lang3.StringUtils@splitWorker(java.lang.String,java.lang.String,int,boolean):2869:116536:sizePlus1++ == max |==> false
982:STD:<ASSIGN>:<NO-OP>:org.apache.commons.lang3.StringUtils@splitWorker(java.lang.String,java.lang.String,int,boolean):2870:116574:i = len; |==> <NO-OP>
983:LVR:FALSE:TRUE:org.apache.commons.lang3.StringUtils@splitWorker(java.lang.String,java.lang.String,int,boolean):2871:116623:false |==> true
984:STD:<ASSIGN>:<NO-OP>:org.apache.commons.lang3.StringUtils@splitWorker(java.lang.String,java.lang.String,int,boolean):2871:116611:lastMatch = false; |==> <NO-OP>
985:STD:<CALL>:<NO-OP>:org.apache.commons.lang3.StringUtils@splitWorker(java.lang.String,java.lang.String,int,boolean):2873:116680:list.add(str.substring(start, i)); |==> <NO-OP>
986:LVR:FALSE:TRUE:org.apache.commons.lang3.StringUtils@splitWorker(java.lang.String,java.lang.String,int,boolean):2874:116747:false |==> true
987:STD:<ASSIGN>:<NO-OP>:org.apache.commons.lang3.StringUtils@splitWorker(java.lang.String,java.lang.String,int,boolean):2874:116739:match = false; |==> <NO-OP>
988:STD:<ASSIGN>:<NO-OP>:org.apache.commons.lang3.StringUtils@splitWorker(java.lang.String,java.lang.String,int,boolean):2876:116796:start = ++i; |==> <NO-OP>
989:LVR:FALSE:TRUE:org.apache.commons.lang3.StringUtils@splitWorker(java.lang.String,java.lang.String,int,boolean):2879:116885:false |==> true
990:STD:<ASSIGN>:<NO-OP>:org.apache.commons.lang3.StringUtils@splitWorker(java.lang.String,java.lang.String,int,boolean):2879:116873:lastMatch = false; |==> <NO-OP>
991:LVR:TRUE:FALSE:org.apache.commons.lang3.StringUtils@splitWorker(java.lang.String,java.lang.String,int,boolean):2880:116916:true |==> false
992:STD:<ASSIGN>:<NO-OP>:org.apache.commons.lang3.StringUtils@splitWorker(java.lang.String,java.lang.String,int,boolean):2880:116908:match = true; |==> <NO-OP>
993:STD:<INC>:<NO-OP>:org.apache.commons.lang3.StringUtils@splitWorker(java.lang.String,java.lang.String,int,boolean):2881:116938:i++; |==> <NO-OP>
994:LVR:POS:0:org.apache.commons.lang3.StringUtils@splitWorker(java.lang.String,java.lang.String,int,boolean):2883:117003:1 |==> 0
995:LVR:POS:NEG:org.apache.commons.lang3.StringUtils@splitWorker(java.lang.String,java.lang.String,int,boolean):2883:117003:1 |==> -1
996:ROR:==(int,int):<=(int,int):org.apache.commons.lang3.StringUtils@splitWorker(java.lang.String,java.lang.String,int,boolean):2883:116976:separatorChars.length() == 1 |==> separatorChars.length() <= 1
997:ROR:==(int,int):>=(int,int):org.apache.commons.lang3.StringUtils@splitWorker(java.lang.String,java.lang.String,int,boolean):2883:116976:separatorChars.length() == 1 |==> separatorChars.length() >= 1
998:ROR:==(int,int):FALSE(int,int):org.apache.commons.lang3.StringUtils@splitWorker(java.lang.String,java.lang.String,int,boolean):2883:117000:separatorChars.length() == 1 |==> false
999:LVR:0:POS:org.apache.commons.lang3.StringUtils@splitWorker(java.lang.String,java.lang.String,int,boolean):2885:117094:0 |==> 1
1000:LVR:0:NEG:org.apache.commons.lang3.StringUtils@splitWorker(java.lang.String,java.lang.String,int,boolean):2885:117094:0 |==> -1
1001:ROR:<(int,int):!=(int,int):org.apache.commons.lang3.StringUtils@splitWorker(java.lang.String,java.lang.String,int,boolean):2886:117117:i < len |==> i != len
1002:ROR:<(int,int):<=(int,int):org.apache.commons.lang3.StringUtils@splitWorker(java.lang.String,java.lang.String,int,boolean):2886:117117:i < len |==> i <= len
1003:ROR:<(int,int):FALSE(int,int):org.apache.commons.lang3.StringUtils@splitWorker(java.lang.String,java.lang.String,int,boolean):2886:117119:i < len |==> false
1004:ROR:==(int,int):<=(int,int):org.apache.commons.lang3.StringUtils@splitWorker(java.lang.String,java.lang.String,int,boolean):2887:117148:str.charAt(i) == sep |==> str.charAt(i) <= sep
1005:ROR:==(int,int):>=(int,int):org.apache.commons.lang3.StringUtils@splitWorker(java.lang.String,java.lang.String,int,boolean):2887:117148:str.charAt(i) == sep |==> str.charAt(i) >= sep
1006:ROR:==(int,int):FALSE(int,int):org.apache.commons.lang3.StringUtils@splitWorker(java.lang.String,java.lang.String,int,boolean):2887:117162:str.charAt(i) == sep |==> false
1007:COR:||(boolean,boolean):!=(boolean,boolean):org.apache.commons.lang3.StringUtils@splitWorker(java.lang.String,java.lang.String,int,boolean):2888:117196:match || preserveAllTokens |==> match != preserveAllTokens
1008:COR:||(boolean,boolean):LHS(boolean,boolean):org.apache.commons.lang3.StringUtils@splitWorker(java.lang.String,java.lang.String,int,boolean):2888:117196:match || preserveAllTokens |==> match
1009:COR:||(boolean,boolean):RHS(boolean,boolean):org.apache.commons.lang3.StringUtils@splitWorker(java.lang.String,java.lang.String,int,boolean):2888:117205:match || preserveAllTokens |==> preserveAllTokens
1010:COR:||(boolean,boolean):TRUE(boolean,boolean):org.apache.commons.lang3.StringUtils@splitWorker(java.lang.String,java.lang.String,int,boolean):2888:117202:match || preserveAllTokens |==> true
1011:LVR:TRUE:FALSE:org.apache.commons.lang3.StringUtils@splitWorker(java.lang.String,java.lang.String,int,boolean):2889:117262:true |==> false
1012:STD:<ASSIGN>:<NO-OP>:org.apache.commons.lang3.StringUtils@splitWorker(java.lang.String,java.lang.String,int,boolean):2889:117250:lastMatch = true; |==> <NO-OP>
1013:ROR:==(int,int):<=(int,int):org.apache.commons.lang3.StringUtils@splitWorker(java.lang.String,java.lang.String,int,boolean):2890:117296:sizePlus1++ == max |==> sizePlus1++ <= max
1014:ROR:==(int,int):>=(int,int):org.apache.commons.lang3.StringUtils@splitWorker(java.lang.String,java.lang.String,int,boolean):2890:117296:sizePlus1++ == max |==> sizePlus1++ >= max
1015:ROR:==(int,int):FALSE(int,int):org.apache.commons.lang3.StringUtils@splitWorker(java.lang.String,java.lang.String,int,boolean):2890:117308:sizePlus1++ == max |==> false
1016:STD:<ASSIGN>:<NO-OP>:org.apache.commons.lang3.StringUtils@splitWorker(java.lang.String,java.lang.String,int,boolean):2891:117346:i = len; |==> <NO-OP>
1017:LVR:FALSE:TRUE:org.apache.commons.lang3.StringUtils@splitWorker(java.lang.String,java.lang.String,int,boolean):2892:117395:false |==> true
1018:STD:<ASSIGN>:<NO-OP>:org.apache.commons.lang3.StringUtils@splitWorker(java.lang.String,java.lang.String,int,boolean):2892:117383:lastMatch = false; |==> <NO-OP>
1019:STD:<CALL>:<NO-OP>:org.apache.commons.lang3.StringUtils@splitWorker(java.lang.String,java.lang.String,int,boolean):2894:117452:list.add(str.substring(start, i)); |==> <NO-OP>
1020:LVR:FALSE:TRUE:org.apache.commons.lang3.StringUtils@splitWorker(java.lang.String,java.lang.String,int,boolean):2895:117519:false |==> true
1021:STD:<ASSIGN>:<NO-OP>:org.apache.commons.lang3.StringUtils@splitWorker(java.lang.String,java.lang.String,int,boolean):2895:117511:match = false; |==> <NO-OP>
1022:STD:<ASSIGN>:<NO-OP>:org.apache.commons.lang3.StringUtils@splitWorker(java.lang.String,java.lang.String,int,boolean):2897:117568:start = ++i; |==> <NO-OP>
1023:LVR:FALSE:TRUE:org.apache.commons.lang3.StringUtils@splitWorker(java.lang.String,java.lang.String,int,boolean):2900:117657:false |==> true
1024:STD:<ASSIGN>:<NO-OP>:org.apache.commons.lang3.StringUtils@splitWorker(java.lang.String,java.lang.String,int,boolean):2900:117645:lastMatch = false; |==> <NO-OP>
1025:LVR:TRUE:FALSE:org.apache.commons.lang3.StringUtils@splitWorker(java.lang.String,java.lang.String,int,boolean):2901:117688:true |==> false
1026:STD:<ASSIGN>:<NO-OP>:org.apache.commons.lang3.StringUtils@splitWorker(java.lang.String,java.lang.String,int,boolean):2901:117680:match = true; |==> <NO-OP>
1027:STD:<INC>:<NO-OP>:org.apache.commons.lang3.StringUtils@splitWorker(java.lang.String,java.lang.String,int,boolean):2902:117710:i++; |==> <NO-OP>
1028:ROR:<(int,int):!=(int,int):org.apache.commons.lang3.StringUtils@splitWorker(java.lang.String,java.lang.String,int,boolean):2906:117794:i < len |==> i != len
1029:ROR:<(int,int):<=(int,int):org.apache.commons.lang3.StringUtils@splitWorker(java.lang.String,java.lang.String,int,boolean):2906:117794:i < len |==> i <= len
1030:ROR:<(int,int):FALSE(int,int):org.apache.commons.lang3.StringUtils@splitWorker(java.lang.String,java.lang.String,int,boolean):2906:117796:i < len |==> false
1031:LVR:0:POS:org.apache.commons.lang3.StringUtils@splitWorker(java.lang.String,java.lang.String,int,boolean):2907:117866:0 |==> 1
1032:LVR:0:NEG:org.apache.commons.lang3.StringUtils@splitWorker(java.lang.String,java.lang.String,int,boolean):2907:117866:0 |==> -1
1033:ROR:>=(int,int):==(int,int):org.apache.commons.lang3.StringUtils@splitWorker(java.lang.String,java.lang.String,int,boolean):2907:117825:separatorChars.indexOf(str.charAt(i)) >= 0 |==> separatorChars.indexOf(str.charAt(i)) == 0
1034:ROR:>=(int,int):>(int,int):org.apache.commons.lang3.StringUtils@splitWorker(java.lang.String,java.lang.String,int,boolean):2907:117825:separatorChars.indexOf(str.charAt(i)) >= 0 |==> separatorChars.indexOf(str.charAt(i)) > 0
1035:ROR:>=(int,int):TRUE(int,int):org.apache.commons.lang3.StringUtils@splitWorker(java.lang.String,java.lang.String,int,boolean):2907:117863:separatorChars.indexOf(str.charAt(i)) >= 0 |==> true
1036:COR:||(boolean,boolean):!=(boolean,boolean):org.apache.commons.lang3.StringUtils@splitWorker(java.lang.String,java.lang.String,int,boolean):2908:117895:match || preserveAllTokens |==> match != preserveAllTokens
1037:COR:||(boolean,boolean):LHS(boolean,boolean):org.apache.commons.lang3.StringUtils@splitWorker(java.lang.String,java.lang.String,int,boolean):2908:117895:match || preserveAllTokens |==> match
1038:COR:||(boolean,boolean):RHS(boolean,boolean):org.apache.commons.lang3.StringUtils@splitWorker(java.lang.String,java.lang.String,int,boolean):2908:117904:match || preserveAllTokens |==> preserveAllTokens
1039:COR:||(boolean,boolean):TRUE(boolean,boolean):org.apache.commons.lang3.StringUtils@splitWorker(java.lang.String,java.lang.String,int,boolean):2908:117901:match || preserveAllTokens |==> true
1040:LVR:TRUE:FALSE:org.apache.commons.lang3.StringUtils@splitWorker(java.lang.String,java.lang.String,int,boolean):2909:117961:true |==> false
1041:STD:<ASSIGN>:<NO-OP>:org.apache.commons.lang3.StringUtils@splitWorker(java.lang.String,java.lang.String,int,boolean):2909:117949:lastMatch = true; |==> <NO-OP>
1042:ROR:==(int,int):<=(int,int):org.apache.commons.lang3.StringUtils@splitWorker(java.lang.String,java.lang.String,int,boolean):2910:117995:sizePlus1++ == max |==> sizePlus1++ <= max
1043:ROR:==(int,int):>=(int,int):org.apache.commons.lang3.StringUtils@splitWorker(java.lang.String,java.lang.String,int,boolean):2910:117995:sizePlus1++ == max |==> sizePlus1++ >= max
1044:ROR:==(int,int):FALSE(int,int):org.apache.commons.lang3.StringUtils@splitWorker(java.lang.String,java.lang.String,int,boolean):2910:118007:sizePlus1++ == max |==> false
1045:STD:<ASSIGN>:<NO-OP>:org.apache.commons.lang3.StringUtils@splitWorker(java.lang.String,java.lang.String,int,boolean):2911:118045:i = len; |==> <NO-OP>
1046:LVR:FALSE:TRUE:org.apache.commons.lang3.StringUtils@splitWorker(java.lang.String,java.lang.String,int,boolean):2912:118094:false |==> true
1047:STD:<ASSIGN>:<NO-OP>:org.apache.commons.lang3.StringUtils@splitWorker(java.lang.String,java.lang.String,int,boolean):2912:118082:lastMatch = false; |==> <NO-OP>
1048:STD:<CALL>:<NO-OP>:org.apache.commons.lang3.StringUtils@splitWorker(java.lang.String,java.lang.String,int,boolean):2914:118151:list.add(str.substring(start, i)); |==> <NO-OP>
1049:LVR:FALSE:TRUE:org.apache.commons.lang3.StringUtils@splitWorker(java.lang.String,java.lang.String,int,boolean):2915:118218:false |==> true
1050:STD:<ASSIGN>:<NO-OP>:org.apache.commons.lang3.StringUtils@splitWorker(java.lang.String,java.lang.String,int,boolean):2915:118210:match = false; |==> <NO-OP>
1051:STD:<ASSIGN>:<NO-OP>:org.apache.commons.lang3.StringUtils@splitWorker(java.lang.String,java.lang.String,int,boolean):2917:118267:start = ++i; |==> <NO-OP>
1052:LVR:FALSE:TRUE:org.apache.commons.lang3.StringUtils@splitWorker(java.lang.String,java.lang.String,int,boolean):2920:118356:false |==> true
1053:STD:<ASSIGN>:<NO-OP>:org.apache.commons.lang3.StringUtils@splitWorker(java.lang.String,java.lang.String,int,boolean):2920:118344:lastMatch = false; |==> <NO-OP>
1054:LVR:TRUE:FALSE:org.apache.commons.lang3.StringUtils@splitWorker(java.lang.String,java.lang.String,int,boolean):2921:118387:true |==> false
1055:STD:<ASSIGN>:<NO-OP>:org.apache.commons.lang3.StringUtils@splitWorker(java.lang.String,java.lang.String,int,boolean):2921:118379:match = true; |==> <NO-OP>
1056:STD:<INC>:<NO-OP>:org.apache.commons.lang3.StringUtils@splitWorker(java.lang.String,java.lang.String,int,boolean):2922:118409:i++; |==> <NO-OP>
1057:COR:&&(boolean,boolean):==(boolean,boolean):org.apache.commons.lang3.StringUtils@splitWorker(java.lang.String,java.lang.String,int,boolean):2925:118460:preserveAllTokens && lastMatch |==> preserveAllTokens == lastMatch
1058:COR:&&(boolean,boolean):FALSE(boolean,boolean):org.apache.commons.lang3.StringUtils@splitWorker(java.lang.String,java.lang.String,int,boolean):2925:118478:preserveAllTokens && lastMatch |==> false
1059:COR:&&(boolean,boolean):LHS(boolean,boolean):org.apache.commons.lang3.StringUtils@splitWorker(java.lang.String,java.lang.String,int,boolean):2925:118460:preserveAllTokens && lastMatch |==> preserveAllTokens
1060:COR:&&(boolean,boolean):RHS(boolean,boolean):org.apache.commons.lang3.StringUtils@splitWorker(java.lang.String,java.lang.String,int,boolean):2925:118481:preserveAllTokens && lastMatch |==> lastMatch
1061:COR:||(boolean,boolean):!=(boolean,boolean):org.apache.commons.lang3.StringUtils@splitWorker(java.lang.String,java.lang.String,int,boolean):2925:118450:match || (preserveAllTokens && lastMatch) |==> match != (preserveAllTokens && lastMatch)
1062:COR:||(boolean,boolean):LHS(boolean,boolean):org.apache.commons.lang3.StringUtils@splitWorker(java.lang.String,java.lang.String,int,boolean):2925:118450:match || (preserveAllTokens && lastMatch) |==> match
1063:COR:||(boolean,boolean):RHS(boolean,boolean):org.apache.commons.lang3.StringUtils@splitWorker(java.lang.String,java.lang.String,int,boolean):2925:118459:match || (preserveAllTokens && lastMatch) |==> (preserveAllTokens && lastMatch)
1064:COR:||(boolean,boolean):TRUE(boolean,boolean):org.apache.commons.lang3.StringUtils@splitWorker(java.lang.String,java.lang.String,int,boolean):2925:118456:match || (preserveAllTokens && lastMatch) |==> true
1065:STD:<CALL>:<NO-OP>:org.apache.commons.lang3.StringUtils@splitWorker(java.lang.String,java.lang.String,int,boolean):2926:118507:list.add(str.substring(start, i)); |==> <NO-OP>
1066:LVR:FALSE:TRUE:org.apache.commons.lang3.StringUtils@splitByCharacterType(java.lang.String):2951:119806:false |==> true
1067:LVR:TRUE:FALSE:org.apache.commons.lang3.StringUtils@splitByCharacterTypeCamelCase(java.lang.String):2979:121430:true |==> false
1068:ROR:==(java.lang.Object,java.lang.Object):FALSE(java.lang.Object,java.lang.Object):org.apache.commons.lang3.StringUtils@splitByCharacterType(java.lang.String,boolean):2997:122387:str == null |==> false
1069:LVR:0:POS:org.apache.commons.lang3.StringUtils@splitByCharacterType(java.lang.String,boolean):3000:122461:0 |==> 1
1070:LVR:0:NEG:org.apache.commons.lang3.StringUtils@splitByCharacterType(java.lang.String,boolean):3000:122461:0 |==> -1
1071:ROR:==(int,int):>=(int,int):org.apache.commons.lang3.StringUtils@splitByCharacterType(java.lang.String,boolean):3000:122445:str.length() == 0 |==> str.length() >= 0
1072:ROR:==(int,int):FALSE(int,int):org.apache.commons.lang3.StringUtils@splitByCharacterType(java.lang.String,boolean):3000:122458:str.length() == 0 |==> false
1073:LVR:0:POS:org.apache.commons.lang3.StringUtils@splitByCharacterType(java.lang.String,boolean):3005:122642:0 |==> 1
1074:LVR:0:NEG:org.apache.commons.lang3.StringUtils@splitByCharacterType(java.lang.String,boolean):3005:122642:0 |==> -1
1075:LVR:POS:0:org.apache.commons.lang3.StringUtils@splitByCharacterType(java.lang.String,boolean):3007:122741:1 |==> 0
1076:LVR:POS:NEG:org.apache.commons.lang3.StringUtils@splitByCharacterType(java.lang.String,boolean):3007:122741:1 |==> -1
1077:AOR:+(int,int):%(int,int):org.apache.commons.lang3.StringUtils@splitByCharacterType(java.lang.String,boolean):3007:122728:tokenStart + 1 |==> tokenStart % 1
1078:AOR:+(int,int):*(int,int):org.apache.commons.lang3.StringUtils@splitByCharacterType(java.lang.String,boolean):3007:122728:tokenStart + 1 |==> tokenStart * 1
1079:AOR:+(int,int):-(int,int):org.apache.commons.lang3.StringUtils@splitByCharacterType(java.lang.String,boolean):3007:122728:tokenStart + 1 |==> tokenStart - 1
1080:AOR:+(int,int):/(int,int):org.apache.commons.lang3.StringUtils@splitByCharacterType(java.lang.String,boolean):3007:122728:tokenStart + 1 |==> tokenStart / 1
1081:ROR:<(int,int):!=(int,int):org.apache.commons.lang3.StringUtils@splitByCharacterType(java.lang.String,boolean):3007:122744:pos < c.length |==> pos != c.length
1082:ROR:<(int,int):<=(int,int):org.apache.commons.lang3.StringUtils@splitByCharacterType(java.lang.String,boolean):3007:122744:pos < c.length |==> pos <= c.length
1083:ROR:<(int,int):FALSE(int,int):org.apache.commons.lang3.StringUtils@splitByCharacterType(java.lang.String,boolean):3007:122748:pos < c.length |==> false
1084:ROR:==(int,int):<=(int,int):org.apache.commons.lang3.StringUtils@splitByCharacterType(java.lang.String,boolean):3009:122835:type == currentType |==> type <= currentType
1085:ROR:==(int,int):>=(int,int):org.apache.commons.lang3.StringUtils@splitByCharacterType(java.lang.String,boolean):3009:122835:type == currentType |==> type >= currentType
1086:ROR:==(int,int):FALSE(int,int):org.apache.commons.lang3.StringUtils@splitByCharacterType(java.lang.String,boolean):3009:122840:type == currentType |==> false
1087:ROR:==(int,int):<=(int,int):org.apache.commons.lang3.StringUtils@splitByCharacterType(java.lang.String,boolean):3012:122927:type == Character.LOWERCASE_LETTER |==> type <= Character.LOWERCASE_LETTER
1088:ROR:==(int,int):>=(int,int):org.apache.commons.lang3.StringUtils@splitByCharacterType(java.lang.String,boolean):3012:122927:type == Character.LOWERCASE_LETTER |==> type >= Character.LOWERCASE_LETTER
1089:ROR:==(int,int):FALSE(int,int):org.apache.commons.lang3.StringUtils@splitByCharacterType(java.lang.String,boolean):3012:122932:type == Character.LOWERCASE_LETTER |==> false
1090:COR:&&(boolean,boolean):==(boolean,boolean):org.apache.commons.lang3.StringUtils@splitByCharacterType(java.lang.String,boolean):3012:122914:camelCase && type == Character.LOWERCASE_LETTER |==> camelCase == (type == Character.LOWERCASE_LETTER)
1091:COR:&&(boolean,boolean):FALSE(boolean,boolean):org.apache.commons.lang3.StringUtils@splitByCharacterType(java.lang.String,boolean):3012:122924:camelCase && type == Character.LOWERCASE_LETTER |==> false
1092:COR:&&(boolean,boolean):LHS(boolean,boolean):org.apache.commons.lang3.StringUtils@splitByCharacterType(java.lang.String,boolean):3012:122914:camelCase && type == Character.LOWERCASE_LETTER |==> camelCase
1093:COR:&&(boolean,boolean):RHS(boolean,boolean):org.apache.commons.lang3.StringUtils@splitByCharacterType(java.lang.String,boolean):3012:122927:camelCase && type == Character.LOWERCASE_LETTER |==> type == Character.LOWERCASE_LETTER
1094:ROR:==(int,int):<=(int,int):org.apache.commons.lang3.StringUtils@splitByCharacterType(java.lang.String,boolean):3012:122965:currentType == Character.UPPERCASE_LETTER |==> currentType <= Character.UPPERCASE_LETTER
1095:ROR:==(int,int):>=(int,int):org.apache.commons.lang3.StringUtils@splitByCharacterType(java.lang.String,boolean):3012:122965:currentType == Character.UPPERCASE_LETTER |==> currentType >= Character.UPPERCASE_LETTER
1096:ROR:==(int,int):FALSE(int,int):org.apache.commons.lang3.StringUtils@splitByCharacterType(java.lang.String,boolean):3012:122977:currentType == Character.UPPERCASE_LETTER |==> false
1097:COR:&&(boolean,boolean):==(boolean,boolean):org.apache.commons.lang3.StringUtils@splitByCharacterType(java.lang.String,boolean):3012:122914:camelCase && type == Character.LOWERCASE_LETTER && currentType == Character.UPPERCASE_LETTER |==> (camelCase && type == Character.LOWERCASE_LETTER) == (currentType == Character.UPPERCASE_LETTER)
1098:COR:&&(boolean,boolean):FALSE(boolean,boolean):org.apache.commons.lang3.StringUtils@splitByCharacterType(java.lang.String,boolean):3012:122962:camelCase && type == Character.LOWERCASE_LETTER && currentType == Character.UPPERCASE_LETTER |==> false
1099:COR:&&(boolean,boolean):LHS(boolean,boolean):org.apache.commons.lang3.StringUtils@splitByCharacterType(java.lang.String,boolean):3012:122914:camelCase && type == Character.LOWERCASE_LETTER && currentType == Character.UPPERCASE_LETTER |==> camelCase && type == Character.LOWERCASE_LETTER
1100:COR:&&(boolean,boolean):RHS(boolean,boolean):org.apache.commons.lang3.StringUtils@splitByCharacterType(java.lang.String,boolean):3012:122965:camelCase && type == Character.LOWERCASE_LETTER && currentType == Character.UPPERCASE_LETTER |==> currentType == Character.UPPERCASE_LETTER
1101:LVR:POS:0:org.apache.commons.lang3.StringUtils@splitByCharacterType(java.lang.String,boolean):3013:123052:1 |==> 0
1102:LVR:POS:NEG:org.apache.commons.lang3.StringUtils@splitByCharacterType(java.lang.String,boolean):3013:123052:1 |==> -1
1103:AOR:-(int,int):%(int,int):org.apache.commons.lang3.StringUtils@splitByCharacterType(java.lang.String,boolean):3013:123046:pos - 1 |==> pos % 1
1104:AOR:-(int,int):*(int,int):org.apache.commons.lang3.StringUtils@splitByCharacterType(java.lang.String,boolean):3013:123046:pos - 1 |==> pos * 1
1105:AOR:-(int,int):+(int,int):org.apache.commons.lang3.StringUtils@splitByCharacterType(java.lang.String,boolean):3013:123046:pos - 1 |==> pos + 1
1106:AOR:-(int,int):/(int,int):org.apache.commons.lang3.StringUtils@splitByCharacterType(java.lang.String,boolean):3013:123046:pos - 1 |==> pos / 1
1107:ROR:!=(int,int):<(int,int):org.apache.commons.lang3.StringUtils@splitByCharacterType(java.lang.String,boolean):3014:123075:newTokenStart != tokenStart |==> newTokenStart < tokenStart
1108:ROR:!=(int,int):>(int,int):org.apache.commons.lang3.StringUtils@splitByCharacterType(java.lang.String,boolean):3014:123075:newTokenStart != tokenStart |==> newTokenStart > tokenStart
1109:ROR:!=(int,int):TRUE(int,int):org.apache.commons.lang3.StringUtils@splitByCharacterType(java.lang.String,boolean):3014:123089:newTokenStart != tokenStart |==> true
1110:AOR:-(int,int):%(int,int):org.apache.commons.lang3.StringUtils@splitByCharacterType(java.lang.String,boolean):3015:123161:newTokenStart - tokenStart |==> newTokenStart % tokenStart
1111:AOR:-(int,int):*(int,int):org.apache.commons.lang3.StringUtils@splitByCharacterType(java.lang.String,boolean):3015:123161:newTokenStart - tokenStart |==> newTokenStart * tokenStart
1112:AOR:-(int,int):+(int,int):org.apache.commons.lang3.StringUtils@splitByCharacterType(java.lang.String,boolean):3015:123161:newTokenStart - tokenStart |==> newTokenStart + tokenStart
1113:AOR:-(int,int):/(int,int):org.apache.commons.lang3.StringUtils@splitByCharacterType(java.lang.String,boolean):3015:123161:newTokenStart - tokenStart |==> newTokenStart / tokenStart
1114:STD:<CALL>:<NO-OP>:org.apache.commons.lang3.StringUtils@splitByCharacterType(java.lang.String,boolean):3015:123126:list.add(new String(c, tokenStart, newTokenStart - tokenStart)); |==> <NO-OP>
1115:STD:<ASSIGN>:<NO-OP>:org.apache.commons.lang3.StringUtils@splitByCharacterType(java.lang.String,boolean):3016:123211:tokenStart = newTokenStart; |==> <NO-OP>
1116:AOR:-(int,int):%(int,int):org.apache.commons.lang3.StringUtils@splitByCharacterType(java.lang.String,boolean):3019:123329:pos - tokenStart |==> pos % tokenStart
1117:AOR:-(int,int):*(int,int):org.apache.commons.lang3.StringUtils@splitByCharacterType(java.lang.String,boolean):3019:123329:pos - tokenStart |==> pos * tokenStart
1118:AOR:-(int,int):+(int,int):org.apache.commons.lang3.StringUtils@splitByCharacterType(java.lang.String,boolean):3019:123329:pos - tokenStart |==> pos + tokenStart
1119:AOR:-(int,int):/(int,int):org.apache.commons.lang3.StringUtils@splitByCharacterType(java.lang.String,boolean):3019:123329:pos - tokenStart |==> pos / tokenStart
1120:STD:<CALL>:<NO-OP>:org.apache.commons.lang3.StringUtils@splitByCharacterType(java.lang.String,boolean):3019:123294:list.add(new String(c, tokenStart, pos - tokenStart)); |==> <NO-OP>
1121:STD:<ASSIGN>:<NO-OP>:org.apache.commons.lang3.StringUtils@splitByCharacterType(java.lang.String,boolean):3020:123365:tokenStart = pos; |==> <NO-OP>
1122:STD:<ASSIGN>:<NO-OP>:org.apache.commons.lang3.StringUtils@splitByCharacterType(java.lang.String,boolean):3022:123409:currentType = type; |==> <NO-OP>
1123:AOR:-(int,int):%(int,int):org.apache.commons.lang3.StringUtils@splitByCharacterType(java.lang.String,boolean):3024:123482:c.length - tokenStart |==> c.length % tokenStart
1124:AOR:-(int,int):*(int,int):org.apache.commons.lang3.StringUtils@splitByCharacterType(java.lang.String,boolean):3024:123482:c.length - tokenStart |==> c.length * tokenStart
1125:AOR:-(int,int):+(int,int):org.apache.commons.lang3.StringUtils@splitByCharacterType(java.lang.String,boolean):3024:123482:c.length - tokenStart |==> c.length + tokenStart
1126:AOR:-(int,int):/(int,int):org.apache.commons.lang3.StringUtils@splitByCharacterType(java.lang.String,boolean):3024:123482:c.length - tokenStart |==> c.length / tokenStart
1127:STD:<CALL>:<NO-OP>:org.apache.commons.lang3.StringUtils@splitByCharacterType(java.lang.String,boolean):3024:123447:list.add(new String(c, tokenStart, c.length - tokenStart)); |==> <NO-OP>
1128:ROR:==(java.lang.Object,java.lang.Object):FALSE(java.lang.Object,java.lang.Object):org.apache.commons.lang3.StringUtils@join(java.lang.Object[],char):3077:125459:array == null |==> false
1129:LVR:0:POS:org.apache.commons.lang3.StringUtils@join(java.lang.Object[],char):3081:125544:0 |==> 1
1130:LVR:0:NEG:org.apache.commons.lang3.StringUtils@join(java.lang.Object[],char):3081:125544:0 |==> -1
1131:ROR:==(java.lang.Object,java.lang.Object):FALSE(java.lang.Object,java.lang.Object):org.apache.commons.lang3.StringUtils@join(java.lang.Object[],char,int,int):3111:126845:array == null |==> false
1132:AOR:-(int,int):%(int,int):org.apache.commons.lang3.StringUtils@join(java.lang.Object[],char,int,int):3114:126914:endIndex - startIndex |==> endIndex % startIndex
1133:AOR:-(int,int):*(int,int):org.apache.commons.lang3.StringUtils@join(java.lang.Object[],char,int,int):3114:126914:endIndex - startIndex |==> endIndex * startIndex
1134:AOR:-(int,int):+(int,int):org.apache.commons.lang3.StringUtils@join(java.lang.Object[],char,int,int):3114:126914:endIndex - startIndex |==> endIndex + startIndex
1135:AOR:-(int,int):/(int,int):org.apache.commons.lang3.StringUtils@join(java.lang.Object[],char,int,int):3114:126914:endIndex - startIndex |==> endIndex / startIndex
1136:LVR:0:POS:org.apache.commons.lang3.StringUtils@join(java.lang.Object[],char,int,int):3115:126961:0 |==> 1
1137:LVR:0:NEG:org.apache.commons.lang3.StringUtils@join(java.lang.Object[],char,int,int):3115:126961:0 |==> -1
1138:ROR:<=(int,int):<(int,int):org.apache.commons.lang3.StringUtils@join(java.lang.Object[],char,int,int):3115:126950:bufSize <= 0 |==> bufSize < 0
1139:ROR:<=(int,int):==(int,int):org.apache.commons.lang3.StringUtils@join(java.lang.Object[],char,int,int):3115:126950:bufSize <= 0 |==> bufSize == 0
1140:ROR:<=(int,int):TRUE(int,int):org.apache.commons.lang3.StringUtils@join(java.lang.Object[],char,int,int):3115:126958:bufSize <= 0 |==> true
1141:ROR:==(java.lang.Object,java.lang.Object):FALSE(java.lang.Object,java.lang.Object):org.apache.commons.lang3.StringUtils@join(java.lang.Object[],char,int,int):3119:127042:array[startIndex] == null |==> false
1142:LVR:POS:0:org.apache.commons.lang3.StringUtils@join(java.lang.Object[],char,int,int):3119:127052:16 |==> 0
1143:LVR:POS:NEG:org.apache.commons.lang3.StringUtils@join(java.lang.Object[],char,int,int):3119:127052:16 |==> -16
1144:LVR:POS:0:org.apache.commons.lang3.StringUtils@join(java.lang.Object[],char,int,int):3119:127098:1 |==> 0
1145:LVR:POS:NEG:org.apache.commons.lang3.StringUtils@join(java.lang.Object[],char,int,int):3119:127098:1 |==> -1
1146:AOR:+(int,int):%(int,int):org.apache.commons.lang3.StringUtils@join(java.lang.Object[],char,int,int):3119:127023:(array[startIndex] == null ? 16 : array[startIndex].toString().length()) + 1 |==> (array[startIndex] == null ? 16 : array[startIndex].toString().length()) % 1
1147:AOR:+(int,int):*(int,int):org.apache.commons.lang3.StringUtils@join(java.lang.Object[],char,int,int):3119:127023:(array[startIndex] == null ? 16 : array[startIndex].toString().length()) + 1 |==> (array[startIndex] == null ? 16 : array[startIndex].toString().length()) * 1
1148:AOR:+(int,int):-(int,int):org.apache.commons.lang3.StringUtils@join(java.lang.Object[],char,int,int):3119:127023:(array[startIndex] == null ? 16 : array[startIndex].toString().length()) + 1 |==> (array[startIndex] == null ? 16 : array[startIndex].toString().length()) - 1
1149:AOR:+(int,int):/(int,int):org.apache.commons.lang3.StringUtils@join(java.lang.Object[],char,int,int):3119:127023:(array[startIndex] == null ? 16 : array[startIndex].toString().length()) + 1 |==> (array[startIndex] == null ? 16 : array[startIndex].toString().length()) / 1
1150:STD:<ASSIGN>:<NO-OP>:org.apache.commons.lang3.StringUtils@join(java.lang.Object[],char,int,int):3119:127011:bufSize *= ((array[startIndex] == null ? 16 : array[startIndex].toString().length()) + 1); |==> <NO-OP>
1151:ROR:<(int,int):!=(int,int):org.apache.commons.lang3.StringUtils@join(java.lang.Object[],char,int,int):3122:127192:i < endIndex |==> i != endIndex
1152:ROR:<(int,int):<=(int,int):org.apache.commons.lang3.StringUtils@join(java.lang.Object[],char,int,int):3122:127192:i < endIndex |==> i <= endIndex
1153:ROR:<(int,int):FALSE(int,int):org.apache.commons.lang3.StringUtils@join(java.lang.Object[],char,int,int):3122:127194:i < endIndex |==> false
1154:ROR:>(int,int):!=(int,int):org.apache.commons.lang3.StringUtils@join(java.lang.Object[],char,int,int):3123:127229:i > startIndex |==> i != startIndex
1155:ROR:>(int,int):>=(int,int):org.apache.commons.lang3.StringUtils@join(java.lang.Object[],char,int,int):3123:127229:i > startIndex |==> i >= startIndex
1156:ROR:>(int,int):FALSE(int,int):org.apache.commons.lang3.StringUtils@join(java.lang.Object[],char,int,int):3123:127231:i > startIndex |==> false
1157:STD:<CALL>:<NO-OP>:org.apache.commons.lang3.StringUtils@join(java.lang.Object[],char,int,int):3124:127263:buf.append(separator); |==> <NO-OP>
1158:ROR:!=(java.lang.Object,java.lang.Object):TRUE(java.lang.Object,java.lang.Object):org.apache.commons.lang3.StringUtils@join(java.lang.Object[],char,int,int):3126:127325:array[i] != null |==> true
1159:STD:<CALL>:<NO-OP>:org.apache.commons.lang3.StringUtils@join(java.lang.Object[],char,int,int):3127:127352:buf.append(array[i]); |==> <NO-OP>
1160:ROR:==(java.lang.Object,java.lang.Object):FALSE(java.lang.Object,java.lang.Object):org.apache.commons.lang3.StringUtils@join(java.lang.Object[],java.lang.String):3158:128549:array == null |==> false
1161:LVR:0:POS:org.apache.commons.lang3.StringUtils@join(java.lang.Object[],java.lang.String):3161:128633:0 |==> 1
1162:LVR:0:NEG:org.apache.commons.lang3.StringUtils@join(java.lang.Object[],java.lang.String):3161:128633:0 |==> -1
1163:ROR:==(java.lang.Object,java.lang.Object):FALSE(java.lang.Object,java.lang.Object):org.apache.commons.lang3.StringUtils@join(java.lang.Object[],java.lang.String,int,int):3192:130076:array == null |==> false
1164:ROR:==(java.lang.Object,java.lang.Object):FALSE(java.lang.Object,java.lang.Object):org.apache.commons.lang3.StringUtils@join(java.lang.Object[],java.lang.String,int,int):3195:130144:separator == null |==> false
1165:STD:<ASSIGN>:<NO-OP>:org.apache.commons.lang3.StringUtils@join(java.lang.Object[],java.lang.String,int,int):3196:130167:separator = EMPTY; |==> <NO-OP>
1166:AOR:-(int,int):%(int,int):org.apache.commons.lang3.StringUtils@join(java.lang.Object[],java.lang.String,int,int):3201:130388:endIndex - startIndex |==> endIndex % startIndex
1167:AOR:-(int,int):*(int,int):org.apache.commons.lang3.StringUtils@join(java.lang.Object[],java.lang.String,int,int):3201:130388:endIndex - startIndex |==> endIndex * startIndex
1168:AOR:-(int,int):+(int,int):org.apache.commons.lang3.StringUtils@join(java.lang.Object[],java.lang.String,int,int):3201:130388:endIndex - startIndex |==> endIndex + startIndex
1169:AOR:-(int,int):/(int,int):org.apache.commons.lang3.StringUtils@join(java.lang.Object[],java.lang.String,int,int):3201:130388:endIndex - startIndex |==> endIndex / startIndex
1170:LVR:0:POS:org.apache.commons.lang3.StringUtils@join(java.lang.Object[],java.lang.String,int,int):3202:130435:0 |==> 1
1171:LVR:0:NEG:org.apache.commons.lang3.StringUtils@join(java.lang.Object[],java.lang.String,int,int):3202:130435:0 |==> -1
1172:ROR:<=(int,int):<(int,int):org.apache.commons.lang3.StringUtils@join(java.lang.Object[],java.lang.String,int,int):3202:130424:bufSize <= 0 |==> bufSize < 0
1173:ROR:<=(int,int):==(int,int):org.apache.commons.lang3.StringUtils@join(java.lang.Object[],java.lang.String,int,int):3202:130424:bufSize <= 0 |==> bufSize == 0
1174:ROR:<=(int,int):TRUE(int,int):org.apache.commons.lang3.StringUtils@join(java.lang.Object[],java.lang.String,int,int):3202:130432:bufSize <= 0 |==> true
1175:ROR:==(java.lang.Object,java.lang.Object):FALSE(java.lang.Object,java.lang.Object):org.apache.commons.lang3.StringUtils@join(java.lang.Object[],java.lang.String,int,int):3206:130516:array[startIndex] == null |==> false
1176:LVR:POS:0:org.apache.commons.lang3.StringUtils@join(java.lang.Object[],java.lang.String,int,int):3206:130526:16 |==> 0
1177:LVR:POS:NEG:org.apache.commons.lang3.StringUtils@join(java.lang.Object[],java.lang.String,int,int):3206:130526:16 |==> -16
1178:AOR:+(int,int):%(int,int):org.apache.commons.lang3.StringUtils@join(java.lang.Object[],java.lang.String,int,int):3206:130497:(array[startIndex] == null ? 16 : array[startIndex].toString().length()) + separator.length() |==> (array[startIndex] == null ? 16 : array[startIndex].toString().length()) % separator.length()
1179:AOR:+(int,int):*(int,int):org.apache.commons.lang3.StringUtils@join(java.lang.Object[],java.lang.String,int,int):3206:130497:(array[startIndex] == null ? 16 : array[startIndex].toString().length()) + separator.length() |==> (array[startIndex] == null ? 16 : array[startIndex].toString().length()) * separator.length()
1180:AOR:+(int,int):-(int,int):org.apache.commons.lang3.StringUtils@join(java.lang.Object[],java.lang.String,int,int):3206:130497:(array[startIndex] == null ? 16 : array[startIndex].toString().length()) + separator.length() |==> (array[startIndex] == null ? 16 : array[startIndex].toString().length()) - separator.length()
1181:AOR:+(int,int):/(int,int):org.apache.commons.lang3.StringUtils@join(java.lang.Object[],java.lang.String,int,int):3206:130497:(array[startIndex] == null ? 16 : array[startIndex].toString().length()) + separator.length() |==> (array[startIndex] == null ? 16 : array[startIndex].toString().length()) / separator.length()
1182:STD:<ASSIGN>:<NO-OP>:org.apache.commons.lang3.StringUtils@join(java.lang.Object[],java.lang.String,int,int):3206:130485:bufSize *= ((array[startIndex] == null ? 16 : array[startIndex].toString().length()) + separator.length()); |==> <NO-OP>
1183:ROR:<(int,int):!=(int,int):org.apache.commons.lang3.StringUtils@join(java.lang.Object[],java.lang.String,int,int):3211:130708:i < endIndex |==> i != endIndex
1184:ROR:<(int,int):<=(int,int):org.apache.commons.lang3.StringUtils@join(java.lang.Object[],java.lang.String,int,int):3211:130708:i < endIndex |==> i <= endIndex
1185:ROR:<(int,int):FALSE(int,int):org.apache.commons.lang3.StringUtils@join(java.lang.Object[],java.lang.String,int,int):3211:130710:i < endIndex |==> false
1186:ROR:>(int,int):!=(int,int):org.apache.commons.lang3.StringUtils@join(java.lang.Object[],java.lang.String,int,int):3212:130745:i > startIndex |==> i != startIndex
1187:ROR:>(int,int):>=(int,int):org.apache.commons.lang3.StringUtils@join(java.lang.Object[],java.lang.String,int,int):3212:130745:i > startIndex |==> i >= startIndex
1188:ROR:>(int,int):FALSE(int,int):org.apache.commons.lang3.StringUtils@join(java.lang.Object[],java.lang.String,int,int):3212:130747:i > startIndex |==> false
1189:STD:<CALL>:<NO-OP>:org.apache.commons.lang3.StringUtils@join(java.lang.Object[],java.lang.String,int,int):3213:130779:buf.append(separator); |==> <NO-OP>
1190:ROR:!=(java.lang.Object,java.lang.Object):TRUE(java.lang.Object,java.lang.Object):org.apache.commons.lang3.StringUtils@join(java.lang.Object[],java.lang.String,int,int):3215:130841:array[i] != null |==> true
1191:STD:<CALL>:<NO-OP>:org.apache.commons.lang3.StringUtils@join(java.lang.Object[],java.lang.String,int,int):3216:130868:buf.append(array[i]); |==> <NO-OP>
1192:ROR:==(java.lang.Object,java.lang.Object):FALSE(java.lang.Object,java.lang.Object):org.apache.commons.lang3.StringUtils@join(java.util.Iterator<?>,char):3239:131746:iterator == null |==> false
1193:COR:<METHOD_INVOCATION(boolean)>:FALSE:org.apache.commons.lang3.StringUtils@join(java.util.Iterator<?>,char):3242:131821:iterator.hasNext() |==> false
1194:COR:<METHOD_INVOCATION(boolean)>:TRUE:org.apache.commons.lang3.StringUtils@join(java.util.Iterator<?>,char):3242:131821:iterator.hasNext() |==> true
1195:COR:<METHOD_INVOCATION(boolean)>:FALSE:org.apache.commons.lang3.StringUtils@join(java.util.Iterator<?>,char):3246:131932:iterator.hasNext() |==> false
1196:COR:<METHOD_INVOCATION(boolean)>:TRUE:org.apache.commons.lang3.StringUtils@join(java.util.Iterator<?>,char):3246:131932:iterator.hasNext() |==> true
1197:LVR:POS:0:org.apache.commons.lang3.StringUtils@join(java.util.Iterator<?>,char):3251:132075:256 |==> 0
1198:LVR:POS:NEG:org.apache.commons.lang3.StringUtils@join(java.util.Iterator<?>,char):3251:132075:256 |==> -256
1199:ROR:!=(java.lang.Object,java.lang.Object):TRUE(java.lang.Object,java.lang.Object):org.apache.commons.lang3.StringUtils@join(java.util.Iterator<?>,char):3252:132141:first != null |==> true
1200:STD:<CALL>:<NO-OP>:org.apache.commons.lang3.StringUtils@join(java.util.Iterator<?>,char):3253:132164:buf.append(first); |==> <NO-OP>
1201:STD:<CALL>:<NO-OP>:org.apache.commons.lang3.StringUtils@join(java.util.Iterator<?>,char):3257:132243:buf.append(separator); |==> <NO-OP>
1202:ROR:!=(java.lang.Object,java.lang.Object):TRUE(java.lang.Object,java.lang.Object):org.apache.commons.lang3.StringUtils@join(java.util.Iterator<?>,char):3259:132328:obj != null |==> true
1203:STD:<CALL>:<NO-OP>:org.apache.commons.lang3.StringUtils@join(java.util.Iterator<?>,char):3260:132355:buf.append(obj); |==> <NO-OP>
1204:ROR:==(java.lang.Object,java.lang.Object):FALSE(java.lang.Object,java.lang.Object):org.apache.commons.lang3.StringUtils@join(java.util.Iterator<?>,java.lang.String):3283:133217:iterator == null |==> false
1205:COR:<METHOD_INVOCATION(boolean)>:FALSE:org.apache.commons.lang3.StringUtils@join(java.util.Iterator<?>,java.lang.String):3286:133292:iterator.hasNext() |==> false
1206:COR:<METHOD_INVOCATION(boolean)>:TRUE:org.apache.commons.lang3.StringUtils@join(java.util.Iterator<?>,java.lang.String):3286:133292:iterator.hasNext() |==> true
1207:COR:<METHOD_INVOCATION(boolean)>:FALSE:org.apache.commons.lang3.StringUtils@join(java.util.Iterator<?>,java.lang.String):3290:133403:iterator.hasNext() |==> false
1208:COR:<METHOD_INVOCATION(boolean)>:TRUE:org.apache.commons.lang3.StringUtils@join(java.util.Iterator<?>,java.lang.String):3290:133403:iterator.hasNext() |==> true
1209:LVR:POS:0:org.apache.commons.lang3.StringUtils@join(java.util.Iterator<?>,java.lang.String):3295:133546:256 |==> 0
1210:LVR:POS:NEG:org.apache.commons.lang3.StringUtils@join(java.util.Iterator<?>,java.lang.String):3295:133546:256 |==> -256
1211:ROR:!=(java.lang.Object,java.lang.Object):TRUE(java.lang.Object,java.lang.Object):org.apache.commons.lang3.StringUtils@join(java.util.Iterator<?>,java.lang.String):3296:133612:first != null |==> true
1212:STD:<CALL>:<NO-OP>:org.apache.commons.lang3.StringUtils@join(java.util.Iterator<?>,java.lang.String):3297:133635:buf.append(first); |==> <NO-OP>
1213:ROR:!=(java.lang.Object,java.lang.Object):TRUE(java.lang.Object,java.lang.Object):org.apache.commons.lang3.StringUtils@join(java.util.Iterator<?>,java.lang.String):3301:133728:separator != null |==> true
1214:STD:<CALL>:<NO-OP>:org.apache.commons.lang3.StringUtils@join(java.util.Iterator<?>,java.lang.String):3302:133755:buf.append(separator); |==> <NO-OP>
1215:ROR:!=(java.lang.Object,java.lang.Object):TRUE(java.lang.Object,java.lang.Object):org.apache.commons.lang3.StringUtils@join(java.util.Iterator<?>,java.lang.String):3305:133854:obj != null |==> true
1216:STD:<CALL>:<NO-OP>:org.apache.commons.lang3.StringUtils@join(java.util.Iterator<?>,java.lang.String):3306:133881:buf.append(obj); |==> <NO-OP>
1217:ROR:==(java.lang.Object,java.lang.Object):FALSE(java.lang.Object,java.lang.Object):org.apache.commons.lang3.StringUtils@join(java.lang.Iterable<?>,char):3327:134693:iterable == null |==> false
1218:ROR:==(java.lang.Object,java.lang.Object):FALSE(java.lang.Object,java.lang.Object):org.apache.commons.lang3.StringUtils@join(java.lang.Iterable<?>,java.lang.String):3348:135538:iterable == null |==> false
1219:COR:<METHOD_INVOCATION(boolean)>:FALSE:org.apache.commons.lang3.StringUtils@deleteWhitespace(java.lang.String):3371:136362:isEmpty(str) |==> false
1220:COR:<METHOD_INVOCATION(boolean)>:TRUE:org.apache.commons.lang3.StringUtils@deleteWhitespace(java.lang.String):3371:136362:isEmpty(str) |==> true
1221:LVR:0:POS:org.apache.commons.lang3.StringUtils@deleteWhitespace(java.lang.String):3376:136491:0 |==> 1
1222:LVR:0:NEG:org.apache.commons.lang3.StringUtils@deleteWhitespace(java.lang.String):3376:136491:0 |==> -1
1223:LVR:0:POS:org.apache.commons.lang3.StringUtils@deleteWhitespace(java.lang.String):3377:136515:0 |==> 1
1224:LVR:0:NEG:org.apache.commons.lang3.StringUtils@deleteWhitespace(java.lang.String):3377:136515:0 |==> -1
1225:ROR:<(int,int):!=(int,int):org.apache.commons.lang3.StringUtils@deleteWhitespace(java.lang.String):3377:136518:i < sz |==> i != sz
1226:ROR:<(int,int):<=(int,int):org.apache.commons.lang3.StringUtils@deleteWhitespace(java.lang.String):3377:136518:i < sz |==> i <= sz
1227:ROR:<(int,int):FALSE(int,int):org.apache.commons.lang3.StringUtils@deleteWhitespace(java.lang.String):3377:136520:i < sz |==> false
1228:COR:<METHOD_INVOCATION(boolean)>:FALSE:org.apache.commons.lang3.StringUtils@deleteWhitespace(java.lang.String):3378:136572:Character.isWhitespace(str.charAt(i)) |==> false
1229:COR:<METHOD_INVOCATION(boolean)>:TRUE:org.apache.commons.lang3.StringUtils@deleteWhitespace(java.lang.String):3378:136572:Character.isWhitespace(str.charAt(i)) |==> true
1230:STD:<ASSIGN>:<NO-OP>:org.apache.commons.lang3.StringUtils@deleteWhitespace(java.lang.String):3379:136607:chs[count++] = str.charAt(i); |==> <NO-OP>
1231:ROR:==(int,int):<=(int,int):org.apache.commons.lang3.StringUtils@deleteWhitespace(java.lang.String):3382:136673:count == sz |==> count <= sz
1232:ROR:==(int,int):>=(int,int):org.apache.commons.lang3.StringUtils@deleteWhitespace(java.lang.String):3382:136673:count == sz |==> count >= sz
1233:ROR:==(int,int):FALSE(int,int):org.apache.commons.lang3.StringUtils@deleteWhitespace(java.lang.String):3382:136679:count == sz |==> false
1234:LVR:0:POS:org.apache.commons.lang3.StringUtils@deleteWhitespace(java.lang.String):3385:136753:0 |==> 1
1235:LVR:0:NEG:org.apache.commons.lang3.StringUtils@deleteWhitespace(java.lang.String):3385:136753:0 |==> -1
1236:COR:||(boolean,boolean):!=(boolean,boolean):org.apache.commons.lang3.StringUtils@removeStart(java.lang.String,java.lang.String):3415:138038:isEmpty(str) || isEmpty(remove) |==> isEmpty(str) != isEmpty(remove)
1237:COR:||(boolean,boolean):LHS(boolean,boolean):org.apache.commons.lang3.StringUtils@removeStart(java.lang.String,java.lang.String):3415:138038:isEmpty(str) || isEmpty(remove) |==> isEmpty(str)
1238:COR:||(boolean,boolean):RHS(boolean,boolean):org.apache.commons.lang3.StringUtils@removeStart(java.lang.String,java.lang.String):3415:138054:isEmpty(str) || isEmpty(remove) |==> isEmpty(remove)
1239:COR:||(boolean,boolean):TRUE(boolean,boolean):org.apache.commons.lang3.StringUtils@removeStart(java.lang.String,java.lang.String):3415:138051:isEmpty(str) || isEmpty(remove) |==> true
1240:COR:<METHOD_INVOCATION(boolean)>:FALSE:org.apache.commons.lang3.StringUtils@removeStart(java.lang.String,java.lang.String):3418:138133:str.startsWith(remove) |==> false
1241:COR:<METHOD_INVOCATION(boolean)>:TRUE:org.apache.commons.lang3.StringUtils@removeStart(java.lang.String,java.lang.String):3418:138133:str.startsWith(remove) |==> true
1242:COR:||(boolean,boolean):!=(boolean,boolean):org.apache.commons.lang3.StringUtils@removeStartIgnoreCase(java.lang.String,java.lang.String):3450:139605:isEmpty(str) || isEmpty(remove) |==> isEmpty(str) != isEmpty(remove)
1243:COR:||(boolean,boolean):LHS(boolean,boolean):org.apache.commons.lang3.StringUtils@removeStartIgnoreCase(java.lang.String,java.lang.String):3450:139605:isEmpty(str) || isEmpty(remove) |==> isEmpty(str)
1244:COR:||(boolean,boolean):RHS(boolean,boolean):org.apache.commons.lang3.StringUtils@removeStartIgnoreCase(java.lang.String,java.lang.String):3450:139621:isEmpty(str) || isEmpty(remove) |==> isEmpty(remove)
1245:COR:||(boolean,boolean):TRUE(boolean,boolean):org.apache.commons.lang3.StringUtils@removeStartIgnoreCase(java.lang.String,java.lang.String):3450:139618:isEmpty(str) || isEmpty(remove) |==> true
1246:COR:<METHOD_INVOCATION(boolean)>:FALSE:org.apache.commons.lang3.StringUtils@removeStartIgnoreCase(java.lang.String,java.lang.String):3453:139706:startsWithIgnoreCase(str, remove) |==> false
1247:COR:<METHOD_INVOCATION(boolean)>:TRUE:org.apache.commons.lang3.StringUtils@removeStartIgnoreCase(java.lang.String,java.lang.String):3453:139706:startsWithIgnoreCase(str, remove) |==> true
1248:COR:||(boolean,boolean):!=(boolean,boolean):org.apache.commons.lang3.StringUtils@removeEnd(java.lang.String,java.lang.String):3484:140969:isEmpty(str) || isEmpty(remove) |==> isEmpty(str) != isEmpty(remove)
1249:COR:||(boolean,boolean):LHS(boolean,boolean):org.apache.commons.lang3.StringUtils@removeEnd(java.lang.String,java.lang.String):3484:140969:isEmpty(str) || isEmpty(remove) |==> isEmpty(str)
1250:COR:||(boolean,boolean):RHS(boolean,boolean):org.apache.commons.lang3.StringUtils@removeEnd(java.lang.String,java.lang.String):3484:140985:isEmpty(str) || isEmpty(remove) |==> isEmpty(remove)
1251:COR:||(boolean,boolean):TRUE(boolean,boolean):org.apache.commons.lang3.StringUtils@removeEnd(java.lang.String,java.lang.String):3484:140982:isEmpty(str) || isEmpty(remove) |==> true
1252:COR:<METHOD_INVOCATION(boolean)>:FALSE:org.apache.commons.lang3.StringUtils@removeEnd(java.lang.String,java.lang.String):3487:141062:str.endsWith(remove) |==> false
1253:COR:<METHOD_INVOCATION(boolean)>:TRUE:org.apache.commons.lang3.StringUtils@removeEnd(java.lang.String,java.lang.String):3487:141062:str.endsWith(remove) |==> true
1254:LVR:0:POS:org.apache.commons.lang3.StringUtils@removeEnd(java.lang.String,java.lang.String):3488:141107:0 |==> 1
1255:LVR:0:NEG:org.apache.commons.lang3.StringUtils@removeEnd(java.lang.String,java.lang.String):3488:141107:0 |==> -1
1256:AOR:-(int,int):%(int,int):org.apache.commons.lang3.StringUtils@removeEnd(java.lang.String,java.lang.String):3488:141110:str.length() - remove.length() |==> str.length() % remove.length()
1257:AOR:-(int,int):*(int,int):org.apache.commons.lang3.StringUtils@removeEnd(java.lang.String,java.lang.String):3488:141110:str.length() - remove.length() |==> str.length() * remove.length()
1258:AOR:-(int,int):+(int,int):org.apache.commons.lang3.StringUtils@removeEnd(java.lang.String,java.lang.String):3488:141110:str.length() - remove.length() |==> str.length() + remove.length()
1259:AOR:-(int,int):/(int,int):org.apache.commons.lang3.StringUtils@removeEnd(java.lang.String,java.lang.String):3488:141110:str.length() - remove.length() |==> str.length() / remove.length()
1260:COR:||(boolean,boolean):!=(boolean,boolean):org.apache.commons.lang3.StringUtils@removeEndIgnoreCase(java.lang.String,java.lang.String):3520:142614:isEmpty(str) || isEmpty(remove) |==> isEmpty(str) != isEmpty(remove)
1261:COR:||(boolean,boolean):LHS(boolean,boolean):org.apache.commons.lang3.StringUtils@removeEndIgnoreCase(java.lang.String,java.lang.String):3520:142614:isEmpty(str) || isEmpty(remove) |==> isEmpty(str)
1262:COR:||(boolean,boolean):RHS(boolean,boolean):org.apache.commons.lang3.StringUtils@removeEndIgnoreCase(java.lang.String,java.lang.String):3520:142630:isEmpty(str) || isEmpty(remove) |==> isEmpty(remove)
1263:COR:||(boolean,boolean):TRUE(boolean,boolean):org.apache.commons.lang3.StringUtils@removeEndIgnoreCase(java.lang.String,java.lang.String):3520:142627:isEmpty(str) || isEmpty(remove) |==> true
1264:COR:<METHOD_INVOCATION(boolean)>:FALSE:org.apache.commons.lang3.StringUtils@removeEndIgnoreCase(java.lang.String,java.lang.String):3523:142713:endsWithIgnoreCase(str, remove) |==> false
1265:COR:<METHOD_INVOCATION(boolean)>:TRUE:org.apache.commons.lang3.StringUtils@removeEndIgnoreCase(java.lang.String,java.lang.String):3523:142713:endsWithIgnoreCase(str, remove) |==> true
1266:LVR:0:POS:org.apache.commons.lang3.StringUtils@removeEndIgnoreCase(java.lang.String,java.lang.String):3524:142763:0 |==> 1
1267:LVR:0:NEG:org.apache.commons.lang3.StringUtils@removeEndIgnoreCase(java.lang.String,java.lang.String):3524:142763:0 |==> -1
1268:AOR:-(int,int):%(int,int):org.apache.commons.lang3.StringUtils@removeEndIgnoreCase(java.lang.String,java.lang.String):3524:142766:str.length() - remove.length() |==> str.length() % remove.length()
1269:AOR:-(int,int):*(int,int):org.apache.commons.lang3.StringUtils@removeEndIgnoreCase(java.lang.String,java.lang.String):3524:142766:str.length() - remove.length() |==> str.length() * remove.length()
1270:AOR:-(int,int):+(int,int):org.apache.commons.lang3.StringUtils@removeEndIgnoreCase(java.lang.String,java.lang.String):3524:142766:str.length() - remove.length() |==> str.length() + remove.length()
1271:AOR:-(int,int):/(int,int):org.apache.commons.lang3.StringUtils@removeEndIgnoreCase(java.lang.String,java.lang.String):3524:142766:str.length() - remove.length() |==> str.length() / remove.length()
1272:COR:||(boolean,boolean):!=(boolean,boolean):org.apache.commons.lang3.StringUtils@remove(java.lang.String,java.lang.String):3553:143888:isEmpty(str) || isEmpty(remove) |==> isEmpty(str) != isEmpty(remove)
1273:COR:||(boolean,boolean):LHS(boolean,boolean):org.apache.commons.lang3.StringUtils@remove(java.lang.String,java.lang.String):3553:143888:isEmpty(str) || isEmpty(remove) |==> isEmpty(str)
1274:COR:||(boolean,boolean):RHS(boolean,boolean):org.apache.commons.lang3.StringUtils@remove(java.lang.String,java.lang.String):3553:143904:isEmpty(str) || isEmpty(remove) |==> isEmpty(remove)
1275:COR:||(boolean,boolean):TRUE(boolean,boolean):org.apache.commons.lang3.StringUtils@remove(java.lang.String,java.lang.String):3553:143901:isEmpty(str) || isEmpty(remove) |==> true
1276:LVR:NEG:0:org.apache.commons.lang3.StringUtils@remove(java.lang.String,java.lang.String):3556:144000:-1 |==> 0
1277:LVR:NEG:POS:org.apache.commons.lang3.StringUtils@remove(java.lang.String,java.lang.String):3556:144000:-1 |==> 1
1278:ROR:==(int,int):>=(int,int):org.apache.commons.lang3.StringUtils@remove(java.lang.String,char):3579:144842:str.indexOf(remove) == INDEX_NOT_FOUND |==> str.indexOf(remove) >= INDEX_NOT_FOUND
1279:ROR:==(int,int):FALSE(int,int):org.apache.commons.lang3.StringUtils@remove(java.lang.String,char):3579:144862:str.indexOf(remove) == INDEX_NOT_FOUND |==> false
1280:COR:||(boolean,boolean):!=(boolean,boolean):org.apache.commons.lang3.StringUtils@remove(java.lang.String,char):3579:144826:isEmpty(str) || str.indexOf(remove) == INDEX_NOT_FOUND |==> isEmpty(str) != (str.indexOf(remove) == INDEX_NOT_FOUND)
1281:COR:||(boolean,boolean):LHS(boolean,boolean):org.apache.commons.lang3.StringUtils@remove(java.lang.String,char):3579:144826:isEmpty(str) || str.indexOf(remove) == INDEX_NOT_FOUND |==> isEmpty(str)
1282:COR:||(boolean,boolean):RHS(boolean,boolean):org.apache.commons.lang3.StringUtils@remove(java.lang.String,char):3579:144842:isEmpty(str) || str.indexOf(remove) == INDEX_NOT_FOUND |==> str.indexOf(remove) == INDEX_NOT_FOUND
1283:COR:||(boolean,boolean):TRUE(boolean,boolean):org.apache.commons.lang3.StringUtils@remove(java.lang.String,char):3579:144839:isEmpty(str) || str.indexOf(remove) == INDEX_NOT_FOUND |==> true
1284:LVR:0:POS:org.apache.commons.lang3.StringUtils@remove(java.lang.String,char):3583:144978:0 |==> 1
1285:LVR:0:NEG:org.apache.commons.lang3.StringUtils@remove(java.lang.String,char):3583:144978:0 |==> -1
1286:LVR:0:POS:org.apache.commons.lang3.StringUtils@remove(java.lang.String,char):3584:145002:0 |==> 1
1287:LVR:0:NEG:org.apache.commons.lang3.StringUtils@remove(java.lang.String,char):3584:145002:0 |==> -1
1288:ROR:<(int,int):<=(int,int):org.apache.commons.lang3.StringUtils@remove(java.lang.String,char):3584:145005:i < chars.length |==> i <= chars.length
1289:ROR:<(int,int):FALSE(int,int):org.apache.commons.lang3.StringUtils@remove(java.lang.String,char):3584:145007:i < chars.length |==> false
1290:ROR:!=(int,int):<(int,int):org.apache.commons.lang3.StringUtils@remove(java.lang.String,char):3585:145046:chars[i] != remove |==> chars[i] < remove
1291:ROR:!=(int,int):>(int,int):org.apache.commons.lang3.StringUtils@remove(java.lang.String,char):3585:145046:chars[i] != remove |==> chars[i] > remove
1292:ROR:!=(int,int):TRUE(int,int):org.apache.commons.lang3.StringUtils@remove(java.lang.String,char):3585:145055:chars[i] != remove |==> true
1293:STD:<ASSIGN>:<NO-OP>:org.apache.commons.lang3.StringUtils@remove(java.lang.String,char):3586:145084:chars[pos++] = chars[i]; |==> <NO-OP>
1294:LVR:0:POS:org.apache.commons.lang3.StringUtils@remove(java.lang.String,char):3589:145166:0 |==> 1
1295:LVR:0:NEG:org.apache.commons.lang3.StringUtils@remove(java.lang.String,char):3589:145166:0 |==> -1
1296:LVR:POS:0:org.apache.commons.lang3.StringUtils@replaceOnce(java.lang.String,java.lang.String,java.lang.String):3618:146493:1 |==> 0
1297:LVR:POS:NEG:org.apache.commons.lang3.StringUtils@replaceOnce(java.lang.String,java.lang.String,java.lang.String):3618:146493:1 |==> -1
1298:LVR:NEG:0:org.apache.commons.lang3.StringUtils@replace(java.lang.String,java.lang.String,java.lang.String):3645:147678:-1 |==> 0
1299:LVR:NEG:POS:org.apache.commons.lang3.StringUtils@replace(java.lang.String,java.lang.String,java.lang.String):3645:147678:-1 |==> 1
1300:COR:||(boolean,boolean):!=(boolean,boolean):org.apache.commons.lang3.StringUtils@replace(java.lang.String,java.lang.String,java.lang.String,int):3677:149172:isEmpty(text) || isEmpty(searchString) |==> isEmpty(text) != isEmpty(searchString)
1301:COR:||(boolean,boolean):LHS(boolean,boolean):org.apache.commons.lang3.StringUtils@replace(java.lang.String,java.lang.String,java.lang.String,int):3677:149172:isEmpty(text) || isEmpty(searchString) |==> isEmpty(text)
1302:COR:||(boolean,boolean):RHS(boolean,boolean):org.apache.commons.lang3.StringUtils@replace(java.lang.String,java.lang.String,java.lang.String,int):3677:149189:isEmpty(text) || isEmpty(searchString) |==> isEmpty(searchString)
1303:COR:||(boolean,boolean):TRUE(boolean,boolean):org.apache.commons.lang3.StringUtils@replace(java.lang.String,java.lang.String,java.lang.String,int):3677:149186:isEmpty(text) || isEmpty(searchString) |==> true
1304:ROR:==(java.lang.Object,java.lang.Object):FALSE(java.lang.Object,java.lang.Object):org.apache.commons.lang3.StringUtils@replace(java.lang.String,java.lang.String,java.lang.String,int):3677:149226:replacement == null |==> false
1305:COR:||(boolean,boolean):!=(boolean,boolean):org.apache.commons.lang3.StringUtils@replace(java.lang.String,java.lang.String,java.lang.String,int):3677:149172:isEmpty(text) || isEmpty(searchString) || replacement == null |==> (isEmpty(text) || isEmpty(searchString)) != (replacement == null)
1306:COR:||(boolean,boolean):LHS(boolean,boolean):org.apache.commons.lang3.StringUtils@replace(java.lang.String,java.lang.String,java.lang.String,int):3677:149172:isEmpty(text) || isEmpty(searchString) || replacement == null |==> isEmpty(text) || isEmpty(searchString)
1307:COR:||(boolean,boolean):RHS(boolean,boolean):org.apache.commons.lang3.StringUtils@replace(java.lang.String,java.lang.String,java.lang.String,int):3677:149214:isEmpty(text) || isEmpty(searchString) || replacement == null |==> replacement == null
1308:COR:||(boolean,boolean):TRUE(boolean,boolean):org.apache.commons.lang3.StringUtils@replace(java.lang.String,java.lang.String,java.lang.String,int):3677:149211:isEmpty(text) || isEmpty(searchString) || replacement == null |==> true
1309:LVR:0:POS:org.apache.commons.lang3.StringUtils@replace(java.lang.String,java.lang.String,java.lang.String,int):3677:149244:0 |==> 1
1310:LVR:0:NEG:org.apache.commons.lang3.StringUtils@replace(java.lang.String,java.lang.String,java.lang.String,int):3677:149244:0 |==> -1
1311:ROR:==(int,int):<=(int,int):org.apache.commons.lang3.StringUtils@replace(java.lang.String,java.lang.String,java.lang.String,int):3677:149237:max == 0 |==> max <= 0
1312:ROR:==(int,int):>=(int,int):org.apache.commons.lang3.StringUtils@replace(java.lang.String,java.lang.String,java.lang.String,int):3677:149237:max == 0 |==> max >= 0
1313:ROR:==(int,int):FALSE(int,int):org.apache.commons.lang3.StringUtils@replace(java.lang.String,java.lang.String,java.lang.String,int):3677:149241:max == 0 |==> false
1314:COR:||(boolean,boolean):!=(boolean,boolean):org.apache.commons.lang3.StringUtils@replace(java.lang.String,java.lang.String,java.lang.String,int):3677:149172:isEmpty(text) || isEmpty(searchString) || replacement == null || max == 0 |==> (isEmpty(text) || isEmpty(searchString) || replacement == null) != (max == 0)
1315:COR:||(boolean,boolean):LHS(boolean,boolean):org.apache.commons.lang3.StringUtils@replace(java.lang.String,java.lang.String,java.lang.String,int):3677:149172:isEmpty(text) || isEmpty(searchString) || replacement == null || max == 0 |==> isEmpty(text) || isEmpty(searchString) || replacement == null
1316:COR:||(boolean,boolean):RHS(boolean,boolean):org.apache.commons.lang3.StringUtils@replace(java.lang.String,java.lang.String,java.lang.String,int):3677:149237:isEmpty(text) || isEmpty(searchString) || replacement == null || max == 0 |==> max == 0
1317:COR:||(boolean,boolean):TRUE(boolean,boolean):org.apache.commons.lang3.StringUtils@replace(java.lang.String,java.lang.String,java.lang.String,int):3677:149234:isEmpty(text) || isEmpty(searchString) || replacement == null || max == 0 |==> true
1318:LVR:0:POS:org.apache.commons.lang3.StringUtils@replace(java.lang.String,java.lang.String,java.lang.String,int):3680:149304:0 |==> 1
1319:LVR:0:NEG:org.apache.commons.lang3.StringUtils@replace(java.lang.String,java.lang.String,java.lang.String,int):3680:149304:0 |==> -1
1320:ROR:==(int,int):<=(int,int):org.apache.commons.lang3.StringUtils@replace(java.lang.String,java.lang.String,java.lang.String,int):3682:149372:end == INDEX_NOT_FOUND |==> end <= INDEX_NOT_FOUND
1321:ROR:==(int,int):>=(int,int):org.apache.commons.lang3.StringUtils@replace(java.lang.String,java.lang.String,java.lang.String,int):3682:149372:end == INDEX_NOT_FOUND |==> end >= INDEX_NOT_FOUND
1322:ROR:==(int,int):FALSE(int,int):org.apache.commons.lang3.StringUtils@replace(java.lang.String,java.lang.String,java.lang.String,int):3682:149376:end == INDEX_NOT_FOUND |==> false
1323:AOR:-(int,int):%(int,int):org.apache.commons.lang3.StringUtils@replace(java.lang.String,java.lang.String,java.lang.String,int):3686:149504:replacement.length() - replLength |==> replacement.length() % replLength
1324:AOR:-(int,int):*(int,int):org.apache.commons.lang3.StringUtils@replace(java.lang.String,java.lang.String,java.lang.String,int):3686:149504:replacement.length() - replLength |==> replacement.length() * replLength
1325:AOR:-(int,int):+(int,int):org.apache.commons.lang3.StringUtils@replace(java.lang.String,java.lang.String,java.lang.String,int):3686:149504:replacement.length() - replLength |==> replacement.length() + replLength
1326:AOR:-(int,int):/(int,int):org.apache.commons.lang3.StringUtils@replace(java.lang.String,java.lang.String,java.lang.String,int):3686:149504:replacement.length() - replLength |==> replacement.length() / replLength
1327:LVR:0:POS:org.apache.commons.lang3.StringUtils@replace(java.lang.String,java.lang.String,java.lang.String,int):3687:149570:0 |==> 1
1328:LVR:0:NEG:org.apache.commons.lang3.StringUtils@replace(java.lang.String,java.lang.String,java.lang.String,int):3687:149570:0 |==> -1
1329:ROR:<(int,int):!=(int,int):org.apache.commons.lang3.StringUtils@replace(java.lang.String,java.lang.String,java.lang.String,int):3687:149559:increase < 0 |==> increase != 0
1330:ROR:<(int,int):<=(int,int):org.apache.commons.lang3.StringUtils@replace(java.lang.String,java.lang.String,java.lang.String,int):3687:149559:increase < 0 |==> increase <= 0
1331:ROR:<(int,int):FALSE(int,int):org.apache.commons.lang3.StringUtils@replace(java.lang.String,java.lang.String,java.lang.String,int):3687:149568:increase < 0 |==> false
1332:LVR:0:POS:org.apache.commons.lang3.StringUtils@replace(java.lang.String,java.lang.String,java.lang.String,int):3687:149574:0 |==> 1
1333:LVR:0:NEG:org.apache.commons.lang3.StringUtils@replace(java.lang.String,java.lang.String,java.lang.String,int):3687:149574:0 |==> -1
1334:STD:<ASSIGN>:<NO-OP>:org.apache.commons.lang3.StringUtils@replace(java.lang.String,java.lang.String,java.lang.String,int):3687:149547:increase = (increase < 0 ? 0 : increase); |==> <NO-OP>
1335:LVR:0:POS:org.apache.commons.lang3.StringUtils@replace(java.lang.String,java.lang.String,java.lang.String,int):3688:149616:0 |==> 1
1336:LVR:0:NEG:org.apache.commons.lang3.StringUtils@replace(java.lang.String,java.lang.String,java.lang.String,int):3688:149616:0 |==> -1
1337:ROR:<(int,int):!=(int,int):org.apache.commons.lang3.StringUtils@replace(java.lang.String,java.lang.String,java.lang.String,int):3688:149610:max < 0 |==> max != 0
1338:ROR:<(int,int):<=(int,int):org.apache.commons.lang3.StringUtils@replace(java.lang.String,java.lang.String,java.lang.String,int):3688:149610:max < 0 |==> max <= 0
1339:ROR:<(int,int):FALSE(int,int):org.apache.commons.lang3.StringUtils@replace(java.lang.String,java.lang.String,java.lang.String,int):3688:149614:max < 0 |==> false
1340:LVR:POS:0:org.apache.commons.lang3.StringUtils@replace(java.lang.String,java.lang.String,java.lang.String,int):3688:149620:16 |==> 0
1341:LVR:POS:NEG:org.apache.commons.lang3.StringUtils@replace(java.lang.String,java.lang.String,java.lang.String,int):3688:149620:16 |==> -16
1342:LVR:POS:0:org.apache.commons.lang3.StringUtils@replace(java.lang.String,java.lang.String,java.lang.String,int):3688:149632:64 |==> 0
1343:LVR:POS:NEG:org.apache.commons.lang3.StringUtils@replace(java.lang.String,java.lang.String,java.lang.String,int):3688:149632:64 |==> -64
1344:ROR:>(int,int):!=(int,int):org.apache.commons.lang3.StringUtils@replace(java.lang.String,java.lang.String,java.lang.String,int):3688:149626:max > 64 |==> max != 64
1345:ROR:>(int,int):>=(int,int):org.apache.commons.lang3.StringUtils@replace(java.lang.String,java.lang.String,java.lang.String,int):3688:149626:max > 64 |==> max >= 64
1346:ROR:>(int,int):FALSE(int,int):org.apache.commons.lang3.StringUtils@replace(java.lang.String,java.lang.String,java.lang.String,int):3688:149630:max > 64 |==> false
1347:LVR:POS:0:org.apache.commons.lang3.StringUtils@replace(java.lang.String,java.lang.String,java.lang.String,int):3688:149637:64 |==> 0
1348:LVR:POS:NEG:org.apache.commons.lang3.StringUtils@replace(java.lang.String,java.lang.String,java.lang.String,int):3688:149637:64 |==> -64
1349:STD:<ASSIGN>:<NO-OP>:org.apache.commons.lang3.StringUtils@replace(java.lang.String,java.lang.String,java.lang.String,int):3688:149597:increase *= (max < 0 ? 16 : (max > 64 ? 64 : max)); |==> <NO-OP>
1350:AOR:+(int,int):%(int,int):org.apache.commons.lang3.StringUtils@replace(java.lang.String,java.lang.String,java.lang.String,int):3689:149695:text.length() + increase |==> text.length() % increase
1351:AOR:+(int,int):*(int,int):org.apache.commons.lang3.StringUtils@replace(java.lang.String,java.lang.String,java.lang.String,int):3689:149695:text.length() + increase |==> text.length() * increase
1352:AOR:+(int,int):-(int,int):org.apache.commons.lang3.StringUtils@replace(java.lang.String,java.lang.String,java.lang.String,int):3689:149695:text.length() + increase |==> text.length() - increase
1353:AOR:+(int,int):/(int,int):org.apache.commons.lang3.StringUtils@replace(java.lang.String,java.lang.String,java.lang.String,int):3689:149695:text.length() + increase |==> text.length() / increase
1354:ROR:!=(int,int):<(int,int):org.apache.commons.lang3.StringUtils@replace(java.lang.String,java.lang.String,java.lang.String,int):3690:149737:end != INDEX_NOT_FOUND |==> end < INDEX_NOT_FOUND
1355:ROR:!=(int,int):>(int,int):org.apache.commons.lang3.StringUtils@replace(java.lang.String,java.lang.String,java.lang.String,int):3690:149737:end != INDEX_NOT_FOUND |==> end > INDEX_NOT_FOUND
1356:ROR:!=(int,int):TRUE(int,int):org.apache.commons.lang3.StringUtils@replace(java.lang.String,java.lang.String,java.lang.String,int):3690:149741:end != INDEX_NOT_FOUND |==> true
1357:STD:<CALL>:<NO-OP>:org.apache.commons.lang3.StringUtils@replace(java.lang.String,java.lang.String,java.lang.String,int):3691:149775:buf.append(text.substring(start, end)).append(replacement); |==> <NO-OP>
1358:AOR:+(int,int):%(int,int):org.apache.commons.lang3.StringUtils@replace(java.lang.String,java.lang.String,java.lang.String,int):3692:149855:end + replLength |==> end % replLength
1359:AOR:+(int,int):*(int,int):org.apache.commons.lang3.StringUtils@replace(java.lang.String,java.lang.String,java.lang.String,int):3692:149855:end + replLength |==> end * replLength
1360:AOR:+(int,int):-(int,int):org.apache.commons.lang3.StringUtils@replace(java.lang.String,java.lang.String,java.lang.String,int):3692:149855:end + replLength |==> end - replLength
1361:AOR:+(int,int):/(int,int):org.apache.commons.lang3.StringUtils@replace(java.lang.String,java.lang.String,java.lang.String,int):3692:149855:end + replLength |==> end / replLength
1362:STD:<ASSIGN>:<NO-OP>:org.apache.commons.lang3.StringUtils@replace(java.lang.String,java.lang.String,java.lang.String,int):3692:149847:start = end + replLength; |==> <NO-OP>
1363:LVR:0:POS:org.apache.commons.lang3.StringUtils@replace(java.lang.String,java.lang.String,java.lang.String,int):3693:149898:0 |==> 1
1364:LVR:0:NEG:org.apache.commons.lang3.StringUtils@replace(java.lang.String,java.lang.String,java.lang.String,int):3693:149898:0 |==> -1
1365:ROR:==(int,int):<=(int,int):org.apache.commons.lang3.StringUtils@replace(java.lang.String,java.lang.String,java.lang.String,int):3693:149889:--max == 0 |==> --max <= 0
1366:ROR:==(int,int):>=(int,int):org.apache.commons.lang3.StringUtils@replace(java.lang.String,java.lang.String,java.lang.String,int):3693:149889:--max == 0 |==> --max >= 0
1367:ROR:==(int,int):FALSE(int,int):org.apache.commons.lang3.StringUtils@replace(java.lang.String,java.lang.String,java.lang.String,int):3693:149895:--max == 0 |==> false
1368:STD:<ASSIGN>:<NO-OP>:org.apache.commons.lang3.StringUtils@replace(java.lang.String,java.lang.String,java.lang.String,int):3696:149952:end = text.indexOf(searchString, start); |==> <NO-OP>
1369:STD:<CALL>:<NO-OP>:org.apache.commons.lang3.StringUtils@replace(java.lang.String,java.lang.String,java.lang.String,int):3698:150011:buf.append(text.substring(start)); |==> <NO-OP>
1370:LVR:FALSE:TRUE:org.apache.commons.lang3.StringUtils@replaceEach(java.lang.String,java.lang.String[],java.lang.String[]):3742:152018:false |==> true
1371:LVR:0:POS:org.apache.commons.lang3.StringUtils@replaceEach(java.lang.String,java.lang.String[],java.lang.String[]):3742:152025:0 |==> 1
1372:LVR:0:NEG:org.apache.commons.lang3.StringUtils@replaceEach(java.lang.String,java.lang.String[],java.lang.String[]):3742:152025:0 |==> -1
1373:ROR:==(java.lang.Object,java.lang.Object):FALSE(java.lang.Object,java.lang.Object):org.apache.commons.lang3.StringUtils@replaceEachRepeatedly(java.lang.String,java.lang.String[],java.lang.String[]):3793:154598:searchList == null |==> false
1374:LVR:0:POS:org.apache.commons.lang3.StringUtils@replaceEachRepeatedly(java.lang.String,java.lang.String[],java.lang.String[]):3793:154608:0 |==> 1
1375:LVR:0:NEG:org.apache.commons.lang3.StringUtils@replaceEachRepeatedly(java.lang.String,java.lang.String[],java.lang.String[]):3793:154608:0 |==> -1
1376:LVR:TRUE:FALSE:org.apache.commons.lang3.StringUtils@replaceEachRepeatedly(java.lang.String,java.lang.String[],java.lang.String[]):3794:154693:true |==> false
1377:ROR:==(java.lang.Object,java.lang.Object):FALSE(java.lang.Object,java.lang.Object):org.apache.commons.lang3.StringUtils@replaceEach(java.lang.String,java.lang.String[],java.lang.String[],boolean,int):3852:157459:text == null |==> false
1378:LVR:0:POS:org.apache.commons.lang3.StringUtils@replaceEach(java.lang.String,java.lang.String[],java.lang.String[],boolean,int):3852:157487:0 |==> 1
1379:LVR:0:NEG:org.apache.commons.lang3.StringUtils@replaceEach(java.lang.String,java.lang.String[],java.lang.String[],boolean,int):3852:157487:0 |==> -1
1380:ROR:==(int,int):>=(int,int):org.apache.commons.lang3.StringUtils@replaceEach(java.lang.String,java.lang.String[],java.lang.String[],boolean,int):3852:157470:text.length() == 0 |==> text.length() >= 0
1381:ROR:==(int,int):FALSE(int,int):org.apache.commons.lang3.StringUtils@replaceEach(java.lang.String,java.lang.String[],java.lang.String[],boolean,int):3852:157484:text.length() == 0 |==> false
1382:COR:||(boolean,boolean):!=(boolean,boolean):org.apache.commons.lang3.StringUtils@replaceEach(java.lang.String,java.lang.String[],java.lang.String[],boolean,int):3852:157454:text == null || text.length() == 0 |==> text == null != (text.length() == 0)
1383:COR:||(boolean,boolean):LHS(boolean,boolean):org.apache.commons.lang3.StringUtils@replaceEach(java.lang.String,java.lang.String[],java.lang.String[],boolean,int):3852:157454:text == null || text.length() == 0 |==> text == null
1384:COR:||(boolean,boolean):RHS(boolean,boolean):org.apache.commons.lang3.StringUtils@replaceEach(java.lang.String,java.lang.String[],java.lang.String[],boolean,int):3852:157470:text == null || text.length() == 0 |==> text.length() == 0
1385:COR:||(boolean,boolean):TRUE(boolean,boolean):org.apache.commons.lang3.StringUtils@replaceEach(java.lang.String,java.lang.String[],java.lang.String[],boolean,int):3852:157467:text == null || text.length() == 0 |==> true
1386:ROR:==(java.lang.Object,java.lang.Object):FALSE(java.lang.Object,java.lang.Object):org.apache.commons.lang3.StringUtils@replaceEach(java.lang.String,java.lang.String[],java.lang.String[],boolean,int):3852:157503:searchList == null |==> false
1387:COR:||(boolean,boolean):!=(boolean,boolean):org.apache.commons.lang3.StringUtils@replaceEach(java.lang.String,java.lang.String[],java.lang.String[],boolean,int):3852:157454:text == null || text.length() == 0 || searchList == null |==> (text == null || text.length() == 0) != (searchList == null)
1388:COR:||(boolean,boolean):LHS(boolean,boolean):org.apache.commons.lang3.StringUtils@replaceEach(java.lang.String,java.lang.String[],java.lang.String[],boolean,int):3852:157454:text == null || text.length() == 0 || searchList == null |==> text == null || text.length() == 0
1389:COR:||(boolean,boolean):RHS(boolean,boolean):org.apache.commons.lang3.StringUtils@replaceEach(java.lang.String,java.lang.String[],java.lang.String[],boolean,int):3852:157492:text == null || text.length() == 0 || searchList == null |==> searchList == null
1390:COR:||(boolean,boolean):TRUE(boolean,boolean):org.apache.commons.lang3.StringUtils@replaceEach(java.lang.String,java.lang.String[],java.lang.String[],boolean,int):3852:157489:text == null || text.length() == 0 || searchList == null |==> true
1391:LVR:0:POS:org.apache.commons.lang3.StringUtils@replaceEach(java.lang.String,java.lang.String[],java.lang.String[],boolean,int):3853:157548:0 |==> 1
1392:LVR:0:NEG:org.apache.commons.lang3.StringUtils@replaceEach(java.lang.String,java.lang.String[],java.lang.String[],boolean,int):3853:157548:0 |==> -1
1393:ROR:==(int,int):>=(int,int):org.apache.commons.lang3.StringUtils@replaceEach(java.lang.String,java.lang.String[],java.lang.String[],boolean,int):3853:157527:searchList.length == 0 |==> searchList.length >= 0
1394:ROR:==(int,int):FALSE(int,int):org.apache.commons.lang3.StringUtils@replaceEach(java.lang.String,java.lang.String[],java.lang.String[],boolean,int):3853:157545:searchList.length == 0 |==> false
1395:COR:||(boolean,boolean):!=(boolean,boolean):org.apache.commons.lang3.StringUtils@replaceEach(java.lang.String,java.lang.String[],java.lang.String[],boolean,int):3852:157454:text == null || text.length() == 0 || searchList == null || searchList.length == 0 |==> (text == null || text.length() == 0 || searchList == null) != (searchList.length == 0)
1396:COR:||(boolean,boolean):LHS(boolean,boolean):org.apache.commons.lang3.StringUtils@replaceEach(java.lang.String,java.lang.String[],java.lang.String[],boolean,int):3852:157454:text == null || text.length() == 0 || searchList == null || searchList.length == 0 |==> text == null || text.length() == 0 || searchList == null
1397:COR:||(boolean,boolean):RHS(boolean,boolean):org.apache.commons.lang3.StringUtils@replaceEach(java.lang.String,java.lang.String[],java.lang.String[],boolean,int):3853:157527:text == null || text.length() == 0 || searchList == null || searchList.length == 0 |==> searchList.length == 0
1398:COR:||(boolean,boolean):TRUE(boolean,boolean):org.apache.commons.lang3.StringUtils@replaceEach(java.lang.String,java.lang.String[],java.lang.String[],boolean,int):3852:157511:text == null || text.length() == 0 || searchList == null || searchList.length == 0 |==> true
1399:ROR:==(java.lang.Object,java.lang.Object):FALSE(java.lang.Object,java.lang.Object):org.apache.commons.lang3.StringUtils@replaceEach(java.lang.String,java.lang.String[],java.lang.String[],boolean,int):3853:157569:replacementList == null |==> false
1400:COR:||(boolean,boolean):!=(boolean,boolean):org.apache.commons.lang3.StringUtils@replaceEach(java.lang.String,java.lang.String[],java.lang.String[],boolean,int):3852:157454:text == null || text.length() == 0 || searchList == null || searchList.length == 0 || replacementList == null |==> (text == null || text.length() == 0 || searchList == null || searchList.length == 0) != (replacementList == null)
1401:COR:||(boolean,boolean):LHS(boolean,boolean):org.apache.commons.lang3.StringUtils@replaceEach(java.lang.String,java.lang.String[],java.lang.String[],boolean,int):3852:157454:text == null || text.length() == 0 || searchList == null || searchList.length == 0 || replacementList == null |==> text == null || text.length() == 0 || searchList == null || searchList.length == 0
1402:COR:||(boolean,boolean):RHS(boolean,boolean):org.apache.commons.lang3.StringUtils@replaceEach(java.lang.String,java.lang.String[],java.lang.String[],boolean,int):3853:157553:text == null || text.length() == 0 || searchList == null || searchList.length == 0 || replacementList == null |==> replacementList == null
1403:COR:||(boolean,boolean):TRUE(boolean,boolean):org.apache.commons.lang3.StringUtils@replaceEach(java.lang.String,java.lang.String[],java.lang.String[],boolean,int):3853:157550:text == null || text.length() == 0 || searchList == null || searchList.length == 0 || replacementList == null |==> true
1404:LVR:0:POS:org.apache.commons.lang3.StringUtils@replaceEach(java.lang.String,java.lang.String[],java.lang.String[],boolean,int):3853:157606:0 |==> 1
1405:LVR:0:NEG:org.apache.commons.lang3.StringUtils@replaceEach(java.lang.String,java.lang.String[],java.lang.String[],boolean,int):3853:157606:0 |==> -1
1406:ROR:==(int,int):>=(int,int):org.apache.commons.lang3.StringUtils@replaceEach(java.lang.String,java.lang.String[],java.lang.String[],boolean,int):3853:157580:replacementList.length == 0 |==> replacementList.length >= 0
1407:ROR:==(int,int):FALSE(int,int):org.apache.commons.lang3.StringUtils@replaceEach(java.lang.String,java.lang.String[],java.lang.String[],boolean,int):3853:157603:replacementList.length == 0 |==> false
1408:COR:||(boolean,boolean):!=(boolean,boolean):org.apache.commons.lang3.StringUtils@replaceEach(java.lang.String,java.lang.String[],java.lang.String[],boolean,int):3852:157454:text == null || text.length() == 0 || searchList == null || searchList.length == 0 || replacementList == null || replacementList.length == 0 |==> (text == null || text.length() == 0 || searchList == null || searchList.length == 0 || replacementList == null) != (replacementList.length == 0)
1409:COR:||(boolean,boolean):LHS(boolean,boolean):org.apache.commons.lang3.StringUtils@replaceEach(java.lang.String,java.lang.String[],java.lang.String[],boolean,int):3852:157454:text == null || text.length() == 0 || searchList == null || searchList.length == 0 || replacementList == null || replacementList.length == 0 |==> text == null || text.length() == 0 || searchList == null || searchList.length == 0 || replacementList == null
1410:COR:||(boolean,boolean):RHS(boolean,boolean):org.apache.commons.lang3.StringUtils@replaceEach(java.lang.String,java.lang.String[],java.lang.String[],boolean,int):3853:157580:text == null || text.length() == 0 || searchList == null || searchList.length == 0 || replacementList == null || replacementList.length == 0 |==> replacementList.length == 0
1411:COR:||(boolean,boolean):TRUE(boolean,boolean):org.apache.commons.lang3.StringUtils@replaceEach(java.lang.String,java.lang.String[],java.lang.String[],boolean,int):3853:157577:text == null || text.length() == 0 || searchList == null || searchList.length == 0 || replacementList == null || replacementList.length == 0 |==> true
1412:LVR:0:POS:org.apache.commons.lang3.StringUtils@replaceEach(java.lang.String,java.lang.String[],java.lang.String[],boolean,int):3859:157735:0 |==> 1
1413:LVR:0:NEG:org.apache.commons.lang3.StringUtils@replaceEach(java.lang.String,java.lang.String[],java.lang.String[],boolean,int):3859:157735:0 |==> -1
1414:ROR:<(int,int):!=(int,int):org.apache.commons.lang3.StringUtils@replaceEach(java.lang.String,java.lang.String[],java.lang.String[],boolean,int):3859:157722:timeToLive < 0 |==> timeToLive != 0
1415:ROR:<(int,int):<=(int,int):org.apache.commons.lang3.StringUtils@replaceEach(java.lang.String,java.lang.String[],java.lang.String[],boolean,int):3859:157722:timeToLive < 0 |==> timeToLive <= 0
1416:ROR:<(int,int):FALSE(int,int):org.apache.commons.lang3.StringUtils@replaceEach(java.lang.String,java.lang.String[],java.lang.String[],boolean,int):3859:157733:timeToLive < 0 |==> false
1417:ROR:!=(int,int):<(int,int):org.apache.commons.lang3.StringUtils@replaceEach(java.lang.String,java.lang.String[],java.lang.String[],boolean,int):3867:158031:searchLength != replacementLength |==> searchLength < replacementLength
1418:ROR:!=(int,int):>(int,int):org.apache.commons.lang3.StringUtils@replaceEach(java.lang.String,java.lang.String[],java.lang.String[],boolean,int):3867:158031:searchLength != replacementLength |==> searchLength > replacementLength
1419:ROR:!=(int,int):TRUE(int,int):org.apache.commons.lang3.StringUtils@replaceEach(java.lang.String,java.lang.String[],java.lang.String[],boolean,int):3867:158044:searchLength != replacementLength |==> true
1420:LVR:NEG:0:org.apache.commons.lang3.StringUtils@replaceEach(java.lang.String,java.lang.String[],java.lang.String[],boolean,int):3878:158468:-1 |==> 0
1421:LVR:NEG:POS:org.apache.commons.lang3.StringUtils@replaceEach(java.lang.String,java.lang.String[],java.lang.String[],boolean,int):3878:158468:-1 |==> 1
1422:LVR:NEG:0:org.apache.commons.lang3.StringUtils@replaceEach(java.lang.String,java.lang.String[],java.lang.String[],boolean,int):3879:158499:-1 |==> 0
1423:LVR:NEG:POS:org.apache.commons.lang3.StringUtils@replaceEach(java.lang.String,java.lang.String[],java.lang.String[],boolean,int):3879:158499:-1 |==> 1
1424:LVR:0:POS:org.apache.commons.lang3.StringUtils@replaceEach(java.lang.String,java.lang.String[],java.lang.String[],boolean,int):3884:158675:0 |==> 1
1425:LVR:0:NEG:org.apache.commons.lang3.StringUtils@replaceEach(java.lang.String,java.lang.String[],java.lang.String[],boolean,int):3884:158675:0 |==> -1
1426:ROR:<(int,int):!=(int,int):org.apache.commons.lang3.StringUtils@replaceEach(java.lang.String,java.lang.String[],java.lang.String[],boolean,int):3884:158678:i < searchLength |==> i != searchLength
1427:ROR:<(int,int):<=(int,int):org.apache.commons.lang3.StringUtils@replaceEach(java.lang.String,java.lang.String[],java.lang.String[],boolean,int):3884:158678:i < searchLength |==> i <= searchLength
1428:ROR:<(int,int):FALSE(int,int):org.apache.commons.lang3.StringUtils@replaceEach(java.lang.String,java.lang.String[],java.lang.String[],boolean,int):3884:158680:i < searchLength |==> false
1429:ROR:==(java.lang.Object,java.lang.Object):FALSE(java.lang.Object,java.lang.Object):org.apache.commons.lang3.StringUtils@replaceEach(java.lang.String,java.lang.String[],java.lang.String[],boolean,int):3885:158765:searchList[i] == null |==> false
1430:COR:||(boolean,boolean):!=(boolean,boolean):org.apache.commons.lang3.StringUtils@replaceEach(java.lang.String,java.lang.String[],java.lang.String[],boolean,int):3885:158719:noMoreMatchesForReplIndex[i] || searchList[i] == null |==> noMoreMatchesForReplIndex[i] != (searchList[i] == null)
1431:COR:||(boolean,boolean):LHS(boolean,boolean):org.apache.commons.lang3.StringUtils@replaceEach(java.lang.String,java.lang.String[],java.lang.String[],boolean,int):3885:158719:noMoreMatchesForReplIndex[i] || searchList[i] == null |==> noMoreMatchesForReplIndex[i]
1432:COR:||(boolean,boolean):RHS(boolean,boolean):org.apache.commons.lang3.StringUtils@replaceEach(java.lang.String,java.lang.String[],java.lang.String[],boolean,int):3885:158751:noMoreMatchesForReplIndex[i] || searchList[i] == null |==> searchList[i] == null
1433:COR:||(boolean,boolean):TRUE(boolean,boolean):org.apache.commons.lang3.StringUtils@replaceEach(java.lang.String,java.lang.String[],java.lang.String[],boolean,int):3885:158748:noMoreMatchesForReplIndex[i] || searchList[i] == null |==> true
1434:LVR:0:POS:org.apache.commons.lang3.StringUtils@replaceEach(java.lang.String,java.lang.String[],java.lang.String[],boolean,int):3886:158819:0 |==> 1
1435:LVR:0:NEG:org.apache.commons.lang3.StringUtils@replaceEach(java.lang.String,java.lang.String[],java.lang.String[],boolean,int):3886:158819:0 |==> -1
1436:ROR:==(int,int):>=(int,int):org.apache.commons.lang3.StringUtils@replaceEach(java.lang.String,java.lang.String[],java.lang.String[],boolean,int):3886:158793:searchList[i].length() == 0 |==> searchList[i].length() >= 0
1437:ROR:==(int,int):FALSE(int,int):org.apache.commons.lang3.StringUtils@replaceEach(java.lang.String,java.lang.String[],java.lang.String[],boolean,int):3886:158816:searchList[i].length() == 0 |==> false
1438:COR:||(boolean,boolean):!=(boolean,boolean):org.apache.commons.lang3.StringUtils@replaceEach(java.lang.String,java.lang.String[],java.lang.String[],boolean,int):3885:158719:noMoreMatchesForReplIndex[i] || searchList[i] == null || searchList[i].length() == 0 |==> (noMoreMatchesForReplIndex[i] || searchList[i] == null) != (searchList[i].length() == 0)
1439:COR:||(boolean,boolean):LHS(boolean,boolean):org.apache.commons.lang3.StringUtils@replaceEach(java.lang.String,java.lang.String[],java.lang.String[],boolean,int):3885:158719:noMoreMatchesForReplIndex[i] || searchList[i] == null || searchList[i].length() == 0 |==> noMoreMatchesForReplIndex[i] || searchList[i] == null
1440:COR:||(boolean,boolean):RHS(boolean,boolean):org.apache.commons.lang3.StringUtils@replaceEach(java.lang.String,java.lang.String[],java.lang.String[],boolean,int):3886:158793:noMoreMatchesForReplIndex[i] || searchList[i] == null || searchList[i].length() == 0 |==> searchList[i].length() == 0
1441:COR:||(boolean,boolean):TRUE(boolean,boolean):org.apache.commons.lang3.StringUtils@replaceEach(java.lang.String,java.lang.String[],java.lang.String[],boolean,int):3885:158773:noMoreMatchesForReplIndex[i] || searchList[i] == null || searchList[i].length() == 0 |==> true
1442:ROR:==(java.lang.Object,java.lang.Object):FALSE(java.lang.Object,java.lang.Object):org.apache.commons.lang3.StringUtils@replaceEach(java.lang.String,java.lang.String[],java.lang.String[],boolean,int):3886:158843:replacementList[i] == null |==> false
1443:COR:||(boolean,boolean):!=(boolean,boolean):org.apache.commons.lang3.StringUtils@replaceEach(java.lang.String,java.lang.String[],java.lang.String[],boolean,int):3885:158719:noMoreMatchesForReplIndex[i] || searchList[i] == null || searchList[i].length() == 0 || replacementList[i] == null |==> (noMoreMatchesForReplIndex[i] || searchList[i] == null || searchList[i].length() == 0) != (replacementList[i] == null)
1444:COR:||(boolean,boolean):LHS(boolean,boolean):org.apache.commons.lang3.StringUtils@replaceEach(java.lang.String,java.lang.String[],java.lang.String[],boolean,int):3885:158719:noMoreMatchesForReplIndex[i] || searchList[i] == null || searchList[i].length() == 0 || replacementList[i] == null |==> noMoreMatchesForReplIndex[i] || searchList[i] == null || searchList[i].length() == 0
1445:COR:||(boolean,boolean):RHS(boolean,boolean):org.apache.commons.lang3.StringUtils@replaceEach(java.lang.String,java.lang.String[],java.lang.String[],boolean,int):3886:158824:noMoreMatchesForReplIndex[i] || searchList[i] == null || searchList[i].length() == 0 || replacementList[i] == null |==> replacementList[i] == null
1446:COR:||(boolean,boolean):TRUE(boolean,boolean):org.apache.commons.lang3.StringUtils@replaceEach(java.lang.String,java.lang.String[],java.lang.String[],boolean,int):3886:158821:noMoreMatchesForReplIndex[i] || searchList[i] == null || searchList[i].length() == 0 || replacementList[i] == null |==> true
1447:STD:<ASSIGN>:<NO-OP>:org.apache.commons.lang3.StringUtils@replaceEach(java.lang.String,java.lang.String[],java.lang.String[],boolean,int):3890:158919:tempIndex = text.indexOf(searchList[i]); |==> <NO-OP>
1448:LVR:NEG:0:org.apache.commons.lang3.StringUtils@replaceEach(java.lang.String,java.lang.String[],java.lang.String[],boolean,int):3893:159047:-1 |==> 0
1449:LVR:NEG:POS:org.apache.commons.lang3.StringUtils@replaceEach(java.lang.String,java.lang.String[],java.lang.String[],boolean,int):3893:159047:-1 |==> 1
1450:ROR:==(int,int):<=(int,int):org.apache.commons.lang3.StringUtils@replaceEach(java.lang.String,java.lang.String[],java.lang.String[],boolean,int):3893:159034:tempIndex == -1 |==> tempIndex <= -1
1451:ROR:==(int,int):>=(int,int):org.apache.commons.lang3.StringUtils@replaceEach(java.lang.String,java.lang.String[],java.lang.String[],boolean,int):3893:159034:tempIndex == -1 |==> tempIndex >= -1
1452:ROR:==(int,int):FALSE(int,int):org.apache.commons.lang3.StringUtils@replaceEach(java.lang.String,java.lang.String[],java.lang.String[],boolean,int):3893:159044:tempIndex == -1 |==> false
1453:LVR:TRUE:FALSE:org.apache.commons.lang3.StringUtils@replaceEach(java.lang.String,java.lang.String[],java.lang.String[],boolean,int):3894:159100:true |==> false
1454:STD:<ASSIGN>:<NO-OP>:org.apache.commons.lang3.StringUtils@replaceEach(java.lang.String,java.lang.String[],java.lang.String[],boolean,int):3894:159069:noMoreMatchesForReplIndex[i] = true; |==> <NO-OP>
1455:LVR:NEG:0:org.apache.commons.lang3.StringUtils@replaceEach(java.lang.String,java.lang.String[],java.lang.String[],boolean,int):3896:159160:-1 |==> 0
1456:LVR:NEG:POS:org.apache.commons.lang3.StringUtils@replaceEach(java.lang.String,java.lang.String[],java.lang.String[],boolean,int):3896:159160:-1 |==> 1
1457:ROR:==(int,int):<=(int,int):org.apache.commons.lang3.StringUtils@replaceEach(java.lang.String,java.lang.String[],java.lang.String[],boolean,int):3896:159147:textIndex == -1 |==> textIndex <= -1
1458:ROR:==(int,int):>=(int,int):org.apache.commons.lang3.StringUtils@replaceEach(java.lang.String,java.lang.String[],java.lang.String[],boolean,int):3896:159147:textIndex == -1 |==> textIndex >= -1
1459:ROR:==(int,int):FALSE(int,int):org.apache.commons.lang3.StringUtils@replaceEach(java.lang.String,java.lang.String[],java.lang.String[],boolean,int):3896:159157:textIndex == -1 |==> false
1460:ROR:<(int,int):!=(int,int):org.apache.commons.lang3.StringUtils@replaceEach(java.lang.String,java.lang.String[],java.lang.String[],boolean,int):3896:159166:tempIndex < textIndex |==> tempIndex != textIndex
1461:ROR:<(int,int):<=(int,int):org.apache.commons.lang3.StringUtils@replaceEach(java.lang.String,java.lang.String[],java.lang.String[],boolean,int):3896:159166:tempIndex < textIndex |==> tempIndex <= textIndex
1462:ROR:<(int,int):FALSE(int,int):org.apache.commons.lang3.StringUtils@replaceEach(java.lang.String,java.lang.String[],java.lang.String[],boolean,int):3896:159176:tempIndex < textIndex |==> false
1463:COR:||(boolean,boolean):!=(boolean,boolean):org.apache.commons.lang3.StringUtils@replaceEach(java.lang.String,java.lang.String[],java.lang.String[],boolean,int):3896:159147:textIndex == -1 || tempIndex < textIndex |==> textIndex == -1 != tempIndex < textIndex
1464:COR:||(boolean,boolean):LHS(boolean,boolean):org.apache.commons.lang3.StringUtils@replaceEach(java.lang.String,java.lang.String[],java.lang.String[],boolean,int):3896:159147:textIndex == -1 || tempIndex < textIndex |==> textIndex == -1
1465:COR:||(boolean,boolean):RHS(boolean,boolean):org.apache.commons.lang3.StringUtils@replaceEach(java.lang.String,java.lang.String[],java.lang.String[],boolean,int):3896:159166:textIndex == -1 || tempIndex < textIndex |==> tempIndex < textIndex
1466:COR:||(boolean,boolean):TRUE(boolean,boolean):org.apache.commons.lang3.StringUtils@replaceEach(java.lang.String,java.lang.String[],java.lang.String[],boolean,int):3896:159163:textIndex == -1 || tempIndex < textIndex |==> true
1467:STD:<ASSIGN>:<NO-OP>:org.apache.commons.lang3.StringUtils@replaceEach(java.lang.String,java.lang.String[],java.lang.String[],boolean,int):3897:159211:textIndex = tempIndex; |==> <NO-OP>
1468:STD:<ASSIGN>:<NO-OP>:org.apache.commons.lang3.StringUtils@replaceEach(java.lang.String,java.lang.String[],java.lang.String[],boolean,int):3898:159254:replaceIndex = i; |==> <NO-OP>
1469:LVR:NEG:0:org.apache.commons.lang3.StringUtils@replaceEach(java.lang.String,java.lang.String[],java.lang.String[],boolean,int):3905:159428:-1 |==> 0
1470:LVR:NEG:POS:org.apache.commons.lang3.StringUtils@replaceEach(java.lang.String,java.lang.String[],java.lang.String[],boolean,int):3905:159428:-1 |==> 1
1471:ROR:==(int,int):<=(int,int):org.apache.commons.lang3.StringUtils@replaceEach(java.lang.String,java.lang.String[],java.lang.String[],boolean,int):3905:159415:textIndex == -1 |==> textIndex <= -1
1472:ROR:==(int,int):>=(int,int):org.apache.commons.lang3.StringUtils@replaceEach(java.lang.String,java.lang.String[],java.lang.String[],boolean,int):3905:159415:textIndex == -1 |==> textIndex >= -1
1473:ROR:==(int,int):FALSE(int,int):org.apache.commons.lang3.StringUtils@replaceEach(java.lang.String,java.lang.String[],java.lang.String[],boolean,int):3905:159425:textIndex == -1 |==> false
1474:LVR:0:POS:org.apache.commons.lang3.StringUtils@replaceEach(java.lang.String,java.lang.String[],java.lang.String[],boolean,int):3909:159490:0 |==> 1
1475:LVR:0:NEG:org.apache.commons.lang3.StringUtils@replaceEach(java.lang.String,java.lang.String[],java.lang.String[],boolean,int):3909:159490:0 |==> -1
1476:LVR:0:POS:org.apache.commons.lang3.StringUtils@replaceEach(java.lang.String,java.lang.String[],java.lang.String[],boolean,int):3912:159628:0 |==> 1
1477:LVR:0:NEG:org.apache.commons.lang3.StringUtils@replaceEach(java.lang.String,java.lang.String[],java.lang.String[],boolean,int):3912:159628:0 |==> -1
1478:LVR:0:POS:org.apache.commons.lang3.StringUtils@replaceEach(java.lang.String,java.lang.String[],java.lang.String[],boolean,int):3915:159761:0 |==> 1
1479:LVR:0:NEG:org.apache.commons.lang3.StringUtils@replaceEach(java.lang.String,java.lang.String[],java.lang.String[],boolean,int):3915:159761:0 |==> -1
1480:ROR:<(int,int):<=(int,int):org.apache.commons.lang3.StringUtils@replaceEach(java.lang.String,java.lang.String[],java.lang.String[],boolean,int):3915:159764:i < searchList.length |==> i <= searchList.length
1481:ROR:<(int,int):FALSE(int,int):org.apache.commons.lang3.StringUtils@replaceEach(java.lang.String,java.lang.String[],java.lang.String[],boolean,int):3915:159766:i < searchList.length |==> false
1482:ROR:==(java.lang.Object,java.lang.Object):FALSE(java.lang.Object,java.lang.Object):org.apache.commons.lang3.StringUtils@replaceEach(java.lang.String,java.lang.String[],java.lang.String[],boolean,int):3916:159824:searchList[i] == null |==> false
1483:ROR:==(java.lang.Object,java.lang.Object):FALSE(java.lang.Object,java.lang.Object):org.apache.commons.lang3.StringUtils@replaceEach(java.lang.String,java.lang.String[],java.lang.String[],boolean,int):3916:159854:replacementList[i] == null |==> false
1484:COR:||(boolean,boolean):!=(boolean,boolean):org.apache.commons.lang3.StringUtils@replaceEach(java.lang.String,java.lang.String[],java.lang.String[],boolean,int):3916:159810:searchList[i] == null || replacementList[i] == null |==> searchList[i] == null != (replacementList[i] == null)
1485:COR:||(boolean,boolean):LHS(boolean,boolean):org.apache.commons.lang3.StringUtils@replaceEach(java.lang.String,java.lang.String[],java.lang.String[],boolean,int):3916:159810:searchList[i] == null || replacementList[i] == null |==> searchList[i] == null
1486:COR:||(boolean,boolean):RHS(boolean,boolean):org.apache.commons.lang3.StringUtils@replaceEach(java.lang.String,java.lang.String[],java.lang.String[],boolean,int):3916:159835:searchList[i] == null || replacementList[i] == null |==> replacementList[i] == null
1487:COR:||(boolean,boolean):TRUE(boolean,boolean):org.apache.commons.lang3.StringUtils@replaceEach(java.lang.String,java.lang.String[],java.lang.String[],boolean,int):3916:159832:searchList[i] == null || replacementList[i] == null |==> true
1488:AOR:-(int,int):%(int,int):org.apache.commons.lang3.StringUtils@replaceEach(java.lang.String,java.lang.String[],java.lang.String[],boolean,int):3919:159931:replacementList[i].length() - searchList[i].length() |==> replacementList[i].length() % searchList[i].length()
1489:AOR:-(int,int):*(int,int):org.apache.commons.lang3.StringUtils@replaceEach(java.lang.String,java.lang.String[],java.lang.String[],boolean,int):3919:159931:replacementList[i].length() - searchList[i].length() |==> replacementList[i].length() * searchList[i].length()
1490:AOR:-(int,int):+(int,int):org.apache.commons.lang3.StringUtils@replaceEach(java.lang.String,java.lang.String[],java.lang.String[],boolean,int):3919:159931:replacementList[i].length() - searchList[i].length() |==> replacementList[i].length() + searchList[i].length()
1491:AOR:-(int,int):/(int,int):org.apache.commons.lang3.StringUtils@replaceEach(java.lang.String,java.lang.String[],java.lang.String[],boolean,int):3919:159931:replacementList[i].length() - searchList[i].length() |==> replacementList[i].length() / searchList[i].length()
1492:LVR:0:POS:org.apache.commons.lang3.StringUtils@replaceEach(java.lang.String,java.lang.String[],java.lang.String[],boolean,int):3920:160011:0 |==> 1
1493:LVR:0:NEG:org.apache.commons.lang3.StringUtils@replaceEach(java.lang.String,java.lang.String[],java.lang.String[],boolean,int):3920:160011:0 |==> -1
1494:ROR:>(int,int):!=(int,int):org.apache.commons.lang3.StringUtils@replaceEach(java.lang.String,java.lang.String[],java.lang.String[],boolean,int):3920:160001:greater > 0 |==> greater != 0
1495:ROR:>(int,int):>=(int,int):org.apache.commons.lang3.StringUtils@replaceEach(java.lang.String,java.lang.String[],java.lang.String[],boolean,int):3920:160001:greater > 0 |==> greater >= 0
1496:ROR:>(int,int):FALSE(int,int):org.apache.commons.lang3.StringUtils@replaceEach(java.lang.String,java.lang.String[],java.lang.String[],boolean,int):3920:160009:greater > 0 |==> false
1497:LVR:POS:0:org.apache.commons.lang3.StringUtils@replaceEach(java.lang.String,java.lang.String[],java.lang.String[],boolean,int):3921:160044:3 |==> 0
1498:LVR:POS:NEG:org.apache.commons.lang3.StringUtils@replaceEach(java.lang.String,java.lang.String[],java.lang.String[],boolean,int):3921:160044:3 |==> -3
1499:AOR:*(int,int):%(int,int):org.apache.commons.lang3.StringUtils@replaceEach(java.lang.String,java.lang.String[],java.lang.String[],boolean,int):3921:160044:3 * greater |==> 3 % greater
1500:AOR:*(int,int):+(int,int):org.apache.commons.lang3.StringUtils@replaceEach(java.lang.String,java.lang.String[],java.lang.String[],boolean,int):3921:160044:3 * greater |==> 3 + greater
1501:AOR:*(int,int):-(int,int):org.apache.commons.lang3.StringUtils@replaceEach(java.lang.String,java.lang.String[],java.lang.String[],boolean,int):3921:160044:3 * greater |==> 3 - greater
1502:AOR:*(int,int):/(int,int):org.apache.commons.lang3.StringUtils@replaceEach(java.lang.String,java.lang.String[],java.lang.String[],boolean,int):3921:160044:3 * greater |==> 3 / greater
1503:STD:<ASSIGN>:<NO-OP>:org.apache.commons.lang3.StringUtils@replaceEach(java.lang.String,java.lang.String[],java.lang.String[],boolean,int):3921:160032:increase += 3 * greater; |==> <NO-OP>
1504:LVR:POS:0:org.apache.commons.lang3.StringUtils@replaceEach(java.lang.String,java.lang.String[],java.lang.String[],boolean,int):3925:160224:5 |==> 0
1505:LVR:POS:NEG:org.apache.commons.lang3.StringUtils@replaceEach(java.lang.String,java.lang.String[],java.lang.String[],boolean,int):3925:160224:5 |==> -5
1506:AOR:/(int,int):%(int,int):org.apache.commons.lang3.StringUtils@replaceEach(java.lang.String,java.lang.String[],java.lang.String[],boolean,int):3925:160208:text.length() / 5 |==> text.length() % 5
1507:AOR:/(int,int):*(int,int):org.apache.commons.lang3.StringUtils@replaceEach(java.lang.String,java.lang.String[],java.lang.String[],boolean,int):3925:160208:text.length() / 5 |==> text.length() * 5
1508:AOR:/(int,int):+(int,int):org.apache.commons.lang3.StringUtils@replaceEach(java.lang.String,java.lang.String[],java.lang.String[],boolean,int):3925:160208:text.length() / 5 |==> text.length() + 5
1509:AOR:/(int,int):-(int,int):org.apache.commons.lang3.StringUtils@replaceEach(java.lang.String,java.lang.String[],java.lang.String[],boolean,int):3925:160208:text.length() / 5 |==> text.length() - 5
1510:STD:<ASSIGN>:<NO-OP>:org.apache.commons.lang3.StringUtils@replaceEach(java.lang.String,java.lang.String[],java.lang.String[],boolean,int):3925:160178:increase = Math.min(increase, text.length() / 5); |==> <NO-OP>
1511:AOR:+(int,int):%(int,int):org.apache.commons.lang3.StringUtils@replaceEach(java.lang.String,java.lang.String[],java.lang.String[],boolean,int):3927:160275:text.length() + increase |==> text.length() % increase
1512:AOR:+(int,int):*(int,int):org.apache.commons.lang3.StringUtils@replaceEach(java.lang.String,java.lang.String[],java.lang.String[],boolean,int):3927:160275:text.length() + increase |==> text.length() * increase
1513:AOR:+(int,int):-(int,int):org.apache.commons.lang3.StringUtils@replaceEach(java.lang.String,java.lang.String[],java.lang.String[],boolean,int):3927:160275:text.length() + increase |==> text.length() - increase
1514:AOR:+(int,int):/(int,int):org.apache.commons.lang3.StringUtils@replaceEach(java.lang.String,java.lang.String[],java.lang.String[],boolean,int):3927:160275:text.length() + increase |==> text.length() / increase
1515:LVR:NEG:0:org.apache.commons.lang3.StringUtils@replaceEach(java.lang.String,java.lang.String[],java.lang.String[],boolean,int):3929:160331:-1 |==> 0
1516:LVR:NEG:POS:org.apache.commons.lang3.StringUtils@replaceEach(java.lang.String,java.lang.String[],java.lang.String[],boolean,int):3929:160331:-1 |==> 1
1517:ROR:!=(int,int):<(int,int):org.apache.commons.lang3.StringUtils@replaceEach(java.lang.String,java.lang.String[],java.lang.String[],boolean,int):3929:160318:textIndex != -1 |==> textIndex < -1
1518:ROR:!=(int,int):>(int,int):org.apache.commons.lang3.StringUtils@replaceEach(java.lang.String,java.lang.String[],java.lang.String[],boolean,int):3929:160318:textIndex != -1 |==> textIndex > -1
1519:ROR:!=(int,int):TRUE(int,int):org.apache.commons.lang3.StringUtils@replaceEach(java.lang.String,java.lang.String[],java.lang.String[],boolean,int):3929:160328:textIndex != -1 |==> true
1520:ROR:<(int,int):!=(int,int):org.apache.commons.lang3.StringUtils@replaceEach(java.lang.String,java.lang.String[],java.lang.String[],boolean,int):3931:160370:i < textIndex |==> i != textIndex
1521:ROR:<(int,int):<=(int,int):org.apache.commons.lang3.StringUtils@replaceEach(java.lang.String,java.lang.String[],java.lang.String[],boolean,int):3931:160370:i < textIndex |==> i <= textIndex
1522:ROR:<(int,int):FALSE(int,int):org.apache.commons.lang3.StringUtils@replaceEach(java.lang.String,java.lang.String[],java.lang.String[],boolean,int):3931:160372:i < textIndex |==> false
1523:STD:<CALL>:<NO-OP>:org.apache.commons.lang3.StringUtils@replaceEach(java.lang.String,java.lang.String[],java.lang.String[],boolean,int):3932:160408:buf.append(text.charAt(i)); |==> <NO-OP>
1524:STD:<CALL>:<NO-OP>:org.apache.commons.lang3.StringUtils@replaceEach(java.lang.String,java.lang.String[],java.lang.String[],boolean,int):3934:160462:buf.append(replacementList[replaceIndex]); |==> <NO-OP>
1525:AOR:+(int,int):%(int,int):org.apache.commons.lang3.StringUtils@replaceEach(java.lang.String,java.lang.String[],java.lang.String[],boolean,int):3936:160526:textIndex + searchList[replaceIndex].length() |==> textIndex % searchList[replaceIndex].length()
1526:AOR:+(int,int):*(int,int):org.apache.commons.lang3.StringUtils@replaceEach(java.lang.String,java.lang.String[],java.lang.String[],boolean,int):3936:160526:textIndex + searchList[replaceIndex].length() |==> textIndex * searchList[replaceIndex].length()
1527:AOR:+(int,int):-(int,int):org.apache.commons.lang3.StringUtils@replaceEach(java.lang.String,java.lang.String[],java.lang.String[],boolean,int):3936:160526:textIndex + searchList[replaceIndex].length() |==> textIndex - searchList[replaceIndex].length()
1528:AOR:+(int,int):/(int,int):org.apache.commons.lang3.StringUtils@replaceEach(java.lang.String,java.lang.String[],java.lang.String[],boolean,int):3936:160526:textIndex + searchList[replaceIndex].length() |==> textIndex / searchList[replaceIndex].length()
1529:STD:<ASSIGN>:<NO-OP>:org.apache.commons.lang3.StringUtils@replaceEach(java.lang.String,java.lang.String[],java.lang.String[],boolean,int):3936:160518:start = textIndex + searchList[replaceIndex].length(); |==> <NO-OP>
1530:LVR:NEG:0:org.apache.commons.lang3.StringUtils@replaceEach(java.lang.String,java.lang.String[],java.lang.String[],boolean,int):3938:160598:-1 |==> 0
1531:LVR:NEG:POS:org.apache.commons.lang3.StringUtils@replaceEach(java.lang.String,java.lang.String[],java.lang.String[],boolean,int):3938:160598:-1 |==> 1
1532:STD:<ASSIGN>:<NO-OP>:org.apache.commons.lang3.StringUtils@replaceEach(java.lang.String,java.lang.String[],java.lang.String[],boolean,int):3938:160586:textIndex = -1; |==> <NO-OP>
1533:LVR:NEG:0:org.apache.commons.lang3.StringUtils@replaceEach(java.lang.String,java.lang.String[],java.lang.String[],boolean,int):3939:160629:-1 |==> 0
1534:LVR:NEG:POS:org.apache.commons.lang3.StringUtils@replaceEach(java.lang.String,java.lang.String[],java.lang.String[],boolean,int):3939:160629:-1 |==> 1
1535:STD:<ASSIGN>:<NO-OP>:org.apache.commons.lang3.StringUtils@replaceEach(java.lang.String,java.lang.String[],java.lang.String[],boolean,int):3939:160614:replaceIndex = -1; |==> <NO-OP>
1536:LVR:NEG:0:org.apache.commons.lang3.StringUtils@replaceEach(java.lang.String,java.lang.String[],java.lang.String[],boolean,int):3940:160657:-1 |==> 0
1537:LVR:NEG:POS:org.apache.commons.lang3.StringUtils@replaceEach(java.lang.String,java.lang.String[],java.lang.String[],boolean,int):3940:160657:-1 |==> 1
1538:STD:<ASSIGN>:<NO-OP>:org.apache.commons.lang3.StringUtils@replaceEach(java.lang.String,java.lang.String[],java.lang.String[],boolean,int):3940:160645:tempIndex = -1; |==> <NO-OP>
1539:LVR:0:POS:org.apache.commons.lang3.StringUtils@replaceEach(java.lang.String,java.lang.String[],java.lang.String[],boolean,int):3943:160787:0 |==> 1
1540:LVR:0:NEG:org.apache.commons.lang3.StringUtils@replaceEach(java.lang.String,java.lang.String[],java.lang.String[],boolean,int):3943:160787:0 |==> -1
1541:ROR:<(int,int):!=(int,int):org.apache.commons.lang3.StringUtils@replaceEach(java.lang.String,java.lang.String[],java.lang.String[],boolean,int):3943:160790:i < searchLength |==> i != searchLength
1542:ROR:<(int,int):<=(int,int):org.apache.commons.lang3.StringUtils@replaceEach(java.lang.String,java.lang.String[],java.lang.String[],boolean,int):3943:160790:i < searchLength |==> i <= searchLength
1543:ROR:<(int,int):FALSE(int,int):org.apache.commons.lang3.StringUtils@replaceEach(java.lang.String,java.lang.String[],java.lang.String[],boolean,int):3943:160792:i < searchLength |==> false
1544:ROR:==(java.lang.Object,java.lang.Object):FALSE(java.lang.Object,java.lang.Object):org.apache.commons.lang3.StringUtils@replaceEach(java.lang.String,java.lang.String[],java.lang.String[],boolean,int):3944:160881:searchList[i] == null |==> false
1545:COR:||(boolean,boolean):!=(boolean,boolean):org.apache.commons.lang3.StringUtils@replaceEach(java.lang.String,java.lang.String[],java.lang.String[],boolean,int):3944:160835:noMoreMatchesForReplIndex[i] || searchList[i] == null |==> noMoreMatchesForReplIndex[i] != (searchList[i] == null)
1546:COR:||(boolean,boolean):LHS(boolean,boolean):org.apache.commons.lang3.StringUtils@replaceEach(java.lang.String,java.lang.String[],java.lang.String[],boolean,int):3944:160835:noMoreMatchesForReplIndex[i] || searchList[i] == null |==> noMoreMatchesForReplIndex[i]
1547:COR:||(boolean,boolean):RHS(boolean,boolean):org.apache.commons.lang3.StringUtils@replaceEach(java.lang.String,java.lang.String[],java.lang.String[],boolean,int):3944:160867:noMoreMatchesForReplIndex[i] || searchList[i] == null |==> searchList[i] == null
1548:COR:||(boolean,boolean):TRUE(boolean,boolean):org.apache.commons.lang3.StringUtils@replaceEach(java.lang.String,java.lang.String[],java.lang.String[],boolean,int):3944:160864:noMoreMatchesForReplIndex[i] || searchList[i] == null |==> true
1549:LVR:0:POS:org.apache.commons.lang3.StringUtils@replaceEach(java.lang.String,java.lang.String[],java.lang.String[],boolean,int):3945:160939:0 |==> 1
1550:LVR:0:NEG:org.apache.commons.lang3.StringUtils@replaceEach(java.lang.String,java.lang.String[],java.lang.String[],boolean,int):3945:160939:0 |==> -1
1551:ROR:==(int,int):>=(int,int):org.apache.commons.lang3.StringUtils@replaceEach(java.lang.String,java.lang.String[],java.lang.String[],boolean,int):3945:160913:searchList[i].length() == 0 |==> searchList[i].length() >= 0
1552:ROR:==(int,int):FALSE(int,int):org.apache.commons.lang3.StringUtils@replaceEach(java.lang.String,java.lang.String[],java.lang.String[],boolean,int):3945:160936:searchList[i].length() == 0 |==> false
1553:COR:||(boolean,boolean):!=(boolean,boolean):org.apache.commons.lang3.StringUtils@replaceEach(java.lang.String,java.lang.String[],java.lang.String[],boolean,int):3944:160835:noMoreMatchesForReplIndex[i] || searchList[i] == null || searchList[i].length() == 0 |==> (noMoreMatchesForReplIndex[i] || searchList[i] == null) != (searchList[i].length() == 0)
1554:COR:||(boolean,boolean):LHS(boolean,boolean):org.apache.commons.lang3.StringUtils@replaceEach(java.lang.String,java.lang.String[],java.lang.String[],boolean,int):3944:160835:noMoreMatchesForReplIndex[i] || searchList[i] == null || searchList[i].length() == 0 |==> noMoreMatchesForReplIndex[i] || searchList[i] == null
1555:COR:||(boolean,boolean):RHS(boolean,boolean):org.apache.commons.lang3.StringUtils@replaceEach(java.lang.String,java.lang.String[],java.lang.String[],boolean,int):3945:160913:noMoreMatchesForReplIndex[i] || searchList[i] == null || searchList[i].length() == 0 |==> searchList[i].length() == 0
1556:COR:||(boolean,boolean):TRUE(boolean,boolean):org.apache.commons.lang3.StringUtils@replaceEach(java.lang.String,java.lang.String[],java.lang.String[],boolean,int):3944:160889:noMoreMatchesForReplIndex[i] || searchList[i] == null || searchList[i].length() == 0 |==> true
1557:ROR:==(java.lang.Object,java.lang.Object):FALSE(java.lang.Object,java.lang.Object):org.apache.commons.lang3.StringUtils@replaceEach(java.lang.String,java.lang.String[],java.lang.String[],boolean,int):3945:160963:replacementList[i] == null |==> false
1558:COR:||(boolean,boolean):!=(boolean,boolean):org.apache.commons.lang3.StringUtils@replaceEach(java.lang.String,java.lang.String[],java.lang.String[],boolean,int):3944:160835:noMoreMatchesForReplIndex[i] || searchList[i] == null || searchList[i].length() == 0 || replacementList[i] == null |==> (noMoreMatchesForReplIndex[i] || searchList[i] == null || searchList[i].length() == 0) != (replacementList[i] == null)
1559:COR:||(boolean,boolean):LHS(boolean,boolean):org.apache.commons.lang3.StringUtils@replaceEach(java.lang.String,java.lang.String[],java.lang.String[],boolean,int):3944:160835:noMoreMatchesForReplIndex[i] || searchList[i] == null || searchList[i].length() == 0 || replacementList[i] == null |==> noMoreMatchesForReplIndex[i] || searchList[i] == null || searchList[i].length() == 0
1560:COR:||(boolean,boolean):RHS(boolean,boolean):org.apache.commons.lang3.StringUtils@replaceEach(java.lang.String,java.lang.String[],java.lang.String[],boolean,int):3945:160944:noMoreMatchesForReplIndex[i] || searchList[i] == null || searchList[i].length() == 0 || replacementList[i] == null |==> replacementList[i] == null
1561:COR:||(boolean,boolean):TRUE(boolean,boolean):org.apache.commons.lang3.StringUtils@replaceEach(java.lang.String,java.lang.String[],java.lang.String[],boolean,int):3945:160941:noMoreMatchesForReplIndex[i] || searchList[i] == null || searchList[i].length() == 0 || replacementList[i] == null |==> true
1562:STD:<ASSIGN>:<NO-OP>:org.apache.commons.lang3.StringUtils@replaceEach(java.lang.String,java.lang.String[],java.lang.String[],boolean,int):3949:161055:tempIndex = text.indexOf(searchList[i], start); |==> <NO-OP>
1563:LVR:NEG:0:org.apache.commons.lang3.StringUtils@replaceEach(java.lang.String,java.lang.String[],java.lang.String[],boolean,int):3952:161198:-1 |==> 0
1564:LVR:NEG:POS:org.apache.commons.lang3.StringUtils@replaceEach(java.lang.String,java.lang.String[],java.lang.String[],boolean,int):3952:161198:-1 |==> 1
1565:ROR:==(int,int):<=(int,int):org.apache.commons.lang3.StringUtils@replaceEach(java.lang.String,java.lang.String[],java.lang.String[],boolean,int):3952:161185:tempIndex == -1 |==> tempIndex <= -1
1566:ROR:==(int,int):>=(int,int):org.apache.commons.lang3.StringUtils@replaceEach(java.lang.String,java.lang.String[],java.lang.String[],boolean,int):3952:161185:tempIndex == -1 |==> tempIndex >= -1
1567:ROR:==(int,int):FALSE(int,int):org.apache.commons.lang3.StringUtils@replaceEach(java.lang.String,java.lang.String[],java.lang.String[],boolean,int):3952:161195:tempIndex == -1 |==> false
1568:LVR:TRUE:FALSE:org.apache.commons.lang3.StringUtils@replaceEach(java.lang.String,java.lang.String[],java.lang.String[],boolean,int):3953:161255:true |==> false
1569:STD:<ASSIGN>:<NO-OP>:org.apache.commons.lang3.StringUtils@replaceEach(java.lang.String,java.lang.String[],java.lang.String[],boolean,int):3953:161224:noMoreMatchesForReplIndex[i] = true; |==> <NO-OP>
1570:LVR:NEG:0:org.apache.commons.lang3.StringUtils@replaceEach(java.lang.String,java.lang.String[],java.lang.String[],boolean,int):3955:161323:-1 |==> 0
1571:LVR:NEG:POS:org.apache.commons.lang3.StringUtils@replaceEach(java.lang.String,java.lang.String[],java.lang.String[],boolean,int):3955:161323:-1 |==> 1
1572:ROR:==(int,int):<=(int,int):org.apache.commons.lang3.StringUtils@replaceEach(java.lang.String,java.lang.String[],java.lang.String[],boolean,int):3955:161310:textIndex == -1 |==> textIndex <= -1
1573:ROR:==(int,int):>=(int,int):org.apache.commons.lang3.StringUtils@replaceEach(java.lang.String,java.lang.String[],java.lang.String[],boolean,int):3955:161310:textIndex == -1 |==> textIndex >= -1
1574:ROR:==(int,int):FALSE(int,int):org.apache.commons.lang3.StringUtils@replaceEach(java.lang.String,java.lang.String[],java.lang.String[],boolean,int):3955:161320:textIndex == -1 |==> false
1575:ROR:<(int,int):!=(int,int):org.apache.commons.lang3.StringUtils@replaceEach(java.lang.String,java.lang.String[],java.lang.String[],boolean,int):3955:161329:tempIndex < textIndex |==> tempIndex != textIndex
1576:ROR:<(int,int):<=(int,int):org.apache.commons.lang3.StringUtils@replaceEach(java.lang.String,java.lang.String[],java.lang.String[],boolean,int):3955:161329:tempIndex < textIndex |==> tempIndex <= textIndex
1577:ROR:<(int,int):FALSE(int,int):org.apache.commons.lang3.StringUtils@replaceEach(java.lang.String,java.lang.String[],java.lang.String[],boolean,int):3955:161339:tempIndex < textIndex |==> false
1578:COR:||(boolean,boolean):!=(boolean,boolean):org.apache.commons.lang3.StringUtils@replaceEach(java.lang.String,java.lang.String[],java.lang.String[],boolean,int):3955:161310:textIndex == -1 || tempIndex < textIndex |==> textIndex == -1 != tempIndex < textIndex
1579:COR:||(boolean,boolean):LHS(boolean,boolean):org.apache.commons.lang3.StringUtils@replaceEach(java.lang.String,java.lang.String[],java.lang.String[],boolean,int):3955:161310:textIndex == -1 || tempIndex < textIndex |==> textIndex == -1
1580:COR:||(boolean,boolean):RHS(boolean,boolean):org.apache.commons.lang3.StringUtils@replaceEach(java.lang.String,java.lang.String[],java.lang.String[],boolean,int):3955:161329:textIndex == -1 || tempIndex < textIndex |==> tempIndex < textIndex
1581:COR:||(boolean,boolean):TRUE(boolean,boolean):org.apache.commons.lang3.StringUtils@replaceEach(java.lang.String,java.lang.String[],java.lang.String[],boolean,int):3955:161326:textIndex == -1 || tempIndex < textIndex |==> true
1582:STD:<ASSIGN>:<NO-OP>:org.apache.commons.lang3.StringUtils@replaceEach(java.lang.String,java.lang.String[],java.lang.String[],boolean,int):3956:161378:textIndex = tempIndex; |==> <NO-OP>
1583:STD:<ASSIGN>:<NO-OP>:org.apache.commons.lang3.StringUtils@replaceEach(java.lang.String,java.lang.String[],java.lang.String[],boolean,int):3957:161425:replaceIndex = i; |==> <NO-OP>
1584:ROR:<(int,int):!=(int,int):org.apache.commons.lang3.StringUtils@replaceEach(java.lang.String,java.lang.String[],java.lang.String[],boolean,int):3965:161624:i < textLength |==> i != textLength
1585:ROR:<(int,int):<=(int,int):org.apache.commons.lang3.StringUtils@replaceEach(java.lang.String,java.lang.String[],java.lang.String[],boolean,int):3965:161624:i < textLength |==> i <= textLength
1586:ROR:<(int,int):FALSE(int,int):org.apache.commons.lang3.StringUtils@replaceEach(java.lang.String,java.lang.String[],java.lang.String[],boolean,int):3965:161626:i < textLength |==> false
1587:STD:<CALL>:<NO-OP>:org.apache.commons.lang3.StringUtils@replaceEach(java.lang.String,java.lang.String[],java.lang.String[],boolean,int):3966:161659:buf.append(text.charAt(i)); |==> <NO-OP>
1588:COR:<IDENTIFIER(boolean)>:FALSE:org.apache.commons.lang3.StringUtils@replaceEach(java.lang.String,java.lang.String[],java.lang.String[],boolean,int):3969:161750:repeat |==> false
1589:COR:<IDENTIFIER(boolean)>:TRUE:org.apache.commons.lang3.StringUtils@replaceEach(java.lang.String,java.lang.String[],java.lang.String[],boolean,int):3969:161750:repeat |==> true
1590:LVR:POS:0:org.apache.commons.lang3.StringUtils@replaceEach(java.lang.String,java.lang.String[],java.lang.String[],boolean,int):3973:161883:1 |==> 0
1591:LVR:POS:NEG:org.apache.commons.lang3.StringUtils@replaceEach(java.lang.String,java.lang.String[],java.lang.String[],boolean,int):3973:161883:1 |==> -1
1592:AOR:-(int,int):%(int,int):org.apache.commons.lang3.StringUtils@replaceEach(java.lang.String,java.lang.String[],java.lang.String[],boolean,int):3973:161870:timeToLive - 1 |==> timeToLive % 1
1593:AOR:-(int,int):*(int,int):org.apache.commons.lang3.StringUtils@replaceEach(java.lang.String,java.lang.String[],java.lang.String[],boolean,int):3973:161870:timeToLive - 1 |==> timeToLive * 1
1594:AOR:-(int,int):+(int,int):org.apache.commons.lang3.StringUtils@replaceEach(java.lang.String,java.lang.String[],java.lang.String[],boolean,int):3973:161870:timeToLive - 1 |==> timeToLive + 1
1595:AOR:-(int,int):/(int,int):org.apache.commons.lang3.StringUtils@replaceEach(java.lang.String,java.lang.String[],java.lang.String[],boolean,int):3973:161870:timeToLive - 1 |==> timeToLive / 1
1596:ROR:==(java.lang.Object,java.lang.Object):FALSE(java.lang.Object,java.lang.Object):org.apache.commons.lang3.StringUtils@replaceChars(java.lang.String,char,char):3999:162979:str == null |==> false
1597:COR:||(boolean,boolean):!=(boolean,boolean):org.apache.commons.lang3.StringUtils@replaceChars(java.lang.String,java.lang.String,java.lang.String):4042:164892:isEmpty(str) || isEmpty(searchChars) |==> isEmpty(str) != isEmpty(searchChars)
1598:COR:||(boolean,boolean):LHS(boolean,boolean):org.apache.commons.lang3.StringUtils@replaceChars(java.lang.String,java.lang.String,java.lang.String):4042:164892:isEmpty(str) || isEmpty(searchChars) |==> isEmpty(str)
1599:COR:||(boolean,boolean):RHS(boolean,boolean):org.apache.commons.lang3.StringUtils@replaceChars(java.lang.String,java.lang.String,java.lang.String):4042:164908:isEmpty(str) || isEmpty(searchChars) |==> isEmpty(searchChars)
1600:COR:||(boolean,boolean):TRUE(boolean,boolean):org.apache.commons.lang3.StringUtils@replaceChars(java.lang.String,java.lang.String,java.lang.String):4042:164905:isEmpty(str) || isEmpty(searchChars) |==> true
1601:ROR:==(java.lang.Object,java.lang.Object):FALSE(java.lang.Object,java.lang.Object):org.apache.commons.lang3.StringUtils@replaceChars(java.lang.String,java.lang.String,java.lang.String):4045:164991:replaceChars == null |==> false
1602:STD:<ASSIGN>:<NO-OP>:org.apache.commons.lang3.StringUtils@replaceChars(java.lang.String,java.lang.String,java.lang.String):4046:165014:replaceChars = EMPTY; |==> <NO-OP>
1603:LVR:FALSE:TRUE:org.apache.commons.lang3.StringUtils@replaceChars(java.lang.String,java.lang.String,java.lang.String):4048:165073:false |==> true
1604:LVR:0:POS:org.apache.commons.lang3.StringUtils@replaceChars(java.lang.String,java.lang.String,java.lang.String):4052:165253:0 |==> 1
1605:LVR:0:NEG:org.apache.commons.lang3.StringUtils@replaceChars(java.lang.String,java.lang.String,java.lang.String):4052:165253:0 |==> -1
1606:ROR:<(int,int):!=(int,int):org.apache.commons.lang3.StringUtils@replaceChars(java.lang.String,java.lang.String,java.lang.String):4052:165256:i < strLength |==> i != strLength
1607:ROR:<(int,int):<=(int,int):org.apache.commons.lang3.StringUtils@replaceChars(java.lang.String,java.lang.String,java.lang.String):4052:165256:i < strLength |==> i <= strLength
1608:ROR:<(int,int):FALSE(int,int):org.apache.commons.lang3.StringUtils@replaceChars(java.lang.String,java.lang.String,java.lang.String):4052:165258:i < strLength |==> false
1609:LVR:0:POS:org.apache.commons.lang3.StringUtils@replaceChars(java.lang.String,java.lang.String,java.lang.String):4055:165389:0 |==> 1
1610:LVR:0:NEG:org.apache.commons.lang3.StringUtils@replaceChars(java.lang.String,java.lang.String,java.lang.String):4055:165389:0 |==> -1
1611:ROR:>=(int,int):==(int,int):org.apache.commons.lang3.StringUtils@replaceChars(java.lang.String,java.lang.String,java.lang.String):4055:165380:index >= 0 |==> index == 0
1612:ROR:>=(int,int):>(int,int):org.apache.commons.lang3.StringUtils@replaceChars(java.lang.String,java.lang.String,java.lang.String):4055:165380:index >= 0 |==> index > 0
1613:ROR:>=(int,int):TRUE(int,int):org.apache.commons.lang3.StringUtils@replaceChars(java.lang.String,java.lang.String,java.lang.String):4055:165386:index >= 0 |==> true
1614:LVR:TRUE:FALSE:org.apache.commons.lang3.StringUtils@replaceChars(java.lang.String,java.lang.String,java.lang.String):4056:165421:true |==> false
1615:STD:<ASSIGN>:<NO-OP>:org.apache.commons.lang3.StringUtils@replaceChars(java.lang.String,java.lang.String,java.lang.String):4056:165410:modified = true; |==> <NO-OP>
1616:ROR:<(int,int):!=(int,int):org.apache.commons.lang3.StringUtils@replaceChars(java.lang.String,java.lang.String,java.lang.String):4057:165447:index < replaceCharsLength |==> index != replaceCharsLength
1617:ROR:<(int,int):<=(int,int):org.apache.commons.lang3.StringUtils@replaceChars(java.lang.String,java.lang.String,java.lang.String):4057:165447:index < replaceCharsLength |==> index <= replaceCharsLength
1618:ROR:<(int,int):FALSE(int,int):org.apache.commons.lang3.StringUtils@replaceChars(java.lang.String,java.lang.String,java.lang.String):4057:165453:index < replaceCharsLength |==> false
1619:STD:<CALL>:<NO-OP>:org.apache.commons.lang3.StringUtils@replaceChars(java.lang.String,java.lang.String,java.lang.String):4058:165497:buf.append(replaceChars.charAt(index)); |==> <NO-OP>
1620:STD:<CALL>:<NO-OP>:org.apache.commons.lang3.StringUtils@replaceChars(java.lang.String,java.lang.String,java.lang.String):4061:165592:buf.append(ch); |==> <NO-OP>
1621:COR:<IDENTIFIER(boolean)>:FALSE:org.apache.commons.lang3.StringUtils@replaceChars(java.lang.String,java.lang.String,java.lang.String):4064:165644:modified |==> false
1622:COR:<IDENTIFIER(boolean)>:TRUE:org.apache.commons.lang3.StringUtils@replaceChars(java.lang.String,java.lang.String,java.lang.String):4064:165644:modified |==> true
1623:ROR:==(java.lang.Object,java.lang.Object):FALSE(java.lang.Object,java.lang.Object):org.apache.commons.lang3.StringUtils@overlay(java.lang.String,java.lang.String,int,int):4102:167337:str == null |==> false
1624:ROR:==(java.lang.Object,java.lang.Object):FALSE(java.lang.Object,java.lang.Object):org.apache.commons.lang3.StringUtils@overlay(java.lang.String,java.lang.String,int,int):4105:167403:overlay == null |==> false
1625:STD:<ASSIGN>:<NO-OP>:org.apache.commons.lang3.StringUtils@overlay(java.lang.String,java.lang.String,int,int):4106:167426:overlay = EMPTY; |==> <NO-OP>
1626:LVR:0:POS:org.apache.commons.lang3.StringUtils@overlay(java.lang.String,java.lang.String,int,int):4109:167505:0 |==> 1
1627:LVR:0:NEG:org.apache.commons.lang3.StringUtils@overlay(java.lang.String,java.lang.String,int,int):4109:167505:0 |==> -1
1628:ROR:<(int,int):!=(int,int):org.apache.commons.lang3.StringUtils@overlay(java.lang.String,java.lang.String,int,int):4109:167497:start < 0 |==> start != 0
1629:ROR:<(int,int):<=(int,int):org.apache.commons.lang3.StringUtils@overlay(java.lang.String,java.lang.String,int,int):4109:167497:start < 0 |==> start <= 0
1630:ROR:<(int,int):FALSE(int,int):org.apache.commons.lang3.StringUtils@overlay(java.lang.String,java.lang.String,int,int):4109:167503:start < 0 |==> false
1631:LVR:0:POS:org.apache.commons.lang3.StringUtils@overlay(java.lang.String,java.lang.String,int,int):4110:167530:0 |==> 1
1632:LVR:0:NEG:org.apache.commons.lang3.StringUtils@overlay(java.lang.String,java.lang.String,int,int):4110:167530:0 |==> -1
1633:STD:<ASSIGN>:<NO-OP>:org.apache.commons.lang3.StringUtils@overlay(java.lang.String,java.lang.String,int,int):4110:167522:start = 0; |==> <NO-OP>
1634:ROR:>(int,int):!=(int,int):org.apache.commons.lang3.StringUtils@overlay(java.lang.String,java.lang.String,int,int):4112:167555:start > len |==> start != len
1635:ROR:>(int,int):>=(int,int):org.apache.commons.lang3.StringUtils@overlay(java.lang.String,java.lang.String,int,int):4112:167555:start > len |==> start >= len
1636:ROR:>(int,int):FALSE(int,int):org.apache.commons.lang3.StringUtils@overlay(java.lang.String,java.lang.String,int,int):4112:167561:start > len |==> false
1637:STD:<ASSIGN>:<NO-OP>:org.apache.commons.lang3.StringUtils@overlay(java.lang.String,java.lang.String,int,int):4113:167582:start = len; |==> <NO-OP>
1638:LVR:0:POS:org.apache.commons.lang3.StringUtils@overlay(java.lang.String,java.lang.String,int,int):4115:167623:0 |==> 1
1639:LVR:0:NEG:org.apache.commons.lang3.StringUtils@overlay(java.lang.String,java.lang.String,int,int):4115:167623:0 |==> -1
1640:ROR:<(int,int):!=(int,int):org.apache.commons.lang3.StringUtils@overlay(java.lang.String,java.lang.String,int,int):4115:167617:end < 0 |==> end != 0
1641:ROR:<(int,int):<=(int,int):org.apache.commons.lang3.StringUtils@overlay(java.lang.String,java.lang.String,int,int):4115:167617:end < 0 |==> end <= 0
1642:ROR:<(int,int):FALSE(int,int):org.apache.commons.lang3.StringUtils@overlay(java.lang.String,java.lang.String,int,int):4115:167621:end < 0 |==> false
1643:LVR:0:POS:org.apache.commons.lang3.StringUtils@overlay(java.lang.String,java.lang.String,int,int):4116:167646:0 |==> 1
1644:LVR:0:NEG:org.apache.commons.lang3.StringUtils@overlay(java.lang.String,java.lang.String,int,int):4116:167646:0 |==> -1
1645:STD:<ASSIGN>:<NO-OP>:org.apache.commons.lang3.StringUtils@overlay(java.lang.String,java.lang.String,int,int):4116:167640:end = 0; |==> <NO-OP>
1646:ROR:>(int,int):!=(int,int):org.apache.commons.lang3.StringUtils@overlay(java.lang.String,java.lang.String,int,int):4118:167671:end > len |==> end != len
1647:ROR:>(int,int):>=(int,int):org.apache.commons.lang3.StringUtils@overlay(java.lang.String,java.lang.String,int,int):4118:167671:end > len |==> end >= len
1648:ROR:>(int,int):FALSE(int,int):org.apache.commons.lang3.StringUtils@overlay(java.lang.String,java.lang.String,int,int):4118:167675:end > len |==> false
1649:STD:<ASSIGN>:<NO-OP>:org.apache.commons.lang3.StringUtils@overlay(java.lang.String,java.lang.String,int,int):4119:167696:end = len; |==> <NO-OP>
1650:ROR:>(int,int):!=(int,int):org.apache.commons.lang3.StringUtils@overlay(java.lang.String,java.lang.String,int,int):4121:167729:start > end |==> start != end
1651:ROR:>(int,int):>=(int,int):org.apache.commons.lang3.StringUtils@overlay(java.lang.String,java.lang.String,int,int):4121:167729:start > end |==> start >= end
1652:ROR:>(int,int):FALSE(int,int):org.apache.commons.lang3.StringUtils@overlay(java.lang.String,java.lang.String,int,int):4121:167735:start > end |==> false
1653:STD:<ASSIGN>:<NO-OP>:org.apache.commons.lang3.StringUtils@overlay(java.lang.String,java.lang.String,int,int):4123:167786:start = end; |==> <NO-OP>
1654:STD:<ASSIGN>:<NO-OP>:org.apache.commons.lang3.StringUtils@overlay(java.lang.String,java.lang.String,int,int):4124:167811:end = temp; |==> <NO-OP>
1655:AOR:+(int,int):%(int,int):org.apache.commons.lang3.StringUtils@overlay(java.lang.String,java.lang.String,int,int):4126:167866:len + start |==> len % start
1656:AOR:+(int,int):*(int,int):org.apache.commons.lang3.StringUtils@overlay(java.lang.String,java.lang.String,int,int):4126:167866:len + start |==> len * start
1657:AOR:+(int,int):-(int,int):org.apache.commons.lang3.StringUtils@overlay(java.lang.String,java.lang.String,int,int):4126:167866:len + start |==> len - start
1658:AOR:+(int,int):/(int,int):org.apache.commons.lang3.StringUtils@overlay(java.lang.String,java.lang.String,int,int):4126:167866:len + start |==> len / start
1659:AOR:-(int,int):%(int,int):org.apache.commons.lang3.StringUtils@overlay(java.lang.String,java.lang.String,int,int):4126:167866:len + start - end |==> (len + start) % end
1660:AOR:-(int,int):*(int,int):org.apache.commons.lang3.StringUtils@overlay(java.lang.String,java.lang.String,int,int):4126:167866:len + start - end |==> (len + start) * end
1661:AOR:-(int,int):+(int,int):org.apache.commons.lang3.StringUtils@overlay(java.lang.String,java.lang.String,int,int):4126:167866:len + start - end |==> len + start + end
1662:AOR:-(int,int):/(int,int):org.apache.commons.lang3.StringUtils@overlay(java.lang.String,java.lang.String,int,int):4126:167866:len + start - end |==> (len + start) / end
1663:AOR:+(int,int):%(int,int):org.apache.commons.lang3.StringUtils@overlay(java.lang.String,java.lang.String,int,int):4126:167866:len + start - end + overlay.length() |==> (len + start - end) % overlay.length()
1664:AOR:+(int,int):*(int,int):org.apache.commons.lang3.StringUtils@overlay(java.lang.String,java.lang.String,int,int):4126:167866:len + start - end + overlay.length() |==> (len + start - end) * overlay.length()
1665:AOR:+(int,int):-(int,int):org.apache.commons.lang3.StringUtils@overlay(java.lang.String,java.lang.String,int,int):4126:167866:len + start - end + overlay.length() |==> len + start - end - overlay.length()
1666:AOR:+(int,int):/(int,int):org.apache.commons.lang3.StringUtils@overlay(java.lang.String,java.lang.String,int,int):4126:167866:len + start - end + overlay.length() |==> (len + start - end) / overlay.length()
1667:LVR:POS:0:org.apache.commons.lang3.StringUtils@overlay(java.lang.String,java.lang.String,int,int):4126:167905:1 |==> 0
1668:LVR:POS:NEG:org.apache.commons.lang3.StringUtils@overlay(java.lang.String,java.lang.String,int,int):4126:167905:1 |==> -1
1669:AOR:+(int,int):%(int,int):org.apache.commons.lang3.StringUtils@overlay(java.lang.String,java.lang.String,int,int):4126:167866:len + start - end + overlay.length() + 1 |==> (len + start - end + overlay.length()) % 1
1670:AOR:+(int,int):*(int,int):org.apache.commons.lang3.StringUtils@overlay(java.lang.String,java.lang.String,int,int):4126:167866:len + start - end + overlay.length() + 1 |==> (len + start - end + overlay.length()) * 1
1671:AOR:+(int,int):-(int,int):org.apache.commons.lang3.StringUtils@overlay(java.lang.String,java.lang.String,int,int):4126:167866:len + start - end + overlay.length() + 1 |==> len + start - end + overlay.length() - 1
1672:AOR:+(int,int):/(int,int):org.apache.commons.lang3.StringUtils@overlay(java.lang.String,java.lang.String,int,int):4126:167866:len + start - end + overlay.length() + 1 |==> (len + start - end + overlay.length()) / 1
1673:LVR:0:POS:org.apache.commons.lang3.StringUtils@overlay(java.lang.String,java.lang.String,int,int):4127:167942:0 |==> 1
1674:LVR:0:NEG:org.apache.commons.lang3.StringUtils@overlay(java.lang.String,java.lang.String,int,int):4127:167942:0 |==> -1
1675:COR:<METHOD_INVOCATION(boolean)>:FALSE:org.apache.commons.lang3.StringUtils@chomp(java.lang.String):4161:169261:isEmpty(str) |==> false
1676:COR:<METHOD_INVOCATION(boolean)>:TRUE:org.apache.commons.lang3.StringUtils@chomp(java.lang.String):4161:169261:isEmpty(str) |==> true
1677:LVR:POS:0:org.apache.commons.lang3.StringUtils@chomp(java.lang.String):4165:169333:1 |==> 0
1678:LVR:POS:NEG:org.apache.commons.lang3.StringUtils@chomp(java.lang.String):4165:169333:1 |==> -1
1679:ROR:==(int,int):<=(int,int):org.apache.commons.lang3.StringUtils@chomp(java.lang.String):4165:169317:str.length() == 1 |==> str.length() <= 1
1680:ROR:==(int,int):>=(int,int):org.apache.commons.lang3.StringUtils@chomp(java.lang.String):4165:169317:str.length() == 1 |==> str.length() >= 1
1681:ROR:==(int,int):FALSE(int,int):org.apache.commons.lang3.StringUtils@chomp(java.lang.String):4165:169330:str.length() == 1 |==> false
1682:LVR:0:POS:org.apache.commons.lang3.StringUtils@chomp(java.lang.String):4166:169371:0 |==> 1
1683:LVR:0:NEG:org.apache.commons.lang3.StringUtils@chomp(java.lang.String):4166:169371:0 |==> -1
1684:ROR:==(int,int):<=(int,int):org.apache.commons.lang3.StringUtils@chomp(java.lang.String):4167:169391:ch == CharUtils.CR |==> ch <= CharUtils.CR
1685:ROR:==(int,int):>=(int,int):org.apache.commons.lang3.StringUtils@chomp(java.lang.String):4167:169391:ch == CharUtils.CR |==> ch >= CharUtils.CR
1686:ROR:==(int,int):FALSE(int,int):org.apache.commons.lang3.StringUtils@chomp(java.lang.String):4167:169394:ch == CharUtils.CR |==> false
1687:ROR:==(int,int):<=(int,int):org.apache.commons.lang3.StringUtils@chomp(java.lang.String):4167:169413:ch == CharUtils.LF |==> ch <= CharUtils.LF
1688:ROR:==(int,int):>=(int,int):org.apache.commons.lang3.StringUtils@chomp(java.lang.String):4167:169413:ch == CharUtils.LF |==> ch >= CharUtils.LF
1689:ROR:==(int,int):FALSE(int,int):org.apache.commons.lang3.StringUtils@chomp(java.lang.String):4167:169416:ch == CharUtils.LF |==> false
1690:COR:||(boolean,boolean):LHS(boolean,boolean):org.apache.commons.lang3.StringUtils@chomp(java.lang.String):4167:169391:ch == CharUtils.CR || ch == CharUtils.LF |==> ch == CharUtils.CR
1691:COR:||(boolean,boolean):RHS(boolean,boolean):org.apache.commons.lang3.StringUtils@chomp(java.lang.String):4167:169413:ch == CharUtils.CR || ch == CharUtils.LF |==> ch == CharUtils.LF
1692:COR:||(boolean,boolean):TRUE(boolean,boolean):org.apache.commons.lang3.StringUtils@chomp(java.lang.String):4167:169410:ch == CharUtils.CR || ch == CharUtils.LF |==> true
1693:LVR:POS:0:org.apache.commons.lang3.StringUtils@chomp(java.lang.String):4173:169551:1 |==> 0
1694:LVR:POS:NEG:org.apache.commons.lang3.StringUtils@chomp(java.lang.String):4173:169551:1 |==> -1
1695:AOR:-(int,int):%(int,int):org.apache.commons.lang3.StringUtils@chomp(java.lang.String):4173:169536:str.length() - 1 |==> str.length() % 1
1696:AOR:-(int,int):*(int,int):org.apache.commons.lang3.StringUtils@chomp(java.lang.String):4173:169536:str.length() - 1 |==> str.length() * 1
1697:AOR:-(int,int):+(int,int):org.apache.commons.lang3.StringUtils@chomp(java.lang.String):4173:169536:str.length() - 1 |==> str.length() + 1
1698:AOR:-(int,int):/(int,int):org.apache.commons.lang3.StringUtils@chomp(java.lang.String):4173:169536:str.length() - 1 |==> str.length() / 1
1699:ROR:==(int,int):<=(int,int):org.apache.commons.lang3.StringUtils@chomp(java.lang.String):4176:169608:last == CharUtils.LF |==> last <= CharUtils.LF
1700:ROR:==(int,int):>=(int,int):org.apache.commons.lang3.StringUtils@chomp(java.lang.String):4176:169608:last == CharUtils.LF |==> last >= CharUtils.LF
1701:ROR:==(int,int):FALSE(int,int):org.apache.commons.lang3.StringUtils@chomp(java.lang.String):4176:169613:last == CharUtils.LF |==> false
1702:LVR:POS:0:org.apache.commons.lang3.StringUtils@chomp(java.lang.String):4177:169669:1 |==> 0
1703:LVR:POS:NEG:org.apache.commons.lang3.StringUtils@chomp(java.lang.String):4177:169669:1 |==> -1
1704:AOR:-(int,int):%(int,int):org.apache.commons.lang3.StringUtils@chomp(java.lang.String):4177:169659:lastIdx - 1 |==> lastIdx % 1
1705:AOR:-(int,int):*(int,int):org.apache.commons.lang3.StringUtils@chomp(java.lang.String):4177:169659:lastIdx - 1 |==> lastIdx * 1
1706:AOR:-(int,int):+(int,int):org.apache.commons.lang3.StringUtils@chomp(java.lang.String):4177:169659:lastIdx - 1 |==> lastIdx + 1
1707:AOR:-(int,int):/(int,int):org.apache.commons.lang3.StringUtils@chomp(java.lang.String):4177:169659:lastIdx - 1 |==> lastIdx / 1
1708:ROR:==(int,int):<=(int,int):org.apache.commons.lang3.StringUtils@chomp(java.lang.String):4177:169648:str.charAt(lastIdx - 1) == CharUtils.CR |==> str.charAt(lastIdx - 1) <= CharUtils.CR
1709:ROR:==(int,int):>=(int,int):org.apache.commons.lang3.StringUtils@chomp(java.lang.String):4177:169648:str.charAt(lastIdx - 1) == CharUtils.CR |==> str.charAt(lastIdx - 1) >= CharUtils.CR
1710:ROR:==(int,int):FALSE(int,int):org.apache.commons.lang3.StringUtils@chomp(java.lang.String):4177:169672:str.charAt(lastIdx - 1) == CharUtils.CR |==> false
1711:STD:<DEC>:<NO-OP>:org.apache.commons.lang3.StringUtils@chomp(java.lang.String):4178:169707:lastIdx--; |==> <NO-OP>
1712:ROR:!=(int,int):<(int,int):org.apache.commons.lang3.StringUtils@chomp(java.lang.String):4180:169751:last != CharUtils.CR |==> last < CharUtils.CR
1713:ROR:!=(int,int):>(int,int):org.apache.commons.lang3.StringUtils@chomp(java.lang.String):4180:169751:last != CharUtils.CR |==> last > CharUtils.CR
1714:ROR:!=(int,int):TRUE(int,int):org.apache.commons.lang3.StringUtils@chomp(java.lang.String):4180:169756:last != CharUtils.CR |==> true
1715:STD:<INC>:<NO-OP>:org.apache.commons.lang3.StringUtils@chomp(java.lang.String):4181:169787:lastIdx++; |==> <NO-OP>
1716:LVR:0:POS:org.apache.commons.lang3.StringUtils@chomp(java.lang.String):4183:169837:0 |==> 1
1717:LVR:0:NEG:org.apache.commons.lang3.StringUtils@chomp(java.lang.String):4183:169837:0 |==> -1
1718:ROR:==(java.lang.Object,java.lang.Object):FALSE(java.lang.Object,java.lang.Object):org.apache.commons.lang3.StringUtils@chomp(java.lang.String,java.lang.String):4213:171088:separator == null |==> false
1719:COR:||(boolean,boolean):!=(boolean,boolean):org.apache.commons.lang3.StringUtils@chomp(java.lang.String,java.lang.String):4213:171062:isEmpty(str) || separator == null |==> isEmpty(str) != (separator == null)
1720:COR:||(boolean,boolean):LHS(boolean,boolean):org.apache.commons.lang3.StringUtils@chomp(java.lang.String,java.lang.String):4213:171062:isEmpty(str) || separator == null |==> isEmpty(str)
1721:COR:||(boolean,boolean):RHS(boolean,boolean):org.apache.commons.lang3.StringUtils@chomp(java.lang.String,java.lang.String):4213:171078:isEmpty(str) || separator == null |==> separator == null
1722:COR:||(boolean,boolean):TRUE(boolean,boolean):org.apache.commons.lang3.StringUtils@chomp(java.lang.String,java.lang.String):4213:171075:isEmpty(str) || separator == null |==> true
1723:COR:<METHOD_INVOCATION(boolean)>:FALSE:org.apache.commons.lang3.StringUtils@chomp(java.lang.String,java.lang.String):4216:171157:str.endsWith(separator) |==> false
1724:COR:<METHOD_INVOCATION(boolean)>:TRUE:org.apache.commons.lang3.StringUtils@chomp(java.lang.String,java.lang.String):4216:171157:str.endsWith(separator) |==> true
1725:LVR:0:POS:org.apache.commons.lang3.StringUtils@chomp(java.lang.String,java.lang.String):4217:171205:0 |==> 1
1726:LVR:0:NEG:org.apache.commons.lang3.StringUtils@chomp(java.lang.String,java.lang.String):4217:171205:0 |==> -1
1727:AOR:-(int,int):%(int,int):org.apache.commons.lang3.StringUtils@chomp(java.lang.String,java.lang.String):4217:171208:str.length() - separator.length() |==> str.length() % separator.length()
1728:AOR:-(int,int):*(int,int):org.apache.commons.lang3.StringUtils@chomp(java.lang.String,java.lang.String):4217:171208:str.length() - separator.length() |==> str.length() * separator.length()
1729:AOR:-(int,int):+(int,int):org.apache.commons.lang3.StringUtils@chomp(java.lang.String,java.lang.String):4217:171208:str.length() - separator.length() |==> str.length() + separator.length()
1730:AOR:-(int,int):/(int,int):org.apache.commons.lang3.StringUtils@chomp(java.lang.String,java.lang.String):4217:171208:str.length() - separator.length() |==> str.length() / separator.length()
1731:ROR:==(java.lang.Object,java.lang.Object):FALSE(java.lang.Object,java.lang.Object):org.apache.commons.lang3.StringUtils@chop(java.lang.String):4248:172303:str == null |==> false
1732:LVR:POS:0:org.apache.commons.lang3.StringUtils@chop(java.lang.String):4252:172405:2 |==> 0
1733:LVR:POS:NEG:org.apache.commons.lang3.StringUtils@chop(java.lang.String):4252:172405:2 |==> -2
1734:ROR:<(int,int):!=(int,int):org.apache.commons.lang3.StringUtils@chop(java.lang.String):4252:172396:strLen < 2 |==> strLen != 2
1735:ROR:<(int,int):<=(int,int):org.apache.commons.lang3.StringUtils@chop(java.lang.String):4252:172396:strLen < 2 |==> strLen <= 2
1736:ROR:<(int,int):FALSE(int,int):org.apache.commons.lang3.StringUtils@chop(java.lang.String):4252:172403:strLen < 2 |==> false
1737:LVR:POS:0:org.apache.commons.lang3.StringUtils@chop(java.lang.String):4255:172477:1 |==> 0
1738:LVR:POS:NEG:org.apache.commons.lang3.StringUtils@chop(java.lang.String):4255:172477:1 |==> -1
1739:AOR:-(int,int):%(int,int):org.apache.commons.lang3.StringUtils@chop(java.lang.String):4255:172468:strLen - 1 |==> strLen % 1
1740:AOR:-(int,int):*(int,int):org.apache.commons.lang3.StringUtils@chop(java.lang.String):4255:172468:strLen - 1 |==> strLen * 1
1741:AOR:-(int,int):+(int,int):org.apache.commons.lang3.StringUtils@chop(java.lang.String):4255:172468:strLen - 1 |==> strLen + 1
1742:AOR:-(int,int):/(int,int):org.apache.commons.lang3.StringUtils@chop(java.lang.String):4255:172468:strLen - 1 |==> strLen / 1
1743:LVR:0:POS:org.apache.commons.lang3.StringUtils@chop(java.lang.String):4256:172515:0 |==> 1
1744:LVR:0:NEG:org.apache.commons.lang3.StringUtils@chop(java.lang.String):4256:172515:0 |==> -1
1745:ROR:==(int,int):<=(int,int):org.apache.commons.lang3.StringUtils@chop(java.lang.String):4258:172581:last == CharUtils.LF |==> last <= CharUtils.LF
1746:ROR:==(int,int):>=(int,int):org.apache.commons.lang3.StringUtils@chop(java.lang.String):4258:172581:last == CharUtils.LF |==> last >= CharUtils.LF
1747:ROR:==(int,int):FALSE(int,int):org.apache.commons.lang3.StringUtils@chop(java.lang.String):4258:172586:last == CharUtils.LF |==> false
1748:LVR:POS:0:org.apache.commons.lang3.StringUtils@chop(java.lang.String):4259:172642:1 |==> 0
1749:LVR:POS:NEG:org.apache.commons.lang3.StringUtils@chop(java.lang.String):4259:172642:1 |==> -1
1750:AOR:-(int,int):%(int,int):org.apache.commons.lang3.StringUtils@chop(java.lang.String):4259:172632:lastIdx - 1 |==> lastIdx % 1
1751:AOR:-(int,int):*(int,int):org.apache.commons.lang3.StringUtils@chop(java.lang.String):4259:172632:lastIdx - 1 |==> lastIdx * 1
1752:AOR:-(int,int):+(int,int):org.apache.commons.lang3.StringUtils@chop(java.lang.String):4259:172632:lastIdx - 1 |==> lastIdx + 1
1753:AOR:-(int,int):/(int,int):org.apache.commons.lang3.StringUtils@chop(java.lang.String):4259:172632:lastIdx - 1 |==> lastIdx / 1
1754:ROR:==(int,int):<=(int,int):org.apache.commons.lang3.StringUtils@chop(java.lang.String):4259:172621:ret.charAt(lastIdx - 1) == CharUtils.CR |==> ret.charAt(lastIdx - 1) <= CharUtils.CR
1755:ROR:==(int,int):>=(int,int):org.apache.commons.lang3.StringUtils@chop(java.lang.String):4259:172621:ret.charAt(lastIdx - 1) == CharUtils.CR |==> ret.charAt(lastIdx - 1) >= CharUtils.CR
1756:ROR:==(int,int):FALSE(int,int):org.apache.commons.lang3.StringUtils@chop(java.lang.String):4259:172645:ret.charAt(lastIdx - 1) == CharUtils.CR |==> false
1757:LVR:0:POS:org.apache.commons.lang3.StringUtils@chop(java.lang.String):4260:172701:0 |==> 1
1758:LVR:0:NEG:org.apache.commons.lang3.StringUtils@chop(java.lang.String):4260:172701:0 |==> -1
1759:LVR:POS:0:org.apache.commons.lang3.StringUtils@chop(java.lang.String):4260:172714:1 |==> 0
1760:LVR:POS:NEG:org.apache.commons.lang3.StringUtils@chop(java.lang.String):4260:172714:1 |==> -1
1761:AOR:-(int,int):%(int,int):org.apache.commons.lang3.StringUtils@chop(java.lang.String):4260:172704:lastIdx - 1 |==> lastIdx % 1
1762:AOR:-(int,int):*(int,int):org.apache.commons.lang3.StringUtils@chop(java.lang.String):4260:172704:lastIdx - 1 |==> lastIdx * 1
1763:AOR:-(int,int):+(int,int):org.apache.commons.lang3.StringUtils@chop(java.lang.String):4260:172704:lastIdx - 1 |==> lastIdx + 1
1764:AOR:-(int,int):/(int,int):org.apache.commons.lang3.StringUtils@chop(java.lang.String):4260:172704:lastIdx - 1 |==> lastIdx / 1
1765:ROR:==(java.lang.Object,java.lang.Object):FALSE(java.lang.Object,java.lang.Object):org.apache.commons.lang3.StringUtils@repeat(java.lang.String,int):4293:173739:str == null |==> false
1766:LVR:0:POS:org.apache.commons.lang3.StringUtils@repeat(java.lang.String,int):4296:173807:0 |==> 1
1767:LVR:0:NEG:org.apache.commons.lang3.StringUtils@repeat(java.lang.String,int):4296:173807:0 |==> -1
1768:ROR:<=(int,int):<(int,int):org.apache.commons.lang3.StringUtils@repeat(java.lang.String,int):4296:173797:repeat <= 0 |==> repeat < 0
1769:ROR:<=(int,int):==(int,int):org.apache.commons.lang3.StringUtils@repeat(java.lang.String,int):4296:173797:repeat <= 0 |==> repeat == 0
1770:ROR:<=(int,int):TRUE(int,int):org.apache.commons.lang3.StringUtils@repeat(java.lang.String,int):4296:173804:repeat <= 0 |==> true
1771:LVR:POS:0:org.apache.commons.lang3.StringUtils@repeat(java.lang.String,int):4300:173910:1 |==> 0
1772:LVR:POS:NEG:org.apache.commons.lang3.StringUtils@repeat(java.lang.String,int):4300:173910:1 |==> -1
1773:ROR:==(int,int):<=(int,int):org.apache.commons.lang3.StringUtils@repeat(java.lang.String,int):4300:173900:repeat == 1 |==> repeat <= 1
1774:ROR:==(int,int):>=(int,int):org.apache.commons.lang3.StringUtils@repeat(java.lang.String,int):4300:173900:repeat == 1 |==> repeat >= 1
1775:ROR:==(int,int):FALSE(int,int):org.apache.commons.lang3.StringUtils@repeat(java.lang.String,int):4300:173907:repeat == 1 |==> false
1776:LVR:0:POS:org.apache.commons.lang3.StringUtils@repeat(java.lang.String,int):4300:173930:0 |==> 1
1777:LVR:0:NEG:org.apache.commons.lang3.StringUtils@repeat(java.lang.String,int):4300:173930:0 |==> -1
1778:ROR:==(int,int):<=(int,int):org.apache.commons.lang3.StringUtils@repeat(java.lang.String,int):4300:173915:inputLength == 0 |==> inputLength <= 0
1779:ROR:==(int,int):>=(int,int):org.apache.commons.lang3.StringUtils@repeat(java.lang.String,int):4300:173915:inputLength == 0 |==> inputLength >= 0
1780:ROR:==(int,int):FALSE(int,int):org.apache.commons.lang3.StringUtils@repeat(java.lang.String,int):4300:173927:inputLength == 0 |==> false
1781:COR:||(boolean,boolean):!=(boolean,boolean):org.apache.commons.lang3.StringUtils@repeat(java.lang.String,int):4300:173900:repeat == 1 || inputLength == 0 |==> repeat == 1 != (inputLength == 0)
1782:COR:||(boolean,boolean):LHS(boolean,boolean):org.apache.commons.lang3.StringUtils@repeat(java.lang.String,int):4300:173900:repeat == 1 || inputLength == 0 |==> repeat == 1
1783:COR:||(boolean,boolean):RHS(boolean,boolean):org.apache.commons.lang3.StringUtils@repeat(java.lang.String,int):4300:173915:repeat == 1 || inputLength == 0 |==> inputLength == 0
1784:COR:||(boolean,boolean):TRUE(boolean,boolean):org.apache.commons.lang3.StringUtils@repeat(java.lang.String,int):4300:173912:repeat == 1 || inputLength == 0 |==> true
1785:LVR:POS:0:org.apache.commons.lang3.StringUtils@repeat(java.lang.String,int):4303:173996:1 |==> 0
1786:LVR:POS:NEG:org.apache.commons.lang3.StringUtils@repeat(java.lang.String,int):4303:173996:1 |==> -1
1787:ROR:==(int,int):<=(int,int):org.apache.commons.lang3.StringUtils@repeat(java.lang.String,int):4303:173981:inputLength == 1 |==> inputLength <= 1
1788:ROR:==(int,int):>=(int,int):org.apache.commons.lang3.StringUtils@repeat(java.lang.String,int):4303:173981:inputLength == 1 |==> inputLength >= 1
1789:ROR:==(int,int):FALSE(int,int):org.apache.commons.lang3.StringUtils@repeat(java.lang.String,int):4303:173993:inputLength == 1 |==> false
1790:ROR:<=(int,int):<(int,int):org.apache.commons.lang3.StringUtils@repeat(java.lang.String,int):4303:174001:repeat <= PAD_LIMIT |==> repeat < PAD_LIMIT
1791:ROR:<=(int,int):==(int,int):org.apache.commons.lang3.StringUtils@repeat(java.lang.String,int):4303:174001:repeat <= PAD_LIMIT |==> repeat == PAD_LIMIT
1792:ROR:<=(int,int):TRUE(int,int):org.apache.commons.lang3.StringUtils@repeat(java.lang.String,int):4303:174008:repeat <= PAD_LIMIT |==> true
1793:COR:&&(boolean,boolean):==(boolean,boolean):org.apache.commons.lang3.StringUtils@repeat(java.lang.String,int):4303:173981:inputLength == 1 && repeat <= PAD_LIMIT |==> inputLength == 1 == repeat <= PAD_LIMIT
1794:COR:&&(boolean,boolean):FALSE(boolean,boolean):org.apache.commons.lang3.StringUtils@repeat(java.lang.String,int):4303:173998:inputLength == 1 && repeat <= PAD_LIMIT |==> false
1795:COR:&&(boolean,boolean):LHS(boolean,boolean):org.apache.commons.lang3.StringUtils@repeat(java.lang.String,int):4303:173981:inputLength == 1 && repeat <= PAD_LIMIT |==> inputLength == 1
1796:COR:&&(boolean,boolean):RHS(boolean,boolean):org.apache.commons.lang3.StringUtils@repeat(java.lang.String,int):4303:174001:inputLength == 1 && repeat <= PAD_LIMIT |==> repeat <= PAD_LIMIT
1797:LVR:0:POS:org.apache.commons.lang3.StringUtils@repeat(java.lang.String,int):4304:174070:0 |==> 1
1798:LVR:0:NEG:org.apache.commons.lang3.StringUtils@repeat(java.lang.String,int):4304:174070:0 |==> -1
1799:AOR:*(int,int):%(int,int):org.apache.commons.lang3.StringUtils@repeat(java.lang.String,int):4307:174113:inputLength * repeat |==> inputLength % repeat
1800:AOR:*(int,int):+(int,int):org.apache.commons.lang3.StringUtils@repeat(java.lang.String,int):4307:174113:inputLength * repeat |==> inputLength + repeat
1801:AOR:*(int,int):-(int,int):org.apache.commons.lang3.StringUtils@repeat(java.lang.String,int):4307:174113:inputLength * repeat |==> inputLength - repeat
1802:AOR:*(int,int):/(int,int):org.apache.commons.lang3.StringUtils@repeat(java.lang.String,int):4307:174113:inputLength * repeat |==> inputLength / repeat
1803:LVR:0:POS:org.apache.commons.lang3.StringUtils@repeat(java.lang.String,int):4310:174224:0 |==> 1
1804:LVR:0:NEG:org.apache.commons.lang3.StringUtils@repeat(java.lang.String,int):4310:174224:0 |==> -1
1805:LVR:POS:0:org.apache.commons.lang3.StringUtils@repeat(java.lang.String,int):4312:174323:1 |==> 0
1806:LVR:POS:NEG:org.apache.commons.lang3.StringUtils@repeat(java.lang.String,int):4312:174323:1 |==> -1
1807:AOR:-(int,int):%(int,int):org.apache.commons.lang3.StringUtils@repeat(java.lang.String,int):4312:174314:repeat - 1 |==> repeat % 1
1808:AOR:-(int,int):*(int,int):org.apache.commons.lang3.StringUtils@repeat(java.lang.String,int):4312:174314:repeat - 1 |==> repeat * 1
1809:AOR:-(int,int):+(int,int):org.apache.commons.lang3.StringUtils@repeat(java.lang.String,int):4312:174314:repeat - 1 |==> repeat + 1
1810:AOR:-(int,int):/(int,int):org.apache.commons.lang3.StringUtils@repeat(java.lang.String,int):4312:174314:repeat - 1 |==> repeat / 1
1811:LVR:0:POS:org.apache.commons.lang3.StringUtils@repeat(java.lang.String,int):4312:174331:0 |==> 1
1812:LVR:0:NEG:org.apache.commons.lang3.StringUtils@repeat(java.lang.String,int):4312:174331:0 |==> -1
1813:ROR:>=(int,int):==(int,int):org.apache.commons.lang3.StringUtils@repeat(java.lang.String,int):4312:174326:i >= 0 |==> i == 0
1814:ROR:>=(int,int):>(int,int):org.apache.commons.lang3.StringUtils@repeat(java.lang.String,int):4312:174326:i >= 0 |==> i > 0
1815:ROR:>=(int,int):TRUE(int,int):org.apache.commons.lang3.StringUtils@repeat(java.lang.String,int):4312:174328:i >= 0 |==> true
1816:STD:<ASSIGN>:<NO-OP>:org.apache.commons.lang3.StringUtils@repeat(java.lang.String,int):4313:174361:output1[i] = ch; |==> <NO-OP>
1817:LVR:0:POS:org.apache.commons.lang3.StringUtils@repeat(java.lang.String,int):4317:174499:0 |==> 1
1818:LVR:0:NEG:org.apache.commons.lang3.StringUtils@repeat(java.lang.String,int):4317:174499:0 |==> -1
1819:LVR:POS:0:org.apache.commons.lang3.StringUtils@repeat(java.lang.String,int):4318:174541:1 |==> 0
1820:LVR:POS:NEG:org.apache.commons.lang3.StringUtils@repeat(java.lang.String,int):4318:174541:1 |==> -1
1821:LVR:POS:0:org.apache.commons.lang3.StringUtils@repeat(java.lang.String,int):4320:174640:2 |==> 0
1822:LVR:POS:NEG:org.apache.commons.lang3.StringUtils@repeat(java.lang.String,int):4320:174640:2 |==> -2
1823:AOR:*(int,int):%(int,int):org.apache.commons.lang3.StringUtils@repeat(java.lang.String,int):4320:174631:repeat * 2 |==> repeat % 2
1824:AOR:*(int,int):+(int,int):org.apache.commons.lang3.StringUtils@repeat(java.lang.String,int):4320:174631:repeat * 2 |==> repeat + 2
1825:AOR:*(int,int):-(int,int):org.apache.commons.lang3.StringUtils@repeat(java.lang.String,int):4320:174631:repeat * 2 |==> repeat - 2
1826:AOR:*(int,int):/(int,int):org.apache.commons.lang3.StringUtils@repeat(java.lang.String,int):4320:174631:repeat * 2 |==> repeat / 2
1827:LVR:POS:0:org.apache.commons.lang3.StringUtils@repeat(java.lang.String,int):4320:174644:2 |==> 0
1828:LVR:POS:NEG:org.apache.commons.lang3.StringUtils@repeat(java.lang.String,int):4320:174644:2 |==> -2
1829:AOR:-(int,int):%(int,int):org.apache.commons.lang3.StringUtils@repeat(java.lang.String,int):4320:174631:repeat * 2 - 2 |==> repeat * 2 % 2
1830:AOR:-(int,int):*(int,int):org.apache.commons.lang3.StringUtils@repeat(java.lang.String,int):4320:174631:repeat * 2 - 2 |==> repeat * 2 * 2
1831:AOR:-(int,int):+(int,int):org.apache.commons.lang3.StringUtils@repeat(java.lang.String,int):4320:174631:repeat * 2 - 2 |==> repeat * 2 + 2
1832:AOR:-(int,int):/(int,int):org.apache.commons.lang3.StringUtils@repeat(java.lang.String,int):4320:174631:repeat * 2 - 2 |==> repeat * 2 / 2
1833:LVR:0:POS:org.apache.commons.lang3.StringUtils@repeat(java.lang.String,int):4320:174652:0 |==> 1
1834:LVR:0:NEG:org.apache.commons.lang3.StringUtils@repeat(java.lang.String,int):4320:174652:0 |==> -1
1835:ROR:>=(int,int):==(int,int):org.apache.commons.lang3.StringUtils@repeat(java.lang.String,int):4320:174647:i >= 0 |==> i == 0
1836:ROR:>=(int,int):>(int,int):org.apache.commons.lang3.StringUtils@repeat(java.lang.String,int):4320:174647:i >= 0 |==> i > 0
1837:ROR:>=(int,int):TRUE(int,int):org.apache.commons.lang3.StringUtils@repeat(java.lang.String,int):4320:174649:i >= 0 |==> true
1838:STD:<ASSIGN>:<NO-OP>:org.apache.commons.lang3.StringUtils@repeat(java.lang.String,int):4321:174687:output2[i] = ch0; |==> <NO-OP>
1839:LVR:POS:0:org.apache.commons.lang3.StringUtils@repeat(java.lang.String,int):4322:174737:1 |==> 0
1840:LVR:POS:NEG:org.apache.commons.lang3.StringUtils@repeat(java.lang.String,int):4322:174737:1 |==> -1
1841:AOR:+(int,int):%(int,int):org.apache.commons.lang3.StringUtils@repeat(java.lang.String,int):4322:174733:i + 1 |==> i % 1
1842:AOR:+(int,int):*(int,int):org.apache.commons.lang3.StringUtils@repeat(java.lang.String,int):4322:174733:i + 1 |==> i * 1
1843:AOR:+(int,int):-(int,int):org.apache.commons.lang3.StringUtils@repeat(java.lang.String,int):4322:174733:i + 1 |==> i - 1
1844:AOR:+(int,int):/(int,int):org.apache.commons.lang3.StringUtils@repeat(java.lang.String,int):4322:174733:i + 1 |==> i / 1
1845:STD:<ASSIGN>:<NO-OP>:org.apache.commons.lang3.StringUtils@repeat(java.lang.String,int):4322:174725:output2[i + 1] = ch1; |==> <NO-OP>
1846:LVR:0:POS:org.apache.commons.lang3.StringUtils@repeat(java.lang.String,int):4327:174929:0 |==> 1
1847:LVR:0:NEG:org.apache.commons.lang3.StringUtils@repeat(java.lang.String,int):4327:174929:0 |==> -1
1848:ROR:<(int,int):!=(int,int):org.apache.commons.lang3.StringUtils@repeat(java.lang.String,int):4327:174932:i < repeat |==> i != repeat
1849:ROR:<(int,int):<=(int,int):org.apache.commons.lang3.StringUtils@repeat(java.lang.String,int):4327:174932:i < repeat |==> i <= repeat
1850:ROR:<(int,int):FALSE(int,int):org.apache.commons.lang3.StringUtils@repeat(java.lang.String,int):4327:174934:i < repeat |==> false
1851:STD:<CALL>:<NO-OP>:org.apache.commons.lang3.StringUtils@repeat(java.lang.String,int):4328:174971:buf.append(str); |==> <NO-OP>
1852:ROR:==(java.lang.Object,java.lang.Object):FALSE(java.lang.Object,java.lang.Object):org.apache.commons.lang3.StringUtils@repeat(java.lang.String,java.lang.String,int):4354:175948:str == null |==> false
1853:ROR:==(java.lang.Object,java.lang.Object):FALSE(java.lang.Object,java.lang.Object):org.apache.commons.lang3.StringUtils@repeat(java.lang.String,java.lang.String,int):4354:175969:separator == null |==> false
1854:COR:||(boolean,boolean):!=(boolean,boolean):org.apache.commons.lang3.StringUtils@repeat(java.lang.String,java.lang.String,int):4354:175944:str == null || separator == null |==> str == null != (separator == null)
1855:COR:||(boolean,boolean):LHS(boolean,boolean):org.apache.commons.lang3.StringUtils@repeat(java.lang.String,java.lang.String,int):4354:175944:str == null || separator == null |==> str == null
1856:COR:||(boolean,boolean):RHS(boolean,boolean):org.apache.commons.lang3.StringUtils@repeat(java.lang.String,java.lang.String,int):4354:175959:str == null || separator == null |==> separator == null
1857:COR:||(boolean,boolean):TRUE(boolean,boolean):org.apache.commons.lang3.StringUtils@repeat(java.lang.String,java.lang.String,int):4354:175956:str == null || separator == null |==> true
1858:LVR:0:POS:org.apache.commons.lang3.StringUtils@padding(int,char):4387:177339:0 |==> 1
1859:LVR:0:NEG:org.apache.commons.lang3.StringUtils@padding(int,char):4387:177339:0 |==> -1
1860:ROR:<(int,int):!=(int,int):org.apache.commons.lang3.StringUtils@padding(int,char):4387:177330:repeat < 0 |==> repeat != 0
1861:ROR:<(int,int):<=(int,int):org.apache.commons.lang3.StringUtils@padding(int,char):4387:177330:repeat < 0 |==> repeat <= 0
1862:ROR:<(int,int):FALSE(int,int):org.apache.commons.lang3.StringUtils@padding(int,char):4387:177337:repeat < 0 |==> false
1863:LVR:0:POS:org.apache.commons.lang3.StringUtils@padding(int,char):4391:177512:0 |==> 1
1864:LVR:0:NEG:org.apache.commons.lang3.StringUtils@padding(int,char):4391:177512:0 |==> -1
1865:ROR:<(int,int):<=(int,int):org.apache.commons.lang3.StringUtils@padding(int,char):4391:177515:i < buf.length |==> i <= buf.length
1866:ROR:<(int,int):FALSE(int,int):org.apache.commons.lang3.StringUtils@padding(int,char):4391:177517:i < buf.length |==> false
1867:STD:<ASSIGN>:<NO-OP>:org.apache.commons.lang3.StringUtils@padding(int,char):4392:177550:buf[i] = padChar; |==> <NO-OP>
1868:ROR:==(java.lang.Object,java.lang.Object):FALSE(java.lang.Object,java.lang.Object):org.apache.commons.lang3.StringUtils@rightPad(java.lang.String,int,char):4442:179297:str == null |==> false
1869:AOR:-(int,int):%(int,int):org.apache.commons.lang3.StringUtils@rightPad(java.lang.String,int,char):4445:179362:size - str.length() |==> size % str.length()
1870:AOR:-(int,int):*(int,int):org.apache.commons.lang3.StringUtils@rightPad(java.lang.String,int,char):4445:179362:size - str.length() |==> size * str.length()
1871:AOR:-(int,int):+(int,int):org.apache.commons.lang3.StringUtils@rightPad(java.lang.String,int,char):4445:179362:size - str.length() |==> size + str.length()
1872:AOR:-(int,int):/(int,int):org.apache.commons.lang3.StringUtils@rightPad(java.lang.String,int,char):4445:179362:size - str.length() |==> size / str.length()
1873:LVR:0:POS:org.apache.commons.lang3.StringUtils@rightPad(java.lang.String,int,char):4446:179403:0 |==> 1
1874:LVR:0:NEG:org.apache.commons.lang3.StringUtils@rightPad(java.lang.String,int,char):4446:179403:0 |==> -1
1875:ROR:<=(int,int):<(int,int):org.apache.commons.lang3.StringUtils@rightPad(java.lang.String,int,char):4446:179395:pads <= 0 |==> pads < 0
1876:ROR:<=(int,int):==(int,int):org.apache.commons.lang3.StringUtils@rightPad(java.lang.String,int,char):4446:179395:pads <= 0 |==> pads == 0
1877:ROR:<=(int,int):TRUE(int,int):org.apache.commons.lang3.StringUtils@rightPad(java.lang.String,int,char):4446:179400:pads <= 0 |==> true
1878:ROR:>(int,int):!=(int,int):org.apache.commons.lang3.StringUtils@rightPad(java.lang.String,int,char):4449:179495:pads > PAD_LIMIT |==> pads != PAD_LIMIT
1879:ROR:>(int,int):>=(int,int):org.apache.commons.lang3.StringUtils@rightPad(java.lang.String,int,char):4449:179495:pads > PAD_LIMIT |==> pads >= PAD_LIMIT
1880:ROR:>(int,int):FALSE(int,int):org.apache.commons.lang3.StringUtils@rightPad(java.lang.String,int,char):4449:179500:pads > PAD_LIMIT |==> false
1881:ROR:==(java.lang.Object,java.lang.Object):FALSE(java.lang.Object,java.lang.Object):org.apache.commons.lang3.StringUtils@rightPad(java.lang.String,int,java.lang.String):4479:180721:str == null |==> false
1882:COR:<METHOD_INVOCATION(boolean)>:FALSE:org.apache.commons.lang3.StringUtils@rightPad(java.lang.String,int,java.lang.String):4482:180786:isEmpty(padStr) |==> false
1883:COR:<METHOD_INVOCATION(boolean)>:TRUE:org.apache.commons.lang3.StringUtils@rightPad(java.lang.String,int,java.lang.String):4482:180786:isEmpty(padStr) |==> true
1884:STD:<ASSIGN>:<NO-OP>:org.apache.commons.lang3.StringUtils@rightPad(java.lang.String,int,java.lang.String):4483:180810:padStr = " "; |==> <NO-OP>
1885:AOR:-(int,int):%(int,int):org.apache.commons.lang3.StringUtils@rightPad(java.lang.String,int,java.lang.String):4487:180926:size - strLen |==> size % strLen
1886:AOR:-(int,int):*(int,int):org.apache.commons.lang3.StringUtils@rightPad(java.lang.String,int,java.lang.String):4487:180926:size - strLen |==> size * strLen
1887:AOR:-(int,int):+(int,int):org.apache.commons.lang3.StringUtils@rightPad(java.lang.String,int,java.lang.String):4487:180926:size - strLen |==> size + strLen
1888:AOR:-(int,int):/(int,int):org.apache.commons.lang3.StringUtils@rightPad(java.lang.String,int,java.lang.String):4487:180926:size - strLen |==> size / strLen
1889:LVR:0:POS:org.apache.commons.lang3.StringUtils@rightPad(java.lang.String,int,java.lang.String):4488:180961:0 |==> 1
1890:LVR:0:NEG:org.apache.commons.lang3.StringUtils@rightPad(java.lang.String,int,java.lang.String):4488:180961:0 |==> -1
1891:ROR:<=(int,int):<(int,int):org.apache.commons.lang3.StringUtils@rightPad(java.lang.String,int,java.lang.String):4488:180953:pads <= 0 |==> pads < 0
1892:ROR:<=(int,int):==(int,int):org.apache.commons.lang3.StringUtils@rightPad(java.lang.String,int,java.lang.String):4488:180953:pads <= 0 |==> pads == 0
1893:ROR:<=(int,int):TRUE(int,int):org.apache.commons.lang3.StringUtils@rightPad(java.lang.String,int,java.lang.String):4488:180958:pads <= 0 |==> true
1894:LVR:POS:0:org.apache.commons.lang3.StringUtils@rightPad(java.lang.String,int,java.lang.String):4491:181063:1 |==> 0
1895:LVR:POS:NEG:org.apache.commons.lang3.StringUtils@rightPad(java.lang.String,int,java.lang.String):4491:181063:1 |==> -1
1896:ROR:==(int,int):<=(int,int):org.apache.commons.lang3.StringUtils@rightPad(java.lang.String,int,java.lang.String):4491:181053:padLen == 1 |==> padLen <= 1
1897:ROR:==(int,int):>=(int,int):org.apache.commons.lang3.StringUtils@rightPad(java.lang.String,int,java.lang.String):4491:181053:padLen == 1 |==> padLen >= 1
1898:ROR:==(int,int):FALSE(int,int):org.apache.commons.lang3.StringUtils@rightPad(java.lang.String,int,java.lang.String):4491:181060:padLen == 1 |==> false
1899:ROR:<=(int,int):<(int,int):org.apache.commons.lang3.StringUtils@rightPad(java.lang.String,int,java.lang.String):4491:181068:pads <= PAD_LIMIT |==> pads < PAD_LIMIT
1900:ROR:<=(int,int):==(int,int):org.apache.commons.lang3.StringUtils@rightPad(java.lang.String,int,java.lang.String):4491:181068:pads <= PAD_LIMIT |==> pads == PAD_LIMIT
1901:ROR:<=(int,int):TRUE(int,int):org.apache.commons.lang3.StringUtils@rightPad(java.lang.String,int,java.lang.String):4491:181073:pads <= PAD_LIMIT |==> true
1902:COR:&&(boolean,boolean):==(boolean,boolean):org.apache.commons.lang3.StringUtils@rightPad(java.lang.String,int,java.lang.String):4491:181053:padLen == 1 && pads <= PAD_LIMIT |==> padLen == 1 == pads <= PAD_LIMIT
1903:COR:&&(boolean,boolean):FALSE(boolean,boolean):org.apache.commons.lang3.StringUtils@rightPad(java.lang.String,int,java.lang.String):4491:181065:padLen == 1 && pads <= PAD_LIMIT |==> false
1904:COR:&&(boolean,boolean):LHS(boolean,boolean):org.apache.commons.lang3.StringUtils@rightPad(java.lang.String,int,java.lang.String):4491:181053:padLen == 1 && pads <= PAD_LIMIT |==> padLen == 1
1905:COR:&&(boolean,boolean):RHS(boolean,boolean):org.apache.commons.lang3.StringUtils@rightPad(java.lang.String,int,java.lang.String):4491:181068:padLen == 1 && pads <= PAD_LIMIT |==> pads <= PAD_LIMIT
1906:LVR:0:POS:org.apache.commons.lang3.StringUtils@rightPad(java.lang.String,int,java.lang.String):4492:181142:0 |==> 1
1907:LVR:0:NEG:org.apache.commons.lang3.StringUtils@rightPad(java.lang.String,int,java.lang.String):4492:181142:0 |==> -1
1908:ROR:==(int,int):<=(int,int):org.apache.commons.lang3.StringUtils@rightPad(java.lang.String,int,java.lang.String):4495:181170:pads == padLen |==> pads <= padLen
1909:ROR:==(int,int):>=(int,int):org.apache.commons.lang3.StringUtils@rightPad(java.lang.String,int,java.lang.String):4495:181170:pads == padLen |==> pads >= padLen
1910:ROR:==(int,int):FALSE(int,int):org.apache.commons.lang3.StringUtils@rightPad(java.lang.String,int,java.lang.String):4495:181175:pads == padLen |==> false
1911:ROR:<(int,int):!=(int,int):org.apache.commons.lang3.StringUtils@rightPad(java.lang.String,int,java.lang.String):4497:181246:pads < padLen |==> pads != padLen
1912:ROR:<(int,int):<=(int,int):org.apache.commons.lang3.StringUtils@rightPad(java.lang.String,int,java.lang.String):4497:181246:pads < padLen |==> pads <= padLen
1913:ROR:<(int,int):FALSE(int,int):org.apache.commons.lang3.StringUtils@rightPad(java.lang.String,int,java.lang.String):4497:181251:pads < padLen |==> false
1914:LVR:0:POS:org.apache.commons.lang3.StringUtils@rightPad(java.lang.String,int,java.lang.String):4498:181310:0 |==> 1
1915:LVR:0:NEG:org.apache.commons.lang3.StringUtils@rightPad(java.lang.String,int,java.lang.String):4498:181310:0 |==> -1
1916:LVR:0:POS:org.apache.commons.lang3.StringUtils@rightPad(java.lang.String,int,java.lang.String):4502:181460:0 |==> 1
1917:LVR:0:NEG:org.apache.commons.lang3.StringUtils@rightPad(java.lang.String,int,java.lang.String):4502:181460:0 |==> -1
1918:ROR:<(int,int):!=(int,int):org.apache.commons.lang3.StringUtils@rightPad(java.lang.String,int,java.lang.String):4502:181463:i < pads |==> i != pads
1919:ROR:<(int,int):<=(int,int):org.apache.commons.lang3.StringUtils@rightPad(java.lang.String,int,java.lang.String):4502:181463:i < pads |==> i <= pads
1920:ROR:<(int,int):FALSE(int,int):org.apache.commons.lang3.StringUtils@rightPad(java.lang.String,int,java.lang.String):4502:181465:i < pads |==> false
1921:AOR:%(int,int):*(int,int):org.apache.commons.lang3.StringUtils@rightPad(java.lang.String,int,java.lang.String):4503:181518:i % padLen |==> i * padLen
1922:AOR:%(int,int):+(int,int):org.apache.commons.lang3.StringUtils@rightPad(java.lang.String,int,java.lang.String):4503:181518:i % padLen |==> i + padLen
1923:AOR:%(int,int):-(int,int):org.apache.commons.lang3.StringUtils@rightPad(java.lang.String,int,java.lang.String):4503:181518:i % padLen |==> i - padLen
1924:AOR:%(int,int):/(int,int):org.apache.commons.lang3.StringUtils@rightPad(java.lang.String,int,java.lang.String):4503:181518:i % padLen |==> i / padLen
1925:STD:<ASSIGN>:<NO-OP>:org.apache.commons.lang3.StringUtils@rightPad(java.lang.String,int,java.lang.String):4503:181496:padding[i] = padChars[i % padLen]; |==> <NO-OP>
1926:ROR:==(java.lang.Object,java.lang.Object):FALSE(java.lang.Object,java.lang.Object):org.apache.commons.lang3.StringUtils@leftPad(java.lang.String,int,char):4554:183256:str == null |==> false
1927:AOR:-(int,int):%(int,int):org.apache.commons.lang3.StringUtils@leftPad(java.lang.String,int,char):4557:183321:size - str.length() |==> size % str.length()
1928:AOR:-(int,int):*(int,int):org.apache.commons.lang3.StringUtils@leftPad(java.lang.String,int,char):4557:183321:size - str.length() |==> size * str.length()
1929:AOR:-(int,int):+(int,int):org.apache.commons.lang3.StringUtils@leftPad(java.lang.String,int,char):4557:183321:size - str.length() |==> size + str.length()
1930:AOR:-(int,int):/(int,int):org.apache.commons.lang3.StringUtils@leftPad(java.lang.String,int,char):4557:183321:size - str.length() |==> size / str.length()
1931:LVR:0:POS:org.apache.commons.lang3.StringUtils@leftPad(java.lang.String,int,char):4558:183362:0 |==> 1
1932:LVR:0:NEG:org.apache.commons.lang3.StringUtils@leftPad(java.lang.String,int,char):4558:183362:0 |==> -1
1933:ROR:<=(int,int):<(int,int):org.apache.commons.lang3.StringUtils@leftPad(java.lang.String,int,char):4558:183354:pads <= 0 |==> pads < 0
1934:ROR:<=(int,int):==(int,int):org.apache.commons.lang3.StringUtils@leftPad(java.lang.String,int,char):4558:183354:pads <= 0 |==> pads == 0
1935:ROR:<=(int,int):TRUE(int,int):org.apache.commons.lang3.StringUtils@leftPad(java.lang.String,int,char):4558:183359:pads <= 0 |==> true
1936:ROR:>(int,int):!=(int,int):org.apache.commons.lang3.StringUtils@leftPad(java.lang.String,int,char):4561:183454:pads > PAD_LIMIT |==> pads != PAD_LIMIT
1937:ROR:>(int,int):>=(int,int):org.apache.commons.lang3.StringUtils@leftPad(java.lang.String,int,char):4561:183454:pads > PAD_LIMIT |==> pads >= PAD_LIMIT
1938:ROR:>(int,int):FALSE(int,int):org.apache.commons.lang3.StringUtils@leftPad(java.lang.String,int,char):4561:183459:pads > PAD_LIMIT |==> false
1939:ROR:==(java.lang.Object,java.lang.Object):FALSE(java.lang.Object,java.lang.Object):org.apache.commons.lang3.StringUtils@leftPad(java.lang.String,int,java.lang.String):4591:184648:str == null |==> false
1940:COR:<METHOD_INVOCATION(boolean)>:FALSE:org.apache.commons.lang3.StringUtils@leftPad(java.lang.String,int,java.lang.String):4594:184713:isEmpty(padStr) |==> false
1941:COR:<METHOD_INVOCATION(boolean)>:TRUE:org.apache.commons.lang3.StringUtils@leftPad(java.lang.String,int,java.lang.String):4594:184713:isEmpty(padStr) |==> true
1942:STD:<ASSIGN>:<NO-OP>:org.apache.commons.lang3.StringUtils@leftPad(java.lang.String,int,java.lang.String):4595:184737:padStr = " "; |==> <NO-OP>
1943:AOR:-(int,int):%(int,int):org.apache.commons.lang3.StringUtils@leftPad(java.lang.String,int,java.lang.String):4599:184853:size - strLen |==> size % strLen
1944:AOR:-(int,int):*(int,int):org.apache.commons.lang3.StringUtils@leftPad(java.lang.String,int,java.lang.String):4599:184853:size - strLen |==> size * strLen
1945:AOR:-(int,int):+(int,int):org.apache.commons.lang3.StringUtils@leftPad(java.lang.String,int,java.lang.String):4599:184853:size - strLen |==> size + strLen
1946:AOR:-(int,int):/(int,int):org.apache.commons.lang3.StringUtils@leftPad(java.lang.String,int,java.lang.String):4599:184853:size - strLen |==> size / strLen
1947:LVR:0:POS:org.apache.commons.lang3.StringUtils@leftPad(java.lang.String,int,java.lang.String):4600:184888:0 |==> 1
1948:LVR:0:NEG:org.apache.commons.lang3.StringUtils@leftPad(java.lang.String,int,java.lang.String):4600:184888:0 |==> -1
1949:ROR:<=(int,int):<(int,int):org.apache.commons.lang3.StringUtils@leftPad(java.lang.String,int,java.lang.String):4600:184880:pads <= 0 |==> pads < 0
1950:ROR:<=(int,int):==(int,int):org.apache.commons.lang3.StringUtils@leftPad(java.lang.String,int,java.lang.String):4600:184880:pads <= 0 |==> pads == 0
1951:ROR:<=(int,int):TRUE(int,int):org.apache.commons.lang3.StringUtils@leftPad(java.lang.String,int,java.lang.String):4600:184885:pads <= 0 |==> true
1952:LVR:POS:0:org.apache.commons.lang3.StringUtils@leftPad(java.lang.String,int,java.lang.String):4603:184990:1 |==> 0
1953:LVR:POS:NEG:org.apache.commons.lang3.StringUtils@leftPad(java.lang.String,int,java.lang.String):4603:184990:1 |==> -1
1954:ROR:==(int,int):<=(int,int):org.apache.commons.lang3.StringUtils@leftPad(java.lang.String,int,java.lang.String):4603:184980:padLen == 1 |==> padLen <= 1
1955:ROR:==(int,int):>=(int,int):org.apache.commons.lang3.StringUtils@leftPad(java.lang.String,int,java.lang.String):4603:184980:padLen == 1 |==> padLen >= 1
1956:ROR:==(int,int):FALSE(int,int):org.apache.commons.lang3.StringUtils@leftPad(java.lang.String,int,java.lang.String):4603:184987:padLen == 1 |==> false
1957:ROR:<=(int,int):<(int,int):org.apache.commons.lang3.StringUtils@leftPad(java.lang.String,int,java.lang.String):4603:184995:pads <= PAD_LIMIT |==> pads < PAD_LIMIT
1958:ROR:<=(int,int):==(int,int):org.apache.commons.lang3.StringUtils@leftPad(java.lang.String,int,java.lang.String):4603:184995:pads <= PAD_LIMIT |==> pads == PAD_LIMIT
1959:ROR:<=(int,int):TRUE(int,int):org.apache.commons.lang3.StringUtils@leftPad(java.lang.String,int,java.lang.String):4603:185000:pads <= PAD_LIMIT |==> true
1960:COR:&&(boolean,boolean):==(boolean,boolean):org.apache.commons.lang3.StringUtils@leftPad(java.lang.String,int,java.lang.String):4603:184980:padLen == 1 && pads <= PAD_LIMIT |==> padLen == 1 == pads <= PAD_LIMIT
1961:COR:&&(boolean,boolean):FALSE(boolean,boolean):org.apache.commons.lang3.StringUtils@leftPad(java.lang.String,int,java.lang.String):4603:184992:padLen == 1 && pads <= PAD_LIMIT |==> false
1962:COR:&&(boolean,boolean):LHS(boolean,boolean):org.apache.commons.lang3.StringUtils@leftPad(java.lang.String,int,java.lang.String):4603:184980:padLen == 1 && pads <= PAD_LIMIT |==> padLen == 1
1963:COR:&&(boolean,boolean):RHS(boolean,boolean):org.apache.commons.lang3.StringUtils@leftPad(java.lang.String,int,java.lang.String):4603:184995:padLen == 1 && pads <= PAD_LIMIT |==> pads <= PAD_LIMIT
1964:LVR:0:POS:org.apache.commons.lang3.StringUtils@leftPad(java.lang.String,int,java.lang.String):4604:185068:0 |==> 1
1965:LVR:0:NEG:org.apache.commons.lang3.StringUtils@leftPad(java.lang.String,int,java.lang.String):4604:185068:0 |==> -1
1966:ROR:==(int,int):<=(int,int):org.apache.commons.lang3.StringUtils@leftPad(java.lang.String,int,java.lang.String):4607:185096:pads == padLen |==> pads <= padLen
1967:ROR:==(int,int):>=(int,int):org.apache.commons.lang3.StringUtils@leftPad(java.lang.String,int,java.lang.String):4607:185096:pads == padLen |==> pads >= padLen
1968:ROR:==(int,int):FALSE(int,int):org.apache.commons.lang3.StringUtils@leftPad(java.lang.String,int,java.lang.String):4607:185101:pads == padLen |==> false
1969:ROR:<(int,int):!=(int,int):org.apache.commons.lang3.StringUtils@leftPad(java.lang.String,int,java.lang.String):4609:185172:pads < padLen |==> pads != padLen
1970:ROR:<(int,int):<=(int,int):org.apache.commons.lang3.StringUtils@leftPad(java.lang.String,int,java.lang.String):4609:185172:pads < padLen |==> pads <= padLen
1971:ROR:<(int,int):FALSE(int,int):org.apache.commons.lang3.StringUtils@leftPad(java.lang.String,int,java.lang.String):4609:185177:pads < padLen |==> false
1972:LVR:0:POS:org.apache.commons.lang3.StringUtils@leftPad(java.lang.String,int,java.lang.String):4610:185225:0 |==> 1
1973:LVR:0:NEG:org.apache.commons.lang3.StringUtils@leftPad(java.lang.String,int,java.lang.String):4610:185225:0 |==> -1
1974:LVR:0:POS:org.apache.commons.lang3.StringUtils@leftPad(java.lang.String,int,java.lang.String):4614:185386:0 |==> 1
1975:LVR:0:NEG:org.apache.commons.lang3.StringUtils@leftPad(java.lang.String,int,java.lang.String):4614:185386:0 |==> -1
1976:ROR:<(int,int):!=(int,int):org.apache.commons.lang3.StringUtils@leftPad(java.lang.String,int,java.lang.String):4614:185389:i < pads |==> i != pads
1977:ROR:<(int,int):<=(int,int):org.apache.commons.lang3.StringUtils@leftPad(java.lang.String,int,java.lang.String):4614:185389:i < pads |==> i <= pads
1978:ROR:<(int,int):FALSE(int,int):org.apache.commons.lang3.StringUtils@leftPad(java.lang.String,int,java.lang.String):4614:185391:i < pads |==> false
1979:AOR:%(int,int):*(int,int):org.apache.commons.lang3.StringUtils@leftPad(java.lang.String,int,java.lang.String):4615:185444:i % padLen |==> i * padLen
1980:AOR:%(int,int):+(int,int):org.apache.commons.lang3.StringUtils@leftPad(java.lang.String,int,java.lang.String):4615:185444:i % padLen |==> i + padLen
1981:AOR:%(int,int):-(int,int):org.apache.commons.lang3.StringUtils@leftPad(java.lang.String,int,java.lang.String):4615:185444:i % padLen |==> i - padLen
1982:AOR:%(int,int):/(int,int):org.apache.commons.lang3.StringUtils@leftPad(java.lang.String,int,java.lang.String):4615:185444:i % padLen |==> i / padLen
1983:STD:<ASSIGN>:<NO-OP>:org.apache.commons.lang3.StringUtils@leftPad(java.lang.String,int,java.lang.String):4615:185422:padding[i] = padChars[i % padLen]; |==> <NO-OP>
1984:ROR:==(java.lang.Object,java.lang.Object):FALSE(java.lang.Object,java.lang.Object):org.apache.commons.lang3.StringUtils@center(java.lang.String,int,char):4690:188210:str == null |==> false
1985:LVR:0:POS:org.apache.commons.lang3.StringUtils@center(java.lang.String,int,char):4690:188229:0 |==> 1
1986:LVR:0:NEG:org.apache.commons.lang3.StringUtils@center(java.lang.String,int,char):4690:188229:0 |==> -1
1987:ROR:<=(int,int):<(int,int):org.apache.commons.lang3.StringUtils@center(java.lang.String,int,char):4690:188221:size <= 0 |==> size < 0
1988:ROR:<=(int,int):==(int,int):org.apache.commons.lang3.StringUtils@center(java.lang.String,int,char):4690:188221:size <= 0 |==> size == 0
1989:ROR:<=(int,int):TRUE(int,int):org.apache.commons.lang3.StringUtils@center(java.lang.String,int,char):4690:188226:size <= 0 |==> true
1990:COR:||(boolean,boolean):!=(boolean,boolean):org.apache.commons.lang3.StringUtils@center(java.lang.String,int,char):4690:188206:str == null || size <= 0 |==> str == null != size <= 0
1991:COR:||(boolean,boolean):LHS(boolean,boolean):org.apache.commons.lang3.StringUtils@center(java.lang.String,int,char):4690:188206:str == null || size <= 0 |==> str == null
1992:COR:||(boolean,boolean):RHS(boolean,boolean):org.apache.commons.lang3.StringUtils@center(java.lang.String,int,char):4690:188221:str == null || size <= 0 |==> size <= 0
1993:COR:||(boolean,boolean):TRUE(boolean,boolean):org.apache.commons.lang3.StringUtils@center(java.lang.String,int,char):4690:188218:str == null || size <= 0 |==> true
1994:AOR:-(int,int):%(int,int):org.apache.commons.lang3.StringUtils@center(java.lang.String,int,char):4694:188322:size - strLen |==> size % strLen
1995:AOR:-(int,int):*(int,int):org.apache.commons.lang3.StringUtils@center(java.lang.String,int,char):4694:188322:size - strLen |==> size * strLen
1996:AOR:-(int,int):+(int,int):org.apache.commons.lang3.StringUtils@center(java.lang.String,int,char):4694:188322:size - strLen |==> size + strLen
1997:AOR:-(int,int):/(int,int):org.apache.commons.lang3.StringUtils@center(java.lang.String,int,char):4694:188322:size - strLen |==> size / strLen
1998:LVR:0:POS:org.apache.commons.lang3.StringUtils@center(java.lang.String,int,char):4695:188357:0 |==> 1
1999:LVR:0:NEG:org.apache.commons.lang3.StringUtils@center(java.lang.String,int,char):4695:188357:0 |==> -1
2000:ROR:<=(int,int):<(int,int):org.apache.commons.lang3.StringUtils@center(java.lang.String,int,char):4695:188349:pads <= 0 |==> pads < 0
2001:ROR:<=(int,int):==(int,int):org.apache.commons.lang3.StringUtils@center(java.lang.String,int,char):4695:188349:pads <= 0 |==> pads == 0
2002:ROR:<=(int,int):TRUE(int,int):org.apache.commons.lang3.StringUtils@center(java.lang.String,int,char):4695:188354:pads <= 0 |==> true
2003:LVR:POS:0:org.apache.commons.lang3.StringUtils@center(java.lang.String,int,char):4698:188439:2 |==> 0
2004:LVR:POS:NEG:org.apache.commons.lang3.StringUtils@center(java.lang.String,int,char):4698:188439:2 |==> -2
2005:AOR:/(int,int):%(int,int):org.apache.commons.lang3.StringUtils@center(java.lang.String,int,char):4698:188432:pads / 2 |==> pads % 2
2006:AOR:/(int,int):*(int,int):org.apache.commons.lang3.StringUtils@center(java.lang.String,int,char):4698:188432:pads / 2 |==> pads * 2
2007:AOR:/(int,int):+(int,int):org.apache.commons.lang3.StringUtils@center(java.lang.String,int,char):4698:188432:pads / 2 |==> pads + 2
2008:AOR:/(int,int):-(int,int):org.apache.commons.lang3.StringUtils@center(java.lang.String,int,char):4698:188432:pads / 2 |==> pads - 2
2009:AOR:+(int,int):%(int,int):org.apache.commons.lang3.StringUtils@center(java.lang.String,int,char):4698:188423:strLen + pads / 2 |==> strLen % (pads / 2)
2010:AOR:+(int,int):*(int,int):org.apache.commons.lang3.StringUtils@center(java.lang.String,int,char):4698:188423:strLen + pads / 2 |==> strLen * (pads / 2)
2011:AOR:+(int,int):-(int,int):org.apache.commons.lang3.StringUtils@center(java.lang.String,int,char):4698:188423:strLen + pads / 2 |==> strLen - pads / 2
2012:AOR:+(int,int):/(int,int):org.apache.commons.lang3.StringUtils@center(java.lang.String,int,char):4698:188423:strLen + pads / 2 |==> strLen / (pads / 2)
2013:STD:<ASSIGN>:<NO-OP>:org.apache.commons.lang3.StringUtils@center(java.lang.String,int,char):4698:188404:str = leftPad(str, strLen + pads / 2, padChar); |==> <NO-OP>
2014:STD:<ASSIGN>:<NO-OP>:org.apache.commons.lang3.StringUtils@center(java.lang.String,int,char):4699:188460:str = rightPad(str, size, padChar); |==> <NO-OP>
2015:ROR:==(java.lang.Object,java.lang.Object):FALSE(java.lang.Object,java.lang.Object):org.apache.commons.lang3.StringUtils@center(java.lang.String,int,java.lang.String):4730:189828:str == null |==> false
2016:LVR:0:POS:org.apache.commons.lang3.StringUtils@center(java.lang.String,int,java.lang.String):4730:189847:0 |==> 1
2017:LVR:0:NEG:org.apache.commons.lang3.StringUtils@center(java.lang.String,int,java.lang.String):4730:189847:0 |==> -1
2018:ROR:<=(int,int):<(int,int):org.apache.commons.lang3.StringUtils@center(java.lang.String,int,java.lang.String):4730:189839:size <= 0 |==> size < 0
2019:ROR:<=(int,int):==(int,int):org.apache.commons.lang3.StringUtils@center(java.lang.String,int,java.lang.String):4730:189839:size <= 0 |==> size == 0
2020:ROR:<=(int,int):TRUE(int,int):org.apache.commons.lang3.StringUtils@center(java.lang.String,int,java.lang.String):4730:189844:size <= 0 |==> true
2021:COR:||(boolean,boolean):!=(boolean,boolean):org.apache.commons.lang3.StringUtils@center(java.lang.String,int,java.lang.String):4730:189824:str == null || size <= 0 |==> str == null != size <= 0
2022:COR:||(boolean,boolean):LHS(boolean,boolean):org.apache.commons.lang3.StringUtils@center(java.lang.String,int,java.lang.String):4730:189824:str == null || size <= 0 |==> str == null
2023:COR:||(boolean,boolean):RHS(boolean,boolean):org.apache.commons.lang3.StringUtils@center(java.lang.String,int,java.lang.String):4730:189839:str == null || size <= 0 |==> size <= 0
2024:COR:||(boolean,boolean):TRUE(boolean,boolean):org.apache.commons.lang3.StringUtils@center(java.lang.String,int,java.lang.String):4730:189836:str == null || size <= 0 |==> true
2025:COR:<METHOD_INVOCATION(boolean)>:FALSE:org.apache.commons.lang3.StringUtils@center(java.lang.String,int,java.lang.String):4733:189905:isEmpty(padStr) |==> false
2026:COR:<METHOD_INVOCATION(boolean)>:TRUE:org.apache.commons.lang3.StringUtils@center(java.lang.String,int,java.lang.String):4733:189905:isEmpty(padStr) |==> true
2027:STD:<ASSIGN>:<NO-OP>:org.apache.commons.lang3.StringUtils@center(java.lang.String,int,java.lang.String):4734:189929:padStr = " "; |==> <NO-OP>
2028:AOR:-(int,int):%(int,int):org.apache.commons.lang3.StringUtils@center(java.lang.String,int,java.lang.String):4737:190007:size - strLen |==> size % strLen
2029:AOR:-(int,int):*(int,int):org.apache.commons.lang3.StringUtils@center(java.lang.String,int,java.lang.String):4737:190007:size - strLen |==> size * strLen
2030:AOR:-(int,int):+(int,int):org.apache.commons.lang3.StringUtils@center(java.lang.String,int,java.lang.String):4737:190007:size - strLen |==> size + strLen
2031:AOR:-(int,int):/(int,int):org.apache.commons.lang3.StringUtils@center(java.lang.String,int,java.lang.String):4737:190007:size - strLen |==> size / strLen
2032:LVR:0:POS:org.apache.commons.lang3.StringUtils@center(java.lang.String,int,java.lang.String):4738:190042:0 |==> 1
2033:LVR:0:NEG:org.apache.commons.lang3.StringUtils@center(java.lang.String,int,java.lang.String):4738:190042:0 |==> -1
2034:ROR:<=(int,int):<(int,int):org.apache.commons.lang3.StringUtils@center(java.lang.String,int,java.lang.String):4738:190034:pads <= 0 |==> pads < 0
2035:ROR:<=(int,int):==(int,int):org.apache.commons.lang3.StringUtils@center(java.lang.String,int,java.lang.String):4738:190034:pads <= 0 |==> pads == 0
2036:ROR:<=(int,int):TRUE(int,int):org.apache.commons.lang3.StringUtils@center(java.lang.String,int,java.lang.String):4738:190039:pads <= 0 |==> true
2037:LVR:POS:0:org.apache.commons.lang3.StringUtils@center(java.lang.String,int,java.lang.String):4741:190124:2 |==> 0
2038:LVR:POS:NEG:org.apache.commons.lang3.StringUtils@center(java.lang.String,int,java.lang.String):4741:190124:2 |==> -2
2039:AOR:/(int,int):%(int,int):org.apache.commons.lang3.StringUtils@center(java.lang.String,int,java.lang.String):4741:190117:pads / 2 |==> pads % 2
2040:AOR:/(int,int):*(int,int):org.apache.commons.lang3.StringUtils@center(java.lang.String,int,java.lang.String):4741:190117:pads / 2 |==> pads * 2
2041:AOR:/(int,int):+(int,int):org.apache.commons.lang3.StringUtils@center(java.lang.String,int,java.lang.String):4741:190117:pads / 2 |==> pads + 2
2042:AOR:/(int,int):-(int,int):org.apache.commons.lang3.StringUtils@center(java.lang.String,int,java.lang.String):4741:190117:pads / 2 |==> pads - 2
2043:AOR:+(int,int):%(int,int):org.apache.commons.lang3.StringUtils@center(java.lang.String,int,java.lang.String):4741:190108:strLen + pads / 2 |==> strLen % (pads / 2)
2044:AOR:+(int,int):*(int,int):org.apache.commons.lang3.StringUtils@center(java.lang.String,int,java.lang.String):4741:190108:strLen + pads / 2 |==> strLen * (pads / 2)
2045:AOR:+(int,int):-(int,int):org.apache.commons.lang3.StringUtils@center(java.lang.String,int,java.lang.String):4741:190108:strLen + pads / 2 |==> strLen - pads / 2
2046:AOR:+(int,int):/(int,int):org.apache.commons.lang3.StringUtils@center(java.lang.String,int,java.lang.String):4741:190108:strLen + pads / 2 |==> strLen / (pads / 2)
2047:STD:<ASSIGN>:<NO-OP>:org.apache.commons.lang3.StringUtils@center(java.lang.String,int,java.lang.String):4741:190089:str = leftPad(str, strLen + pads / 2, padStr); |==> <NO-OP>
2048:STD:<ASSIGN>:<NO-OP>:org.apache.commons.lang3.StringUtils@center(java.lang.String,int,java.lang.String):4742:190144:str = rightPad(str, size, padStr); |==> <NO-OP>
2049:ROR:==(java.lang.Object,java.lang.Object):FALSE(java.lang.Object,java.lang.Object):org.apache.commons.lang3.StringUtils@upperCase(java.lang.String):4768:191212:str == null |==> false
2050:ROR:==(java.lang.Object,java.lang.Object):FALSE(java.lang.Object,java.lang.Object):org.apache.commons.lang3.StringUtils@upperCase(java.lang.String,java.util.Locale):4791:192029:str == null |==> false
2051:ROR:==(java.lang.Object,java.lang.Object):FALSE(java.lang.Object,java.lang.Object):org.apache.commons.lang3.StringUtils@lowerCase(java.lang.String):4817:193027:str == null |==> false
2052:ROR:==(java.lang.Object,java.lang.Object):FALSE(java.lang.Object,java.lang.Object):org.apache.commons.lang3.StringUtils@lowerCase(java.lang.String,java.util.Locale):4840:193844:str == null |==> false
2053:ROR:==(java.lang.Object,java.lang.Object):FALSE(java.lang.Object,java.lang.Object):org.apache.commons.lang3.StringUtils@capitalize(java.lang.CharSequence):4867:194780:cs == null |==> false
2054:LVR:0:POS:org.apache.commons.lang3.StringUtils@capitalize(java.lang.CharSequence):4871:194885:0 |==> 1
2055:LVR:0:NEG:org.apache.commons.lang3.StringUtils@capitalize(java.lang.CharSequence):4871:194885:0 |==> -1
2056:ROR:==(int,int):<=(int,int):org.apache.commons.lang3.StringUtils@capitalize(java.lang.CharSequence):4871:194859:(strLen = cs.length()) == 0 |==> (strLen = cs.length()) <= 0
2057:ROR:==(int,int):>=(int,int):org.apache.commons.lang3.StringUtils@capitalize(java.lang.CharSequence):4871:194859:(strLen = cs.length()) == 0 |==> (strLen = cs.length()) >= 0
2058:LVR:0:POS:org.apache.commons.lang3.StringUtils@capitalize(java.lang.CharSequence):4875:195027:0 |==> 1
2059:LVR:0:NEG:org.apache.commons.lang3.StringUtils@capitalize(java.lang.CharSequence):4875:195027:0 |==> -1
2060:LVR:POS:0:org.apache.commons.lang3.StringUtils@capitalize(java.lang.CharSequence):4876:195086:1 |==> 0
2061:LVR:POS:NEG:org.apache.commons.lang3.StringUtils@capitalize(java.lang.CharSequence):4876:195086:1 |==> -1
2062:ROR:==(java.lang.Object,java.lang.Object):FALSE(java.lang.Object,java.lang.Object):org.apache.commons.lang3.StringUtils@uncapitalize(java.lang.CharSequence):4901:195995:cs == null |==> false
2063:LVR:0:POS:org.apache.commons.lang3.StringUtils@uncapitalize(java.lang.CharSequence):4905:196100:0 |==> 1
2064:LVR:0:NEG:org.apache.commons.lang3.StringUtils@uncapitalize(java.lang.CharSequence):4905:196100:0 |==> -1
2065:ROR:==(int,int):<=(int,int):org.apache.commons.lang3.StringUtils@uncapitalize(java.lang.CharSequence):4905:196074:(strLen = cs.length()) == 0 |==> (strLen = cs.length()) <= 0
2066:ROR:==(int,int):>=(int,int):org.apache.commons.lang3.StringUtils@uncapitalize(java.lang.CharSequence):4905:196074:(strLen = cs.length()) == 0 |==> (strLen = cs.length()) >= 0
2067:LVR:0:POS:org.apache.commons.lang3.StringUtils@uncapitalize(java.lang.CharSequence):4909:196242:0 |==> 1
2068:LVR:0:NEG:org.apache.commons.lang3.StringUtils@uncapitalize(java.lang.CharSequence):4909:196242:0 |==> -1
2069:LVR:POS:0:org.apache.commons.lang3.StringUtils@uncapitalize(java.lang.CharSequence):4910:196301:1 |==> 0
2070:LVR:POS:NEG:org.apache.commons.lang3.StringUtils@uncapitalize(java.lang.CharSequence):4910:196301:1 |==> -1
2071:ROR:==(java.lang.Object,java.lang.Object):FALSE(java.lang.Object,java.lang.Object):org.apache.commons.lang3.StringUtils@swapCase(java.lang.String):4943:197518:str == null |==> false
2072:LVR:0:POS:org.apache.commons.lang3.StringUtils@swapCase(java.lang.String):4943:197556:0 |==> 1
2073:LVR:0:NEG:org.apache.commons.lang3.StringUtils@swapCase(java.lang.String):4943:197556:0 |==> -1
2074:ROR:==(int,int):<=(int,int):org.apache.commons.lang3.StringUtils@swapCase(java.lang.String):4943:197529:(strLen = str.length()) == 0 |==> (strLen = str.length()) <= 0
2075:ROR:==(int,int):>=(int,int):org.apache.commons.lang3.StringUtils@swapCase(java.lang.String):4943:197529:(strLen = str.length()) == 0 |==> (strLen = str.length()) >= 0
2076:COR:||(boolean,boolean):!=(boolean,boolean):org.apache.commons.lang3.StringUtils@swapCase(java.lang.String):4943:197514:str == null || (strLen = str.length()) == 0 |==> str == null != ((strLen = str.length()) == 0)
2077:COR:||(boolean,boolean):RHS(boolean,boolean):org.apache.commons.lang3.StringUtils@swapCase(java.lang.String):4943:197529:str == null || (strLen = str.length()) == 0 |==> (strLen = str.length()) == 0
2078:COR:||(boolean,boolean):TRUE(boolean,boolean):org.apache.commons.lang3.StringUtils@swapCase(java.lang.String):4943:197526:str == null || (strLen = str.length()) == 0 |==> true
2079:LVR:0:POS:org.apache.commons.lang3.StringUtils@swapCase(java.lang.String):4949:197696:0 |==> 1
2080:LVR:0:NEG:org.apache.commons.lang3.StringUtils@swapCase(java.lang.String):4949:197696:0 |==> -1
2081:ROR:<(int,int):!=(int,int):org.apache.commons.lang3.StringUtils@swapCase(java.lang.String):4949:197699:i < strLen |==> i != strLen
2082:ROR:<(int,int):<=(int,int):org.apache.commons.lang3.StringUtils@swapCase(java.lang.String):4949:197699:i < strLen |==> i <= strLen
2083:ROR:<(int,int):FALSE(int,int):org.apache.commons.lang3.StringUtils@swapCase(java.lang.String):4949:197701:i < strLen |==> false
2084:STD:<ASSIGN>:<NO-OP>:org.apache.commons.lang3.StringUtils@swapCase(java.lang.String):4950:197730:ch = str.charAt(i); |==> <NO-OP>
2085:COR:<METHOD_INVOCATION(boolean)>:FALSE:org.apache.commons.lang3.StringUtils@swapCase(java.lang.String):4951:197787:Character.isUpperCase(ch) |==> false
2086:COR:<METHOD_INVOCATION(boolean)>:TRUE:org.apache.commons.lang3.StringUtils@swapCase(java.lang.String):4951:197787:Character.isUpperCase(ch) |==> true
2087:STD:<ASSIGN>:<NO-OP>:org.apache.commons.lang3.StringUtils@swapCase(java.lang.String):4952:197811:ch = Character.toLowerCase(ch); |==> <NO-OP>
2088:COR:<METHOD_INVOCATION(boolean)>:FALSE:org.apache.commons.lang3.StringUtils@swapCase(java.lang.String):4953:197887:Character.isTitleCase(ch) |==> false
2089:COR:<METHOD_INVOCATION(boolean)>:TRUE:org.apache.commons.lang3.StringUtils@swapCase(java.lang.String):4953:197887:Character.isTitleCase(ch) |==> true
2090:STD:<ASSIGN>:<NO-OP>:org.apache.commons.lang3.StringUtils@swapCase(java.lang.String):4954:197911:ch = Character.toLowerCase(ch); |==> <NO-OP>
2091:COR:<METHOD_INVOCATION(boolean)>:FALSE:org.apache.commons.lang3.StringUtils@swapCase(java.lang.String):4955:197987:Character.isLowerCase(ch) |==> false
2092:COR:<METHOD_INVOCATION(boolean)>:TRUE:org.apache.commons.lang3.StringUtils@swapCase(java.lang.String):4955:197987:Character.isLowerCase(ch) |==> true
2093:STD:<ASSIGN>:<NO-OP>:org.apache.commons.lang3.StringUtils@swapCase(java.lang.String):4956:198011:ch = Character.toUpperCase(ch); |==> <NO-OP>
2094:STD:<CALL>:<NO-OP>:org.apache.commons.lang3.StringUtils@swapCase(java.lang.String):4958:198069:buffer.append(ch); |==> <NO-OP>
2095:COR:||(boolean,boolean):!=(boolean,boolean):org.apache.commons.lang3.StringUtils@countMatches(java.lang.String,java.lang.String):4985:199086:isEmpty(str) || isEmpty(sub) |==> isEmpty(str) != isEmpty(sub)
2096:COR:||(boolean,boolean):LHS(boolean,boolean):org.apache.commons.lang3.StringUtils@countMatches(java.lang.String,java.lang.String):4985:199086:isEmpty(str) || isEmpty(sub) |==> isEmpty(str)
2097:COR:||(boolean,boolean):RHS(boolean,boolean):org.apache.commons.lang3.StringUtils@countMatches(java.lang.String,java.lang.String):4985:199102:isEmpty(str) || isEmpty(sub) |==> isEmpty(sub)
2098:COR:||(boolean,boolean):TRUE(boolean,boolean):org.apache.commons.lang3.StringUtils@countMatches(java.lang.String,java.lang.String):4985:199099:isEmpty(str) || isEmpty(sub) |==> true
2099:LVR:0:POS:org.apache.commons.lang3.StringUtils@countMatches(java.lang.String,java.lang.String):4986:199137:0 |==> 1
2100:LVR:0:NEG:org.apache.commons.lang3.StringUtils@countMatches(java.lang.String,java.lang.String):4986:199137:0 |==> -1
2101:LVR:0:POS:org.apache.commons.lang3.StringUtils@countMatches(java.lang.String,java.lang.String):4988:199170:0 |==> 1
2102:LVR:0:NEG:org.apache.commons.lang3.StringUtils@countMatches(java.lang.String,java.lang.String):4988:199170:0 |==> -1
2103:LVR:0:POS:org.apache.commons.lang3.StringUtils@countMatches(java.lang.String,java.lang.String):4989:199191:0 |==> 1
2104:LVR:0:NEG:org.apache.commons.lang3.StringUtils@countMatches(java.lang.String,java.lang.String):4989:199191:0 |==> -1
2105:ROR:!=(int,int):<(int,int):org.apache.commons.lang3.StringUtils@countMatches(java.lang.String,java.lang.String):4990:199209:(idx = str.indexOf(sub, idx)) != INDEX_NOT_FOUND |==> (idx = str.indexOf(sub, idx)) < INDEX_NOT_FOUND
2106:ROR:!=(int,int):>(int,int):org.apache.commons.lang3.StringUtils@countMatches(java.lang.String,java.lang.String):4990:199209:(idx = str.indexOf(sub, idx)) != INDEX_NOT_FOUND |==> (idx = str.indexOf(sub, idx)) > INDEX_NOT_FOUND
2107:ROR:!=(int,int):TRUE(int,int):org.apache.commons.lang3.StringUtils@countMatches(java.lang.String,java.lang.String):4990:199239:(idx = str.indexOf(sub, idx)) != INDEX_NOT_FOUND |==> true
2108:STD:<INC>:<NO-OP>:org.apache.commons.lang3.StringUtils@countMatches(java.lang.String,java.lang.String):4991:199273:count++; |==> <NO-OP>
2109:STD:<ASSIGN>:<NO-OP>:org.apache.commons.lang3.StringUtils@countMatches(java.lang.String,java.lang.String):4992:199294:idx += sub.length(); |==> <NO-OP>
2110:ROR:==(java.lang.Object,java.lang.Object):FALSE(java.lang.Object,java.lang.Object):org.apache.commons.lang3.StringUtils@isAlpha(java.lang.CharSequence):5018:200184:cs == null |==> false
2111:LVR:FALSE:TRUE:org.apache.commons.lang3.StringUtils@isAlpha(java.lang.CharSequence):5019:200214:false |==> true
2112:LVR:0:POS:org.apache.commons.lang3.StringUtils@isAlpha(java.lang.CharSequence):5022:200282:0 |==> 1
2113:LVR:0:NEG:org.apache.commons.lang3.StringUtils@isAlpha(java.lang.CharSequence):5022:200282:0 |==> -1
2114:ROR:<(int,int):!=(int,int):org.apache.commons.lang3.StringUtils@isAlpha(java.lang.CharSequence):5022:200285:i < sz |==> i != sz
2115:ROR:<(int,int):<=(int,int):org.apache.commons.lang3.StringUtils@isAlpha(java.lang.CharSequence):5022:200285:i < sz |==> i <= sz
2116:ROR:<(int,int):FALSE(int,int):org.apache.commons.lang3.StringUtils@isAlpha(java.lang.CharSequence):5022:200287:i < sz |==> false
2117:LVR:FALSE:TRUE:org.apache.commons.lang3.StringUtils@isAlpha(java.lang.CharSequence):5023:200352:false |==> true
2118:ROR:==(boolean,boolean):FALSE(boolean,boolean):org.apache.commons.lang3.StringUtils@isAlpha(java.lang.CharSequence):5023:200349:Character.isLetter(cs.charAt(i)) == false |==> false
2119:ROR:==(boolean,boolean):LHS(boolean,boolean):org.apache.commons.lang3.StringUtils@isAlpha(java.lang.CharSequence):5023:200316:Character.isLetter(cs.charAt(i)) == false |==> Character.isLetter(cs.charAt(i))
2120:ROR:==(boolean,boolean):RHS(boolean,boolean):org.apache.commons.lang3.StringUtils@isAlpha(java.lang.CharSequence):5023:200352:Character.isLetter(cs.charAt(i)) == false |==> false
2121:LVR:FALSE:TRUE:org.apache.commons.lang3.StringUtils@isAlpha(java.lang.CharSequence):5024:200384:false |==> true
2122:LVR:TRUE:FALSE:org.apache.commons.lang3.StringUtils@isAlpha(java.lang.CharSequence):5027:200430:true |==> false
2123:ROR:==(java.lang.Object,java.lang.Object):FALSE(java.lang.Object,java.lang.Object):org.apache.commons.lang3.StringUtils@isAlphaSpace(java.lang.CharSequence):5052:201293:cs == null |==> false
2124:LVR:FALSE:TRUE:org.apache.commons.lang3.StringUtils@isAlphaSpace(java.lang.CharSequence):5053:201323:false |==> true
2125:LVR:0:POS:org.apache.commons.lang3.StringUtils@isAlphaSpace(java.lang.CharSequence):5056:201391:0 |==> 1
2126:LVR:0:NEG:org.apache.commons.lang3.StringUtils@isAlphaSpace(java.lang.CharSequence):5056:201391:0 |==> -1
2127:ROR:<(int,int):!=(int,int):org.apache.commons.lang3.StringUtils@isAlphaSpace(java.lang.CharSequence):5056:201394:i < sz |==> i != sz
2128:ROR:<(int,int):<=(int,int):org.apache.commons.lang3.StringUtils@isAlphaSpace(java.lang.CharSequence):5056:201394:i < sz |==> i <= sz
2129:ROR:<(int,int):FALSE(int,int):org.apache.commons.lang3.StringUtils@isAlphaSpace(java.lang.CharSequence):5056:201396:i < sz |==> false
2130:LVR:FALSE:TRUE:org.apache.commons.lang3.StringUtils@isAlphaSpace(java.lang.CharSequence):5057:201462:false |==> true
2131:ROR:==(boolean,boolean):FALSE(boolean,boolean):org.apache.commons.lang3.StringUtils@isAlphaSpace(java.lang.CharSequence):5057:201459:Character.isLetter(cs.charAt(i)) == false |==> false
2132:ROR:==(boolean,boolean):LHS(boolean,boolean):org.apache.commons.lang3.StringUtils@isAlphaSpace(java.lang.CharSequence):5057:201426:Character.isLetter(cs.charAt(i)) == false |==> Character.isLetter(cs.charAt(i))
2133:ROR:==(boolean,boolean):RHS(boolean,boolean):org.apache.commons.lang3.StringUtils@isAlphaSpace(java.lang.CharSequence):5057:201462:Character.isLetter(cs.charAt(i)) == false |==> false
2134:ROR:!=(int,int):<(int,int):org.apache.commons.lang3.StringUtils@isAlphaSpace(java.lang.CharSequence):5057:201473:cs.charAt(i) != ' ' |==> cs.charAt(i) < ' '
2135:ROR:!=(int,int):>(int,int):org.apache.commons.lang3.StringUtils@isAlphaSpace(java.lang.CharSequence):5057:201473:cs.charAt(i) != ' ' |==> cs.charAt(i) > ' '
2136:ROR:!=(int,int):TRUE(int,int):org.apache.commons.lang3.StringUtils@isAlphaSpace(java.lang.CharSequence):5057:201486:cs.charAt(i) != ' ' |==> true
2137:COR:&&(boolean,boolean):==(boolean,boolean):org.apache.commons.lang3.StringUtils@isAlphaSpace(java.lang.CharSequence):5057:201425:(Character.isLetter(cs.charAt(i)) == false) && (cs.charAt(i) != ' ') |==> (Character.isLetter(cs.charAt(i)) == false) == (cs.charAt(i) != ' ')
2138:COR:&&(boolean,boolean):FALSE(boolean,boolean):org.apache.commons.lang3.StringUtils@isAlphaSpace(java.lang.CharSequence):5057:201469:(Character.isLetter(cs.charAt(i)) == false) && (cs.charAt(i) != ' ') |==> false
2139:COR:&&(boolean,boolean):LHS(boolean,boolean):org.apache.commons.lang3.StringUtils@isAlphaSpace(java.lang.CharSequence):5057:201425:(Character.isLetter(cs.charAt(i)) == false) && (cs.charAt(i) != ' ') |==> (Character.isLetter(cs.charAt(i)) == false)
2140:COR:&&(boolean,boolean):RHS(boolean,boolean):org.apache.commons.lang3.StringUtils@isAlphaSpace(java.lang.CharSequence):5057:201472:(Character.isLetter(cs.charAt(i)) == false) && (cs.charAt(i) != ' ') |==> (cs.charAt(i) != ' ')
2141:LVR:FALSE:TRUE:org.apache.commons.lang3.StringUtils@isAlphaSpace(java.lang.CharSequence):5058:201520:false |==> true
2142:LVR:TRUE:FALSE:org.apache.commons.lang3.StringUtils@isAlphaSpace(java.lang.CharSequence):5061:201566:true |==> false
2143:ROR:==(java.lang.Object,java.lang.Object):FALSE(java.lang.Object,java.lang.Object):org.apache.commons.lang3.StringUtils@isAlphanumeric(java.lang.CharSequence):5085:202434:cs == null |==> false
2144:LVR:FALSE:TRUE:org.apache.commons.lang3.StringUtils@isAlphanumeric(java.lang.CharSequence):5086:202464:false |==> true
2145:LVR:0:POS:org.apache.commons.lang3.StringUtils@isAlphanumeric(java.lang.CharSequence):5089:202532:0 |==> 1
2146:LVR:0:NEG:org.apache.commons.lang3.StringUtils@isAlphanumeric(java.lang.CharSequence):5089:202532:0 |==> -1
2147:ROR:<(int,int):!=(int,int):org.apache.commons.lang3.StringUtils@isAlphanumeric(java.lang.CharSequence):5089:202535:i < sz |==> i != sz
2148:ROR:<(int,int):<=(int,int):org.apache.commons.lang3.StringUtils@isAlphanumeric(java.lang.CharSequence):5089:202535:i < sz |==> i <= sz
2149:ROR:<(int,int):FALSE(int,int):org.apache.commons.lang3.StringUtils@isAlphanumeric(java.lang.CharSequence):5089:202537:i < sz |==> false
2150:LVR:FALSE:TRUE:org.apache.commons.lang3.StringUtils@isAlphanumeric(java.lang.CharSequence):5090:202609:false |==> true
2151:ROR:==(boolean,boolean):FALSE(boolean,boolean):org.apache.commons.lang3.StringUtils@isAlphanumeric(java.lang.CharSequence):5090:202606:Character.isLetterOrDigit(cs.charAt(i)) == false |==> false
2152:ROR:==(boolean,boolean):LHS(boolean,boolean):org.apache.commons.lang3.StringUtils@isAlphanumeric(java.lang.CharSequence):5090:202566:Character.isLetterOrDigit(cs.charAt(i)) == false |==> Character.isLetterOrDigit(cs.charAt(i))
2153:ROR:==(boolean,boolean):RHS(boolean,boolean):org.apache.commons.lang3.StringUtils@isAlphanumeric(java.lang.CharSequence):5090:202609:Character.isLetterOrDigit(cs.charAt(i)) == false |==> false
2154:LVR:FALSE:TRUE:org.apache.commons.lang3.StringUtils@isAlphanumeric(java.lang.CharSequence):5091:202641:false |==> true
2155:LVR:TRUE:FALSE:org.apache.commons.lang3.StringUtils@isAlphanumeric(java.lang.CharSequence):5094:202687:true |==> false
2156:ROR:==(java.lang.Object,java.lang.Object):FALSE(java.lang.Object,java.lang.Object):org.apache.commons.lang3.StringUtils@isAlphanumericSpace(java.lang.CharSequence):5119:203598:cs == null |==> false
2157:LVR:FALSE:TRUE:org.apache.commons.lang3.StringUtils@isAlphanumericSpace(java.lang.CharSequence):5120:203628:false |==> true
2158:LVR:0:POS:org.apache.commons.lang3.StringUtils@isAlphanumericSpace(java.lang.CharSequence):5123:203696:0 |==> 1
2159:LVR:0:NEG:org.apache.commons.lang3.StringUtils@isAlphanumericSpace(java.lang.CharSequence):5123:203696:0 |==> -1
2160:ROR:<(int,int):!=(int,int):org.apache.commons.lang3.StringUtils@isAlphanumericSpace(java.lang.CharSequence):5123:203699:i < sz |==> i != sz
2161:ROR:<(int,int):<=(int,int):org.apache.commons.lang3.StringUtils@isAlphanumericSpace(java.lang.CharSequence):5123:203699:i < sz |==> i <= sz
2162:ROR:<(int,int):FALSE(int,int):org.apache.commons.lang3.StringUtils@isAlphanumericSpace(java.lang.CharSequence):5123:203701:i < sz |==> false
2163:LVR:FALSE:TRUE:org.apache.commons.lang3.StringUtils@isAlphanumericSpace(java.lang.CharSequence):5124:203774:false |==> true
2164:ROR:==(boolean,boolean):FALSE(boolean,boolean):org.apache.commons.lang3.StringUtils@isAlphanumericSpace(java.lang.CharSequence):5124:203771:Character.isLetterOrDigit(cs.charAt(i)) == false |==> false
2165:ROR:==(boolean,boolean):LHS(boolean,boolean):org.apache.commons.lang3.StringUtils@isAlphanumericSpace(java.lang.CharSequence):5124:203731:Character.isLetterOrDigit(cs.charAt(i)) == false |==> Character.isLetterOrDigit(cs.charAt(i))
2166:ROR:==(boolean,boolean):RHS(boolean,boolean):org.apache.commons.lang3.StringUtils@isAlphanumericSpace(java.lang.CharSequence):5124:203774:Character.isLetterOrDigit(cs.charAt(i)) == false |==> false
2167:ROR:!=(int,int):<(int,int):org.apache.commons.lang3.StringUtils@isAlphanumericSpace(java.lang.CharSequence):5124:203785:cs.charAt(i) != ' ' |==> cs.charAt(i) < ' '
2168:ROR:!=(int,int):>(int,int):org.apache.commons.lang3.StringUtils@isAlphanumericSpace(java.lang.CharSequence):5124:203785:cs.charAt(i) != ' ' |==> cs.charAt(i) > ' '
2169:ROR:!=(int,int):TRUE(int,int):org.apache.commons.lang3.StringUtils@isAlphanumericSpace(java.lang.CharSequence):5124:203798:cs.charAt(i) != ' ' |==> true
2170:COR:&&(boolean,boolean):==(boolean,boolean):org.apache.commons.lang3.StringUtils@isAlphanumericSpace(java.lang.CharSequence):5124:203730:(Character.isLetterOrDigit(cs.charAt(i)) == false) && (cs.charAt(i) != ' ') |==> (Character.isLetterOrDigit(cs.charAt(i)) == false) == (cs.charAt(i) != ' ')
2171:COR:&&(boolean,boolean):FALSE(boolean,boolean):org.apache.commons.lang3.StringUtils@isAlphanumericSpace(java.lang.CharSequence):5124:203781:(Character.isLetterOrDigit(cs.charAt(i)) == false) && (cs.charAt(i) != ' ') |==> false
2172:COR:&&(boolean,boolean):LHS(boolean,boolean):org.apache.commons.lang3.StringUtils@isAlphanumericSpace(java.lang.CharSequence):5124:203730:(Character.isLetterOrDigit(cs.charAt(i)) == false) && (cs.charAt(i) != ' ') |==> (Character.isLetterOrDigit(cs.charAt(i)) == false)
2173:COR:&&(boolean,boolean):RHS(boolean,boolean):org.apache.commons.lang3.StringUtils@isAlphanumericSpace(java.lang.CharSequence):5124:203784:(Character.isLetterOrDigit(cs.charAt(i)) == false) && (cs.charAt(i) != ' ') |==> (cs.charAt(i) != ' ')
2174:LVR:FALSE:TRUE:org.apache.commons.lang3.StringUtils@isAlphanumericSpace(java.lang.CharSequence):5125:203832:false |==> true
2175:LVR:TRUE:FALSE:org.apache.commons.lang3.StringUtils@isAlphanumericSpace(java.lang.CharSequence):5128:203878:true |==> false
2176:ROR:==(java.lang.Object,java.lang.Object):FALSE(java.lang.Object,java.lang.Object):org.apache.commons.lang3.StringUtils@isAsciiPrintable(java.lang.CharSequence):5157:205016:cs == null |==> false
2177:LVR:FALSE:TRUE:org.apache.commons.lang3.StringUtils@isAsciiPrintable(java.lang.CharSequence):5158:205046:false |==> true
2178:LVR:0:POS:org.apache.commons.lang3.StringUtils@isAsciiPrintable(java.lang.CharSequence):5161:205114:0 |==> 1
2179:LVR:0:NEG:org.apache.commons.lang3.StringUtils@isAsciiPrintable(java.lang.CharSequence):5161:205114:0 |==> -1
2180:ROR:<(int,int):!=(int,int):org.apache.commons.lang3.StringUtils@isAsciiPrintable(java.lang.CharSequence):5161:205117:i < sz |==> i != sz
2181:ROR:<(int,int):<=(int,int):org.apache.commons.lang3.StringUtils@isAsciiPrintable(java.lang.CharSequence):5161:205117:i < sz |==> i <= sz
2182:ROR:<(int,int):FALSE(int,int):org.apache.commons.lang3.StringUtils@isAsciiPrintable(java.lang.CharSequence):5161:205119:i < sz |==> false
2183:LVR:FALSE:TRUE:org.apache.commons.lang3.StringUtils@isAsciiPrintable(java.lang.CharSequence):5162:205192:false |==> true
2184:ROR:==(boolean,boolean):FALSE(boolean,boolean):org.apache.commons.lang3.StringUtils@isAsciiPrintable(java.lang.CharSequence):5162:205189:CharUtils.isAsciiPrintable(cs.charAt(i)) == false |==> false
2185:ROR:==(boolean,boolean):LHS(boolean,boolean):org.apache.commons.lang3.StringUtils@isAsciiPrintable(java.lang.CharSequence):5162:205148:CharUtils.isAsciiPrintable(cs.charAt(i)) == false |==> CharUtils.isAsciiPrintable(cs.charAt(i))
2186:ROR:==(boolean,boolean):RHS(boolean,boolean):org.apache.commons.lang3.StringUtils@isAsciiPrintable(java.lang.CharSequence):5162:205192:CharUtils.isAsciiPrintable(cs.charAt(i)) == false |==> false
2187:LVR:FALSE:TRUE:org.apache.commons.lang3.StringUtils@isAsciiPrintable(java.lang.CharSequence):5163:205224:false |==> true
2188:LVR:TRUE:FALSE:org.apache.commons.lang3.StringUtils@isAsciiPrintable(java.lang.CharSequence):5166:205270:true |==> false
2189:ROR:==(java.lang.Object,java.lang.Object):FALSE(java.lang.Object,java.lang.Object):org.apache.commons.lang3.StringUtils@isNumeric(java.lang.CharSequence):5191:206179:cs == null |==> false
2190:LVR:FALSE:TRUE:org.apache.commons.lang3.StringUtils@isNumeric(java.lang.CharSequence):5192:206209:false |==> true
2191:LVR:0:POS:org.apache.commons.lang3.StringUtils@isNumeric(java.lang.CharSequence):5195:206277:0 |==> 1
2192:LVR:0:NEG:org.apache.commons.lang3.StringUtils@isNumeric(java.lang.CharSequence):5195:206277:0 |==> -1
2193:ROR:<(int,int):!=(int,int):org.apache.commons.lang3.StringUtils@isNumeric(java.lang.CharSequence):5195:206280:i < sz |==> i != sz
2194:ROR:<(int,int):<=(int,int):org.apache.commons.lang3.StringUtils@isNumeric(java.lang.CharSequence):5195:206280:i < sz |==> i <= sz
2195:ROR:<(int,int):FALSE(int,int):org.apache.commons.lang3.StringUtils@isNumeric(java.lang.CharSequence):5195:206282:i < sz |==> false
2196:LVR:FALSE:TRUE:org.apache.commons.lang3.StringUtils@isNumeric(java.lang.CharSequence):5196:206346:false |==> true
2197:ROR:==(boolean,boolean):FALSE(boolean,boolean):org.apache.commons.lang3.StringUtils@isNumeric(java.lang.CharSequence):5196:206343:Character.isDigit(cs.charAt(i)) == false |==> false
2198:ROR:==(boolean,boolean):LHS(boolean,boolean):org.apache.commons.lang3.StringUtils@isNumeric(java.lang.CharSequence):5196:206311:Character.isDigit(cs.charAt(i)) == false |==> Character.isDigit(cs.charAt(i))
2199:ROR:==(boolean,boolean):RHS(boolean,boolean):org.apache.commons.lang3.StringUtils@isNumeric(java.lang.CharSequence):5196:206346:Character.isDigit(cs.charAt(i)) == false |==> false
2200:LVR:FALSE:TRUE:org.apache.commons.lang3.StringUtils@isNumeric(java.lang.CharSequence):5197:206378:false |==> true
2201:LVR:TRUE:FALSE:org.apache.commons.lang3.StringUtils@isNumeric(java.lang.CharSequence):5200:206424:true |==> false
2202:ROR:==(java.lang.Object,java.lang.Object):FALSE(java.lang.Object,java.lang.Object):org.apache.commons.lang3.StringUtils@isNumericSpace(java.lang.CharSequence):5227:207388:cs == null |==> false
2203:LVR:FALSE:TRUE:org.apache.commons.lang3.StringUtils@isNumericSpace(java.lang.CharSequence):5228:207418:false |==> true
2204:LVR:0:POS:org.apache.commons.lang3.StringUtils@isNumericSpace(java.lang.CharSequence):5231:207486:0 |==> 1
2205:LVR:0:NEG:org.apache.commons.lang3.StringUtils@isNumericSpace(java.lang.CharSequence):5231:207486:0 |==> -1
2206:ROR:<(int,int):!=(int,int):org.apache.commons.lang3.StringUtils@isNumericSpace(java.lang.CharSequence):5231:207489:i < sz |==> i != sz
2207:ROR:<(int,int):<=(int,int):org.apache.commons.lang3.StringUtils@isNumericSpace(java.lang.CharSequence):5231:207489:i < sz |==> i <= sz
2208:ROR:<(int,int):FALSE(int,int):org.apache.commons.lang3.StringUtils@isNumericSpace(java.lang.CharSequence):5231:207491:i < sz |==> false
2209:LVR:FALSE:TRUE:org.apache.commons.lang3.StringUtils@isNumericSpace(java.lang.CharSequence):5232:207556:false |==> true
2210:ROR:==(boolean,boolean):FALSE(boolean,boolean):org.apache.commons.lang3.StringUtils@isNumericSpace(java.lang.CharSequence):5232:207553:Character.isDigit(cs.charAt(i)) == false |==> false
2211:ROR:==(boolean,boolean):LHS(boolean,boolean):org.apache.commons.lang3.StringUtils@isNumericSpace(java.lang.CharSequence):5232:207521:Character.isDigit(cs.charAt(i)) == false |==> Character.isDigit(cs.charAt(i))
2212:ROR:==(boolean,boolean):RHS(boolean,boolean):org.apache.commons.lang3.StringUtils@isNumericSpace(java.lang.CharSequence):5232:207556:Character.isDigit(cs.charAt(i)) == false |==> false
2213:ROR:!=(int,int):<(int,int):org.apache.commons.lang3.StringUtils@isNumericSpace(java.lang.CharSequence):5232:207567:cs.charAt(i) != ' ' |==> cs.charAt(i) < ' '
2214:ROR:!=(int,int):>(int,int):org.apache.commons.lang3.StringUtils@isNumericSpace(java.lang.CharSequence):5232:207567:cs.charAt(i) != ' ' |==> cs.charAt(i) > ' '
2215:ROR:!=(int,int):TRUE(int,int):org.apache.commons.lang3.StringUtils@isNumericSpace(java.lang.CharSequence):5232:207580:cs.charAt(i) != ' ' |==> true
2216:COR:&&(boolean,boolean):==(boolean,boolean):org.apache.commons.lang3.StringUtils@isNumericSpace(java.lang.CharSequence):5232:207520:(Character.isDigit(cs.charAt(i)) == false) && (cs.charAt(i) != ' ') |==> (Character.isDigit(cs.charAt(i)) == false) == (cs.charAt(i) != ' ')
2217:COR:&&(boolean,boolean):FALSE(boolean,boolean):org.apache.commons.lang3.StringUtils@isNumericSpace(java.lang.CharSequence):5232:207563:(Character.isDigit(cs.charAt(i)) == false) && (cs.charAt(i) != ' ') |==> false
2218:COR:&&(boolean,boolean):LHS(boolean,boolean):org.apache.commons.lang3.StringUtils@isNumericSpace(java.lang.CharSequence):5232:207520:(Character.isDigit(cs.charAt(i)) == false) && (cs.charAt(i) != ' ') |==> (Character.isDigit(cs.charAt(i)) == false)
2219:COR:&&(boolean,boolean):RHS(boolean,boolean):org.apache.commons.lang3.StringUtils@isNumericSpace(java.lang.CharSequence):5232:207566:(Character.isDigit(cs.charAt(i)) == false) && (cs.charAt(i) != ' ') |==> (cs.charAt(i) != ' ')
2220:LVR:FALSE:TRUE:org.apache.commons.lang3.StringUtils@isNumericSpace(java.lang.CharSequence):5233:207614:false |==> true
2221:LVR:TRUE:FALSE:org.apache.commons.lang3.StringUtils@isNumericSpace(java.lang.CharSequence):5236:207660:true |==> false
2222:ROR:==(java.lang.Object,java.lang.Object):FALSE(java.lang.Object,java.lang.Object):org.apache.commons.lang3.StringUtils@isWhitespace(java.lang.CharSequence):5259:208453:cs == null |==> false
2223:LVR:FALSE:TRUE:org.apache.commons.lang3.StringUtils@isWhitespace(java.lang.CharSequence):5260:208483:false |==> true
2224:LVR:0:POS:org.apache.commons.lang3.StringUtils@isWhitespace(java.lang.CharSequence):5263:208551:0 |==> 1
2225:LVR:0:NEG:org.apache.commons.lang3.StringUtils@isWhitespace(java.lang.CharSequence):5263:208551:0 |==> -1
2226:ROR:<(int,int):!=(int,int):org.apache.commons.lang3.StringUtils@isWhitespace(java.lang.CharSequence):5263:208554:i < sz |==> i != sz
2227:ROR:<(int,int):<=(int,int):org.apache.commons.lang3.StringUtils@isWhitespace(java.lang.CharSequence):5263:208554:i < sz |==> i <= sz
2228:ROR:<(int,int):FALSE(int,int):org.apache.commons.lang3.StringUtils@isWhitespace(java.lang.CharSequence):5263:208556:i < sz |==> false
2229:LVR:FALSE:TRUE:org.apache.commons.lang3.StringUtils@isWhitespace(java.lang.CharSequence):5264:208626:false |==> true
2230:ROR:==(boolean,boolean):FALSE(boolean,boolean):org.apache.commons.lang3.StringUtils@isWhitespace(java.lang.CharSequence):5264:208623:Character.isWhitespace(cs.charAt(i)) == false |==> false
2231:ROR:==(boolean,boolean):LHS(boolean,boolean):org.apache.commons.lang3.StringUtils@isWhitespace(java.lang.CharSequence):5264:208586:Character.isWhitespace(cs.charAt(i)) == false |==> Character.isWhitespace(cs.charAt(i))
2232:ROR:==(boolean,boolean):RHS(boolean,boolean):org.apache.commons.lang3.StringUtils@isWhitespace(java.lang.CharSequence):5264:208626:Character.isWhitespace(cs.charAt(i)) == false |==> false
2233:LVR:FALSE:TRUE:org.apache.commons.lang3.StringUtils@isWhitespace(java.lang.CharSequence):5265:208659:false |==> true
2234:LVR:TRUE:FALSE:org.apache.commons.lang3.StringUtils@isWhitespace(java.lang.CharSequence):5268:208705:true |==> false
2235:ROR:==(java.lang.Object,java.lang.Object):FALSE(java.lang.Object,java.lang.Object):org.apache.commons.lang3.StringUtils@isAllLowerCase(java.lang.CharSequence):5290:209483:cs == null |==> false
2236:COR:||(boolean,boolean):!=(boolean,boolean):org.apache.commons.lang3.StringUtils@isAllLowerCase(java.lang.CharSequence):5290:209480:cs == null || isEmpty(cs) |==> cs == null != isEmpty(cs)
2237:COR:||(boolean,boolean):LHS(boolean,boolean):org.apache.commons.lang3.StringUtils@isAllLowerCase(java.lang.CharSequence):5290:209480:cs == null || isEmpty(cs) |==> cs == null
2238:COR:||(boolean,boolean):RHS(boolean,boolean):org.apache.commons.lang3.StringUtils@isAllLowerCase(java.lang.CharSequence):5290:209494:cs == null || isEmpty(cs) |==> isEmpty(cs)
2239:COR:||(boolean,boolean):TRUE(boolean,boolean):org.apache.commons.lang3.StringUtils@isAllLowerCase(java.lang.CharSequence):5290:209491:cs == null || isEmpty(cs) |==> true
2240:LVR:FALSE:TRUE:org.apache.commons.lang3.StringUtils@isAllLowerCase(java.lang.CharSequence):5291:209528:false |==> true
2241:LVR:0:POS:org.apache.commons.lang3.StringUtils@isAllLowerCase(java.lang.CharSequence):5294:209596:0 |==> 1
2242:LVR:0:NEG:org.apache.commons.lang3.StringUtils@isAllLowerCase(java.lang.CharSequence):5294:209596:0 |==> -1
2243:ROR:<(int,int):!=(int,int):org.apache.commons.lang3.StringUtils@isAllLowerCase(java.lang.CharSequence):5294:209599:i < sz |==> i != sz
2244:ROR:<(int,int):<=(int,int):org.apache.commons.lang3.StringUtils@isAllLowerCase(java.lang.CharSequence):5294:209599:i < sz |==> i <= sz
2245:ROR:<(int,int):FALSE(int,int):org.apache.commons.lang3.StringUtils@isAllLowerCase(java.lang.CharSequence):5294:209601:i < sz |==> false
2246:LVR:FALSE:TRUE:org.apache.commons.lang3.StringUtils@isAllLowerCase(java.lang.CharSequence):5295:209669:false |==> true
2247:ROR:==(boolean,boolean):FALSE(boolean,boolean):org.apache.commons.lang3.StringUtils@isAllLowerCase(java.lang.CharSequence):5295:209666:Character.isLowerCase(cs.charAt(i)) == false |==> false
2248:ROR:==(boolean,boolean):LHS(boolean,boolean):org.apache.commons.lang3.StringUtils@isAllLowerCase(java.lang.CharSequence):5295:209630:Character.isLowerCase(cs.charAt(i)) == false |==> Character.isLowerCase(cs.charAt(i))
2249:ROR:==(boolean,boolean):RHS(boolean,boolean):org.apache.commons.lang3.StringUtils@isAllLowerCase(java.lang.CharSequence):5295:209669:Character.isLowerCase(cs.charAt(i)) == false |==> false
2250:LVR:FALSE:TRUE:org.apache.commons.lang3.StringUtils@isAllLowerCase(java.lang.CharSequence):5296:209701:false |==> true
2251:LVR:TRUE:FALSE:org.apache.commons.lang3.StringUtils@isAllLowerCase(java.lang.CharSequence):5299:209747:true |==> false
2252:ROR:==(java.lang.Object,java.lang.Object):FALSE(java.lang.Object,java.lang.Object):org.apache.commons.lang3.StringUtils@isAllUpperCase(java.lang.CharSequence):5321:210518:cs == null |==> false
2253:COR:||(boolean,boolean):!=(boolean,boolean):org.apache.commons.lang3.StringUtils@isAllUpperCase(java.lang.CharSequence):5321:210515:cs == null || isEmpty(cs) |==> cs == null != isEmpty(cs)
2254:COR:||(boolean,boolean):LHS(boolean,boolean):org.apache.commons.lang3.StringUtils@isAllUpperCase(java.lang.CharSequence):5321:210515:cs == null || isEmpty(cs) |==> cs == null
2255:COR:||(boolean,boolean):RHS(boolean,boolean):org.apache.commons.lang3.StringUtils@isAllUpperCase(java.lang.CharSequence):5321:210529:cs == null || isEmpty(cs) |==> isEmpty(cs)
2256:COR:||(boolean,boolean):TRUE(boolean,boolean):org.apache.commons.lang3.StringUtils@isAllUpperCase(java.lang.CharSequence):5321:210526:cs == null || isEmpty(cs) |==> true
2257:LVR:FALSE:TRUE:org.apache.commons.lang3.StringUtils@isAllUpperCase(java.lang.CharSequence):5322:210563:false |==> true
2258:LVR:0:POS:org.apache.commons.lang3.StringUtils@isAllUpperCase(java.lang.CharSequence):5325:210631:0 |==> 1
2259:LVR:0:NEG:org.apache.commons.lang3.StringUtils@isAllUpperCase(java.lang.CharSequence):5325:210631:0 |==> -1
2260:ROR:<(int,int):!=(int,int):org.apache.commons.lang3.StringUtils@isAllUpperCase(java.lang.CharSequence):5325:210634:i < sz |==> i != sz
2261:ROR:<(int,int):<=(int,int):org.apache.commons.lang3.StringUtils@isAllUpperCase(java.lang.CharSequence):5325:210634:i < sz |==> i <= sz
2262:ROR:<(int,int):FALSE(int,int):org.apache.commons.lang3.StringUtils@isAllUpperCase(java.lang.CharSequence):5325:210636:i < sz |==> false
2263:LVR:FALSE:TRUE:org.apache.commons.lang3.StringUtils@isAllUpperCase(java.lang.CharSequence):5326:210704:false |==> true
2264:ROR:==(boolean,boolean):FALSE(boolean,boolean):org.apache.commons.lang3.StringUtils@isAllUpperCase(java.lang.CharSequence):5326:210701:Character.isUpperCase(cs.charAt(i)) == false |==> false
2265:ROR:==(boolean,boolean):LHS(boolean,boolean):org.apache.commons.lang3.StringUtils@isAllUpperCase(java.lang.CharSequence):5326:210665:Character.isUpperCase(cs.charAt(i)) == false |==> Character.isUpperCase(cs.charAt(i))
2266:ROR:==(boolean,boolean):RHS(boolean,boolean):org.apache.commons.lang3.StringUtils@isAllUpperCase(java.lang.CharSequence):5326:210704:Character.isUpperCase(cs.charAt(i)) == false |==> false
2267:LVR:FALSE:TRUE:org.apache.commons.lang3.StringUtils@isAllUpperCase(java.lang.CharSequence):5327:210736:false |==> true
2268:LVR:TRUE:FALSE:org.apache.commons.lang3.StringUtils@isAllUpperCase(java.lang.CharSequence):5330:210782:true |==> false
2269:ROR:==(java.lang.Object,java.lang.Object):FALSE(java.lang.Object,java.lang.Object):org.apache.commons.lang3.StringUtils@defaultString(java.lang.String):5352:211496:str == null |==> false
2270:ROR:==(java.lang.Object,java.lang.Object):FALSE(java.lang.Object,java.lang.Object):org.apache.commons.lang3.StringUtils@defaultString(java.lang.String,java.lang.String):5373:212300:str == null |==> false
2271:COR:<METHOD_INVOCATION(boolean)>:FALSE:org.apache.commons.lang3.StringUtils@defaultIfEmpty(java.lang.CharSequence,java.lang.CharSequence):5394:213202:StringUtils.isEmpty(str) |==> false
2272:COR:<METHOD_INVOCATION(boolean)>:TRUE:org.apache.commons.lang3.StringUtils@defaultIfEmpty(java.lang.CharSequence,java.lang.CharSequence):5394:213202:StringUtils.isEmpty(str) |==> true
2273:ROR:==(java.lang.Object,java.lang.Object):FALSE(java.lang.Object,java.lang.Object):org.apache.commons.lang3.StringUtils@reverse(java.lang.String):5414:213848:str == null |==> false
2274:ROR:==(java.lang.Object,java.lang.Object):FALSE(java.lang.Object,java.lang.Object):org.apache.commons.lang3.StringUtils@reverseDelimited(java.lang.String,char):5440:214797:str == null |==> false
2275:STD:<CALL>:<NO-OP>:org.apache.commons.lang3.StringUtils@reverseDelimited(java.lang.String,char):5446:215010:ArrayUtils.reverse(strs); |==> <NO-OP>
2276:LVR:0:POS:org.apache.commons.lang3.StringUtils@abbreviate(java.lang.String,int):5485:216666:0 |==> 1
2277:LVR:0:NEG:org.apache.commons.lang3.StringUtils@abbreviate(java.lang.String,int):5485:216666:0 |==> -1
2278:ROR:==(java.lang.Object,java.lang.Object):FALSE(java.lang.Object,java.lang.Object):org.apache.commons.lang3.StringUtils@abbreviate(java.lang.String,int,int):5524:218680:str == null |==> false
2279:LVR:POS:0:org.apache.commons.lang3.StringUtils@abbreviate(java.lang.String,int,int):5527:218749:4 |==> 0
2280:LVR:POS:NEG:org.apache.commons.lang3.StringUtils@abbreviate(java.lang.String,int,int):5527:218749:4 |==> -4
2281:ROR:<(int,int):!=(int,int):org.apache.commons.lang3.StringUtils@abbreviate(java.lang.String,int,int):5527:218738:maxWidth < 4 |==> maxWidth != 4
2282:ROR:<(int,int):<=(int,int):org.apache.commons.lang3.StringUtils@abbreviate(java.lang.String,int,int):5527:218738:maxWidth < 4 |==> maxWidth <= 4
2283:ROR:<(int,int):FALSE(int,int):org.apache.commons.lang3.StringUtils@abbreviate(java.lang.String,int,int):5527:218747:maxWidth < 4 |==> false
2284:ROR:<=(int,int):<(int,int):org.apache.commons.lang3.StringUtils@abbreviate(java.lang.String,int,int):5530:218859:str.length() <= maxWidth |==> str.length() < maxWidth
2285:ROR:<=(int,int):==(int,int):org.apache.commons.lang3.StringUtils@abbreviate(java.lang.String,int,int):5530:218859:str.length() <= maxWidth |==> str.length() == maxWidth
2286:ROR:<=(int,int):TRUE(int,int):org.apache.commons.lang3.StringUtils@abbreviate(java.lang.String,int,int):5530:218872:str.length() <= maxWidth |==> true
2287:ROR:>(int,int):!=(int,int):org.apache.commons.lang3.StringUtils@abbreviate(java.lang.String,int,int):5533:218933:offset > str.length() |==> offset != str.length()
2288:ROR:>(int,int):>=(int,int):org.apache.commons.lang3.StringUtils@abbreviate(java.lang.String,int,int):5533:218933:offset > str.length() |==> offset >= str.length()
2289:ROR:>(int,int):FALSE(int,int):org.apache.commons.lang3.StringUtils@abbreviate(java.lang.String,int,int):5533:218940:offset > str.length() |==> false
2290:STD:<ASSIGN>:<NO-OP>:org.apache.commons.lang3.StringUtils@abbreviate(java.lang.String,int,int):5534:218970:offset = str.length(); |==> <NO-OP>
2291:AOR:-(int,int):%(int,int):org.apache.commons.lang3.StringUtils@abbreviate(java.lang.String,int,int):5536:219016:str.length() - offset |==> str.length() % offset
2292:AOR:-(int,int):*(int,int):org.apache.commons.lang3.StringUtils@abbreviate(java.lang.String,int,int):5536:219016:str.length() - offset |==> str.length() * offset
2293:AOR:-(int,int):+(int,int):org.apache.commons.lang3.StringUtils@abbreviate(java.lang.String,int,int):5536:219016:str.length() - offset |==> str.length() + offset
2294:AOR:-(int,int):/(int,int):org.apache.commons.lang3.StringUtils@abbreviate(java.lang.String,int,int):5536:219016:str.length() - offset |==> str.length() / offset
2295:LVR:POS:0:org.apache.commons.lang3.StringUtils@abbreviate(java.lang.String,int,int):5536:219053:3 |==> 0
2296:LVR:POS:NEG:org.apache.commons.lang3.StringUtils@abbreviate(java.lang.String,int,int):5536:219053:3 |==> -3
2297:AOR:-(int,int):%(int,int):org.apache.commons.lang3.StringUtils@abbreviate(java.lang.String,int,int):5536:219042:maxWidth - 3 |==> maxWidth % 3
2298:AOR:-(int,int):*(int,int):org.apache.commons.lang3.StringUtils@abbreviate(java.lang.String,int,int):5536:219042:maxWidth - 3 |==> maxWidth * 3
2299:AOR:-(int,int):+(int,int):org.apache.commons.lang3.StringUtils@abbreviate(java.lang.String,int,int):5536:219042:maxWidth - 3 |==> maxWidth + 3
2300:AOR:-(int,int):/(int,int):org.apache.commons.lang3.StringUtils@abbreviate(java.lang.String,int,int):5536:219042:maxWidth - 3 |==> maxWidth / 3
2301:ROR:<(int,int):!=(int,int):org.apache.commons.lang3.StringUtils@abbreviate(java.lang.String,int,int):5536:219015:(str.length() - offset) < (maxWidth - 3) |==> (str.length() - offset) != (maxWidth - 3)
2302:ROR:<(int,int):<=(int,int):org.apache.commons.lang3.StringUtils@abbreviate(java.lang.String,int,int):5536:219015:(str.length() - offset) < (maxWidth - 3) |==> (str.length() - offset) <= (maxWidth - 3)
2303:ROR:<(int,int):FALSE(int,int):org.apache.commons.lang3.StringUtils@abbreviate(java.lang.String,int,int):5536:219039:(str.length() - offset) < (maxWidth - 3) |==> false
2304:LVR:POS:0:org.apache.commons.lang3.StringUtils@abbreviate(java.lang.String,int,int):5537:219107:3 |==> 0
2305:LVR:POS:NEG:org.apache.commons.lang3.StringUtils@abbreviate(java.lang.String,int,int):5537:219107:3 |==> -3
2306:AOR:-(int,int):%(int,int):org.apache.commons.lang3.StringUtils@abbreviate(java.lang.String,int,int):5537:219096:maxWidth - 3 |==> maxWidth % 3
2307:AOR:-(int,int):*(int,int):org.apache.commons.lang3.StringUtils@abbreviate(java.lang.String,int,int):5537:219096:maxWidth - 3 |==> maxWidth * 3
2308:AOR:-(int,int):+(int,int):org.apache.commons.lang3.StringUtils@abbreviate(java.lang.String,int,int):5537:219096:maxWidth - 3 |==> maxWidth + 3
2309:AOR:-(int,int):/(int,int):org.apache.commons.lang3.StringUtils@abbreviate(java.lang.String,int,int):5537:219096:maxWidth - 3 |==> maxWidth / 3
2310:AOR:-(int,int):%(int,int):org.apache.commons.lang3.StringUtils@abbreviate(java.lang.String,int,int):5537:219080:str.length() - (maxWidth - 3) |==> str.length() % (maxWidth - 3)
2311:AOR:-(int,int):*(int,int):org.apache.commons.lang3.StringUtils@abbreviate(java.lang.String,int,int):5537:219080:str.length() - (maxWidth - 3) |==> str.length() * (maxWidth - 3)
2312:AOR:-(int,int):+(int,int):org.apache.commons.lang3.StringUtils@abbreviate(java.lang.String,int,int):5537:219080:str.length() - (maxWidth - 3) |==> str.length() + (maxWidth - 3)
2313:AOR:-(int,int):/(int,int):org.apache.commons.lang3.StringUtils@abbreviate(java.lang.String,int,int):5537:219080:str.length() - (maxWidth - 3) |==> str.length() / (maxWidth - 3)
2314:STD:<ASSIGN>:<NO-OP>:org.apache.commons.lang3.StringUtils@abbreviate(java.lang.String,int,int):5537:219071:offset = str.length() - (maxWidth - 3); |==> <NO-OP>
2315:LVR:POS:0:org.apache.commons.lang3.StringUtils@abbreviate(java.lang.String,int,int):5540:219179:4 |==> 0
2316:LVR:POS:NEG:org.apache.commons.lang3.StringUtils@abbreviate(java.lang.String,int,int):5540:219179:4 |==> -4
2317:ROR:<=(int,int):<(int,int):org.apache.commons.lang3.StringUtils@abbreviate(java.lang.String,int,int):5540:219169:offset <= 4 |==> offset < 4
2318:ROR:<=(int,int):==(int,int):org.apache.commons.lang3.StringUtils@abbreviate(java.lang.String,int,int):5540:219169:offset <= 4 |==> offset == 4
2319:ROR:<=(int,int):TRUE(int,int):org.apache.commons.lang3.StringUtils@abbreviate(java.lang.String,int,int):5540:219176:offset <= 4 |==> true
2320:LVR:0:POS:org.apache.commons.lang3.StringUtils@abbreviate(java.lang.String,int,int):5541:219217:0 |==> 1
2321:LVR:0:NEG:org.apache.commons.lang3.StringUtils@abbreviate(java.lang.String,int,int):5541:219217:0 |==> -1
2322:LVR:POS:0:org.apache.commons.lang3.StringUtils@abbreviate(java.lang.String,int,int):5541:219231:3 |==> 0
2323:LVR:POS:NEG:org.apache.commons.lang3.StringUtils@abbreviate(java.lang.String,int,int):5541:219231:3 |==> -3
2324:AOR:-(int,int):%(int,int):org.apache.commons.lang3.StringUtils@abbreviate(java.lang.String,int,int):5541:219220:maxWidth - 3 |==> maxWidth % 3
2325:AOR:-(int,int):*(int,int):org.apache.commons.lang3.StringUtils@abbreviate(java.lang.String,int,int):5541:219220:maxWidth - 3 |==> maxWidth * 3
2326:AOR:-(int,int):+(int,int):org.apache.commons.lang3.StringUtils@abbreviate(java.lang.String,int,int):5541:219220:maxWidth - 3 |==> maxWidth + 3
2327:AOR:-(int,int):/(int,int):org.apache.commons.lang3.StringUtils@abbreviate(java.lang.String,int,int):5541:219220:maxWidth - 3 |==> maxWidth / 3
2328:LVR:POS:0:org.apache.commons.lang3.StringUtils@abbreviate(java.lang.String,int,int):5543:219282:7 |==> 0
2329:LVR:POS:NEG:org.apache.commons.lang3.StringUtils@abbreviate(java.lang.String,int,int):5543:219282:7 |==> -7
2330:ROR:<(int,int):!=(int,int):org.apache.commons.lang3.StringUtils@abbreviate(java.lang.String,int,int):5543:219271:maxWidth < 7 |==> maxWidth != 7
2331:ROR:<(int,int):<=(int,int):org.apache.commons.lang3.StringUtils@abbreviate(java.lang.String,int,int):5543:219271:maxWidth < 7 |==> maxWidth <= 7
2332:ROR:<(int,int):FALSE(int,int):org.apache.commons.lang3.StringUtils@abbreviate(java.lang.String,int,int):5543:219280:maxWidth < 7 |==> false
2333:LVR:POS:0:org.apache.commons.lang3.StringUtils@abbreviate(java.lang.String,int,int):5546:219426:3 |==> 0
2334:LVR:POS:NEG:org.apache.commons.lang3.StringUtils@abbreviate(java.lang.String,int,int):5546:219426:3 |==> -3
2335:AOR:-(int,int):%(int,int):org.apache.commons.lang3.StringUtils@abbreviate(java.lang.String,int,int):5546:219415:maxWidth - 3 |==> maxWidth % 3
2336:AOR:-(int,int):*(int,int):org.apache.commons.lang3.StringUtils@abbreviate(java.lang.String,int,int):5546:219415:maxWidth - 3 |==> maxWidth * 3
2337:AOR:-(int,int):+(int,int):org.apache.commons.lang3.StringUtils@abbreviate(java.lang.String,int,int):5546:219415:maxWidth - 3 |==> maxWidth + 3
2338:AOR:-(int,int):/(int,int):org.apache.commons.lang3.StringUtils@abbreviate(java.lang.String,int,int):5546:219415:maxWidth - 3 |==> maxWidth / 3
2339:AOR:+(int,int):%(int,int):org.apache.commons.lang3.StringUtils@abbreviate(java.lang.String,int,int):5546:219405:offset + (maxWidth - 3) |==> offset % (maxWidth - 3)
2340:AOR:+(int,int):*(int,int):org.apache.commons.lang3.StringUtils@abbreviate(java.lang.String,int,int):5546:219405:offset + (maxWidth - 3) |==> offset * (maxWidth - 3)
2341:AOR:+(int,int):-(int,int):org.apache.commons.lang3.StringUtils@abbreviate(java.lang.String,int,int):5546:219405:offset + (maxWidth - 3) |==> offset - (maxWidth - 3)
2342:AOR:+(int,int):/(int,int):org.apache.commons.lang3.StringUtils@abbreviate(java.lang.String,int,int):5546:219405:offset + (maxWidth - 3) |==> offset / (maxWidth - 3)
2343:ROR:<(int,int):!=(int,int):org.apache.commons.lang3.StringUtils@abbreviate(java.lang.String,int,int):5546:219404:(offset + (maxWidth - 3)) < str.length() |==> (offset + (maxWidth - 3)) != str.length()
2344:ROR:<(int,int):<=(int,int):org.apache.commons.lang3.StringUtils@abbreviate(java.lang.String,int,int):5546:219404:(offset + (maxWidth - 3)) < str.length() |==> (offset + (maxWidth - 3)) <= str.length()
2345:ROR:<(int,int):FALSE(int,int):org.apache.commons.lang3.StringUtils@abbreviate(java.lang.String,int,int):5546:219430:(offset + (maxWidth - 3)) < str.length() |==> false
2346:LVR:POS:0:org.apache.commons.lang3.StringUtils@abbreviate(java.lang.String,int,int):5547:219526:3 |==> 0
2347:LVR:POS:NEG:org.apache.commons.lang3.StringUtils@abbreviate(java.lang.String,int,int):5547:219526:3 |==> -3
2348:AOR:-(int,int):%(int,int):org.apache.commons.lang3.StringUtils@abbreviate(java.lang.String,int,int):5547:219515:maxWidth - 3 |==> maxWidth % 3
2349:AOR:-(int,int):*(int,int):org.apache.commons.lang3.StringUtils@abbreviate(java.lang.String,int,int):5547:219515:maxWidth - 3 |==> maxWidth * 3
2350:AOR:-(int,int):+(int,int):org.apache.commons.lang3.StringUtils@abbreviate(java.lang.String,int,int):5547:219515:maxWidth - 3 |==> maxWidth + 3
2351:AOR:-(int,int):/(int,int):org.apache.commons.lang3.StringUtils@abbreviate(java.lang.String,int,int):5547:219515:maxWidth - 3 |==> maxWidth / 3
2352:LVR:POS:0:org.apache.commons.lang3.StringUtils@abbreviate(java.lang.String,int,int):5549:219610:3 |==> 0
2353:LVR:POS:NEG:org.apache.commons.lang3.StringUtils@abbreviate(java.lang.String,int,int):5549:219610:3 |==> -3
2354:AOR:-(int,int):%(int,int):org.apache.commons.lang3.StringUtils@abbreviate(java.lang.String,int,int):5549:219599:maxWidth - 3 |==> maxWidth % 3
2355:AOR:-(int,int):*(int,int):org.apache.commons.lang3.StringUtils@abbreviate(java.lang.String,int,int):5549:219599:maxWidth - 3 |==> maxWidth * 3
2356:AOR:-(int,int):+(int,int):org.apache.commons.lang3.StringUtils@abbreviate(java.lang.String,int,int):5549:219599:maxWidth - 3 |==> maxWidth + 3
2357:AOR:-(int,int):/(int,int):org.apache.commons.lang3.StringUtils@abbreviate(java.lang.String,int,int):5549:219599:maxWidth - 3 |==> maxWidth / 3
2358:AOR:-(int,int):%(int,int):org.apache.commons.lang3.StringUtils@abbreviate(java.lang.String,int,int):5549:219583:str.length() - (maxWidth - 3) |==> str.length() % (maxWidth - 3)
2359:AOR:-(int,int):*(int,int):org.apache.commons.lang3.StringUtils@abbreviate(java.lang.String,int,int):5549:219583:str.length() - (maxWidth - 3) |==> str.length() * (maxWidth - 3)
2360:AOR:-(int,int):+(int,int):org.apache.commons.lang3.StringUtils@abbreviate(java.lang.String,int,int):5549:219583:str.length() - (maxWidth - 3) |==> str.length() + (maxWidth - 3)
2361:AOR:-(int,int):/(int,int):org.apache.commons.lang3.StringUtils@abbreviate(java.lang.String,int,int):5549:219583:str.length() - (maxWidth - 3) |==> str.length() / (maxWidth - 3)
2362:COR:||(boolean,boolean):!=(boolean,boolean):org.apache.commons.lang3.StringUtils@abbreviateMiddle(java.lang.String,java.lang.String,int):5582:221224:isEmpty(str) || isEmpty(middle) |==> isEmpty(str) != isEmpty(middle)
2363:COR:||(boolean,boolean):LHS(boolean,boolean):org.apache.commons.lang3.StringUtils@abbreviateMiddle(java.lang.String,java.lang.String,int):5582:221224:isEmpty(str) || isEmpty(middle) |==> isEmpty(str)
2364:COR:||(boolean,boolean):RHS(boolean,boolean):org.apache.commons.lang3.StringUtils@abbreviateMiddle(java.lang.String,java.lang.String,int):5582:221240:isEmpty(str) || isEmpty(middle) |==> isEmpty(middle)
2365:COR:||(boolean,boolean):TRUE(boolean,boolean):org.apache.commons.lang3.StringUtils@abbreviateMiddle(java.lang.String,java.lang.String,int):5582:221237:isEmpty(str) || isEmpty(middle) |==> true
2366:ROR:>=(int,int):==(int,int):org.apache.commons.lang3.StringUtils@abbreviateMiddle(java.lang.String,java.lang.String,int):5586:221312:length >= str.length() |==> length == str.length()
2367:ROR:>=(int,int):>(int,int):org.apache.commons.lang3.StringUtils@abbreviateMiddle(java.lang.String,java.lang.String,int):5586:221312:length >= str.length() |==> length > str.length()
2368:ROR:>=(int,int):TRUE(int,int):org.apache.commons.lang3.StringUtils@abbreviateMiddle(java.lang.String,java.lang.String,int):5586:221319:length >= str.length() |==> true
2369:LVR:POS:0:org.apache.commons.lang3.StringUtils@abbreviateMiddle(java.lang.String,java.lang.String,int):5586:221364:2 |==> 0
2370:LVR:POS:NEG:org.apache.commons.lang3.StringUtils@abbreviateMiddle(java.lang.String,java.lang.String,int):5586:221364:2 |==> -2
2371:AOR:+(int,int):%(int,int):org.apache.commons.lang3.StringUtils@abbreviateMiddle(java.lang.String,java.lang.String,int):5586:221348:middle.length() + 2 |==> middle.length() % 2
2372:AOR:+(int,int):*(int,int):org.apache.commons.lang3.StringUtils@abbreviateMiddle(java.lang.String,java.lang.String,int):5586:221348:middle.length() + 2 |==> middle.length() * 2
2373:AOR:+(int,int):-(int,int):org.apache.commons.lang3.StringUtils@abbreviateMiddle(java.lang.String,java.lang.String,int):5586:221348:middle.length() + 2 |==> middle.length() - 2
2374:AOR:+(int,int):/(int,int):org.apache.commons.lang3.StringUtils@abbreviateMiddle(java.lang.String,java.lang.String,int):5586:221348:middle.length() + 2 |==> middle.length() / 2
2375:ROR:<(int,int):!=(int,int):org.apache.commons.lang3.StringUtils@abbreviateMiddle(java.lang.String,java.lang.String,int):5586:221338:length < (middle.length() + 2) |==> length != (middle.length() + 2)
2376:ROR:<(int,int):<=(int,int):org.apache.commons.lang3.StringUtils@abbreviateMiddle(java.lang.String,java.lang.String,int):5586:221338:length < (middle.length() + 2) |==> length <= (middle.length() + 2)
2377:ROR:<(int,int):FALSE(int,int):org.apache.commons.lang3.StringUtils@abbreviateMiddle(java.lang.String,java.lang.String,int):5586:221345:length < (middle.length() + 2) |==> false
2378:COR:||(boolean,boolean):!=(boolean,boolean):org.apache.commons.lang3.StringUtils@abbreviateMiddle(java.lang.String,java.lang.String,int):5586:221312:length >= str.length() || length < (middle.length() + 2) |==> length >= str.length() != length < (middle.length() + 2)
2379:COR:||(boolean,boolean):LHS(boolean,boolean):org.apache.commons.lang3.StringUtils@abbreviateMiddle(java.lang.String,java.lang.String,int):5586:221312:length >= str.length() || length < (middle.length() + 2) |==> length >= str.length()
2380:COR:||(boolean,boolean):RHS(boolean,boolean):org.apache.commons.lang3.StringUtils@abbreviateMiddle(java.lang.String,java.lang.String,int):5586:221338:length >= str.length() || length < (middle.length() + 2) |==> length < (middle.length() + 2)
2381:COR:||(boolean,boolean):TRUE(boolean,boolean):org.apache.commons.lang3.StringUtils@abbreviateMiddle(java.lang.String,java.lang.String,int):5586:221335:length >= str.length() || length < (middle.length() + 2) |==> true
2382:AOR:-(int,int):%(int,int):org.apache.commons.lang3.StringUtils@abbreviateMiddle(java.lang.String,java.lang.String,int):5590:221431:length - middle.length() |==> length % middle.length()
2383:AOR:-(int,int):*(int,int):org.apache.commons.lang3.StringUtils@abbreviateMiddle(java.lang.String,java.lang.String,int):5590:221431:length - middle.length() |==> length * middle.length()
2384:AOR:-(int,int):+(int,int):org.apache.commons.lang3.StringUtils@abbreviateMiddle(java.lang.String,java.lang.String,int):5590:221431:length - middle.length() |==> length + middle.length()
2385:AOR:-(int,int):/(int,int):org.apache.commons.lang3.StringUtils@abbreviateMiddle(java.lang.String,java.lang.String,int):5590:221431:length - middle.length() |==> length / middle.length()
2386:LVR:POS:0:org.apache.commons.lang3.StringUtils@abbreviateMiddle(java.lang.String,java.lang.String,int):5591:221493:2 |==> 0
2387:LVR:POS:NEG:org.apache.commons.lang3.StringUtils@abbreviateMiddle(java.lang.String,java.lang.String,int):5591:221493:2 |==> -2
2388:AOR:/(int,int):%(int,int):org.apache.commons.lang3.StringUtils@abbreviateMiddle(java.lang.String,java.lang.String,int):5591:221481:targetSting / 2 |==> targetSting % 2
2389:AOR:/(int,int):*(int,int):org.apache.commons.lang3.StringUtils@abbreviateMiddle(java.lang.String,java.lang.String,int):5591:221481:targetSting / 2 |==> targetSting * 2
2390:AOR:/(int,int):+(int,int):org.apache.commons.lang3.StringUtils@abbreviateMiddle(java.lang.String,java.lang.String,int):5591:221481:targetSting / 2 |==> targetSting + 2
2391:AOR:/(int,int):-(int,int):org.apache.commons.lang3.StringUtils@abbreviateMiddle(java.lang.String,java.lang.String,int):5591:221481:targetSting / 2 |==> targetSting - 2
2392:LVR:POS:0:org.apache.commons.lang3.StringUtils@abbreviateMiddle(java.lang.String,java.lang.String,int):5591:221507:2 |==> 0
2393:AOR:%(int,int):*(int,int):org.apache.commons.lang3.StringUtils@abbreviateMiddle(java.lang.String,java.lang.String,int):5591:221495:targetSting % 2 |==> targetSting * 2
2394:AOR:%(int,int):+(int,int):org.apache.commons.lang3.StringUtils@abbreviateMiddle(java.lang.String,java.lang.String,int):5591:221495:targetSting % 2 |==> targetSting + 2
2395:AOR:%(int,int):-(int,int):org.apache.commons.lang3.StringUtils@abbreviateMiddle(java.lang.String,java.lang.String,int):5591:221495:targetSting % 2 |==> targetSting - 2
2396:AOR:%(int,int):/(int,int):org.apache.commons.lang3.StringUtils@abbreviateMiddle(java.lang.String,java.lang.String,int):5591:221495:targetSting % 2 |==> targetSting / 2
2397:AOR:+(int,int):%(int,int):org.apache.commons.lang3.StringUtils@abbreviateMiddle(java.lang.String,java.lang.String,int):5591:221481:targetSting / 2 + targetSting % 2 |==> targetSting / 2 % (targetSting % 2)
2398:AOR:+(int,int):*(int,int):org.apache.commons.lang3.StringUtils@abbreviateMiddle(java.lang.String,java.lang.String,int):5591:221481:targetSting / 2 + targetSting % 2 |==> targetSting / 2 * (targetSting % 2)
2399:AOR:+(int,int):-(int,int):org.apache.commons.lang3.StringUtils@abbreviateMiddle(java.lang.String,java.lang.String,int):5591:221481:targetSting / 2 + targetSting % 2 |==> targetSting / 2 - targetSting % 2
2400:AOR:+(int,int):/(int,int):org.apache.commons.lang3.StringUtils@abbreviateMiddle(java.lang.String,java.lang.String,int):5591:221481:targetSting / 2 + targetSting % 2 |==> targetSting / 2 / (targetSting % 2)
2401:LVR:POS:0:org.apache.commons.lang3.StringUtils@abbreviateMiddle(java.lang.String,java.lang.String,int):5592:221559:2 |==> 0
2402:LVR:POS:NEG:org.apache.commons.lang3.StringUtils@abbreviateMiddle(java.lang.String,java.lang.String,int):5592:221559:2 |==> -2
2403:AOR:/(int,int):%(int,int):org.apache.commons.lang3.StringUtils@abbreviateMiddle(java.lang.String,java.lang.String,int):5592:221547:targetSting / 2 |==> targetSting % 2
2404:AOR:/(int,int):*(int,int):org.apache.commons.lang3.StringUtils@abbreviateMiddle(java.lang.String,java.lang.String,int):5592:221547:targetSting / 2 |==> targetSting * 2
2405:AOR:/(int,int):+(int,int):org.apache.commons.lang3.StringUtils@abbreviateMiddle(java.lang.String,java.lang.String,int):5592:221547:targetSting / 2 |==> targetSting + 2
2406:AOR:/(int,int):-(int,int):org.apache.commons.lang3.StringUtils@abbreviateMiddle(java.lang.String,java.lang.String,int):5592:221547:targetSting / 2 |==> targetSting - 2
2407:AOR:-(int,int):%(int,int):org.apache.commons.lang3.StringUtils@abbreviateMiddle(java.lang.String,java.lang.String,int):5592:221534:str.length() - targetSting / 2 |==> str.length() % (targetSting / 2)
2408:AOR:-(int,int):*(int,int):org.apache.commons.lang3.StringUtils@abbreviateMiddle(java.lang.String,java.lang.String,int):5592:221534:str.length() - targetSting / 2 |==> str.length() * (targetSting / 2)
2409:AOR:-(int,int):+(int,int):org.apache.commons.lang3.StringUtils@abbreviateMiddle(java.lang.String,java.lang.String,int):5592:221534:str.length() - targetSting / 2 |==> str.length() + targetSting / 2
2410:AOR:-(int,int):/(int,int):org.apache.commons.lang3.StringUtils@abbreviateMiddle(java.lang.String,java.lang.String,int):5592:221534:str.length() - targetSting / 2 |==> str.length() / (targetSting / 2)
2411:LVR:0:POS:org.apache.commons.lang3.StringUtils@abbreviateMiddle(java.lang.String,java.lang.String,int):5595:221667:0 |==> 1
2412:LVR:0:NEG:org.apache.commons.lang3.StringUtils@abbreviateMiddle(java.lang.String,java.lang.String,int):5595:221667:0 |==> -1
2413:STD:<CALL>:<NO-OP>:org.apache.commons.lang3.StringUtils@abbreviateMiddle(java.lang.String,java.lang.String,int):5595:221638:builder.append(str.substring(0, startOffset)); |==> <NO-OP>
2414:STD:<CALL>:<NO-OP>:org.apache.commons.lang3.StringUtils@abbreviateMiddle(java.lang.String,java.lang.String,int):5596:221692:builder.append(middle); |==> <NO-OP>
2415:STD:<CALL>:<NO-OP>:org.apache.commons.lang3.StringUtils@abbreviateMiddle(java.lang.String,java.lang.String,int):5597:221724:builder.append(str.substring(endOffset)); |==> <NO-OP>
2416:ROR:==(java.lang.Object,java.lang.Object):FALSE(java.lang.Object,java.lang.Object):org.apache.commons.lang3.StringUtils@difference(java.lang.String,java.lang.String):5630:222998:str1 == null |==> false
2417:ROR:==(java.lang.Object,java.lang.Object):FALSE(java.lang.Object,java.lang.Object):org.apache.commons.lang3.StringUtils@difference(java.lang.String,java.lang.String):5633:223061:str2 == null |==> false
2418:ROR:==(int,int):<=(int,int):org.apache.commons.lang3.StringUtils@difference(java.lang.String,java.lang.String):5637:223167:at == INDEX_NOT_FOUND |==> at <= INDEX_NOT_FOUND
2419:ROR:==(int,int):>=(int,int):org.apache.commons.lang3.StringUtils@difference(java.lang.String,java.lang.String):5637:223167:at == INDEX_NOT_FOUND |==> at >= INDEX_NOT_FOUND
2420:ROR:==(int,int):FALSE(int,int):org.apache.commons.lang3.StringUtils@difference(java.lang.String,java.lang.String):5637:223170:at == INDEX_NOT_FOUND |==> false
2421:ROR:==(java.lang.Object,java.lang.Object):FALSE(java.lang.Object,java.lang.Object):org.apache.commons.lang3.StringUtils@indexOfDifference(java.lang.CharSequence,java.lang.CharSequence):5667:224293:cs1 == cs2 |==> false
2422:ROR:==(java.lang.Object,java.lang.Object):FALSE(java.lang.Object,java.lang.Object):org.apache.commons.lang3.StringUtils@indexOfDifference(java.lang.CharSequence,java.lang.CharSequence):5670:224365:cs1 == null |==> false
2423:ROR:==(java.lang.Object,java.lang.Object):FALSE(java.lang.Object,java.lang.Object):org.apache.commons.lang3.StringUtils@indexOfDifference(java.lang.CharSequence,java.lang.CharSequence):5670:224380:cs2 == null |==> false
2424:COR:||(boolean,boolean):!=(boolean,boolean):org.apache.commons.lang3.StringUtils@indexOfDifference(java.lang.CharSequence,java.lang.CharSequence):5670:224361:cs1 == null || cs2 == null |==> cs1 == null != (cs2 == null)
2425:COR:||(boolean,boolean):LHS(boolean,boolean):org.apache.commons.lang3.StringUtils@indexOfDifference(java.lang.CharSequence,java.lang.CharSequence):5670:224361:cs1 == null || cs2 == null |==> cs1 == null
2426:COR:||(boolean,boolean):RHS(boolean,boolean):org.apache.commons.lang3.StringUtils@indexOfDifference(java.lang.CharSequence,java.lang.CharSequence):5670:224376:cs1 == null || cs2 == null |==> cs2 == null
2427:COR:||(boolean,boolean):TRUE(boolean,boolean):org.apache.commons.lang3.StringUtils@indexOfDifference(java.lang.CharSequence,java.lang.CharSequence):5670:224373:cs1 == null || cs2 == null |==> true
2428:LVR:0:POS:org.apache.commons.lang3.StringUtils@indexOfDifference(java.lang.CharSequence,java.lang.CharSequence):5671:224410:0 |==> 1
2429:LVR:0:NEG:org.apache.commons.lang3.StringUtils@indexOfDifference(java.lang.CharSequence,java.lang.CharSequence):5671:224410:0 |==> -1
2430:LVR:0:POS:org.apache.commons.lang3.StringUtils@indexOfDifference(java.lang.CharSequence,java.lang.CharSequence):5674:224455:0 |==> 1
2431:LVR:0:NEG:org.apache.commons.lang3.StringUtils@indexOfDifference(java.lang.CharSequence,java.lang.CharSequence):5674:224455:0 |==> -1
2432:ROR:<(int,int):!=(int,int):org.apache.commons.lang3.StringUtils@indexOfDifference(java.lang.CharSequence,java.lang.CharSequence):5674:224458:i < cs1.length() |==> i != cs1.length()
2433:ROR:<(int,int):<=(int,int):org.apache.commons.lang3.StringUtils@indexOfDifference(java.lang.CharSequence,java.lang.CharSequence):5674:224458:i < cs1.length() |==> i <= cs1.length()
2434:ROR:<(int,int):FALSE(int,int):org.apache.commons.lang3.StringUtils@indexOfDifference(java.lang.CharSequence,java.lang.CharSequence):5674:224460:i < cs1.length() |==> false
2435:ROR:<(int,int):!=(int,int):org.apache.commons.lang3.StringUtils@indexOfDifference(java.lang.CharSequence,java.lang.CharSequence):5674:224478:i < cs2.length() |==> i != cs2.length()
2436:ROR:<(int,int):<=(int,int):org.apache.commons.lang3.StringUtils@indexOfDifference(java.lang.CharSequence,java.lang.CharSequence):5674:224478:i < cs2.length() |==> i <= cs2.length()
2437:ROR:<(int,int):FALSE(int,int):org.apache.commons.lang3.StringUtils@indexOfDifference(java.lang.CharSequence,java.lang.CharSequence):5674:224480:i < cs2.length() |==> false
2438:COR:&&(boolean,boolean):==(boolean,boolean):org.apache.commons.lang3.StringUtils@indexOfDifference(java.lang.CharSequence,java.lang.CharSequence):5674:224458:i < cs1.length() && i < cs2.length() |==> i < cs1.length() == i < cs2.length()
2439:COR:&&(boolean,boolean):FALSE(boolean,boolean):org.apache.commons.lang3.StringUtils@indexOfDifference(java.lang.CharSequence,java.lang.CharSequence):5674:224475:i < cs1.length() && i < cs2.length() |==> false
2440:COR:&&(boolean,boolean):LHS(boolean,boolean):org.apache.commons.lang3.StringUtils@indexOfDifference(java.lang.CharSequence,java.lang.CharSequence):5674:224458:i < cs1.length() && i < cs2.length() |==> i < cs1.length()
2441:COR:&&(boolean,boolean):RHS(boolean,boolean):org.apache.commons.lang3.StringUtils@indexOfDifference(java.lang.CharSequence,java.lang.CharSequence):5674:224478:i < cs1.length() && i < cs2.length() |==> i < cs2.length()
2442:ROR:!=(int,int):<(int,int):org.apache.commons.lang3.StringUtils@indexOfDifference(java.lang.CharSequence,java.lang.CharSequence):5675:224519:cs1.charAt(i) != cs2.charAt(i) |==> cs1.charAt(i) < cs2.charAt(i)
2443:ROR:!=(int,int):>(int,int):org.apache.commons.lang3.StringUtils@indexOfDifference(java.lang.CharSequence,java.lang.CharSequence):5675:224519:cs1.charAt(i) != cs2.charAt(i) |==> cs1.charAt(i) > cs2.charAt(i)
2444:ROR:!=(int,int):TRUE(int,int):org.apache.commons.lang3.StringUtils@indexOfDifference(java.lang.CharSequence,java.lang.CharSequence):5675:224533:cs1.charAt(i) != cs2.charAt(i) |==> true
2445:ROR:<(int,int):!=(int,int):org.apache.commons.lang3.StringUtils@indexOfDifference(java.lang.CharSequence,java.lang.CharSequence):5679:224612:i < cs2.length() |==> i != cs2.length()
2446:ROR:<(int,int):<=(int,int):org.apache.commons.lang3.StringUtils@indexOfDifference(java.lang.CharSequence,java.lang.CharSequence):5679:224612:i < cs2.length() |==> i <= cs2.length()
2447:ROR:<(int,int):FALSE(int,int):org.apache.commons.lang3.StringUtils@indexOfDifference(java.lang.CharSequence,java.lang.CharSequence):5679:224614:i < cs2.length() |==> false
2448:ROR:<(int,int):!=(int,int):org.apache.commons.lang3.StringUtils@indexOfDifference(java.lang.CharSequence,java.lang.CharSequence):5679:224632:i < cs1.length() |==> i != cs1.length()
2449:ROR:<(int,int):<=(int,int):org.apache.commons.lang3.StringUtils@indexOfDifference(java.lang.CharSequence,java.lang.CharSequence):5679:224632:i < cs1.length() |==> i <= cs1.length()
2450:ROR:<(int,int):FALSE(int,int):org.apache.commons.lang3.StringUtils@indexOfDifference(java.lang.CharSequence,java.lang.CharSequence):5679:224634:i < cs1.length() |==> false
2451:COR:||(boolean,boolean):!=(boolean,boolean):org.apache.commons.lang3.StringUtils@indexOfDifference(java.lang.CharSequence,java.lang.CharSequence):5679:224612:i < cs2.length() || i < cs1.length() |==> i < cs2.length() != i < cs1.length()
2452:COR:||(boolean,boolean):LHS(boolean,boolean):org.apache.commons.lang3.StringUtils@indexOfDifference(java.lang.CharSequence,java.lang.CharSequence):5679:224612:i < cs2.length() || i < cs1.length() |==> i < cs2.length()
2453:COR:||(boolean,boolean):RHS(boolean,boolean):org.apache.commons.lang3.StringUtils@indexOfDifference(java.lang.CharSequence,java.lang.CharSequence):5679:224632:i < cs2.length() || i < cs1.length() |==> i < cs1.length()
2454:COR:||(boolean,boolean):TRUE(boolean,boolean):org.apache.commons.lang3.StringUtils@indexOfDifference(java.lang.CharSequence,java.lang.CharSequence):5679:224629:i < cs2.length() || i < cs1.length() |==> true
2455:ROR:==(java.lang.Object,java.lang.Object):FALSE(java.lang.Object,java.lang.Object):org.apache.commons.lang3.StringUtils@indexOfDifference(java.lang.CharSequence[]):5717:226449:css == null |==> false
2456:LVR:POS:0:org.apache.commons.lang3.StringUtils@indexOfDifference(java.lang.CharSequence[]):5717:226474:1 |==> 0
2457:LVR:POS:NEG:org.apache.commons.lang3.StringUtils@indexOfDifference(java.lang.CharSequence[]):5717:226474:1 |==> -1
2458:ROR:<=(int,int):<(int,int):org.apache.commons.lang3.StringUtils@indexOfDifference(java.lang.CharSequence[]):5717:226460:css.length <= 1 |==> css.length < 1
2459:ROR:<=(int,int):==(int,int):org.apache.commons.lang3.StringUtils@indexOfDifference(java.lang.CharSequence[]):5717:226460:css.length <= 1 |==> css.length == 1
2460:ROR:<=(int,int):TRUE(int,int):org.apache.commons.lang3.StringUtils@indexOfDifference(java.lang.CharSequence[]):5717:226471:css.length <= 1 |==> true
2461:COR:||(boolean,boolean):!=(boolean,boolean):org.apache.commons.lang3.StringUtils@indexOfDifference(java.lang.CharSequence[]):5717:226445:css == null || css.length <= 1 |==> css == null != css.length <= 1
2462:COR:||(boolean,boolean):LHS(boolean,boolean):org.apache.commons.lang3.StringUtils@indexOfDifference(java.lang.CharSequence[]):5717:226445:css == null || css.length <= 1 |==> css == null
2463:COR:||(boolean,boolean):RHS(boolean,boolean):org.apache.commons.lang3.StringUtils@indexOfDifference(java.lang.CharSequence[]):5717:226460:css == null || css.length <= 1 |==> css.length <= 1
2464:COR:||(boolean,boolean):TRUE(boolean,boolean):org.apache.commons.lang3.StringUtils@indexOfDifference(java.lang.CharSequence[]):5717:226457:css == null || css.length <= 1 |==> true
2465:LVR:FALSE:TRUE:org.apache.commons.lang3.StringUtils@indexOfDifference(java.lang.CharSequence[]):5720:226557:false |==> true
2466:LVR:TRUE:FALSE:org.apache.commons.lang3.StringUtils@indexOfDifference(java.lang.CharSequence[]):5721:226597:true |==> false
2467:LVR:0:POS:org.apache.commons.lang3.StringUtils@indexOfDifference(java.lang.CharSequence[]):5724:226714:0 |==> 1
2468:LVR:0:NEG:org.apache.commons.lang3.StringUtils@indexOfDifference(java.lang.CharSequence[]):5724:226714:0 |==> -1
2469:LVR:0:POS:org.apache.commons.lang3.StringUtils@indexOfDifference(java.lang.CharSequence[]):5729:226924:0 |==> 1
2470:LVR:0:NEG:org.apache.commons.lang3.StringUtils@indexOfDifference(java.lang.CharSequence[]):5729:226924:0 |==> -1
2471:ROR:<(int,int):!=(int,int):org.apache.commons.lang3.StringUtils@indexOfDifference(java.lang.CharSequence[]):5729:226927:i < arrayLen |==> i != arrayLen
2472:ROR:<(int,int):<=(int,int):org.apache.commons.lang3.StringUtils@indexOfDifference(java.lang.CharSequence[]):5729:226927:i < arrayLen |==> i <= arrayLen
2473:ROR:<(int,int):FALSE(int,int):org.apache.commons.lang3.StringUtils@indexOfDifference(java.lang.CharSequence[]):5729:226929:i < arrayLen |==> false
2474:ROR:==(java.lang.Object,java.lang.Object):FALSE(java.lang.Object,java.lang.Object):org.apache.commons.lang3.StringUtils@indexOfDifference(java.lang.CharSequence[]):5730:226971:css[i] == null |==> false
2475:LVR:TRUE:FALSE:org.apache.commons.lang3.StringUtils@indexOfDifference(java.lang.CharSequence[]):5731:227014:true |==> false
2476:STD:<ASSIGN>:<NO-OP>:org.apache.commons.lang3.StringUtils@indexOfDifference(java.lang.CharSequence[]):5731:226998:anyStringNull = true; |==> <NO-OP>
2477:LVR:0:POS:org.apache.commons.lang3.StringUtils@indexOfDifference(java.lang.CharSequence[]):5732:227053:0 |==> 1
2478:LVR:0:NEG:org.apache.commons.lang3.StringUtils@indexOfDifference(java.lang.CharSequence[]):5732:227053:0 |==> -1
2479:STD:<ASSIGN>:<NO-OP>:org.apache.commons.lang3.StringUtils@indexOfDifference(java.lang.CharSequence[]):5732:227036:shortestStrLen = 0; |==> <NO-OP>
2480:LVR:FALSE:TRUE:org.apache.commons.lang3.StringUtils@indexOfDifference(java.lang.CharSequence[]):5734:227110:false |==> true
2481:STD:<ASSIGN>:<NO-OP>:org.apache.commons.lang3.StringUtils@indexOfDifference(java.lang.CharSequence[]):5734:227093:allStringsNull = false; |==> <NO-OP>
2482:STD:<ASSIGN>:<NO-OP>:org.apache.commons.lang3.StringUtils@indexOfDifference(java.lang.CharSequence[]):5735:227133:shortestStrLen = Math.min(css[i].length(), shortestStrLen); |==> <NO-OP>
2483:STD:<ASSIGN>:<NO-OP>:org.apache.commons.lang3.StringUtils@indexOfDifference(java.lang.CharSequence[]):5736:227209:longestStrLen = Math.max(css[i].length(), longestStrLen); |==> <NO-OP>
2484:LVR:0:POS:org.apache.commons.lang3.StringUtils@indexOfDifference(java.lang.CharSequence[]):5741:227406:0 |==> 1
2485:LVR:0:NEG:org.apache.commons.lang3.StringUtils@indexOfDifference(java.lang.CharSequence[]):5741:227406:0 |==> -1
2486:ROR:==(int,int):<=(int,int):org.apache.commons.lang3.StringUtils@indexOfDifference(java.lang.CharSequence[]):5741:227389:longestStrLen == 0 |==> longestStrLen <= 0
2487:ROR:==(int,int):>=(int,int):org.apache.commons.lang3.StringUtils@indexOfDifference(java.lang.CharSequence[]):5741:227389:longestStrLen == 0 |==> longestStrLen >= 0
2488:ROR:==(int,int):FALSE(int,int):org.apache.commons.lang3.StringUtils@indexOfDifference(java.lang.CharSequence[]):5741:227403:longestStrLen == 0 |==> false
2489:COR:&&(boolean,boolean):==(boolean,boolean):org.apache.commons.lang3.StringUtils@indexOfDifference(java.lang.CharSequence[]):5741:227389:longestStrLen == 0 && !anyStringNull |==> longestStrLen == 0 == !anyStringNull
2490:COR:&&(boolean,boolean):FALSE(boolean,boolean):org.apache.commons.lang3.StringUtils@indexOfDifference(java.lang.CharSequence[]):5741:227408:longestStrLen == 0 && !anyStringNull |==> false
2491:COR:&&(boolean,boolean):LHS(boolean,boolean):org.apache.commons.lang3.StringUtils@indexOfDifference(java.lang.CharSequence[]):5741:227389:longestStrLen == 0 && !anyStringNull |==> longestStrLen == 0
2492:COR:&&(boolean,boolean):RHS(boolean,boolean):org.apache.commons.lang3.StringUtils@indexOfDifference(java.lang.CharSequence[]):5741:227411:longestStrLen == 0 && !anyStringNull |==> !anyStringNull
2493:COR:||(boolean,boolean):!=(boolean,boolean):org.apache.commons.lang3.StringUtils@indexOfDifference(java.lang.CharSequence[]):5741:227370:allStringsNull || (longestStrLen == 0 && !anyStringNull) |==> allStringsNull != (longestStrLen == 0 && !anyStringNull)
2494:COR:||(boolean,boolean):LHS(boolean,boolean):org.apache.commons.lang3.StringUtils@indexOfDifference(java.lang.CharSequence[]):5741:227370:allStringsNull || (longestStrLen == 0 && !anyStringNull) |==> allStringsNull
2495:COR:||(boolean,boolean):RHS(boolean,boolean):org.apache.commons.lang3.StringUtils@indexOfDifference(java.lang.CharSequence[]):5741:227388:allStringsNull || (longestStrLen == 0 && !anyStringNull) |==> (longestStrLen == 0 && !anyStringNull)
2496:COR:||(boolean,boolean):TRUE(boolean,boolean):org.apache.commons.lang3.StringUtils@indexOfDifference(java.lang.CharSequence[]):5741:227385:allStringsNull || (longestStrLen == 0 && !anyStringNull) |==> true
2497:LVR:0:POS:org.apache.commons.lang3.StringUtils@indexOfDifference(java.lang.CharSequence[]):5746:227575:0 |==> 1
2498:LVR:0:NEG:org.apache.commons.lang3.StringUtils@indexOfDifference(java.lang.CharSequence[]):5746:227575:0 |==> -1
2499:ROR:==(int,int):<=(int,int):org.apache.commons.lang3.StringUtils@indexOfDifference(java.lang.CharSequence[]):5746:227557:shortestStrLen == 0 |==> shortestStrLen <= 0
2500:ROR:==(int,int):>=(int,int):org.apache.commons.lang3.StringUtils@indexOfDifference(java.lang.CharSequence[]):5746:227557:shortestStrLen == 0 |==> shortestStrLen >= 0
2501:ROR:==(int,int):FALSE(int,int):org.apache.commons.lang3.StringUtils@indexOfDifference(java.lang.CharSequence[]):5746:227572:shortestStrLen == 0 |==> false
2502:LVR:0:POS:org.apache.commons.lang3.StringUtils@indexOfDifference(java.lang.CharSequence[]):5747:227599:0 |==> 1
2503:LVR:0:NEG:org.apache.commons.lang3.StringUtils@indexOfDifference(java.lang.CharSequence[]):5747:227599:0 |==> -1
2504:LVR:NEG:0:org.apache.commons.lang3.StringUtils@indexOfDifference(java.lang.CharSequence[]):5751:227711:-1 |==> 0
2505:LVR:NEG:POS:org.apache.commons.lang3.StringUtils@indexOfDifference(java.lang.CharSequence[]):5751:227711:-1 |==> 1
2506:LVR:0:POS:org.apache.commons.lang3.StringUtils@indexOfDifference(java.lang.CharSequence[]):5752:227744:0 |==> 1
2507:LVR:0:NEG:org.apache.commons.lang3.StringUtils@indexOfDifference(java.lang.CharSequence[]):5752:227744:0 |==> -1
2508:ROR:<(int,int):!=(int,int):org.apache.commons.lang3.StringUtils@indexOfDifference(java.lang.CharSequence[]):5752:227747:stringPos < shortestStrLen |==> stringPos != shortestStrLen
2509:ROR:<(int,int):<=(int,int):org.apache.commons.lang3.StringUtils@indexOfDifference(java.lang.CharSequence[]):5752:227747:stringPos < shortestStrLen |==> stringPos <= shortestStrLen
2510:ROR:<(int,int):FALSE(int,int):org.apache.commons.lang3.StringUtils@indexOfDifference(java.lang.CharSequence[]):5752:227757:stringPos < shortestStrLen |==> false
2511:LVR:0:POS:org.apache.commons.lang3.StringUtils@indexOfDifference(java.lang.CharSequence[]):5753:227828:0 |==> 1
2512:LVR:0:NEG:org.apache.commons.lang3.StringUtils@indexOfDifference(java.lang.CharSequence[]):5753:227828:0 |==> -1
2513:LVR:POS:0:org.apache.commons.lang3.StringUtils@indexOfDifference(java.lang.CharSequence[]):5754:227882:1 |==> 0
2514:LVR:POS:NEG:org.apache.commons.lang3.StringUtils@indexOfDifference(java.lang.CharSequence[]):5754:227882:1 |==> -1
2515:ROR:<(int,int):!=(int,int):org.apache.commons.lang3.StringUtils@indexOfDifference(java.lang.CharSequence[]):5754:227885:arrayPos < arrayLen |==> arrayPos != arrayLen
2516:ROR:<(int,int):<=(int,int):org.apache.commons.lang3.StringUtils@indexOfDifference(java.lang.CharSequence[]):5754:227885:arrayPos < arrayLen |==> arrayPos <= arrayLen
2517:ROR:<(int,int):FALSE(int,int):org.apache.commons.lang3.StringUtils@indexOfDifference(java.lang.CharSequence[]):5754:227894:arrayPos < arrayLen |==> false
2518:ROR:!=(int,int):<(int,int):org.apache.commons.lang3.StringUtils@indexOfDifference(java.lang.CharSequence[]):5755:227940:css[arrayPos].charAt(stringPos) != comparisonChar |==> css[arrayPos].charAt(stringPos) < comparisonChar
2519:ROR:!=(int,int):>(int,int):org.apache.commons.lang3.StringUtils@indexOfDifference(java.lang.CharSequence[]):5755:227940:css[arrayPos].charAt(stringPos) != comparisonChar |==> css[arrayPos].charAt(stringPos) > comparisonChar
2520:ROR:!=(int,int):TRUE(int,int):org.apache.commons.lang3.StringUtils@indexOfDifference(java.lang.CharSequence[]):5755:227972:css[arrayPos].charAt(stringPos) != comparisonChar |==> true
2521:STD:<ASSIGN>:<NO-OP>:org.apache.commons.lang3.StringUtils@indexOfDifference(java.lang.CharSequence[]):5756:228013:firstDiff = stringPos; |==> <NO-OP>
2522:LVR:NEG:0:org.apache.commons.lang3.StringUtils@indexOfDifference(java.lang.CharSequence[]):5760:228124:-1 |==> 0
2523:LVR:NEG:POS:org.apache.commons.lang3.StringUtils@indexOfDifference(java.lang.CharSequence[]):5760:228124:-1 |==> 1
2524:ROR:!=(int,int):<(int,int):org.apache.commons.lang3.StringUtils@indexOfDifference(java.lang.CharSequence[]):5760:228111:firstDiff != -1 |==> firstDiff < -1
2525:ROR:!=(int,int):>(int,int):org.apache.commons.lang3.StringUtils@indexOfDifference(java.lang.CharSequence[]):5760:228111:firstDiff != -1 |==> firstDiff > -1
2526:ROR:!=(int,int):TRUE(int,int):org.apache.commons.lang3.StringUtils@indexOfDifference(java.lang.CharSequence[]):5760:228121:firstDiff != -1 |==> true
2527:LVR:NEG:0:org.apache.commons.lang3.StringUtils@indexOfDifference(java.lang.CharSequence[]):5765:228203:-1 |==> 0
2528:LVR:NEG:POS:org.apache.commons.lang3.StringUtils@indexOfDifference(java.lang.CharSequence[]):5765:228203:-1 |==> 1
2529:ROR:==(int,int):<=(int,int):org.apache.commons.lang3.StringUtils@indexOfDifference(java.lang.CharSequence[]):5765:228190:firstDiff == -1 |==> firstDiff <= -1
2530:ROR:==(int,int):>=(int,int):org.apache.commons.lang3.StringUtils@indexOfDifference(java.lang.CharSequence[]):5765:228190:firstDiff == -1 |==> firstDiff >= -1
2531:ROR:==(int,int):FALSE(int,int):org.apache.commons.lang3.StringUtils@indexOfDifference(java.lang.CharSequence[]):5765:228200:firstDiff == -1 |==> false
2532:ROR:!=(int,int):<(int,int):org.apache.commons.lang3.StringUtils@indexOfDifference(java.lang.CharSequence[]):5765:228209:shortestStrLen != longestStrLen |==> shortestStrLen < longestStrLen
2533:ROR:!=(int,int):>(int,int):org.apache.commons.lang3.StringUtils@indexOfDifference(java.lang.CharSequence[]):5765:228209:shortestStrLen != longestStrLen |==> shortestStrLen > longestStrLen
2534:ROR:!=(int,int):TRUE(int,int):org.apache.commons.lang3.StringUtils@indexOfDifference(java.lang.CharSequence[]):5765:228224:shortestStrLen != longestStrLen |==> true
2535:COR:&&(boolean,boolean):==(boolean,boolean):org.apache.commons.lang3.StringUtils@indexOfDifference(java.lang.CharSequence[]):5765:228190:firstDiff == -1 && shortestStrLen != longestStrLen |==> firstDiff == -1 == (shortestStrLen != longestStrLen)
2536:COR:&&(boolean,boolean):FALSE(boolean,boolean):org.apache.commons.lang3.StringUtils@indexOfDifference(java.lang.CharSequence[]):5765:228206:firstDiff == -1 && shortestStrLen != longestStrLen |==> false
2537:COR:&&(boolean,boolean):LHS(boolean,boolean):org.apache.commons.lang3.StringUtils@indexOfDifference(java.lang.CharSequence[]):5765:228190:firstDiff == -1 && shortestStrLen != longestStrLen |==> firstDiff == -1
2538:COR:&&(boolean,boolean):RHS(boolean,boolean):org.apache.commons.lang3.StringUtils@indexOfDifference(java.lang.CharSequence[]):5765:228209:firstDiff == -1 && shortestStrLen != longestStrLen |==> shortestStrLen != longestStrLen
2539:ROR:==(java.lang.Object,java.lang.Object):FALSE(java.lang.Object,java.lang.Object):org.apache.commons.lang3.StringUtils@getCommonPrefix(java.lang.String[]):5808:230397:strs == null |==> false
2540:LVR:0:POS:org.apache.commons.lang3.StringUtils@getCommonPrefix(java.lang.String[]):5808:230423:0 |==> 1
2541:LVR:0:NEG:org.apache.commons.lang3.StringUtils@getCommonPrefix(java.lang.String[]):5808:230423:0 |==> -1
2542:ROR:==(int,int):>=(int,int):org.apache.commons.lang3.StringUtils@getCommonPrefix(java.lang.String[]):5808:230408:strs.length == 0 |==> strs.length >= 0
2543:ROR:==(int,int):FALSE(int,int):org.apache.commons.lang3.StringUtils@getCommonPrefix(java.lang.String[]):5808:230420:strs.length == 0 |==> false
2544:COR:||(boolean,boolean):!=(boolean,boolean):org.apache.commons.lang3.StringUtils@getCommonPrefix(java.lang.String[]):5808:230392:strs == null || strs.length == 0 |==> strs == null != (strs.length == 0)
2545:COR:||(boolean,boolean):LHS(boolean,boolean):org.apache.commons.lang3.StringUtils@getCommonPrefix(java.lang.String[]):5808:230392:strs == null || strs.length == 0 |==> strs == null
2546:COR:||(boolean,boolean):RHS(boolean,boolean):org.apache.commons.lang3.StringUtils@getCommonPrefix(java.lang.String[]):5808:230408:strs == null || strs.length == 0 |==> strs.length == 0
2547:COR:||(boolean,boolean):TRUE(boolean,boolean):org.apache.commons.lang3.StringUtils@getCommonPrefix(java.lang.String[]):5808:230405:strs == null || strs.length == 0 |==> true
2548:ROR:==(int,int):<=(int,int):org.apache.commons.lang3.StringUtils@getCommonPrefix(java.lang.String[]):5812:230535:smallestIndexOfDiff == INDEX_NOT_FOUND |==> smallestIndexOfDiff <= INDEX_NOT_FOUND
2549:ROR:==(int,int):>=(int,int):org.apache.commons.lang3.StringUtils@getCommonPrefix(java.lang.String[]):5812:230535:smallestIndexOfDiff == INDEX_NOT_FOUND |==> smallestIndexOfDiff >= INDEX_NOT_FOUND
2550:ROR:==(int,int):FALSE(int,int):org.apache.commons.lang3.StringUtils@getCommonPrefix(java.lang.String[]):5812:230555:smallestIndexOfDiff == INDEX_NOT_FOUND |==> false
2551:LVR:0:POS:org.apache.commons.lang3.StringUtils@getCommonPrefix(java.lang.String[]):5814:230640:0 |==> 1
2552:LVR:0:NEG:org.apache.commons.lang3.StringUtils@getCommonPrefix(java.lang.String[]):5814:230640:0 |==> -1
2553:ROR:==(java.lang.Object,java.lang.Object):FALSE(java.lang.Object,java.lang.Object):org.apache.commons.lang3.StringUtils@getCommonPrefix(java.lang.String[]):5814:230643:strs[0] == null |==> false
2554:LVR:0:POS:org.apache.commons.lang3.StringUtils@getCommonPrefix(java.lang.String[]):5817:230722:0 |==> 1
2555:LVR:0:NEG:org.apache.commons.lang3.StringUtils@getCommonPrefix(java.lang.String[]):5817:230722:0 |==> -1
2556:LVR:0:POS:org.apache.commons.lang3.StringUtils@getCommonPrefix(java.lang.String[]):5818:230768:0 |==> 1
2557:LVR:0:NEG:org.apache.commons.lang3.StringUtils@getCommonPrefix(java.lang.String[]):5818:230768:0 |==> -1
2558:ROR:==(int,int):<=(int,int):org.apache.commons.lang3.StringUtils@getCommonPrefix(java.lang.String[]):5818:230745:smallestIndexOfDiff == 0 |==> smallestIndexOfDiff <= 0
2559:ROR:==(int,int):>=(int,int):org.apache.commons.lang3.StringUtils@getCommonPrefix(java.lang.String[]):5818:230745:smallestIndexOfDiff == 0 |==> smallestIndexOfDiff >= 0
2560:ROR:==(int,int):FALSE(int,int):org.apache.commons.lang3.StringUtils@getCommonPrefix(java.lang.String[]):5818:230765:smallestIndexOfDiff == 0 |==> false
2561:LVR:0:POS:org.apache.commons.lang3.StringUtils@getCommonPrefix(java.lang.String[]):5823:230955:0 |==> 1
2562:LVR:0:NEG:org.apache.commons.lang3.StringUtils@getCommonPrefix(java.lang.String[]):5823:230955:0 |==> -1
2563:LVR:0:POS:org.apache.commons.lang3.StringUtils@getCommonPrefix(java.lang.String[]):5823:230968:0 |==> 1
2564:LVR:0:NEG:org.apache.commons.lang3.StringUtils@getCommonPrefix(java.lang.String[]):5823:230968:0 |==> -1
2565:ROR:==(java.lang.Object,java.lang.Object):FALSE(java.lang.Object,java.lang.Object):org.apache.commons.lang3.StringUtils@getLevenshteinDistance(java.lang.CharSequence,java.lang.CharSequence):5864:233069:s == null |==> false
2566:ROR:==(java.lang.Object,java.lang.Object):FALSE(java.lang.Object,java.lang.Object):org.apache.commons.lang3.StringUtils@getLevenshteinDistance(java.lang.CharSequence,java.lang.CharSequence):5864:233082:t == null |==> false
2567:COR:||(boolean,boolean):!=(boolean,boolean):org.apache.commons.lang3.StringUtils@getLevenshteinDistance(java.lang.CharSequence,java.lang.CharSequence):5864:233067:s == null || t == null |==> s == null != (t == null)
2568:COR:||(boolean,boolean):LHS(boolean,boolean):org.apache.commons.lang3.StringUtils@getLevenshteinDistance(java.lang.CharSequence,java.lang.CharSequence):5864:233067:s == null || t == null |==> s == null
2569:COR:||(boolean,boolean):RHS(boolean,boolean):org.apache.commons.lang3.StringUtils@getLevenshteinDistance(java.lang.CharSequence,java.lang.CharSequence):5864:233080:s == null || t == null |==> t == null
2570:COR:||(boolean,boolean):TRUE(boolean,boolean):org.apache.commons.lang3.StringUtils@getLevenshteinDistance(java.lang.CharSequence,java.lang.CharSequence):5864:233077:s == null || t == null |==> true
2571:LVR:0:POS:org.apache.commons.lang3.StringUtils@getLevenshteinDistance(java.lang.CharSequence,java.lang.CharSequence):5888:234492:0 |==> 1
2572:LVR:0:NEG:org.apache.commons.lang3.StringUtils@getLevenshteinDistance(java.lang.CharSequence,java.lang.CharSequence):5888:234492:0 |==> -1
2573:ROR:==(int,int):<=(int,int):org.apache.commons.lang3.StringUtils@getLevenshteinDistance(java.lang.CharSequence,java.lang.CharSequence):5888:234487:n == 0 |==> n <= 0
2574:ROR:==(int,int):>=(int,int):org.apache.commons.lang3.StringUtils@getLevenshteinDistance(java.lang.CharSequence,java.lang.CharSequence):5888:234487:n == 0 |==> n >= 0
2575:ROR:==(int,int):FALSE(int,int):org.apache.commons.lang3.StringUtils@getLevenshteinDistance(java.lang.CharSequence,java.lang.CharSequence):5888:234489:n == 0 |==> false
2576:LVR:0:POS:org.apache.commons.lang3.StringUtils@getLevenshteinDistance(java.lang.CharSequence,java.lang.CharSequence):5890:234543:0 |==> 1
2577:LVR:0:NEG:org.apache.commons.lang3.StringUtils@getLevenshteinDistance(java.lang.CharSequence,java.lang.CharSequence):5890:234543:0 |==> -1
2578:ROR:==(int,int):<=(int,int):org.apache.commons.lang3.StringUtils@getLevenshteinDistance(java.lang.CharSequence,java.lang.CharSequence):5890:234538:m == 0 |==> m <= 0
2579:ROR:==(int,int):>=(int,int):org.apache.commons.lang3.StringUtils@getLevenshteinDistance(java.lang.CharSequence,java.lang.CharSequence):5890:234538:m == 0 |==> m >= 0
2580:ROR:==(int,int):FALSE(int,int):org.apache.commons.lang3.StringUtils@getLevenshteinDistance(java.lang.CharSequence,java.lang.CharSequence):5890:234540:m == 0 |==> false
2581:ROR:>(int,int):!=(int,int):org.apache.commons.lang3.StringUtils@getLevenshteinDistance(java.lang.CharSequence,java.lang.CharSequence):5894:234593:n > m |==> n != m
2582:ROR:>(int,int):>=(int,int):org.apache.commons.lang3.StringUtils@getLevenshteinDistance(java.lang.CharSequence,java.lang.CharSequence):5894:234593:n > m |==> n >= m
2583:ROR:>(int,int):FALSE(int,int):org.apache.commons.lang3.StringUtils@getLevenshteinDistance(java.lang.CharSequence,java.lang.CharSequence):5894:234595:n > m |==> false
2584:STD:<ASSIGN>:<NO-OP>:org.apache.commons.lang3.StringUtils@getLevenshteinDistance(java.lang.CharSequence,java.lang.CharSequence):5897:234706:s = t; |==> <NO-OP>
2585:STD:<ASSIGN>:<NO-OP>:org.apache.commons.lang3.StringUtils@getLevenshteinDistance(java.lang.CharSequence,java.lang.CharSequence):5898:234725:t = tmp; |==> <NO-OP>
2586:STD:<ASSIGN>:<NO-OP>:org.apache.commons.lang3.StringUtils@getLevenshteinDistance(java.lang.CharSequence,java.lang.CharSequence):5899:234746:n = m; |==> <NO-OP>
2587:STD:<ASSIGN>:<NO-OP>:org.apache.commons.lang3.StringUtils@getLevenshteinDistance(java.lang.CharSequence,java.lang.CharSequence):5900:234765:m = t.length(); |==> <NO-OP>
2588:LVR:POS:0:org.apache.commons.lang3.StringUtils@getLevenshteinDistance(java.lang.CharSequence,java.lang.CharSequence):5903:234820:1 |==> 0
2589:LVR:POS:NEG:org.apache.commons.lang3.StringUtils@getLevenshteinDistance(java.lang.CharSequence,java.lang.CharSequence):5903:234820:1 |==> -1
2590:AOR:+(int,int):%(int,int):org.apache.commons.lang3.StringUtils@getLevenshteinDistance(java.lang.CharSequence,java.lang.CharSequence):5903:234818:n + 1 |==> n % 1
2591:AOR:+(int,int):*(int,int):org.apache.commons.lang3.StringUtils@getLevenshteinDistance(java.lang.CharSequence,java.lang.CharSequence):5903:234818:n + 1 |==> n * 1
2592:AOR:+(int,int):-(int,int):org.apache.commons.lang3.StringUtils@getLevenshteinDistance(java.lang.CharSequence,java.lang.CharSequence):5903:234818:n + 1 |==> n - 1
2593:AOR:+(int,int):/(int,int):org.apache.commons.lang3.StringUtils@getLevenshteinDistance(java.lang.CharSequence,java.lang.CharSequence):5903:234818:n + 1 |==> n / 1
2594:LVR:POS:0:org.apache.commons.lang3.StringUtils@getLevenshteinDistance(java.lang.CharSequence,java.lang.CharSequence):5904:234890:1 |==> 0
2595:LVR:POS:NEG:org.apache.commons.lang3.StringUtils@getLevenshteinDistance(java.lang.CharSequence,java.lang.CharSequence):5904:234890:1 |==> -1
2596:AOR:+(int,int):%(int,int):org.apache.commons.lang3.StringUtils@getLevenshteinDistance(java.lang.CharSequence,java.lang.CharSequence):5904:234888:n + 1 |==> n % 1
2597:AOR:+(int,int):*(int,int):org.apache.commons.lang3.StringUtils@getLevenshteinDistance(java.lang.CharSequence,java.lang.CharSequence):5904:234888:n + 1 |==> n * 1
2598:AOR:+(int,int):-(int,int):org.apache.commons.lang3.StringUtils@getLevenshteinDistance(java.lang.CharSequence,java.lang.CharSequence):5904:234888:n + 1 |==> n - 1
2599:AOR:+(int,int):/(int,int):org.apache.commons.lang3.StringUtils@getLevenshteinDistance(java.lang.CharSequence,java.lang.CharSequence):5904:234888:n + 1 |==> n / 1
2600:LVR:0:POS:org.apache.commons.lang3.StringUtils@getLevenshteinDistance(java.lang.CharSequence,java.lang.CharSequence):5915:235185:0 |==> 1
2601:LVR:0:NEG:org.apache.commons.lang3.StringUtils@getLevenshteinDistance(java.lang.CharSequence,java.lang.CharSequence):5915:235185:0 |==> -1
2602:ROR:<=(int,int):<(int,int):org.apache.commons.lang3.StringUtils@getLevenshteinDistance(java.lang.CharSequence,java.lang.CharSequence):5915:235188:i <= n |==> i < n
2603:ROR:<=(int,int):==(int,int):org.apache.commons.lang3.StringUtils@getLevenshteinDistance(java.lang.CharSequence,java.lang.CharSequence):5915:235188:i <= n |==> i == n
2604:ROR:<=(int,int):TRUE(int,int):org.apache.commons.lang3.StringUtils@getLevenshteinDistance(java.lang.CharSequence,java.lang.CharSequence):5915:235189:i <= n |==> true
2605:STD:<ASSIGN>:<NO-OP>:org.apache.commons.lang3.StringUtils@getLevenshteinDistance(java.lang.CharSequence,java.lang.CharSequence):5916:235213:p[i] = i; |==> <NO-OP>
2606:LVR:POS:0:org.apache.commons.lang3.StringUtils@getLevenshteinDistance(java.lang.CharSequence,java.lang.CharSequence):5919:235251:1 |==> 0
2607:LVR:POS:NEG:org.apache.commons.lang3.StringUtils@getLevenshteinDistance(java.lang.CharSequence,java.lang.CharSequence):5919:235251:1 |==> -1
2608:ROR:<=(int,int):<(int,int):org.apache.commons.lang3.StringUtils@getLevenshteinDistance(java.lang.CharSequence,java.lang.CharSequence):5919:235254:j <= m |==> j < m
2609:ROR:<=(int,int):==(int,int):org.apache.commons.lang3.StringUtils@getLevenshteinDistance(java.lang.CharSequence,java.lang.CharSequence):5919:235254:j <= m |==> j == m
2610:ROR:<=(int,int):TRUE(int,int):org.apache.commons.lang3.StringUtils@getLevenshteinDistance(java.lang.CharSequence,java.lang.CharSequence):5919:235255:j <= m |==> true
2611:LVR:POS:0:org.apache.commons.lang3.StringUtils@getLevenshteinDistance(java.lang.CharSequence,java.lang.CharSequence):5920:235296:1 |==> 0
2612:LVR:POS:NEG:org.apache.commons.lang3.StringUtils@getLevenshteinDistance(java.lang.CharSequence,java.lang.CharSequence):5920:235296:1 |==> -1
2613:AOR:-(int,int):%(int,int):org.apache.commons.lang3.StringUtils@getLevenshteinDistance(java.lang.CharSequence,java.lang.CharSequence):5920:235294:j - 1 |==> j % 1
2614:AOR:-(int,int):*(int,int):org.apache.commons.lang3.StringUtils@getLevenshteinDistance(java.lang.CharSequence,java.lang.CharSequence):5920:235294:j - 1 |==> j * 1
2615:AOR:-(int,int):+(int,int):org.apache.commons.lang3.StringUtils@getLevenshteinDistance(java.lang.CharSequence,java.lang.CharSequence):5920:235294:j - 1 |==> j + 1
2616:AOR:-(int,int):/(int,int):org.apache.commons.lang3.StringUtils@getLevenshteinDistance(java.lang.CharSequence,java.lang.CharSequence):5920:235294:j - 1 |==> j / 1
2617:LVR:0:POS:org.apache.commons.lang3.StringUtils@getLevenshteinDistance(java.lang.CharSequence,java.lang.CharSequence):5921:235314:0 |==> 1
2618:LVR:0:NEG:org.apache.commons.lang3.StringUtils@getLevenshteinDistance(java.lang.CharSequence,java.lang.CharSequence):5921:235314:0 |==> -1
2619:STD:<ASSIGN>:<NO-OP>:org.apache.commons.lang3.StringUtils@getLevenshteinDistance(java.lang.CharSequence,java.lang.CharSequence):5921:235312:d[0] = j; |==> <NO-OP>
2620:LVR:POS:0:org.apache.commons.lang3.StringUtils@getLevenshteinDistance(java.lang.CharSequence,java.lang.CharSequence):5923:235342:1 |==> 0
2621:LVR:POS:NEG:org.apache.commons.lang3.StringUtils@getLevenshteinDistance(java.lang.CharSequence,java.lang.CharSequence):5923:235342:1 |==> -1
2622:STD:<ASSIGN>:<NO-OP>:org.apache.commons.lang3.StringUtils@getLevenshteinDistance(java.lang.CharSequence,java.lang.CharSequence):5923:235340:i = 1; |==> <NO-OP>
2623:ROR:<=(int,int):<(int,int):org.apache.commons.lang3.StringUtils@getLevenshteinDistance(java.lang.CharSequence,java.lang.CharSequence):5923:235345:i <= n |==> i < n
2624:ROR:<=(int,int):==(int,int):org.apache.commons.lang3.StringUtils@getLevenshteinDistance(java.lang.CharSequence,java.lang.CharSequence):5923:235345:i <= n |==> i == n
2625:ROR:<=(int,int):TRUE(int,int):org.apache.commons.lang3.StringUtils@getLevenshteinDistance(java.lang.CharSequence,java.lang.CharSequence):5923:235346:i <= n |==> true
2626:LVR:POS:0:org.apache.commons.lang3.StringUtils@getLevenshteinDistance(java.lang.CharSequence,java.lang.CharSequence):5924:235392:1 |==> 0
2627:LVR:POS:NEG:org.apache.commons.lang3.StringUtils@getLevenshteinDistance(java.lang.CharSequence,java.lang.CharSequence):5924:235392:1 |==> -1
2628:AOR:-(int,int):%(int,int):org.apache.commons.lang3.StringUtils@getLevenshteinDistance(java.lang.CharSequence,java.lang.CharSequence):5924:235390:i - 1 |==> i % 1
2629:AOR:-(int,int):*(int,int):org.apache.commons.lang3.StringUtils@getLevenshteinDistance(java.lang.CharSequence,java.lang.CharSequence):5924:235390:i - 1 |==> i * 1
2630:AOR:-(int,int):+(int,int):org.apache.commons.lang3.StringUtils@getLevenshteinDistance(java.lang.CharSequence,java.lang.CharSequence):5924:235390:i - 1 |==> i + 1
2631:AOR:-(int,int):/(int,int):org.apache.commons.lang3.StringUtils@getLevenshteinDistance(java.lang.CharSequence,java.lang.CharSequence):5924:235390:i - 1 |==> i / 1
2632:ROR:==(int,int):<=(int,int):org.apache.commons.lang3.StringUtils@getLevenshteinDistance(java.lang.CharSequence,java.lang.CharSequence):5924:235381:s.charAt(i - 1) == t_j |==> s.charAt(i - 1) <= t_j
2633:ROR:==(int,int):>=(int,int):org.apache.commons.lang3.StringUtils@getLevenshteinDistance(java.lang.CharSequence,java.lang.CharSequence):5924:235381:s.charAt(i - 1) == t_j |==> s.charAt(i - 1) >= t_j
2634:ROR:==(int,int):FALSE(int,int):org.apache.commons.lang3.StringUtils@getLevenshteinDistance(java.lang.CharSequence,java.lang.CharSequence):5924:235394:s.charAt(i - 1) == t_j |==> false
2635:LVR:0:POS:org.apache.commons.lang3.StringUtils@getLevenshteinDistance(java.lang.CharSequence,java.lang.CharSequence):5924:235402:0 |==> 1
2636:LVR:0:NEG:org.apache.commons.lang3.StringUtils@getLevenshteinDistance(java.lang.CharSequence,java.lang.CharSequence):5924:235402:0 |==> -1
2637:LVR:POS:0:org.apache.commons.lang3.StringUtils@getLevenshteinDistance(java.lang.CharSequence,java.lang.CharSequence):5924:235406:1 |==> 0
2638:LVR:POS:NEG:org.apache.commons.lang3.StringUtils@getLevenshteinDistance(java.lang.CharSequence,java.lang.CharSequence):5924:235406:1 |==> -1
2639:LVR:POS:0:org.apache.commons.lang3.StringUtils@getLevenshteinDistance(java.lang.CharSequence,java.lang.CharSequence):5926:235547:1 |==> 0
2640:LVR:POS:NEG:org.apache.commons.lang3.StringUtils@getLevenshteinDistance(java.lang.CharSequence,java.lang.CharSequence):5926:235547:1 |==> -1
2641:AOR:-(int,int):%(int,int):org.apache.commons.lang3.StringUtils@getLevenshteinDistance(java.lang.CharSequence,java.lang.CharSequence):5926:235545:i - 1 |==> i % 1
2642:AOR:-(int,int):*(int,int):org.apache.commons.lang3.StringUtils@getLevenshteinDistance(java.lang.CharSequence,java.lang.CharSequence):5926:235545:i - 1 |==> i * 1
2643:AOR:-(int,int):+(int,int):org.apache.commons.lang3.StringUtils@getLevenshteinDistance(java.lang.CharSequence,java.lang.CharSequence):5926:235545:i - 1 |==> i + 1
2644:AOR:-(int,int):/(int,int):org.apache.commons.lang3.StringUtils@getLevenshteinDistance(java.lang.CharSequence,java.lang.CharSequence):5926:235545:i - 1 |==> i / 1
2645:LVR:POS:0:org.apache.commons.lang3.StringUtils@getLevenshteinDistance(java.lang.CharSequence,java.lang.CharSequence):5926:235550:1 |==> 0
2646:LVR:POS:NEG:org.apache.commons.lang3.StringUtils@getLevenshteinDistance(java.lang.CharSequence,java.lang.CharSequence):5926:235550:1 |==> -1
2647:AOR:+(int,int):%(int,int):org.apache.commons.lang3.StringUtils@getLevenshteinDistance(java.lang.CharSequence,java.lang.CharSequence):5926:235543:d[i - 1] + 1 |==> d[i - 1] % 1
2648:AOR:+(int,int):*(int,int):org.apache.commons.lang3.StringUtils@getLevenshteinDistance(java.lang.CharSequence,java.lang.CharSequence):5926:235543:d[i - 1] + 1 |==> d[i - 1] * 1
2649:AOR:+(int,int):-(int,int):org.apache.commons.lang3.StringUtils@getLevenshteinDistance(java.lang.CharSequence,java.lang.CharSequence):5926:235543:d[i - 1] + 1 |==> d[i - 1] - 1
2650:AOR:+(int,int):/(int,int):org.apache.commons.lang3.StringUtils@getLevenshteinDistance(java.lang.CharSequence,java.lang.CharSequence):5926:235543:d[i - 1] + 1 |==> d[i - 1] / 1
2651:LVR:POS:0:org.apache.commons.lang3.StringUtils@getLevenshteinDistance(java.lang.CharSequence,java.lang.CharSequence):5926:235558:1 |==> 0
2652:LVR:POS:NEG:org.apache.commons.lang3.StringUtils@getLevenshteinDistance(java.lang.CharSequence,java.lang.CharSequence):5926:235558:1 |==> -1
2653:AOR:+(int,int):%(int,int):org.apache.commons.lang3.StringUtils@getLevenshteinDistance(java.lang.CharSequence,java.lang.CharSequence):5926:235553:p[i] + 1 |==> p[i] % 1
2654:AOR:+(int,int):*(int,int):org.apache.commons.lang3.StringUtils@getLevenshteinDistance(java.lang.CharSequence,java.lang.CharSequence):5926:235553:p[i] + 1 |==> p[i] * 1
2655:AOR:+(int,int):-(int,int):org.apache.commons.lang3.StringUtils@getLevenshteinDistance(java.lang.CharSequence,java.lang.CharSequence):5926:235553:p[i] + 1 |==> p[i] - 1
2656:AOR:+(int,int):/(int,int):org.apache.commons.lang3.StringUtils@getLevenshteinDistance(java.lang.CharSequence,java.lang.CharSequence):5926:235553:p[i] + 1 |==> p[i] / 1
2657:LVR:POS:0:org.apache.commons.lang3.StringUtils@getLevenshteinDistance(java.lang.CharSequence,java.lang.CharSequence):5926:235567:1 |==> 0
2658:LVR:POS:NEG:org.apache.commons.lang3.StringUtils@getLevenshteinDistance(java.lang.CharSequence,java.lang.CharSequence):5926:235567:1 |==> -1
2659:AOR:-(int,int):%(int,int):org.apache.commons.lang3.StringUtils@getLevenshteinDistance(java.lang.CharSequence,java.lang.CharSequence):5926:235565:i - 1 |==> i % 1
2660:AOR:-(int,int):*(int,int):org.apache.commons.lang3.StringUtils@getLevenshteinDistance(java.lang.CharSequence,java.lang.CharSequence):5926:235565:i - 1 |==> i * 1
2661:AOR:-(int,int):+(int,int):org.apache.commons.lang3.StringUtils@getLevenshteinDistance(java.lang.CharSequence,java.lang.CharSequence):5926:235565:i - 1 |==> i + 1
2662:AOR:-(int,int):/(int,int):org.apache.commons.lang3.StringUtils@getLevenshteinDistance(java.lang.CharSequence,java.lang.CharSequence):5926:235565:i - 1 |==> i / 1
2663:AOR:+(int,int):%(int,int):org.apache.commons.lang3.StringUtils@getLevenshteinDistance(java.lang.CharSequence,java.lang.CharSequence):5926:235563:p[i - 1] + cost |==> p[i - 1] % cost
2664:AOR:+(int,int):*(int,int):org.apache.commons.lang3.StringUtils@getLevenshteinDistance(java.lang.CharSequence,java.lang.CharSequence):5926:235563:p[i - 1] + cost |==> p[i - 1] * cost
2665:AOR:+(int,int):-(int,int):org.apache.commons.lang3.StringUtils@getLevenshteinDistance(java.lang.CharSequence,java.lang.CharSequence):5926:235563:p[i - 1] + cost |==> p[i - 1] - cost
2666:AOR:+(int,int):/(int,int):org.apache.commons.lang3.StringUtils@getLevenshteinDistance(java.lang.CharSequence,java.lang.CharSequence):5926:235563:p[i - 1] + cost |==> p[i - 1] / cost
2667:STD:<ASSIGN>:<NO-OP>:org.apache.commons.lang3.StringUtils@getLevenshteinDistance(java.lang.CharSequence,java.lang.CharSequence):5926:235518:d[i] = Math.min(Math.min(d[i - 1] + 1, p[i] + 1), p[i - 1] + cost); |==> <NO-OP>
2668:STD:<ASSIGN>:<NO-OP>:org.apache.commons.lang3.StringUtils@getLevenshteinDistance(java.lang.CharSequence,java.lang.CharSequence):5931:235702:p = d; |==> <NO-OP>
2669:STD:<ASSIGN>:<NO-OP>:org.apache.commons.lang3.StringUtils@getLevenshteinDistance(java.lang.CharSequence,java.lang.CharSequence):5932:235721:d = _d; |==> <NO-OP>
2670:LVR:FALSE:TRUE:org.apache.commons.lang3.StringUtils@startsWith(java.lang.String,java.lang.String):5986:237423:false |==> true
2671:LVR:TRUE:FALSE:org.apache.commons.lang3.StringUtils@startsWithIgnoreCase(java.lang.String,java.lang.String):6011:238483:true |==> false
2672:ROR:==(java.lang.Object,java.lang.Object):FALSE(java.lang.Object,java.lang.Object):org.apache.commons.lang3.StringUtils@startsWith(java.lang.String,java.lang.String,boolean):6026:239084:str == null |==> false
2673:ROR:==(java.lang.Object,java.lang.Object):FALSE(java.lang.Object,java.lang.Object):org.apache.commons.lang3.StringUtils@startsWith(java.lang.String,java.lang.String,boolean):6026:239102:prefix == null |==> false
2674:COR:||(boolean,boolean):!=(boolean,boolean):org.apache.commons.lang3.StringUtils@startsWith(java.lang.String,java.lang.String,boolean):6026:239080:str == null || prefix == null |==> str == null != (prefix == null)
2675:COR:||(boolean,boolean):LHS(boolean,boolean):org.apache.commons.lang3.StringUtils@startsWith(java.lang.String,java.lang.String,boolean):6026:239080:str == null || prefix == null |==> str == null
2676:COR:||(boolean,boolean):RHS(boolean,boolean):org.apache.commons.lang3.StringUtils@startsWith(java.lang.String,java.lang.String,boolean):6026:239095:str == null || prefix == null |==> prefix == null
2677:COR:||(boolean,boolean):TRUE(boolean,boolean):org.apache.commons.lang3.StringUtils@startsWith(java.lang.String,java.lang.String,boolean):6026:239092:str == null || prefix == null |==> true
2678:ROR:==(java.lang.Object,java.lang.Object):FALSE(java.lang.Object,java.lang.Object):org.apache.commons.lang3.StringUtils@startsWith(java.lang.String,java.lang.String,boolean):6027:239137:str == null |==> false
2679:ROR:==(java.lang.Object,java.lang.Object):FALSE(java.lang.Object,java.lang.Object):org.apache.commons.lang3.StringUtils@startsWith(java.lang.String,java.lang.String,boolean):6027:239155:prefix == null |==> false
2680:COR:&&(boolean,boolean):==(boolean,boolean):org.apache.commons.lang3.StringUtils@startsWith(java.lang.String,java.lang.String,boolean):6027:239133:str == null && prefix == null |==> str == null == (prefix == null)
2681:COR:&&(boolean,boolean):FALSE(boolean,boolean):org.apache.commons.lang3.StringUtils@startsWith(java.lang.String,java.lang.String,boolean):6027:239145:str == null && prefix == null |==> false
2682:COR:&&(boolean,boolean):LHS(boolean,boolean):org.apache.commons.lang3.StringUtils@startsWith(java.lang.String,java.lang.String,boolean):6027:239133:str == null && prefix == null |==> str == null
2683:COR:&&(boolean,boolean):RHS(boolean,boolean):org.apache.commons.lang3.StringUtils@startsWith(java.lang.String,java.lang.String,boolean):6027:239148:str == null && prefix == null |==> prefix == null
2684:ROR:>(int,int):!=(int,int):org.apache.commons.lang3.StringUtils@startsWith(java.lang.String,java.lang.String,boolean):6029:239187:prefix.length() > str.length() |==> prefix.length() != str.length()
2685:ROR:>(int,int):>=(int,int):org.apache.commons.lang3.StringUtils@startsWith(java.lang.String,java.lang.String,boolean):6029:239187:prefix.length() > str.length() |==> prefix.length() >= str.length()
2686:ROR:>(int,int):FALSE(int,int):org.apache.commons.lang3.StringUtils@startsWith(java.lang.String,java.lang.String,boolean):6029:239203:prefix.length() > str.length() |==> false
2687:LVR:FALSE:TRUE:org.apache.commons.lang3.StringUtils@startsWith(java.lang.String,java.lang.String,boolean):6030:239240:false |==> true
2688:LVR:0:POS:org.apache.commons.lang3.StringUtils@startsWith(java.lang.String,java.lang.String,boolean):6032:239302:0 |==> 1
2689:LVR:0:NEG:org.apache.commons.lang3.StringUtils@startsWith(java.lang.String,java.lang.String,boolean):6032:239302:0 |==> -1
2690:LVR:0:POS:org.apache.commons.lang3.StringUtils@startsWith(java.lang.String,java.lang.String,boolean):6032:239313:0 |==> 1
2691:LVR:0:NEG:org.apache.commons.lang3.StringUtils@startsWith(java.lang.String,java.lang.String,boolean):6032:239313:0 |==> -1
2692:COR:||(boolean,boolean):!=(boolean,boolean):org.apache.commons.lang3.StringUtils@startsWithAny(java.lang.String,java.lang.String[]):6054:240273:isEmpty(string) || ArrayUtils.isEmpty(searchStrings) |==> isEmpty(string) != ArrayUtils.isEmpty(searchStrings)
2693:COR:||(boolean,boolean):LHS(boolean,boolean):org.apache.commons.lang3.StringUtils@startsWithAny(java.lang.String,java.lang.String[]):6054:240273:isEmpty(string) || ArrayUtils.isEmpty(searchStrings) |==> isEmpty(string)
2694:COR:||(boolean,boolean):RHS(boolean,boolean):org.apache.commons.lang3.StringUtils@startsWithAny(java.lang.String,java.lang.String[]):6054:240292:isEmpty(string) || ArrayUtils.isEmpty(searchStrings) |==> ArrayUtils.isEmpty(searchStrings)
2695:COR:||(boolean,boolean):TRUE(boolean,boolean):org.apache.commons.lang3.StringUtils@startsWithAny(java.lang.String,java.lang.String[]):6054:240289:isEmpty(string) || ArrayUtils.isEmpty(searchStrings) |==> true
2696:LVR:FALSE:TRUE:org.apache.commons.lang3.StringUtils@startsWithAny(java.lang.String,java.lang.String[]):6055:240348:false |==> true
2697:LVR:0:POS:org.apache.commons.lang3.StringUtils@startsWithAny(java.lang.String,java.lang.String[]):6057:240386:0 |==> 1
2698:LVR:0:NEG:org.apache.commons.lang3.StringUtils@startsWithAny(java.lang.String,java.lang.String[]):6057:240386:0 |==> -1
2699:ROR:<(int,int):<=(int,int):org.apache.commons.lang3.StringUtils@startsWithAny(java.lang.String,java.lang.String[]):6057:240389:i < searchStrings.length |==> i <= searchStrings.length
2700:ROR:<(int,int):FALSE(int,int):org.apache.commons.lang3.StringUtils@startsWithAny(java.lang.String,java.lang.String[]):6057:240391:i < searchStrings.length |==> false
2701:COR:<METHOD_INVOCATION(boolean)>:FALSE:org.apache.commons.lang3.StringUtils@startsWithAny(java.lang.String,java.lang.String[]):6059:240512:StringUtils.startsWith(string, searchString) |==> false
2702:COR:<METHOD_INVOCATION(boolean)>:TRUE:org.apache.commons.lang3.StringUtils@startsWithAny(java.lang.String,java.lang.String[]):6059:240512:StringUtils.startsWith(string, searchString) |==> true
2703:LVR:TRUE:FALSE:org.apache.commons.lang3.StringUtils@startsWithAny(java.lang.String,java.lang.String[]):6060:240561:true |==> false
2704:LVR:FALSE:TRUE:org.apache.commons.lang3.StringUtils@startsWithAny(java.lang.String,java.lang.String[]):6063:240606:false |==> true
2705:LVR:FALSE:TRUE:org.apache.commons.lang3.StringUtils@endsWith(java.lang.String,java.lang.String):6092:241713:false |==> true
2706:LVR:TRUE:FALSE:org.apache.commons.lang3.StringUtils@endsWithIgnoreCase(java.lang.String,java.lang.String):6118:242816:true |==> false
2707:ROR:==(java.lang.Object,java.lang.Object):FALSE(java.lang.Object,java.lang.Object):org.apache.commons.lang3.StringUtils@endsWith(java.lang.String,java.lang.String,boolean):6133:243411:str == null |==> false
2708:ROR:==(java.lang.Object,java.lang.Object):FALSE(java.lang.Object,java.lang.Object):org.apache.commons.lang3.StringUtils@endsWith(java.lang.String,java.lang.String,boolean):6133:243429:suffix == null |==> false
2709:COR:||(boolean,boolean):!=(boolean,boolean):org.apache.commons.lang3.StringUtils@endsWith(java.lang.String,java.lang.String,boolean):6133:243407:str == null || suffix == null |==> str == null != (suffix == null)
2710:COR:||(boolean,boolean):LHS(boolean,boolean):org.apache.commons.lang3.StringUtils@endsWith(java.lang.String,java.lang.String,boolean):6133:243407:str == null || suffix == null |==> str == null
2711:COR:||(boolean,boolean):RHS(boolean,boolean):org.apache.commons.lang3.StringUtils@endsWith(java.lang.String,java.lang.String,boolean):6133:243422:str == null || suffix == null |==> suffix == null
2712:COR:||(boolean,boolean):TRUE(boolean,boolean):org.apache.commons.lang3.StringUtils@endsWith(java.lang.String,java.lang.String,boolean):6133:243419:str == null || suffix == null |==> true
2713:ROR:==(java.lang.Object,java.lang.Object):FALSE(java.lang.Object,java.lang.Object):org.apache.commons.lang3.StringUtils@endsWith(java.lang.String,java.lang.String,boolean):6134:243463:str == null |==> false
2714:ROR:==(java.lang.Object,java.lang.Object):FALSE(java.lang.Object,java.lang.Object):org.apache.commons.lang3.StringUtils@endsWith(java.lang.String,java.lang.String,boolean):6134:243481:suffix == null |==> false
2715:COR:&&(boolean,boolean):==(boolean,boolean):org.apache.commons.lang3.StringUtils@endsWith(java.lang.String,java.lang.String,boolean):6134:243459:str == null && suffix == null |==> str == null == (suffix == null)
2716:COR:&&(boolean,boolean):FALSE(boolean,boolean):org.apache.commons.lang3.StringUtils@endsWith(java.lang.String,java.lang.String,boolean):6134:243471:str == null && suffix == null |==> false
2717:COR:&&(boolean,boolean):LHS(boolean,boolean):org.apache.commons.lang3.StringUtils@endsWith(java.lang.String,java.lang.String,boolean):6134:243459:str == null && suffix == null |==> str == null
2718:COR:&&(boolean,boolean):RHS(boolean,boolean):org.apache.commons.lang3.StringUtils@endsWith(java.lang.String,java.lang.String,boolean):6134:243474:str == null && suffix == null |==> suffix == null
2719:ROR:>(int,int):!=(int,int):org.apache.commons.lang3.StringUtils@endsWith(java.lang.String,java.lang.String,boolean):6136:243512:suffix.length() > str.length() |==> suffix.length() != str.length()
2720:ROR:>(int,int):>=(int,int):org.apache.commons.lang3.StringUtils@endsWith(java.lang.String,java.lang.String,boolean):6136:243512:suffix.length() > str.length() |==> suffix.length() >= str.length()
2721:ROR:>(int,int):FALSE(int,int):org.apache.commons.lang3.StringUtils@endsWith(java.lang.String,java.lang.String,boolean):6136:243528:suffix.length() > str.length() |==> false
2722:LVR:FALSE:TRUE:org.apache.commons.lang3.StringUtils@endsWith(java.lang.String,java.lang.String,boolean):6137:243565:false |==> true
2723:AOR:-(int,int):%(int,int):org.apache.commons.lang3.StringUtils@endsWith(java.lang.String,java.lang.String,boolean):6139:243606:str.length() - suffix.length() |==> str.length() % suffix.length()
2724:AOR:-(int,int):*(int,int):org.apache.commons.lang3.StringUtils@endsWith(java.lang.String,java.lang.String,boolean):6139:243606:str.length() - suffix.length() |==> str.length() * suffix.length()
2725:AOR:-(int,int):+(int,int):org.apache.commons.lang3.StringUtils@endsWith(java.lang.String,java.lang.String,boolean):6139:243606:str.length() - suffix.length() |==> str.length() + suffix.length()
2726:AOR:-(int,int):/(int,int):org.apache.commons.lang3.StringUtils@endsWith(java.lang.String,java.lang.String,boolean):6139:243606:str.length() - suffix.length() |==> str.length() / suffix.length()
2727:LVR:0:POS:org.apache.commons.lang3.StringUtils@endsWith(java.lang.String,java.lang.String,boolean):6140:243702:0 |==> 1
2728:LVR:0:NEG:org.apache.commons.lang3.StringUtils@endsWith(java.lang.String,java.lang.String,boolean):6140:243702:0 |==> -1
