1:ROR:==(java.lang.Object,java.lang.Object):FALSE(java.lang.Object,java.lang.Object):org.apache.commons.lang3.StringUtils@isEmpty(java.lang.CharSequence):183:6855:cs == null |==> false
2:LVR:0:POS:org.apache.commons.lang3.StringUtils@isEmpty(java.lang.CharSequence):183:6881:0 |==> 1
3:LVR:0:NEG:org.apache.commons.lang3.StringUtils@isEmpty(java.lang.CharSequence):183:6881:0 |==> -1
4:ROR:==(int,int):>=(int,int):org.apache.commons.lang3.StringUtils@isEmpty(java.lang.CharSequence):183:6866:cs.length() == 0 |==> cs.length() >= 0
5:ROR:==(int,int):FALSE(int,int):org.apache.commons.lang3.StringUtils@isEmpty(java.lang.CharSequence):183:6878:cs.length() == 0 |==> false
6:COR:||(boolean,boolean):!=(boolean,boolean):org.apache.commons.lang3.StringUtils@isEmpty(java.lang.CharSequence):183:6852:cs == null || cs.length() == 0 |==> cs == null != (cs.length() == 0)
7:COR:||(boolean,boolean):LHS(boolean,boolean):org.apache.commons.lang3.StringUtils@isEmpty(java.lang.CharSequence):183:6852:cs == null || cs.length() == 0 |==> cs == null
8:COR:||(boolean,boolean):RHS(boolean,boolean):org.apache.commons.lang3.StringUtils@isEmpty(java.lang.CharSequence):183:6866:cs == null || cs.length() == 0 |==> cs.length() == 0
9:COR:||(boolean,boolean):TRUE(boolean,boolean):org.apache.commons.lang3.StringUtils@isEmpty(java.lang.CharSequence):183:6863:cs == null || cs.length() == 0 |==> true
10:ROR:==(java.lang.Object,java.lang.Object):FALSE(java.lang.Object,java.lang.Object):org.apache.commons.lang3.StringUtils@isBlank(java.lang.CharSequence):223:8264:cs == null |==> false
11:LVR:0:POS:org.apache.commons.lang3.StringUtils@isBlank(java.lang.CharSequence):223:8301:0 |==> 1
12:LVR:0:NEG:org.apache.commons.lang3.StringUtils@isBlank(java.lang.CharSequence):223:8301:0 |==> -1
13:ROR:==(int,int):<=(int,int):org.apache.commons.lang3.StringUtils@isBlank(java.lang.CharSequence):223:8275:(strLen = cs.length()) == 0 |==> (strLen = cs.length()) <= 0
14:ROR:==(int,int):>=(int,int):org.apache.commons.lang3.StringUtils@isBlank(java.lang.CharSequence):223:8275:(strLen = cs.length()) == 0 |==> (strLen = cs.length()) >= 0
15:COR:||(boolean,boolean):!=(boolean,boolean):org.apache.commons.lang3.StringUtils@isBlank(java.lang.CharSequence):223:8261:cs == null || (strLen = cs.length()) == 0 |==> cs == null != ((strLen = cs.length()) == 0)
16:COR:||(boolean,boolean):RHS(boolean,boolean):org.apache.commons.lang3.StringUtils@isBlank(java.lang.CharSequence):223:8275:cs == null || (strLen = cs.length()) == 0 |==> (strLen = cs.length()) == 0
17:COR:||(boolean,boolean):TRUE(boolean,boolean):org.apache.commons.lang3.StringUtils@isBlank(java.lang.CharSequence):223:8272:cs == null || (strLen = cs.length()) == 0 |==> true
18:LVR:TRUE:FALSE:org.apache.commons.lang3.StringUtils@isBlank(java.lang.CharSequence):224:8325:true |==> false
19:LVR:0:POS:org.apache.commons.lang3.StringUtils@isBlank(java.lang.CharSequence):226:8362:0 |==> 1
20:LVR:0:NEG:org.apache.commons.lang3.StringUtils@isBlank(java.lang.CharSequence):226:8362:0 |==> -1
21:ROR:<(int,int):!=(int,int):org.apache.commons.lang3.StringUtils@isBlank(java.lang.CharSequence):226:8365:i < strLen |==> i != strLen
22:ROR:<(int,int):<=(int,int):org.apache.commons.lang3.StringUtils@isBlank(java.lang.CharSequence):226:8365:i < strLen |==> i <= strLen
23:ROR:<(int,int):FALSE(int,int):org.apache.commons.lang3.StringUtils@isBlank(java.lang.CharSequence):226:8367:i < strLen |==> false
24:LVR:FALSE:TRUE:org.apache.commons.lang3.StringUtils@isBlank(java.lang.CharSequence):227:8441:false |==> true
25:ROR:==(boolean,boolean):FALSE(boolean,boolean):org.apache.commons.lang3.StringUtils@isBlank(java.lang.CharSequence):227:8438:Character.isWhitespace(cs.charAt(i)) == false |==> false
26:ROR:==(boolean,boolean):LHS(boolean,boolean):org.apache.commons.lang3.StringUtils@isBlank(java.lang.CharSequence):227:8401:Character.isWhitespace(cs.charAt(i)) == false |==> Character.isWhitespace(cs.charAt(i))
27:ROR:==(boolean,boolean):RHS(boolean,boolean):org.apache.commons.lang3.StringUtils@isBlank(java.lang.CharSequence):227:8441:Character.isWhitespace(cs.charAt(i)) == false |==> false
28:LVR:FALSE:TRUE:org.apache.commons.lang3.StringUtils@isBlank(java.lang.CharSequence):228:8474:false |==> true
29:LVR:TRUE:FALSE:org.apache.commons.lang3.StringUtils@isBlank(java.lang.CharSequence):231:8520:true |==> false
30:ROR:==(java.lang.Object,java.lang.Object):FALSE(java.lang.Object,java.lang.Object):org.apache.commons.lang3.StringUtils@trim(java.lang.String):281:10301:str == null |==> false
31:COR:<METHOD_INVOCATION(boolean)>:FALSE:org.apache.commons.lang3.StringUtils@trimToNull(java.lang.String):308:11318:isEmpty(ts) |==> false
32:COR:<METHOD_INVOCATION(boolean)>:TRUE:org.apache.commons.lang3.StringUtils@trimToNull(java.lang.String):308:11318:isEmpty(ts) |==> true
33:ROR:==(java.lang.Object,java.lang.Object):FALSE(java.lang.Object,java.lang.Object):org.apache.commons.lang3.StringUtils@trimToEmpty(java.lang.String):333:12268:str == null |==> false
34:ROR:==(java.lang.Object,java.lang.Object):FALSE(java.lang.Object,java.lang.Object):org.apache.commons.lang3.StringUtils@stripToNull(java.lang.String):388:14308:str == null |==> false
35:STD:<ASSIGN>:<NO-OP>:org.apache.commons.lang3.StringUtils@stripToNull(java.lang.String):391:14362:str = strip(str, null); |==> <NO-OP>
36:LVR:0:POS:org.apache.commons.lang3.StringUtils@stripToNull(java.lang.String):392:14417:0 |==> 1
37:LVR:0:NEG:org.apache.commons.lang3.StringUtils@stripToNull(java.lang.String):392:14417:0 |==> -1
38:ROR:==(int,int):>=(int,int):org.apache.commons.lang3.StringUtils@stripToNull(java.lang.String):392:14401:str.length() == 0 |==> str.length() >= 0
39:ROR:==(int,int):FALSE(int,int):org.apache.commons.lang3.StringUtils@stripToNull(java.lang.String):392:14414:str.length() == 0 |==> false
40:ROR:==(java.lang.Object,java.lang.Object):FALSE(java.lang.Object,java.lang.Object):org.apache.commons.lang3.StringUtils@stripToEmpty(java.lang.String):418:15399:str == null |==> false
41:COR:<METHOD_INVOCATION(boolean)>:FALSE:org.apache.commons.lang3.StringUtils@strip(java.lang.String,java.lang.String):448:16678:isEmpty(str) |==> false
42:COR:<METHOD_INVOCATION(boolean)>:TRUE:org.apache.commons.lang3.StringUtils@strip(java.lang.String,java.lang.String):448:16678:isEmpty(str) |==> true
43:STD:<ASSIGN>:<NO-OP>:org.apache.commons.lang3.StringUtils@strip(java.lang.String,java.lang.String):451:16729:str = stripStart(str, stripChars); |==> <NO-OP>
44:ROR:==(java.lang.Object,java.lang.Object):FALSE(java.lang.Object,java.lang.Object):org.apache.commons.lang3.StringUtils@stripStart(java.lang.String,java.lang.String):481:17994:str == null |==> false
45:LVR:0:POS:org.apache.commons.lang3.StringUtils@stripStart(java.lang.String,java.lang.String):481:18032:0 |==> 1
46:LVR:0:NEG:org.apache.commons.lang3.StringUtils@stripStart(java.lang.String,java.lang.String):481:18032:0 |==> -1
47:ROR:==(int,int):<=(int,int):org.apache.commons.lang3.StringUtils@stripStart(java.lang.String,java.lang.String):481:18005:(strLen = str.length()) == 0 |==> (strLen = str.length()) <= 0
48:ROR:==(int,int):>=(int,int):org.apache.commons.lang3.StringUtils@stripStart(java.lang.String,java.lang.String):481:18005:(strLen = str.length()) == 0 |==> (strLen = str.length()) >= 0
49:COR:||(boolean,boolean):!=(boolean,boolean):org.apache.commons.lang3.StringUtils@stripStart(java.lang.String,java.lang.String):481:17990:str == null || (strLen = str.length()) == 0 |==> str == null != ((strLen = str.length()) == 0)
50:COR:||(boolean,boolean):RHS(boolean,boolean):org.apache.commons.lang3.StringUtils@stripStart(java.lang.String,java.lang.String):481:18005:str == null || (strLen = str.length()) == 0 |==> (strLen = str.length()) == 0
51:COR:||(boolean,boolean):TRUE(boolean,boolean):org.apache.commons.lang3.StringUtils@stripStart(java.lang.String,java.lang.String):481:18002:str == null || (strLen = str.length()) == 0 |==> true
52:LVR:0:POS:org.apache.commons.lang3.StringUtils@stripStart(java.lang.String,java.lang.String):484:18091:0 |==> 1
53:LVR:0:NEG:org.apache.commons.lang3.StringUtils@stripStart(java.lang.String,java.lang.String):484:18091:0 |==> -1
54:ROR:==(java.lang.Object,java.lang.Object):FALSE(java.lang.Object,java.lang.Object):org.apache.commons.lang3.StringUtils@stripStart(java.lang.String,java.lang.String):485:18117:stripChars == null |==> false
55:ROR:!=(int,int):<(int,int):org.apache.commons.lang3.StringUtils@stripStart(java.lang.String,java.lang.String):486:18148:start != strLen |==> start < strLen
56:ROR:!=(int,int):>(int,int):org.apache.commons.lang3.StringUtils@stripStart(java.lang.String,java.lang.String):486:18148:start != strLen |==> start > strLen
57:ROR:!=(int,int):TRUE(int,int):org.apache.commons.lang3.StringUtils@stripStart(java.lang.String,java.lang.String):486:18154:start != strLen |==> true
58:COR:&&(boolean,boolean):==(boolean,boolean):org.apache.commons.lang3.StringUtils@stripStart(java.lang.String,java.lang.String):486:18147:(start != strLen) && Character.isWhitespace(str.charAt(start)) |==> (start != strLen) == Character.isWhitespace(str.charAt(start))
59:COR:&&(boolean,boolean):FALSE(boolean,boolean):org.apache.commons.lang3.StringUtils@stripStart(java.lang.String,java.lang.String):486:18165:(start != strLen) && Character.isWhitespace(str.charAt(start)) |==> false
60:COR:&&(boolean,boolean):LHS(boolean,boolean):org.apache.commons.lang3.StringUtils@stripStart(java.lang.String,java.lang.String):486:18147:(start != strLen) && Character.isWhitespace(str.charAt(start)) |==> (start != strLen)
61:COR:&&(boolean,boolean):RHS(boolean,boolean):org.apache.commons.lang3.StringUtils@stripStart(java.lang.String,java.lang.String):486:18168:(start != strLen) && Character.isWhitespace(str.charAt(start)) |==> Character.isWhitespace(str.charAt(start))
62:STD:<INC>:<NO-OP>:org.apache.commons.lang3.StringUtils@stripStart(java.lang.String,java.lang.String):487:18229:start++; |==> <NO-OP>
63:LVR:0:POS:org.apache.commons.lang3.StringUtils@stripStart(java.lang.String,java.lang.String):489:18294:0 |==> 1
64:LVR:0:NEG:org.apache.commons.lang3.StringUtils@stripStart(java.lang.String,java.lang.String):489:18294:0 |==> -1
65:ROR:==(int,int):>=(int,int):org.apache.commons.lang3.StringUtils@stripStart(java.lang.String,java.lang.String):489:18271:stripChars.length() == 0 |==> stripChars.length() >= 0
66:ROR:==(int,int):FALSE(int,int):org.apache.commons.lang3.StringUtils@stripStart(java.lang.String,java.lang.String):489:18291:stripChars.length() == 0 |==> false
67:ROR:!=(int,int):<(int,int):org.apache.commons.lang3.StringUtils@stripStart(java.lang.String,java.lang.String):492:18360:start != strLen |==> start < strLen
68:ROR:!=(int,int):>(int,int):org.apache.commons.lang3.StringUtils@stripStart(java.lang.String,java.lang.String):492:18360:start != strLen |==> start > strLen
69:ROR:!=(int,int):TRUE(int,int):org.apache.commons.lang3.StringUtils@stripStart(java.lang.String,java.lang.String):492:18366:start != strLen |==> true
70:ROR:!=(int,int):<(int,int):org.apache.commons.lang3.StringUtils@stripStart(java.lang.String,java.lang.String):492:18381:stripChars.indexOf(str.charAt(start)) != INDEX_NOT_FOUND |==> stripChars.indexOf(str.charAt(start)) < INDEX_NOT_FOUND
71:ROR:!=(int,int):TRUE(int,int):org.apache.commons.lang3.StringUtils@stripStart(java.lang.String,java.lang.String):492:18419:stripChars.indexOf(str.charAt(start)) != INDEX_NOT_FOUND |==> true
72:COR:&&(boolean,boolean):==(boolean,boolean):org.apache.commons.lang3.StringUtils@stripStart(java.lang.String,java.lang.String):492:18359:(start != strLen) && (stripChars.indexOf(str.charAt(start)) != INDEX_NOT_FOUND) |==> (start != strLen) == (stripChars.indexOf(str.charAt(start)) != INDEX_NOT_FOUND)
73:COR:&&(boolean,boolean):FALSE(boolean,boolean):org.apache.commons.lang3.StringUtils@stripStart(java.lang.String,java.lang.String):492:18377:(start != strLen) && (stripChars.indexOf(str.charAt(start)) != INDEX_NOT_FOUND) |==> false
74:COR:&&(boolean,boolean):LHS(boolean,boolean):org.apache.commons.lang3.StringUtils@stripStart(java.lang.String,java.lang.String):492:18359:(start != strLen) && (stripChars.indexOf(str.charAt(start)) != INDEX_NOT_FOUND) |==> (start != strLen)
75:COR:&&(boolean,boolean):RHS(boolean,boolean):org.apache.commons.lang3.StringUtils@stripStart(java.lang.String,java.lang.String):492:18380:(start != strLen) && (stripChars.indexOf(str.charAt(start)) != INDEX_NOT_FOUND) |==> (stripChars.indexOf(str.charAt(start)) != INDEX_NOT_FOUND)
76:STD:<INC>:<NO-OP>:org.apache.commons.lang3.StringUtils@stripStart(java.lang.String,java.lang.String):493:18458:start++; |==> <NO-OP>
77:ROR:==(java.lang.Object,java.lang.Object):FALSE(java.lang.Object,java.lang.Object):org.apache.commons.lang3.StringUtils@stripEnd(java.lang.String,java.lang.String):526:19753:str == null |==> false
78:LVR:0:POS:org.apache.commons.lang3.StringUtils@stripEnd(java.lang.String,java.lang.String):526:19788:0 |==> 1
79:LVR:0:NEG:org.apache.commons.lang3.StringUtils@stripEnd(java.lang.String,java.lang.String):526:19788:0 |==> -1
80:ROR:==(int,int):<=(int,int):org.apache.commons.lang3.StringUtils@stripEnd(java.lang.String,java.lang.String):526:19764:(end = str.length()) == 0 |==> (end = str.length()) <= 0
81:ROR:==(int,int):>=(int,int):org.apache.commons.lang3.StringUtils@stripEnd(java.lang.String,java.lang.String):526:19764:(end = str.length()) == 0 |==> (end = str.length()) >= 0
82:COR:||(boolean,boolean):!=(boolean,boolean):org.apache.commons.lang3.StringUtils@stripEnd(java.lang.String,java.lang.String):526:19749:str == null || (end = str.length()) == 0 |==> str == null != ((end = str.length()) == 0)
83:COR:||(boolean,boolean):RHS(boolean,boolean):org.apache.commons.lang3.StringUtils@stripEnd(java.lang.String,java.lang.String):526:19764:str == null || (end = str.length()) == 0 |==> (end = str.length()) == 0
84:COR:||(boolean,boolean):TRUE(boolean,boolean):org.apache.commons.lang3.StringUtils@stripEnd(java.lang.String,java.lang.String):526:19761:str == null || (end = str.length()) == 0 |==> true
85:ROR:==(java.lang.Object,java.lang.Object):FALSE(java.lang.Object,java.lang.Object):org.apache.commons.lang3.StringUtils@stripEnd(java.lang.String,java.lang.String):530:19851:stripChars == null |==> false
86:LVR:0:POS:org.apache.commons.lang3.StringUtils@stripEnd(java.lang.String,java.lang.String):531:19889:0 |==> 1
87:LVR:0:NEG:org.apache.commons.lang3.StringUtils@stripEnd(java.lang.String,java.lang.String):531:19889:0 |==> -1
88:ROR:!=(int,int):<(int,int):org.apache.commons.lang3.StringUtils@stripEnd(java.lang.String,java.lang.String):531:19882:end != 0 |==> end < 0
89:ROR:!=(int,int):>(int,int):org.apache.commons.lang3.StringUtils@stripEnd(java.lang.String,java.lang.String):531:19882:end != 0 |==> end > 0
90:ROR:!=(int,int):TRUE(int,int):org.apache.commons.lang3.StringUtils@stripEnd(java.lang.String,java.lang.String):531:19886:end != 0 |==> true
91:LVR:POS:0:org.apache.commons.lang3.StringUtils@stripEnd(java.lang.String,java.lang.String):531:19935:1 |==> 0
92:LVR:POS:NEG:org.apache.commons.lang3.StringUtils@stripEnd(java.lang.String,java.lang.String):531:19935:1 |==> -1
93:AOR:-(int,int):%(int,int):org.apache.commons.lang3.StringUtils@stripEnd(java.lang.String,java.lang.String):531:19929:end - 1 |==> end % 1
94:AOR:-(int,int):*(int,int):org.apache.commons.lang3.StringUtils@stripEnd(java.lang.String,java.lang.String):531:19929:end - 1 |==> end * 1
95:AOR:-(int,int):+(int,int):org.apache.commons.lang3.StringUtils@stripEnd(java.lang.String,java.lang.String):531:19929:end - 1 |==> end + 1
96:AOR:-(int,int):/(int,int):org.apache.commons.lang3.StringUtils@stripEnd(java.lang.String,java.lang.String):531:19929:end - 1 |==> end / 1
97:COR:&&(boolean,boolean):==(boolean,boolean):org.apache.commons.lang3.StringUtils@stripEnd(java.lang.String,java.lang.String):531:19881:(end != 0) && Character.isWhitespace(str.charAt(end - 1)) |==> (end != 0) == Character.isWhitespace(str.charAt(end - 1))
98:COR:&&(boolean,boolean):FALSE(boolean,boolean):org.apache.commons.lang3.StringUtils@stripEnd(java.lang.String,java.lang.String):531:19892:(end != 0) && Character.isWhitespace(str.charAt(end - 1)) |==> false
99:COR:&&(boolean,boolean):LHS(boolean,boolean):org.apache.commons.lang3.StringUtils@stripEnd(java.lang.String,java.lang.String):531:19881:(end != 0) && Character.isWhitespace(str.charAt(end - 1)) |==> (end != 0)
100:COR:&&(boolean,boolean):RHS(boolean,boolean):org.apache.commons.lang3.StringUtils@stripEnd(java.lang.String,java.lang.String):531:19895:(end != 0) && Character.isWhitespace(str.charAt(end - 1)) |==> Character.isWhitespace(str.charAt(end - 1))
101:STD:<DEC>:<NO-OP>:org.apache.commons.lang3.StringUtils@stripEnd(java.lang.String,java.lang.String):532:19958:end--; |==> <NO-OP>
102:LVR:0:POS:org.apache.commons.lang3.StringUtils@stripEnd(java.lang.String,java.lang.String):534:20021:0 |==> 1
103:LVR:0:NEG:org.apache.commons.lang3.StringUtils@stripEnd(java.lang.String,java.lang.String):534:20021:0 |==> -1
104:ROR:==(int,int):>=(int,int):org.apache.commons.lang3.StringUtils@stripEnd(java.lang.String,java.lang.String):534:19998:stripChars.length() == 0 |==> stripChars.length() >= 0
105:ROR:==(int,int):FALSE(int,int):org.apache.commons.lang3.StringUtils@stripEnd(java.lang.String,java.lang.String):534:20018:stripChars.length() == 0 |==> false
106:LVR:0:POS:org.apache.commons.lang3.StringUtils@stripEnd(java.lang.String,java.lang.String):537:20094:0 |==> 1
107:LVR:0:NEG:org.apache.commons.lang3.StringUtils@stripEnd(java.lang.String,java.lang.String):537:20094:0 |==> -1
108:ROR:!=(int,int):<(int,int):org.apache.commons.lang3.StringUtils@stripEnd(java.lang.String,java.lang.String):537:20087:end != 0 |==> end < 0
109:ROR:!=(int,int):>(int,int):org.apache.commons.lang3.StringUtils@stripEnd(java.lang.String,java.lang.String):537:20087:end != 0 |==> end > 0
110:ROR:!=(int,int):TRUE(int,int):org.apache.commons.lang3.StringUtils@stripEnd(java.lang.String,java.lang.String):537:20091:end != 0 |==> true
111:LVR:POS:0:org.apache.commons.lang3.StringUtils@stripEnd(java.lang.String,java.lang.String):537:20137:1 |==> 0
112:LVR:POS:NEG:org.apache.commons.lang3.StringUtils@stripEnd(java.lang.String,java.lang.String):537:20137:1 |==> -1
113:AOR:-(int,int):%(int,int):org.apache.commons.lang3.StringUtils@stripEnd(java.lang.String,java.lang.String):537:20131:end - 1 |==> end % 1
114:AOR:-(int,int):*(int,int):org.apache.commons.lang3.StringUtils@stripEnd(java.lang.String,java.lang.String):537:20131:end - 1 |==> end * 1
115:AOR:-(int,int):+(int,int):org.apache.commons.lang3.StringUtils@stripEnd(java.lang.String,java.lang.String):537:20131:end - 1 |==> end + 1
116:AOR:-(int,int):/(int,int):org.apache.commons.lang3.StringUtils@stripEnd(java.lang.String,java.lang.String):537:20131:end - 1 |==> end / 1
117:ROR:!=(int,int):<(int,int):org.apache.commons.lang3.StringUtils@stripEnd(java.lang.String,java.lang.String):537:20101:stripChars.indexOf(str.charAt(end - 1)) != INDEX_NOT_FOUND |==> stripChars.indexOf(str.charAt(end - 1)) < INDEX_NOT_FOUND
118:ROR:!=(int,int):TRUE(int,int):org.apache.commons.lang3.StringUtils@stripEnd(java.lang.String,java.lang.String):537:20141:stripChars.indexOf(str.charAt(end - 1)) != INDEX_NOT_FOUND |==> true
119:COR:&&(boolean,boolean):==(boolean,boolean):org.apache.commons.lang3.StringUtils@stripEnd(java.lang.String,java.lang.String):537:20086:(end != 0) && (stripChars.indexOf(str.charAt(end - 1)) != INDEX_NOT_FOUND) |==> (end != 0) == (stripChars.indexOf(str.charAt(end - 1)) != INDEX_NOT_FOUND)
120:COR:&&(boolean,boolean):FALSE(boolean,boolean):org.apache.commons.lang3.StringUtils@stripEnd(java.lang.String,java.lang.String):537:20097:(end != 0) && (stripChars.indexOf(str.charAt(end - 1)) != INDEX_NOT_FOUND) |==> false
121:COR:&&(boolean,boolean):LHS(boolean,boolean):org.apache.commons.lang3.StringUtils@stripEnd(java.lang.String,java.lang.String):537:20086:(end != 0) && (stripChars.indexOf(str.charAt(end - 1)) != INDEX_NOT_FOUND) |==> (end != 0)
122:COR:&&(boolean,boolean):RHS(boolean,boolean):org.apache.commons.lang3.StringUtils@stripEnd(java.lang.String,java.lang.String):537:20100:(end != 0) && (stripChars.indexOf(str.charAt(end - 1)) != INDEX_NOT_FOUND) |==> (stripChars.indexOf(str.charAt(end - 1)) != INDEX_NOT_FOUND)
123:STD:<DEC>:<NO-OP>:org.apache.commons.lang3.StringUtils@stripEnd(java.lang.String,java.lang.String):538:20180:end--; |==> <NO-OP>
124:LVR:0:POS:org.apache.commons.lang3.StringUtils@stripEnd(java.lang.String,java.lang.String):541:20240:0 |==> 1
125:LVR:0:NEG:org.apache.commons.lang3.StringUtils@stripEnd(java.lang.String,java.lang.String):541:20240:0 |==> -1
126:ROR:==(java.lang.Object,java.lang.Object):FALSE(java.lang.Object,java.lang.Object):org.apache.commons.lang3.StringUtils@stripAll(java.lang.String[],java.lang.String):596:22552:strs == null |==> false
127:LVR:0:POS:org.apache.commons.lang3.StringUtils@stripAll(java.lang.String[],java.lang.String):596:22590:0 |==> 1
128:LVR:0:NEG:org.apache.commons.lang3.StringUtils@stripAll(java.lang.String[],java.lang.String):596:22590:0 |==> -1
129:ROR:==(int,int):<=(int,int):org.apache.commons.lang3.StringUtils@stripAll(java.lang.String[],java.lang.String):596:22563:(strsLen = strs.length) == 0 |==> (strsLen = strs.length) <= 0
130:ROR:==(int,int):>=(int,int):org.apache.commons.lang3.StringUtils@stripAll(java.lang.String[],java.lang.String):596:22563:(strsLen = strs.length) == 0 |==> (strsLen = strs.length) >= 0
131:COR:||(boolean,boolean):!=(boolean,boolean):org.apache.commons.lang3.StringUtils@stripAll(java.lang.String[],java.lang.String):596:22547:strs == null || (strsLen = strs.length) == 0 |==> strs == null != ((strsLen = strs.length) == 0)
132:COR:||(boolean,boolean):RHS(boolean,boolean):org.apache.commons.lang3.StringUtils@stripAll(java.lang.String[],java.lang.String):596:22563:strs == null || (strsLen = strs.length) == 0 |==> (strsLen = strs.length) == 0
133:COR:||(boolean,boolean):TRUE(boolean,boolean):org.apache.commons.lang3.StringUtils@stripAll(java.lang.String[],java.lang.String):596:22560:strs == null || (strsLen = strs.length) == 0 |==> true
134:LVR:0:POS:org.apache.commons.lang3.StringUtils@stripAll(java.lang.String[],java.lang.String):600:22698:0 |==> 1
135:LVR:0:NEG:org.apache.commons.lang3.StringUtils@stripAll(java.lang.String[],java.lang.String):600:22698:0 |==> -1
136:ROR:<(int,int):!=(int,int):org.apache.commons.lang3.StringUtils@stripAll(java.lang.String[],java.lang.String):600:22701:i < strsLen |==> i != strsLen
137:ROR:<(int,int):<=(int,int):org.apache.commons.lang3.StringUtils@stripAll(java.lang.String[],java.lang.String):600:22701:i < strsLen |==> i <= strsLen
138:ROR:<(int,int):FALSE(int,int):org.apache.commons.lang3.StringUtils@stripAll(java.lang.String[],java.lang.String):600:22703:i < strsLen |==> false
139:STD:<ASSIGN>:<NO-OP>:org.apache.commons.lang3.StringUtils@stripAll(java.lang.String[],java.lang.String):601:22733:newArr[i] = strip(strs[i], stripChars); |==> <NO-OP>
140:ROR:==(java.lang.Object,java.lang.Object):FALSE(java.lang.Object,java.lang.Object):org.apache.commons.lang3.StringUtils@stripAccents(java.lang.String):628:24003:input == null |==> false
141:COR:<IDENTIFIER(boolean)>:FALSE:org.apache.commons.lang3.StringUtils@stripAccents(java.lang.String):633:24113:java6Available |==> false
142:COR:<IDENTIFIER(boolean)>:TRUE:org.apache.commons.lang3.StringUtils@stripAccents(java.lang.String):633:24113:java6Available |==> true
143:STD:<ASSIGN>:<NO-OP>:org.apache.commons.lang3.StringUtils@stripAccents(java.lang.String):634:24147:result = removeAccentsJava6(input); |==> <NO-OP>
144:COR:<IDENTIFIER(boolean)>:FALSE:org.apache.commons.lang3.StringUtils@stripAccents(java.lang.String):635:24206:sunAvailable |==> false
145:COR:<IDENTIFIER(boolean)>:TRUE:org.apache.commons.lang3.StringUtils@stripAccents(java.lang.String):635:24206:sunAvailable |==> true
146:STD:<ASSIGN>:<NO-OP>:org.apache.commons.lang3.StringUtils@stripAccents(java.lang.String):636:24238:result = removeAccentsSUN(input); |==> <NO-OP>
147:ROR:==(java.lang.Object,java.lang.Object):FALSE(java.lang.Object,java.lang.Object):org.apache.commons.lang3.StringUtils@removeAccentsJava6(java.lang.CharSequence):670:25990:java6NormalizerFormNFD == null |==> false
148:COR:||(boolean,boolean):!=(boolean,boolean):org.apache.commons.lang3.StringUtils@removeAccentsJava6(java.lang.CharSequence):670:25948:!java6Available || java6NormalizerFormNFD == null |==> !java6Available != (java6NormalizerFormNFD == null)
149:COR:||(boolean,boolean):LHS(boolean,boolean):org.apache.commons.lang3.StringUtils@removeAccentsJava6(java.lang.CharSequence):670:25948:!java6Available || java6NormalizerFormNFD == null |==> !java6Available
150:COR:||(boolean,boolean):RHS(boolean,boolean):org.apache.commons.lang3.StringUtils@removeAccentsJava6(java.lang.CharSequence):670:25967:!java6Available || java6NormalizerFormNFD == null |==> java6NormalizerFormNFD == null
151:COR:||(boolean,boolean):TRUE(boolean,boolean):org.apache.commons.lang3.StringUtils@removeAccentsJava6(java.lang.CharSequence):670:25964:!java6Available || java6NormalizerFormNFD == null |==> true
152:STD:<ASSIGN>:<NO-OP>:org.apache.commons.lang3.StringUtils@removeAccentsJava6(java.lang.CharSequence):675:26234:result = java6Pattern.matcher(result).replaceAll(""); |==> <NO-OP>
153:COR:<IDENTIFIER(boolean)>:FALSE:org.apache.commons.lang3.StringUtils@removeAccentsSUN(java.lang.CharSequence):694:27061:sunAvailable |==> false
154:COR:<IDENTIFIER(boolean)>:TRUE:org.apache.commons.lang3.StringUtils@removeAccentsSUN(java.lang.CharSequence):694:27061:sunAvailable |==> true
155:LVR:0:POS:org.apache.commons.lang3.StringUtils@removeAccentsSUN(java.lang.CharSequence):698:27304:0 |==> 1
156:LVR:0:NEG:org.apache.commons.lang3.StringUtils@removeAccentsSUN(java.lang.CharSequence):698:27304:0 |==> -1
157:STD:<ASSIGN>:<NO-OP>:org.apache.commons.lang3.StringUtils@removeAccentsSUN(java.lang.CharSequence):699:27318:result = sunPattern.matcher(result).replaceAll(""); |==> <NO-OP>
158:LVR:FALSE:TRUE:org.apache.commons.lang3.StringUtils:704:27495:false |==> true
159:LVR:FALSE:TRUE:org.apache.commons.lang3.StringUtils:708:27728:false |==> true
160:LVR:TRUE:FALSE:org.apache.commons.lang3.StringUtils:724:28687:true |==> false
161:STD:<ASSIGN>:<NO-OP>:org.apache.commons.lang3.StringUtils:724:28670:java6Available = true; |==> <NO-OP>
162:LVR:FALSE:TRUE:org.apache.commons.lang3.StringUtils:726:28767:false |==> true
163:STD:<ASSIGN>:<NO-OP>:org.apache.commons.lang3.StringUtils:726:28750:java6Available = false; |==> <NO-OP>
164:LVR:FALSE:TRUE:org.apache.commons.lang3.StringUtils:728:28846:false |==> true
165:STD:<ASSIGN>:<NO-OP>:org.apache.commons.lang3.StringUtils:728:28829:java6Available = false; |==> <NO-OP>
166:LVR:FALSE:TRUE:org.apache.commons.lang3.StringUtils:730:28927:false |==> true
167:STD:<ASSIGN>:<NO-OP>:org.apache.commons.lang3.StringUtils:730:28910:java6Available = false; |==> <NO-OP>
168:LVR:FALSE:TRUE:org.apache.commons.lang3.StringUtils:732:29007:false |==> true
169:STD:<ASSIGN>:<NO-OP>:org.apache.commons.lang3.StringUtils:732:28990:java6Available = false; |==> <NO-OP>
170:LVR:TRUE:FALSE:org.apache.commons.lang3.StringUtils:741:29440:true |==> false
171:STD:<ASSIGN>:<NO-OP>:org.apache.commons.lang3.StringUtils:741:29425:sunAvailable = true; |==> <NO-OP>
172:LVR:FALSE:TRUE:org.apache.commons.lang3.StringUtils:743:29518:false |==> true
173:STD:<ASSIGN>:<NO-OP>:org.apache.commons.lang3.StringUtils:743:29503:sunAvailable = false; |==> <NO-OP>
174:LVR:FALSE:TRUE:org.apache.commons.lang3.StringUtils:745:29596:false |==> true
175:STD:<ASSIGN>:<NO-OP>:org.apache.commons.lang3.StringUtils:745:29581:sunAvailable = false; |==> <NO-OP>
176:ROR:==(java.lang.Object,java.lang.Object):FALSE(java.lang.Object,java.lang.Object):org.apache.commons.lang3.StringUtils@equals(java.lang.CharSequence,java.lang.CharSequence):773:30707:cs1 == null |==> false
177:ROR:==(java.lang.Object,java.lang.Object):FALSE(java.lang.Object,java.lang.Object):org.apache.commons.lang3.StringUtils@equals(java.lang.CharSequence,java.lang.CharSequence):773:30721:cs2 == null |==> false
178:ROR:==(java.lang.Object,java.lang.Object):FALSE(java.lang.Object,java.lang.Object):org.apache.commons.lang3.StringUtils@equalsIgnoreCase(java.lang.CharSequence,java.lang.CharSequence):798:31805:str1 == null |==> false
179:ROR:==(java.lang.Object,java.lang.Object):FALSE(java.lang.Object,java.lang.Object):org.apache.commons.lang3.StringUtils@equalsIgnoreCase(java.lang.CharSequence,java.lang.CharSequence):798:31821:str2 == null |==> false
180:COR:||(boolean,boolean):!=(boolean,boolean):org.apache.commons.lang3.StringUtils@equalsIgnoreCase(java.lang.CharSequence,java.lang.CharSequence):798:31800:str1 == null || str2 == null |==> str1 == null != (str2 == null)
181:COR:||(boolean,boolean):LHS(boolean,boolean):org.apache.commons.lang3.StringUtils@equalsIgnoreCase(java.lang.CharSequence,java.lang.CharSequence):798:31800:str1 == null || str2 == null |==> str1 == null
182:COR:||(boolean,boolean):RHS(boolean,boolean):org.apache.commons.lang3.StringUtils@equalsIgnoreCase(java.lang.CharSequence,java.lang.CharSequence):798:31816:str1 == null || str2 == null |==> str2 == null
183:COR:||(boolean,boolean):TRUE(boolean,boolean):org.apache.commons.lang3.StringUtils@equalsIgnoreCase(java.lang.CharSequence,java.lang.CharSequence):798:31813:str1 == null || str2 == null |==> true
184:ROR:==(java.lang.Object,java.lang.Object):FALSE(java.lang.Object,java.lang.Object):org.apache.commons.lang3.StringUtils@equalsIgnoreCase(java.lang.CharSequence,java.lang.CharSequence):799:31856:str1 == str2 |==> false
185:LVR:TRUE:FALSE:org.apache.commons.lang3.StringUtils@equalsIgnoreCase(java.lang.CharSequence,java.lang.CharSequence):801:31939:true |==> false
186:LVR:0:POS:org.apache.commons.lang3.StringUtils@equalsIgnoreCase(java.lang.CharSequence,java.lang.CharSequence):801:31945:0 |==> 1
187:LVR:0:NEG:org.apache.commons.lang3.StringUtils@equalsIgnoreCase(java.lang.CharSequence,java.lang.CharSequence):801:31945:0 |==> -1
188:LVR:0:POS:org.apache.commons.lang3.StringUtils@equalsIgnoreCase(java.lang.CharSequence,java.lang.CharSequence):801:31954:0 |==> 1
189:LVR:0:NEG:org.apache.commons.lang3.StringUtils@equalsIgnoreCase(java.lang.CharSequence,java.lang.CharSequence):801:31954:0 |==> -1
190:COR:<METHOD_INVOCATION(boolean)>:FALSE:org.apache.commons.lang3.StringUtils@indexOf(java.lang.CharSequence,int):828:33025:isEmpty(seq) |==> false
191:COR:<METHOD_INVOCATION(boolean)>:TRUE:org.apache.commons.lang3.StringUtils@indexOf(java.lang.CharSequence,int):828:33025:isEmpty(seq) |==> true
192:LVR:0:POS:org.apache.commons.lang3.StringUtils@indexOf(java.lang.CharSequence,int):831:33138:0 |==> 1
193:LVR:0:NEG:org.apache.commons.lang3.StringUtils@indexOf(java.lang.CharSequence,int):831:33138:0 |==> -1
194:COR:<METHOD_INVOCATION(boolean)>:FALSE:org.apache.commons.lang3.StringUtils@indexOf(java.lang.CharSequence,int,int):861:34437:isEmpty(seq) |==> false
195:COR:<METHOD_INVOCATION(boolean)>:TRUE:org.apache.commons.lang3.StringUtils@indexOf(java.lang.CharSequence,int,int):861:34437:isEmpty(seq) |==> true
196:ROR:==(java.lang.Object,java.lang.Object):FALSE(java.lang.Object,java.lang.Object):org.apache.commons.lang3.StringUtils@indexOf(java.lang.CharSequence,java.lang.CharSequence):892:35713:seq == null |==> false
197:ROR:==(java.lang.Object,java.lang.Object):FALSE(java.lang.Object,java.lang.Object):org.apache.commons.lang3.StringUtils@indexOf(java.lang.CharSequence,java.lang.CharSequence):892:35734:searchSeq == null |==> false
198:COR:||(boolean,boolean):!=(boolean,boolean):org.apache.commons.lang3.StringUtils@indexOf(java.lang.CharSequence,java.lang.CharSequence):892:35709:seq == null || searchSeq == null |==> seq == null != (searchSeq == null)
199:COR:||(boolean,boolean):LHS(boolean,boolean):org.apache.commons.lang3.StringUtils@indexOf(java.lang.CharSequence,java.lang.CharSequence):892:35709:seq == null || searchSeq == null |==> seq == null
200:COR:||(boolean,boolean):RHS(boolean,boolean):org.apache.commons.lang3.StringUtils@indexOf(java.lang.CharSequence,java.lang.CharSequence):892:35724:seq == null || searchSeq == null |==> searchSeq == null
201:COR:||(boolean,boolean):TRUE(boolean,boolean):org.apache.commons.lang3.StringUtils@indexOf(java.lang.CharSequence,java.lang.CharSequence):892:35721:seq == null || searchSeq == null |==> true
202:LVR:0:POS:org.apache.commons.lang3.StringUtils@indexOf(java.lang.CharSequence,java.lang.CharSequence):895:35848:0 |==> 1
203:LVR:0:NEG:org.apache.commons.lang3.StringUtils@indexOf(java.lang.CharSequence,java.lang.CharSequence):895:35848:0 |==> -1
204:ROR:==(java.lang.Object,java.lang.Object):FALSE(java.lang.Object,java.lang.Object):org.apache.commons.lang3.StringUtils@indexOf(java.lang.CharSequence,java.lang.CharSequence,int):932:37545:seq == null |==> false
205:ROR:==(java.lang.Object,java.lang.Object):FALSE(java.lang.Object,java.lang.Object):org.apache.commons.lang3.StringUtils@indexOf(java.lang.CharSequence,java.lang.CharSequence,int):932:37566:searchSeq == null |==> false
206:COR:||(boolean,boolean):!=(boolean,boolean):org.apache.commons.lang3.StringUtils@indexOf(java.lang.CharSequence,java.lang.CharSequence,int):932:37541:seq == null || searchSeq == null |==> seq == null != (searchSeq == null)
207:COR:||(boolean,boolean):LHS(boolean,boolean):org.apache.commons.lang3.StringUtils@indexOf(java.lang.CharSequence,java.lang.CharSequence,int):932:37541:seq == null || searchSeq == null |==> seq == null
208:COR:||(boolean,boolean):RHS(boolean,boolean):org.apache.commons.lang3.StringUtils@indexOf(java.lang.CharSequence,java.lang.CharSequence,int):932:37556:seq == null || searchSeq == null |==> searchSeq == null
209:COR:||(boolean,boolean):TRUE(boolean,boolean):org.apache.commons.lang3.StringUtils@indexOf(java.lang.CharSequence,java.lang.CharSequence,int):932:37553:seq == null || searchSeq == null |==> true
210:LVR:FALSE:TRUE:org.apache.commons.lang3.StringUtils@ordinalIndexOf(java.lang.CharSequence,java.lang.CharSequence,int):973:39427:false |==> true
211:ROR:==(java.lang.Object,java.lang.Object):FALSE(java.lang.Object,java.lang.Object):org.apache.commons.lang3.StringUtils@ordinalIndexOf(java.lang.CharSequence,java.lang.CharSequence,int,boolean):991:40326:str == null |==> false
212:ROR:==(java.lang.Object,java.lang.Object):FALSE(java.lang.Object,java.lang.Object):org.apache.commons.lang3.StringUtils@ordinalIndexOf(java.lang.CharSequence,java.lang.CharSequence,int,boolean):991:40347:searchStr == null |==> false
213:COR:||(boolean,boolean):!=(boolean,boolean):org.apache.commons.lang3.StringUtils@ordinalIndexOf(java.lang.CharSequence,java.lang.CharSequence,int,boolean):991:40322:str == null || searchStr == null |==> str == null != (searchStr == null)
214:COR:||(boolean,boolean):LHS(boolean,boolean):org.apache.commons.lang3.StringUtils@ordinalIndexOf(java.lang.CharSequence,java.lang.CharSequence,int,boolean):991:40322:str == null || searchStr == null |==> str == null
215:COR:||(boolean,boolean):RHS(boolean,boolean):org.apache.commons.lang3.StringUtils@ordinalIndexOf(java.lang.CharSequence,java.lang.CharSequence,int,boolean):991:40337:str == null || searchStr == null |==> searchStr == null
216:COR:||(boolean,boolean):TRUE(boolean,boolean):org.apache.commons.lang3.StringUtils@ordinalIndexOf(java.lang.CharSequence,java.lang.CharSequence,int,boolean):991:40334:str == null || searchStr == null |==> true
217:LVR:0:POS:org.apache.commons.lang3.StringUtils@ordinalIndexOf(java.lang.CharSequence,java.lang.CharSequence,int,boolean):991:40369:0 |==> 1
218:LVR:0:NEG:org.apache.commons.lang3.StringUtils@ordinalIndexOf(java.lang.CharSequence,java.lang.CharSequence,int,boolean):991:40369:0 |==> -1
219:ROR:<=(int,int):<(int,int):org.apache.commons.lang3.StringUtils@ordinalIndexOf(java.lang.CharSequence,java.lang.CharSequence,int,boolean):991:40358:ordinal <= 0 |==> ordinal < 0
220:ROR:<=(int,int):==(int,int):org.apache.commons.lang3.StringUtils@ordinalIndexOf(java.lang.CharSequence,java.lang.CharSequence,int,boolean):991:40358:ordinal <= 0 |==> ordinal == 0
221:ROR:<=(int,int):TRUE(int,int):org.apache.commons.lang3.StringUtils@ordinalIndexOf(java.lang.CharSequence,java.lang.CharSequence,int,boolean):991:40366:ordinal <= 0 |==> true
222:COR:||(boolean,boolean):!=(boolean,boolean):org.apache.commons.lang3.StringUtils@ordinalIndexOf(java.lang.CharSequence,java.lang.CharSequence,int,boolean):991:40322:str == null || searchStr == null || ordinal <= 0 |==> (str == null || searchStr == null) != ordinal <= 0
223:COR:||(boolean,boolean):LHS(boolean,boolean):org.apache.commons.lang3.StringUtils@ordinalIndexOf(java.lang.CharSequence,java.lang.CharSequence,int,boolean):991:40322:str == null || searchStr == null || ordinal <= 0 |==> str == null || searchStr == null
224:COR:||(boolean,boolean):RHS(boolean,boolean):org.apache.commons.lang3.StringUtils@ordinalIndexOf(java.lang.CharSequence,java.lang.CharSequence,int,boolean):991:40358:str == null || searchStr == null || ordinal <= 0 |==> ordinal <= 0
225:COR:||(boolean,boolean):TRUE(boolean,boolean):org.apache.commons.lang3.StringUtils@ordinalIndexOf(java.lang.CharSequence,java.lang.CharSequence,int,boolean):991:40355:str == null || searchStr == null || ordinal <= 0 |==> true
226:LVR:0:POS:org.apache.commons.lang3.StringUtils@ordinalIndexOf(java.lang.CharSequence,java.lang.CharSequence,int,boolean):994:40454:0 |==> 1
227:LVR:0:NEG:org.apache.commons.lang3.StringUtils@ordinalIndexOf(java.lang.CharSequence,java.lang.CharSequence,int,boolean):994:40454:0 |==> -1
228:ROR:==(int,int):>=(int,int):org.apache.commons.lang3.StringUtils@ordinalIndexOf(java.lang.CharSequence,java.lang.CharSequence,int,boolean):994:40432:searchStr.length() == 0 |==> searchStr.length() >= 0
229:ROR:==(int,int):FALSE(int,int):org.apache.commons.lang3.StringUtils@ordinalIndexOf(java.lang.CharSequence,java.lang.CharSequence,int,boolean):994:40451:searchStr.length() == 0 |==> false
230:COR:<IDENTIFIER(boolean)>:FALSE:org.apache.commons.lang3.StringUtils@ordinalIndexOf(java.lang.CharSequence,java.lang.CharSequence,int,boolean):995:40478:lastIndex |==> false
231:COR:<IDENTIFIER(boolean)>:TRUE:org.apache.commons.lang3.StringUtils@ordinalIndexOf(java.lang.CharSequence,java.lang.CharSequence,int,boolean):995:40478:lastIndex |==> true
232:LVR:0:POS:org.apache.commons.lang3.StringUtils@ordinalIndexOf(java.lang.CharSequence,java.lang.CharSequence,int,boolean):995:40505:0 |==> 1
233:LVR:0:NEG:org.apache.commons.lang3.StringUtils@ordinalIndexOf(java.lang.CharSequence,java.lang.CharSequence,int,boolean):995:40505:0 |==> -1
234:LVR:0:POS:org.apache.commons.lang3.StringUtils@ordinalIndexOf(java.lang.CharSequence,java.lang.CharSequence,int,boolean):997:40538:0 |==> 1
235:LVR:0:NEG:org.apache.commons.lang3.StringUtils@ordinalIndexOf(java.lang.CharSequence,java.lang.CharSequence,int,boolean):997:40538:0 |==> -1
236:COR:<IDENTIFIER(boolean)>:FALSE:org.apache.commons.lang3.StringUtils@ordinalIndexOf(java.lang.CharSequence,java.lang.CharSequence,int,boolean):998:40561:lastIndex |==> false
237:COR:<IDENTIFIER(boolean)>:TRUE:org.apache.commons.lang3.StringUtils@ordinalIndexOf(java.lang.CharSequence,java.lang.CharSequence,int,boolean):998:40561:lastIndex |==> true
238:COR:<IDENTIFIER(boolean)>:FALSE:org.apache.commons.lang3.StringUtils@ordinalIndexOf(java.lang.CharSequence,java.lang.CharSequence,int,boolean):1000:40634:lastIndex |==> false
239:COR:<IDENTIFIER(boolean)>:TRUE:org.apache.commons.lang3.StringUtils@ordinalIndexOf(java.lang.CharSequence,java.lang.CharSequence,int,boolean):1000:40634:lastIndex |==> true
240:LVR:POS:0:org.apache.commons.lang3.StringUtils@ordinalIndexOf(java.lang.CharSequence,java.lang.CharSequence,int,boolean):1001:40725:1 |==> 0
241:LVR:POS:NEG:org.apache.commons.lang3.StringUtils@ordinalIndexOf(java.lang.CharSequence,java.lang.CharSequence,int,boolean):1001:40725:1 |==> -1
242:AOR:-(int,int):%(int,int):org.apache.commons.lang3.StringUtils@ordinalIndexOf(java.lang.CharSequence,java.lang.CharSequence,int,boolean):1001:40717:index - 1 |==> index % 1
243:AOR:-(int,int):*(int,int):org.apache.commons.lang3.StringUtils@ordinalIndexOf(java.lang.CharSequence,java.lang.CharSequence,int,boolean):1001:40717:index - 1 |==> index * 1
244:AOR:-(int,int):+(int,int):org.apache.commons.lang3.StringUtils@ordinalIndexOf(java.lang.CharSequence,java.lang.CharSequence,int,boolean):1001:40717:index - 1 |==> index + 1
245:AOR:-(int,int):/(int,int):org.apache.commons.lang3.StringUtils@ordinalIndexOf(java.lang.CharSequence,java.lang.CharSequence,int,boolean):1001:40717:index - 1 |==> index / 1
246:STD:<ASSIGN>:<NO-OP>:org.apache.commons.lang3.StringUtils@ordinalIndexOf(java.lang.CharSequence,java.lang.CharSequence,int,boolean):1001:40663:index = CharSequenceUtils.lastIndexOf(str, searchStr, index - 1); |==> <NO-OP>
247:LVR:POS:0:org.apache.commons.lang3.StringUtils@ordinalIndexOf(java.lang.CharSequence,java.lang.CharSequence,int,boolean):1003:40824:1 |==> 0
248:LVR:POS:NEG:org.apache.commons.lang3.StringUtils@ordinalIndexOf(java.lang.CharSequence,java.lang.CharSequence,int,boolean):1003:40824:1 |==> -1
249:AOR:+(int,int):%(int,int):org.apache.commons.lang3.StringUtils@ordinalIndexOf(java.lang.CharSequence,java.lang.CharSequence,int,boolean):1003:40816:index + 1 |==> index % 1
250:AOR:+(int,int):*(int,int):org.apache.commons.lang3.StringUtils@ordinalIndexOf(java.lang.CharSequence,java.lang.CharSequence,int,boolean):1003:40816:index + 1 |==> index * 1
251:AOR:+(int,int):-(int,int):org.apache.commons.lang3.StringUtils@ordinalIndexOf(java.lang.CharSequence,java.lang.CharSequence,int,boolean):1003:40816:index + 1 |==> index - 1
252:AOR:+(int,int):/(int,int):org.apache.commons.lang3.StringUtils@ordinalIndexOf(java.lang.CharSequence,java.lang.CharSequence,int,boolean):1003:40816:index + 1 |==> index / 1
253:STD:<ASSIGN>:<NO-OP>:org.apache.commons.lang3.StringUtils@ordinalIndexOf(java.lang.CharSequence,java.lang.CharSequence,int,boolean):1003:40766:index = CharSequenceUtils.indexOf(str, searchStr, index + 1); |==> <NO-OP>
254:LVR:0:POS:org.apache.commons.lang3.StringUtils@ordinalIndexOf(java.lang.CharSequence,java.lang.CharSequence,int,boolean):1005:40866:0 |==> 1
255:LVR:0:NEG:org.apache.commons.lang3.StringUtils@ordinalIndexOf(java.lang.CharSequence,java.lang.CharSequence,int,boolean):1005:40866:0 |==> -1
256:ROR:<(int,int):!=(int,int):org.apache.commons.lang3.StringUtils@ordinalIndexOf(java.lang.CharSequence,java.lang.CharSequence,int,boolean):1005:40858:index < 0 |==> index != 0
257:ROR:<(int,int):<=(int,int):org.apache.commons.lang3.StringUtils@ordinalIndexOf(java.lang.CharSequence,java.lang.CharSequence,int,boolean):1005:40858:index < 0 |==> index <= 0
258:ROR:<(int,int):FALSE(int,int):org.apache.commons.lang3.StringUtils@ordinalIndexOf(java.lang.CharSequence,java.lang.CharSequence,int,boolean):1005:40864:index < 0 |==> false
259:STD:<INC>:<NO-OP>:org.apache.commons.lang3.StringUtils@ordinalIndexOf(java.lang.CharSequence,java.lang.CharSequence,int,boolean):1008:40927:found++; |==> <NO-OP>
260:ROR:<(int,int):!=(int,int):org.apache.commons.lang3.StringUtils@ordinalIndexOf(java.lang.CharSequence,java.lang.CharSequence,int,boolean):1009:40953:found < ordinal |==> found != ordinal
261:ROR:<(int,int):<=(int,int):org.apache.commons.lang3.StringUtils@ordinalIndexOf(java.lang.CharSequence,java.lang.CharSequence,int,boolean):1009:40953:found < ordinal |==> found <= ordinal
262:ROR:<(int,int):FALSE(int,int):org.apache.commons.lang3.StringUtils@ordinalIndexOf(java.lang.CharSequence,java.lang.CharSequence,int,boolean):1009:40959:found < ordinal |==> false
263:LVR:0:POS:org.apache.commons.lang3.StringUtils@indexOfIgnoreCase(java.lang.CharSequence,java.lang.CharSequence):1039:42287:0 |==> 1
264:LVR:0:NEG:org.apache.commons.lang3.StringUtils@indexOfIgnoreCase(java.lang.CharSequence,java.lang.CharSequence):1039:42287:0 |==> -1
265:ROR:==(java.lang.Object,java.lang.Object):FALSE(java.lang.Object,java.lang.Object):org.apache.commons.lang3.StringUtils@indexOfIgnoreCase(java.lang.CharSequence,java.lang.CharSequence,int):1075:44009:str == null |==> false
266:ROR:==(java.lang.Object,java.lang.Object):FALSE(java.lang.Object,java.lang.Object):org.apache.commons.lang3.StringUtils@indexOfIgnoreCase(java.lang.CharSequence,java.lang.CharSequence,int):1075:44030:searchStr == null |==> false
267:COR:||(boolean,boolean):!=(boolean,boolean):org.apache.commons.lang3.StringUtils@indexOfIgnoreCase(java.lang.CharSequence,java.lang.CharSequence,int):1075:44005:str == null || searchStr == null |==> str == null != (searchStr == null)
268:COR:||(boolean,boolean):LHS(boolean,boolean):org.apache.commons.lang3.StringUtils@indexOfIgnoreCase(java.lang.CharSequence,java.lang.CharSequence,int):1075:44005:str == null || searchStr == null |==> str == null
269:COR:||(boolean,boolean):RHS(boolean,boolean):org.apache.commons.lang3.StringUtils@indexOfIgnoreCase(java.lang.CharSequence,java.lang.CharSequence,int):1075:44020:str == null || searchStr == null |==> searchStr == null
270:COR:||(boolean,boolean):TRUE(boolean,boolean):org.apache.commons.lang3.StringUtils@indexOfIgnoreCase(java.lang.CharSequence,java.lang.CharSequence,int):1075:44017:str == null || searchStr == null |==> true
271:LVR:0:POS:org.apache.commons.lang3.StringUtils@indexOfIgnoreCase(java.lang.CharSequence,java.lang.CharSequence,int):1078:44110:0 |==> 1
272:LVR:0:NEG:org.apache.commons.lang3.StringUtils@indexOfIgnoreCase(java.lang.CharSequence,java.lang.CharSequence,int):1078:44110:0 |==> -1
273:ROR:<(int,int):!=(int,int):org.apache.commons.lang3.StringUtils@indexOfIgnoreCase(java.lang.CharSequence,java.lang.CharSequence,int):1078:44099:startPos < 0 |==> startPos != 0
274:ROR:<(int,int):<=(int,int):org.apache.commons.lang3.StringUtils@indexOfIgnoreCase(java.lang.CharSequence,java.lang.CharSequence,int):1078:44099:startPos < 0 |==> startPos <= 0
275:ROR:<(int,int):FALSE(int,int):org.apache.commons.lang3.StringUtils@indexOfIgnoreCase(java.lang.CharSequence,java.lang.CharSequence,int):1078:44108:startPos < 0 |==> false
276:LVR:0:POS:org.apache.commons.lang3.StringUtils@indexOfIgnoreCase(java.lang.CharSequence,java.lang.CharSequence,int):1079:44138:0 |==> 1
277:LVR:0:NEG:org.apache.commons.lang3.StringUtils@indexOfIgnoreCase(java.lang.CharSequence,java.lang.CharSequence,int):1079:44138:0 |==> -1
278:STD:<ASSIGN>:<NO-OP>:org.apache.commons.lang3.StringUtils@indexOfIgnoreCase(java.lang.CharSequence,java.lang.CharSequence,int):1079:44127:startPos = 0; |==> <NO-OP>
279:AOR:-(int,int):%(int,int):org.apache.commons.lang3.StringUtils@indexOfIgnoreCase(java.lang.CharSequence,java.lang.CharSequence,int):1081:44175:str.length() - searchStr.length() |==> str.length() % searchStr.length()
280:AOR:-(int,int):*(int,int):org.apache.commons.lang3.StringUtils@indexOfIgnoreCase(java.lang.CharSequence,java.lang.CharSequence,int):1081:44175:str.length() - searchStr.length() |==> str.length() * searchStr.length()
281:AOR:-(int,int):+(int,int):org.apache.commons.lang3.StringUtils@indexOfIgnoreCase(java.lang.CharSequence,java.lang.CharSequence,int):1081:44175:str.length() - searchStr.length() |==> str.length() + searchStr.length()
282:AOR:-(int,int):/(int,int):org.apache.commons.lang3.StringUtils@indexOfIgnoreCase(java.lang.CharSequence,java.lang.CharSequence,int):1081:44175:str.length() - searchStr.length() |==> str.length() / searchStr.length()
283:LVR:POS:0:org.apache.commons.lang3.StringUtils@indexOfIgnoreCase(java.lang.CharSequence,java.lang.CharSequence,int):1081:44212:1 |==> 0
284:LVR:POS:NEG:org.apache.commons.lang3.StringUtils@indexOfIgnoreCase(java.lang.CharSequence,java.lang.CharSequence,int):1081:44212:1 |==> -1
285:AOR:+(int,int):%(int,int):org.apache.commons.lang3.StringUtils@indexOfIgnoreCase(java.lang.CharSequence,java.lang.CharSequence,int):1081:44174:(str.length() - searchStr.length()) + 1 |==> (str.length() - searchStr.length()) % 1
286:AOR:+(int,int):*(int,int):org.apache.commons.lang3.StringUtils@indexOfIgnoreCase(java.lang.CharSequence,java.lang.CharSequence,int):1081:44174:(str.length() - searchStr.length()) + 1 |==> (str.length() - searchStr.length()) * 1
287:AOR:+(int,int):-(int,int):org.apache.commons.lang3.StringUtils@indexOfIgnoreCase(java.lang.CharSequence,java.lang.CharSequence,int):1081:44174:(str.length() - searchStr.length()) + 1 |==> (str.length() - searchStr.length()) - 1
288:AOR:+(int,int):/(int,int):org.apache.commons.lang3.StringUtils@indexOfIgnoreCase(java.lang.CharSequence,java.lang.CharSequence,int):1081:44174:(str.length() - searchStr.length()) + 1 |==> (str.length() - searchStr.length()) / 1
289:ROR:>(int,int):!=(int,int):org.apache.commons.lang3.StringUtils@indexOfIgnoreCase(java.lang.CharSequence,java.lang.CharSequence,int):1082:44227:startPos > endLimit |==> startPos != endLimit
290:ROR:>(int,int):>=(int,int):org.apache.commons.lang3.StringUtils@indexOfIgnoreCase(java.lang.CharSequence,java.lang.CharSequence,int):1082:44227:startPos > endLimit |==> startPos >= endLimit
291:ROR:>(int,int):FALSE(int,int):org.apache.commons.lang3.StringUtils@indexOfIgnoreCase(java.lang.CharSequence,java.lang.CharSequence,int):1082:44236:startPos > endLimit |==> false
292:LVR:0:POS:org.apache.commons.lang3.StringUtils@indexOfIgnoreCase(java.lang.CharSequence,java.lang.CharSequence,int):1085:44330:0 |==> 1
293:LVR:0:NEG:org.apache.commons.lang3.StringUtils@indexOfIgnoreCase(java.lang.CharSequence,java.lang.CharSequence,int):1085:44330:0 |==> -1
294:ROR:==(int,int):>=(int,int):org.apache.commons.lang3.StringUtils@indexOfIgnoreCase(java.lang.CharSequence,java.lang.CharSequence,int):1085:44308:searchStr.length() == 0 |==> searchStr.length() >= 0
295:ROR:==(int,int):FALSE(int,int):org.apache.commons.lang3.StringUtils@indexOfIgnoreCase(java.lang.CharSequence,java.lang.CharSequence,int):1085:44327:searchStr.length() == 0 |==> false
296:ROR:<(int,int):!=(int,int):org.apache.commons.lang3.StringUtils@indexOfIgnoreCase(java.lang.CharSequence,java.lang.CharSequence,int):1088:44405:i < endLimit |==> i != endLimit
297:ROR:<(int,int):<=(int,int):org.apache.commons.lang3.StringUtils@indexOfIgnoreCase(java.lang.CharSequence,java.lang.CharSequence,int):1088:44405:i < endLimit |==> i <= endLimit
298:ROR:<(int,int):FALSE(int,int):org.apache.commons.lang3.StringUtils@indexOfIgnoreCase(java.lang.CharSequence,java.lang.CharSequence,int):1088:44407:i < endLimit |==> false
299:LVR:TRUE:FALSE:org.apache.commons.lang3.StringUtils@indexOfIgnoreCase(java.lang.CharSequence,java.lang.CharSequence,int):1089:44479:true |==> false
300:LVR:0:POS:org.apache.commons.lang3.StringUtils@indexOfIgnoreCase(java.lang.CharSequence,java.lang.CharSequence,int):1089:44499:0 |==> 1
301:LVR:0:NEG:org.apache.commons.lang3.StringUtils@indexOfIgnoreCase(java.lang.CharSequence,java.lang.CharSequence,int):1089:44499:0 |==> -1
302:COR:<METHOD_INVOCATION(boolean)>:FALSE:org.apache.commons.lang3.StringUtils@indexOfIgnoreCase(java.lang.CharSequence,java.lang.CharSequence,int):1089:44473:CharSequenceUtils.regionMatches(str, true, i, searchStr, 0, searchStr.length()) |==> false
303:COR:<METHOD_INVOCATION(boolean)>:TRUE:org.apache.commons.lang3.StringUtils@indexOfIgnoreCase(java.lang.CharSequence,java.lang.CharSequence,int):1089:44473:CharSequenceUtils.regionMatches(str, true, i, searchStr, 0, searchStr.length()) |==> true
304:COR:<METHOD_INVOCATION(boolean)>:FALSE:org.apache.commons.lang3.StringUtils@lastIndexOf(java.lang.CharSequence,int):1119:45635:isEmpty(seq) |==> false
305:COR:<METHOD_INVOCATION(boolean)>:TRUE:org.apache.commons.lang3.StringUtils@lastIndexOf(java.lang.CharSequence,int):1119:45635:isEmpty(seq) |==> true
306:COR:<METHOD_INVOCATION(boolean)>:FALSE:org.apache.commons.lang3.StringUtils@lastIndexOf(java.lang.CharSequence,int,int):1154:47176:isEmpty(seq) |==> false
307:COR:<METHOD_INVOCATION(boolean)>:TRUE:org.apache.commons.lang3.StringUtils@lastIndexOf(java.lang.CharSequence,int,int):1154:47176:isEmpty(seq) |==> true
308:ROR:==(java.lang.Object,java.lang.Object):FALSE(java.lang.Object,java.lang.Object):org.apache.commons.lang3.StringUtils@lastIndexOf(java.lang.CharSequence,java.lang.CharSequence):1184:48416:seq == null |==> false
309:ROR:==(java.lang.Object,java.lang.Object):FALSE(java.lang.Object,java.lang.Object):org.apache.commons.lang3.StringUtils@lastIndexOf(java.lang.CharSequence,java.lang.CharSequence):1184:48437:searchSeq == null |==> false
310:COR:||(boolean,boolean):!=(boolean,boolean):org.apache.commons.lang3.StringUtils@lastIndexOf(java.lang.CharSequence,java.lang.CharSequence):1184:48412:seq == null || searchSeq == null |==> seq == null != (searchSeq == null)
311:COR:||(boolean,boolean):LHS(boolean,boolean):org.apache.commons.lang3.StringUtils@lastIndexOf(java.lang.CharSequence,java.lang.CharSequence):1184:48412:seq == null || searchSeq == null |==> seq == null
312:COR:||(boolean,boolean):RHS(boolean,boolean):org.apache.commons.lang3.StringUtils@lastIndexOf(java.lang.CharSequence,java.lang.CharSequence):1184:48427:seq == null || searchSeq == null |==> searchSeq == null
313:COR:||(boolean,boolean):TRUE(boolean,boolean):org.apache.commons.lang3.StringUtils@lastIndexOf(java.lang.CharSequence,java.lang.CharSequence):1184:48424:seq == null || searchSeq == null |==> true
314:LVR:TRUE:FALSE:org.apache.commons.lang3.StringUtils@lastOrdinalIndexOf(java.lang.CharSequence,java.lang.CharSequence,int):1225:50358:true |==> false
315:ROR:==(java.lang.Object,java.lang.Object):FALSE(java.lang.Object,java.lang.Object):org.apache.commons.lang3.StringUtils@lastIndexOf(java.lang.CharSequence,java.lang.CharSequence,int):1258:51948:seq == null |==> false
316:ROR:==(java.lang.Object,java.lang.Object):FALSE(java.lang.Object,java.lang.Object):org.apache.commons.lang3.StringUtils@lastIndexOf(java.lang.CharSequence,java.lang.CharSequence,int):1258:51969:searchSeq == null |==> false
317:COR:||(boolean,boolean):!=(boolean,boolean):org.apache.commons.lang3.StringUtils@lastIndexOf(java.lang.CharSequence,java.lang.CharSequence,int):1258:51944:seq == null || searchSeq == null |==> seq == null != (searchSeq == null)
318:COR:||(boolean,boolean):LHS(boolean,boolean):org.apache.commons.lang3.StringUtils@lastIndexOf(java.lang.CharSequence,java.lang.CharSequence,int):1258:51944:seq == null || searchSeq == null |==> seq == null
319:COR:||(boolean,boolean):RHS(boolean,boolean):org.apache.commons.lang3.StringUtils@lastIndexOf(java.lang.CharSequence,java.lang.CharSequence,int):1258:51959:seq == null || searchSeq == null |==> searchSeq == null
320:COR:||(boolean,boolean):TRUE(boolean,boolean):org.apache.commons.lang3.StringUtils@lastIndexOf(java.lang.CharSequence,java.lang.CharSequence,int):1258:51956:seq == null || searchSeq == null |==> true
321:ROR:==(java.lang.Object,java.lang.Object):FALSE(java.lang.Object,java.lang.Object):org.apache.commons.lang3.StringUtils@lastIndexOfIgnoreCase(java.lang.CharSequence,java.lang.CharSequence):1288:53346:str == null |==> false
322:ROR:==(java.lang.Object,java.lang.Object):FALSE(java.lang.Object,java.lang.Object):org.apache.commons.lang3.StringUtils@lastIndexOfIgnoreCase(java.lang.CharSequence,java.lang.CharSequence):1288:53367:searchStr == null |==> false
323:COR:||(boolean,boolean):!=(boolean,boolean):org.apache.commons.lang3.StringUtils@lastIndexOfIgnoreCase(java.lang.CharSequence,java.lang.CharSequence):1288:53342:str == null || searchStr == null |==> str == null != (searchStr == null)
324:COR:||(boolean,boolean):LHS(boolean,boolean):org.apache.commons.lang3.StringUtils@lastIndexOfIgnoreCase(java.lang.CharSequence,java.lang.CharSequence):1288:53342:str == null || searchStr == null |==> str == null
325:COR:||(boolean,boolean):RHS(boolean,boolean):org.apache.commons.lang3.StringUtils@lastIndexOfIgnoreCase(java.lang.CharSequence,java.lang.CharSequence):1288:53357:str == null || searchStr == null |==> searchStr == null
326:COR:||(boolean,boolean):TRUE(boolean,boolean):org.apache.commons.lang3.StringUtils@lastIndexOfIgnoreCase(java.lang.CharSequence,java.lang.CharSequence):1288:53354:str == null || searchStr == null |==> true
327:ROR:==(java.lang.Object,java.lang.Object):FALSE(java.lang.Object,java.lang.Object):org.apache.commons.lang3.StringUtils@lastIndexOfIgnoreCase(java.lang.CharSequence,java.lang.CharSequence,int):1324:55116:str == null |==> false
328:ROR:==(java.lang.Object,java.lang.Object):FALSE(java.lang.Object,java.lang.Object):org.apache.commons.lang3.StringUtils@lastIndexOfIgnoreCase(java.lang.CharSequence,java.lang.CharSequence,int):1324:55137:searchStr == null |==> false
329:COR:||(boolean,boolean):!=(boolean,boolean):org.apache.commons.lang3.StringUtils@lastIndexOfIgnoreCase(java.lang.CharSequence,java.lang.CharSequence,int):1324:55112:str == null || searchStr == null |==> str == null != (searchStr == null)
330:COR:||(boolean,boolean):LHS(boolean,boolean):org.apache.commons.lang3.StringUtils@lastIndexOfIgnoreCase(java.lang.CharSequence,java.lang.CharSequence,int):1324:55112:str == null || searchStr == null |==> str == null
331:COR:||(boolean,boolean):RHS(boolean,boolean):org.apache.commons.lang3.StringUtils@lastIndexOfIgnoreCase(java.lang.CharSequence,java.lang.CharSequence,int):1324:55127:str == null || searchStr == null |==> searchStr == null
332:COR:||(boolean,boolean):TRUE(boolean,boolean):org.apache.commons.lang3.StringUtils@lastIndexOfIgnoreCase(java.lang.CharSequence,java.lang.CharSequence,int):1324:55124:str == null || searchStr == null |==> true
333:AOR:-(int,int):%(int,int):org.apache.commons.lang3.StringUtils@lastIndexOfIgnoreCase(java.lang.CharSequence,java.lang.CharSequence,int):1327:55218:str.length() - searchStr.length() |==> str.length() % searchStr.length()
334:AOR:-(int,int):*(int,int):org.apache.commons.lang3.StringUtils@lastIndexOfIgnoreCase(java.lang.CharSequence,java.lang.CharSequence,int):1327:55218:str.length() - searchStr.length() |==> str.length() * searchStr.length()
335:AOR:-(int,int):+(int,int):org.apache.commons.lang3.StringUtils@lastIndexOfIgnoreCase(java.lang.CharSequence,java.lang.CharSequence,int):1327:55218:str.length() - searchStr.length() |==> str.length() + searchStr.length()
336:AOR:-(int,int):/(int,int):org.apache.commons.lang3.StringUtils@lastIndexOfIgnoreCase(java.lang.CharSequence,java.lang.CharSequence,int):1327:55218:str.length() - searchStr.length() |==> str.length() / searchStr.length()
337:ROR:>(int,int):!=(int,int):org.apache.commons.lang3.StringUtils@lastIndexOfIgnoreCase(java.lang.CharSequence,java.lang.CharSequence,int):1327:55206:startPos > (str.length() - searchStr.length()) |==> startPos != (str.length() - searchStr.length())
338:ROR:>(int,int):>=(int,int):org.apache.commons.lang3.StringUtils@lastIndexOfIgnoreCase(java.lang.CharSequence,java.lang.CharSequence,int):1327:55206:startPos > (str.length() - searchStr.length()) |==> startPos >= (str.length() - searchStr.length())
339:ROR:>(int,int):FALSE(int,int):org.apache.commons.lang3.StringUtils@lastIndexOfIgnoreCase(java.lang.CharSequence,java.lang.CharSequence,int):1327:55215:startPos > (str.length() - searchStr.length()) |==> false
340:AOR:-(int,int):%(int,int):org.apache.commons.lang3.StringUtils@lastIndexOfIgnoreCase(java.lang.CharSequence,java.lang.CharSequence,int):1328:55279:str.length() - searchStr.length() |==> str.length() % searchStr.length()
341:AOR:-(int,int):*(int,int):org.apache.commons.lang3.StringUtils@lastIndexOfIgnoreCase(java.lang.CharSequence,java.lang.CharSequence,int):1328:55279:str.length() - searchStr.length() |==> str.length() * searchStr.length()
342:AOR:-(int,int):+(int,int):org.apache.commons.lang3.StringUtils@lastIndexOfIgnoreCase(java.lang.CharSequence,java.lang.CharSequence,int):1328:55279:str.length() - searchStr.length() |==> str.length() + searchStr.length()
343:AOR:-(int,int):/(int,int):org.apache.commons.lang3.StringUtils@lastIndexOfIgnoreCase(java.lang.CharSequence,java.lang.CharSequence,int):1328:55279:str.length() - searchStr.length() |==> str.length() / searchStr.length()
344:STD:<ASSIGN>:<NO-OP>:org.apache.commons.lang3.StringUtils@lastIndexOfIgnoreCase(java.lang.CharSequence,java.lang.CharSequence,int):1328:55268:startPos = str.length() - searchStr.length(); |==> <NO-OP>
345:LVR:0:POS:org.apache.commons.lang3.StringUtils@lastIndexOfIgnoreCase(java.lang.CharSequence,java.lang.CharSequence,int):1330:55347:0 |==> 1
346:LVR:0:NEG:org.apache.commons.lang3.StringUtils@lastIndexOfIgnoreCase(java.lang.CharSequence,java.lang.CharSequence,int):1330:55347:0 |==> -1
347:ROR:<(int,int):!=(int,int):org.apache.commons.lang3.StringUtils@lastIndexOfIgnoreCase(java.lang.CharSequence,java.lang.CharSequence,int):1330:55336:startPos < 0 |==> startPos != 0
348:ROR:<(int,int):<=(int,int):org.apache.commons.lang3.StringUtils@lastIndexOfIgnoreCase(java.lang.CharSequence,java.lang.CharSequence,int):1330:55336:startPos < 0 |==> startPos <= 0
349:ROR:<(int,int):FALSE(int,int):org.apache.commons.lang3.StringUtils@lastIndexOfIgnoreCase(java.lang.CharSequence,java.lang.CharSequence,int):1330:55345:startPos < 0 |==> false
350:LVR:0:POS:org.apache.commons.lang3.StringUtils@lastIndexOfIgnoreCase(java.lang.CharSequence,java.lang.CharSequence,int):1333:55432:0 |==> 1
351:LVR:0:NEG:org.apache.commons.lang3.StringUtils@lastIndexOfIgnoreCase(java.lang.CharSequence,java.lang.CharSequence,int):1333:55432:0 |==> -1
352:ROR:==(int,int):>=(int,int):org.apache.commons.lang3.StringUtils@lastIndexOfIgnoreCase(java.lang.CharSequence,java.lang.CharSequence,int):1333:55410:searchStr.length() == 0 |==> searchStr.length() >= 0
353:ROR:==(int,int):FALSE(int,int):org.apache.commons.lang3.StringUtils@lastIndexOfIgnoreCase(java.lang.CharSequence,java.lang.CharSequence,int):1333:55429:searchStr.length() == 0 |==> false
354:LVR:0:POS:org.apache.commons.lang3.StringUtils@lastIndexOfIgnoreCase(java.lang.CharSequence,java.lang.CharSequence,int):1337:55513:0 |==> 1
355:LVR:0:NEG:org.apache.commons.lang3.StringUtils@lastIndexOfIgnoreCase(java.lang.CharSequence,java.lang.CharSequence,int):1337:55513:0 |==> -1
356:ROR:>=(int,int):==(int,int):org.apache.commons.lang3.StringUtils@lastIndexOfIgnoreCase(java.lang.CharSequence,java.lang.CharSequence,int):1337:55508:i >= 0 |==> i == 0
357:ROR:>=(int,int):>(int,int):org.apache.commons.lang3.StringUtils@lastIndexOfIgnoreCase(java.lang.CharSequence,java.lang.CharSequence,int):1337:55508:i >= 0 |==> i > 0
358:ROR:>=(int,int):TRUE(int,int):org.apache.commons.lang3.StringUtils@lastIndexOfIgnoreCase(java.lang.CharSequence,java.lang.CharSequence,int):1337:55510:i >= 0 |==> true
359:LVR:TRUE:FALSE:org.apache.commons.lang3.StringUtils@lastIndexOfIgnoreCase(java.lang.CharSequence,java.lang.CharSequence,int):1338:55576:true |==> false
360:LVR:0:POS:org.apache.commons.lang3.StringUtils@lastIndexOfIgnoreCase(java.lang.CharSequence,java.lang.CharSequence,int):1338:55596:0 |==> 1
361:LVR:0:NEG:org.apache.commons.lang3.StringUtils@lastIndexOfIgnoreCase(java.lang.CharSequence,java.lang.CharSequence,int):1338:55596:0 |==> -1
362:COR:<METHOD_INVOCATION(boolean)>:FALSE:org.apache.commons.lang3.StringUtils@lastIndexOfIgnoreCase(java.lang.CharSequence,java.lang.CharSequence,int):1338:55570:CharSequenceUtils.regionMatches(str, true, i, searchStr, 0, searchStr.length()) |==> false
363:COR:<METHOD_INVOCATION(boolean)>:TRUE:org.apache.commons.lang3.StringUtils@lastIndexOfIgnoreCase(java.lang.CharSequence,java.lang.CharSequence,int):1338:55570:CharSequenceUtils.regionMatches(str, true, i, searchStr, 0, searchStr.length()) |==> true
364:COR:<METHOD_INVOCATION(boolean)>:FALSE:org.apache.commons.lang3.StringUtils@contains(java.lang.CharSequence,int):1368:56726:isEmpty(seq) |==> false
365:COR:<METHOD_INVOCATION(boolean)>:TRUE:org.apache.commons.lang3.StringUtils@contains(java.lang.CharSequence,int):1368:56726:isEmpty(seq) |==> true
366:LVR:FALSE:TRUE:org.apache.commons.lang3.StringUtils@contains(java.lang.CharSequence,int):1369:56754:false |==> true
367:LVR:0:POS:org.apache.commons.lang3.StringUtils@contains(java.lang.CharSequence,int):1371:56829:0 |==> 1
368:LVR:0:NEG:org.apache.commons.lang3.StringUtils@contains(java.lang.CharSequence,int):1371:56829:0 |==> -1
369:LVR:0:POS:org.apache.commons.lang3.StringUtils@contains(java.lang.CharSequence,int):1371:56835:0 |==> 1
370:LVR:0:NEG:org.apache.commons.lang3.StringUtils@contains(java.lang.CharSequence,int):1371:56835:0 |==> -1
371:ROR:>=(int,int):==(int,int):org.apache.commons.lang3.StringUtils@contains(java.lang.CharSequence,int):1371:56786:CharSequenceUtils.indexOf(seq, searchChar, 0) >= 0 |==> CharSequenceUtils.indexOf(seq, searchChar, 0) == 0
372:ROR:>=(int,int):>(int,int):org.apache.commons.lang3.StringUtils@contains(java.lang.CharSequence,int):1371:56786:CharSequenceUtils.indexOf(seq, searchChar, 0) >= 0 |==> CharSequenceUtils.indexOf(seq, searchChar, 0) > 0
373:ROR:>=(int,int):TRUE(int,int):org.apache.commons.lang3.StringUtils@contains(java.lang.CharSequence,int):1371:56832:CharSequenceUtils.indexOf(seq, searchChar, 0) >= 0 |==> true
374:ROR:==(java.lang.Object,java.lang.Object):FALSE(java.lang.Object,java.lang.Object):org.apache.commons.lang3.StringUtils@contains(java.lang.CharSequence,java.lang.CharSequence):1397:57893:seq == null |==> false
375:ROR:==(java.lang.Object,java.lang.Object):FALSE(java.lang.Object,java.lang.Object):org.apache.commons.lang3.StringUtils@contains(java.lang.CharSequence,java.lang.CharSequence):1397:57914:searchSeq == null |==> false
376:COR:||(boolean,boolean):!=(boolean,boolean):org.apache.commons.lang3.StringUtils@contains(java.lang.CharSequence,java.lang.CharSequence):1397:57889:seq == null || searchSeq == null |==> seq == null != (searchSeq == null)
377:COR:||(boolean,boolean):LHS(boolean,boolean):org.apache.commons.lang3.StringUtils@contains(java.lang.CharSequence,java.lang.CharSequence):1397:57889:seq == null || searchSeq == null |==> seq == null
378:COR:||(boolean,boolean):RHS(boolean,boolean):org.apache.commons.lang3.StringUtils@contains(java.lang.CharSequence,java.lang.CharSequence):1397:57904:seq == null || searchSeq == null |==> searchSeq == null
379:COR:||(boolean,boolean):TRUE(boolean,boolean):org.apache.commons.lang3.StringUtils@contains(java.lang.CharSequence,java.lang.CharSequence):1397:57901:seq == null || searchSeq == null |==> true
380:LVR:FALSE:TRUE:org.apache.commons.lang3.StringUtils@contains(java.lang.CharSequence,java.lang.CharSequence):1398:57944:false |==> true
381:LVR:0:POS:org.apache.commons.lang3.StringUtils@contains(java.lang.CharSequence,java.lang.CharSequence):1400:58018:0 |==> 1
382:LVR:0:NEG:org.apache.commons.lang3.StringUtils@contains(java.lang.CharSequence,java.lang.CharSequence):1400:58018:0 |==> -1
383:LVR:0:POS:org.apache.commons.lang3.StringUtils@contains(java.lang.CharSequence,java.lang.CharSequence):1400:58024:0 |==> 1
384:LVR:0:NEG:org.apache.commons.lang3.StringUtils@contains(java.lang.CharSequence,java.lang.CharSequence):1400:58024:0 |==> -1
385:ROR:>=(int,int):==(int,int):org.apache.commons.lang3.StringUtils@contains(java.lang.CharSequence,java.lang.CharSequence):1400:57976:CharSequenceUtils.indexOf(seq, searchSeq, 0) >= 0 |==> CharSequenceUtils.indexOf(seq, searchSeq, 0) == 0
386:ROR:>=(int,int):>(int,int):org.apache.commons.lang3.StringUtils@contains(java.lang.CharSequence,java.lang.CharSequence):1400:57976:CharSequenceUtils.indexOf(seq, searchSeq, 0) >= 0 |==> CharSequenceUtils.indexOf(seq, searchSeq, 0) > 0
387:ROR:>=(int,int):TRUE(int,int):org.apache.commons.lang3.StringUtils@contains(java.lang.CharSequence,java.lang.CharSequence):1400:58021:CharSequenceUtils.indexOf(seq, searchSeq, 0) >= 0 |==> true
388:ROR:==(java.lang.Object,java.lang.Object):FALSE(java.lang.Object,java.lang.Object):org.apache.commons.lang3.StringUtils@containsIgnoreCase(java.lang.CharSequence,java.lang.CharSequence):1428:59234:str == null |==> false
389:ROR:==(java.lang.Object,java.lang.Object):FALSE(java.lang.Object,java.lang.Object):org.apache.commons.lang3.StringUtils@containsIgnoreCase(java.lang.CharSequence,java.lang.CharSequence):1428:59255:searchStr == null |==> false
390:COR:||(boolean,boolean):!=(boolean,boolean):org.apache.commons.lang3.StringUtils@containsIgnoreCase(java.lang.CharSequence,java.lang.CharSequence):1428:59230:str == null || searchStr == null |==> str == null != (searchStr == null)
391:COR:||(boolean,boolean):LHS(boolean,boolean):org.apache.commons.lang3.StringUtils@containsIgnoreCase(java.lang.CharSequence,java.lang.CharSequence):1428:59230:str == null || searchStr == null |==> str == null
392:COR:||(boolean,boolean):RHS(boolean,boolean):org.apache.commons.lang3.StringUtils@containsIgnoreCase(java.lang.CharSequence,java.lang.CharSequence):1428:59245:str == null || searchStr == null |==> searchStr == null
393:COR:||(boolean,boolean):TRUE(boolean,boolean):org.apache.commons.lang3.StringUtils@containsIgnoreCase(java.lang.CharSequence,java.lang.CharSequence):1428:59242:str == null || searchStr == null |==> true
394:LVR:FALSE:TRUE:org.apache.commons.lang3.StringUtils@containsIgnoreCase(java.lang.CharSequence,java.lang.CharSequence):1429:59285:false |==> true
395:AOR:-(int,int):%(int,int):org.apache.commons.lang3.StringUtils@containsIgnoreCase(java.lang.CharSequence,java.lang.CharSequence):1432:59358:str.length() - len |==> str.length() % len
396:AOR:-(int,int):*(int,int):org.apache.commons.lang3.StringUtils@containsIgnoreCase(java.lang.CharSequence,java.lang.CharSequence):1432:59358:str.length() - len |==> str.length() * len
397:AOR:-(int,int):+(int,int):org.apache.commons.lang3.StringUtils@containsIgnoreCase(java.lang.CharSequence,java.lang.CharSequence):1432:59358:str.length() - len |==> str.length() + len
398:AOR:-(int,int):/(int,int):org.apache.commons.lang3.StringUtils@containsIgnoreCase(java.lang.CharSequence,java.lang.CharSequence):1432:59358:str.length() - len |==> str.length() / len
399:LVR:0:POS:org.apache.commons.lang3.StringUtils@containsIgnoreCase(java.lang.CharSequence,java.lang.CharSequence):1433:59399:0 |==> 1
400:LVR:0:NEG:org.apache.commons.lang3.StringUtils@containsIgnoreCase(java.lang.CharSequence,java.lang.CharSequence):1433:59399:0 |==> -1
401:ROR:<=(int,int):<(int,int):org.apache.commons.lang3.StringUtils@containsIgnoreCase(java.lang.CharSequence,java.lang.CharSequence):1433:59402:i <= max |==> i < max
402:ROR:<=(int,int):==(int,int):org.apache.commons.lang3.StringUtils@containsIgnoreCase(java.lang.CharSequence,java.lang.CharSequence):1433:59402:i <= max |==> i == max
403:ROR:<=(int,int):TRUE(int,int):org.apache.commons.lang3.StringUtils@containsIgnoreCase(java.lang.CharSequence,java.lang.CharSequence):1433:59404:i <= max |==> true
404:LVR:TRUE:FALSE:org.apache.commons.lang3.StringUtils@containsIgnoreCase(java.lang.CharSequence,java.lang.CharSequence):1434:59472:true |==> false
405:LVR:0:POS:org.apache.commons.lang3.StringUtils@containsIgnoreCase(java.lang.CharSequence,java.lang.CharSequence):1434:59492:0 |==> 1
406:LVR:0:NEG:org.apache.commons.lang3.StringUtils@containsIgnoreCase(java.lang.CharSequence,java.lang.CharSequence):1434:59492:0 |==> -1
407:COR:<METHOD_INVOCATION(boolean)>:FALSE:org.apache.commons.lang3.StringUtils@containsIgnoreCase(java.lang.CharSequence,java.lang.CharSequence):1434:59466:CharSequenceUtils.regionMatches(str, true, i, searchStr, 0, len) |==> false
408:COR:<METHOD_INVOCATION(boolean)>:TRUE:org.apache.commons.lang3.StringUtils@containsIgnoreCase(java.lang.CharSequence,java.lang.CharSequence):1434:59466:CharSequenceUtils.regionMatches(str, true, i, searchStr, 0, len) |==> true
409:LVR:TRUE:FALSE:org.apache.commons.lang3.StringUtils@containsIgnoreCase(java.lang.CharSequence,java.lang.CharSequence):1435:59526:true |==> false
410:LVR:FALSE:TRUE:org.apache.commons.lang3.StringUtils@containsIgnoreCase(java.lang.CharSequence,java.lang.CharSequence):1438:59571:false |==> true
411:COR:<METHOD_INVOCATION(boolean)>:FALSE:org.apache.commons.lang3.StringUtils@containsWhitespace(java.lang.CharSequence):1451:60082:isEmpty(seq) |==> false
412:COR:<METHOD_INVOCATION(boolean)>:TRUE:org.apache.commons.lang3.StringUtils@containsWhitespace(java.lang.CharSequence):1451:60082:isEmpty(seq) |==> true
413:LVR:FALSE:TRUE:org.apache.commons.lang3.StringUtils@containsWhitespace(java.lang.CharSequence):1452:60110:false |==> true
414:LVR:0:POS:org.apache.commons.lang3.StringUtils@containsWhitespace(java.lang.CharSequence):1455:60183:0 |==> 1
415:LVR:0:NEG:org.apache.commons.lang3.StringUtils@containsWhitespace(java.lang.CharSequence):1455:60183:0 |==> -1
416:ROR:<(int,int):!=(int,int):org.apache.commons.lang3.StringUtils@containsWhitespace(java.lang.CharSequence):1455:60186:i < strLen |==> i != strLen
417:ROR:<(int,int):<=(int,int):org.apache.commons.lang3.StringUtils@containsWhitespace(java.lang.CharSequence):1455:60186:i < strLen |==> i <= strLen
418:ROR:<(int,int):FALSE(int,int):org.apache.commons.lang3.StringUtils@containsWhitespace(java.lang.CharSequence):1455:60188:i < strLen |==> false
419:COR:<METHOD_INVOCATION(boolean)>:FALSE:org.apache.commons.lang3.StringUtils@containsWhitespace(java.lang.CharSequence):1456:60243:Character.isWhitespace(seq.charAt(i)) |==> false
420:COR:<METHOD_INVOCATION(boolean)>:TRUE:org.apache.commons.lang3.StringUtils@containsWhitespace(java.lang.CharSequence):1456:60243:Character.isWhitespace(seq.charAt(i)) |==> true
421:LVR:TRUE:FALSE:org.apache.commons.lang3.StringUtils@containsWhitespace(java.lang.CharSequence):1457:60285:true |==> false
422:LVR:FALSE:TRUE:org.apache.commons.lang3.StringUtils@containsWhitespace(java.lang.CharSequence):1460:60330:false |==> true
423:COR:||(boolean,boolean):!=(boolean,boolean):org.apache.commons.lang3.StringUtils@indexOfAny(java.lang.CharSequence,char[]):1489:61575:isEmpty(cs) || ArrayUtils.isEmpty(searchChars) |==> isEmpty(cs) != ArrayUtils.isEmpty(searchChars)
424:COR:||(boolean,boolean):LHS(boolean,boolean):org.apache.commons.lang3.StringUtils@indexOfAny(java.lang.CharSequence,char[]):1489:61575:isEmpty(cs) || ArrayUtils.isEmpty(searchChars) |==> isEmpty(cs)
425:COR:||(boolean,boolean):RHS(boolean,boolean):org.apache.commons.lang3.StringUtils@indexOfAny(java.lang.CharSequence,char[]):1489:61590:isEmpty(cs) || ArrayUtils.isEmpty(searchChars) |==> ArrayUtils.isEmpty(searchChars)
426:COR:||(boolean,boolean):TRUE(boolean,boolean):org.apache.commons.lang3.StringUtils@indexOfAny(java.lang.CharSequence,char[]):1489:61587:isEmpty(cs) || ArrayUtils.isEmpty(searchChars) |==> true
427:LVR:POS:0:org.apache.commons.lang3.StringUtils@indexOfAny(java.lang.CharSequence,char[]):1493:61733:1 |==> 0
428:LVR:POS:NEG:org.apache.commons.lang3.StringUtils@indexOfAny(java.lang.CharSequence,char[]):1493:61733:1 |==> -1
429:AOR:-(int,int):%(int,int):org.apache.commons.lang3.StringUtils@indexOfAny(java.lang.CharSequence,char[]):1493:61725:csLen - 1 |==> csLen % 1
430:AOR:-(int,int):*(int,int):org.apache.commons.lang3.StringUtils@indexOfAny(java.lang.CharSequence,char[]):1493:61725:csLen - 1 |==> csLen * 1
431:AOR:-(int,int):+(int,int):org.apache.commons.lang3.StringUtils@indexOfAny(java.lang.CharSequence,char[]):1493:61725:csLen - 1 |==> csLen + 1
432:AOR:-(int,int):/(int,int):org.apache.commons.lang3.StringUtils@indexOfAny(java.lang.CharSequence,char[]):1493:61725:csLen - 1 |==> csLen / 1
433:LVR:POS:0:org.apache.commons.lang3.StringUtils@indexOfAny(java.lang.CharSequence,char[]):1495:61817:1 |==> 0
434:LVR:POS:NEG:org.apache.commons.lang3.StringUtils@indexOfAny(java.lang.CharSequence,char[]):1495:61817:1 |==> -1
435:AOR:-(int,int):%(int,int):org.apache.commons.lang3.StringUtils@indexOfAny(java.lang.CharSequence,char[]):1495:61805:searchLen - 1 |==> searchLen % 1
436:AOR:-(int,int):*(int,int):org.apache.commons.lang3.StringUtils@indexOfAny(java.lang.CharSequence,char[]):1495:61805:searchLen - 1 |==> searchLen * 1
437:AOR:-(int,int):+(int,int):org.apache.commons.lang3.StringUtils@indexOfAny(java.lang.CharSequence,char[]):1495:61805:searchLen - 1 |==> searchLen + 1
438:AOR:-(int,int):/(int,int):org.apache.commons.lang3.StringUtils@indexOfAny(java.lang.CharSequence,char[]):1495:61805:searchLen - 1 |==> searchLen / 1
439:LVR:0:POS:org.apache.commons.lang3.StringUtils@indexOfAny(java.lang.CharSequence,char[]):1496:61841:0 |==> 1
440:LVR:0:NEG:org.apache.commons.lang3.StringUtils@indexOfAny(java.lang.CharSequence,char[]):1496:61841:0 |==> -1
441:ROR:<(int,int):!=(int,int):org.apache.commons.lang3.StringUtils@indexOfAny(java.lang.CharSequence,char[]):1496:61844:i < csLen |==> i != csLen
442:ROR:<(int,int):<=(int,int):org.apache.commons.lang3.StringUtils@indexOfAny(java.lang.CharSequence,char[]):1496:61844:i < csLen |==> i <= csLen
443:ROR:<(int,int):FALSE(int,int):org.apache.commons.lang3.StringUtils@indexOfAny(java.lang.CharSequence,char[]):1496:61846:i < csLen |==> false
444:LVR:0:POS:org.apache.commons.lang3.StringUtils@indexOfAny(java.lang.CharSequence,char[]):1498:61923:0 |==> 1
445:LVR:0:NEG:org.apache.commons.lang3.StringUtils@indexOfAny(java.lang.CharSequence,char[]):1498:61923:0 |==> -1
446:ROR:<(int,int):!=(int,int):org.apache.commons.lang3.StringUtils@indexOfAny(java.lang.CharSequence,char[]):1498:61926:j < searchLen |==> j != searchLen
447:ROR:<(int,int):<=(int,int):org.apache.commons.lang3.StringUtils@indexOfAny(java.lang.CharSequence,char[]):1498:61926:j < searchLen |==> j <= searchLen
448:ROR:<(int,int):FALSE(int,int):org.apache.commons.lang3.StringUtils@indexOfAny(java.lang.CharSequence,char[]):1498:61928:j < searchLen |==> false
449:ROR:==(int,int):<=(int,int):org.apache.commons.lang3.StringUtils@indexOfAny(java.lang.CharSequence,char[]):1499:61968:searchChars[j] == ch |==> searchChars[j] <= ch
450:ROR:==(int,int):>=(int,int):org.apache.commons.lang3.StringUtils@indexOfAny(java.lang.CharSequence,char[]):1499:61968:searchChars[j] == ch |==> searchChars[j] >= ch
451:ROR:==(int,int):FALSE(int,int):org.apache.commons.lang3.StringUtils@indexOfAny(java.lang.CharSequence,char[]):1499:61983:searchChars[j] == ch |==> false
452:ROR:<(int,int):!=(int,int):org.apache.commons.lang3.StringUtils@indexOfAny(java.lang.CharSequence,char[]):1500:62016:i < csLast |==> i != csLast
453:ROR:<(int,int):<=(int,int):org.apache.commons.lang3.StringUtils@indexOfAny(java.lang.CharSequence,char[]):1500:62016:i < csLast |==> i <= csLast
454:ROR:<(int,int):FALSE(int,int):org.apache.commons.lang3.StringUtils@indexOfAny(java.lang.CharSequence,char[]):1500:62018:i < csLast |==> false
455:ROR:<(int,int):!=(int,int):org.apache.commons.lang3.StringUtils@indexOfAny(java.lang.CharSequence,char[]):1500:62030:j < searchLast |==> j != searchLast
456:ROR:<(int,int):<=(int,int):org.apache.commons.lang3.StringUtils@indexOfAny(java.lang.CharSequence,char[]):1500:62030:j < searchLast |==> j <= searchLast
457:ROR:<(int,int):FALSE(int,int):org.apache.commons.lang3.StringUtils@indexOfAny(java.lang.CharSequence,char[]):1500:62032:j < searchLast |==> false
458:COR:&&(boolean,boolean):==(boolean,boolean):org.apache.commons.lang3.StringUtils@indexOfAny(java.lang.CharSequence,char[]):1500:62016:i < csLast && j < searchLast |==> i < csLast == j < searchLast
459:COR:&&(boolean,boolean):FALSE(boolean,boolean):org.apache.commons.lang3.StringUtils@indexOfAny(java.lang.CharSequence,char[]):1500:62027:i < csLast && j < searchLast |==> false
460:COR:&&(boolean,boolean):LHS(boolean,boolean):org.apache.commons.lang3.StringUtils@indexOfAny(java.lang.CharSequence,char[]):1500:62016:i < csLast && j < searchLast |==> i < csLast
461:COR:&&(boolean,boolean):RHS(boolean,boolean):org.apache.commons.lang3.StringUtils@indexOfAny(java.lang.CharSequence,char[]):1500:62030:i < csLast && j < searchLast |==> j < searchLast
462:COR:&&(boolean,boolean):==(boolean,boolean):org.apache.commons.lang3.StringUtils@indexOfAny(java.lang.CharSequence,char[]):1500:62016:i < csLast && j < searchLast && Character.isHighSurrogate(ch) |==> (i < csLast && j < searchLast) == Character.isHighSurrogate(ch)
463:COR:&&(boolean,boolean):FALSE(boolean,boolean):org.apache.commons.lang3.StringUtils@indexOfAny(java.lang.CharSequence,char[]):1500:62045:i < csLast && j < searchLast && Character.isHighSurrogate(ch) |==> false
464:COR:&&(boolean,boolean):LHS(boolean,boolean):org.apache.commons.lang3.StringUtils@indexOfAny(java.lang.CharSequence,char[]):1500:62016:i < csLast && j < searchLast && Character.isHighSurrogate(ch) |==> i < csLast && j < searchLast
465:COR:&&(boolean,boolean):RHS(boolean,boolean):org.apache.commons.lang3.StringUtils@indexOfAny(java.lang.CharSequence,char[]):1500:62048:i < csLast && j < searchLast && Character.isHighSurrogate(ch) |==> Character.isHighSurrogate(ch)
466:LVR:POS:0:org.apache.commons.lang3.StringUtils@indexOfAny(java.lang.CharSequence,char[]):1502:62184:1 |==> 0
467:LVR:POS:NEG:org.apache.commons.lang3.StringUtils@indexOfAny(java.lang.CharSequence,char[]):1502:62184:1 |==> -1
468:AOR:+(int,int):%(int,int):org.apache.commons.lang3.StringUtils@indexOfAny(java.lang.CharSequence,char[]):1502:62180:j + 1 |==> j % 1
469:AOR:+(int,int):*(int,int):org.apache.commons.lang3.StringUtils@indexOfAny(java.lang.CharSequence,char[]):1502:62180:j + 1 |==> j * 1
470:AOR:+(int,int):-(int,int):org.apache.commons.lang3.StringUtils@indexOfAny(java.lang.CharSequence,char[]):1502:62180:j + 1 |==> j - 1
471:AOR:+(int,int):/(int,int):org.apache.commons.lang3.StringUtils@indexOfAny(java.lang.CharSequence,char[]):1502:62180:j + 1 |==> j / 1
472:LVR:POS:0:org.apache.commons.lang3.StringUtils@indexOfAny(java.lang.CharSequence,char[]):1502:62204:1 |==> 0
473:LVR:POS:NEG:org.apache.commons.lang3.StringUtils@indexOfAny(java.lang.CharSequence,char[]):1502:62204:1 |==> -1
474:AOR:+(int,int):%(int,int):org.apache.commons.lang3.StringUtils@indexOfAny(java.lang.CharSequence,char[]):1502:62200:i + 1 |==> i % 1
475:AOR:+(int,int):*(int,int):org.apache.commons.lang3.StringUtils@indexOfAny(java.lang.CharSequence,char[]):1502:62200:i + 1 |==> i * 1
476:AOR:+(int,int):-(int,int):org.apache.commons.lang3.StringUtils@indexOfAny(java.lang.CharSequence,char[]):1502:62200:i + 1 |==> i - 1
477:AOR:+(int,int):/(int,int):org.apache.commons.lang3.StringUtils@indexOfAny(java.lang.CharSequence,char[]):1502:62200:i + 1 |==> i / 1
478:ROR:==(int,int):<=(int,int):org.apache.commons.lang3.StringUtils@indexOfAny(java.lang.CharSequence,char[]):1502:62168:searchChars[j + 1] == cs.charAt(i + 1) |==> searchChars[j + 1] <= cs.charAt(i + 1)
479:ROR:==(int,int):>=(int,int):org.apache.commons.lang3.StringUtils@indexOfAny(java.lang.CharSequence,char[]):1502:62168:searchChars[j + 1] == cs.charAt(i + 1) |==> searchChars[j + 1] >= cs.charAt(i + 1)
480:ROR:==(int,int):FALSE(int,int):org.apache.commons.lang3.StringUtils@indexOfAny(java.lang.CharSequence,char[]):1502:62187:searchChars[j + 1] == cs.charAt(i + 1) |==> false
481:COR:||(boolean,boolean):!=(boolean,boolean):org.apache.commons.lang3.StringUtils@indexOfAny(java.lang.CharSequence,java.lang.String):1538:63525:isEmpty(cs) || isEmpty(searchChars) |==> isEmpty(cs) != isEmpty(searchChars)
482:COR:||(boolean,boolean):LHS(boolean,boolean):org.apache.commons.lang3.StringUtils@indexOfAny(java.lang.CharSequence,java.lang.String):1538:63525:isEmpty(cs) || isEmpty(searchChars) |==> isEmpty(cs)
483:COR:||(boolean,boolean):RHS(boolean,boolean):org.apache.commons.lang3.StringUtils@indexOfAny(java.lang.CharSequence,java.lang.String):1538:63540:isEmpty(cs) || isEmpty(searchChars) |==> isEmpty(searchChars)
484:COR:||(boolean,boolean):TRUE(boolean,boolean):org.apache.commons.lang3.StringUtils@indexOfAny(java.lang.CharSequence,java.lang.String):1538:63537:isEmpty(cs) || isEmpty(searchChars) |==> true
485:COR:||(boolean,boolean):!=(boolean,boolean):org.apache.commons.lang3.StringUtils@containsAny(java.lang.CharSequence,char[]):1571:64970:isEmpty(cs) || ArrayUtils.isEmpty(searchChars) |==> isEmpty(cs) != ArrayUtils.isEmpty(searchChars)
486:COR:||(boolean,boolean):LHS(boolean,boolean):org.apache.commons.lang3.StringUtils@containsAny(java.lang.CharSequence,char[]):1571:64970:isEmpty(cs) || ArrayUtils.isEmpty(searchChars) |==> isEmpty(cs)
487:COR:||(boolean,boolean):RHS(boolean,boolean):org.apache.commons.lang3.StringUtils@containsAny(java.lang.CharSequence,char[]):1571:64985:isEmpty(cs) || ArrayUtils.isEmpty(searchChars) |==> ArrayUtils.isEmpty(searchChars)
488:COR:||(boolean,boolean):TRUE(boolean,boolean):org.apache.commons.lang3.StringUtils@containsAny(java.lang.CharSequence,char[]):1571:64982:isEmpty(cs) || ArrayUtils.isEmpty(searchChars) |==> true
489:LVR:FALSE:TRUE:org.apache.commons.lang3.StringUtils@containsAny(java.lang.CharSequence,char[]):1572:65039:false |==> true
490:LVR:POS:0:org.apache.commons.lang3.StringUtils@containsAny(java.lang.CharSequence,char[]):1576:65171:1 |==> 0
491:LVR:POS:NEG:org.apache.commons.lang3.StringUtils@containsAny(java.lang.CharSequence,char[]):1576:65171:1 |==> -1
492:AOR:-(int,int):%(int,int):org.apache.commons.lang3.StringUtils@containsAny(java.lang.CharSequence,char[]):1576:65160:csLength - 1 |==> csLength % 1
493:AOR:-(int,int):*(int,int):org.apache.commons.lang3.StringUtils@containsAny(java.lang.CharSequence,char[]):1576:65160:csLength - 1 |==> csLength * 1
494:AOR:-(int,int):+(int,int):org.apache.commons.lang3.StringUtils@containsAny(java.lang.CharSequence,char[]):1576:65160:csLength - 1 |==> csLength + 1
495:AOR:-(int,int):/(int,int):org.apache.commons.lang3.StringUtils@containsAny(java.lang.CharSequence,char[]):1576:65160:csLength - 1 |==> csLength / 1
496:LVR:POS:0:org.apache.commons.lang3.StringUtils@containsAny(java.lang.CharSequence,char[]):1577:65214:1 |==> 0
497:LVR:POS:NEG:org.apache.commons.lang3.StringUtils@containsAny(java.lang.CharSequence,char[]):1577:65214:1 |==> -1
498:AOR:-(int,int):%(int,int):org.apache.commons.lang3.StringUtils@containsAny(java.lang.CharSequence,char[]):1577:65199:searchLength - 1 |==> searchLength % 1
499:AOR:-(int,int):*(int,int):org.apache.commons.lang3.StringUtils@containsAny(java.lang.CharSequence,char[]):1577:65199:searchLength - 1 |==> searchLength * 1
500:AOR:-(int,int):+(int,int):org.apache.commons.lang3.StringUtils@containsAny(java.lang.CharSequence,char[]):1577:65199:searchLength - 1 |==> searchLength + 1
501:AOR:-(int,int):/(int,int):org.apache.commons.lang3.StringUtils@containsAny(java.lang.CharSequence,char[]):1577:65199:searchLength - 1 |==> searchLength / 1
502:LVR:0:POS:org.apache.commons.lang3.StringUtils@containsAny(java.lang.CharSequence,char[]):1578:65238:0 |==> 1
503:LVR:0:NEG:org.apache.commons.lang3.StringUtils@containsAny(java.lang.CharSequence,char[]):1578:65238:0 |==> -1
504:ROR:<(int,int):!=(int,int):org.apache.commons.lang3.StringUtils@containsAny(java.lang.CharSequence,char[]):1578:65241:i < csLength |==> i != csLength
505:ROR:<(int,int):<=(int,int):org.apache.commons.lang3.StringUtils@containsAny(java.lang.CharSequence,char[]):1578:65241:i < csLength |==> i <= csLength
506:ROR:<(int,int):FALSE(int,int):org.apache.commons.lang3.StringUtils@containsAny(java.lang.CharSequence,char[]):1578:65243:i < csLength |==> false
507:LVR:0:POS:org.apache.commons.lang3.StringUtils@containsAny(java.lang.CharSequence,char[]):1580:65323:0 |==> 1
508:LVR:0:NEG:org.apache.commons.lang3.StringUtils@containsAny(java.lang.CharSequence,char[]):1580:65323:0 |==> -1
509:ROR:<(int,int):!=(int,int):org.apache.commons.lang3.StringUtils@containsAny(java.lang.CharSequence,char[]):1580:65326:j < searchLength |==> j != searchLength
510:ROR:<(int,int):<=(int,int):org.apache.commons.lang3.StringUtils@containsAny(java.lang.CharSequence,char[]):1580:65326:j < searchLength |==> j <= searchLength
511:ROR:<(int,int):FALSE(int,int):org.apache.commons.lang3.StringUtils@containsAny(java.lang.CharSequence,char[]):1580:65328:j < searchLength |==> false
512:ROR:==(int,int):<=(int,int):org.apache.commons.lang3.StringUtils@containsAny(java.lang.CharSequence,char[]):1581:65371:searchChars[j] == ch |==> searchChars[j] <= ch
513:ROR:==(int,int):>=(int,int):org.apache.commons.lang3.StringUtils@containsAny(java.lang.CharSequence,char[]):1581:65371:searchChars[j] == ch |==> searchChars[j] >= ch
514:ROR:==(int,int):FALSE(int,int):org.apache.commons.lang3.StringUtils@containsAny(java.lang.CharSequence,char[]):1581:65386:searchChars[j] == ch |==> false
515:COR:<METHOD_INVOCATION(boolean)>:FALSE:org.apache.commons.lang3.StringUtils@containsAny(java.lang.CharSequence,char[]):1582:65444:Character.isHighSurrogate(ch) |==> false
516:COR:<METHOD_INVOCATION(boolean)>:TRUE:org.apache.commons.lang3.StringUtils@containsAny(java.lang.CharSequence,char[]):1582:65444:Character.isHighSurrogate(ch) |==> true
517:ROR:==(int,int):<=(int,int):org.apache.commons.lang3.StringUtils@containsAny(java.lang.CharSequence,char[]):1583:65480:j == searchLast |==> j <= searchLast
518:ROR:==(int,int):>=(int,int):org.apache.commons.lang3.StringUtils@containsAny(java.lang.CharSequence,char[]):1583:65480:j == searchLast |==> j >= searchLast
519:ROR:==(int,int):FALSE(int,int):org.apache.commons.lang3.StringUtils@containsAny(java.lang.CharSequence,char[]):1583:65482:j == searchLast |==> false
520:LVR:TRUE:FALSE:org.apache.commons.lang3.StringUtils@containsAny(java.lang.CharSequence,char[]):1585:65622:true |==> false
521:ROR:<(int,int):!=(int,int):org.apache.commons.lang3.StringUtils@containsAny(java.lang.CharSequence,char[]):1587:65682:i < csLast |==> i != csLast
522:ROR:<(int,int):<=(int,int):org.apache.commons.lang3.StringUtils@containsAny(java.lang.CharSequence,char[]):1587:65682:i < csLast |==> i <= csLast
523:ROR:<(int,int):FALSE(int,int):org.apache.commons.lang3.StringUtils@containsAny(java.lang.CharSequence,char[]):1587:65684:i < csLast |==> false
524:LVR:POS:0:org.apache.commons.lang3.StringUtils@containsAny(java.lang.CharSequence,char[]):1587:65712:1 |==> 0
525:LVR:POS:NEG:org.apache.commons.lang3.StringUtils@containsAny(java.lang.CharSequence,char[]):1587:65712:1 |==> -1
526:AOR:+(int,int):%(int,int):org.apache.commons.lang3.StringUtils@containsAny(java.lang.CharSequence,char[]):1587:65708:j + 1 |==> j % 1
527:AOR:+(int,int):*(int,int):org.apache.commons.lang3.StringUtils@containsAny(java.lang.CharSequence,char[]):1587:65708:j + 1 |==> j * 1
528:AOR:+(int,int):-(int,int):org.apache.commons.lang3.StringUtils@containsAny(java.lang.CharSequence,char[]):1587:65708:j + 1 |==> j - 1
529:AOR:+(int,int):/(int,int):org.apache.commons.lang3.StringUtils@containsAny(java.lang.CharSequence,char[]):1587:65708:j + 1 |==> j / 1
530:LVR:POS:0:org.apache.commons.lang3.StringUtils@containsAny(java.lang.CharSequence,char[]):1587:65732:1 |==> 0
531:LVR:POS:NEG:org.apache.commons.lang3.StringUtils@containsAny(java.lang.CharSequence,char[]):1587:65732:1 |==> -1
532:AOR:+(int,int):%(int,int):org.apache.commons.lang3.StringUtils@containsAny(java.lang.CharSequence,char[]):1587:65728:i + 1 |==> i % 1
533:AOR:+(int,int):*(int,int):org.apache.commons.lang3.StringUtils@containsAny(java.lang.CharSequence,char[]):1587:65728:i + 1 |==> i * 1
534:AOR:+(int,int):-(int,int):org.apache.commons.lang3.StringUtils@containsAny(java.lang.CharSequence,char[]):1587:65728:i + 1 |==> i - 1
535:AOR:+(int,int):/(int,int):org.apache.commons.lang3.StringUtils@containsAny(java.lang.CharSequence,char[]):1587:65728:i + 1 |==> i / 1
536:ROR:==(int,int):<=(int,int):org.apache.commons.lang3.StringUtils@containsAny(java.lang.CharSequence,char[]):1587:65696:searchChars[j + 1] == cs.charAt(i + 1) |==> searchChars[j + 1] <= cs.charAt(i + 1)
537:ROR:==(int,int):>=(int,int):org.apache.commons.lang3.StringUtils@containsAny(java.lang.CharSequence,char[]):1587:65696:searchChars[j + 1] == cs.charAt(i + 1) |==> searchChars[j + 1] >= cs.charAt(i + 1)
538:ROR:==(int,int):FALSE(int,int):org.apache.commons.lang3.StringUtils@containsAny(java.lang.CharSequence,char[]):1587:65715:searchChars[j + 1] == cs.charAt(i + 1) |==> false
539:COR:&&(boolean,boolean):==(boolean,boolean):org.apache.commons.lang3.StringUtils@containsAny(java.lang.CharSequence,char[]):1587:65682:i < csLast && searchChars[j + 1] == cs.charAt(i + 1) |==> i < csLast == (searchChars[j + 1] == cs.charAt(i + 1))
540:COR:&&(boolean,boolean):FALSE(boolean,boolean):org.apache.commons.lang3.StringUtils@containsAny(java.lang.CharSequence,char[]):1587:65693:i < csLast && searchChars[j + 1] == cs.charAt(i + 1) |==> false
541:COR:&&(boolean,boolean):LHS(boolean,boolean):org.apache.commons.lang3.StringUtils@containsAny(java.lang.CharSequence,char[]):1587:65682:i < csLast && searchChars[j + 1] == cs.charAt(i + 1) |==> i < csLast
542:COR:&&(boolean,boolean):RHS(boolean,boolean):org.apache.commons.lang3.StringUtils@containsAny(java.lang.CharSequence,char[]):1587:65696:i < csLast && searchChars[j + 1] == cs.charAt(i + 1) |==> searchChars[j + 1] == cs.charAt(i + 1)
543:LVR:TRUE:FALSE:org.apache.commons.lang3.StringUtils@containsAny(java.lang.CharSequence,char[]):1588:65773:true |==> false
544:LVR:TRUE:FALSE:org.apache.commons.lang3.StringUtils@containsAny(java.lang.CharSequence,char[]):1592:65930:true |==> false
545:LVR:FALSE:TRUE:org.apache.commons.lang3.StringUtils@containsAny(java.lang.CharSequence,char[]):1597:66015:false |==> true
546:ROR:==(java.lang.Object,java.lang.Object):FALSE(java.lang.Object,java.lang.Object):org.apache.commons.lang3.StringUtils@containsAny(java.lang.CharSequence,java.lang.CharSequence):1629:67265:searchChars == null |==> false
547:LVR:FALSE:TRUE:org.apache.commons.lang3.StringUtils@containsAny(java.lang.CharSequence,java.lang.CharSequence):1630:67295:false |==> true
548:COR:||(boolean,boolean):!=(boolean,boolean):org.apache.commons.lang3.StringUtils@indexOfAnyBut(java.lang.CharSequence,char[]):1662:68770:isEmpty(cs) || ArrayUtils.isEmpty(searchChars) |==> isEmpty(cs) != ArrayUtils.isEmpty(searchChars)
549:COR:||(boolean,boolean):LHS(boolean,boolean):org.apache.commons.lang3.StringUtils@indexOfAnyBut(java.lang.CharSequence,char[]):1662:68770:isEmpty(cs) || ArrayUtils.isEmpty(searchChars) |==> isEmpty(cs)
550:COR:||(boolean,boolean):RHS(boolean,boolean):org.apache.commons.lang3.StringUtils@indexOfAnyBut(java.lang.CharSequence,char[]):1662:68785:isEmpty(cs) || ArrayUtils.isEmpty(searchChars) |==> ArrayUtils.isEmpty(searchChars)
551:COR:||(boolean,boolean):TRUE(boolean,boolean):org.apache.commons.lang3.StringUtils@indexOfAnyBut(java.lang.CharSequence,char[]):1662:68782:isEmpty(cs) || ArrayUtils.isEmpty(searchChars) |==> true
552:LVR:POS:0:org.apache.commons.lang3.StringUtils@indexOfAnyBut(java.lang.CharSequence,char[]):1666:68928:1 |==> 0
553:LVR:POS:NEG:org.apache.commons.lang3.StringUtils@indexOfAnyBut(java.lang.CharSequence,char[]):1666:68928:1 |==> -1
554:AOR:-(int,int):%(int,int):org.apache.commons.lang3.StringUtils@indexOfAnyBut(java.lang.CharSequence,char[]):1666:68920:csLen - 1 |==> csLen % 1
555:AOR:-(int,int):*(int,int):org.apache.commons.lang3.StringUtils@indexOfAnyBut(java.lang.CharSequence,char[]):1666:68920:csLen - 1 |==> csLen * 1
556:AOR:-(int,int):+(int,int):org.apache.commons.lang3.StringUtils@indexOfAnyBut(java.lang.CharSequence,char[]):1666:68920:csLen - 1 |==> csLen + 1
557:AOR:-(int,int):/(int,int):org.apache.commons.lang3.StringUtils@indexOfAnyBut(java.lang.CharSequence,char[]):1666:68920:csLen - 1 |==> csLen / 1
558:LVR:POS:0:org.apache.commons.lang3.StringUtils@indexOfAnyBut(java.lang.CharSequence,char[]):1668:69012:1 |==> 0
559:LVR:POS:NEG:org.apache.commons.lang3.StringUtils@indexOfAnyBut(java.lang.CharSequence,char[]):1668:69012:1 |==> -1
560:AOR:-(int,int):%(int,int):org.apache.commons.lang3.StringUtils@indexOfAnyBut(java.lang.CharSequence,char[]):1668:69000:searchLen - 1 |==> searchLen % 1
561:AOR:-(int,int):*(int,int):org.apache.commons.lang3.StringUtils@indexOfAnyBut(java.lang.CharSequence,char[]):1668:69000:searchLen - 1 |==> searchLen * 1
562:AOR:-(int,int):+(int,int):org.apache.commons.lang3.StringUtils@indexOfAnyBut(java.lang.CharSequence,char[]):1668:69000:searchLen - 1 |==> searchLen + 1
563:AOR:-(int,int):/(int,int):org.apache.commons.lang3.StringUtils@indexOfAnyBut(java.lang.CharSequence,char[]):1668:69000:searchLen - 1 |==> searchLen / 1
564:LVR:0:POS:org.apache.commons.lang3.StringUtils@indexOfAnyBut(java.lang.CharSequence,char[]):1670:69051:0 |==> 1
565:LVR:0:NEG:org.apache.commons.lang3.StringUtils@indexOfAnyBut(java.lang.CharSequence,char[]):1670:69051:0 |==> -1
566:ROR:<(int,int):!=(int,int):org.apache.commons.lang3.StringUtils@indexOfAnyBut(java.lang.CharSequence,char[]):1670:69054:i < csLen |==> i != csLen
567:ROR:<(int,int):<=(int,int):org.apache.commons.lang3.StringUtils@indexOfAnyBut(java.lang.CharSequence,char[]):1670:69054:i < csLen |==> i <= csLen
568:ROR:<(int,int):FALSE(int,int):org.apache.commons.lang3.StringUtils@indexOfAnyBut(java.lang.CharSequence,char[]):1670:69056:i < csLen |==> false
569:LVR:0:POS:org.apache.commons.lang3.StringUtils@indexOfAnyBut(java.lang.CharSequence,char[]):1672:69133:0 |==> 1
570:LVR:0:NEG:org.apache.commons.lang3.StringUtils@indexOfAnyBut(java.lang.CharSequence,char[]):1672:69133:0 |==> -1
571:ROR:<(int,int):!=(int,int):org.apache.commons.lang3.StringUtils@indexOfAnyBut(java.lang.CharSequence,char[]):1672:69136:j < searchLen |==> j != searchLen
572:ROR:<(int,int):<=(int,int):org.apache.commons.lang3.StringUtils@indexOfAnyBut(java.lang.CharSequence,char[]):1672:69136:j < searchLen |==> j <= searchLen
573:ROR:<(int,int):FALSE(int,int):org.apache.commons.lang3.StringUtils@indexOfAnyBut(java.lang.CharSequence,char[]):1672:69138:j < searchLen |==> false
574:ROR:==(int,int):<=(int,int):org.apache.commons.lang3.StringUtils@indexOfAnyBut(java.lang.CharSequence,char[]):1673:69178:searchChars[j] == ch |==> searchChars[j] <= ch
575:ROR:==(int,int):>=(int,int):org.apache.commons.lang3.StringUtils@indexOfAnyBut(java.lang.CharSequence,char[]):1673:69178:searchChars[j] == ch |==> searchChars[j] >= ch
576:ROR:==(int,int):FALSE(int,int):org.apache.commons.lang3.StringUtils@indexOfAnyBut(java.lang.CharSequence,char[]):1673:69193:searchChars[j] == ch |==> false
577:ROR:<(int,int):!=(int,int):org.apache.commons.lang3.StringUtils@indexOfAnyBut(java.lang.CharSequence,char[]):1674:69226:i < csLast |==> i != csLast
578:ROR:<(int,int):<=(int,int):org.apache.commons.lang3.StringUtils@indexOfAnyBut(java.lang.CharSequence,char[]):1674:69226:i < csLast |==> i <= csLast
579:ROR:<(int,int):FALSE(int,int):org.apache.commons.lang3.StringUtils@indexOfAnyBut(java.lang.CharSequence,char[]):1674:69228:i < csLast |==> false
580:ROR:<(int,int):!=(int,int):org.apache.commons.lang3.StringUtils@indexOfAnyBut(java.lang.CharSequence,char[]):1674:69240:j < searchLast |==> j != searchLast
581:ROR:<(int,int):<=(int,int):org.apache.commons.lang3.StringUtils@indexOfAnyBut(java.lang.CharSequence,char[]):1674:69240:j < searchLast |==> j <= searchLast
582:ROR:<(int,int):FALSE(int,int):org.apache.commons.lang3.StringUtils@indexOfAnyBut(java.lang.CharSequence,char[]):1674:69242:j < searchLast |==> false
583:COR:&&(boolean,boolean):==(boolean,boolean):org.apache.commons.lang3.StringUtils@indexOfAnyBut(java.lang.CharSequence,char[]):1674:69226:i < csLast && j < searchLast |==> i < csLast == j < searchLast
584:COR:&&(boolean,boolean):FALSE(boolean,boolean):org.apache.commons.lang3.StringUtils@indexOfAnyBut(java.lang.CharSequence,char[]):1674:69237:i < csLast && j < searchLast |==> false
585:COR:&&(boolean,boolean):LHS(boolean,boolean):org.apache.commons.lang3.StringUtils@indexOfAnyBut(java.lang.CharSequence,char[]):1674:69226:i < csLast && j < searchLast |==> i < csLast
586:COR:&&(boolean,boolean):RHS(boolean,boolean):org.apache.commons.lang3.StringUtils@indexOfAnyBut(java.lang.CharSequence,char[]):1674:69240:i < csLast && j < searchLast |==> j < searchLast
587:COR:&&(boolean,boolean):==(boolean,boolean):org.apache.commons.lang3.StringUtils@indexOfAnyBut(java.lang.CharSequence,char[]):1674:69226:i < csLast && j < searchLast && Character.isHighSurrogate(ch) |==> (i < csLast && j < searchLast) == Character.isHighSurrogate(ch)
588:COR:&&(boolean,boolean):FALSE(boolean,boolean):org.apache.commons.lang3.StringUtils@indexOfAnyBut(java.lang.CharSequence,char[]):1674:69255:i < csLast && j < searchLast && Character.isHighSurrogate(ch) |==> false
589:COR:&&(boolean,boolean):LHS(boolean,boolean):org.apache.commons.lang3.StringUtils@indexOfAnyBut(java.lang.CharSequence,char[]):1674:69226:i < csLast && j < searchLast && Character.isHighSurrogate(ch) |==> i < csLast && j < searchLast
590:COR:&&(boolean,boolean):RHS(boolean,boolean):org.apache.commons.lang3.StringUtils@indexOfAnyBut(java.lang.CharSequence,char[]):1674:69258:i < csLast && j < searchLast && Character.isHighSurrogate(ch) |==> Character.isHighSurrogate(ch)
591:LVR:POS:0:org.apache.commons.lang3.StringUtils@indexOfAnyBut(java.lang.CharSequence,char[]):1675:69335:1 |==> 0
592:LVR:POS:NEG:org.apache.commons.lang3.StringUtils@indexOfAnyBut(java.lang.CharSequence,char[]):1675:69335:1 |==> -1
593:AOR:+(int,int):%(int,int):org.apache.commons.lang3.StringUtils@indexOfAnyBut(java.lang.CharSequence,char[]):1675:69331:j + 1 |==> j % 1
594:AOR:+(int,int):*(int,int):org.apache.commons.lang3.StringUtils@indexOfAnyBut(java.lang.CharSequence,char[]):1675:69331:j + 1 |==> j * 1
595:AOR:+(int,int):-(int,int):org.apache.commons.lang3.StringUtils@indexOfAnyBut(java.lang.CharSequence,char[]):1675:69331:j + 1 |==> j - 1
596:AOR:+(int,int):/(int,int):org.apache.commons.lang3.StringUtils@indexOfAnyBut(java.lang.CharSequence,char[]):1675:69331:j + 1 |==> j / 1
597:LVR:POS:0:org.apache.commons.lang3.StringUtils@indexOfAnyBut(java.lang.CharSequence,char[]):1675:69355:1 |==> 0
598:LVR:POS:NEG:org.apache.commons.lang3.StringUtils@indexOfAnyBut(java.lang.CharSequence,char[]):1675:69355:1 |==> -1
599:AOR:+(int,int):%(int,int):org.apache.commons.lang3.StringUtils@indexOfAnyBut(java.lang.CharSequence,char[]):1675:69351:i + 1 |==> i % 1
600:AOR:+(int,int):*(int,int):org.apache.commons.lang3.StringUtils@indexOfAnyBut(java.lang.CharSequence,char[]):1675:69351:i + 1 |==> i * 1
601:AOR:+(int,int):-(int,int):org.apache.commons.lang3.StringUtils@indexOfAnyBut(java.lang.CharSequence,char[]):1675:69351:i + 1 |==> i - 1
602:AOR:+(int,int):/(int,int):org.apache.commons.lang3.StringUtils@indexOfAnyBut(java.lang.CharSequence,char[]):1675:69351:i + 1 |==> i / 1
603:ROR:==(int,int):<=(int,int):org.apache.commons.lang3.StringUtils@indexOfAnyBut(java.lang.CharSequence,char[]):1675:69319:searchChars[j + 1] == cs.charAt(i + 1) |==> searchChars[j + 1] <= cs.charAt(i + 1)
604:ROR:==(int,int):>=(int,int):org.apache.commons.lang3.StringUtils@indexOfAnyBut(java.lang.CharSequence,char[]):1675:69319:searchChars[j + 1] == cs.charAt(i + 1) |==> searchChars[j + 1] >= cs.charAt(i + 1)
605:ROR:==(int,int):FALSE(int,int):org.apache.commons.lang3.StringUtils@indexOfAnyBut(java.lang.CharSequence,char[]):1675:69338:searchChars[j + 1] == cs.charAt(i + 1) |==> false
606:COR:||(boolean,boolean):!=(boolean,boolean):org.apache.commons.lang3.StringUtils@indexOfAnyBut(java.lang.CharSequence,java.lang.CharSequence):1712:70774:isEmpty(seq) || isEmpty(searchChars) |==> isEmpty(seq) != isEmpty(searchChars)
607:COR:||(boolean,boolean):LHS(boolean,boolean):org.apache.commons.lang3.StringUtils@indexOfAnyBut(java.lang.CharSequence,java.lang.CharSequence):1712:70774:isEmpty(seq) || isEmpty(searchChars) |==> isEmpty(seq)
608:COR:||(boolean,boolean):RHS(boolean,boolean):org.apache.commons.lang3.StringUtils@indexOfAnyBut(java.lang.CharSequence,java.lang.CharSequence):1712:70790:isEmpty(seq) || isEmpty(searchChars) |==> isEmpty(searchChars)
609:COR:||(boolean,boolean):TRUE(boolean,boolean):org.apache.commons.lang3.StringUtils@indexOfAnyBut(java.lang.CharSequence,java.lang.CharSequence):1712:70787:isEmpty(seq) || isEmpty(searchChars) |==> true
610:LVR:0:POS:org.apache.commons.lang3.StringUtils@indexOfAnyBut(java.lang.CharSequence,java.lang.CharSequence):1716:70916:0 |==> 1
611:LVR:0:NEG:org.apache.commons.lang3.StringUtils@indexOfAnyBut(java.lang.CharSequence,java.lang.CharSequence):1716:70916:0 |==> -1
612:ROR:<(int,int):!=(int,int):org.apache.commons.lang3.StringUtils@indexOfAnyBut(java.lang.CharSequence,java.lang.CharSequence):1716:70919:i < strLen |==> i != strLen
613:ROR:<(int,int):<=(int,int):org.apache.commons.lang3.StringUtils@indexOfAnyBut(java.lang.CharSequence,java.lang.CharSequence):1716:70919:i < strLen |==> i <= strLen
614:ROR:<(int,int):FALSE(int,int):org.apache.commons.lang3.StringUtils@indexOfAnyBut(java.lang.CharSequence,java.lang.CharSequence):1716:70921:i < strLen |==> false
615:LVR:0:POS:org.apache.commons.lang3.StringUtils@indexOfAnyBut(java.lang.CharSequence,java.lang.CharSequence):1718:71048:0 |==> 1
616:LVR:0:NEG:org.apache.commons.lang3.StringUtils@indexOfAnyBut(java.lang.CharSequence,java.lang.CharSequence):1718:71048:0 |==> -1
617:LVR:0:POS:org.apache.commons.lang3.StringUtils@indexOfAnyBut(java.lang.CharSequence,java.lang.CharSequence):1718:71054:0 |==> 1
618:LVR:0:NEG:org.apache.commons.lang3.StringUtils@indexOfAnyBut(java.lang.CharSequence,java.lang.CharSequence):1718:71054:0 |==> -1
619:ROR:>=(int,int):==(int,int):org.apache.commons.lang3.StringUtils@indexOfAnyBut(java.lang.CharSequence,java.lang.CharSequence):1718:71005:CharSequenceUtils.indexOf(searchChars, ch, 0) >= 0 |==> CharSequenceUtils.indexOf(searchChars, ch, 0) == 0
620:ROR:>=(int,int):>(int,int):org.apache.commons.lang3.StringUtils@indexOfAnyBut(java.lang.CharSequence,java.lang.CharSequence):1718:71005:CharSequenceUtils.indexOf(searchChars, ch, 0) >= 0 |==> CharSequenceUtils.indexOf(searchChars, ch, 0) > 0
621:ROR:>=(int,int):TRUE(int,int):org.apache.commons.lang3.StringUtils@indexOfAnyBut(java.lang.CharSequence,java.lang.CharSequence):1718:71051:CharSequenceUtils.indexOf(searchChars, ch, 0) >= 0 |==> true
622:LVR:POS:0:org.apache.commons.lang3.StringUtils@indexOfAnyBut(java.lang.CharSequence,java.lang.CharSequence):1719:71077:1 |==> 0
623:LVR:POS:NEG:org.apache.commons.lang3.StringUtils@indexOfAnyBut(java.lang.CharSequence,java.lang.CharSequence):1719:71077:1 |==> -1
624:AOR:+(int,int):%(int,int):org.apache.commons.lang3.StringUtils@indexOfAnyBut(java.lang.CharSequence,java.lang.CharSequence):1719:71073:i + 1 |==> i % 1
625:AOR:+(int,int):*(int,int):org.apache.commons.lang3.StringUtils@indexOfAnyBut(java.lang.CharSequence,java.lang.CharSequence):1719:71073:i + 1 |==> i * 1
626:AOR:+(int,int):-(int,int):org.apache.commons.lang3.StringUtils@indexOfAnyBut(java.lang.CharSequence,java.lang.CharSequence):1719:71073:i + 1 |==> i - 1
627:AOR:+(int,int):/(int,int):org.apache.commons.lang3.StringUtils@indexOfAnyBut(java.lang.CharSequence,java.lang.CharSequence):1719:71073:i + 1 |==> i / 1
628:ROR:<(int,int):!=(int,int):org.apache.commons.lang3.StringUtils@indexOfAnyBut(java.lang.CharSequence,java.lang.CharSequence):1719:71073:i + 1 < strLen |==> i + 1 != strLen
629:ROR:<(int,int):<=(int,int):org.apache.commons.lang3.StringUtils@indexOfAnyBut(java.lang.CharSequence,java.lang.CharSequence):1719:71073:i + 1 < strLen |==> i + 1 <= strLen
630:ROR:<(int,int):FALSE(int,int):org.apache.commons.lang3.StringUtils@indexOfAnyBut(java.lang.CharSequence,java.lang.CharSequence):1719:71079:i + 1 < strLen |==> false
631:COR:&&(boolean,boolean):==(boolean,boolean):org.apache.commons.lang3.StringUtils@indexOfAnyBut(java.lang.CharSequence,java.lang.CharSequence):1719:71073:i + 1 < strLen && Character.isHighSurrogate(ch) |==> i + 1 < strLen == Character.isHighSurrogate(ch)
632:COR:&&(boolean,boolean):FALSE(boolean,boolean):org.apache.commons.lang3.StringUtils@indexOfAnyBut(java.lang.CharSequence,java.lang.CharSequence):1719:71088:i + 1 < strLen && Character.isHighSurrogate(ch) |==> false
633:COR:&&(boolean,boolean):LHS(boolean,boolean):org.apache.commons.lang3.StringUtils@indexOfAnyBut(java.lang.CharSequence,java.lang.CharSequence):1719:71073:i + 1 < strLen && Character.isHighSurrogate(ch) |==> i + 1 < strLen
634:COR:&&(boolean,boolean):RHS(boolean,boolean):org.apache.commons.lang3.StringUtils@indexOfAnyBut(java.lang.CharSequence,java.lang.CharSequence):1719:71091:i + 1 < strLen && Character.isHighSurrogate(ch) |==> Character.isHighSurrogate(ch)
635:LVR:POS:0:org.apache.commons.lang3.StringUtils@indexOfAnyBut(java.lang.CharSequence,java.lang.CharSequence):1720:71166:1 |==> 0
636:LVR:POS:NEG:org.apache.commons.lang3.StringUtils@indexOfAnyBut(java.lang.CharSequence,java.lang.CharSequence):1720:71166:1 |==> -1
637:AOR:+(int,int):%(int,int):org.apache.commons.lang3.StringUtils@indexOfAnyBut(java.lang.CharSequence,java.lang.CharSequence):1720:71162:i + 1 |==> i % 1
638:AOR:+(int,int):*(int,int):org.apache.commons.lang3.StringUtils@indexOfAnyBut(java.lang.CharSequence,java.lang.CharSequence):1720:71162:i + 1 |==> i * 1
639:AOR:+(int,int):-(int,int):org.apache.commons.lang3.StringUtils@indexOfAnyBut(java.lang.CharSequence,java.lang.CharSequence):1720:71162:i + 1 |==> i - 1
640:AOR:+(int,int):/(int,int):org.apache.commons.lang3.StringUtils@indexOfAnyBut(java.lang.CharSequence,java.lang.CharSequence):1720:71162:i + 1 |==> i / 1
641:LVR:0:POS:org.apache.commons.lang3.StringUtils@indexOfAnyBut(java.lang.CharSequence,java.lang.CharSequence):1721:71245:0 |==> 1
642:LVR:0:NEG:org.apache.commons.lang3.StringUtils@indexOfAnyBut(java.lang.CharSequence,java.lang.CharSequence):1721:71245:0 |==> -1
643:LVR:0:POS:org.apache.commons.lang3.StringUtils@indexOfAnyBut(java.lang.CharSequence,java.lang.CharSequence):1721:71250:0 |==> 1
644:LVR:0:NEG:org.apache.commons.lang3.StringUtils@indexOfAnyBut(java.lang.CharSequence,java.lang.CharSequence):1721:71250:0 |==> -1
645:ROR:<(int,int):!=(int,int):org.apache.commons.lang3.StringUtils@indexOfAnyBut(java.lang.CharSequence,java.lang.CharSequence):1721:71201:CharSequenceUtils.indexOf(searchChars, ch2, 0) < 0 |==> CharSequenceUtils.indexOf(searchChars, ch2, 0) != 0
646:ROR:<(int,int):<=(int,int):org.apache.commons.lang3.StringUtils@indexOfAnyBut(java.lang.CharSequence,java.lang.CharSequence):1721:71201:CharSequenceUtils.indexOf(searchChars, ch2, 0) < 0 |==> CharSequenceUtils.indexOf(searchChars, ch2, 0) <= 0
647:ROR:<(int,int):FALSE(int,int):org.apache.commons.lang3.StringUtils@indexOfAnyBut(java.lang.CharSequence,java.lang.CharSequence):1721:71248:CharSequenceUtils.indexOf(searchChars, ch2, 0) < 0 |==> false
648:COR:&&(boolean,boolean):==(boolean,boolean):org.apache.commons.lang3.StringUtils@indexOfAnyBut(java.lang.CharSequence,java.lang.CharSequence):1721:71190:chFound && CharSequenceUtils.indexOf(searchChars, ch2, 0) < 0 |==> chFound == CharSequenceUtils.indexOf(searchChars, ch2, 0) < 0
649:COR:&&(boolean,boolean):FALSE(boolean,boolean):org.apache.commons.lang3.StringUtils@indexOfAnyBut(java.lang.CharSequence,java.lang.CharSequence):1721:71198:chFound && CharSequenceUtils.indexOf(searchChars, ch2, 0) < 0 |==> false
650:COR:&&(boolean,boolean):LHS(boolean,boolean):org.apache.commons.lang3.StringUtils@indexOfAnyBut(java.lang.CharSequence,java.lang.CharSequence):1721:71190:chFound && CharSequenceUtils.indexOf(searchChars, ch2, 0) < 0 |==> chFound
651:COR:&&(boolean,boolean):RHS(boolean,boolean):org.apache.commons.lang3.StringUtils@indexOfAnyBut(java.lang.CharSequence,java.lang.CharSequence):1721:71201:chFound && CharSequenceUtils.indexOf(searchChars, ch2, 0) < 0 |==> CharSequenceUtils.indexOf(searchChars, ch2, 0) < 0
652:COR:<IDENTIFIER(boolean)>:FALSE:org.apache.commons.lang3.StringUtils@indexOfAnyBut(java.lang.CharSequence,java.lang.CharSequence):1725:71345:chFound |==> false
653:COR:<IDENTIFIER(boolean)>:TRUE:org.apache.commons.lang3.StringUtils@indexOfAnyBut(java.lang.CharSequence,java.lang.CharSequence):1725:71345:chFound |==> true
654:ROR:==(java.lang.Object,java.lang.Object):FALSE(java.lang.Object,java.lang.Object):org.apache.commons.lang3.StringUtils@containsOnly(java.lang.CharSequence,char[]):1759:72749:valid == null |==> false
655:ROR:==(java.lang.Object,java.lang.Object):FALSE(java.lang.Object,java.lang.Object):org.apache.commons.lang3.StringUtils@containsOnly(java.lang.CharSequence,char[]):1759:72763:cs == null |==> false
656:COR:||(boolean,boolean):!=(boolean,boolean):org.apache.commons.lang3.StringUtils@containsOnly(java.lang.CharSequence,char[]):1759:72743:valid == null || cs == null |==> valid == null != (cs == null)
657:COR:||(boolean,boolean):LHS(boolean,boolean):org.apache.commons.lang3.StringUtils@containsOnly(java.lang.CharSequence,char[]):1759:72743:valid == null || cs == null |==> valid == null
658:COR:||(boolean,boolean):RHS(boolean,boolean):org.apache.commons.lang3.StringUtils@containsOnly(java.lang.CharSequence,char[]):1759:72760:valid == null || cs == null |==> cs == null
659:COR:||(boolean,boolean):TRUE(boolean,boolean):org.apache.commons.lang3.StringUtils@containsOnly(java.lang.CharSequence,char[]):1759:72757:valid == null || cs == null |==> true
660:LVR:FALSE:TRUE:org.apache.commons.lang3.StringUtils@containsOnly(java.lang.CharSequence,char[]):1760:72793:false |==> true
661:LVR:0:POS:org.apache.commons.lang3.StringUtils@containsOnly(java.lang.CharSequence,char[]):1762:72837:0 |==> 1
662:LVR:0:NEG:org.apache.commons.lang3.StringUtils@containsOnly(java.lang.CharSequence,char[]):1762:72837:0 |==> -1
663:ROR:==(int,int):>=(int,int):org.apache.commons.lang3.StringUtils@containsOnly(java.lang.CharSequence,char[]):1762:72822:cs.length() == 0 |==> cs.length() >= 0
664:ROR:==(int,int):FALSE(int,int):org.apache.commons.lang3.StringUtils@containsOnly(java.lang.CharSequence,char[]):1762:72834:cs.length() == 0 |==> false
665:LVR:TRUE:FALSE:org.apache.commons.lang3.StringUtils@containsOnly(java.lang.CharSequence,char[]):1763:72861:true |==> false
666:LVR:0:POS:org.apache.commons.lang3.StringUtils@containsOnly(java.lang.CharSequence,char[]):1765:72905:0 |==> 1
667:LVR:0:NEG:org.apache.commons.lang3.StringUtils@containsOnly(java.lang.CharSequence,char[]):1765:72905:0 |==> -1
668:ROR:==(int,int):>=(int,int):org.apache.commons.lang3.StringUtils@containsOnly(java.lang.CharSequence,char[]):1765:72889:valid.length == 0 |==> valid.length >= 0
669:ROR:==(int,int):FALSE(int,int):org.apache.commons.lang3.StringUtils@containsOnly(java.lang.CharSequence,char[]):1765:72902:valid.length == 0 |==> false
670:LVR:FALSE:TRUE:org.apache.commons.lang3.StringUtils@containsOnly(java.lang.CharSequence,char[]):1766:72929:false |==> true
671:ROR:==(int,int):<=(int,int):org.apache.commons.lang3.StringUtils@containsOnly(java.lang.CharSequence,char[]):1768:72961:indexOfAnyBut(cs, valid) == INDEX_NOT_FOUND |==> indexOfAnyBut(cs, valid) <= INDEX_NOT_FOUND
672:ROR:==(int,int):>=(int,int):org.apache.commons.lang3.StringUtils@containsOnly(java.lang.CharSequence,char[]):1768:72961:indexOfAnyBut(cs, valid) == INDEX_NOT_FOUND |==> indexOfAnyBut(cs, valid) >= INDEX_NOT_FOUND
673:ROR:==(int,int):FALSE(int,int):org.apache.commons.lang3.StringUtils@containsOnly(java.lang.CharSequence,char[]):1768:72986:indexOfAnyBut(cs, valid) == INDEX_NOT_FOUND |==> false
674:ROR:==(java.lang.Object,java.lang.Object):FALSE(java.lang.Object,java.lang.Object):org.apache.commons.lang3.StringUtils@containsOnly(java.lang.CharSequence,java.lang.String):1795:74147:cs == null |==> false
675:ROR:==(java.lang.Object,java.lang.Object):FALSE(java.lang.Object,java.lang.Object):org.apache.commons.lang3.StringUtils@containsOnly(java.lang.CharSequence,java.lang.String):1795:74169:validChars == null |==> false
676:COR:||(boolean,boolean):!=(boolean,boolean):org.apache.commons.lang3.StringUtils@containsOnly(java.lang.CharSequence,java.lang.String):1795:74144:cs == null || validChars == null |==> cs == null != (validChars == null)
677:COR:||(boolean,boolean):LHS(boolean,boolean):org.apache.commons.lang3.StringUtils@containsOnly(java.lang.CharSequence,java.lang.String):1795:74144:cs == null || validChars == null |==> cs == null
678:COR:||(boolean,boolean):RHS(boolean,boolean):org.apache.commons.lang3.StringUtils@containsOnly(java.lang.CharSequence,java.lang.String):1795:74158:cs == null || validChars == null |==> validChars == null
679:COR:||(boolean,boolean):TRUE(boolean,boolean):org.apache.commons.lang3.StringUtils@containsOnly(java.lang.CharSequence,java.lang.String):1795:74155:cs == null || validChars == null |==> true
680:LVR:FALSE:TRUE:org.apache.commons.lang3.StringUtils@containsOnly(java.lang.CharSequence,java.lang.String):1796:74199:false |==> true
681:ROR:==(java.lang.Object,java.lang.Object):FALSE(java.lang.Object,java.lang.Object):org.apache.commons.lang3.StringUtils@containsNone(java.lang.CharSequence,char[]):1827:75523:cs == null |==> false
682:ROR:==(java.lang.Object,java.lang.Object):FALSE(java.lang.Object,java.lang.Object):org.apache.commons.lang3.StringUtils@containsNone(java.lang.CharSequence,char[]):1827:75546:searchChars == null |==> false
683:COR:||(boolean,boolean):!=(boolean,boolean):org.apache.commons.lang3.StringUtils@containsNone(java.lang.CharSequence,char[]):1827:75520:cs == null || searchChars == null |==> cs == null != (searchChars == null)
684:COR:||(boolean,boolean):LHS(boolean,boolean):org.apache.commons.lang3.StringUtils@containsNone(java.lang.CharSequence,char[]):1827:75520:cs == null || searchChars == null |==> cs == null
685:COR:||(boolean,boolean):RHS(boolean,boolean):org.apache.commons.lang3.StringUtils@containsNone(java.lang.CharSequence,char[]):1827:75534:cs == null || searchChars == null |==> searchChars == null
686:COR:||(boolean,boolean):TRUE(boolean,boolean):org.apache.commons.lang3.StringUtils@containsNone(java.lang.CharSequence,char[]):1827:75531:cs == null || searchChars == null |==> true
687:LVR:TRUE:FALSE:org.apache.commons.lang3.StringUtils@containsNone(java.lang.CharSequence,char[]):1828:75576:true |==> false
688:LVR:POS:0:org.apache.commons.lang3.StringUtils@containsNone(java.lang.CharSequence,char[]):1831:75654:1 |==> 0
689:LVR:POS:NEG:org.apache.commons.lang3.StringUtils@containsNone(java.lang.CharSequence,char[]):1831:75654:1 |==> -1
690:AOR:-(int,int):%(int,int):org.apache.commons.lang3.StringUtils@containsNone(java.lang.CharSequence,char[]):1831:75646:csLen - 1 |==> csLen % 1
691:AOR:-(int,int):*(int,int):org.apache.commons.lang3.StringUtils@containsNone(java.lang.CharSequence,char[]):1831:75646:csLen - 1 |==> csLen * 1
692:AOR:-(int,int):+(int,int):org.apache.commons.lang3.StringUtils@containsNone(java.lang.CharSequence,char[]):1831:75646:csLen - 1 |==> csLen + 1
693:AOR:-(int,int):/(int,int):org.apache.commons.lang3.StringUtils@containsNone(java.lang.CharSequence,char[]):1831:75646:csLen - 1 |==> csLen / 1
694:LVR:POS:0:org.apache.commons.lang3.StringUtils@containsNone(java.lang.CharSequence,char[]):1833:75738:1 |==> 0
695:LVR:POS:NEG:org.apache.commons.lang3.StringUtils@containsNone(java.lang.CharSequence,char[]):1833:75738:1 |==> -1
696:AOR:-(int,int):%(int,int):org.apache.commons.lang3.StringUtils@containsNone(java.lang.CharSequence,char[]):1833:75726:searchLen - 1 |==> searchLen % 1
697:AOR:-(int,int):*(int,int):org.apache.commons.lang3.StringUtils@containsNone(java.lang.CharSequence,char[]):1833:75726:searchLen - 1 |==> searchLen * 1
698:AOR:-(int,int):+(int,int):org.apache.commons.lang3.StringUtils@containsNone(java.lang.CharSequence,char[]):1833:75726:searchLen - 1 |==> searchLen + 1
699:AOR:-(int,int):/(int,int):org.apache.commons.lang3.StringUtils@containsNone(java.lang.CharSequence,char[]):1833:75726:searchLen - 1 |==> searchLen / 1
700:LVR:0:POS:org.apache.commons.lang3.StringUtils@containsNone(java.lang.CharSequence,char[]):1834:75762:0 |==> 1
701:LVR:0:NEG:org.apache.commons.lang3.StringUtils@containsNone(java.lang.CharSequence,char[]):1834:75762:0 |==> -1
702:ROR:<(int,int):!=(int,int):org.apache.commons.lang3.StringUtils@containsNone(java.lang.CharSequence,char[]):1834:75765:i < csLen |==> i != csLen
703:ROR:<(int,int):<=(int,int):org.apache.commons.lang3.StringUtils@containsNone(java.lang.CharSequence,char[]):1834:75765:i < csLen |==> i <= csLen
704:ROR:<(int,int):FALSE(int,int):org.apache.commons.lang3.StringUtils@containsNone(java.lang.CharSequence,char[]):1834:75767:i < csLen |==> false
705:LVR:0:POS:org.apache.commons.lang3.StringUtils@containsNone(java.lang.CharSequence,char[]):1836:75844:0 |==> 1
706:LVR:0:NEG:org.apache.commons.lang3.StringUtils@containsNone(java.lang.CharSequence,char[]):1836:75844:0 |==> -1
707:ROR:<(int,int):!=(int,int):org.apache.commons.lang3.StringUtils@containsNone(java.lang.CharSequence,char[]):1836:75847:j < searchLen |==> j != searchLen
708:ROR:<(int,int):<=(int,int):org.apache.commons.lang3.StringUtils@containsNone(java.lang.CharSequence,char[]):1836:75847:j < searchLen |==> j <= searchLen
709:ROR:<(int,int):FALSE(int,int):org.apache.commons.lang3.StringUtils@containsNone(java.lang.CharSequence,char[]):1836:75849:j < searchLen |==> false
710:ROR:==(int,int):<=(int,int):org.apache.commons.lang3.StringUtils@containsNone(java.lang.CharSequence,char[]):1837:75889:searchChars[j] == ch |==> searchChars[j] <= ch
711:ROR:==(int,int):>=(int,int):org.apache.commons.lang3.StringUtils@containsNone(java.lang.CharSequence,char[]):1837:75889:searchChars[j] == ch |==> searchChars[j] >= ch
712:ROR:==(int,int):FALSE(int,int):org.apache.commons.lang3.StringUtils@containsNone(java.lang.CharSequence,char[]):1837:75904:searchChars[j] == ch |==> false
713:COR:<METHOD_INVOCATION(boolean)>:FALSE:org.apache.commons.lang3.StringUtils@containsNone(java.lang.CharSequence,char[]):1838:75962:Character.isHighSurrogate(ch) |==> false
714:COR:<METHOD_INVOCATION(boolean)>:TRUE:org.apache.commons.lang3.StringUtils@containsNone(java.lang.CharSequence,char[]):1838:75962:Character.isHighSurrogate(ch) |==> true
715:ROR:==(int,int):<=(int,int):org.apache.commons.lang3.StringUtils@containsNone(java.lang.CharSequence,char[]):1839:75998:j == searchLast |==> j <= searchLast
716:ROR:==(int,int):>=(int,int):org.apache.commons.lang3.StringUtils@containsNone(java.lang.CharSequence,char[]):1839:75998:j == searchLast |==> j >= searchLast
717:ROR:==(int,int):FALSE(int,int):org.apache.commons.lang3.StringUtils@containsNone(java.lang.CharSequence,char[]):1839:76000:j == searchLast |==> false
718:LVR:FALSE:TRUE:org.apache.commons.lang3.StringUtils@containsNone(java.lang.CharSequence,char[]):1841:76140:false |==> true
719:ROR:<(int,int):!=(int,int):org.apache.commons.lang3.StringUtils@containsNone(java.lang.CharSequence,char[]):1843:76201:i < csLast |==> i != csLast
720:ROR:<(int,int):<=(int,int):org.apache.commons.lang3.StringUtils@containsNone(java.lang.CharSequence,char[]):1843:76201:i < csLast |==> i <= csLast
721:ROR:<(int,int):FALSE(int,int):org.apache.commons.lang3.StringUtils@containsNone(java.lang.CharSequence,char[]):1843:76203:i < csLast |==> false
722:LVR:POS:0:org.apache.commons.lang3.StringUtils@containsNone(java.lang.CharSequence,char[]):1843:76231:1 |==> 0
723:LVR:POS:NEG:org.apache.commons.lang3.StringUtils@containsNone(java.lang.CharSequence,char[]):1843:76231:1 |==> -1
724:AOR:+(int,int):%(int,int):org.apache.commons.lang3.StringUtils@containsNone(java.lang.CharSequence,char[]):1843:76227:j + 1 |==> j % 1
725:AOR:+(int,int):*(int,int):org.apache.commons.lang3.StringUtils@containsNone(java.lang.CharSequence,char[]):1843:76227:j + 1 |==> j * 1
726:AOR:+(int,int):-(int,int):org.apache.commons.lang3.StringUtils@containsNone(java.lang.CharSequence,char[]):1843:76227:j + 1 |==> j - 1
727:AOR:+(int,int):/(int,int):org.apache.commons.lang3.StringUtils@containsNone(java.lang.CharSequence,char[]):1843:76227:j + 1 |==> j / 1
728:LVR:POS:0:org.apache.commons.lang3.StringUtils@containsNone(java.lang.CharSequence,char[]):1843:76251:1 |==> 0
729:LVR:POS:NEG:org.apache.commons.lang3.StringUtils@containsNone(java.lang.CharSequence,char[]):1843:76251:1 |==> -1
730:AOR:+(int,int):%(int,int):org.apache.commons.lang3.StringUtils@containsNone(java.lang.CharSequence,char[]):1843:76247:i + 1 |==> i % 1
731:AOR:+(int,int):*(int,int):org.apache.commons.lang3.StringUtils@containsNone(java.lang.CharSequence,char[]):1843:76247:i + 1 |==> i * 1
732:AOR:+(int,int):-(int,int):org.apache.commons.lang3.StringUtils@containsNone(java.lang.CharSequence,char[]):1843:76247:i + 1 |==> i - 1
733:AOR:+(int,int):/(int,int):org.apache.commons.lang3.StringUtils@containsNone(java.lang.CharSequence,char[]):1843:76247:i + 1 |==> i / 1
734:ROR:==(int,int):<=(int,int):org.apache.commons.lang3.StringUtils@containsNone(java.lang.CharSequence,char[]):1843:76215:searchChars[j + 1] == cs.charAt(i + 1) |==> searchChars[j + 1] <= cs.charAt(i + 1)
735:ROR:==(int,int):>=(int,int):org.apache.commons.lang3.StringUtils@containsNone(java.lang.CharSequence,char[]):1843:76215:searchChars[j + 1] == cs.charAt(i + 1) |==> searchChars[j + 1] >= cs.charAt(i + 1)
736:ROR:==(int,int):FALSE(int,int):org.apache.commons.lang3.StringUtils@containsNone(java.lang.CharSequence,char[]):1843:76234:searchChars[j + 1] == cs.charAt(i + 1) |==> false
737:COR:&&(boolean,boolean):==(boolean,boolean):org.apache.commons.lang3.StringUtils@containsNone(java.lang.CharSequence,char[]):1843:76201:i < csLast && searchChars[j + 1] == cs.charAt(i + 1) |==> i < csLast == (searchChars[j + 1] == cs.charAt(i + 1))
738:COR:&&(boolean,boolean):FALSE(boolean,boolean):org.apache.commons.lang3.StringUtils@containsNone(java.lang.CharSequence,char[]):1843:76212:i < csLast && searchChars[j + 1] == cs.charAt(i + 1) |==> false
739:COR:&&(boolean,boolean):LHS(boolean,boolean):org.apache.commons.lang3.StringUtils@containsNone(java.lang.CharSequence,char[]):1843:76201:i < csLast && searchChars[j + 1] == cs.charAt(i + 1) |==> i < csLast
740:COR:&&(boolean,boolean):RHS(boolean,boolean):org.apache.commons.lang3.StringUtils@containsNone(java.lang.CharSequence,char[]):1843:76215:i < csLast && searchChars[j + 1] == cs.charAt(i + 1) |==> searchChars[j + 1] == cs.charAt(i + 1)
741:LVR:FALSE:TRUE:org.apache.commons.lang3.StringUtils@containsNone(java.lang.CharSequence,char[]):1844:76292:false |==> true
742:LVR:FALSE:TRUE:org.apache.commons.lang3.StringUtils@containsNone(java.lang.CharSequence,char[]):1848:76450:false |==> true
743:LVR:TRUE:FALSE:org.apache.commons.lang3.StringUtils@containsNone(java.lang.CharSequence,char[]):1853:76536:true |==> false
744:ROR:==(java.lang.Object,java.lang.Object):FALSE(java.lang.Object,java.lang.Object):org.apache.commons.lang3.StringUtils@containsNone(java.lang.CharSequence,java.lang.String):1880:77678:cs == null |==> false
745:ROR:==(java.lang.Object,java.lang.Object):FALSE(java.lang.Object,java.lang.Object):org.apache.commons.lang3.StringUtils@containsNone(java.lang.CharSequence,java.lang.String):1880:77702:invalidChars == null |==> false
746:COR:||(boolean,boolean):!=(boolean,boolean):org.apache.commons.lang3.StringUtils@containsNone(java.lang.CharSequence,java.lang.String):1880:77675:cs == null || invalidChars == null |==> cs == null != (invalidChars == null)
747:COR:||(boolean,boolean):LHS(boolean,boolean):org.apache.commons.lang3.StringUtils@containsNone(java.lang.CharSequence,java.lang.String):1880:77675:cs == null || invalidChars == null |==> cs == null
748:COR:||(boolean,boolean):RHS(boolean,boolean):org.apache.commons.lang3.StringUtils@containsNone(java.lang.CharSequence,java.lang.String):1880:77689:cs == null || invalidChars == null |==> invalidChars == null
749:COR:||(boolean,boolean):TRUE(boolean,boolean):org.apache.commons.lang3.StringUtils@containsNone(java.lang.CharSequence,java.lang.String):1880:77686:cs == null || invalidChars == null |==> true
750:LVR:TRUE:FALSE:org.apache.commons.lang3.StringUtils@containsNone(java.lang.CharSequence,java.lang.String):1881:77732:true |==> false
751:ROR:==(java.lang.Object,java.lang.Object):FALSE(java.lang.Object,java.lang.Object):org.apache.commons.lang3.StringUtils@indexOfAny(java.lang.CharSequence,java.lang.CharSequence[]):1916:79471:str == null |==> false
752:ROR:==(java.lang.Object,java.lang.Object):FALSE(java.lang.Object,java.lang.Object):org.apache.commons.lang3.StringUtils@indexOfAny(java.lang.CharSequence,java.lang.CharSequence[]):1916:79493:searchStrs == null |==> false
753:COR:||(boolean,boolean):!=(boolean,boolean):org.apache.commons.lang3.StringUtils@indexOfAny(java.lang.CharSequence,java.lang.CharSequence[]):1916:79467:str == null || searchStrs == null |==> str == null != (searchStrs == null)
754:COR:||(boolean,boolean):LHS(boolean,boolean):org.apache.commons.lang3.StringUtils@indexOfAny(java.lang.CharSequence,java.lang.CharSequence[]):1916:79467:str == null || searchStrs == null |==> str == null
755:COR:||(boolean,boolean):RHS(boolean,boolean):org.apache.commons.lang3.StringUtils@indexOfAny(java.lang.CharSequence,java.lang.CharSequence[]):1916:79482:str == null || searchStrs == null |==> searchStrs == null
756:COR:||(boolean,boolean):TRUE(boolean,boolean):org.apache.commons.lang3.StringUtils@indexOfAny(java.lang.CharSequence,java.lang.CharSequence[]):1916:79479:str == null || searchStrs == null |==> true
757:LVR:0:POS:org.apache.commons.lang3.StringUtils@indexOfAny(java.lang.CharSequence,java.lang.CharSequence[]):1925:79719:0 |==> 1
758:LVR:0:NEG:org.apache.commons.lang3.StringUtils@indexOfAny(java.lang.CharSequence,java.lang.CharSequence[]):1925:79719:0 |==> -1
759:ROR:<(int,int):!=(int,int):org.apache.commons.lang3.StringUtils@indexOfAny(java.lang.CharSequence,java.lang.CharSequence[]):1925:79722:i < sz |==> i != sz
760:ROR:<(int,int):<=(int,int):org.apache.commons.lang3.StringUtils@indexOfAny(java.lang.CharSequence,java.lang.CharSequence[]):1925:79722:i < sz |==> i <= sz
761:ROR:<(int,int):FALSE(int,int):org.apache.commons.lang3.StringUtils@indexOfAny(java.lang.CharSequence,java.lang.CharSequence[]):1925:79724:i < sz |==> false
762:ROR:==(java.lang.Object,java.lang.Object):FALSE(java.lang.Object,java.lang.Object):org.apache.commons.lang3.StringUtils@indexOfAny(java.lang.CharSequence,java.lang.CharSequence[]):1927:79809:search == null |==> false
763:LVR:0:POS:org.apache.commons.lang3.StringUtils@indexOfAny(java.lang.CharSequence,java.lang.CharSequence[]):1930:79917:0 |==> 1
764:LVR:0:NEG:org.apache.commons.lang3.StringUtils@indexOfAny(java.lang.CharSequence,java.lang.CharSequence[]):1930:79917:0 |==> -1
765:STD:<ASSIGN>:<NO-OP>:org.apache.commons.lang3.StringUtils@indexOfAny(java.lang.CharSequence,java.lang.CharSequence[]):1930:79872:tmp = CharSequenceUtils.indexOf(str, search, 0); |==> <NO-OP>
766:ROR:==(int,int):<=(int,int):org.apache.commons.lang3.StringUtils@indexOfAny(java.lang.CharSequence,java.lang.CharSequence[]):1931:79937:tmp == INDEX_NOT_FOUND |==> tmp <= INDEX_NOT_FOUND
767:ROR:==(int,int):>=(int,int):org.apache.commons.lang3.StringUtils@indexOfAny(java.lang.CharSequence,java.lang.CharSequence[]):1931:79937:tmp == INDEX_NOT_FOUND |==> tmp >= INDEX_NOT_FOUND
768:ROR:==(int,int):FALSE(int,int):org.apache.commons.lang3.StringUtils@indexOfAny(java.lang.CharSequence,java.lang.CharSequence[]):1931:79941:tmp == INDEX_NOT_FOUND |==> false
769:ROR:<(int,int):!=(int,int):org.apache.commons.lang3.StringUtils@indexOfAny(java.lang.CharSequence,java.lang.CharSequence[]):1935:80020:tmp < ret |==> tmp != ret
770:ROR:<(int,int):<=(int,int):org.apache.commons.lang3.StringUtils@indexOfAny(java.lang.CharSequence,java.lang.CharSequence[]):1935:80020:tmp < ret |==> tmp <= ret
771:ROR:<(int,int):FALSE(int,int):org.apache.commons.lang3.StringUtils@indexOfAny(java.lang.CharSequence,java.lang.CharSequence[]):1935:80024:tmp < ret |==> false
772:STD:<ASSIGN>:<NO-OP>:org.apache.commons.lang3.StringUtils@indexOfAny(java.lang.CharSequence,java.lang.CharSequence[]):1936:80049:ret = tmp; |==> <NO-OP>
773:ROR:==(int,int):<=(int,int):org.apache.commons.lang3.StringUtils@indexOfAny(java.lang.CharSequence,java.lang.CharSequence[]):1940:80101:ret == Integer.MAX_VALUE |==> ret <= Integer.MAX_VALUE
774:ROR:==(int,int):FALSE(int,int):org.apache.commons.lang3.StringUtils@indexOfAny(java.lang.CharSequence,java.lang.CharSequence[]):1940:80105:ret == Integer.MAX_VALUE |==> false
775:ROR:==(java.lang.Object,java.lang.Object):FALSE(java.lang.Object,java.lang.Object):org.apache.commons.lang3.StringUtils@lastIndexOfAny(java.lang.CharSequence,java.lang.CharSequence[]):1970:81687:str == null |==> false
776:ROR:==(java.lang.Object,java.lang.Object):FALSE(java.lang.Object,java.lang.Object):org.apache.commons.lang3.StringUtils@lastIndexOfAny(java.lang.CharSequence,java.lang.CharSequence[]):1970:81709:searchStrs == null |==> false
777:COR:||(boolean,boolean):!=(boolean,boolean):org.apache.commons.lang3.StringUtils@lastIndexOfAny(java.lang.CharSequence,java.lang.CharSequence[]):1970:81683:str == null || searchStrs == null |==> str == null != (searchStrs == null)
778:COR:||(boolean,boolean):LHS(boolean,boolean):org.apache.commons.lang3.StringUtils@lastIndexOfAny(java.lang.CharSequence,java.lang.CharSequence[]):1970:81683:str == null || searchStrs == null |==> str == null
779:COR:||(boolean,boolean):RHS(boolean,boolean):org.apache.commons.lang3.StringUtils@lastIndexOfAny(java.lang.CharSequence,java.lang.CharSequence[]):1970:81698:str == null || searchStrs == null |==> searchStrs == null
780:COR:||(boolean,boolean):TRUE(boolean,boolean):org.apache.commons.lang3.StringUtils@lastIndexOfAny(java.lang.CharSequence,java.lang.CharSequence[]):1970:81695:str == null || searchStrs == null |==> true
781:LVR:0:POS:org.apache.commons.lang3.StringUtils@lastIndexOfAny(java.lang.CharSequence,java.lang.CharSequence[]):1976:81879:0 |==> 1
782:LVR:0:NEG:org.apache.commons.lang3.StringUtils@lastIndexOfAny(java.lang.CharSequence,java.lang.CharSequence[]):1976:81879:0 |==> -1
783:ROR:<(int,int):!=(int,int):org.apache.commons.lang3.StringUtils@lastIndexOfAny(java.lang.CharSequence,java.lang.CharSequence[]):1976:81882:i < sz |==> i != sz
784:ROR:<(int,int):<=(int,int):org.apache.commons.lang3.StringUtils@lastIndexOfAny(java.lang.CharSequence,java.lang.CharSequence[]):1976:81882:i < sz |==> i <= sz
785:ROR:<(int,int):FALSE(int,int):org.apache.commons.lang3.StringUtils@lastIndexOfAny(java.lang.CharSequence,java.lang.CharSequence[]):1976:81884:i < sz |==> false
786:ROR:==(java.lang.Object,java.lang.Object):FALSE(java.lang.Object,java.lang.Object):org.apache.commons.lang3.StringUtils@lastIndexOfAny(java.lang.CharSequence,java.lang.CharSequence[]):1978:81969:search == null |==> false
787:STD:<ASSIGN>:<NO-OP>:org.apache.commons.lang3.StringUtils@lastIndexOfAny(java.lang.CharSequence,java.lang.CharSequence[]):1981:82032:tmp = CharSequenceUtils.lastIndexOf(str, search, str.length()); |==> <NO-OP>
788:ROR:>(int,int):!=(int,int):org.apache.commons.lang3.StringUtils@lastIndexOfAny(java.lang.CharSequence,java.lang.CharSequence[]):1982:82112:tmp > ret |==> tmp != ret
789:ROR:>(int,int):>=(int,int):org.apache.commons.lang3.StringUtils@lastIndexOfAny(java.lang.CharSequence,java.lang.CharSequence[]):1982:82112:tmp > ret |==> tmp >= ret
790:ROR:>(int,int):FALSE(int,int):org.apache.commons.lang3.StringUtils@lastIndexOfAny(java.lang.CharSequence,java.lang.CharSequence[]):1982:82116:tmp > ret |==> false
791:STD:<ASSIGN>:<NO-OP>:org.apache.commons.lang3.StringUtils@lastIndexOfAny(java.lang.CharSequence,java.lang.CharSequence[]):1983:82141:ret = tmp; |==> <NO-OP>
792:ROR:==(java.lang.Object,java.lang.Object):FALSE(java.lang.Object,java.lang.Object):org.apache.commons.lang3.StringUtils@substring(java.lang.String,int):2016:83355:str == null |==> false
793:LVR:0:POS:org.apache.commons.lang3.StringUtils@substring(java.lang.String,int):2021:83481:0 |==> 1
794:LVR:0:NEG:org.apache.commons.lang3.StringUtils@substring(java.lang.String,int):2021:83481:0 |==> -1
795:ROR:<(int,int):!=(int,int):org.apache.commons.lang3.StringUtils@substring(java.lang.String,int):2021:83473:start < 0 |==> start != 0
796:ROR:<(int,int):<=(int,int):org.apache.commons.lang3.StringUtils@substring(java.lang.String,int):2021:83473:start < 0 |==> start <= 0
797:ROR:<(int,int):FALSE(int,int):org.apache.commons.lang3.StringUtils@substring(java.lang.String,int):2021:83479:start < 0 |==> false
798:AOR:+(int,int):%(int,int):org.apache.commons.lang3.StringUtils@substring(java.lang.String,int):2022:83506:str.length() + start |==> str.length() % start
799:AOR:+(int,int):*(int,int):org.apache.commons.lang3.StringUtils@substring(java.lang.String,int):2022:83506:str.length() + start |==> str.length() * start
800:AOR:+(int,int):-(int,int):org.apache.commons.lang3.StringUtils@substring(java.lang.String,int):2022:83506:str.length() + start |==> str.length() - start
801:AOR:+(int,int):/(int,int):org.apache.commons.lang3.StringUtils@substring(java.lang.String,int):2022:83506:str.length() + start |==> str.length() / start
802:STD:<ASSIGN>:<NO-OP>:org.apache.commons.lang3.StringUtils@substring(java.lang.String,int):2022:83498:start = str.length() + start; |==> <NO-OP>
803:LVR:0:POS:org.apache.commons.lang3.StringUtils@substring(java.lang.String,int):2025:83589:0 |==> 1
804:LVR:0:NEG:org.apache.commons.lang3.StringUtils@substring(java.lang.String,int):2025:83589:0 |==> -1
805:ROR:<(int,int):!=(int,int):org.apache.commons.lang3.StringUtils@substring(java.lang.String,int):2025:83581:start < 0 |==> start != 0
806:ROR:<(int,int):<=(int,int):org.apache.commons.lang3.StringUtils@substring(java.lang.String,int):2025:83581:start < 0 |==> start <= 0
807:ROR:<(int,int):FALSE(int,int):org.apache.commons.lang3.StringUtils@substring(java.lang.String,int):2025:83587:start < 0 |==> false
808:LVR:0:POS:org.apache.commons.lang3.StringUtils@substring(java.lang.String,int):2026:83614:0 |==> 1
809:LVR:0:NEG:org.apache.commons.lang3.StringUtils@substring(java.lang.String,int):2026:83614:0 |==> -1
810:STD:<ASSIGN>:<NO-OP>:org.apache.commons.lang3.StringUtils@substring(java.lang.String,int):2026:83606:start = 0; |==> <NO-OP>
811:ROR:>(int,int):!=(int,int):org.apache.commons.lang3.StringUtils@substring(java.lang.String,int):2028:83639:start > str.length() |==> start != str.length()
812:ROR:>(int,int):>=(int,int):org.apache.commons.lang3.StringUtils@substring(java.lang.String,int):2028:83639:start > str.length() |==> start >= str.length()
813:ROR:>(int,int):FALSE(int,int):org.apache.commons.lang3.StringUtils@substring(java.lang.String,int):2028:83645:start > str.length() |==> false
814:ROR:==(java.lang.Object,java.lang.Object):FALSE(java.lang.Object,java.lang.Object):org.apache.commons.lang3.StringUtils@substring(java.lang.String,int,int):2071:85470:str == null |==> false
815:LVR:0:POS:org.apache.commons.lang3.StringUtils@substring(java.lang.String,int,int):2076:85563:0 |==> 1
816:LVR:0:NEG:org.apache.commons.lang3.StringUtils@substring(java.lang.String,int,int):2076:85563:0 |==> -1
817:ROR:<(int,int):!=(int,int):org.apache.commons.lang3.StringUtils@substring(java.lang.String,int,int):2076:85557:end < 0 |==> end != 0
818:ROR:<(int,int):<=(int,int):org.apache.commons.lang3.StringUtils@substring(java.lang.String,int,int):2076:85557:end < 0 |==> end <= 0
819:ROR:<(int,int):FALSE(int,int):org.apache.commons.lang3.StringUtils@substring(java.lang.String,int,int):2076:85561:end < 0 |==> false
820:AOR:+(int,int):%(int,int):org.apache.commons.lang3.StringUtils@substring(java.lang.String,int,int):2077:85586:str.length() + end |==> str.length() % end
821:AOR:+(int,int):*(int,int):org.apache.commons.lang3.StringUtils@substring(java.lang.String,int,int):2077:85586:str.length() + end |==> str.length() * end
822:AOR:+(int,int):-(int,int):org.apache.commons.lang3.StringUtils@substring(java.lang.String,int,int):2077:85586:str.length() + end |==> str.length() - end
823:AOR:+(int,int):/(int,int):org.apache.commons.lang3.StringUtils@substring(java.lang.String,int,int):2077:85586:str.length() + end |==> str.length() / end
824:STD:<ASSIGN>:<NO-OP>:org.apache.commons.lang3.StringUtils@substring(java.lang.String,int,int):2077:85580:end = str.length() + end; |==> <NO-OP>
825:LVR:0:POS:org.apache.commons.lang3.StringUtils@substring(java.lang.String,int,int):2079:85664:0 |==> 1
826:LVR:0:NEG:org.apache.commons.lang3.StringUtils@substring(java.lang.String,int,int):2079:85664:0 |==> -1
827:ROR:<(int,int):!=(int,int):org.apache.commons.lang3.StringUtils@substring(java.lang.String,int,int):2079:85656:start < 0 |==> start != 0
828:ROR:<(int,int):<=(int,int):org.apache.commons.lang3.StringUtils@substring(java.lang.String,int,int):2079:85656:start < 0 |==> start <= 0
829:ROR:<(int,int):FALSE(int,int):org.apache.commons.lang3.StringUtils@substring(java.lang.String,int,int):2079:85662:start < 0 |==> false
830:AOR:+(int,int):%(int,int):org.apache.commons.lang3.StringUtils@substring(java.lang.String,int,int):2080:85689:str.length() + start |==> str.length() % start
831:AOR:+(int,int):*(int,int):org.apache.commons.lang3.StringUtils@substring(java.lang.String,int,int):2080:85689:str.length() + start |==> str.length() * start
832:AOR:+(int,int):-(int,int):org.apache.commons.lang3.StringUtils@substring(java.lang.String,int,int):2080:85689:str.length() + start |==> str.length() - start
833:AOR:+(int,int):/(int,int):org.apache.commons.lang3.StringUtils@substring(java.lang.String,int,int):2080:85689:str.length() + start |==> str.length() / start
834:STD:<ASSIGN>:<NO-OP>:org.apache.commons.lang3.StringUtils@substring(java.lang.String,int,int):2080:85681:start = str.length() + start; |==> <NO-OP>
835:ROR:>(int,int):!=(int,int):org.apache.commons.lang3.StringUtils@substring(java.lang.String,int,int):2084:85793:end > str.length() |==> end != str.length()
836:ROR:>(int,int):>=(int,int):org.apache.commons.lang3.StringUtils@substring(java.lang.String,int,int):2084:85793:end > str.length() |==> end >= str.length()
837:ROR:>(int,int):FALSE(int,int):org.apache.commons.lang3.StringUtils@substring(java.lang.String,int,int):2084:85797:end > str.length() |==> false
838:STD:<ASSIGN>:<NO-OP>:org.apache.commons.lang3.StringUtils@substring(java.lang.String,int,int):2085:85827:end = str.length(); |==> <NO-OP>
839:ROR:>(int,int):!=(int,int):org.apache.commons.lang3.StringUtils@substring(java.lang.String,int,int):2089:85921:start > end |==> start != end
840:ROR:>(int,int):>=(int,int):org.apache.commons.lang3.StringUtils@substring(java.lang.String,int,int):2089:85921:start > end |==> start >= end
841:ROR:>(int,int):FALSE(int,int):org.apache.commons.lang3.StringUtils@substring(java.lang.String,int,int):2089:85927:start > end |==> false
842:LVR:0:POS:org.apache.commons.lang3.StringUtils@substring(java.lang.String,int,int):2093:85993:0 |==> 1
843:LVR:0:NEG:org.apache.commons.lang3.StringUtils@substring(java.lang.String,int,int):2093:85993:0 |==> -1
844:ROR:<(int,int):!=(int,int):org.apache.commons.lang3.StringUtils@substring(java.lang.String,int,int):2093:85985:start < 0 |==> start != 0
845:ROR:<(int,int):<=(int,int):org.apache.commons.lang3.StringUtils@substring(java.lang.String,int,int):2093:85985:start < 0 |==> start <= 0
846:ROR:<(int,int):FALSE(int,int):org.apache.commons.lang3.StringUtils@substring(java.lang.String,int,int):2093:85991:start < 0 |==> false
847:LVR:0:POS:org.apache.commons.lang3.StringUtils@substring(java.lang.String,int,int):2094:86018:0 |==> 1
848:LVR:0:NEG:org.apache.commons.lang3.StringUtils@substring(java.lang.String,int,int):2094:86018:0 |==> -1
849:STD:<ASSIGN>:<NO-OP>:org.apache.commons.lang3.StringUtils@substring(java.lang.String,int,int):2094:86010:start = 0; |==> <NO-OP>
850:LVR:0:POS:org.apache.commons.lang3.StringUtils@substring(java.lang.String,int,int):2096:86049:0 |==> 1
851:LVR:0:NEG:org.apache.commons.lang3.StringUtils@substring(java.lang.String,int,int):2096:86049:0 |==> -1
852:ROR:<(int,int):!=(int,int):org.apache.commons.lang3.StringUtils@substring(java.lang.String,int,int):2096:86043:end < 0 |==> end != 0
853:ROR:<(int,int):<=(int,int):org.apache.commons.lang3.StringUtils@substring(java.lang.String,int,int):2096:86043:end < 0 |==> end <= 0
854:ROR:<(int,int):FALSE(int,int):org.apache.commons.lang3.StringUtils@substring(java.lang.String,int,int):2096:86047:end < 0 |==> false
855:LVR:0:POS:org.apache.commons.lang3.StringUtils@substring(java.lang.String,int,int):2097:86072:0 |==> 1
856:LVR:0:NEG:org.apache.commons.lang3.StringUtils@substring(java.lang.String,int,int):2097:86072:0 |==> -1
857:STD:<ASSIGN>:<NO-OP>:org.apache.commons.lang3.StringUtils@substring(java.lang.String,int,int):2097:86066:end = 0; |==> <NO-OP>
858:ROR:==(java.lang.Object,java.lang.Object):FALSE(java.lang.Object,java.lang.Object):org.apache.commons.lang3.StringUtils@left(java.lang.String,int):2126:87097:str == null |==> false
859:LVR:0:POS:org.apache.commons.lang3.StringUtils@left(java.lang.String,int):2129:87161:0 |==> 1
860:LVR:0:NEG:org.apache.commons.lang3.StringUtils@left(java.lang.String,int):2129:87161:0 |==> -1
861:ROR:<(int,int):!=(int,int):org.apache.commons.lang3.StringUtils@left(java.lang.String,int):2129:87155:len < 0 |==> len != 0
862:ROR:<(int,int):<=(int,int):org.apache.commons.lang3.StringUtils@left(java.lang.String,int):2129:87155:len < 0 |==> len <= 0
863:ROR:<(int,int):FALSE(int,int):org.apache.commons.lang3.StringUtils@left(java.lang.String,int):2129:87159:len < 0 |==> false
864:ROR:<=(int,int):<(int,int):org.apache.commons.lang3.StringUtils@left(java.lang.String,int):2132:87214:str.length() <= len |==> str.length() < len
865:ROR:<=(int,int):==(int,int):org.apache.commons.lang3.StringUtils@left(java.lang.String,int):2132:87214:str.length() <= len |==> str.length() == len
866:ROR:<=(int,int):TRUE(int,int):org.apache.commons.lang3.StringUtils@left(java.lang.String,int):2132:87227:str.length() <= len |==> true
867:LVR:0:POS:org.apache.commons.lang3.StringUtils@left(java.lang.String,int):2135:87300:0 |==> 1
868:LVR:0:NEG:org.apache.commons.lang3.StringUtils@left(java.lang.String,int):2135:87300:0 |==> -1
869:ROR:==(java.lang.Object,java.lang.Object):FALSE(java.lang.Object,java.lang.Object):org.apache.commons.lang3.StringUtils@right(java.lang.String,int):2159:88191:str == null |==> false
870:LVR:0:POS:org.apache.commons.lang3.StringUtils@right(java.lang.String,int):2162:88255:0 |==> 1
871:LVR:0:NEG:org.apache.commons.lang3.StringUtils@right(java.lang.String,int):2162:88255:0 |==> -1
872:ROR:<(int,int):!=(int,int):org.apache.commons.lang3.StringUtils@right(java.lang.String,int):2162:88249:len < 0 |==> len != 0
873:ROR:<(int,int):<=(int,int):org.apache.commons.lang3.StringUtils@right(java.lang.String,int):2162:88249:len < 0 |==> len <= 0
874:ROR:<(int,int):FALSE(int,int):org.apache.commons.lang3.StringUtils@right(java.lang.String,int):2162:88253:len < 0 |==> false
875:ROR:<=(int,int):<(int,int):org.apache.commons.lang3.StringUtils@right(java.lang.String,int):2165:88308:str.length() <= len |==> str.length() < len
876:ROR:<=(int,int):==(int,int):org.apache.commons.lang3.StringUtils@right(java.lang.String,int):2165:88308:str.length() <= len |==> str.length() == len
877:ROR:<=(int,int):TRUE(int,int):org.apache.commons.lang3.StringUtils@right(java.lang.String,int):2165:88321:str.length() <= len |==> true
878:AOR:-(int,int):%(int,int):org.apache.commons.lang3.StringUtils@right(java.lang.String,int):2168:88394:str.length() - len |==> str.length() % len
879:AOR:-(int,int):*(int,int):org.apache.commons.lang3.StringUtils@right(java.lang.String,int):2168:88394:str.length() - len |==> str.length() * len
880:AOR:-(int,int):+(int,int):org.apache.commons.lang3.StringUtils@right(java.lang.String,int):2168:88394:str.length() - len |==> str.length() + len
881:AOR:-(int,int):/(int,int):org.apache.commons.lang3.StringUtils@right(java.lang.String,int):2168:88394:str.length() - len |==> str.length() / len
882:ROR:==(java.lang.Object,java.lang.Object):FALSE(java.lang.Object,java.lang.Object):org.apache.commons.lang3.StringUtils@mid(java.lang.String,int,int):2197:89556:str == null |==> false
883:LVR:0:POS:org.apache.commons.lang3.StringUtils@mid(java.lang.String,int,int):2200:89620:0 |==> 1
884:LVR:0:NEG:org.apache.commons.lang3.StringUtils@mid(java.lang.String,int,int):2200:89620:0 |==> -1
885:ROR:<(int,int):!=(int,int):org.apache.commons.lang3.StringUtils@mid(java.lang.String,int,int):2200:89614:len < 0 |==> len != 0
886:ROR:<(int,int):<=(int,int):org.apache.commons.lang3.StringUtils@mid(java.lang.String,int,int):2200:89614:len < 0 |==> len <= 0
887:ROR:<(int,int):FALSE(int,int):org.apache.commons.lang3.StringUtils@mid(java.lang.String,int,int):2200:89618:len < 0 |==> false
888:ROR:>(int,int):!=(int,int):org.apache.commons.lang3.StringUtils@mid(java.lang.String,int,int):2200:89625:pos > str.length() |==> pos != str.length()
889:ROR:>(int,int):>=(int,int):org.apache.commons.lang3.StringUtils@mid(java.lang.String,int,int):2200:89625:pos > str.length() |==> pos >= str.length()
890:ROR:>(int,int):FALSE(int,int):org.apache.commons.lang3.StringUtils@mid(java.lang.String,int,int):2200:89629:pos > str.length() |==> false
891:COR:||(boolean,boolean):!=(boolean,boolean):org.apache.commons.lang3.StringUtils@mid(java.lang.String,int,int):2200:89614:len < 0 || pos > str.length() |==> len < 0 != pos > str.length()
892:COR:||(boolean,boolean):LHS(boolean,boolean):org.apache.commons.lang3.StringUtils@mid(java.lang.String,int,int):2200:89614:len < 0 || pos > str.length() |==> len < 0
893:COR:||(boolean,boolean):RHS(boolean,boolean):org.apache.commons.lang3.StringUtils@mid(java.lang.String,int,int):2200:89625:len < 0 || pos > str.length() |==> pos > str.length()
894:COR:||(boolean,boolean):TRUE(boolean,boolean):org.apache.commons.lang3.StringUtils@mid(java.lang.String,int,int):2200:89622:len < 0 || pos > str.length() |==> true
895:LVR:0:POS:org.apache.commons.lang3.StringUtils@mid(java.lang.String,int,int):2203:89701:0 |==> 1
896:LVR:0:NEG:org.apache.commons.lang3.StringUtils@mid(java.lang.String,int,int):2203:89701:0 |==> -1
897:ROR:<(int,int):!=(int,int):org.apache.commons.lang3.StringUtils@mid(java.lang.String,int,int):2203:89695:pos < 0 |==> pos != 0
898:ROR:<(int,int):<=(int,int):org.apache.commons.lang3.StringUtils@mid(java.lang.String,int,int):2203:89695:pos < 0 |==> pos <= 0
899:ROR:<(int,int):FALSE(int,int):org.apache.commons.lang3.StringUtils@mid(java.lang.String,int,int):2203:89699:pos < 0 |==> false
900:LVR:0:POS:org.apache.commons.lang3.StringUtils@mid(java.lang.String,int,int):2204:89724:0 |==> 1
901:LVR:0:NEG:org.apache.commons.lang3.StringUtils@mid(java.lang.String,int,int):2204:89724:0 |==> -1
902:STD:<ASSIGN>:<NO-OP>:org.apache.commons.lang3.StringUtils@mid(java.lang.String,int,int):2204:89718:pos = 0; |==> <NO-OP>
903:AOR:+(int,int):%(int,int):org.apache.commons.lang3.StringUtils@mid(java.lang.String,int,int):2206:89766:pos + len |==> pos % len
904:AOR:+(int,int):*(int,int):org.apache.commons.lang3.StringUtils@mid(java.lang.String,int,int):2206:89766:pos + len |==> pos * len
905:AOR:+(int,int):-(int,int):org.apache.commons.lang3.StringUtils@mid(java.lang.String,int,int):2206:89766:pos + len |==> pos - len
906:AOR:+(int,int):/(int,int):org.apache.commons.lang3.StringUtils@mid(java.lang.String,int,int):2206:89766:pos + len |==> pos / len
907:ROR:<=(int,int):<(int,int):org.apache.commons.lang3.StringUtils@mid(java.lang.String,int,int):2206:89749:str.length() <= (pos + len) |==> str.length() < (pos + len)
908:ROR:<=(int,int):==(int,int):org.apache.commons.lang3.StringUtils@mid(java.lang.String,int,int):2206:89749:str.length() <= (pos + len) |==> str.length() == (pos + len)
909:ROR:<=(int,int):TRUE(int,int):org.apache.commons.lang3.StringUtils@mid(java.lang.String,int,int):2206:89762:str.length() <= (pos + len) |==> true
910:AOR:+(int,int):%(int,int):org.apache.commons.lang3.StringUtils@mid(java.lang.String,int,int):2209:89863:pos + len |==> pos % len
911:AOR:+(int,int):*(int,int):org.apache.commons.lang3.StringUtils@mid(java.lang.String,int,int):2209:89863:pos + len |==> pos * len
912:AOR:+(int,int):-(int,int):org.apache.commons.lang3.StringUtils@mid(java.lang.String,int,int):2209:89863:pos + len |==> pos - len
913:AOR:+(int,int):/(int,int):org.apache.commons.lang3.StringUtils@mid(java.lang.String,int,int):2209:89863:pos + len |==> pos / len
914:ROR:==(java.lang.Object,java.lang.Object):FALSE(java.lang.Object,java.lang.Object):org.apache.commons.lang3.StringUtils@substringBefore(java.lang.String,java.lang.String):2242:91262:separator == null |==> false
915:COR:||(boolean,boolean):!=(boolean,boolean):org.apache.commons.lang3.StringUtils@substringBefore(java.lang.String,java.lang.String):2242:91236:isEmpty(str) || separator == null |==> isEmpty(str) != (separator == null)
916:COR:||(boolean,boolean):LHS(boolean,boolean):org.apache.commons.lang3.StringUtils@substringBefore(java.lang.String,java.lang.String):2242:91236:isEmpty(str) || separator == null |==> isEmpty(str)
917:COR:||(boolean,boolean):RHS(boolean,boolean):org.apache.commons.lang3.StringUtils@substringBefore(java.lang.String,java.lang.String):2242:91252:isEmpty(str) || separator == null |==> separator == null
918:COR:||(boolean,boolean):TRUE(boolean,boolean):org.apache.commons.lang3.StringUtils@substringBefore(java.lang.String,java.lang.String):2242:91249:isEmpty(str) || separator == null |==> true
919:LVR:0:POS:org.apache.commons.lang3.StringUtils@substringBefore(java.lang.String,java.lang.String):2245:91341:0 |==> 1
920:LVR:0:NEG:org.apache.commons.lang3.StringUtils@substringBefore(java.lang.String,java.lang.String):2245:91341:0 |==> -1
921:ROR:==(int,int):>=(int,int):org.apache.commons.lang3.StringUtils@substringBefore(java.lang.String,java.lang.String):2245:91319:separator.length() == 0 |==> separator.length() >= 0
922:ROR:==(int,int):FALSE(int,int):org.apache.commons.lang3.StringUtils@substringBefore(java.lang.String,java.lang.String):2245:91338:separator.length() == 0 |==> false
923:ROR:==(int,int):<=(int,int):org.apache.commons.lang3.StringUtils@substringBefore(java.lang.String,java.lang.String):2249:91436:pos == INDEX_NOT_FOUND |==> pos <= INDEX_NOT_FOUND
924:ROR:==(int,int):>=(int,int):org.apache.commons.lang3.StringUtils@substringBefore(java.lang.String,java.lang.String):2249:91436:pos == INDEX_NOT_FOUND |==> pos >= INDEX_NOT_FOUND
925:ROR:==(int,int):FALSE(int,int):org.apache.commons.lang3.StringUtils@substringBefore(java.lang.String,java.lang.String):2249:91440:pos == INDEX_NOT_FOUND |==> false
926:LVR:0:POS:org.apache.commons.lang3.StringUtils@substringBefore(java.lang.String,java.lang.String):2252:91525:0 |==> 1
927:LVR:0:NEG:org.apache.commons.lang3.StringUtils@substringBefore(java.lang.String,java.lang.String):2252:91525:0 |==> -1
928:COR:<METHOD_INVOCATION(boolean)>:FALSE:org.apache.commons.lang3.StringUtils@substringAfter(java.lang.String,java.lang.String):2284:92821:isEmpty(str) |==> false
929:COR:<METHOD_INVOCATION(boolean)>:TRUE:org.apache.commons.lang3.StringUtils@substringAfter(java.lang.String,java.lang.String):2284:92821:isEmpty(str) |==> true
930:ROR:==(java.lang.Object,java.lang.Object):FALSE(java.lang.Object,java.lang.Object):org.apache.commons.lang3.StringUtils@substringAfter(java.lang.String,java.lang.String):2287:92886:separator == null |==> false
931:ROR:==(int,int):<=(int,int):org.apache.commons.lang3.StringUtils@substringAfter(java.lang.String,java.lang.String):2291:92987:pos == INDEX_NOT_FOUND |==> pos <= INDEX_NOT_FOUND
932:ROR:==(int,int):>=(int,int):org.apache.commons.lang3.StringUtils@substringAfter(java.lang.String,java.lang.String):2291:92987:pos == INDEX_NOT_FOUND |==> pos >= INDEX_NOT_FOUND
933:ROR:==(int,int):FALSE(int,int):org.apache.commons.lang3.StringUtils@substringAfter(java.lang.String,java.lang.String):2291:92991:pos == INDEX_NOT_FOUND |==> false
934:AOR:+(int,int):%(int,int):org.apache.commons.lang3.StringUtils@substringAfter(java.lang.String,java.lang.String):2294:93078:pos + separator.length() |==> pos % separator.length()
935:AOR:+(int,int):*(int,int):org.apache.commons.lang3.StringUtils@substringAfter(java.lang.String,java.lang.String):2294:93078:pos + separator.length() |==> pos * separator.length()
936:AOR:+(int,int):-(int,int):org.apache.commons.lang3.StringUtils@substringAfter(java.lang.String,java.lang.String):2294:93078:pos + separator.length() |==> pos - separator.length()
937:AOR:+(int,int):/(int,int):org.apache.commons.lang3.StringUtils@substringAfter(java.lang.String,java.lang.String):2294:93078:pos + separator.length() |==> pos / separator.length()
938:COR:||(boolean,boolean):!=(boolean,boolean):org.apache.commons.lang3.StringUtils@substringBeforeLast(java.lang.String,java.lang.String):2325:94393:isEmpty(str) || isEmpty(separator) |==> isEmpty(str) != isEmpty(separator)
939:COR:||(boolean,boolean):LHS(boolean,boolean):org.apache.commons.lang3.StringUtils@substringBeforeLast(java.lang.String,java.lang.String):2325:94393:isEmpty(str) || isEmpty(separator) |==> isEmpty(str)
940:COR:||(boolean,boolean):RHS(boolean,boolean):org.apache.commons.lang3.StringUtils@substringBeforeLast(java.lang.String,java.lang.String):2325:94409:isEmpty(str) || isEmpty(separator) |==> isEmpty(separator)
941:COR:||(boolean,boolean):TRUE(boolean,boolean):org.apache.commons.lang3.StringUtils@substringBeforeLast(java.lang.String,java.lang.String):2325:94406:isEmpty(str) || isEmpty(separator) |==> true
942:ROR:==(int,int):<=(int,int):org.apache.commons.lang3.StringUtils@substringBeforeLast(java.lang.String,java.lang.String):2329:94523:pos == INDEX_NOT_FOUND |==> pos <= INDEX_NOT_FOUND
943:ROR:==(int,int):>=(int,int):org.apache.commons.lang3.StringUtils@substringBeforeLast(java.lang.String,java.lang.String):2329:94523:pos == INDEX_NOT_FOUND |==> pos >= INDEX_NOT_FOUND
944:ROR:==(int,int):FALSE(int,int):org.apache.commons.lang3.StringUtils@substringBeforeLast(java.lang.String,java.lang.String):2329:94527:pos == INDEX_NOT_FOUND |==> false
945:LVR:0:POS:org.apache.commons.lang3.StringUtils@substringBeforeLast(java.lang.String,java.lang.String):2332:94612:0 |==> 1
946:LVR:0:NEG:org.apache.commons.lang3.StringUtils@substringBeforeLast(java.lang.String,java.lang.String):2332:94612:0 |==> -1
947:COR:<METHOD_INVOCATION(boolean)>:FALSE:org.apache.commons.lang3.StringUtils@substringAfterLast(java.lang.String,java.lang.String):2365:96004:isEmpty(str) |==> false
948:COR:<METHOD_INVOCATION(boolean)>:TRUE:org.apache.commons.lang3.StringUtils@substringAfterLast(java.lang.String,java.lang.String):2365:96004:isEmpty(str) |==> true
949:COR:<METHOD_INVOCATION(boolean)>:FALSE:org.apache.commons.lang3.StringUtils@substringAfterLast(java.lang.String,java.lang.String):2368:96066:isEmpty(separator) |==> false
950:COR:<METHOD_INVOCATION(boolean)>:TRUE:org.apache.commons.lang3.StringUtils@substringAfterLast(java.lang.String,java.lang.String):2368:96066:isEmpty(separator) |==> true
951:ROR:==(int,int):<=(int,int):org.apache.commons.lang3.StringUtils@substringAfterLast(java.lang.String,java.lang.String):2372:96175:pos == INDEX_NOT_FOUND |==> pos <= INDEX_NOT_FOUND
952:ROR:==(int,int):>=(int,int):org.apache.commons.lang3.StringUtils@substringAfterLast(java.lang.String,java.lang.String):2372:96175:pos == INDEX_NOT_FOUND |==> pos >= INDEX_NOT_FOUND
953:ROR:==(int,int):FALSE(int,int):org.apache.commons.lang3.StringUtils@substringAfterLast(java.lang.String,java.lang.String):2372:96179:pos == INDEX_NOT_FOUND |==> false
954:AOR:-(int,int):%(int,int):org.apache.commons.lang3.StringUtils@substringAfterLast(java.lang.String,java.lang.String):2372:96209:str.length() - separator.length() |==> str.length() % separator.length()
955:AOR:-(int,int):*(int,int):org.apache.commons.lang3.StringUtils@substringAfterLast(java.lang.String,java.lang.String):2372:96209:str.length() - separator.length() |==> str.length() * separator.length()
956:AOR:-(int,int):+(int,int):org.apache.commons.lang3.StringUtils@substringAfterLast(java.lang.String,java.lang.String):2372:96209:str.length() - separator.length() |==> str.length() + separator.length()
957:AOR:-(int,int):/(int,int):org.apache.commons.lang3.StringUtils@substringAfterLast(java.lang.String,java.lang.String):2372:96209:str.length() - separator.length() |==> str.length() / separator.length()
958:ROR:==(int,int):<=(int,int):org.apache.commons.lang3.StringUtils@substringAfterLast(java.lang.String,java.lang.String):2372:96201:pos == (str.length() - separator.length()) |==> pos <= (str.length() - separator.length())
959:ROR:==(int,int):>=(int,int):org.apache.commons.lang3.StringUtils@substringAfterLast(java.lang.String,java.lang.String):2372:96201:pos == (str.length() - separator.length()) |==> pos >= (str.length() - separator.length())
960:ROR:==(int,int):FALSE(int,int):org.apache.commons.lang3.StringUtils@substringAfterLast(java.lang.String,java.lang.String):2372:96205:pos == (str.length() - separator.length()) |==> false
961:COR:||(boolean,boolean):!=(boolean,boolean):org.apache.commons.lang3.StringUtils@substringAfterLast(java.lang.String,java.lang.String):2372:96175:pos == INDEX_NOT_FOUND || pos == (str.length() - separator.length()) |==> pos == INDEX_NOT_FOUND != (pos == (str.length() - separator.length()))
962:COR:||(boolean,boolean):LHS(boolean,boolean):org.apache.commons.lang3.StringUtils@substringAfterLast(java.lang.String,java.lang.String):2372:96175:pos == INDEX_NOT_FOUND || pos == (str.length() - separator.length()) |==> pos == INDEX_NOT_FOUND
963:COR:||(boolean,boolean):RHS(boolean,boolean):org.apache.commons.lang3.StringUtils@substringAfterLast(java.lang.String,java.lang.String):2372:96201:pos == INDEX_NOT_FOUND || pos == (str.length() - separator.length()) |==> pos == (str.length() - separator.length())
964:COR:||(boolean,boolean):TRUE(boolean,boolean):org.apache.commons.lang3.StringUtils@substringAfterLast(java.lang.String,java.lang.String):2372:96198:pos == INDEX_NOT_FOUND || pos == (str.length() - separator.length()) |==> true
965:AOR:+(int,int):%(int,int):org.apache.commons.lang3.StringUtils@substringAfterLast(java.lang.String,java.lang.String):2375:96312:pos + separator.length() |==> pos % separator.length()
966:AOR:+(int,int):*(int,int):org.apache.commons.lang3.StringUtils@substringAfterLast(java.lang.String,java.lang.String):2375:96312:pos + separator.length() |==> pos * separator.length()
967:AOR:+(int,int):-(int,int):org.apache.commons.lang3.StringUtils@substringAfterLast(java.lang.String,java.lang.String):2375:96312:pos + separator.length() |==> pos - separator.length()
968:AOR:+(int,int):/(int,int):org.apache.commons.lang3.StringUtils@substringAfterLast(java.lang.String,java.lang.String):2375:96312:pos + separator.length() |==> pos / separator.length()
969:ROR:==(java.lang.Object,java.lang.Object):FALSE(java.lang.Object,java.lang.Object):org.apache.commons.lang3.StringUtils@substringBetween(java.lang.String,java.lang.String,java.lang.String):2433:98812:str == null |==> false
970:ROR:==(java.lang.Object,java.lang.Object):FALSE(java.lang.Object,java.lang.Object):org.apache.commons.lang3.StringUtils@substringBetween(java.lang.String,java.lang.String,java.lang.String):2433:98828:open == null |==> false
971:COR:||(boolean,boolean):!=(boolean,boolean):org.apache.commons.lang3.StringUtils@substringBetween(java.lang.String,java.lang.String,java.lang.String):2433:98808:str == null || open == null |==> str == null != (open == null)
972:COR:||(boolean,boolean):LHS(boolean,boolean):org.apache.commons.lang3.StringUtils@substringBetween(java.lang.String,java.lang.String,java.lang.String):2433:98808:str == null || open == null |==> str == null
973:COR:||(boolean,boolean):RHS(boolean,boolean):org.apache.commons.lang3.StringUtils@substringBetween(java.lang.String,java.lang.String,java.lang.String):2433:98823:str == null || open == null |==> open == null
974:COR:||(boolean,boolean):TRUE(boolean,boolean):org.apache.commons.lang3.StringUtils@substringBetween(java.lang.String,java.lang.String,java.lang.String):2433:98820:str == null || open == null |==> true
975:ROR:==(java.lang.Object,java.lang.Object):FALSE(java.lang.Object,java.lang.Object):org.apache.commons.lang3.StringUtils@substringBetween(java.lang.String,java.lang.String,java.lang.String):2433:98845:close == null |==> false
976:COR:||(boolean,boolean):!=(boolean,boolean):org.apache.commons.lang3.StringUtils@substringBetween(java.lang.String,java.lang.String,java.lang.String):2433:98808:str == null || open == null || close == null |==> (str == null || open == null) != (close == null)
977:COR:||(boolean,boolean):LHS(boolean,boolean):org.apache.commons.lang3.StringUtils@substringBetween(java.lang.String,java.lang.String,java.lang.String):2433:98808:str == null || open == null || close == null |==> str == null || open == null
978:COR:||(boolean,boolean):RHS(boolean,boolean):org.apache.commons.lang3.StringUtils@substringBetween(java.lang.String,java.lang.String,java.lang.String):2433:98839:str == null || open == null || close == null |==> close == null
979:COR:||(boolean,boolean):TRUE(boolean,boolean):org.apache.commons.lang3.StringUtils@substringBetween(java.lang.String,java.lang.String,java.lang.String):2433:98836:str == null || open == null || close == null |==> true
980:ROR:!=(int,int):<(int,int):org.apache.commons.lang3.StringUtils@substringBetween(java.lang.String,java.lang.String,java.lang.String):2437:98942:start != INDEX_NOT_FOUND |==> start < INDEX_NOT_FOUND
981:ROR:!=(int,int):>(int,int):org.apache.commons.lang3.StringUtils@substringBetween(java.lang.String,java.lang.String,java.lang.String):2437:98942:start != INDEX_NOT_FOUND |==> start > INDEX_NOT_FOUND
982:ROR:!=(int,int):TRUE(int,int):org.apache.commons.lang3.StringUtils@substringBetween(java.lang.String,java.lang.String,java.lang.String):2437:98948:start != INDEX_NOT_FOUND |==> true
983:AOR:+(int,int):%(int,int):org.apache.commons.lang3.StringUtils@substringBetween(java.lang.String,java.lang.String,java.lang.String):2438:99011:start + open.length() |==> start % open.length()
984:AOR:+(int,int):*(int,int):org.apache.commons.lang3.StringUtils@substringBetween(java.lang.String,java.lang.String,java.lang.String):2438:99011:start + open.length() |==> start * open.length()
985:AOR:+(int,int):-(int,int):org.apache.commons.lang3.StringUtils@substringBetween(java.lang.String,java.lang.String,java.lang.String):2438:99011:start + open.length() |==> start - open.length()
986:AOR:+(int,int):/(int,int):org.apache.commons.lang3.StringUtils@substringBetween(java.lang.String,java.lang.String,java.lang.String):2438:99011:start + open.length() |==> start / open.length()
987:ROR:!=(int,int):<(int,int):org.apache.commons.lang3.StringUtils@substringBetween(java.lang.String,java.lang.String,java.lang.String):2439:99051:end != INDEX_NOT_FOUND |==> end < INDEX_NOT_FOUND
988:ROR:!=(int,int):>(int,int):org.apache.commons.lang3.StringUtils@substringBetween(java.lang.String,java.lang.String,java.lang.String):2439:99051:end != INDEX_NOT_FOUND |==> end > INDEX_NOT_FOUND
989:ROR:!=(int,int):TRUE(int,int):org.apache.commons.lang3.StringUtils@substringBetween(java.lang.String,java.lang.String,java.lang.String):2439:99055:end != INDEX_NOT_FOUND |==> true
990:AOR:+(int,int):%(int,int):org.apache.commons.lang3.StringUtils@substringBetween(java.lang.String,java.lang.String,java.lang.String):2440:99114:start + open.length() |==> start % open.length()
991:AOR:+(int,int):*(int,int):org.apache.commons.lang3.StringUtils@substringBetween(java.lang.String,java.lang.String,java.lang.String):2440:99114:start + open.length() |==> start * open.length()
992:AOR:+(int,int):-(int,int):org.apache.commons.lang3.StringUtils@substringBetween(java.lang.String,java.lang.String,java.lang.String):2440:99114:start + open.length() |==> start - open.length()
993:AOR:+(int,int):/(int,int):org.apache.commons.lang3.StringUtils@substringBetween(java.lang.String,java.lang.String,java.lang.String):2440:99114:start + open.length() |==> start / open.length()
994:ROR:==(java.lang.Object,java.lang.Object):FALSE(java.lang.Object,java.lang.Object):org.apache.commons.lang3.StringUtils@substringsBetween(java.lang.String,java.lang.String,java.lang.String):2469:100399:str == null |==> false
995:COR:||(boolean,boolean):!=(boolean,boolean):org.apache.commons.lang3.StringUtils@substringsBetween(java.lang.String,java.lang.String,java.lang.String):2469:100395:str == null || isEmpty(open) |==> str == null != isEmpty(open)
996:COR:||(boolean,boolean):LHS(boolean,boolean):org.apache.commons.lang3.StringUtils@substringsBetween(java.lang.String,java.lang.String,java.lang.String):2469:100395:str == null || isEmpty(open) |==> str == null
997:COR:||(boolean,boolean):RHS(boolean,boolean):org.apache.commons.lang3.StringUtils@substringsBetween(java.lang.String,java.lang.String,java.lang.String):2469:100410:str == null || isEmpty(open) |==> isEmpty(open)
998:COR:||(boolean,boolean):TRUE(boolean,boolean):org.apache.commons.lang3.StringUtils@substringsBetween(java.lang.String,java.lang.String,java.lang.String):2469:100407:str == null || isEmpty(open) |==> true
999:COR:||(boolean,boolean):!=(boolean,boolean):org.apache.commons.lang3.StringUtils@substringsBetween(java.lang.String,java.lang.String,java.lang.String):2469:100395:str == null || isEmpty(open) || isEmpty(close) |==> (str == null || isEmpty(open)) != isEmpty(close)
1000:COR:||(boolean,boolean):LHS(boolean,boolean):org.apache.commons.lang3.StringUtils@substringsBetween(java.lang.String,java.lang.String,java.lang.String):2469:100395:str == null || isEmpty(open) || isEmpty(close) |==> str == null || isEmpty(open)
1001:COR:||(boolean,boolean):RHS(boolean,boolean):org.apache.commons.lang3.StringUtils@substringsBetween(java.lang.String,java.lang.String,java.lang.String):2469:100427:str == null || isEmpty(open) || isEmpty(close) |==> isEmpty(close)
1002:COR:||(boolean,boolean):TRUE(boolean,boolean):org.apache.commons.lang3.StringUtils@substringsBetween(java.lang.String,java.lang.String,java.lang.String):2469:100424:str == null || isEmpty(open) || isEmpty(close) |==> true
1003:LVR:0:POS:org.apache.commons.lang3.StringUtils@substringsBetween(java.lang.String,java.lang.String,java.lang.String):2473:100537:0 |==> 1
1004:LVR:0:NEG:org.apache.commons.lang3.StringUtils@substringsBetween(java.lang.String,java.lang.String,java.lang.String):2473:100537:0 |==> -1
1005:ROR:==(int,int):<=(int,int):org.apache.commons.lang3.StringUtils@substringsBetween(java.lang.String,java.lang.String,java.lang.String):2473:100527:strLen == 0 |==> strLen <= 0
1006:ROR:==(int,int):>=(int,int):org.apache.commons.lang3.StringUtils@substringsBetween(java.lang.String,java.lang.String,java.lang.String):2473:100527:strLen == 0 |==> strLen >= 0
1007:ROR:==(int,int):FALSE(int,int):org.apache.commons.lang3.StringUtils@substringsBetween(java.lang.String,java.lang.String,java.lang.String):2473:100534:strLen == 0 |==> false
1008:LVR:0:POS:org.apache.commons.lang3.StringUtils@substringsBetween(java.lang.String,java.lang.String,java.lang.String):2479:100749:0 |==> 1
1009:LVR:0:NEG:org.apache.commons.lang3.StringUtils@substringsBetween(java.lang.String,java.lang.String,java.lang.String):2479:100749:0 |==> -1
1010:AOR:-(int,int):%(int,int):org.apache.commons.lang3.StringUtils@substringsBetween(java.lang.String,java.lang.String,java.lang.String):2480:100774:strLen - closeLen |==> strLen % closeLen
1011:AOR:-(int,int):*(int,int):org.apache.commons.lang3.StringUtils@substringsBetween(java.lang.String,java.lang.String,java.lang.String):2480:100774:strLen - closeLen |==> strLen * closeLen
1012:AOR:-(int,int):+(int,int):org.apache.commons.lang3.StringUtils@substringsBetween(java.lang.String,java.lang.String,java.lang.String):2480:100774:strLen - closeLen |==> strLen + closeLen
1013:AOR:-(int,int):/(int,int):org.apache.commons.lang3.StringUtils@substringsBetween(java.lang.String,java.lang.String,java.lang.String):2480:100774:strLen - closeLen |==> strLen / closeLen
1014:ROR:<(int,int):!=(int,int):org.apache.commons.lang3.StringUtils@substringsBetween(java.lang.String,java.lang.String,java.lang.String):2480:100767:pos < (strLen - closeLen) |==> pos != (strLen - closeLen)
1015:ROR:<(int,int):<=(int,int):org.apache.commons.lang3.StringUtils@substringsBetween(java.lang.String,java.lang.String,java.lang.String):2480:100767:pos < (strLen - closeLen) |==> pos <= (strLen - closeLen)
1016:ROR:<(int,int):FALSE(int,int):org.apache.commons.lang3.StringUtils@substringsBetween(java.lang.String,java.lang.String,java.lang.String):2480:100771:pos < (strLen - closeLen) |==> false
1017:LVR:0:POS:org.apache.commons.lang3.StringUtils@substringsBetween(java.lang.String,java.lang.String,java.lang.String):2482:100868:0 |==> 1
1018:LVR:0:NEG:org.apache.commons.lang3.StringUtils@substringsBetween(java.lang.String,java.lang.String,java.lang.String):2482:100868:0 |==> -1
1019:ROR:<(int,int):!=(int,int):org.apache.commons.lang3.StringUtils@substringsBetween(java.lang.String,java.lang.String,java.lang.String):2482:100860:start < 0 |==> start != 0
1020:ROR:<(int,int):<=(int,int):org.apache.commons.lang3.StringUtils@substringsBetween(java.lang.String,java.lang.String,java.lang.String):2482:100860:start < 0 |==> start <= 0
1021:ROR:<(int,int):FALSE(int,int):org.apache.commons.lang3.StringUtils@substringsBetween(java.lang.String,java.lang.String,java.lang.String):2482:100866:start < 0 |==> false
1022:STD:<ASSIGN>:<NO-OP>:org.apache.commons.lang3.StringUtils@substringsBetween(java.lang.String,java.lang.String,java.lang.String):2485:100922:start += openLen; |==> <NO-OP>
1023:LVR:0:POS:org.apache.commons.lang3.StringUtils@substringsBetween(java.lang.String,java.lang.String,java.lang.String):2487:101011:0 |==> 1
1024:LVR:0:NEG:org.apache.commons.lang3.StringUtils@substringsBetween(java.lang.String,java.lang.String,java.lang.String):2487:101011:0 |==> -1
1025:ROR:<(int,int):!=(int,int):org.apache.commons.lang3.StringUtils@substringsBetween(java.lang.String,java.lang.String,java.lang.String):2487:101005:end < 0 |==> end != 0
1026:ROR:<(int,int):<=(int,int):org.apache.commons.lang3.StringUtils@substringsBetween(java.lang.String,java.lang.String,java.lang.String):2487:101005:end < 0 |==> end <= 0
1027:ROR:<(int,int):FALSE(int,int):org.apache.commons.lang3.StringUtils@substringsBetween(java.lang.String,java.lang.String,java.lang.String):2487:101009:end < 0 |==> false
1028:STD:<CALL>:<NO-OP>:org.apache.commons.lang3.StringUtils@substringsBetween(java.lang.String,java.lang.String,java.lang.String):2490:101065:list.add(str.substring(start, end)); |==> <NO-OP>
1029:AOR:+(int,int):%(int,int):org.apache.commons.lang3.StringUtils@substringsBetween(java.lang.String,java.lang.String,java.lang.String):2491:101120:end + closeLen |==> end % closeLen
1030:AOR:+(int,int):*(int,int):org.apache.commons.lang3.StringUtils@substringsBetween(java.lang.String,java.lang.String,java.lang.String):2491:101120:end + closeLen |==> end * closeLen
1031:AOR:+(int,int):-(int,int):org.apache.commons.lang3.StringUtils@substringsBetween(java.lang.String,java.lang.String,java.lang.String):2491:101120:end + closeLen |==> end - closeLen
1032:AOR:+(int,int):/(int,int):org.apache.commons.lang3.StringUtils@substringsBetween(java.lang.String,java.lang.String,java.lang.String):2491:101120:end + closeLen |==> end / closeLen
1033:STD:<ASSIGN>:<NO-OP>:org.apache.commons.lang3.StringUtils@substringsBetween(java.lang.String,java.lang.String,java.lang.String):2491:101114:pos = end + closeLen; |==> <NO-OP>
1034:COR:<METHOD_INVOCATION(boolean)>:FALSE:org.apache.commons.lang3.StringUtils@substringsBetween(java.lang.String,java.lang.String,java.lang.String):2493:101170:list.isEmpty() |==> false
1035:COR:<METHOD_INVOCATION(boolean)>:TRUE:org.apache.commons.lang3.StringUtils@substringsBetween(java.lang.String,java.lang.String,java.lang.String):2493:101170:list.isEmpty() |==> true
1036:LVR:NEG:0:org.apache.commons.lang3.StringUtils@split(java.lang.String):2527:102420:-1 |==> 0
1037:LVR:NEG:POS:org.apache.commons.lang3.StringUtils@split(java.lang.String):2527:102420:-1 |==> 1
1038:LVR:FALSE:TRUE:org.apache.commons.lang3.StringUtils@split(java.lang.String,char):2555:103552:false |==> true
1039:LVR:NEG:0:org.apache.commons.lang3.StringUtils@split(java.lang.String,java.lang.String):2584:104785:-1 |==> 0
1040:LVR:NEG:POS:org.apache.commons.lang3.StringUtils@split(java.lang.String,java.lang.String):2584:104785:-1 |==> 1
1041:LVR:FALSE:TRUE:org.apache.commons.lang3.StringUtils@split(java.lang.String,java.lang.String):2584:104789:false |==> true
1042:LVR:FALSE:TRUE:org.apache.commons.lang3.StringUtils@split(java.lang.String,java.lang.String,int):2618:106336:false |==> true
1043:LVR:NEG:0:org.apache.commons.lang3.StringUtils@splitByWholeSeparator(java.lang.String,java.lang.String):2645:107638:-1 |==> 0
1044:LVR:NEG:POS:org.apache.commons.lang3.StringUtils@splitByWholeSeparator(java.lang.String,java.lang.String):2645:107638:-1 |==> 1
1045:LVR:FALSE:TRUE:org.apache.commons.lang3.StringUtils@splitByWholeSeparator(java.lang.String,java.lang.String):2645:107642:false |==> true
1046:LVR:FALSE:TRUE:org.apache.commons.lang3.StringUtils@splitByWholeSeparator(java.lang.String,java.lang.String,int):2676:109250:false |==> true
1047:LVR:NEG:0:org.apache.commons.lang3.StringUtils@splitByWholeSeparatorPreserveAllTokens(java.lang.String,java.lang.String):2705:110770:-1 |==> 0
1048:LVR:NEG:POS:org.apache.commons.lang3.StringUtils@splitByWholeSeparatorPreserveAllTokens(java.lang.String,java.lang.String):2705:110770:-1 |==> 1
1049:LVR:TRUE:FALSE:org.apache.commons.lang3.StringUtils@splitByWholeSeparatorPreserveAllTokens(java.lang.String,java.lang.String):2705:110774:true |==> false
1050:LVR:TRUE:FALSE:org.apache.commons.lang3.StringUtils@splitByWholeSeparatorPreserveAllTokens(java.lang.String,java.lang.String,int):2738:112612:true |==> false
1051:ROR:==(java.lang.Object,java.lang.Object):FALSE(java.lang.Object,java.lang.Object):org.apache.commons.lang3.StringUtils@splitByWholeSeparatorWorker(java.lang.String,java.lang.String,int,boolean):2757:113495:str == null |==> false
1052:LVR:0:POS:org.apache.commons.lang3.StringUtils@splitByWholeSeparatorWorker(java.lang.String,java.lang.String,int,boolean):2763:113594:0 |==> 1
1053:LVR:0:NEG:org.apache.commons.lang3.StringUtils@splitByWholeSeparatorWorker(java.lang.String,java.lang.String,int,boolean):2763:113594:0 |==> -1
1054:ROR:==(int,int):<=(int,int):org.apache.commons.lang3.StringUtils@splitByWholeSeparatorWorker(java.lang.String,java.lang.String,int,boolean):2763:113587:len == 0 |==> len <= 0
1055:ROR:==(int,int):>=(int,int):org.apache.commons.lang3.StringUtils@splitByWholeSeparatorWorker(java.lang.String,java.lang.String,int,boolean):2763:113587:len == 0 |==> len >= 0
1056:ROR:==(int,int):FALSE(int,int):org.apache.commons.lang3.StringUtils@splitByWholeSeparatorWorker(java.lang.String,java.lang.String,int,boolean):2763:113591:len == 0 |==> false
1057:ROR:==(java.lang.Object,java.lang.Object):FALSE(java.lang.Object,java.lang.Object):org.apache.commons.lang3.StringUtils@splitByWholeSeparatorWorker(java.lang.String,java.lang.String,int,boolean):2767:113683:separator == null |==> false
1058:COR:||(boolean,boolean):!=(boolean,boolean):org.apache.commons.lang3.StringUtils@splitByWholeSeparatorWorker(java.lang.String,java.lang.String,int,boolean):2767:113672:(separator == null) || (EMPTY.equals(separator)) |==> (separator == null) != (EMPTY.equals(separator))
1059:COR:||(boolean,boolean):LHS(boolean,boolean):org.apache.commons.lang3.StringUtils@splitByWholeSeparatorWorker(java.lang.String,java.lang.String,int,boolean):2767:113672:(separator == null) || (EMPTY.equals(separator)) |==> (separator == null)
1060:COR:||(boolean,boolean):RHS(boolean,boolean):org.apache.commons.lang3.StringUtils@splitByWholeSeparatorWorker(java.lang.String,java.lang.String,int,boolean):2767:113695:(separator == null) || (EMPTY.equals(separator)) |==> (EMPTY.equals(separator))
1061:COR:||(boolean,boolean):TRUE(boolean,boolean):org.apache.commons.lang3.StringUtils@splitByWholeSeparatorWorker(java.lang.String,java.lang.String,int,boolean):2767:113692:(separator == null) || (EMPTY.equals(separator)) |==> true
1062:LVR:0:POS:org.apache.commons.lang3.StringUtils@splitByWholeSeparatorWorker(java.lang.String,java.lang.String,int,boolean):2775:113986:0 |==> 1
1063:LVR:0:NEG:org.apache.commons.lang3.StringUtils@splitByWholeSeparatorWorker(java.lang.String,java.lang.String,int,boolean):2775:113986:0 |==> -1
1064:LVR:0:POS:org.apache.commons.lang3.StringUtils@splitByWholeSeparatorWorker(java.lang.String,java.lang.String,int,boolean):2776:114007:0 |==> 1
1065:LVR:0:NEG:org.apache.commons.lang3.StringUtils@splitByWholeSeparatorWorker(java.lang.String,java.lang.String,int,boolean):2776:114007:0 |==> -1
1066:LVR:0:POS:org.apache.commons.lang3.StringUtils@splitByWholeSeparatorWorker(java.lang.String,java.lang.String,int,boolean):2777:114028:0 |==> 1
1067:LVR:0:NEG:org.apache.commons.lang3.StringUtils@splitByWholeSeparatorWorker(java.lang.String,java.lang.String,int,boolean):2777:114028:0 |==> -1
1068:ROR:<(int,int):!=(int,int):org.apache.commons.lang3.StringUtils@splitByWholeSeparatorWorker(java.lang.String,java.lang.String,int,boolean):2778:114046:end < len |==> end != len
1069:ROR:<(int,int):<=(int,int):org.apache.commons.lang3.StringUtils@splitByWholeSeparatorWorker(java.lang.String,java.lang.String,int,boolean):2778:114046:end < len |==> end <= len
1070:ROR:<(int,int):FALSE(int,int):org.apache.commons.lang3.StringUtils@splitByWholeSeparatorWorker(java.lang.String,java.lang.String,int,boolean):2778:114050:end < len |==> false
1071:STD:<ASSIGN>:<NO-OP>:org.apache.commons.lang3.StringUtils@splitByWholeSeparatorWorker(java.lang.String,java.lang.String,int,boolean):2779:114071:end = str.indexOf(separator, beg); |==> <NO-OP>
1072:LVR:NEG:0:org.apache.commons.lang3.StringUtils@splitByWholeSeparatorWorker(java.lang.String,java.lang.String,int,boolean):2781:114129:-1 |==> 0
1073:LVR:NEG:POS:org.apache.commons.lang3.StringUtils@splitByWholeSeparatorWorker(java.lang.String,java.lang.String,int,boolean):2781:114129:-1 |==> 1
1074:ROR:>(int,int):!=(int,int):org.apache.commons.lang3.StringUtils@splitByWholeSeparatorWorker(java.lang.String,java.lang.String,int,boolean):2781:114123:end > -1 |==> end != -1
1075:ROR:>(int,int):>=(int,int):org.apache.commons.lang3.StringUtils@splitByWholeSeparatorWorker(java.lang.String,java.lang.String,int,boolean):2781:114123:end > -1 |==> end >= -1
1076:ROR:>(int,int):FALSE(int,int):org.apache.commons.lang3.StringUtils@splitByWholeSeparatorWorker(java.lang.String,java.lang.String,int,boolean):2781:114127:end > -1 |==> false
1077:ROR:>(int,int):!=(int,int):org.apache.commons.lang3.StringUtils@splitByWholeSeparatorWorker(java.lang.String,java.lang.String,int,boolean):2782:114155:end > beg |==> end != beg
1078:ROR:>(int,int):>=(int,int):org.apache.commons.lang3.StringUtils@splitByWholeSeparatorWorker(java.lang.String,java.lang.String,int,boolean):2782:114155:end > beg |==> end >= beg
1079:ROR:>(int,int):FALSE(int,int):org.apache.commons.lang3.StringUtils@splitByWholeSeparatorWorker(java.lang.String,java.lang.String,int,boolean):2782:114159:end > beg |==> false
1080:LVR:POS:0:org.apache.commons.lang3.StringUtils@splitByWholeSeparatorWorker(java.lang.String,java.lang.String,int,boolean):2783:114210:1 |==> 0
1081:LVR:POS:NEG:org.apache.commons.lang3.StringUtils@splitByWholeSeparatorWorker(java.lang.String,java.lang.String,int,boolean):2783:114210:1 |==> -1
1082:STD:<ASSIGN>:<NO-OP>:org.apache.commons.lang3.StringUtils@splitByWholeSeparatorWorker(java.lang.String,java.lang.String,int,boolean):2783:114188:numberOfSubstrings += 1; |==> <NO-OP>
1083:ROR:==(int,int):<=(int,int):org.apache.commons.lang3.StringUtils@splitByWholeSeparatorWorker(java.lang.String,java.lang.String,int,boolean):2785:114238:numberOfSubstrings == max |==> numberOfSubstrings <= max
1084:ROR:==(int,int):>=(int,int):org.apache.commons.lang3.StringUtils@splitByWholeSeparatorWorker(java.lang.String,java.lang.String,int,boolean):2785:114238:numberOfSubstrings == max |==> numberOfSubstrings >= max
1085:ROR:==(int,int):FALSE(int,int):org.apache.commons.lang3.StringUtils@splitByWholeSeparatorWorker(java.lang.String,java.lang.String,int,boolean):2785:114257:numberOfSubstrings == max |==> false
1086:STD:<ASSIGN>:<NO-OP>:org.apache.commons.lang3.StringUtils@splitByWholeSeparatorWorker(java.lang.String,java.lang.String,int,boolean):2786:114291:end = len; |==> <NO-OP>
1087:STD:<CALL>:<NO-OP>:org.apache.commons.lang3.StringUtils@splitByWholeSeparatorWorker(java.lang.String,java.lang.String,int,boolean):2787:114326:substrings.add(str.substring(beg)); |==> <NO-OP>
1088:STD:<CALL>:<NO-OP>:org.apache.commons.lang3.StringUtils@splitByWholeSeparatorWorker(java.lang.String,java.lang.String,int,boolean):2791:114573:substrings.add(str.substring(beg, end)); |==> <NO-OP>
1089:AOR:+(int,int):%(int,int):org.apache.commons.lang3.StringUtils@splitByWholeSeparatorWorker(java.lang.String,java.lang.String,int,boolean):2796:114872:end + separatorLength |==> end % separatorLength
1090:AOR:+(int,int):*(int,int):org.apache.commons.lang3.StringUtils@splitByWholeSeparatorWorker(java.lang.String,java.lang.String,int,boolean):2796:114872:end + separatorLength |==> end * separatorLength
1091:AOR:+(int,int):-(int,int):org.apache.commons.lang3.StringUtils@splitByWholeSeparatorWorker(java.lang.String,java.lang.String,int,boolean):2796:114872:end + separatorLength |==> end - separatorLength
1092:AOR:+(int,int):/(int,int):org.apache.commons.lang3.StringUtils@splitByWholeSeparatorWorker(java.lang.String,java.lang.String,int,boolean):2796:114872:end + separatorLength |==> end / separatorLength
1093:STD:<ASSIGN>:<NO-OP>:org.apache.commons.lang3.StringUtils@splitByWholeSeparatorWorker(java.lang.String,java.lang.String,int,boolean):2796:114866:beg = end + separatorLength; |==> <NO-OP>
1094:COR:<IDENTIFIER(boolean)>:FALSE:org.apache.commons.lang3.StringUtils@splitByWholeSeparatorWorker(java.lang.String,java.lang.String,int,boolean):2800:115053:preserveAllTokens |==> false
1095:COR:<IDENTIFIER(boolean)>:TRUE:org.apache.commons.lang3.StringUtils@splitByWholeSeparatorWorker(java.lang.String,java.lang.String,int,boolean):2800:115053:preserveAllTokens |==> true
1096:LVR:POS:0:org.apache.commons.lang3.StringUtils@splitByWholeSeparatorWorker(java.lang.String,java.lang.String,int,boolean):2801:115120:1 |==> 0
1097:LVR:POS:NEG:org.apache.commons.lang3.StringUtils@splitByWholeSeparatorWorker(java.lang.String,java.lang.String,int,boolean):2801:115120:1 |==> -1
1098:STD:<ASSIGN>:<NO-OP>:org.apache.commons.lang3.StringUtils@splitByWholeSeparatorWorker(java.lang.String,java.lang.String,int,boolean):2801:115098:numberOfSubstrings += 1; |==> <NO-OP>
1099:ROR:==(int,int):<=(int,int):org.apache.commons.lang3.StringUtils@splitByWholeSeparatorWorker(java.lang.String,java.lang.String,int,boolean):2802:115151:numberOfSubstrings == max |==> numberOfSubstrings <= max
1100:ROR:==(int,int):>=(int,int):org.apache.commons.lang3.StringUtils@splitByWholeSeparatorWorker(java.lang.String,java.lang.String,int,boolean):2802:115151:numberOfSubstrings == max |==> numberOfSubstrings >= max
1101:ROR:==(int,int):FALSE(int,int):org.apache.commons.lang3.StringUtils@splitByWholeSeparatorWorker(java.lang.String,java.lang.String,int,boolean):2802:115170:numberOfSubstrings == max |==> false
1102:STD:<ASSIGN>:<NO-OP>:org.apache.commons.lang3.StringUtils@splitByWholeSeparatorWorker(java.lang.String,java.lang.String,int,boolean):2803:115208:end = len; |==> <NO-OP>
1103:STD:<CALL>:<NO-OP>:org.apache.commons.lang3.StringUtils@splitByWholeSeparatorWorker(java.lang.String,java.lang.String,int,boolean):2804:115247:substrings.add(str.substring(beg)); |==> <NO-OP>
1104:STD:<CALL>:<NO-OP>:org.apache.commons.lang3.StringUtils@splitByWholeSeparatorWorker(java.lang.String,java.lang.String,int,boolean):2806:115344:substrings.add(EMPTY); |==> <NO-OP>
1105:AOR:+(int,int):%(int,int):org.apache.commons.lang3.StringUtils@splitByWholeSeparatorWorker(java.lang.String,java.lang.String,int,boolean):2809:115441:end + separatorLength |==> end % separatorLength
1106:AOR:+(int,int):*(int,int):org.apache.commons.lang3.StringUtils@splitByWholeSeparatorWorker(java.lang.String,java.lang.String,int,boolean):2809:115441:end + separatorLength |==> end * separatorLength
1107:AOR:+(int,int):-(int,int):org.apache.commons.lang3.StringUtils@splitByWholeSeparatorWorker(java.lang.String,java.lang.String,int,boolean):2809:115441:end + separatorLength |==> end - separatorLength
1108:AOR:+(int,int):/(int,int):org.apache.commons.lang3.StringUtils@splitByWholeSeparatorWorker(java.lang.String,java.lang.String,int,boolean):2809:115441:end + separatorLength |==> end / separatorLength
1109:STD:<ASSIGN>:<NO-OP>:org.apache.commons.lang3.StringUtils@splitByWholeSeparatorWorker(java.lang.String,java.lang.String,int,boolean):2809:115435:beg = end + separatorLength; |==> <NO-OP>
1110:STD:<CALL>:<NO-OP>:org.apache.commons.lang3.StringUtils@splitByWholeSeparatorWorker(java.lang.String,java.lang.String,int,boolean):2813:115604:substrings.add(str.substring(beg)); |==> <NO-OP>
1111:STD:<ASSIGN>:<NO-OP>:org.apache.commons.lang3.StringUtils@splitByWholeSeparatorWorker(java.lang.String,java.lang.String,int,boolean):2814:115656:end = len; |==> <NO-OP>
1112:LVR:NEG:0:org.apache.commons.lang3.StringUtils@splitPreserveAllTokens(java.lang.String):2847:117086:-1 |==> 0
1113:LVR:NEG:POS:org.apache.commons.lang3.StringUtils@splitPreserveAllTokens(java.lang.String):2847:117086:-1 |==> 1
1114:LVR:TRUE:FALSE:org.apache.commons.lang3.StringUtils@splitPreserveAllTokens(java.lang.String):2847:117090:true |==> false
1115:LVR:TRUE:FALSE:org.apache.commons.lang3.StringUtils@splitPreserveAllTokens(java.lang.String,char):2883:118989:true |==> false
1116:ROR:==(java.lang.Object,java.lang.Object):FALSE(java.lang.Object,java.lang.Object):org.apache.commons.lang3.StringUtils@splitWorker(java.lang.String,char,boolean):2901:119716:str == null |==> false
1117:LVR:0:POS:org.apache.commons.lang3.StringUtils@splitWorker(java.lang.String,char,boolean):2905:119813:0 |==> 1
1118:LVR:0:NEG:org.apache.commons.lang3.StringUtils@splitWorker(java.lang.String,char,boolean):2905:119813:0 |==> -1
1119:ROR:==(int,int):<=(int,int):org.apache.commons.lang3.StringUtils@splitWorker(java.lang.String,char,boolean):2905:119806:len == 0 |==> len <= 0
1120:ROR:==(int,int):>=(int,int):org.apache.commons.lang3.StringUtils@splitWorker(java.lang.String,char,boolean):2905:119806:len == 0 |==> len >= 0
1121:ROR:==(int,int):FALSE(int,int):org.apache.commons.lang3.StringUtils@splitWorker(java.lang.String,char,boolean):2905:119810:len == 0 |==> false
1122:LVR:0:POS:org.apache.commons.lang3.StringUtils@splitWorker(java.lang.String,char,boolean):2909:119947:0 |==> 1
1123:LVR:0:NEG:org.apache.commons.lang3.StringUtils@splitWorker(java.lang.String,char,boolean):2909:119947:0 |==> -1
1124:LVR:0:POS:org.apache.commons.lang3.StringUtils@splitWorker(java.lang.String,char,boolean):2909:119958:0 |==> 1
1125:LVR:0:NEG:org.apache.commons.lang3.StringUtils@splitWorker(java.lang.String,char,boolean):2909:119958:0 |==> -1
1126:LVR:FALSE:TRUE:org.apache.commons.lang3.StringUtils@splitWorker(java.lang.String,char,boolean):2910:119985:false |==> true
1127:LVR:FALSE:TRUE:org.apache.commons.lang3.StringUtils@splitWorker(java.lang.String,char,boolean):2911:120020:false |==> true
1128:ROR:<(int,int):!=(int,int):org.apache.commons.lang3.StringUtils@splitWorker(java.lang.String,char,boolean):2912:120042:i < len |==> i != len
1129:ROR:<(int,int):<=(int,int):org.apache.commons.lang3.StringUtils@splitWorker(java.lang.String,char,boolean):2912:120042:i < len |==> i <= len
1130:ROR:<(int,int):FALSE(int,int):org.apache.commons.lang3.StringUtils@splitWorker(java.lang.String,char,boolean):2912:120044:i < len |==> false
1131:ROR:==(int,int):<=(int,int):org.apache.commons.lang3.StringUtils@splitWorker(java.lang.String,char,boolean):2913:120069:str.charAt(i) == separatorChar |==> str.charAt(i) <= separatorChar
1132:ROR:==(int,int):>=(int,int):org.apache.commons.lang3.StringUtils@splitWorker(java.lang.String,char,boolean):2913:120069:str.charAt(i) == separatorChar |==> str.charAt(i) >= separatorChar
1133:ROR:==(int,int):FALSE(int,int):org.apache.commons.lang3.StringUtils@splitWorker(java.lang.String,char,boolean):2913:120083:str.charAt(i) == separatorChar |==> false
1134:COR:||(boolean,boolean):!=(boolean,boolean):org.apache.commons.lang3.StringUtils@splitWorker(java.lang.String,char,boolean):2914:120123:match || preserveAllTokens |==> match != preserveAllTokens
1135:COR:||(boolean,boolean):LHS(boolean,boolean):org.apache.commons.lang3.StringUtils@splitWorker(java.lang.String,char,boolean):2914:120123:match || preserveAllTokens |==> match
1136:COR:||(boolean,boolean):RHS(boolean,boolean):org.apache.commons.lang3.StringUtils@splitWorker(java.lang.String,char,boolean):2914:120132:match || preserveAllTokens |==> preserveAllTokens
1137:COR:||(boolean,boolean):TRUE(boolean,boolean):org.apache.commons.lang3.StringUtils@splitWorker(java.lang.String,char,boolean):2914:120129:match || preserveAllTokens |==> true
1138:STD:<CALL>:<NO-OP>:org.apache.commons.lang3.StringUtils@splitWorker(java.lang.String,char,boolean):2915:120173:list.add(str.substring(start, i)); |==> <NO-OP>
1139:LVR:FALSE:TRUE:org.apache.commons.lang3.StringUtils@splitWorker(java.lang.String,char,boolean):2916:120236:false |==> true
1140:STD:<ASSIGN>:<NO-OP>:org.apache.commons.lang3.StringUtils@splitWorker(java.lang.String,char,boolean):2916:120228:match = false; |==> <NO-OP>
1141:LVR:TRUE:FALSE:org.apache.commons.lang3.StringUtils@splitWorker(java.lang.String,char,boolean):2917:120275:true |==> false
1142:STD:<ASSIGN>:<NO-OP>:org.apache.commons.lang3.StringUtils@splitWorker(java.lang.String,char,boolean):2917:120263:lastMatch = true; |==> <NO-OP>
1143:STD:<ASSIGN>:<NO-OP>:org.apache.commons.lang3.StringUtils@splitWorker(java.lang.String,char,boolean):2919:120315:start = ++i; |==> <NO-OP>
1144:LVR:FALSE:TRUE:org.apache.commons.lang3.StringUtils@splitWorker(java.lang.String,char,boolean):2922:120392:false |==> true
1145:STD:<ASSIGN>:<NO-OP>:org.apache.commons.lang3.StringUtils@splitWorker(java.lang.String,char,boolean):2922:120380:lastMatch = false; |==> <NO-OP>
1146:LVR:TRUE:FALSE:org.apache.commons.lang3.StringUtils@splitWorker(java.lang.String,char,boolean):2923:120419:true |==> false
1147:STD:<ASSIGN>:<NO-OP>:org.apache.commons.lang3.StringUtils@splitWorker(java.lang.String,char,boolean):2923:120411:match = true; |==> <NO-OP>
1148:STD:<INC>:<NO-OP>:org.apache.commons.lang3.StringUtils@splitWorker(java.lang.String,char,boolean):2924:120437:i++; |==> <NO-OP>
1149:COR:&&(boolean,boolean):==(boolean,boolean):org.apache.commons.lang3.StringUtils@splitWorker(java.lang.String,char,boolean):2926:120474:preserveAllTokens && lastMatch |==> preserveAllTokens == lastMatch
1150:COR:&&(boolean,boolean):FALSE(boolean,boolean):org.apache.commons.lang3.StringUtils@splitWorker(java.lang.String,char,boolean):2926:120492:preserveAllTokens && lastMatch |==> false
1151:COR:&&(boolean,boolean):LHS(boolean,boolean):org.apache.commons.lang3.StringUtils@splitWorker(java.lang.String,char,boolean):2926:120474:preserveAllTokens && lastMatch |==> preserveAllTokens
1152:COR:&&(boolean,boolean):RHS(boolean,boolean):org.apache.commons.lang3.StringUtils@splitWorker(java.lang.String,char,boolean):2926:120495:preserveAllTokens && lastMatch |==> lastMatch
1153:COR:||(boolean,boolean):!=(boolean,boolean):org.apache.commons.lang3.StringUtils@splitWorker(java.lang.String,char,boolean):2926:120464:match || (preserveAllTokens && lastMatch) |==> match != (preserveAllTokens && lastMatch)
1154:COR:||(boolean,boolean):LHS(boolean,boolean):org.apache.commons.lang3.StringUtils@splitWorker(java.lang.String,char,boolean):2926:120464:match || (preserveAllTokens && lastMatch) |==> match
1155:COR:||(boolean,boolean):RHS(boolean,boolean):org.apache.commons.lang3.StringUtils@splitWorker(java.lang.String,char,boolean):2926:120473:match || (preserveAllTokens && lastMatch) |==> (preserveAllTokens && lastMatch)
1156:COR:||(boolean,boolean):TRUE(boolean,boolean):org.apache.commons.lang3.StringUtils@splitWorker(java.lang.String,char,boolean):2926:120470:match || (preserveAllTokens && lastMatch) |==> true
1157:STD:<CALL>:<NO-OP>:org.apache.commons.lang3.StringUtils@splitWorker(java.lang.String,char,boolean):2927:120521:list.add(str.substring(start, i)); |==> <NO-OP>
1158:LVR:NEG:0:org.apache.commons.lang3.StringUtils@splitPreserveAllTokens(java.lang.String,java.lang.String):2966:122610:-1 |==> 0
1159:LVR:NEG:POS:org.apache.commons.lang3.StringUtils@splitPreserveAllTokens(java.lang.String,java.lang.String):2966:122610:-1 |==> 1
1160:LVR:TRUE:FALSE:org.apache.commons.lang3.StringUtils@splitPreserveAllTokens(java.lang.String,java.lang.String):2966:122614:true |==> false
1161:LVR:TRUE:FALSE:org.apache.commons.lang3.StringUtils@splitPreserveAllTokens(java.lang.String,java.lang.String,int):3006:124725:true |==> false
1162:ROR:==(java.lang.Object,java.lang.Object):FALSE(java.lang.Object,java.lang.Object):org.apache.commons.lang3.StringUtils@splitWorker(java.lang.String,java.lang.String,int,boolean):3028:125707:str == null |==> false
1163:LVR:0:POS:org.apache.commons.lang3.StringUtils@splitWorker(java.lang.String,java.lang.String,int,boolean):3032:125804:0 |==> 1
1164:LVR:0:NEG:org.apache.commons.lang3.StringUtils@splitWorker(java.lang.String,java.lang.String,int,boolean):3032:125804:0 |==> -1
1165:ROR:==(int,int):<=(int,int):org.apache.commons.lang3.StringUtils@splitWorker(java.lang.String,java.lang.String,int,boolean):3032:125797:len == 0 |==> len <= 0
1166:ROR:==(int,int):>=(int,int):org.apache.commons.lang3.StringUtils@splitWorker(java.lang.String,java.lang.String,int,boolean):3032:125797:len == 0 |==> len >= 0
1167:ROR:==(int,int):FALSE(int,int):org.apache.commons.lang3.StringUtils@splitWorker(java.lang.String,java.lang.String,int,boolean):3032:125801:len == 0 |==> false
1168:LVR:POS:0:org.apache.commons.lang3.StringUtils@splitWorker(java.lang.String,java.lang.String,int,boolean):3036:125946:1 |==> 0
1169:LVR:POS:NEG:org.apache.commons.lang3.StringUtils@splitWorker(java.lang.String,java.lang.String,int,boolean):3036:125946:1 |==> -1
1170:LVR:0:POS:org.apache.commons.lang3.StringUtils@splitWorker(java.lang.String,java.lang.String,int,boolean):3037:125965:0 |==> 1
1171:LVR:0:NEG:org.apache.commons.lang3.StringUtils@splitWorker(java.lang.String,java.lang.String,int,boolean):3037:125965:0 |==> -1
1172:LVR:0:POS:org.apache.commons.lang3.StringUtils@splitWorker(java.lang.String,java.lang.String,int,boolean):3037:125976:0 |==> 1
1173:LVR:0:NEG:org.apache.commons.lang3.StringUtils@splitWorker(java.lang.String,java.lang.String,int,boolean):3037:125976:0 |==> -1
1174:LVR:FALSE:TRUE:org.apache.commons.lang3.StringUtils@splitWorker(java.lang.String,java.lang.String,int,boolean):3038:126003:false |==> true
1175:LVR:FALSE:TRUE:org.apache.commons.lang3.StringUtils@splitWorker(java.lang.String,java.lang.String,int,boolean):3039:126038:false |==> true
1176:ROR:==(java.lang.Object,java.lang.Object):FALSE(java.lang.Object,java.lang.Object):org.apache.commons.lang3.StringUtils@splitWorker(java.lang.String,java.lang.String,int,boolean):3040:126072:separatorChars == null |==> false
1177:ROR:<(int,int):!=(int,int):org.apache.commons.lang3.StringUtils@splitWorker(java.lang.String,java.lang.String,int,boolean):3042:126153:i < len |==> i != len
1178:ROR:<(int,int):<=(int,int):org.apache.commons.lang3.StringUtils@splitWorker(java.lang.String,java.lang.String,int,boolean):3042:126153:i < len |==> i <= len
1179:ROR:<(int,int):FALSE(int,int):org.apache.commons.lang3.StringUtils@splitWorker(java.lang.String,java.lang.String,int,boolean):3042:126155:i < len |==> false
1180:COR:<METHOD_INVOCATION(boolean)>:FALSE:org.apache.commons.lang3.StringUtils@splitWorker(java.lang.String,java.lang.String,int,boolean):3043:126206:Character.isWhitespace(str.charAt(i)) |==> false
1181:COR:<METHOD_INVOCATION(boolean)>:TRUE:org.apache.commons.lang3.StringUtils@splitWorker(java.lang.String,java.lang.String,int,boolean):3043:126206:Character.isWhitespace(str.charAt(i)) |==> true
1182:COR:||(boolean,boolean):!=(boolean,boolean):org.apache.commons.lang3.StringUtils@splitWorker(java.lang.String,java.lang.String,int,boolean):3044:126249:match || preserveAllTokens |==> match != preserveAllTokens
1183:COR:||(boolean,boolean):LHS(boolean,boolean):org.apache.commons.lang3.StringUtils@splitWorker(java.lang.String,java.lang.String,int,boolean):3044:126249:match || preserveAllTokens |==> match
1184:COR:||(boolean,boolean):RHS(boolean,boolean):org.apache.commons.lang3.StringUtils@splitWorker(java.lang.String,java.lang.String,int,boolean):3044:126258:match || preserveAllTokens |==> preserveAllTokens
1185:COR:||(boolean,boolean):TRUE(boolean,boolean):org.apache.commons.lang3.StringUtils@splitWorker(java.lang.String,java.lang.String,int,boolean):3044:126255:match || preserveAllTokens |==> true
1186:LVR:TRUE:FALSE:org.apache.commons.lang3.StringUtils@splitWorker(java.lang.String,java.lang.String,int,boolean):3045:126315:true |==> false
1187:STD:<ASSIGN>:<NO-OP>:org.apache.commons.lang3.StringUtils@splitWorker(java.lang.String,java.lang.String,int,boolean):3045:126303:lastMatch = true; |==> <NO-OP>
1188:ROR:==(int,int):<=(int,int):org.apache.commons.lang3.StringUtils@splitWorker(java.lang.String,java.lang.String,int,boolean):3046:126349:sizePlus1++ == max |==> sizePlus1++ <= max
1189:ROR:==(int,int):>=(int,int):org.apache.commons.lang3.StringUtils@splitWorker(java.lang.String,java.lang.String,int,boolean):3046:126349:sizePlus1++ == max |==> sizePlus1++ >= max
1190:ROR:==(int,int):FALSE(int,int):org.apache.commons.lang3.StringUtils@splitWorker(java.lang.String,java.lang.String,int,boolean):3046:126361:sizePlus1++ == max |==> false
1191:STD:<ASSIGN>:<NO-OP>:org.apache.commons.lang3.StringUtils@splitWorker(java.lang.String,java.lang.String,int,boolean):3047:126399:i = len; |==> <NO-OP>
1192:LVR:FALSE:TRUE:org.apache.commons.lang3.StringUtils@splitWorker(java.lang.String,java.lang.String,int,boolean):3048:126448:false |==> true
1193:STD:<ASSIGN>:<NO-OP>:org.apache.commons.lang3.StringUtils@splitWorker(java.lang.String,java.lang.String,int,boolean):3048:126436:lastMatch = false; |==> <NO-OP>
1194:STD:<CALL>:<NO-OP>:org.apache.commons.lang3.StringUtils@splitWorker(java.lang.String,java.lang.String,int,boolean):3050:126505:list.add(str.substring(start, i)); |==> <NO-OP>
1195:LVR:FALSE:TRUE:org.apache.commons.lang3.StringUtils@splitWorker(java.lang.String,java.lang.String,int,boolean):3051:126572:false |==> true
1196:STD:<ASSIGN>:<NO-OP>:org.apache.commons.lang3.StringUtils@splitWorker(java.lang.String,java.lang.String,int,boolean):3051:126564:match = false; |==> <NO-OP>
1197:STD:<ASSIGN>:<NO-OP>:org.apache.commons.lang3.StringUtils@splitWorker(java.lang.String,java.lang.String,int,boolean):3053:126621:start = ++i; |==> <NO-OP>
1198:LVR:FALSE:TRUE:org.apache.commons.lang3.StringUtils@splitWorker(java.lang.String,java.lang.String,int,boolean):3056:126710:false |==> true
1199:STD:<ASSIGN>:<NO-OP>:org.apache.commons.lang3.StringUtils@splitWorker(java.lang.String,java.lang.String,int,boolean):3056:126698:lastMatch = false; |==> <NO-OP>
1200:LVR:TRUE:FALSE:org.apache.commons.lang3.StringUtils@splitWorker(java.lang.String,java.lang.String,int,boolean):3057:126741:true |==> false
1201:STD:<ASSIGN>:<NO-OP>:org.apache.commons.lang3.StringUtils@splitWorker(java.lang.String,java.lang.String,int,boolean):3057:126733:match = true; |==> <NO-OP>
1202:STD:<INC>:<NO-OP>:org.apache.commons.lang3.StringUtils@splitWorker(java.lang.String,java.lang.String,int,boolean):3058:126763:i++; |==> <NO-OP>
1203:LVR:POS:0:org.apache.commons.lang3.StringUtils@splitWorker(java.lang.String,java.lang.String,int,boolean):3060:126828:1 |==> 0
1204:LVR:POS:NEG:org.apache.commons.lang3.StringUtils@splitWorker(java.lang.String,java.lang.String,int,boolean):3060:126828:1 |==> -1
1205:ROR:==(int,int):<=(int,int):org.apache.commons.lang3.StringUtils@splitWorker(java.lang.String,java.lang.String,int,boolean):3060:126801:separatorChars.length() == 1 |==> separatorChars.length() <= 1
1206:ROR:==(int,int):>=(int,int):org.apache.commons.lang3.StringUtils@splitWorker(java.lang.String,java.lang.String,int,boolean):3060:126801:separatorChars.length() == 1 |==> separatorChars.length() >= 1
1207:ROR:==(int,int):FALSE(int,int):org.apache.commons.lang3.StringUtils@splitWorker(java.lang.String,java.lang.String,int,boolean):3060:126825:separatorChars.length() == 1 |==> false
1208:LVR:0:POS:org.apache.commons.lang3.StringUtils@splitWorker(java.lang.String,java.lang.String,int,boolean):3062:126919:0 |==> 1
1209:LVR:0:NEG:org.apache.commons.lang3.StringUtils@splitWorker(java.lang.String,java.lang.String,int,boolean):3062:126919:0 |==> -1
1210:ROR:<(int,int):!=(int,int):org.apache.commons.lang3.StringUtils@splitWorker(java.lang.String,java.lang.String,int,boolean):3063:126942:i < len |==> i != len
1211:ROR:<(int,int):<=(int,int):org.apache.commons.lang3.StringUtils@splitWorker(java.lang.String,java.lang.String,int,boolean):3063:126942:i < len |==> i <= len
1212:ROR:<(int,int):FALSE(int,int):org.apache.commons.lang3.StringUtils@splitWorker(java.lang.String,java.lang.String,int,boolean):3063:126944:i < len |==> false
1213:ROR:==(int,int):<=(int,int):org.apache.commons.lang3.StringUtils@splitWorker(java.lang.String,java.lang.String,int,boolean):3064:126973:str.charAt(i) == sep |==> str.charAt(i) <= sep
1214:ROR:==(int,int):>=(int,int):org.apache.commons.lang3.StringUtils@splitWorker(java.lang.String,java.lang.String,int,boolean):3064:126973:str.charAt(i) == sep |==> str.charAt(i) >= sep
1215:ROR:==(int,int):FALSE(int,int):org.apache.commons.lang3.StringUtils@splitWorker(java.lang.String,java.lang.String,int,boolean):3064:126987:str.charAt(i) == sep |==> false
1216:COR:||(boolean,boolean):!=(boolean,boolean):org.apache.commons.lang3.StringUtils@splitWorker(java.lang.String,java.lang.String,int,boolean):3065:127021:match || preserveAllTokens |==> match != preserveAllTokens
1217:COR:||(boolean,boolean):LHS(boolean,boolean):org.apache.commons.lang3.StringUtils@splitWorker(java.lang.String,java.lang.String,int,boolean):3065:127021:match || preserveAllTokens |==> match
1218:COR:||(boolean,boolean):RHS(boolean,boolean):org.apache.commons.lang3.StringUtils@splitWorker(java.lang.String,java.lang.String,int,boolean):3065:127030:match || preserveAllTokens |==> preserveAllTokens
1219:COR:||(boolean,boolean):TRUE(boolean,boolean):org.apache.commons.lang3.StringUtils@splitWorker(java.lang.String,java.lang.String,int,boolean):3065:127027:match || preserveAllTokens |==> true
1220:LVR:TRUE:FALSE:org.apache.commons.lang3.StringUtils@splitWorker(java.lang.String,java.lang.String,int,boolean):3066:127087:true |==> false
1221:STD:<ASSIGN>:<NO-OP>:org.apache.commons.lang3.StringUtils@splitWorker(java.lang.String,java.lang.String,int,boolean):3066:127075:lastMatch = true; |==> <NO-OP>
1222:ROR:==(int,int):<=(int,int):org.apache.commons.lang3.StringUtils@splitWorker(java.lang.String,java.lang.String,int,boolean):3067:127121:sizePlus1++ == max |==> sizePlus1++ <= max
1223:ROR:==(int,int):>=(int,int):org.apache.commons.lang3.StringUtils@splitWorker(java.lang.String,java.lang.String,int,boolean):3067:127121:sizePlus1++ == max |==> sizePlus1++ >= max
1224:ROR:==(int,int):FALSE(int,int):org.apache.commons.lang3.StringUtils@splitWorker(java.lang.String,java.lang.String,int,boolean):3067:127133:sizePlus1++ == max |==> false
1225:STD:<ASSIGN>:<NO-OP>:org.apache.commons.lang3.StringUtils@splitWorker(java.lang.String,java.lang.String,int,boolean):3068:127171:i = len; |==> <NO-OP>
1226:LVR:FALSE:TRUE:org.apache.commons.lang3.StringUtils@splitWorker(java.lang.String,java.lang.String,int,boolean):3069:127220:false |==> true
1227:STD:<ASSIGN>:<NO-OP>:org.apache.commons.lang3.StringUtils@splitWorker(java.lang.String,java.lang.String,int,boolean):3069:127208:lastMatch = false; |==> <NO-OP>
1228:STD:<CALL>:<NO-OP>:org.apache.commons.lang3.StringUtils@splitWorker(java.lang.String,java.lang.String,int,boolean):3071:127277:list.add(str.substring(start, i)); |==> <NO-OP>
1229:LVR:FALSE:TRUE:org.apache.commons.lang3.StringUtils@splitWorker(java.lang.String,java.lang.String,int,boolean):3072:127344:false |==> true
1230:STD:<ASSIGN>:<NO-OP>:org.apache.commons.lang3.StringUtils@splitWorker(java.lang.String,java.lang.String,int,boolean):3072:127336:match = false; |==> <NO-OP>
1231:STD:<ASSIGN>:<NO-OP>:org.apache.commons.lang3.StringUtils@splitWorker(java.lang.String,java.lang.String,int,boolean):3074:127393:start = ++i; |==> <NO-OP>
1232:LVR:FALSE:TRUE:org.apache.commons.lang3.StringUtils@splitWorker(java.lang.String,java.lang.String,int,boolean):3077:127482:false |==> true
1233:STD:<ASSIGN>:<NO-OP>:org.apache.commons.lang3.StringUtils@splitWorker(java.lang.String,java.lang.String,int,boolean):3077:127470:lastMatch = false; |==> <NO-OP>
1234:LVR:TRUE:FALSE:org.apache.commons.lang3.StringUtils@splitWorker(java.lang.String,java.lang.String,int,boolean):3078:127513:true |==> false
1235:STD:<ASSIGN>:<NO-OP>:org.apache.commons.lang3.StringUtils@splitWorker(java.lang.String,java.lang.String,int,boolean):3078:127505:match = true; |==> <NO-OP>
1236:STD:<INC>:<NO-OP>:org.apache.commons.lang3.StringUtils@splitWorker(java.lang.String,java.lang.String,int,boolean):3079:127535:i++; |==> <NO-OP>
1237:ROR:<(int,int):!=(int,int):org.apache.commons.lang3.StringUtils@splitWorker(java.lang.String,java.lang.String,int,boolean):3083:127619:i < len |==> i != len
1238:ROR:<(int,int):<=(int,int):org.apache.commons.lang3.StringUtils@splitWorker(java.lang.String,java.lang.String,int,boolean):3083:127619:i < len |==> i <= len
1239:ROR:<(int,int):FALSE(int,int):org.apache.commons.lang3.StringUtils@splitWorker(java.lang.String,java.lang.String,int,boolean):3083:127621:i < len |==> false
1240:LVR:0:POS:org.apache.commons.lang3.StringUtils@splitWorker(java.lang.String,java.lang.String,int,boolean):3084:127691:0 |==> 1
1241:LVR:0:NEG:org.apache.commons.lang3.StringUtils@splitWorker(java.lang.String,java.lang.String,int,boolean):3084:127691:0 |==> -1
1242:ROR:>=(int,int):==(int,int):org.apache.commons.lang3.StringUtils@splitWorker(java.lang.String,java.lang.String,int,boolean):3084:127650:separatorChars.indexOf(str.charAt(i)) >= 0 |==> separatorChars.indexOf(str.charAt(i)) == 0
1243:ROR:>=(int,int):>(int,int):org.apache.commons.lang3.StringUtils@splitWorker(java.lang.String,java.lang.String,int,boolean):3084:127650:separatorChars.indexOf(str.charAt(i)) >= 0 |==> separatorChars.indexOf(str.charAt(i)) > 0
1244:ROR:>=(int,int):TRUE(int,int):org.apache.commons.lang3.StringUtils@splitWorker(java.lang.String,java.lang.String,int,boolean):3084:127688:separatorChars.indexOf(str.charAt(i)) >= 0 |==> true
1245:COR:||(boolean,boolean):!=(boolean,boolean):org.apache.commons.lang3.StringUtils@splitWorker(java.lang.String,java.lang.String,int,boolean):3085:127720:match || preserveAllTokens |==> match != preserveAllTokens
1246:COR:||(boolean,boolean):LHS(boolean,boolean):org.apache.commons.lang3.StringUtils@splitWorker(java.lang.String,java.lang.String,int,boolean):3085:127720:match || preserveAllTokens |==> match
1247:COR:||(boolean,boolean):RHS(boolean,boolean):org.apache.commons.lang3.StringUtils@splitWorker(java.lang.String,java.lang.String,int,boolean):3085:127729:match || preserveAllTokens |==> preserveAllTokens
1248:COR:||(boolean,boolean):TRUE(boolean,boolean):org.apache.commons.lang3.StringUtils@splitWorker(java.lang.String,java.lang.String,int,boolean):3085:127726:match || preserveAllTokens |==> true
1249:LVR:TRUE:FALSE:org.apache.commons.lang3.StringUtils@splitWorker(java.lang.String,java.lang.String,int,boolean):3086:127786:true |==> false
1250:STD:<ASSIGN>:<NO-OP>:org.apache.commons.lang3.StringUtils@splitWorker(java.lang.String,java.lang.String,int,boolean):3086:127774:lastMatch = true; |==> <NO-OP>
1251:ROR:==(int,int):<=(int,int):org.apache.commons.lang3.StringUtils@splitWorker(java.lang.String,java.lang.String,int,boolean):3087:127820:sizePlus1++ == max |==> sizePlus1++ <= max
1252:ROR:==(int,int):>=(int,int):org.apache.commons.lang3.StringUtils@splitWorker(java.lang.String,java.lang.String,int,boolean):3087:127820:sizePlus1++ == max |==> sizePlus1++ >= max
1253:ROR:==(int,int):FALSE(int,int):org.apache.commons.lang3.StringUtils@splitWorker(java.lang.String,java.lang.String,int,boolean):3087:127832:sizePlus1++ == max |==> false
1254:STD:<ASSIGN>:<NO-OP>:org.apache.commons.lang3.StringUtils@splitWorker(java.lang.String,java.lang.String,int,boolean):3088:127870:i = len; |==> <NO-OP>
1255:LVR:FALSE:TRUE:org.apache.commons.lang3.StringUtils@splitWorker(java.lang.String,java.lang.String,int,boolean):3089:127919:false |==> true
1256:STD:<ASSIGN>:<NO-OP>:org.apache.commons.lang3.StringUtils@splitWorker(java.lang.String,java.lang.String,int,boolean):3089:127907:lastMatch = false; |==> <NO-OP>
1257:STD:<CALL>:<NO-OP>:org.apache.commons.lang3.StringUtils@splitWorker(java.lang.String,java.lang.String,int,boolean):3091:127976:list.add(str.substring(start, i)); |==> <NO-OP>
1258:LVR:FALSE:TRUE:org.apache.commons.lang3.StringUtils@splitWorker(java.lang.String,java.lang.String,int,boolean):3092:128043:false |==> true
1259:STD:<ASSIGN>:<NO-OP>:org.apache.commons.lang3.StringUtils@splitWorker(java.lang.String,java.lang.String,int,boolean):3092:128035:match = false; |==> <NO-OP>
1260:STD:<ASSIGN>:<NO-OP>:org.apache.commons.lang3.StringUtils@splitWorker(java.lang.String,java.lang.String,int,boolean):3094:128092:start = ++i; |==> <NO-OP>
1261:LVR:FALSE:TRUE:org.apache.commons.lang3.StringUtils@splitWorker(java.lang.String,java.lang.String,int,boolean):3097:128181:false |==> true
1262:STD:<ASSIGN>:<NO-OP>:org.apache.commons.lang3.StringUtils@splitWorker(java.lang.String,java.lang.String,int,boolean):3097:128169:lastMatch = false; |==> <NO-OP>
1263:LVR:TRUE:FALSE:org.apache.commons.lang3.StringUtils@splitWorker(java.lang.String,java.lang.String,int,boolean):3098:128212:true |==> false
1264:STD:<ASSIGN>:<NO-OP>:org.apache.commons.lang3.StringUtils@splitWorker(java.lang.String,java.lang.String,int,boolean):3098:128204:match = true; |==> <NO-OP>
1265:STD:<INC>:<NO-OP>:org.apache.commons.lang3.StringUtils@splitWorker(java.lang.String,java.lang.String,int,boolean):3099:128234:i++; |==> <NO-OP>
1266:COR:&&(boolean,boolean):==(boolean,boolean):org.apache.commons.lang3.StringUtils@splitWorker(java.lang.String,java.lang.String,int,boolean):3102:128285:preserveAllTokens && lastMatch |==> preserveAllTokens == lastMatch
1267:COR:&&(boolean,boolean):FALSE(boolean,boolean):org.apache.commons.lang3.StringUtils@splitWorker(java.lang.String,java.lang.String,int,boolean):3102:128303:preserveAllTokens && lastMatch |==> false
1268:COR:&&(boolean,boolean):LHS(boolean,boolean):org.apache.commons.lang3.StringUtils@splitWorker(java.lang.String,java.lang.String,int,boolean):3102:128285:preserveAllTokens && lastMatch |==> preserveAllTokens
1269:COR:&&(boolean,boolean):RHS(boolean,boolean):org.apache.commons.lang3.StringUtils@splitWorker(java.lang.String,java.lang.String,int,boolean):3102:128306:preserveAllTokens && lastMatch |==> lastMatch
1270:COR:||(boolean,boolean):!=(boolean,boolean):org.apache.commons.lang3.StringUtils@splitWorker(java.lang.String,java.lang.String,int,boolean):3102:128275:match || (preserveAllTokens && lastMatch) |==> match != (preserveAllTokens && lastMatch)
1271:COR:||(boolean,boolean):LHS(boolean,boolean):org.apache.commons.lang3.StringUtils@splitWorker(java.lang.String,java.lang.String,int,boolean):3102:128275:match || (preserveAllTokens && lastMatch) |==> match
1272:COR:||(boolean,boolean):RHS(boolean,boolean):org.apache.commons.lang3.StringUtils@splitWorker(java.lang.String,java.lang.String,int,boolean):3102:128284:match || (preserveAllTokens && lastMatch) |==> (preserveAllTokens && lastMatch)
1273:COR:||(boolean,boolean):TRUE(boolean,boolean):org.apache.commons.lang3.StringUtils@splitWorker(java.lang.String,java.lang.String,int,boolean):3102:128281:match || (preserveAllTokens && lastMatch) |==> true
1274:STD:<CALL>:<NO-OP>:org.apache.commons.lang3.StringUtils@splitWorker(java.lang.String,java.lang.String,int,boolean):3103:128332:list.add(str.substring(start, i)); |==> <NO-OP>
1275:LVR:FALSE:TRUE:org.apache.commons.lang3.StringUtils@splitByCharacterType(java.lang.String):3128:129615:false |==> true
1276:LVR:TRUE:FALSE:org.apache.commons.lang3.StringUtils@splitByCharacterTypeCamelCase(java.lang.String):3156:131208:true |==> false
1277:ROR:==(java.lang.Object,java.lang.Object):FALSE(java.lang.Object,java.lang.Object):org.apache.commons.lang3.StringUtils@splitByCharacterType(java.lang.String,boolean):3174:132124:str == null |==> false
1278:LVR:0:POS:org.apache.commons.lang3.StringUtils@splitByCharacterType(java.lang.String,boolean):3177:132198:0 |==> 1
1279:LVR:0:NEG:org.apache.commons.lang3.StringUtils@splitByCharacterType(java.lang.String,boolean):3177:132198:0 |==> -1
1280:ROR:==(int,int):>=(int,int):org.apache.commons.lang3.StringUtils@splitByCharacterType(java.lang.String,boolean):3177:132182:str.length() == 0 |==> str.length() >= 0
1281:ROR:==(int,int):FALSE(int,int):org.apache.commons.lang3.StringUtils@splitByCharacterType(java.lang.String,boolean):3177:132195:str.length() == 0 |==> false
1282:LVR:0:POS:org.apache.commons.lang3.StringUtils@splitByCharacterType(java.lang.String,boolean):3182:132379:0 |==> 1
1283:LVR:0:NEG:org.apache.commons.lang3.StringUtils@splitByCharacterType(java.lang.String,boolean):3182:132379:0 |==> -1
1284:LVR:POS:0:org.apache.commons.lang3.StringUtils@splitByCharacterType(java.lang.String,boolean):3184:132478:1 |==> 0
1285:LVR:POS:NEG:org.apache.commons.lang3.StringUtils@splitByCharacterType(java.lang.String,boolean):3184:132478:1 |==> -1
1286:AOR:+(int,int):%(int,int):org.apache.commons.lang3.StringUtils@splitByCharacterType(java.lang.String,boolean):3184:132465:tokenStart + 1 |==> tokenStart % 1
1287:AOR:+(int,int):*(int,int):org.apache.commons.lang3.StringUtils@splitByCharacterType(java.lang.String,boolean):3184:132465:tokenStart + 1 |==> tokenStart * 1
1288:AOR:+(int,int):-(int,int):org.apache.commons.lang3.StringUtils@splitByCharacterType(java.lang.String,boolean):3184:132465:tokenStart + 1 |==> tokenStart - 1
1289:AOR:+(int,int):/(int,int):org.apache.commons.lang3.StringUtils@splitByCharacterType(java.lang.String,boolean):3184:132465:tokenStart + 1 |==> tokenStart / 1
1290:ROR:<(int,int):!=(int,int):org.apache.commons.lang3.StringUtils@splitByCharacterType(java.lang.String,boolean):3184:132481:pos < c.length |==> pos != c.length
1291:ROR:<(int,int):<=(int,int):org.apache.commons.lang3.StringUtils@splitByCharacterType(java.lang.String,boolean):3184:132481:pos < c.length |==> pos <= c.length
1292:ROR:<(int,int):FALSE(int,int):org.apache.commons.lang3.StringUtils@splitByCharacterType(java.lang.String,boolean):3184:132485:pos < c.length |==> false
1293:ROR:==(int,int):<=(int,int):org.apache.commons.lang3.StringUtils@splitByCharacterType(java.lang.String,boolean):3186:132572:type == currentType |==> type <= currentType
1294:ROR:==(int,int):>=(int,int):org.apache.commons.lang3.StringUtils@splitByCharacterType(java.lang.String,boolean):3186:132572:type == currentType |==> type >= currentType
1295:ROR:==(int,int):FALSE(int,int):org.apache.commons.lang3.StringUtils@splitByCharacterType(java.lang.String,boolean):3186:132577:type == currentType |==> false
1296:ROR:==(int,int):<=(int,int):org.apache.commons.lang3.StringUtils@splitByCharacterType(java.lang.String,boolean):3189:132664:type == Character.LOWERCASE_LETTER |==> type <= Character.LOWERCASE_LETTER
1297:ROR:==(int,int):>=(int,int):org.apache.commons.lang3.StringUtils@splitByCharacterType(java.lang.String,boolean):3189:132664:type == Character.LOWERCASE_LETTER |==> type >= Character.LOWERCASE_LETTER
1298:ROR:==(int,int):FALSE(int,int):org.apache.commons.lang3.StringUtils@splitByCharacterType(java.lang.String,boolean):3189:132669:type == Character.LOWERCASE_LETTER |==> false
1299:COR:&&(boolean,boolean):==(boolean,boolean):org.apache.commons.lang3.StringUtils@splitByCharacterType(java.lang.String,boolean):3189:132651:camelCase && type == Character.LOWERCASE_LETTER |==> camelCase == (type == Character.LOWERCASE_LETTER)
1300:COR:&&(boolean,boolean):FALSE(boolean,boolean):org.apache.commons.lang3.StringUtils@splitByCharacterType(java.lang.String,boolean):3189:132661:camelCase && type == Character.LOWERCASE_LETTER |==> false
1301:COR:&&(boolean,boolean):LHS(boolean,boolean):org.apache.commons.lang3.StringUtils@splitByCharacterType(java.lang.String,boolean):3189:132651:camelCase && type == Character.LOWERCASE_LETTER |==> camelCase
1302:COR:&&(boolean,boolean):RHS(boolean,boolean):org.apache.commons.lang3.StringUtils@splitByCharacterType(java.lang.String,boolean):3189:132664:camelCase && type == Character.LOWERCASE_LETTER |==> type == Character.LOWERCASE_LETTER
1303:ROR:==(int,int):<=(int,int):org.apache.commons.lang3.StringUtils@splitByCharacterType(java.lang.String,boolean):3189:132702:currentType == Character.UPPERCASE_LETTER |==> currentType <= Character.UPPERCASE_LETTER
1304:ROR:==(int,int):>=(int,int):org.apache.commons.lang3.StringUtils@splitByCharacterType(java.lang.String,boolean):3189:132702:currentType == Character.UPPERCASE_LETTER |==> currentType >= Character.UPPERCASE_LETTER
1305:ROR:==(int,int):FALSE(int,int):org.apache.commons.lang3.StringUtils@splitByCharacterType(java.lang.String,boolean):3189:132714:currentType == Character.UPPERCASE_LETTER |==> false
1306:COR:&&(boolean,boolean):==(boolean,boolean):org.apache.commons.lang3.StringUtils@splitByCharacterType(java.lang.String,boolean):3189:132651:camelCase && type == Character.LOWERCASE_LETTER && currentType == Character.UPPERCASE_LETTER |==> (camelCase && type == Character.LOWERCASE_LETTER) == (currentType == Character.UPPERCASE_LETTER)
1307:COR:&&(boolean,boolean):FALSE(boolean,boolean):org.apache.commons.lang3.StringUtils@splitByCharacterType(java.lang.String,boolean):3189:132699:camelCase && type == Character.LOWERCASE_LETTER && currentType == Character.UPPERCASE_LETTER |==> false
1308:COR:&&(boolean,boolean):LHS(boolean,boolean):org.apache.commons.lang3.StringUtils@splitByCharacterType(java.lang.String,boolean):3189:132651:camelCase && type == Character.LOWERCASE_LETTER && currentType == Character.UPPERCASE_LETTER |==> camelCase && type == Character.LOWERCASE_LETTER
1309:COR:&&(boolean,boolean):RHS(boolean,boolean):org.apache.commons.lang3.StringUtils@splitByCharacterType(java.lang.String,boolean):3189:132702:camelCase && type == Character.LOWERCASE_LETTER && currentType == Character.UPPERCASE_LETTER |==> currentType == Character.UPPERCASE_LETTER
1310:LVR:POS:0:org.apache.commons.lang3.StringUtils@splitByCharacterType(java.lang.String,boolean):3190:132789:1 |==> 0
1311:LVR:POS:NEG:org.apache.commons.lang3.StringUtils@splitByCharacterType(java.lang.String,boolean):3190:132789:1 |==> -1
1312:AOR:-(int,int):%(int,int):org.apache.commons.lang3.StringUtils@splitByCharacterType(java.lang.String,boolean):3190:132783:pos - 1 |==> pos % 1
1313:AOR:-(int,int):*(int,int):org.apache.commons.lang3.StringUtils@splitByCharacterType(java.lang.String,boolean):3190:132783:pos - 1 |==> pos * 1
1314:AOR:-(int,int):+(int,int):org.apache.commons.lang3.StringUtils@splitByCharacterType(java.lang.String,boolean):3190:132783:pos - 1 |==> pos + 1
1315:AOR:-(int,int):/(int,int):org.apache.commons.lang3.StringUtils@splitByCharacterType(java.lang.String,boolean):3190:132783:pos - 1 |==> pos / 1
1316:ROR:!=(int,int):<(int,int):org.apache.commons.lang3.StringUtils@splitByCharacterType(java.lang.String,boolean):3191:132812:newTokenStart != tokenStart |==> newTokenStart < tokenStart
1317:ROR:!=(int,int):>(int,int):org.apache.commons.lang3.StringUtils@splitByCharacterType(java.lang.String,boolean):3191:132812:newTokenStart != tokenStart |==> newTokenStart > tokenStart
1318:ROR:!=(int,int):TRUE(int,int):org.apache.commons.lang3.StringUtils@splitByCharacterType(java.lang.String,boolean):3191:132826:newTokenStart != tokenStart |==> true
1319:AOR:-(int,int):%(int,int):org.apache.commons.lang3.StringUtils@splitByCharacterType(java.lang.String,boolean):3192:132898:newTokenStart - tokenStart |==> newTokenStart % tokenStart
1320:AOR:-(int,int):*(int,int):org.apache.commons.lang3.StringUtils@splitByCharacterType(java.lang.String,boolean):3192:132898:newTokenStart - tokenStart |==> newTokenStart * tokenStart
1321:AOR:-(int,int):+(int,int):org.apache.commons.lang3.StringUtils@splitByCharacterType(java.lang.String,boolean):3192:132898:newTokenStart - tokenStart |==> newTokenStart + tokenStart
1322:AOR:-(int,int):/(int,int):org.apache.commons.lang3.StringUtils@splitByCharacterType(java.lang.String,boolean):3192:132898:newTokenStart - tokenStart |==> newTokenStart / tokenStart
1323:STD:<CALL>:<NO-OP>:org.apache.commons.lang3.StringUtils@splitByCharacterType(java.lang.String,boolean):3192:132863:list.add(new String(c, tokenStart, newTokenStart - tokenStart)); |==> <NO-OP>
1324:STD:<ASSIGN>:<NO-OP>:org.apache.commons.lang3.StringUtils@splitByCharacterType(java.lang.String,boolean):3193:132948:tokenStart = newTokenStart; |==> <NO-OP>
1325:AOR:-(int,int):%(int,int):org.apache.commons.lang3.StringUtils@splitByCharacterType(java.lang.String,boolean):3196:133066:pos - tokenStart |==> pos % tokenStart
1326:AOR:-(int,int):*(int,int):org.apache.commons.lang3.StringUtils@splitByCharacterType(java.lang.String,boolean):3196:133066:pos - tokenStart |==> pos * tokenStart
1327:AOR:-(int,int):+(int,int):org.apache.commons.lang3.StringUtils@splitByCharacterType(java.lang.String,boolean):3196:133066:pos - tokenStart |==> pos + tokenStart
1328:AOR:-(int,int):/(int,int):org.apache.commons.lang3.StringUtils@splitByCharacterType(java.lang.String,boolean):3196:133066:pos - tokenStart |==> pos / tokenStart
1329:STD:<CALL>:<NO-OP>:org.apache.commons.lang3.StringUtils@splitByCharacterType(java.lang.String,boolean):3196:133031:list.add(new String(c, tokenStart, pos - tokenStart)); |==> <NO-OP>
1330:STD:<ASSIGN>:<NO-OP>:org.apache.commons.lang3.StringUtils@splitByCharacterType(java.lang.String,boolean):3197:133102:tokenStart = pos; |==> <NO-OP>
1331:STD:<ASSIGN>:<NO-OP>:org.apache.commons.lang3.StringUtils@splitByCharacterType(java.lang.String,boolean):3199:133146:currentType = type; |==> <NO-OP>
1332:AOR:-(int,int):%(int,int):org.apache.commons.lang3.StringUtils@splitByCharacterType(java.lang.String,boolean):3201:133219:c.length - tokenStart |==> c.length % tokenStart
1333:AOR:-(int,int):*(int,int):org.apache.commons.lang3.StringUtils@splitByCharacterType(java.lang.String,boolean):3201:133219:c.length - tokenStart |==> c.length * tokenStart
1334:AOR:-(int,int):+(int,int):org.apache.commons.lang3.StringUtils@splitByCharacterType(java.lang.String,boolean):3201:133219:c.length - tokenStart |==> c.length + tokenStart
1335:AOR:-(int,int):/(int,int):org.apache.commons.lang3.StringUtils@splitByCharacterType(java.lang.String,boolean):3201:133219:c.length - tokenStart |==> c.length / tokenStart
1336:STD:<CALL>:<NO-OP>:org.apache.commons.lang3.StringUtils@splitByCharacterType(java.lang.String,boolean):3201:133184:list.add(new String(c, tokenStart, c.length - tokenStart)); |==> <NO-OP>
1337:ROR:==(java.lang.Object,java.lang.Object):FALSE(java.lang.Object,java.lang.Object):org.apache.commons.lang3.StringUtils@join(java.lang.Object[],char):3256:135300:array == null |==> false
1338:LVR:0:POS:org.apache.commons.lang3.StringUtils@join(java.lang.Object[],char):3260:135385:0 |==> 1
1339:LVR:0:NEG:org.apache.commons.lang3.StringUtils@join(java.lang.Object[],char):3260:135385:0 |==> -1
1340:ROR:==(java.lang.Object,java.lang.Object):FALSE(java.lang.Object,java.lang.Object):org.apache.commons.lang3.StringUtils@join(java.lang.Object[],char,int,int):3290:136681:array == null |==> false
1341:AOR:-(int,int):%(int,int):org.apache.commons.lang3.StringUtils@join(java.lang.Object[],char,int,int):3293:136752:endIndex - startIndex |==> endIndex % startIndex
1342:AOR:-(int,int):*(int,int):org.apache.commons.lang3.StringUtils@join(java.lang.Object[],char,int,int):3293:136752:endIndex - startIndex |==> endIndex * startIndex
1343:AOR:-(int,int):+(int,int):org.apache.commons.lang3.StringUtils@join(java.lang.Object[],char,int,int):3293:136752:endIndex - startIndex |==> endIndex + startIndex
1344:AOR:-(int,int):/(int,int):org.apache.commons.lang3.StringUtils@join(java.lang.Object[],char,int,int):3293:136752:endIndex - startIndex |==> endIndex / startIndex
1345:LVR:0:POS:org.apache.commons.lang3.StringUtils@join(java.lang.Object[],char,int,int):3294:136801:0 |==> 1
1346:LVR:0:NEG:org.apache.commons.lang3.StringUtils@join(java.lang.Object[],char,int,int):3294:136801:0 |==> -1
1347:ROR:<=(int,int):<(int,int):org.apache.commons.lang3.StringUtils@join(java.lang.Object[],char,int,int):3294:136788:noOfItems <= 0 |==> noOfItems < 0
1348:ROR:<=(int,int):==(int,int):org.apache.commons.lang3.StringUtils@join(java.lang.Object[],char,int,int):3294:136788:noOfItems <= 0 |==> noOfItems == 0
1349:ROR:<=(int,int):TRUE(int,int):org.apache.commons.lang3.StringUtils@join(java.lang.Object[],char,int,int):3294:136798:noOfItems <= 0 |==> true
1350:LVR:POS:0:org.apache.commons.lang3.StringUtils@join(java.lang.Object[],char,int,int):3298:136909:16 |==> 0
1351:LVR:POS:NEG:org.apache.commons.lang3.StringUtils@join(java.lang.Object[],char,int,int):3298:136909:16 |==> -16
1352:AOR:*(int,int):%(int,int):org.apache.commons.lang3.StringUtils@join(java.lang.Object[],char,int,int):3298:136897:noOfItems * 16 |==> noOfItems % 16
1353:AOR:*(int,int):+(int,int):org.apache.commons.lang3.StringUtils@join(java.lang.Object[],char,int,int):3298:136897:noOfItems * 16 |==> noOfItems + 16
1354:AOR:*(int,int):-(int,int):org.apache.commons.lang3.StringUtils@join(java.lang.Object[],char,int,int):3298:136897:noOfItems * 16 |==> noOfItems - 16
1355:AOR:*(int,int):/(int,int):org.apache.commons.lang3.StringUtils@join(java.lang.Object[],char,int,int):3298:136897:noOfItems * 16 |==> noOfItems / 16
1356:ROR:<(int,int):!=(int,int):org.apache.commons.lang3.StringUtils@join(java.lang.Object[],char,int,int):3300:136948:i < endIndex |==> i != endIndex
1357:ROR:<(int,int):<=(int,int):org.apache.commons.lang3.StringUtils@join(java.lang.Object[],char,int,int):3300:136948:i < endIndex |==> i <= endIndex
1358:ROR:<(int,int):FALSE(int,int):org.apache.commons.lang3.StringUtils@join(java.lang.Object[],char,int,int):3300:136950:i < endIndex |==> false
1359:ROR:>(int,int):!=(int,int):org.apache.commons.lang3.StringUtils@join(java.lang.Object[],char,int,int):3301:136985:i > startIndex |==> i != startIndex
1360:ROR:>(int,int):>=(int,int):org.apache.commons.lang3.StringUtils@join(java.lang.Object[],char,int,int):3301:136985:i > startIndex |==> i >= startIndex
1361:ROR:>(int,int):FALSE(int,int):org.apache.commons.lang3.StringUtils@join(java.lang.Object[],char,int,int):3301:136987:i > startIndex |==> false
1362:STD:<CALL>:<NO-OP>:org.apache.commons.lang3.StringUtils@join(java.lang.Object[],char,int,int):3302:137019:buf.append(separator); |==> <NO-OP>
1363:ROR:!=(java.lang.Object,java.lang.Object):TRUE(java.lang.Object,java.lang.Object):org.apache.commons.lang3.StringUtils@join(java.lang.Object[],char,int,int):3304:137081:array[i] != null |==> true
1364:STD:<CALL>:<NO-OP>:org.apache.commons.lang3.StringUtils@join(java.lang.Object[],char,int,int):3305:137108:buf.append(array[i]); |==> <NO-OP>
1365:ROR:==(java.lang.Object,java.lang.Object):FALSE(java.lang.Object,java.lang.Object):org.apache.commons.lang3.StringUtils@join(java.lang.Object[],java.lang.String):3335:138294:array == null |==> false
1366:LVR:0:POS:org.apache.commons.lang3.StringUtils@join(java.lang.Object[],java.lang.String):3338:138378:0 |==> 1
1367:LVR:0:NEG:org.apache.commons.lang3.StringUtils@join(java.lang.Object[],java.lang.String):3338:138378:0 |==> -1
1368:ROR:==(java.lang.Object,java.lang.Object):FALSE(java.lang.Object,java.lang.Object):org.apache.commons.lang3.StringUtils@join(java.lang.Object[],java.lang.String,int,int):3369:139811:array == null |==> false
1369:ROR:==(java.lang.Object,java.lang.Object):FALSE(java.lang.Object,java.lang.Object):org.apache.commons.lang3.StringUtils@join(java.lang.Object[],java.lang.String,int,int):3372:139879:separator == null |==> false
1370:STD:<ASSIGN>:<NO-OP>:org.apache.commons.lang3.StringUtils@join(java.lang.Object[],java.lang.String,int,int):3373:139902:separator = EMPTY; |==> <NO-OP>
1371:AOR:-(int,int):%(int,int):org.apache.commons.lang3.StringUtils@join(java.lang.Object[],java.lang.String,int,int):3378:140125:endIndex - startIndex |==> endIndex % startIndex
1372:AOR:-(int,int):*(int,int):org.apache.commons.lang3.StringUtils@join(java.lang.Object[],java.lang.String,int,int):3378:140125:endIndex - startIndex |==> endIndex * startIndex
1373:AOR:-(int,int):+(int,int):org.apache.commons.lang3.StringUtils@join(java.lang.Object[],java.lang.String,int,int):3378:140125:endIndex - startIndex |==> endIndex + startIndex
1374:AOR:-(int,int):/(int,int):org.apache.commons.lang3.StringUtils@join(java.lang.Object[],java.lang.String,int,int):3378:140125:endIndex - startIndex |==> endIndex / startIndex
1375:LVR:0:POS:org.apache.commons.lang3.StringUtils@join(java.lang.Object[],java.lang.String,int,int):3379:140174:0 |==> 1
1376:LVR:0:NEG:org.apache.commons.lang3.StringUtils@join(java.lang.Object[],java.lang.String,int,int):3379:140174:0 |==> -1
1377:ROR:<=(int,int):<(int,int):org.apache.commons.lang3.StringUtils@join(java.lang.Object[],java.lang.String,int,int):3379:140161:noOfItems <= 0 |==> noOfItems < 0
1378:ROR:<=(int,int):==(int,int):org.apache.commons.lang3.StringUtils@join(java.lang.Object[],java.lang.String,int,int):3379:140161:noOfItems <= 0 |==> noOfItems == 0
1379:ROR:<=(int,int):TRUE(int,int):org.apache.commons.lang3.StringUtils@join(java.lang.Object[],java.lang.String,int,int):3379:140171:noOfItems <= 0 |==> true
1380:LVR:POS:0:org.apache.commons.lang3.StringUtils@join(java.lang.Object[],java.lang.String,int,int):3383:140274:16 |==> 0
1381:LVR:POS:NEG:org.apache.commons.lang3.StringUtils@join(java.lang.Object[],java.lang.String,int,int):3383:140274:16 |==> -16
1382:AOR:*(int,int):%(int,int):org.apache.commons.lang3.StringUtils@join(java.lang.Object[],java.lang.String,int,int):3383:140262:noOfItems * 16 |==> noOfItems % 16
1383:AOR:*(int,int):+(int,int):org.apache.commons.lang3.StringUtils@join(java.lang.Object[],java.lang.String,int,int):3383:140262:noOfItems * 16 |==> noOfItems + 16
1384:AOR:*(int,int):-(int,int):org.apache.commons.lang3.StringUtils@join(java.lang.Object[],java.lang.String,int,int):3383:140262:noOfItems * 16 |==> noOfItems - 16
1385:AOR:*(int,int):/(int,int):org.apache.commons.lang3.StringUtils@join(java.lang.Object[],java.lang.String,int,int):3383:140262:noOfItems * 16 |==> noOfItems / 16
1386:ROR:<(int,int):!=(int,int):org.apache.commons.lang3.StringUtils@join(java.lang.Object[],java.lang.String,int,int):3385:140313:i < endIndex |==> i != endIndex
1387:ROR:<(int,int):<=(int,int):org.apache.commons.lang3.StringUtils@join(java.lang.Object[],java.lang.String,int,int):3385:140313:i < endIndex |==> i <= endIndex
1388:ROR:<(int,int):FALSE(int,int):org.apache.commons.lang3.StringUtils@join(java.lang.Object[],java.lang.String,int,int):3385:140315:i < endIndex |==> false
1389:ROR:>(int,int):!=(int,int):org.apache.commons.lang3.StringUtils@join(java.lang.Object[],java.lang.String,int,int):3386:140350:i > startIndex |==> i != startIndex
1390:ROR:>(int,int):>=(int,int):org.apache.commons.lang3.StringUtils@join(java.lang.Object[],java.lang.String,int,int):3386:140350:i > startIndex |==> i >= startIndex
1391:ROR:>(int,int):FALSE(int,int):org.apache.commons.lang3.StringUtils@join(java.lang.Object[],java.lang.String,int,int):3386:140352:i > startIndex |==> false
1392:STD:<CALL>:<NO-OP>:org.apache.commons.lang3.StringUtils@join(java.lang.Object[],java.lang.String,int,int):3387:140384:buf.append(separator); |==> <NO-OP>
1393:ROR:!=(java.lang.Object,java.lang.Object):TRUE(java.lang.Object,java.lang.Object):org.apache.commons.lang3.StringUtils@join(java.lang.Object[],java.lang.String,int,int):3389:140446:array[i] != null |==> true
1394:STD:<CALL>:<NO-OP>:org.apache.commons.lang3.StringUtils@join(java.lang.Object[],java.lang.String,int,int):3390:140473:buf.append(array[i]); |==> <NO-OP>
1395:ROR:==(java.lang.Object,java.lang.Object):FALSE(java.lang.Object,java.lang.Object):org.apache.commons.lang3.StringUtils@join(java.util.Iterator<?>,char):3413:141336:iterator == null |==> false
1396:COR:<METHOD_INVOCATION(boolean)>:FALSE:org.apache.commons.lang3.StringUtils@join(java.util.Iterator<?>,char):3416:141411:iterator.hasNext() |==> false
1397:COR:<METHOD_INVOCATION(boolean)>:TRUE:org.apache.commons.lang3.StringUtils@join(java.util.Iterator<?>,char):3416:141411:iterator.hasNext() |==> true
1398:COR:<METHOD_INVOCATION(boolean)>:FALSE:org.apache.commons.lang3.StringUtils@join(java.util.Iterator<?>,char):3420:141522:iterator.hasNext() |==> false
1399:COR:<METHOD_INVOCATION(boolean)>:TRUE:org.apache.commons.lang3.StringUtils@join(java.util.Iterator<?>,char):3420:141522:iterator.hasNext() |==> true
1400:LVR:POS:0:org.apache.commons.lang3.StringUtils@join(java.util.Iterator<?>,char):3425:141665:256 |==> 0
1401:LVR:POS:NEG:org.apache.commons.lang3.StringUtils@join(java.util.Iterator<?>,char):3425:141665:256 |==> -256
1402:ROR:!=(java.lang.Object,java.lang.Object):TRUE(java.lang.Object,java.lang.Object):org.apache.commons.lang3.StringUtils@join(java.util.Iterator<?>,char):3426:141731:first != null |==> true
1403:STD:<CALL>:<NO-OP>:org.apache.commons.lang3.StringUtils@join(java.util.Iterator<?>,char):3427:141754:buf.append(first); |==> <NO-OP>
1404:STD:<CALL>:<NO-OP>:org.apache.commons.lang3.StringUtils@join(java.util.Iterator<?>,char):3431:141833:buf.append(separator); |==> <NO-OP>
1405:ROR:!=(java.lang.Object,java.lang.Object):TRUE(java.lang.Object,java.lang.Object):org.apache.commons.lang3.StringUtils@join(java.util.Iterator<?>,char):3433:141918:obj != null |==> true
1406:STD:<CALL>:<NO-OP>:org.apache.commons.lang3.StringUtils@join(java.util.Iterator<?>,char):3434:141945:buf.append(obj); |==> <NO-OP>
1407:ROR:==(java.lang.Object,java.lang.Object):FALSE(java.lang.Object,java.lang.Object):org.apache.commons.lang3.StringUtils@join(java.util.Iterator<?>,java.lang.String):3457:142787:iterator == null |==> false
1408:COR:<METHOD_INVOCATION(boolean)>:FALSE:org.apache.commons.lang3.StringUtils@join(java.util.Iterator<?>,java.lang.String):3460:142862:iterator.hasNext() |==> false
1409:COR:<METHOD_INVOCATION(boolean)>:TRUE:org.apache.commons.lang3.StringUtils@join(java.util.Iterator<?>,java.lang.String):3460:142862:iterator.hasNext() |==> true
1410:COR:<METHOD_INVOCATION(boolean)>:FALSE:org.apache.commons.lang3.StringUtils@join(java.util.Iterator<?>,java.lang.String):3464:142973:iterator.hasNext() |==> false
1411:COR:<METHOD_INVOCATION(boolean)>:TRUE:org.apache.commons.lang3.StringUtils@join(java.util.Iterator<?>,java.lang.String):3464:142973:iterator.hasNext() |==> true
1412:LVR:POS:0:org.apache.commons.lang3.StringUtils@join(java.util.Iterator<?>,java.lang.String):3469:143116:256 |==> 0
1413:LVR:POS:NEG:org.apache.commons.lang3.StringUtils@join(java.util.Iterator<?>,java.lang.String):3469:143116:256 |==> -256
1414:ROR:!=(java.lang.Object,java.lang.Object):TRUE(java.lang.Object,java.lang.Object):org.apache.commons.lang3.StringUtils@join(java.util.Iterator<?>,java.lang.String):3470:143182:first != null |==> true
1415:STD:<CALL>:<NO-OP>:org.apache.commons.lang3.StringUtils@join(java.util.Iterator<?>,java.lang.String):3471:143205:buf.append(first); |==> <NO-OP>
1416:ROR:!=(java.lang.Object,java.lang.Object):TRUE(java.lang.Object,java.lang.Object):org.apache.commons.lang3.StringUtils@join(java.util.Iterator<?>,java.lang.String):3475:143298:separator != null |==> true
1417:STD:<CALL>:<NO-OP>:org.apache.commons.lang3.StringUtils@join(java.util.Iterator<?>,java.lang.String):3476:143325:buf.append(separator); |==> <NO-OP>
1418:ROR:!=(java.lang.Object,java.lang.Object):TRUE(java.lang.Object,java.lang.Object):org.apache.commons.lang3.StringUtils@join(java.util.Iterator<?>,java.lang.String):3479:143424:obj != null |==> true
1419:STD:<CALL>:<NO-OP>:org.apache.commons.lang3.StringUtils@join(java.util.Iterator<?>,java.lang.String):3480:143451:buf.append(obj); |==> <NO-OP>
1420:ROR:==(java.lang.Object,java.lang.Object):FALSE(java.lang.Object,java.lang.Object):org.apache.commons.lang3.StringUtils@join(java.lang.Iterable<?>,char):3501:144248:iterable == null |==> false
1421:ROR:==(java.lang.Object,java.lang.Object):FALSE(java.lang.Object,java.lang.Object):org.apache.commons.lang3.StringUtils@join(java.lang.Iterable<?>,java.lang.String):3522:145073:iterable == null |==> false
1422:COR:<METHOD_INVOCATION(boolean)>:FALSE:org.apache.commons.lang3.StringUtils@deleteWhitespace(java.lang.String):3545:145892:isEmpty(str) |==> false
1423:COR:<METHOD_INVOCATION(boolean)>:TRUE:org.apache.commons.lang3.StringUtils@deleteWhitespace(java.lang.String):3545:145892:isEmpty(str) |==> true
1424:LVR:0:POS:org.apache.commons.lang3.StringUtils@deleteWhitespace(java.lang.String):3550:146021:0 |==> 1
1425:LVR:0:NEG:org.apache.commons.lang3.StringUtils@deleteWhitespace(java.lang.String):3550:146021:0 |==> -1
1426:LVR:0:POS:org.apache.commons.lang3.StringUtils@deleteWhitespace(java.lang.String):3551:146045:0 |==> 1
1427:LVR:0:NEG:org.apache.commons.lang3.StringUtils@deleteWhitespace(java.lang.String):3551:146045:0 |==> -1
1428:ROR:<(int,int):!=(int,int):org.apache.commons.lang3.StringUtils@deleteWhitespace(java.lang.String):3551:146048:i < sz |==> i != sz
1429:ROR:<(int,int):<=(int,int):org.apache.commons.lang3.StringUtils@deleteWhitespace(java.lang.String):3551:146048:i < sz |==> i <= sz
1430:ROR:<(int,int):FALSE(int,int):org.apache.commons.lang3.StringUtils@deleteWhitespace(java.lang.String):3551:146050:i < sz |==> false
1431:COR:<METHOD_INVOCATION(boolean)>:FALSE:org.apache.commons.lang3.StringUtils@deleteWhitespace(java.lang.String):3552:146102:Character.isWhitespace(str.charAt(i)) |==> false
1432:COR:<METHOD_INVOCATION(boolean)>:TRUE:org.apache.commons.lang3.StringUtils@deleteWhitespace(java.lang.String):3552:146102:Character.isWhitespace(str.charAt(i)) |==> true
1433:STD:<ASSIGN>:<NO-OP>:org.apache.commons.lang3.StringUtils@deleteWhitespace(java.lang.String):3553:146137:chs[count++] = str.charAt(i); |==> <NO-OP>
1434:ROR:==(int,int):<=(int,int):org.apache.commons.lang3.StringUtils@deleteWhitespace(java.lang.String):3556:146203:count == sz |==> count <= sz
1435:ROR:==(int,int):>=(int,int):org.apache.commons.lang3.StringUtils@deleteWhitespace(java.lang.String):3556:146203:count == sz |==> count >= sz
1436:ROR:==(int,int):FALSE(int,int):org.apache.commons.lang3.StringUtils@deleteWhitespace(java.lang.String):3556:146209:count == sz |==> false
1437:LVR:0:POS:org.apache.commons.lang3.StringUtils@deleteWhitespace(java.lang.String):3559:146283:0 |==> 1
1438:LVR:0:NEG:org.apache.commons.lang3.StringUtils@deleteWhitespace(java.lang.String):3559:146283:0 |==> -1
1439:COR:||(boolean,boolean):!=(boolean,boolean):org.apache.commons.lang3.StringUtils@removeStart(java.lang.String,java.lang.String):3589:147548:isEmpty(str) || isEmpty(remove) |==> isEmpty(str) != isEmpty(remove)
1440:COR:||(boolean,boolean):LHS(boolean,boolean):org.apache.commons.lang3.StringUtils@removeStart(java.lang.String,java.lang.String):3589:147548:isEmpty(str) || isEmpty(remove) |==> isEmpty(str)
1441:COR:||(boolean,boolean):RHS(boolean,boolean):org.apache.commons.lang3.StringUtils@removeStart(java.lang.String,java.lang.String):3589:147564:isEmpty(str) || isEmpty(remove) |==> isEmpty(remove)
1442:COR:||(boolean,boolean):TRUE(boolean,boolean):org.apache.commons.lang3.StringUtils@removeStart(java.lang.String,java.lang.String):3589:147561:isEmpty(str) || isEmpty(remove) |==> true
1443:COR:<METHOD_INVOCATION(boolean)>:FALSE:org.apache.commons.lang3.StringUtils@removeStart(java.lang.String,java.lang.String):3592:147643:str.startsWith(remove) |==> false
1444:COR:<METHOD_INVOCATION(boolean)>:TRUE:org.apache.commons.lang3.StringUtils@removeStart(java.lang.String,java.lang.String):3592:147643:str.startsWith(remove) |==> true
1445:COR:||(boolean,boolean):!=(boolean,boolean):org.apache.commons.lang3.StringUtils@removeStartIgnoreCase(java.lang.String,java.lang.String):3624:149095:isEmpty(str) || isEmpty(remove) |==> isEmpty(str) != isEmpty(remove)
1446:COR:||(boolean,boolean):LHS(boolean,boolean):org.apache.commons.lang3.StringUtils@removeStartIgnoreCase(java.lang.String,java.lang.String):3624:149095:isEmpty(str) || isEmpty(remove) |==> isEmpty(str)
1447:COR:||(boolean,boolean):RHS(boolean,boolean):org.apache.commons.lang3.StringUtils@removeStartIgnoreCase(java.lang.String,java.lang.String):3624:149111:isEmpty(str) || isEmpty(remove) |==> isEmpty(remove)
1448:COR:||(boolean,boolean):TRUE(boolean,boolean):org.apache.commons.lang3.StringUtils@removeStartIgnoreCase(java.lang.String,java.lang.String):3624:149108:isEmpty(str) || isEmpty(remove) |==> true
1449:COR:<METHOD_INVOCATION(boolean)>:FALSE:org.apache.commons.lang3.StringUtils@removeStartIgnoreCase(java.lang.String,java.lang.String):3627:149196:startsWithIgnoreCase(str, remove) |==> false
1450:COR:<METHOD_INVOCATION(boolean)>:TRUE:org.apache.commons.lang3.StringUtils@removeStartIgnoreCase(java.lang.String,java.lang.String):3627:149196:startsWithIgnoreCase(str, remove) |==> true
1451:COR:||(boolean,boolean):!=(boolean,boolean):org.apache.commons.lang3.StringUtils@removeEnd(java.lang.String,java.lang.String):3658:150439:isEmpty(str) || isEmpty(remove) |==> isEmpty(str) != isEmpty(remove)
1452:COR:||(boolean,boolean):LHS(boolean,boolean):org.apache.commons.lang3.StringUtils@removeEnd(java.lang.String,java.lang.String):3658:150439:isEmpty(str) || isEmpty(remove) |==> isEmpty(str)
1453:COR:||(boolean,boolean):RHS(boolean,boolean):org.apache.commons.lang3.StringUtils@removeEnd(java.lang.String,java.lang.String):3658:150455:isEmpty(str) || isEmpty(remove) |==> isEmpty(remove)
1454:COR:||(boolean,boolean):TRUE(boolean,boolean):org.apache.commons.lang3.StringUtils@removeEnd(java.lang.String,java.lang.String):3658:150452:isEmpty(str) || isEmpty(remove) |==> true
1455:COR:<METHOD_INVOCATION(boolean)>:FALSE:org.apache.commons.lang3.StringUtils@removeEnd(java.lang.String,java.lang.String):3661:150532:str.endsWith(remove) |==> false
1456:COR:<METHOD_INVOCATION(boolean)>:TRUE:org.apache.commons.lang3.StringUtils@removeEnd(java.lang.String,java.lang.String):3661:150532:str.endsWith(remove) |==> true
1457:LVR:0:POS:org.apache.commons.lang3.StringUtils@removeEnd(java.lang.String,java.lang.String):3662:150577:0 |==> 1
1458:LVR:0:NEG:org.apache.commons.lang3.StringUtils@removeEnd(java.lang.String,java.lang.String):3662:150577:0 |==> -1
1459:AOR:-(int,int):%(int,int):org.apache.commons.lang3.StringUtils@removeEnd(java.lang.String,java.lang.String):3662:150580:str.length() - remove.length() |==> str.length() % remove.length()
1460:AOR:-(int,int):*(int,int):org.apache.commons.lang3.StringUtils@removeEnd(java.lang.String,java.lang.String):3662:150580:str.length() - remove.length() |==> str.length() * remove.length()
1461:AOR:-(int,int):+(int,int):org.apache.commons.lang3.StringUtils@removeEnd(java.lang.String,java.lang.String):3662:150580:str.length() - remove.length() |==> str.length() + remove.length()
1462:AOR:-(int,int):/(int,int):org.apache.commons.lang3.StringUtils@removeEnd(java.lang.String,java.lang.String):3662:150580:str.length() - remove.length() |==> str.length() / remove.length()
1463:COR:||(boolean,boolean):!=(boolean,boolean):org.apache.commons.lang3.StringUtils@removeEndIgnoreCase(java.lang.String,java.lang.String):3694:152064:isEmpty(str) || isEmpty(remove) |==> isEmpty(str) != isEmpty(remove)
1464:COR:||(boolean,boolean):LHS(boolean,boolean):org.apache.commons.lang3.StringUtils@removeEndIgnoreCase(java.lang.String,java.lang.String):3694:152064:isEmpty(str) || isEmpty(remove) |==> isEmpty(str)
1465:COR:||(boolean,boolean):RHS(boolean,boolean):org.apache.commons.lang3.StringUtils@removeEndIgnoreCase(java.lang.String,java.lang.String):3694:152080:isEmpty(str) || isEmpty(remove) |==> isEmpty(remove)
1466:COR:||(boolean,boolean):TRUE(boolean,boolean):org.apache.commons.lang3.StringUtils@removeEndIgnoreCase(java.lang.String,java.lang.String):3694:152077:isEmpty(str) || isEmpty(remove) |==> true
1467:COR:<METHOD_INVOCATION(boolean)>:FALSE:org.apache.commons.lang3.StringUtils@removeEndIgnoreCase(java.lang.String,java.lang.String):3697:152163:endsWithIgnoreCase(str, remove) |==> false
1468:COR:<METHOD_INVOCATION(boolean)>:TRUE:org.apache.commons.lang3.StringUtils@removeEndIgnoreCase(java.lang.String,java.lang.String):3697:152163:endsWithIgnoreCase(str, remove) |==> true
1469:LVR:0:POS:org.apache.commons.lang3.StringUtils@removeEndIgnoreCase(java.lang.String,java.lang.String):3698:152213:0 |==> 1
1470:LVR:0:NEG:org.apache.commons.lang3.StringUtils@removeEndIgnoreCase(java.lang.String,java.lang.String):3698:152213:0 |==> -1
1471:AOR:-(int,int):%(int,int):org.apache.commons.lang3.StringUtils@removeEndIgnoreCase(java.lang.String,java.lang.String):3698:152216:str.length() - remove.length() |==> str.length() % remove.length()
1472:AOR:-(int,int):*(int,int):org.apache.commons.lang3.StringUtils@removeEndIgnoreCase(java.lang.String,java.lang.String):3698:152216:str.length() - remove.length() |==> str.length() * remove.length()
1473:AOR:-(int,int):+(int,int):org.apache.commons.lang3.StringUtils@removeEndIgnoreCase(java.lang.String,java.lang.String):3698:152216:str.length() - remove.length() |==> str.length() + remove.length()
1474:AOR:-(int,int):/(int,int):org.apache.commons.lang3.StringUtils@removeEndIgnoreCase(java.lang.String,java.lang.String):3698:152216:str.length() - remove.length() |==> str.length() / remove.length()
1475:COR:||(boolean,boolean):!=(boolean,boolean):org.apache.commons.lang3.StringUtils@remove(java.lang.String,java.lang.String):3727:153318:isEmpty(str) || isEmpty(remove) |==> isEmpty(str) != isEmpty(remove)
1476:COR:||(boolean,boolean):LHS(boolean,boolean):org.apache.commons.lang3.StringUtils@remove(java.lang.String,java.lang.String):3727:153318:isEmpty(str) || isEmpty(remove) |==> isEmpty(str)
1477:COR:||(boolean,boolean):RHS(boolean,boolean):org.apache.commons.lang3.StringUtils@remove(java.lang.String,java.lang.String):3727:153334:isEmpty(str) || isEmpty(remove) |==> isEmpty(remove)
1478:COR:||(boolean,boolean):TRUE(boolean,boolean):org.apache.commons.lang3.StringUtils@remove(java.lang.String,java.lang.String):3727:153331:isEmpty(str) || isEmpty(remove) |==> true
1479:LVR:NEG:0:org.apache.commons.lang3.StringUtils@remove(java.lang.String,java.lang.String):3730:153430:-1 |==> 0
1480:LVR:NEG:POS:org.apache.commons.lang3.StringUtils@remove(java.lang.String,java.lang.String):3730:153430:-1 |==> 1
1481:ROR:==(int,int):>=(int,int):org.apache.commons.lang3.StringUtils@remove(java.lang.String,char):3753:154257:str.indexOf(remove) == INDEX_NOT_FOUND |==> str.indexOf(remove) >= INDEX_NOT_FOUND
1482:ROR:==(int,int):FALSE(int,int):org.apache.commons.lang3.StringUtils@remove(java.lang.String,char):3753:154277:str.indexOf(remove) == INDEX_NOT_FOUND |==> false
1483:COR:||(boolean,boolean):!=(boolean,boolean):org.apache.commons.lang3.StringUtils@remove(java.lang.String,char):3753:154241:isEmpty(str) || str.indexOf(remove) == INDEX_NOT_FOUND |==> isEmpty(str) != (str.indexOf(remove) == INDEX_NOT_FOUND)
1484:COR:||(boolean,boolean):LHS(boolean,boolean):org.apache.commons.lang3.StringUtils@remove(java.lang.String,char):3753:154241:isEmpty(str) || str.indexOf(remove) == INDEX_NOT_FOUND |==> isEmpty(str)
1485:COR:||(boolean,boolean):RHS(boolean,boolean):org.apache.commons.lang3.StringUtils@remove(java.lang.String,char):3753:154257:isEmpty(str) || str.indexOf(remove) == INDEX_NOT_FOUND |==> str.indexOf(remove) == INDEX_NOT_FOUND
1486:COR:||(boolean,boolean):TRUE(boolean,boolean):org.apache.commons.lang3.StringUtils@remove(java.lang.String,char):3753:154254:isEmpty(str) || str.indexOf(remove) == INDEX_NOT_FOUND |==> true
1487:LVR:0:POS:org.apache.commons.lang3.StringUtils@remove(java.lang.String,char):3757:154393:0 |==> 1
1488:LVR:0:NEG:org.apache.commons.lang3.StringUtils@remove(java.lang.String,char):3757:154393:0 |==> -1
1489:LVR:0:POS:org.apache.commons.lang3.StringUtils@remove(java.lang.String,char):3758:154417:0 |==> 1
1490:LVR:0:NEG:org.apache.commons.lang3.StringUtils@remove(java.lang.String,char):3758:154417:0 |==> -1
1491:ROR:<(int,int):<=(int,int):org.apache.commons.lang3.StringUtils@remove(java.lang.String,char):3758:154420:i < chars.length |==> i <= chars.length
1492:ROR:<(int,int):FALSE(int,int):org.apache.commons.lang3.StringUtils@remove(java.lang.String,char):3758:154422:i < chars.length |==> false
1493:ROR:!=(int,int):<(int,int):org.apache.commons.lang3.StringUtils@remove(java.lang.String,char):3759:154461:chars[i] != remove |==> chars[i] < remove
1494:ROR:!=(int,int):>(int,int):org.apache.commons.lang3.StringUtils@remove(java.lang.String,char):3759:154461:chars[i] != remove |==> chars[i] > remove
1495:ROR:!=(int,int):TRUE(int,int):org.apache.commons.lang3.StringUtils@remove(java.lang.String,char):3759:154470:chars[i] != remove |==> true
1496:STD:<ASSIGN>:<NO-OP>:org.apache.commons.lang3.StringUtils@remove(java.lang.String,char):3760:154499:chars[pos++] = chars[i]; |==> <NO-OP>
1497:LVR:0:POS:org.apache.commons.lang3.StringUtils@remove(java.lang.String,char):3763:154581:0 |==> 1
1498:LVR:0:NEG:org.apache.commons.lang3.StringUtils@remove(java.lang.String,char):3763:154581:0 |==> -1
1499:LVR:POS:0:org.apache.commons.lang3.StringUtils@replaceOnce(java.lang.String,java.lang.String,java.lang.String):3792:155898:1 |==> 0
1500:LVR:POS:NEG:org.apache.commons.lang3.StringUtils@replaceOnce(java.lang.String,java.lang.String,java.lang.String):3792:155898:1 |==> -1
1501:LVR:NEG:0:org.apache.commons.lang3.StringUtils@replace(java.lang.String,java.lang.String,java.lang.String):3819:157073:-1 |==> 0
1502:LVR:NEG:POS:org.apache.commons.lang3.StringUtils@replace(java.lang.String,java.lang.String,java.lang.String):3819:157073:-1 |==> 1
1503:COR:||(boolean,boolean):!=(boolean,boolean):org.apache.commons.lang3.StringUtils@replace(java.lang.String,java.lang.String,java.lang.String,int):3851:158547:isEmpty(text) || isEmpty(searchString) |==> isEmpty(text) != isEmpty(searchString)
1504:COR:||(boolean,boolean):LHS(boolean,boolean):org.apache.commons.lang3.StringUtils@replace(java.lang.String,java.lang.String,java.lang.String,int):3851:158547:isEmpty(text) || isEmpty(searchString) |==> isEmpty(text)
1505:COR:||(boolean,boolean):RHS(boolean,boolean):org.apache.commons.lang3.StringUtils@replace(java.lang.String,java.lang.String,java.lang.String,int):3851:158564:isEmpty(text) || isEmpty(searchString) |==> isEmpty(searchString)
1506:COR:||(boolean,boolean):TRUE(boolean,boolean):org.apache.commons.lang3.StringUtils@replace(java.lang.String,java.lang.String,java.lang.String,int):3851:158561:isEmpty(text) || isEmpty(searchString) |==> true
1507:ROR:==(java.lang.Object,java.lang.Object):FALSE(java.lang.Object,java.lang.Object):org.apache.commons.lang3.StringUtils@replace(java.lang.String,java.lang.String,java.lang.String,int):3851:158601:replacement == null |==> false
1508:COR:||(boolean,boolean):!=(boolean,boolean):org.apache.commons.lang3.StringUtils@replace(java.lang.String,java.lang.String,java.lang.String,int):3851:158547:isEmpty(text) || isEmpty(searchString) || replacement == null |==> (isEmpty(text) || isEmpty(searchString)) != (replacement == null)
1509:COR:||(boolean,boolean):LHS(boolean,boolean):org.apache.commons.lang3.StringUtils@replace(java.lang.String,java.lang.String,java.lang.String,int):3851:158547:isEmpty(text) || isEmpty(searchString) || replacement == null |==> isEmpty(text) || isEmpty(searchString)
1510:COR:||(boolean,boolean):RHS(boolean,boolean):org.apache.commons.lang3.StringUtils@replace(java.lang.String,java.lang.String,java.lang.String,int):3851:158589:isEmpty(text) || isEmpty(searchString) || replacement == null |==> replacement == null
1511:COR:||(boolean,boolean):TRUE(boolean,boolean):org.apache.commons.lang3.StringUtils@replace(java.lang.String,java.lang.String,java.lang.String,int):3851:158586:isEmpty(text) || isEmpty(searchString) || replacement == null |==> true
1512:LVR:0:POS:org.apache.commons.lang3.StringUtils@replace(java.lang.String,java.lang.String,java.lang.String,int):3851:158619:0 |==> 1
1513:LVR:0:NEG:org.apache.commons.lang3.StringUtils@replace(java.lang.String,java.lang.String,java.lang.String,int):3851:158619:0 |==> -1
1514:ROR:==(int,int):<=(int,int):org.apache.commons.lang3.StringUtils@replace(java.lang.String,java.lang.String,java.lang.String,int):3851:158612:max == 0 |==> max <= 0
1515:ROR:==(int,int):>=(int,int):org.apache.commons.lang3.StringUtils@replace(java.lang.String,java.lang.String,java.lang.String,int):3851:158612:max == 0 |==> max >= 0
1516:ROR:==(int,int):FALSE(int,int):org.apache.commons.lang3.StringUtils@replace(java.lang.String,java.lang.String,java.lang.String,int):3851:158616:max == 0 |==> false
1517:COR:||(boolean,boolean):!=(boolean,boolean):org.apache.commons.lang3.StringUtils@replace(java.lang.String,java.lang.String,java.lang.String,int):3851:158547:isEmpty(text) || isEmpty(searchString) || replacement == null || max == 0 |==> (isEmpty(text) || isEmpty(searchString) || replacement == null) != (max == 0)
1518:COR:||(boolean,boolean):LHS(boolean,boolean):org.apache.commons.lang3.StringUtils@replace(java.lang.String,java.lang.String,java.lang.String,int):3851:158547:isEmpty(text) || isEmpty(searchString) || replacement == null || max == 0 |==> isEmpty(text) || isEmpty(searchString) || replacement == null
1519:COR:||(boolean,boolean):RHS(boolean,boolean):org.apache.commons.lang3.StringUtils@replace(java.lang.String,java.lang.String,java.lang.String,int):3851:158612:isEmpty(text) || isEmpty(searchString) || replacement == null || max == 0 |==> max == 0
1520:COR:||(boolean,boolean):TRUE(boolean,boolean):org.apache.commons.lang3.StringUtils@replace(java.lang.String,java.lang.String,java.lang.String,int):3851:158609:isEmpty(text) || isEmpty(searchString) || replacement == null || max == 0 |==> true
1521:LVR:0:POS:org.apache.commons.lang3.StringUtils@replace(java.lang.String,java.lang.String,java.lang.String,int):3854:158679:0 |==> 1
1522:LVR:0:NEG:org.apache.commons.lang3.StringUtils@replace(java.lang.String,java.lang.String,java.lang.String,int):3854:158679:0 |==> -1
1523:ROR:==(int,int):<=(int,int):org.apache.commons.lang3.StringUtils@replace(java.lang.String,java.lang.String,java.lang.String,int):3856:158747:end == INDEX_NOT_FOUND |==> end <= INDEX_NOT_FOUND
1524:ROR:==(int,int):>=(int,int):org.apache.commons.lang3.StringUtils@replace(java.lang.String,java.lang.String,java.lang.String,int):3856:158747:end == INDEX_NOT_FOUND |==> end >= INDEX_NOT_FOUND
1525:ROR:==(int,int):FALSE(int,int):org.apache.commons.lang3.StringUtils@replace(java.lang.String,java.lang.String,java.lang.String,int):3856:158751:end == INDEX_NOT_FOUND |==> false
1526:AOR:-(int,int):%(int,int):org.apache.commons.lang3.StringUtils@replace(java.lang.String,java.lang.String,java.lang.String,int):3860:158879:replacement.length() - replLength |==> replacement.length() % replLength
1527:AOR:-(int,int):*(int,int):org.apache.commons.lang3.StringUtils@replace(java.lang.String,java.lang.String,java.lang.String,int):3860:158879:replacement.length() - replLength |==> replacement.length() * replLength
1528:AOR:-(int,int):+(int,int):org.apache.commons.lang3.StringUtils@replace(java.lang.String,java.lang.String,java.lang.String,int):3860:158879:replacement.length() - replLength |==> replacement.length() + replLength
1529:AOR:-(int,int):/(int,int):org.apache.commons.lang3.StringUtils@replace(java.lang.String,java.lang.String,java.lang.String,int):3860:158879:replacement.length() - replLength |==> replacement.length() / replLength
1530:LVR:0:POS:org.apache.commons.lang3.StringUtils@replace(java.lang.String,java.lang.String,java.lang.String,int):3861:158945:0 |==> 1
1531:LVR:0:NEG:org.apache.commons.lang3.StringUtils@replace(java.lang.String,java.lang.String,java.lang.String,int):3861:158945:0 |==> -1
1532:ROR:<(int,int):!=(int,int):org.apache.commons.lang3.StringUtils@replace(java.lang.String,java.lang.String,java.lang.String,int):3861:158934:increase < 0 |==> increase != 0
1533:ROR:<(int,int):<=(int,int):org.apache.commons.lang3.StringUtils@replace(java.lang.String,java.lang.String,java.lang.String,int):3861:158934:increase < 0 |==> increase <= 0
1534:ROR:<(int,int):FALSE(int,int):org.apache.commons.lang3.StringUtils@replace(java.lang.String,java.lang.String,java.lang.String,int):3861:158943:increase < 0 |==> false
1535:LVR:0:POS:org.apache.commons.lang3.StringUtils@replace(java.lang.String,java.lang.String,java.lang.String,int):3861:158949:0 |==> 1
1536:LVR:0:NEG:org.apache.commons.lang3.StringUtils@replace(java.lang.String,java.lang.String,java.lang.String,int):3861:158949:0 |==> -1
1537:STD:<ASSIGN>:<NO-OP>:org.apache.commons.lang3.StringUtils@replace(java.lang.String,java.lang.String,java.lang.String,int):3861:158922:increase = (increase < 0 ? 0 : increase); |==> <NO-OP>
1538:LVR:0:POS:org.apache.commons.lang3.StringUtils@replace(java.lang.String,java.lang.String,java.lang.String,int):3862:158991:0 |==> 1
1539:LVR:0:NEG:org.apache.commons.lang3.StringUtils@replace(java.lang.String,java.lang.String,java.lang.String,int):3862:158991:0 |==> -1
1540:ROR:<(int,int):!=(int,int):org.apache.commons.lang3.StringUtils@replace(java.lang.String,java.lang.String,java.lang.String,int):3862:158985:max < 0 |==> max != 0
1541:ROR:<(int,int):<=(int,int):org.apache.commons.lang3.StringUtils@replace(java.lang.String,java.lang.String,java.lang.String,int):3862:158985:max < 0 |==> max <= 0
1542:ROR:<(int,int):FALSE(int,int):org.apache.commons.lang3.StringUtils@replace(java.lang.String,java.lang.String,java.lang.String,int):3862:158989:max < 0 |==> false
1543:LVR:POS:0:org.apache.commons.lang3.StringUtils@replace(java.lang.String,java.lang.String,java.lang.String,int):3862:158995:16 |==> 0
1544:LVR:POS:NEG:org.apache.commons.lang3.StringUtils@replace(java.lang.String,java.lang.String,java.lang.String,int):3862:158995:16 |==> -16
1545:LVR:POS:0:org.apache.commons.lang3.StringUtils@replace(java.lang.String,java.lang.String,java.lang.String,int):3862:159007:64 |==> 0
1546:LVR:POS:NEG:org.apache.commons.lang3.StringUtils@replace(java.lang.String,java.lang.String,java.lang.String,int):3862:159007:64 |==> -64
1547:ROR:>(int,int):!=(int,int):org.apache.commons.lang3.StringUtils@replace(java.lang.String,java.lang.String,java.lang.String,int):3862:159001:max > 64 |==> max != 64
1548:ROR:>(int,int):>=(int,int):org.apache.commons.lang3.StringUtils@replace(java.lang.String,java.lang.String,java.lang.String,int):3862:159001:max > 64 |==> max >= 64
1549:ROR:>(int,int):FALSE(int,int):org.apache.commons.lang3.StringUtils@replace(java.lang.String,java.lang.String,java.lang.String,int):3862:159005:max > 64 |==> false
1550:LVR:POS:0:org.apache.commons.lang3.StringUtils@replace(java.lang.String,java.lang.String,java.lang.String,int):3862:159012:64 |==> 0
1551:LVR:POS:NEG:org.apache.commons.lang3.StringUtils@replace(java.lang.String,java.lang.String,java.lang.String,int):3862:159012:64 |==> -64
1552:STD:<ASSIGN>:<NO-OP>:org.apache.commons.lang3.StringUtils@replace(java.lang.String,java.lang.String,java.lang.String,int):3862:158972:increase *= (max < 0 ? 16 : (max > 64 ? 64 : max)); |==> <NO-OP>
1553:AOR:+(int,int):%(int,int):org.apache.commons.lang3.StringUtils@replace(java.lang.String,java.lang.String,java.lang.String,int):3863:159070:text.length() + increase |==> text.length() % increase
1554:AOR:+(int,int):*(int,int):org.apache.commons.lang3.StringUtils@replace(java.lang.String,java.lang.String,java.lang.String,int):3863:159070:text.length() + increase |==> text.length() * increase
1555:AOR:+(int,int):-(int,int):org.apache.commons.lang3.StringUtils@replace(java.lang.String,java.lang.String,java.lang.String,int):3863:159070:text.length() + increase |==> text.length() - increase
1556:AOR:+(int,int):/(int,int):org.apache.commons.lang3.StringUtils@replace(java.lang.String,java.lang.String,java.lang.String,int):3863:159070:text.length() + increase |==> text.length() / increase
1557:ROR:!=(int,int):<(int,int):org.apache.commons.lang3.StringUtils@replace(java.lang.String,java.lang.String,java.lang.String,int):3864:159112:end != INDEX_NOT_FOUND |==> end < INDEX_NOT_FOUND
1558:ROR:!=(int,int):>(int,int):org.apache.commons.lang3.StringUtils@replace(java.lang.String,java.lang.String,java.lang.String,int):3864:159112:end != INDEX_NOT_FOUND |==> end > INDEX_NOT_FOUND
1559:ROR:!=(int,int):TRUE(int,int):org.apache.commons.lang3.StringUtils@replace(java.lang.String,java.lang.String,java.lang.String,int):3864:159116:end != INDEX_NOT_FOUND |==> true
1560:STD:<CALL>:<NO-OP>:org.apache.commons.lang3.StringUtils@replace(java.lang.String,java.lang.String,java.lang.String,int):3865:159150:buf.append(text.substring(start, end)).append(replacement); |==> <NO-OP>
1561:AOR:+(int,int):%(int,int):org.apache.commons.lang3.StringUtils@replace(java.lang.String,java.lang.String,java.lang.String,int):3866:159230:end + replLength |==> end % replLength
1562:AOR:+(int,int):*(int,int):org.apache.commons.lang3.StringUtils@replace(java.lang.String,java.lang.String,java.lang.String,int):3866:159230:end + replLength |==> end * replLength
1563:AOR:+(int,int):-(int,int):org.apache.commons.lang3.StringUtils@replace(java.lang.String,java.lang.String,java.lang.String,int):3866:159230:end + replLength |==> end - replLength
1564:AOR:+(int,int):/(int,int):org.apache.commons.lang3.StringUtils@replace(java.lang.String,java.lang.String,java.lang.String,int):3866:159230:end + replLength |==> end / replLength
1565:STD:<ASSIGN>:<NO-OP>:org.apache.commons.lang3.StringUtils@replace(java.lang.String,java.lang.String,java.lang.String,int):3866:159222:start = end + replLength; |==> <NO-OP>
1566:LVR:0:POS:org.apache.commons.lang3.StringUtils@replace(java.lang.String,java.lang.String,java.lang.String,int):3867:159273:0 |==> 1
1567:LVR:0:NEG:org.apache.commons.lang3.StringUtils@replace(java.lang.String,java.lang.String,java.lang.String,int):3867:159273:0 |==> -1
1568:ROR:==(int,int):<=(int,int):org.apache.commons.lang3.StringUtils@replace(java.lang.String,java.lang.String,java.lang.String,int):3867:159264:--max == 0 |==> --max <= 0
1569:ROR:==(int,int):>=(int,int):org.apache.commons.lang3.StringUtils@replace(java.lang.String,java.lang.String,java.lang.String,int):3867:159264:--max == 0 |==> --max >= 0
1570:ROR:==(int,int):FALSE(int,int):org.apache.commons.lang3.StringUtils@replace(java.lang.String,java.lang.String,java.lang.String,int):3867:159270:--max == 0 |==> false
1571:STD:<ASSIGN>:<NO-OP>:org.apache.commons.lang3.StringUtils@replace(java.lang.String,java.lang.String,java.lang.String,int):3870:159327:end = text.indexOf(searchString, start); |==> <NO-OP>
1572:STD:<CALL>:<NO-OP>:org.apache.commons.lang3.StringUtils@replace(java.lang.String,java.lang.String,java.lang.String,int):3872:159386:buf.append(text.substring(start)); |==> <NO-OP>
1573:LVR:FALSE:TRUE:org.apache.commons.lang3.StringUtils@replaceEach(java.lang.String,java.lang.String[],java.lang.String[]):3916:161380:false |==> true
1574:LVR:0:POS:org.apache.commons.lang3.StringUtils@replaceEach(java.lang.String,java.lang.String[],java.lang.String[]):3916:161387:0 |==> 1
1575:LVR:0:NEG:org.apache.commons.lang3.StringUtils@replaceEach(java.lang.String,java.lang.String[],java.lang.String[]):3916:161387:0 |==> -1
1576:ROR:==(java.lang.Object,java.lang.Object):FALSE(java.lang.Object,java.lang.Object):org.apache.commons.lang3.StringUtils@replaceEachRepeatedly(java.lang.String,java.lang.String[],java.lang.String[]):3967:163947:searchList == null |==> false
1577:LVR:0:POS:org.apache.commons.lang3.StringUtils@replaceEachRepeatedly(java.lang.String,java.lang.String[],java.lang.String[]):3967:163957:0 |==> 1
1578:LVR:0:NEG:org.apache.commons.lang3.StringUtils@replaceEachRepeatedly(java.lang.String,java.lang.String[],java.lang.String[]):3967:163957:0 |==> -1
1579:LVR:TRUE:FALSE:org.apache.commons.lang3.StringUtils@replaceEachRepeatedly(java.lang.String,java.lang.String[],java.lang.String[]):3968:164042:true |==> false
1580:ROR:==(java.lang.Object,java.lang.Object):FALSE(java.lang.Object,java.lang.Object):org.apache.commons.lang3.StringUtils@replaceEach(java.lang.String,java.lang.String[],java.lang.String[],boolean,int):4025:166762:text == null |==> false
1581:LVR:0:POS:org.apache.commons.lang3.StringUtils@replaceEach(java.lang.String,java.lang.String[],java.lang.String[],boolean,int):4025:166790:0 |==> 1
1582:LVR:0:NEG:org.apache.commons.lang3.StringUtils@replaceEach(java.lang.String,java.lang.String[],java.lang.String[],boolean,int):4025:166790:0 |==> -1
1583:ROR:==(int,int):>=(int,int):org.apache.commons.lang3.StringUtils@replaceEach(java.lang.String,java.lang.String[],java.lang.String[],boolean,int):4025:166773:text.length() == 0 |==> text.length() >= 0
1584:ROR:==(int,int):FALSE(int,int):org.apache.commons.lang3.StringUtils@replaceEach(java.lang.String,java.lang.String[],java.lang.String[],boolean,int):4025:166787:text.length() == 0 |==> false
1585:COR:||(boolean,boolean):!=(boolean,boolean):org.apache.commons.lang3.StringUtils@replaceEach(java.lang.String,java.lang.String[],java.lang.String[],boolean,int):4025:166757:text == null || text.length() == 0 |==> text == null != (text.length() == 0)
1586:COR:||(boolean,boolean):LHS(boolean,boolean):org.apache.commons.lang3.StringUtils@replaceEach(java.lang.String,java.lang.String[],java.lang.String[],boolean,int):4025:166757:text == null || text.length() == 0 |==> text == null
1587:COR:||(boolean,boolean):RHS(boolean,boolean):org.apache.commons.lang3.StringUtils@replaceEach(java.lang.String,java.lang.String[],java.lang.String[],boolean,int):4025:166773:text == null || text.length() == 0 |==> text.length() == 0
1588:COR:||(boolean,boolean):TRUE(boolean,boolean):org.apache.commons.lang3.StringUtils@replaceEach(java.lang.String,java.lang.String[],java.lang.String[],boolean,int):4025:166770:text == null || text.length() == 0 |==> true
1589:ROR:==(java.lang.Object,java.lang.Object):FALSE(java.lang.Object,java.lang.Object):org.apache.commons.lang3.StringUtils@replaceEach(java.lang.String,java.lang.String[],java.lang.String[],boolean,int):4025:166806:searchList == null |==> false
1590:COR:||(boolean,boolean):!=(boolean,boolean):org.apache.commons.lang3.StringUtils@replaceEach(java.lang.String,java.lang.String[],java.lang.String[],boolean,int):4025:166757:text == null || text.length() == 0 || searchList == null |==> (text == null || text.length() == 0) != (searchList == null)
1591:COR:||(boolean,boolean):LHS(boolean,boolean):org.apache.commons.lang3.StringUtils@replaceEach(java.lang.String,java.lang.String[],java.lang.String[],boolean,int):4025:166757:text == null || text.length() == 0 || searchList == null |==> text == null || text.length() == 0
1592:COR:||(boolean,boolean):RHS(boolean,boolean):org.apache.commons.lang3.StringUtils@replaceEach(java.lang.String,java.lang.String[],java.lang.String[],boolean,int):4025:166795:text == null || text.length() == 0 || searchList == null |==> searchList == null
1593:COR:||(boolean,boolean):TRUE(boolean,boolean):org.apache.commons.lang3.StringUtils@replaceEach(java.lang.String,java.lang.String[],java.lang.String[],boolean,int):4025:166792:text == null || text.length() == 0 || searchList == null |==> true
1594:LVR:0:POS:org.apache.commons.lang3.StringUtils@replaceEach(java.lang.String,java.lang.String[],java.lang.String[],boolean,int):4026:166854:0 |==> 1
1595:LVR:0:NEG:org.apache.commons.lang3.StringUtils@replaceEach(java.lang.String,java.lang.String[],java.lang.String[],boolean,int):4026:166854:0 |==> -1
1596:ROR:==(int,int):>=(int,int):org.apache.commons.lang3.StringUtils@replaceEach(java.lang.String,java.lang.String[],java.lang.String[],boolean,int):4026:166833:searchList.length == 0 |==> searchList.length >= 0
1597:ROR:==(int,int):FALSE(int,int):org.apache.commons.lang3.StringUtils@replaceEach(java.lang.String,java.lang.String[],java.lang.String[],boolean,int):4026:166851:searchList.length == 0 |==> false
1598:COR:||(boolean,boolean):!=(boolean,boolean):org.apache.commons.lang3.StringUtils@replaceEach(java.lang.String,java.lang.String[],java.lang.String[],boolean,int):4025:166757:text == null || text.length() == 0 || searchList == null || searchList.length == 0 |==> (text == null || text.length() == 0 || searchList == null) != (searchList.length == 0)
1599:COR:||(boolean,boolean):LHS(boolean,boolean):org.apache.commons.lang3.StringUtils@replaceEach(java.lang.String,java.lang.String[],java.lang.String[],boolean,int):4025:166757:text == null || text.length() == 0 || searchList == null || searchList.length == 0 |==> text == null || text.length() == 0 || searchList == null
1600:COR:||(boolean,boolean):RHS(boolean,boolean):org.apache.commons.lang3.StringUtils@replaceEach(java.lang.String,java.lang.String[],java.lang.String[],boolean,int):4026:166833:text == null || text.length() == 0 || searchList == null || searchList.length == 0 |==> searchList.length == 0
1601:COR:||(boolean,boolean):TRUE(boolean,boolean):org.apache.commons.lang3.StringUtils@replaceEach(java.lang.String,java.lang.String[],java.lang.String[],boolean,int):4025:166814:text == null || text.length() == 0 || searchList == null || searchList.length == 0 |==> true
1602:ROR:==(java.lang.Object,java.lang.Object):FALSE(java.lang.Object,java.lang.Object):org.apache.commons.lang3.StringUtils@replaceEach(java.lang.String,java.lang.String[],java.lang.String[],boolean,int):4026:166875:replacementList == null |==> false
1603:COR:||(boolean,boolean):!=(boolean,boolean):org.apache.commons.lang3.StringUtils@replaceEach(java.lang.String,java.lang.String[],java.lang.String[],boolean,int):4025:166757:text == null || text.length() == 0 || searchList == null || searchList.length == 0 || replacementList == null |==> (text == null || text.length() == 0 || searchList == null || searchList.length == 0) != (replacementList == null)
1604:COR:||(boolean,boolean):LHS(boolean,boolean):org.apache.commons.lang3.StringUtils@replaceEach(java.lang.String,java.lang.String[],java.lang.String[],boolean,int):4025:166757:text == null || text.length() == 0 || searchList == null || searchList.length == 0 || replacementList == null |==> text == null || text.length() == 0 || searchList == null || searchList.length == 0
1605:COR:||(boolean,boolean):RHS(boolean,boolean):org.apache.commons.lang3.StringUtils@replaceEach(java.lang.String,java.lang.String[],java.lang.String[],boolean,int):4026:166859:text == null || text.length() == 0 || searchList == null || searchList.length == 0 || replacementList == null |==> replacementList == null
1606:COR:||(boolean,boolean):TRUE(boolean,boolean):org.apache.commons.lang3.StringUtils@replaceEach(java.lang.String,java.lang.String[],java.lang.String[],boolean,int):4026:166856:text == null || text.length() == 0 || searchList == null || searchList.length == 0 || replacementList == null |==> true
1607:LVR:0:POS:org.apache.commons.lang3.StringUtils@replaceEach(java.lang.String,java.lang.String[],java.lang.String[],boolean,int):4026:166912:0 |==> 1
1608:LVR:0:NEG:org.apache.commons.lang3.StringUtils@replaceEach(java.lang.String,java.lang.String[],java.lang.String[],boolean,int):4026:166912:0 |==> -1
1609:ROR:==(int,int):>=(int,int):org.apache.commons.lang3.StringUtils@replaceEach(java.lang.String,java.lang.String[],java.lang.String[],boolean,int):4026:166886:replacementList.length == 0 |==> replacementList.length >= 0
1610:ROR:==(int,int):FALSE(int,int):org.apache.commons.lang3.StringUtils@replaceEach(java.lang.String,java.lang.String[],java.lang.String[],boolean,int):4026:166909:replacementList.length == 0 |==> false
1611:COR:||(boolean,boolean):!=(boolean,boolean):org.apache.commons.lang3.StringUtils@replaceEach(java.lang.String,java.lang.String[],java.lang.String[],boolean,int):4025:166757:text == null || text.length() == 0 || searchList == null || searchList.length == 0 || replacementList == null || replacementList.length == 0 |==> (text == null || text.length() == 0 || searchList == null || searchList.length == 0 || replacementList == null) != (replacementList.length == 0)
1612:COR:||(boolean,boolean):LHS(boolean,boolean):org.apache.commons.lang3.StringUtils@replaceEach(java.lang.String,java.lang.String[],java.lang.String[],boolean,int):4025:166757:text == null || text.length() == 0 || searchList == null || searchList.length == 0 || replacementList == null || replacementList.length == 0 |==> text == null || text.length() == 0 || searchList == null || searchList.length == 0 || replacementList == null
1613:COR:||(boolean,boolean):RHS(boolean,boolean):org.apache.commons.lang3.StringUtils@replaceEach(java.lang.String,java.lang.String[],java.lang.String[],boolean,int):4026:166886:text == null || text.length() == 0 || searchList == null || searchList.length == 0 || replacementList == null || replacementList.length == 0 |==> replacementList.length == 0
1614:COR:||(boolean,boolean):TRUE(boolean,boolean):org.apache.commons.lang3.StringUtils@replaceEach(java.lang.String,java.lang.String[],java.lang.String[],boolean,int):4026:166883:text == null || text.length() == 0 || searchList == null || searchList.length == 0 || replacementList == null || replacementList.length == 0 |==> true
1615:LVR:0:POS:org.apache.commons.lang3.StringUtils@replaceEach(java.lang.String,java.lang.String[],java.lang.String[],boolean,int):4031:167032:0 |==> 1
1616:LVR:0:NEG:org.apache.commons.lang3.StringUtils@replaceEach(java.lang.String,java.lang.String[],java.lang.String[],boolean,int):4031:167032:0 |==> -1
1617:ROR:<(int,int):!=(int,int):org.apache.commons.lang3.StringUtils@replaceEach(java.lang.String,java.lang.String[],java.lang.String[],boolean,int):4031:167019:timeToLive < 0 |==> timeToLive != 0
1618:ROR:<(int,int):<=(int,int):org.apache.commons.lang3.StringUtils@replaceEach(java.lang.String,java.lang.String[],java.lang.String[],boolean,int):4031:167019:timeToLive < 0 |==> timeToLive <= 0
1619:ROR:<(int,int):FALSE(int,int):org.apache.commons.lang3.StringUtils@replaceEach(java.lang.String,java.lang.String[],java.lang.String[],boolean,int):4031:167030:timeToLive < 0 |==> false
1620:ROR:!=(int,int):<(int,int):org.apache.commons.lang3.StringUtils@replaceEach(java.lang.String,java.lang.String[],java.lang.String[],boolean,int):4039:167328:searchLength != replacementLength |==> searchLength < replacementLength
1621:ROR:!=(int,int):>(int,int):org.apache.commons.lang3.StringUtils@replaceEach(java.lang.String,java.lang.String[],java.lang.String[],boolean,int):4039:167328:searchLength != replacementLength |==> searchLength > replacementLength
1622:ROR:!=(int,int):TRUE(int,int):org.apache.commons.lang3.StringUtils@replaceEach(java.lang.String,java.lang.String[],java.lang.String[],boolean,int):4039:167341:searchLength != replacementLength |==> true
1623:LVR:NEG:0:org.apache.commons.lang3.StringUtils@replaceEach(java.lang.String,java.lang.String[],java.lang.String[],boolean,int):4050:167765:-1 |==> 0
1624:LVR:NEG:POS:org.apache.commons.lang3.StringUtils@replaceEach(java.lang.String,java.lang.String[],java.lang.String[],boolean,int):4050:167765:-1 |==> 1
1625:LVR:NEG:0:org.apache.commons.lang3.StringUtils@replaceEach(java.lang.String,java.lang.String[],java.lang.String[],boolean,int):4051:167796:-1 |==> 0
1626:LVR:NEG:POS:org.apache.commons.lang3.StringUtils@replaceEach(java.lang.String,java.lang.String[],java.lang.String[],boolean,int):4051:167796:-1 |==> 1
1627:LVR:0:POS:org.apache.commons.lang3.StringUtils@replaceEach(java.lang.String,java.lang.String[],java.lang.String[],boolean,int):4056:167972:0 |==> 1
1628:LVR:0:NEG:org.apache.commons.lang3.StringUtils@replaceEach(java.lang.String,java.lang.String[],java.lang.String[],boolean,int):4056:167972:0 |==> -1
1629:ROR:<(int,int):!=(int,int):org.apache.commons.lang3.StringUtils@replaceEach(java.lang.String,java.lang.String[],java.lang.String[],boolean,int):4056:167975:i < searchLength |==> i != searchLength
1630:ROR:<(int,int):<=(int,int):org.apache.commons.lang3.StringUtils@replaceEach(java.lang.String,java.lang.String[],java.lang.String[],boolean,int):4056:167975:i < searchLength |==> i <= searchLength
1631:ROR:<(int,int):FALSE(int,int):org.apache.commons.lang3.StringUtils@replaceEach(java.lang.String,java.lang.String[],java.lang.String[],boolean,int):4056:167977:i < searchLength |==> false
1632:ROR:==(java.lang.Object,java.lang.Object):FALSE(java.lang.Object,java.lang.Object):org.apache.commons.lang3.StringUtils@replaceEach(java.lang.String,java.lang.String[],java.lang.String[],boolean,int):4057:168062:searchList[i] == null |==> false
1633:COR:||(boolean,boolean):!=(boolean,boolean):org.apache.commons.lang3.StringUtils@replaceEach(java.lang.String,java.lang.String[],java.lang.String[],boolean,int):4057:168016:noMoreMatchesForReplIndex[i] || searchList[i] == null |==> noMoreMatchesForReplIndex[i] != (searchList[i] == null)
1634:COR:||(boolean,boolean):LHS(boolean,boolean):org.apache.commons.lang3.StringUtils@replaceEach(java.lang.String,java.lang.String[],java.lang.String[],boolean,int):4057:168016:noMoreMatchesForReplIndex[i] || searchList[i] == null |==> noMoreMatchesForReplIndex[i]
1635:COR:||(boolean,boolean):RHS(boolean,boolean):org.apache.commons.lang3.StringUtils@replaceEach(java.lang.String,java.lang.String[],java.lang.String[],boolean,int):4057:168048:noMoreMatchesForReplIndex[i] || searchList[i] == null |==> searchList[i] == null
1636:COR:||(boolean,boolean):TRUE(boolean,boolean):org.apache.commons.lang3.StringUtils@replaceEach(java.lang.String,java.lang.String[],java.lang.String[],boolean,int):4057:168045:noMoreMatchesForReplIndex[i] || searchList[i] == null |==> true
1637:LVR:0:POS:org.apache.commons.lang3.StringUtils@replaceEach(java.lang.String,java.lang.String[],java.lang.String[],boolean,int):4058:168119:0 |==> 1
1638:LVR:0:NEG:org.apache.commons.lang3.StringUtils@replaceEach(java.lang.String,java.lang.String[],java.lang.String[],boolean,int):4058:168119:0 |==> -1
1639:ROR:==(int,int):>=(int,int):org.apache.commons.lang3.StringUtils@replaceEach(java.lang.String,java.lang.String[],java.lang.String[],boolean,int):4058:168093:searchList[i].length() == 0 |==> searchList[i].length() >= 0
1640:ROR:==(int,int):FALSE(int,int):org.apache.commons.lang3.StringUtils@replaceEach(java.lang.String,java.lang.String[],java.lang.String[],boolean,int):4058:168116:searchList[i].length() == 0 |==> false
1641:COR:||(boolean,boolean):!=(boolean,boolean):org.apache.commons.lang3.StringUtils@replaceEach(java.lang.String,java.lang.String[],java.lang.String[],boolean,int):4057:168016:noMoreMatchesForReplIndex[i] || searchList[i] == null || searchList[i].length() == 0 |==> (noMoreMatchesForReplIndex[i] || searchList[i] == null) != (searchList[i].length() == 0)
1642:COR:||(boolean,boolean):LHS(boolean,boolean):org.apache.commons.lang3.StringUtils@replaceEach(java.lang.String,java.lang.String[],java.lang.String[],boolean,int):4057:168016:noMoreMatchesForReplIndex[i] || searchList[i] == null || searchList[i].length() == 0 |==> noMoreMatchesForReplIndex[i] || searchList[i] == null
1643:COR:||(boolean,boolean):RHS(boolean,boolean):org.apache.commons.lang3.StringUtils@replaceEach(java.lang.String,java.lang.String[],java.lang.String[],boolean,int):4058:168093:noMoreMatchesForReplIndex[i] || searchList[i] == null || searchList[i].length() == 0 |==> searchList[i].length() == 0
1644:COR:||(boolean,boolean):TRUE(boolean,boolean):org.apache.commons.lang3.StringUtils@replaceEach(java.lang.String,java.lang.String[],java.lang.String[],boolean,int):4057:168070:noMoreMatchesForReplIndex[i] || searchList[i] == null || searchList[i].length() == 0 |==> true
1645:ROR:==(java.lang.Object,java.lang.Object):FALSE(java.lang.Object,java.lang.Object):org.apache.commons.lang3.StringUtils@replaceEach(java.lang.String,java.lang.String[],java.lang.String[],boolean,int):4058:168143:replacementList[i] == null |==> false
1646:COR:||(boolean,boolean):!=(boolean,boolean):org.apache.commons.lang3.StringUtils@replaceEach(java.lang.String,java.lang.String[],java.lang.String[],boolean,int):4057:168016:noMoreMatchesForReplIndex[i] || searchList[i] == null || searchList[i].length() == 0 || replacementList[i] == null |==> (noMoreMatchesForReplIndex[i] || searchList[i] == null || searchList[i].length() == 0) != (replacementList[i] == null)
1647:COR:||(boolean,boolean):LHS(boolean,boolean):org.apache.commons.lang3.StringUtils@replaceEach(java.lang.String,java.lang.String[],java.lang.String[],boolean,int):4057:168016:noMoreMatchesForReplIndex[i] || searchList[i] == null || searchList[i].length() == 0 || replacementList[i] == null |==> noMoreMatchesForReplIndex[i] || searchList[i] == null || searchList[i].length() == 0
1648:COR:||(boolean,boolean):RHS(boolean,boolean):org.apache.commons.lang3.StringUtils@replaceEach(java.lang.String,java.lang.String[],java.lang.String[],boolean,int):4058:168124:noMoreMatchesForReplIndex[i] || searchList[i] == null || searchList[i].length() == 0 || replacementList[i] == null |==> replacementList[i] == null
1649:COR:||(boolean,boolean):TRUE(boolean,boolean):org.apache.commons.lang3.StringUtils@replaceEach(java.lang.String,java.lang.String[],java.lang.String[],boolean,int):4058:168121:noMoreMatchesForReplIndex[i] || searchList[i] == null || searchList[i].length() == 0 || replacementList[i] == null |==> true
1650:STD:<ASSIGN>:<NO-OP>:org.apache.commons.lang3.StringUtils@replaceEach(java.lang.String,java.lang.String[],java.lang.String[],boolean,int):4061:168206:tempIndex = text.indexOf(searchList[i]); |==> <NO-OP>
1651:LVR:NEG:0:org.apache.commons.lang3.StringUtils@replaceEach(java.lang.String,java.lang.String[],java.lang.String[],boolean,int):4064:168334:-1 |==> 0
1652:LVR:NEG:POS:org.apache.commons.lang3.StringUtils@replaceEach(java.lang.String,java.lang.String[],java.lang.String[],boolean,int):4064:168334:-1 |==> 1
1653:ROR:==(int,int):<=(int,int):org.apache.commons.lang3.StringUtils@replaceEach(java.lang.String,java.lang.String[],java.lang.String[],boolean,int):4064:168321:tempIndex == -1 |==> tempIndex <= -1
1654:ROR:==(int,int):>=(int,int):org.apache.commons.lang3.StringUtils@replaceEach(java.lang.String,java.lang.String[],java.lang.String[],boolean,int):4064:168321:tempIndex == -1 |==> tempIndex >= -1
1655:ROR:==(int,int):FALSE(int,int):org.apache.commons.lang3.StringUtils@replaceEach(java.lang.String,java.lang.String[],java.lang.String[],boolean,int):4064:168331:tempIndex == -1 |==> false
1656:LVR:TRUE:FALSE:org.apache.commons.lang3.StringUtils@replaceEach(java.lang.String,java.lang.String[],java.lang.String[],boolean,int):4065:168387:true |==> false
1657:STD:<ASSIGN>:<NO-OP>:org.apache.commons.lang3.StringUtils@replaceEach(java.lang.String,java.lang.String[],java.lang.String[],boolean,int):4065:168356:noMoreMatchesForReplIndex[i] = true; |==> <NO-OP>
1658:LVR:NEG:0:org.apache.commons.lang3.StringUtils@replaceEach(java.lang.String,java.lang.String[],java.lang.String[],boolean,int):4067:168447:-1 |==> 0
1659:LVR:NEG:POS:org.apache.commons.lang3.StringUtils@replaceEach(java.lang.String,java.lang.String[],java.lang.String[],boolean,int):4067:168447:-1 |==> 1
1660:ROR:==(int,int):<=(int,int):org.apache.commons.lang3.StringUtils@replaceEach(java.lang.String,java.lang.String[],java.lang.String[],boolean,int):4067:168434:textIndex == -1 |==> textIndex <= -1
1661:ROR:==(int,int):>=(int,int):org.apache.commons.lang3.StringUtils@replaceEach(java.lang.String,java.lang.String[],java.lang.String[],boolean,int):4067:168434:textIndex == -1 |==> textIndex >= -1
1662:ROR:==(int,int):FALSE(int,int):org.apache.commons.lang3.StringUtils@replaceEach(java.lang.String,java.lang.String[],java.lang.String[],boolean,int):4067:168444:textIndex == -1 |==> false
1663:ROR:<(int,int):!=(int,int):org.apache.commons.lang3.StringUtils@replaceEach(java.lang.String,java.lang.String[],java.lang.String[],boolean,int):4067:168453:tempIndex < textIndex |==> tempIndex != textIndex
1664:ROR:<(int,int):<=(int,int):org.apache.commons.lang3.StringUtils@replaceEach(java.lang.String,java.lang.String[],java.lang.String[],boolean,int):4067:168453:tempIndex < textIndex |==> tempIndex <= textIndex
1665:ROR:<(int,int):FALSE(int,int):org.apache.commons.lang3.StringUtils@replaceEach(java.lang.String,java.lang.String[],java.lang.String[],boolean,int):4067:168463:tempIndex < textIndex |==> false
1666:COR:||(boolean,boolean):!=(boolean,boolean):org.apache.commons.lang3.StringUtils@replaceEach(java.lang.String,java.lang.String[],java.lang.String[],boolean,int):4067:168434:textIndex == -1 || tempIndex < textIndex |==> textIndex == -1 != tempIndex < textIndex
1667:COR:||(boolean,boolean):LHS(boolean,boolean):org.apache.commons.lang3.StringUtils@replaceEach(java.lang.String,java.lang.String[],java.lang.String[],boolean,int):4067:168434:textIndex == -1 || tempIndex < textIndex |==> textIndex == -1
1668:COR:||(boolean,boolean):RHS(boolean,boolean):org.apache.commons.lang3.StringUtils@replaceEach(java.lang.String,java.lang.String[],java.lang.String[],boolean,int):4067:168453:textIndex == -1 || tempIndex < textIndex |==> tempIndex < textIndex
1669:COR:||(boolean,boolean):TRUE(boolean,boolean):org.apache.commons.lang3.StringUtils@replaceEach(java.lang.String,java.lang.String[],java.lang.String[],boolean,int):4067:168450:textIndex == -1 || tempIndex < textIndex |==> true
1670:STD:<ASSIGN>:<NO-OP>:org.apache.commons.lang3.StringUtils@replaceEach(java.lang.String,java.lang.String[],java.lang.String[],boolean,int):4068:168498:textIndex = tempIndex; |==> <NO-OP>
1671:STD:<ASSIGN>:<NO-OP>:org.apache.commons.lang3.StringUtils@replaceEach(java.lang.String,java.lang.String[],java.lang.String[],boolean,int):4069:168541:replaceIndex = i; |==> <NO-OP>
1672:LVR:NEG:0:org.apache.commons.lang3.StringUtils@replaceEach(java.lang.String,java.lang.String[],java.lang.String[],boolean,int):4076:168715:-1 |==> 0
1673:LVR:NEG:POS:org.apache.commons.lang3.StringUtils@replaceEach(java.lang.String,java.lang.String[],java.lang.String[],boolean,int):4076:168715:-1 |==> 1
1674:ROR:==(int,int):<=(int,int):org.apache.commons.lang3.StringUtils@replaceEach(java.lang.String,java.lang.String[],java.lang.String[],boolean,int):4076:168702:textIndex == -1 |==> textIndex <= -1
1675:ROR:==(int,int):>=(int,int):org.apache.commons.lang3.StringUtils@replaceEach(java.lang.String,java.lang.String[],java.lang.String[],boolean,int):4076:168702:textIndex == -1 |==> textIndex >= -1
1676:ROR:==(int,int):FALSE(int,int):org.apache.commons.lang3.StringUtils@replaceEach(java.lang.String,java.lang.String[],java.lang.String[],boolean,int):4076:168712:textIndex == -1 |==> false
1677:LVR:0:POS:org.apache.commons.lang3.StringUtils@replaceEach(java.lang.String,java.lang.String[],java.lang.String[],boolean,int):4080:168777:0 |==> 1
1678:LVR:0:NEG:org.apache.commons.lang3.StringUtils@replaceEach(java.lang.String,java.lang.String[],java.lang.String[],boolean,int):4080:168777:0 |==> -1
1679:LVR:0:POS:org.apache.commons.lang3.StringUtils@replaceEach(java.lang.String,java.lang.String[],java.lang.String[],boolean,int):4083:168915:0 |==> 1
1680:LVR:0:NEG:org.apache.commons.lang3.StringUtils@replaceEach(java.lang.String,java.lang.String[],java.lang.String[],boolean,int):4083:168915:0 |==> -1
1681:LVR:0:POS:org.apache.commons.lang3.StringUtils@replaceEach(java.lang.String,java.lang.String[],java.lang.String[],boolean,int):4086:169048:0 |==> 1
1682:LVR:0:NEG:org.apache.commons.lang3.StringUtils@replaceEach(java.lang.String,java.lang.String[],java.lang.String[],boolean,int):4086:169048:0 |==> -1
1683:ROR:<(int,int):<=(int,int):org.apache.commons.lang3.StringUtils@replaceEach(java.lang.String,java.lang.String[],java.lang.String[],boolean,int):4086:169051:i < searchList.length |==> i <= searchList.length
1684:ROR:<(int,int):FALSE(int,int):org.apache.commons.lang3.StringUtils@replaceEach(java.lang.String,java.lang.String[],java.lang.String[],boolean,int):4086:169053:i < searchList.length |==> false
1685:ROR:==(java.lang.Object,java.lang.Object):FALSE(java.lang.Object,java.lang.Object):org.apache.commons.lang3.StringUtils@replaceEach(java.lang.String,java.lang.String[],java.lang.String[],boolean,int):4087:169111:searchList[i] == null |==> false
1686:ROR:==(java.lang.Object,java.lang.Object):FALSE(java.lang.Object,java.lang.Object):org.apache.commons.lang3.StringUtils@replaceEach(java.lang.String,java.lang.String[],java.lang.String[],boolean,int):4087:169141:replacementList[i] == null |==> false
1687:COR:||(boolean,boolean):!=(boolean,boolean):org.apache.commons.lang3.StringUtils@replaceEach(java.lang.String,java.lang.String[],java.lang.String[],boolean,int):4087:169097:searchList[i] == null || replacementList[i] == null |==> searchList[i] == null != (replacementList[i] == null)
1688:COR:||(boolean,boolean):LHS(boolean,boolean):org.apache.commons.lang3.StringUtils@replaceEach(java.lang.String,java.lang.String[],java.lang.String[],boolean,int):4087:169097:searchList[i] == null || replacementList[i] == null |==> searchList[i] == null
1689:COR:||(boolean,boolean):RHS(boolean,boolean):org.apache.commons.lang3.StringUtils@replaceEach(java.lang.String,java.lang.String[],java.lang.String[],boolean,int):4087:169122:searchList[i] == null || replacementList[i] == null |==> replacementList[i] == null
1690:COR:||(boolean,boolean):TRUE(boolean,boolean):org.apache.commons.lang3.StringUtils@replaceEach(java.lang.String,java.lang.String[],java.lang.String[],boolean,int):4087:169119:searchList[i] == null || replacementList[i] == null |==> true
1691:AOR:-(int,int):%(int,int):org.apache.commons.lang3.StringUtils@replaceEach(java.lang.String,java.lang.String[],java.lang.String[],boolean,int):4090:169218:replacementList[i].length() - searchList[i].length() |==> replacementList[i].length() % searchList[i].length()
1692:AOR:-(int,int):*(int,int):org.apache.commons.lang3.StringUtils@replaceEach(java.lang.String,java.lang.String[],java.lang.String[],boolean,int):4090:169218:replacementList[i].length() - searchList[i].length() |==> replacementList[i].length() * searchList[i].length()
1693:AOR:-(int,int):+(int,int):org.apache.commons.lang3.StringUtils@replaceEach(java.lang.String,java.lang.String[],java.lang.String[],boolean,int):4090:169218:replacementList[i].length() - searchList[i].length() |==> replacementList[i].length() + searchList[i].length()
1694:AOR:-(int,int):/(int,int):org.apache.commons.lang3.StringUtils@replaceEach(java.lang.String,java.lang.String[],java.lang.String[],boolean,int):4090:169218:replacementList[i].length() - searchList[i].length() |==> replacementList[i].length() / searchList[i].length()
1695:LVR:0:POS:org.apache.commons.lang3.StringUtils@replaceEach(java.lang.String,java.lang.String[],java.lang.String[],boolean,int):4091:169298:0 |==> 1
1696:LVR:0:NEG:org.apache.commons.lang3.StringUtils@replaceEach(java.lang.String,java.lang.String[],java.lang.String[],boolean,int):4091:169298:0 |==> -1
1697:ROR:>(int,int):!=(int,int):org.apache.commons.lang3.StringUtils@replaceEach(java.lang.String,java.lang.String[],java.lang.String[],boolean,int):4091:169288:greater > 0 |==> greater != 0
1698:ROR:>(int,int):>=(int,int):org.apache.commons.lang3.StringUtils@replaceEach(java.lang.String,java.lang.String[],java.lang.String[],boolean,int):4091:169288:greater > 0 |==> greater >= 0
1699:ROR:>(int,int):FALSE(int,int):org.apache.commons.lang3.StringUtils@replaceEach(java.lang.String,java.lang.String[],java.lang.String[],boolean,int):4091:169296:greater > 0 |==> false
1700:LVR:POS:0:org.apache.commons.lang3.StringUtils@replaceEach(java.lang.String,java.lang.String[],java.lang.String[],boolean,int):4092:169331:3 |==> 0
1701:LVR:POS:NEG:org.apache.commons.lang3.StringUtils@replaceEach(java.lang.String,java.lang.String[],java.lang.String[],boolean,int):4092:169331:3 |==> -3
1702:AOR:*(int,int):%(int,int):org.apache.commons.lang3.StringUtils@replaceEach(java.lang.String,java.lang.String[],java.lang.String[],boolean,int):4092:169331:3 * greater |==> 3 % greater
1703:AOR:*(int,int):+(int,int):org.apache.commons.lang3.StringUtils@replaceEach(java.lang.String,java.lang.String[],java.lang.String[],boolean,int):4092:169331:3 * greater |==> 3 + greater
1704:AOR:*(int,int):-(int,int):org.apache.commons.lang3.StringUtils@replaceEach(java.lang.String,java.lang.String[],java.lang.String[],boolean,int):4092:169331:3 * greater |==> 3 - greater
1705:AOR:*(int,int):/(int,int):org.apache.commons.lang3.StringUtils@replaceEach(java.lang.String,java.lang.String[],java.lang.String[],boolean,int):4092:169331:3 * greater |==> 3 / greater
1706:STD:<ASSIGN>:<NO-OP>:org.apache.commons.lang3.StringUtils@replaceEach(java.lang.String,java.lang.String[],java.lang.String[],boolean,int):4092:169319:increase += 3 * greater; |==> <NO-OP>
1707:LVR:POS:0:org.apache.commons.lang3.StringUtils@replaceEach(java.lang.String,java.lang.String[],java.lang.String[],boolean,int):4096:169511:5 |==> 0
1708:LVR:POS:NEG:org.apache.commons.lang3.StringUtils@replaceEach(java.lang.String,java.lang.String[],java.lang.String[],boolean,int):4096:169511:5 |==> -5
1709:AOR:/(int,int):%(int,int):org.apache.commons.lang3.StringUtils@replaceEach(java.lang.String,java.lang.String[],java.lang.String[],boolean,int):4096:169495:text.length() / 5 |==> text.length() % 5
1710:AOR:/(int,int):*(int,int):org.apache.commons.lang3.StringUtils@replaceEach(java.lang.String,java.lang.String[],java.lang.String[],boolean,int):4096:169495:text.length() / 5 |==> text.length() * 5
1711:AOR:/(int,int):+(int,int):org.apache.commons.lang3.StringUtils@replaceEach(java.lang.String,java.lang.String[],java.lang.String[],boolean,int):4096:169495:text.length() / 5 |==> text.length() + 5
1712:AOR:/(int,int):-(int,int):org.apache.commons.lang3.StringUtils@replaceEach(java.lang.String,java.lang.String[],java.lang.String[],boolean,int):4096:169495:text.length() / 5 |==> text.length() - 5
1713:STD:<ASSIGN>:<NO-OP>:org.apache.commons.lang3.StringUtils@replaceEach(java.lang.String,java.lang.String[],java.lang.String[],boolean,int):4096:169465:increase = Math.min(increase, text.length() / 5); |==> <NO-OP>
1714:AOR:+(int,int):%(int,int):org.apache.commons.lang3.StringUtils@replaceEach(java.lang.String,java.lang.String[],java.lang.String[],boolean,int):4098:169562:text.length() + increase |==> text.length() % increase
1715:AOR:+(int,int):*(int,int):org.apache.commons.lang3.StringUtils@replaceEach(java.lang.String,java.lang.String[],java.lang.String[],boolean,int):4098:169562:text.length() + increase |==> text.length() * increase
1716:AOR:+(int,int):-(int,int):org.apache.commons.lang3.StringUtils@replaceEach(java.lang.String,java.lang.String[],java.lang.String[],boolean,int):4098:169562:text.length() + increase |==> text.length() - increase
1717:AOR:+(int,int):/(int,int):org.apache.commons.lang3.StringUtils@replaceEach(java.lang.String,java.lang.String[],java.lang.String[],boolean,int):4098:169562:text.length() + increase |==> text.length() / increase
1718:LVR:NEG:0:org.apache.commons.lang3.StringUtils@replaceEach(java.lang.String,java.lang.String[],java.lang.String[],boolean,int):4100:169618:-1 |==> 0
1719:LVR:NEG:POS:org.apache.commons.lang3.StringUtils@replaceEach(java.lang.String,java.lang.String[],java.lang.String[],boolean,int):4100:169618:-1 |==> 1
1720:ROR:!=(int,int):<(int,int):org.apache.commons.lang3.StringUtils@replaceEach(java.lang.String,java.lang.String[],java.lang.String[],boolean,int):4100:169605:textIndex != -1 |==> textIndex < -1
1721:ROR:!=(int,int):>(int,int):org.apache.commons.lang3.StringUtils@replaceEach(java.lang.String,java.lang.String[],java.lang.String[],boolean,int):4100:169605:textIndex != -1 |==> textIndex > -1
1722:ROR:!=(int,int):TRUE(int,int):org.apache.commons.lang3.StringUtils@replaceEach(java.lang.String,java.lang.String[],java.lang.String[],boolean,int):4100:169615:textIndex != -1 |==> true
1723:ROR:<(int,int):!=(int,int):org.apache.commons.lang3.StringUtils@replaceEach(java.lang.String,java.lang.String[],java.lang.String[],boolean,int):4102:169657:i < textIndex |==> i != textIndex
1724:ROR:<(int,int):<=(int,int):org.apache.commons.lang3.StringUtils@replaceEach(java.lang.String,java.lang.String[],java.lang.String[],boolean,int):4102:169657:i < textIndex |==> i <= textIndex
1725:ROR:<(int,int):FALSE(int,int):org.apache.commons.lang3.StringUtils@replaceEach(java.lang.String,java.lang.String[],java.lang.String[],boolean,int):4102:169659:i < textIndex |==> false
1726:STD:<CALL>:<NO-OP>:org.apache.commons.lang3.StringUtils@replaceEach(java.lang.String,java.lang.String[],java.lang.String[],boolean,int):4103:169695:buf.append(text.charAt(i)); |==> <NO-OP>
1727:STD:<CALL>:<NO-OP>:org.apache.commons.lang3.StringUtils@replaceEach(java.lang.String,java.lang.String[],java.lang.String[],boolean,int):4105:169749:buf.append(replacementList[replaceIndex]); |==> <NO-OP>
1728:AOR:+(int,int):%(int,int):org.apache.commons.lang3.StringUtils@replaceEach(java.lang.String,java.lang.String[],java.lang.String[],boolean,int):4107:169813:textIndex + searchList[replaceIndex].length() |==> textIndex % searchList[replaceIndex].length()
1729:AOR:+(int,int):*(int,int):org.apache.commons.lang3.StringUtils@replaceEach(java.lang.String,java.lang.String[],java.lang.String[],boolean,int):4107:169813:textIndex + searchList[replaceIndex].length() |==> textIndex * searchList[replaceIndex].length()
1730:AOR:+(int,int):-(int,int):org.apache.commons.lang3.StringUtils@replaceEach(java.lang.String,java.lang.String[],java.lang.String[],boolean,int):4107:169813:textIndex + searchList[replaceIndex].length() |==> textIndex - searchList[replaceIndex].length()
1731:AOR:+(int,int):/(int,int):org.apache.commons.lang3.StringUtils@replaceEach(java.lang.String,java.lang.String[],java.lang.String[],boolean,int):4107:169813:textIndex + searchList[replaceIndex].length() |==> textIndex / searchList[replaceIndex].length()
1732:STD:<ASSIGN>:<NO-OP>:org.apache.commons.lang3.StringUtils@replaceEach(java.lang.String,java.lang.String[],java.lang.String[],boolean,int):4107:169805:start = textIndex + searchList[replaceIndex].length(); |==> <NO-OP>
1733:LVR:NEG:0:org.apache.commons.lang3.StringUtils@replaceEach(java.lang.String,java.lang.String[],java.lang.String[],boolean,int):4109:169885:-1 |==> 0
1734:LVR:NEG:POS:org.apache.commons.lang3.StringUtils@replaceEach(java.lang.String,java.lang.String[],java.lang.String[],boolean,int):4109:169885:-1 |==> 1
1735:STD:<ASSIGN>:<NO-OP>:org.apache.commons.lang3.StringUtils@replaceEach(java.lang.String,java.lang.String[],java.lang.String[],boolean,int):4109:169873:textIndex = -1; |==> <NO-OP>
1736:LVR:NEG:0:org.apache.commons.lang3.StringUtils@replaceEach(java.lang.String,java.lang.String[],java.lang.String[],boolean,int):4110:169916:-1 |==> 0
1737:LVR:NEG:POS:org.apache.commons.lang3.StringUtils@replaceEach(java.lang.String,java.lang.String[],java.lang.String[],boolean,int):4110:169916:-1 |==> 1
1738:STD:<ASSIGN>:<NO-OP>:org.apache.commons.lang3.StringUtils@replaceEach(java.lang.String,java.lang.String[],java.lang.String[],boolean,int):4110:169901:replaceIndex = -1; |==> <NO-OP>
1739:LVR:NEG:0:org.apache.commons.lang3.StringUtils@replaceEach(java.lang.String,java.lang.String[],java.lang.String[],boolean,int):4111:169944:-1 |==> 0
1740:LVR:NEG:POS:org.apache.commons.lang3.StringUtils@replaceEach(java.lang.String,java.lang.String[],java.lang.String[],boolean,int):4111:169944:-1 |==> 1
1741:STD:<ASSIGN>:<NO-OP>:org.apache.commons.lang3.StringUtils@replaceEach(java.lang.String,java.lang.String[],java.lang.String[],boolean,int):4111:169932:tempIndex = -1; |==> <NO-OP>
1742:LVR:0:POS:org.apache.commons.lang3.StringUtils@replaceEach(java.lang.String,java.lang.String[],java.lang.String[],boolean,int):4114:170074:0 |==> 1
1743:LVR:0:NEG:org.apache.commons.lang3.StringUtils@replaceEach(java.lang.String,java.lang.String[],java.lang.String[],boolean,int):4114:170074:0 |==> -1
1744:ROR:<(int,int):!=(int,int):org.apache.commons.lang3.StringUtils@replaceEach(java.lang.String,java.lang.String[],java.lang.String[],boolean,int):4114:170077:i < searchLength |==> i != searchLength
1745:ROR:<(int,int):<=(int,int):org.apache.commons.lang3.StringUtils@replaceEach(java.lang.String,java.lang.String[],java.lang.String[],boolean,int):4114:170077:i < searchLength |==> i <= searchLength
1746:ROR:<(int,int):FALSE(int,int):org.apache.commons.lang3.StringUtils@replaceEach(java.lang.String,java.lang.String[],java.lang.String[],boolean,int):4114:170079:i < searchLength |==> false
1747:ROR:==(java.lang.Object,java.lang.Object):FALSE(java.lang.Object,java.lang.Object):org.apache.commons.lang3.StringUtils@replaceEach(java.lang.String,java.lang.String[],java.lang.String[],boolean,int):4115:170168:searchList[i] == null |==> false
1748:COR:||(boolean,boolean):!=(boolean,boolean):org.apache.commons.lang3.StringUtils@replaceEach(java.lang.String,java.lang.String[],java.lang.String[],boolean,int):4115:170122:noMoreMatchesForReplIndex[i] || searchList[i] == null |==> noMoreMatchesForReplIndex[i] != (searchList[i] == null)
1749:COR:||(boolean,boolean):LHS(boolean,boolean):org.apache.commons.lang3.StringUtils@replaceEach(java.lang.String,java.lang.String[],java.lang.String[],boolean,int):4115:170122:noMoreMatchesForReplIndex[i] || searchList[i] == null |==> noMoreMatchesForReplIndex[i]
1750:COR:||(boolean,boolean):RHS(boolean,boolean):org.apache.commons.lang3.StringUtils@replaceEach(java.lang.String,java.lang.String[],java.lang.String[],boolean,int):4115:170154:noMoreMatchesForReplIndex[i] || searchList[i] == null |==> searchList[i] == null
1751:COR:||(boolean,boolean):TRUE(boolean,boolean):org.apache.commons.lang3.StringUtils@replaceEach(java.lang.String,java.lang.String[],java.lang.String[],boolean,int):4115:170151:noMoreMatchesForReplIndex[i] || searchList[i] == null |==> true
1752:LVR:0:POS:org.apache.commons.lang3.StringUtils@replaceEach(java.lang.String,java.lang.String[],java.lang.String[],boolean,int):4116:170229:0 |==> 1
1753:LVR:0:NEG:org.apache.commons.lang3.StringUtils@replaceEach(java.lang.String,java.lang.String[],java.lang.String[],boolean,int):4116:170229:0 |==> -1
1754:ROR:==(int,int):>=(int,int):org.apache.commons.lang3.StringUtils@replaceEach(java.lang.String,java.lang.String[],java.lang.String[],boolean,int):4116:170203:searchList[i].length() == 0 |==> searchList[i].length() >= 0
1755:ROR:==(int,int):FALSE(int,int):org.apache.commons.lang3.StringUtils@replaceEach(java.lang.String,java.lang.String[],java.lang.String[],boolean,int):4116:170226:searchList[i].length() == 0 |==> false
1756:COR:||(boolean,boolean):!=(boolean,boolean):org.apache.commons.lang3.StringUtils@replaceEach(java.lang.String,java.lang.String[],java.lang.String[],boolean,int):4115:170122:noMoreMatchesForReplIndex[i] || searchList[i] == null || searchList[i].length() == 0 |==> (noMoreMatchesForReplIndex[i] || searchList[i] == null) != (searchList[i].length() == 0)
1757:COR:||(boolean,boolean):LHS(boolean,boolean):org.apache.commons.lang3.StringUtils@replaceEach(java.lang.String,java.lang.String[],java.lang.String[],boolean,int):4115:170122:noMoreMatchesForReplIndex[i] || searchList[i] == null || searchList[i].length() == 0 |==> noMoreMatchesForReplIndex[i] || searchList[i] == null
1758:COR:||(boolean,boolean):RHS(boolean,boolean):org.apache.commons.lang3.StringUtils@replaceEach(java.lang.String,java.lang.String[],java.lang.String[],boolean,int):4116:170203:noMoreMatchesForReplIndex[i] || searchList[i] == null || searchList[i].length() == 0 |==> searchList[i].length() == 0
1759:COR:||(boolean,boolean):TRUE(boolean,boolean):org.apache.commons.lang3.StringUtils@replaceEach(java.lang.String,java.lang.String[],java.lang.String[],boolean,int):4115:170176:noMoreMatchesForReplIndex[i] || searchList[i] == null || searchList[i].length() == 0 |==> true
1760:ROR:==(java.lang.Object,java.lang.Object):FALSE(java.lang.Object,java.lang.Object):org.apache.commons.lang3.StringUtils@replaceEach(java.lang.String,java.lang.String[],java.lang.String[],boolean,int):4116:170253:replacementList[i] == null |==> false
1761:COR:||(boolean,boolean):!=(boolean,boolean):org.apache.commons.lang3.StringUtils@replaceEach(java.lang.String,java.lang.String[],java.lang.String[],boolean,int):4115:170122:noMoreMatchesForReplIndex[i] || searchList[i] == null || searchList[i].length() == 0 || replacementList[i] == null |==> (noMoreMatchesForReplIndex[i] || searchList[i] == null || searchList[i].length() == 0) != (replacementList[i] == null)
1762:COR:||(boolean,boolean):LHS(boolean,boolean):org.apache.commons.lang3.StringUtils@replaceEach(java.lang.String,java.lang.String[],java.lang.String[],boolean,int):4115:170122:noMoreMatchesForReplIndex[i] || searchList[i] == null || searchList[i].length() == 0 || replacementList[i] == null |==> noMoreMatchesForReplIndex[i] || searchList[i] == null || searchList[i].length() == 0
1763:COR:||(boolean,boolean):RHS(boolean,boolean):org.apache.commons.lang3.StringUtils@replaceEach(java.lang.String,java.lang.String[],java.lang.String[],boolean,int):4116:170234:noMoreMatchesForReplIndex[i] || searchList[i] == null || searchList[i].length() == 0 || replacementList[i] == null |==> replacementList[i] == null
1764:COR:||(boolean,boolean):TRUE(boolean,boolean):org.apache.commons.lang3.StringUtils@replaceEach(java.lang.String,java.lang.String[],java.lang.String[],boolean,int):4116:170231:noMoreMatchesForReplIndex[i] || searchList[i] == null || searchList[i].length() == 0 || replacementList[i] == null |==> true
1765:STD:<ASSIGN>:<NO-OP>:org.apache.commons.lang3.StringUtils@replaceEach(java.lang.String,java.lang.String[],java.lang.String[],boolean,int):4119:170328:tempIndex = text.indexOf(searchList[i], start); |==> <NO-OP>
1766:LVR:NEG:0:org.apache.commons.lang3.StringUtils@replaceEach(java.lang.String,java.lang.String[],java.lang.String[],boolean,int):4122:170471:-1 |==> 0
1767:LVR:NEG:POS:org.apache.commons.lang3.StringUtils@replaceEach(java.lang.String,java.lang.String[],java.lang.String[],boolean,int):4122:170471:-1 |==> 1
1768:ROR:==(int,int):<=(int,int):org.apache.commons.lang3.StringUtils@replaceEach(java.lang.String,java.lang.String[],java.lang.String[],boolean,int):4122:170458:tempIndex == -1 |==> tempIndex <= -1
1769:ROR:==(int,int):>=(int,int):org.apache.commons.lang3.StringUtils@replaceEach(java.lang.String,java.lang.String[],java.lang.String[],boolean,int):4122:170458:tempIndex == -1 |==> tempIndex >= -1
1770:ROR:==(int,int):FALSE(int,int):org.apache.commons.lang3.StringUtils@replaceEach(java.lang.String,java.lang.String[],java.lang.String[],boolean,int):4122:170468:tempIndex == -1 |==> false
1771:LVR:TRUE:FALSE:org.apache.commons.lang3.StringUtils@replaceEach(java.lang.String,java.lang.String[],java.lang.String[],boolean,int):4123:170528:true |==> false
1772:STD:<ASSIGN>:<NO-OP>:org.apache.commons.lang3.StringUtils@replaceEach(java.lang.String,java.lang.String[],java.lang.String[],boolean,int):4123:170497:noMoreMatchesForReplIndex[i] = true; |==> <NO-OP>
1773:LVR:NEG:0:org.apache.commons.lang3.StringUtils@replaceEach(java.lang.String,java.lang.String[],java.lang.String[],boolean,int):4125:170596:-1 |==> 0
1774:LVR:NEG:POS:org.apache.commons.lang3.StringUtils@replaceEach(java.lang.String,java.lang.String[],java.lang.String[],boolean,int):4125:170596:-1 |==> 1
1775:ROR:==(int,int):<=(int,int):org.apache.commons.lang3.StringUtils@replaceEach(java.lang.String,java.lang.String[],java.lang.String[],boolean,int):4125:170583:textIndex == -1 |==> textIndex <= -1
1776:ROR:==(int,int):>=(int,int):org.apache.commons.lang3.StringUtils@replaceEach(java.lang.String,java.lang.String[],java.lang.String[],boolean,int):4125:170583:textIndex == -1 |==> textIndex >= -1
1777:ROR:==(int,int):FALSE(int,int):org.apache.commons.lang3.StringUtils@replaceEach(java.lang.String,java.lang.String[],java.lang.String[],boolean,int):4125:170593:textIndex == -1 |==> false
1778:ROR:<(int,int):!=(int,int):org.apache.commons.lang3.StringUtils@replaceEach(java.lang.String,java.lang.String[],java.lang.String[],boolean,int):4125:170602:tempIndex < textIndex |==> tempIndex != textIndex
1779:ROR:<(int,int):<=(int,int):org.apache.commons.lang3.StringUtils@replaceEach(java.lang.String,java.lang.String[],java.lang.String[],boolean,int):4125:170602:tempIndex < textIndex |==> tempIndex <= textIndex
1780:ROR:<(int,int):FALSE(int,int):org.apache.commons.lang3.StringUtils@replaceEach(java.lang.String,java.lang.String[],java.lang.String[],boolean,int):4125:170612:tempIndex < textIndex |==> false
1781:COR:||(boolean,boolean):!=(boolean,boolean):org.apache.commons.lang3.StringUtils@replaceEach(java.lang.String,java.lang.String[],java.lang.String[],boolean,int):4125:170583:textIndex == -1 || tempIndex < textIndex |==> textIndex == -1 != tempIndex < textIndex
1782:COR:||(boolean,boolean):LHS(boolean,boolean):org.apache.commons.lang3.StringUtils@replaceEach(java.lang.String,java.lang.String[],java.lang.String[],boolean,int):4125:170583:textIndex == -1 || tempIndex < textIndex |==> textIndex == -1
1783:COR:||(boolean,boolean):RHS(boolean,boolean):org.apache.commons.lang3.StringUtils@replaceEach(java.lang.String,java.lang.String[],java.lang.String[],boolean,int):4125:170602:textIndex == -1 || tempIndex < textIndex |==> tempIndex < textIndex
1784:COR:||(boolean,boolean):TRUE(boolean,boolean):org.apache.commons.lang3.StringUtils@replaceEach(java.lang.String,java.lang.String[],java.lang.String[],boolean,int):4125:170599:textIndex == -1 || tempIndex < textIndex |==> true
1785:STD:<ASSIGN>:<NO-OP>:org.apache.commons.lang3.StringUtils@replaceEach(java.lang.String,java.lang.String[],java.lang.String[],boolean,int):4126:170651:textIndex = tempIndex; |==> <NO-OP>
1786:STD:<ASSIGN>:<NO-OP>:org.apache.commons.lang3.StringUtils@replaceEach(java.lang.String,java.lang.String[],java.lang.String[],boolean,int):4127:170698:replaceIndex = i; |==> <NO-OP>
1787:ROR:<(int,int):!=(int,int):org.apache.commons.lang3.StringUtils@replaceEach(java.lang.String,java.lang.String[],java.lang.String[],boolean,int):4135:170897:i < textLength |==> i != textLength
1788:ROR:<(int,int):<=(int,int):org.apache.commons.lang3.StringUtils@replaceEach(java.lang.String,java.lang.String[],java.lang.String[],boolean,int):4135:170897:i < textLength |==> i <= textLength
1789:ROR:<(int,int):FALSE(int,int):org.apache.commons.lang3.StringUtils@replaceEach(java.lang.String,java.lang.String[],java.lang.String[],boolean,int):4135:170899:i < textLength |==> false
1790:STD:<CALL>:<NO-OP>:org.apache.commons.lang3.StringUtils@replaceEach(java.lang.String,java.lang.String[],java.lang.String[],boolean,int):4136:170932:buf.append(text.charAt(i)); |==> <NO-OP>
1791:COR:<IDENTIFIER(boolean)>:FALSE:org.apache.commons.lang3.StringUtils@replaceEach(java.lang.String,java.lang.String[],java.lang.String[],boolean,int):4139:171023:repeat |==> false
1792:COR:<IDENTIFIER(boolean)>:TRUE:org.apache.commons.lang3.StringUtils@replaceEach(java.lang.String,java.lang.String[],java.lang.String[],boolean,int):4139:171023:repeat |==> true
1793:LVR:POS:0:org.apache.commons.lang3.StringUtils@replaceEach(java.lang.String,java.lang.String[],java.lang.String[],boolean,int):4143:171156:1 |==> 0
1794:LVR:POS:NEG:org.apache.commons.lang3.StringUtils@replaceEach(java.lang.String,java.lang.String[],java.lang.String[],boolean,int):4143:171156:1 |==> -1
1795:AOR:-(int,int):%(int,int):org.apache.commons.lang3.StringUtils@replaceEach(java.lang.String,java.lang.String[],java.lang.String[],boolean,int):4143:171143:timeToLive - 1 |==> timeToLive % 1
1796:AOR:-(int,int):*(int,int):org.apache.commons.lang3.StringUtils@replaceEach(java.lang.String,java.lang.String[],java.lang.String[],boolean,int):4143:171143:timeToLive - 1 |==> timeToLive * 1
1797:AOR:-(int,int):+(int,int):org.apache.commons.lang3.StringUtils@replaceEach(java.lang.String,java.lang.String[],java.lang.String[],boolean,int):4143:171143:timeToLive - 1 |==> timeToLive + 1
1798:AOR:-(int,int):/(int,int):org.apache.commons.lang3.StringUtils@replaceEach(java.lang.String,java.lang.String[],java.lang.String[],boolean,int):4143:171143:timeToLive - 1 |==> timeToLive / 1
1799:ROR:==(java.lang.Object,java.lang.Object):FALSE(java.lang.Object,java.lang.Object):org.apache.commons.lang3.StringUtils@replaceChars(java.lang.String,char,char):4169:172237:str == null |==> false
1800:COR:||(boolean,boolean):!=(boolean,boolean):org.apache.commons.lang3.StringUtils@replaceChars(java.lang.String,java.lang.String,java.lang.String):4212:174135:isEmpty(str) || isEmpty(searchChars) |==> isEmpty(str) != isEmpty(searchChars)
1801:COR:||(boolean,boolean):LHS(boolean,boolean):org.apache.commons.lang3.StringUtils@replaceChars(java.lang.String,java.lang.String,java.lang.String):4212:174135:isEmpty(str) || isEmpty(searchChars) |==> isEmpty(str)
1802:COR:||(boolean,boolean):RHS(boolean,boolean):org.apache.commons.lang3.StringUtils@replaceChars(java.lang.String,java.lang.String,java.lang.String):4212:174151:isEmpty(str) || isEmpty(searchChars) |==> isEmpty(searchChars)
1803:COR:||(boolean,boolean):TRUE(boolean,boolean):org.apache.commons.lang3.StringUtils@replaceChars(java.lang.String,java.lang.String,java.lang.String):4212:174148:isEmpty(str) || isEmpty(searchChars) |==> true
1804:ROR:==(java.lang.Object,java.lang.Object):FALSE(java.lang.Object,java.lang.Object):org.apache.commons.lang3.StringUtils@replaceChars(java.lang.String,java.lang.String,java.lang.String):4215:174234:replaceChars == null |==> false
1805:STD:<ASSIGN>:<NO-OP>:org.apache.commons.lang3.StringUtils@replaceChars(java.lang.String,java.lang.String,java.lang.String):4216:174257:replaceChars = EMPTY; |==> <NO-OP>
1806:LVR:FALSE:TRUE:org.apache.commons.lang3.StringUtils@replaceChars(java.lang.String,java.lang.String,java.lang.String):4218:174316:false |==> true
1807:LVR:0:POS:org.apache.commons.lang3.StringUtils@replaceChars(java.lang.String,java.lang.String,java.lang.String):4222:174496:0 |==> 1
1808:LVR:0:NEG:org.apache.commons.lang3.StringUtils@replaceChars(java.lang.String,java.lang.String,java.lang.String):4222:174496:0 |==> -1
1809:ROR:<(int,int):!=(int,int):org.apache.commons.lang3.StringUtils@replaceChars(java.lang.String,java.lang.String,java.lang.String):4222:174499:i < strLength |==> i != strLength
1810:ROR:<(int,int):<=(int,int):org.apache.commons.lang3.StringUtils@replaceChars(java.lang.String,java.lang.String,java.lang.String):4222:174499:i < strLength |==> i <= strLength
1811:ROR:<(int,int):FALSE(int,int):org.apache.commons.lang3.StringUtils@replaceChars(java.lang.String,java.lang.String,java.lang.String):4222:174501:i < strLength |==> false
1812:LVR:0:POS:org.apache.commons.lang3.StringUtils@replaceChars(java.lang.String,java.lang.String,java.lang.String):4225:174632:0 |==> 1
1813:LVR:0:NEG:org.apache.commons.lang3.StringUtils@replaceChars(java.lang.String,java.lang.String,java.lang.String):4225:174632:0 |==> -1
1814:ROR:>=(int,int):==(int,int):org.apache.commons.lang3.StringUtils@replaceChars(java.lang.String,java.lang.String,java.lang.String):4225:174623:index >= 0 |==> index == 0
1815:ROR:>=(int,int):>(int,int):org.apache.commons.lang3.StringUtils@replaceChars(java.lang.String,java.lang.String,java.lang.String):4225:174623:index >= 0 |==> index > 0
1816:ROR:>=(int,int):TRUE(int,int):org.apache.commons.lang3.StringUtils@replaceChars(java.lang.String,java.lang.String,java.lang.String):4225:174629:index >= 0 |==> true
1817:LVR:TRUE:FALSE:org.apache.commons.lang3.StringUtils@replaceChars(java.lang.String,java.lang.String,java.lang.String):4226:174664:true |==> false
1818:STD:<ASSIGN>:<NO-OP>:org.apache.commons.lang3.StringUtils@replaceChars(java.lang.String,java.lang.String,java.lang.String):4226:174653:modified = true; |==> <NO-OP>
1819:ROR:<(int,int):!=(int,int):org.apache.commons.lang3.StringUtils@replaceChars(java.lang.String,java.lang.String,java.lang.String):4227:174690:index < replaceCharsLength |==> index != replaceCharsLength
1820:ROR:<(int,int):<=(int,int):org.apache.commons.lang3.StringUtils@replaceChars(java.lang.String,java.lang.String,java.lang.String):4227:174690:index < replaceCharsLength |==> index <= replaceCharsLength
1821:ROR:<(int,int):FALSE(int,int):org.apache.commons.lang3.StringUtils@replaceChars(java.lang.String,java.lang.String,java.lang.String):4227:174696:index < replaceCharsLength |==> false
1822:STD:<CALL>:<NO-OP>:org.apache.commons.lang3.StringUtils@replaceChars(java.lang.String,java.lang.String,java.lang.String):4228:174740:buf.append(replaceChars.charAt(index)); |==> <NO-OP>
1823:STD:<CALL>:<NO-OP>:org.apache.commons.lang3.StringUtils@replaceChars(java.lang.String,java.lang.String,java.lang.String):4231:174835:buf.append(ch); |==> <NO-OP>
1824:COR:<IDENTIFIER(boolean)>:FALSE:org.apache.commons.lang3.StringUtils@replaceChars(java.lang.String,java.lang.String,java.lang.String):4234:174887:modified |==> false
1825:COR:<IDENTIFIER(boolean)>:TRUE:org.apache.commons.lang3.StringUtils@replaceChars(java.lang.String,java.lang.String,java.lang.String):4234:174887:modified |==> true
1826:ROR:==(java.lang.Object,java.lang.Object):FALSE(java.lang.Object,java.lang.Object):org.apache.commons.lang3.StringUtils@overlay(java.lang.String,java.lang.String,int,int):4272:176565:str == null |==> false
1827:ROR:==(java.lang.Object,java.lang.Object):FALSE(java.lang.Object,java.lang.Object):org.apache.commons.lang3.StringUtils@overlay(java.lang.String,java.lang.String,int,int):4275:176631:overlay == null |==> false
1828:STD:<ASSIGN>:<NO-OP>:org.apache.commons.lang3.StringUtils@overlay(java.lang.String,java.lang.String,int,int):4276:176654:overlay = EMPTY; |==> <NO-OP>
1829:LVR:0:POS:org.apache.commons.lang3.StringUtils@overlay(java.lang.String,java.lang.String,int,int):4279:176733:0 |==> 1
1830:LVR:0:NEG:org.apache.commons.lang3.StringUtils@overlay(java.lang.String,java.lang.String,int,int):4279:176733:0 |==> -1
1831:ROR:<(int,int):!=(int,int):org.apache.commons.lang3.StringUtils@overlay(java.lang.String,java.lang.String,int,int):4279:176725:start < 0 |==> start != 0
1832:ROR:<(int,int):<=(int,int):org.apache.commons.lang3.StringUtils@overlay(java.lang.String,java.lang.String,int,int):4279:176725:start < 0 |==> start <= 0
1833:ROR:<(int,int):FALSE(int,int):org.apache.commons.lang3.StringUtils@overlay(java.lang.String,java.lang.String,int,int):4279:176731:start < 0 |==> false
1834:LVR:0:POS:org.apache.commons.lang3.StringUtils@overlay(java.lang.String,java.lang.String,int,int):4280:176758:0 |==> 1
1835:LVR:0:NEG:org.apache.commons.lang3.StringUtils@overlay(java.lang.String,java.lang.String,int,int):4280:176758:0 |==> -1
1836:STD:<ASSIGN>:<NO-OP>:org.apache.commons.lang3.StringUtils@overlay(java.lang.String,java.lang.String,int,int):4280:176750:start = 0; |==> <NO-OP>
1837:ROR:>(int,int):!=(int,int):org.apache.commons.lang3.StringUtils@overlay(java.lang.String,java.lang.String,int,int):4282:176783:start > len |==> start != len
1838:ROR:>(int,int):>=(int,int):org.apache.commons.lang3.StringUtils@overlay(java.lang.String,java.lang.String,int,int):4282:176783:start > len |==> start >= len
1839:ROR:>(int,int):FALSE(int,int):org.apache.commons.lang3.StringUtils@overlay(java.lang.String,java.lang.String,int,int):4282:176789:start > len |==> false
1840:STD:<ASSIGN>:<NO-OP>:org.apache.commons.lang3.StringUtils@overlay(java.lang.String,java.lang.String,int,int):4283:176810:start = len; |==> <NO-OP>
1841:LVR:0:POS:org.apache.commons.lang3.StringUtils@overlay(java.lang.String,java.lang.String,int,int):4285:176851:0 |==> 1
1842:LVR:0:NEG:org.apache.commons.lang3.StringUtils@overlay(java.lang.String,java.lang.String,int,int):4285:176851:0 |==> -1
1843:ROR:<(int,int):!=(int,int):org.apache.commons.lang3.StringUtils@overlay(java.lang.String,java.lang.String,int,int):4285:176845:end < 0 |==> end != 0
1844:ROR:<(int,int):<=(int,int):org.apache.commons.lang3.StringUtils@overlay(java.lang.String,java.lang.String,int,int):4285:176845:end < 0 |==> end <= 0
1845:ROR:<(int,int):FALSE(int,int):org.apache.commons.lang3.StringUtils@overlay(java.lang.String,java.lang.String,int,int):4285:176849:end < 0 |==> false
1846:LVR:0:POS:org.apache.commons.lang3.StringUtils@overlay(java.lang.String,java.lang.String,int,int):4286:176874:0 |==> 1
1847:LVR:0:NEG:org.apache.commons.lang3.StringUtils@overlay(java.lang.String,java.lang.String,int,int):4286:176874:0 |==> -1
1848:STD:<ASSIGN>:<NO-OP>:org.apache.commons.lang3.StringUtils@overlay(java.lang.String,java.lang.String,int,int):4286:176868:end = 0; |==> <NO-OP>
1849:ROR:>(int,int):!=(int,int):org.apache.commons.lang3.StringUtils@overlay(java.lang.String,java.lang.String,int,int):4288:176899:end > len |==> end != len
1850:ROR:>(int,int):>=(int,int):org.apache.commons.lang3.StringUtils@overlay(java.lang.String,java.lang.String,int,int):4288:176899:end > len |==> end >= len
1851:ROR:>(int,int):FALSE(int,int):org.apache.commons.lang3.StringUtils@overlay(java.lang.String,java.lang.String,int,int):4288:176903:end > len |==> false
1852:STD:<ASSIGN>:<NO-OP>:org.apache.commons.lang3.StringUtils@overlay(java.lang.String,java.lang.String,int,int):4289:176924:end = len; |==> <NO-OP>
1853:ROR:>(int,int):!=(int,int):org.apache.commons.lang3.StringUtils@overlay(java.lang.String,java.lang.String,int,int):4291:176957:start > end |==> start != end
1854:ROR:>(int,int):>=(int,int):org.apache.commons.lang3.StringUtils@overlay(java.lang.String,java.lang.String,int,int):4291:176957:start > end |==> start >= end
1855:ROR:>(int,int):FALSE(int,int):org.apache.commons.lang3.StringUtils@overlay(java.lang.String,java.lang.String,int,int):4291:176963:start > end |==> false
1856:STD:<ASSIGN>:<NO-OP>:org.apache.commons.lang3.StringUtils@overlay(java.lang.String,java.lang.String,int,int):4293:177014:start = end; |==> <NO-OP>
1857:STD:<ASSIGN>:<NO-OP>:org.apache.commons.lang3.StringUtils@overlay(java.lang.String,java.lang.String,int,int):4294:177039:end = temp; |==> <NO-OP>
1858:AOR:+(int,int):%(int,int):org.apache.commons.lang3.StringUtils@overlay(java.lang.String,java.lang.String,int,int):4296:177094:len + start |==> len % start
1859:AOR:+(int,int):*(int,int):org.apache.commons.lang3.StringUtils@overlay(java.lang.String,java.lang.String,int,int):4296:177094:len + start |==> len * start
1860:AOR:+(int,int):-(int,int):org.apache.commons.lang3.StringUtils@overlay(java.lang.String,java.lang.String,int,int):4296:177094:len + start |==> len - start
1861:AOR:+(int,int):/(int,int):org.apache.commons.lang3.StringUtils@overlay(java.lang.String,java.lang.String,int,int):4296:177094:len + start |==> len / start
1862:AOR:-(int,int):%(int,int):org.apache.commons.lang3.StringUtils@overlay(java.lang.String,java.lang.String,int,int):4296:177094:len + start - end |==> (len + start) % end
1863:AOR:-(int,int):*(int,int):org.apache.commons.lang3.StringUtils@overlay(java.lang.String,java.lang.String,int,int):4296:177094:len + start - end |==> (len + start) * end
1864:AOR:-(int,int):+(int,int):org.apache.commons.lang3.StringUtils@overlay(java.lang.String,java.lang.String,int,int):4296:177094:len + start - end |==> len + start + end
1865:AOR:-(int,int):/(int,int):org.apache.commons.lang3.StringUtils@overlay(java.lang.String,java.lang.String,int,int):4296:177094:len + start - end |==> (len + start) / end
1866:AOR:+(int,int):%(int,int):org.apache.commons.lang3.StringUtils@overlay(java.lang.String,java.lang.String,int,int):4296:177094:len + start - end + overlay.length() |==> (len + start - end) % overlay.length()
1867:AOR:+(int,int):*(int,int):org.apache.commons.lang3.StringUtils@overlay(java.lang.String,java.lang.String,int,int):4296:177094:len + start - end + overlay.length() |==> (len + start - end) * overlay.length()
1868:AOR:+(int,int):-(int,int):org.apache.commons.lang3.StringUtils@overlay(java.lang.String,java.lang.String,int,int):4296:177094:len + start - end + overlay.length() |==> len + start - end - overlay.length()
1869:AOR:+(int,int):/(int,int):org.apache.commons.lang3.StringUtils@overlay(java.lang.String,java.lang.String,int,int):4296:177094:len + start - end + overlay.length() |==> (len + start - end) / overlay.length()
1870:LVR:POS:0:org.apache.commons.lang3.StringUtils@overlay(java.lang.String,java.lang.String,int,int):4296:177133:1 |==> 0
1871:LVR:POS:NEG:org.apache.commons.lang3.StringUtils@overlay(java.lang.String,java.lang.String,int,int):4296:177133:1 |==> -1
1872:AOR:+(int,int):%(int,int):org.apache.commons.lang3.StringUtils@overlay(java.lang.String,java.lang.String,int,int):4296:177094:len + start - end + overlay.length() + 1 |==> (len + start - end + overlay.length()) % 1
1873:AOR:+(int,int):*(int,int):org.apache.commons.lang3.StringUtils@overlay(java.lang.String,java.lang.String,int,int):4296:177094:len + start - end + overlay.length() + 1 |==> (len + start - end + overlay.length()) * 1
1874:AOR:+(int,int):-(int,int):org.apache.commons.lang3.StringUtils@overlay(java.lang.String,java.lang.String,int,int):4296:177094:len + start - end + overlay.length() + 1 |==> len + start - end + overlay.length() - 1
1875:AOR:+(int,int):/(int,int):org.apache.commons.lang3.StringUtils@overlay(java.lang.String,java.lang.String,int,int):4296:177094:len + start - end + overlay.length() + 1 |==> (len + start - end + overlay.length()) / 1
1876:LVR:0:POS:org.apache.commons.lang3.StringUtils@overlay(java.lang.String,java.lang.String,int,int):4297:177170:0 |==> 1
1877:LVR:0:NEG:org.apache.commons.lang3.StringUtils@overlay(java.lang.String,java.lang.String,int,int):4297:177170:0 |==> -1
1878:COR:<METHOD_INVOCATION(boolean)>:FALSE:org.apache.commons.lang3.StringUtils@chomp(java.lang.String):4331:178469:isEmpty(str) |==> false
1879:COR:<METHOD_INVOCATION(boolean)>:TRUE:org.apache.commons.lang3.StringUtils@chomp(java.lang.String):4331:178469:isEmpty(str) |==> true
1880:LVR:POS:0:org.apache.commons.lang3.StringUtils@chomp(java.lang.String):4335:178541:1 |==> 0
1881:LVR:POS:NEG:org.apache.commons.lang3.StringUtils@chomp(java.lang.String):4335:178541:1 |==> -1
1882:ROR:==(int,int):<=(int,int):org.apache.commons.lang3.StringUtils@chomp(java.lang.String):4335:178525:str.length() == 1 |==> str.length() <= 1
1883:ROR:==(int,int):>=(int,int):org.apache.commons.lang3.StringUtils@chomp(java.lang.String):4335:178525:str.length() == 1 |==> str.length() >= 1
1884:ROR:==(int,int):FALSE(int,int):org.apache.commons.lang3.StringUtils@chomp(java.lang.String):4335:178538:str.length() == 1 |==> false
1885:LVR:0:POS:org.apache.commons.lang3.StringUtils@chomp(java.lang.String):4336:178579:0 |==> 1
1886:LVR:0:NEG:org.apache.commons.lang3.StringUtils@chomp(java.lang.String):4336:178579:0 |==> -1
1887:ROR:==(int,int):<=(int,int):org.apache.commons.lang3.StringUtils@chomp(java.lang.String):4337:178599:ch == CharUtils.CR |==> ch <= CharUtils.CR
1888:ROR:==(int,int):>=(int,int):org.apache.commons.lang3.StringUtils@chomp(java.lang.String):4337:178599:ch == CharUtils.CR |==> ch >= CharUtils.CR
1889:ROR:==(int,int):FALSE(int,int):org.apache.commons.lang3.StringUtils@chomp(java.lang.String):4337:178602:ch == CharUtils.CR |==> false
1890:ROR:==(int,int):<=(int,int):org.apache.commons.lang3.StringUtils@chomp(java.lang.String):4337:178621:ch == CharUtils.LF |==> ch <= CharUtils.LF
1891:ROR:==(int,int):>=(int,int):org.apache.commons.lang3.StringUtils@chomp(java.lang.String):4337:178621:ch == CharUtils.LF |==> ch >= CharUtils.LF
1892:ROR:==(int,int):FALSE(int,int):org.apache.commons.lang3.StringUtils@chomp(java.lang.String):4337:178624:ch == CharUtils.LF |==> false
1893:COR:||(boolean,boolean):LHS(boolean,boolean):org.apache.commons.lang3.StringUtils@chomp(java.lang.String):4337:178599:ch == CharUtils.CR || ch == CharUtils.LF |==> ch == CharUtils.CR
1894:COR:||(boolean,boolean):RHS(boolean,boolean):org.apache.commons.lang3.StringUtils@chomp(java.lang.String):4337:178621:ch == CharUtils.CR || ch == CharUtils.LF |==> ch == CharUtils.LF
1895:COR:||(boolean,boolean):TRUE(boolean,boolean):org.apache.commons.lang3.StringUtils@chomp(java.lang.String):4337:178618:ch == CharUtils.CR || ch == CharUtils.LF |==> true
1896:LVR:POS:0:org.apache.commons.lang3.StringUtils@chomp(java.lang.String):4343:178759:1 |==> 0
1897:LVR:POS:NEG:org.apache.commons.lang3.StringUtils@chomp(java.lang.String):4343:178759:1 |==> -1
1898:AOR:-(int,int):%(int,int):org.apache.commons.lang3.StringUtils@chomp(java.lang.String):4343:178744:str.length() - 1 |==> str.length() % 1
1899:AOR:-(int,int):*(int,int):org.apache.commons.lang3.StringUtils@chomp(java.lang.String):4343:178744:str.length() - 1 |==> str.length() * 1
1900:AOR:-(int,int):+(int,int):org.apache.commons.lang3.StringUtils@chomp(java.lang.String):4343:178744:str.length() - 1 |==> str.length() + 1
1901:AOR:-(int,int):/(int,int):org.apache.commons.lang3.StringUtils@chomp(java.lang.String):4343:178744:str.length() - 1 |==> str.length() / 1
1902:ROR:==(int,int):<=(int,int):org.apache.commons.lang3.StringUtils@chomp(java.lang.String):4346:178816:last == CharUtils.LF |==> last <= CharUtils.LF
1903:ROR:==(int,int):>=(int,int):org.apache.commons.lang3.StringUtils@chomp(java.lang.String):4346:178816:last == CharUtils.LF |==> last >= CharUtils.LF
1904:ROR:==(int,int):FALSE(int,int):org.apache.commons.lang3.StringUtils@chomp(java.lang.String):4346:178821:last == CharUtils.LF |==> false
1905:LVR:POS:0:org.apache.commons.lang3.StringUtils@chomp(java.lang.String):4347:178877:1 |==> 0
1906:LVR:POS:NEG:org.apache.commons.lang3.StringUtils@chomp(java.lang.String):4347:178877:1 |==> -1
1907:AOR:-(int,int):%(int,int):org.apache.commons.lang3.StringUtils@chomp(java.lang.String):4347:178867:lastIdx - 1 |==> lastIdx % 1
1908:AOR:-(int,int):*(int,int):org.apache.commons.lang3.StringUtils@chomp(java.lang.String):4347:178867:lastIdx - 1 |==> lastIdx * 1
1909:AOR:-(int,int):+(int,int):org.apache.commons.lang3.StringUtils@chomp(java.lang.String):4347:178867:lastIdx - 1 |==> lastIdx + 1
1910:AOR:-(int,int):/(int,int):org.apache.commons.lang3.StringUtils@chomp(java.lang.String):4347:178867:lastIdx - 1 |==> lastIdx / 1
1911:ROR:==(int,int):<=(int,int):org.apache.commons.lang3.StringUtils@chomp(java.lang.String):4347:178856:str.charAt(lastIdx - 1) == CharUtils.CR |==> str.charAt(lastIdx - 1) <= CharUtils.CR
1912:ROR:==(int,int):>=(int,int):org.apache.commons.lang3.StringUtils@chomp(java.lang.String):4347:178856:str.charAt(lastIdx - 1) == CharUtils.CR |==> str.charAt(lastIdx - 1) >= CharUtils.CR
1913:ROR:==(int,int):FALSE(int,int):org.apache.commons.lang3.StringUtils@chomp(java.lang.String):4347:178880:str.charAt(lastIdx - 1) == CharUtils.CR |==> false
1914:STD:<DEC>:<NO-OP>:org.apache.commons.lang3.StringUtils@chomp(java.lang.String):4348:178915:lastIdx--; |==> <NO-OP>
1915:ROR:!=(int,int):<(int,int):org.apache.commons.lang3.StringUtils@chomp(java.lang.String):4350:178959:last != CharUtils.CR |==> last < CharUtils.CR
1916:ROR:!=(int,int):>(int,int):org.apache.commons.lang3.StringUtils@chomp(java.lang.String):4350:178959:last != CharUtils.CR |==> last > CharUtils.CR
1917:ROR:!=(int,int):TRUE(int,int):org.apache.commons.lang3.StringUtils@chomp(java.lang.String):4350:178964:last != CharUtils.CR |==> true
1918:STD:<INC>:<NO-OP>:org.apache.commons.lang3.StringUtils@chomp(java.lang.String):4351:178995:lastIdx++; |==> <NO-OP>
1919:LVR:0:POS:org.apache.commons.lang3.StringUtils@chomp(java.lang.String):4353:179045:0 |==> 1
1920:LVR:0:NEG:org.apache.commons.lang3.StringUtils@chomp(java.lang.String):4353:179045:0 |==> -1
1921:ROR:==(java.lang.Object,java.lang.Object):FALSE(java.lang.Object,java.lang.Object):org.apache.commons.lang3.StringUtils@chomp(java.lang.String,java.lang.String):4383:180281:separator == null |==> false
1922:COR:||(boolean,boolean):!=(boolean,boolean):org.apache.commons.lang3.StringUtils@chomp(java.lang.String,java.lang.String):4383:180255:isEmpty(str) || separator == null |==> isEmpty(str) != (separator == null)
1923:COR:||(boolean,boolean):LHS(boolean,boolean):org.apache.commons.lang3.StringUtils@chomp(java.lang.String,java.lang.String):4383:180255:isEmpty(str) || separator == null |==> isEmpty(str)
1924:COR:||(boolean,boolean):RHS(boolean,boolean):org.apache.commons.lang3.StringUtils@chomp(java.lang.String,java.lang.String):4383:180271:isEmpty(str) || separator == null |==> separator == null
1925:COR:||(boolean,boolean):TRUE(boolean,boolean):org.apache.commons.lang3.StringUtils@chomp(java.lang.String,java.lang.String):4383:180268:isEmpty(str) || separator == null |==> true
1926:COR:<METHOD_INVOCATION(boolean)>:FALSE:org.apache.commons.lang3.StringUtils@chomp(java.lang.String,java.lang.String):4386:180350:str.endsWith(separator) |==> false
1927:COR:<METHOD_INVOCATION(boolean)>:TRUE:org.apache.commons.lang3.StringUtils@chomp(java.lang.String,java.lang.String):4386:180350:str.endsWith(separator) |==> true
1928:LVR:0:POS:org.apache.commons.lang3.StringUtils@chomp(java.lang.String,java.lang.String):4387:180398:0 |==> 1
1929:LVR:0:NEG:org.apache.commons.lang3.StringUtils@chomp(java.lang.String,java.lang.String):4387:180398:0 |==> -1
1930:AOR:-(int,int):%(int,int):org.apache.commons.lang3.StringUtils@chomp(java.lang.String,java.lang.String):4387:180401:str.length() - separator.length() |==> str.length() % separator.length()
1931:AOR:-(int,int):*(int,int):org.apache.commons.lang3.StringUtils@chomp(java.lang.String,java.lang.String):4387:180401:str.length() - separator.length() |==> str.length() * separator.length()
1932:AOR:-(int,int):+(int,int):org.apache.commons.lang3.StringUtils@chomp(java.lang.String,java.lang.String):4387:180401:str.length() - separator.length() |==> str.length() + separator.length()
1933:AOR:-(int,int):/(int,int):org.apache.commons.lang3.StringUtils@chomp(java.lang.String,java.lang.String):4387:180401:str.length() - separator.length() |==> str.length() / separator.length()
1934:ROR:==(java.lang.Object,java.lang.Object):FALSE(java.lang.Object,java.lang.Object):org.apache.commons.lang3.StringUtils@chop(java.lang.String):4418:181486:str == null |==> false
1935:LVR:POS:0:org.apache.commons.lang3.StringUtils@chop(java.lang.String):4422:181588:2 |==> 0
1936:LVR:POS:NEG:org.apache.commons.lang3.StringUtils@chop(java.lang.String):4422:181588:2 |==> -2
1937:ROR:<(int,int):!=(int,int):org.apache.commons.lang3.StringUtils@chop(java.lang.String):4422:181579:strLen < 2 |==> strLen != 2
1938:ROR:<(int,int):<=(int,int):org.apache.commons.lang3.StringUtils@chop(java.lang.String):4422:181579:strLen < 2 |==> strLen <= 2
1939:ROR:<(int,int):FALSE(int,int):org.apache.commons.lang3.StringUtils@chop(java.lang.String):4422:181586:strLen < 2 |==> false
1940:LVR:POS:0:org.apache.commons.lang3.StringUtils@chop(java.lang.String):4425:181660:1 |==> 0
1941:LVR:POS:NEG:org.apache.commons.lang3.StringUtils@chop(java.lang.String):4425:181660:1 |==> -1
1942:AOR:-(int,int):%(int,int):org.apache.commons.lang3.StringUtils@chop(java.lang.String):4425:181651:strLen - 1 |==> strLen % 1
1943:AOR:-(int,int):*(int,int):org.apache.commons.lang3.StringUtils@chop(java.lang.String):4425:181651:strLen - 1 |==> strLen * 1
1944:AOR:-(int,int):+(int,int):org.apache.commons.lang3.StringUtils@chop(java.lang.String):4425:181651:strLen - 1 |==> strLen + 1
1945:AOR:-(int,int):/(int,int):org.apache.commons.lang3.StringUtils@chop(java.lang.String):4425:181651:strLen - 1 |==> strLen / 1
1946:LVR:0:POS:org.apache.commons.lang3.StringUtils@chop(java.lang.String):4426:181698:0 |==> 1
1947:LVR:0:NEG:org.apache.commons.lang3.StringUtils@chop(java.lang.String):4426:181698:0 |==> -1
1948:ROR:==(int,int):<=(int,int):org.apache.commons.lang3.StringUtils@chop(java.lang.String):4428:181764:last == CharUtils.LF |==> last <= CharUtils.LF
1949:ROR:==(int,int):>=(int,int):org.apache.commons.lang3.StringUtils@chop(java.lang.String):4428:181764:last == CharUtils.LF |==> last >= CharUtils.LF
1950:ROR:==(int,int):FALSE(int,int):org.apache.commons.lang3.StringUtils@chop(java.lang.String):4428:181769:last == CharUtils.LF |==> false
1951:LVR:POS:0:org.apache.commons.lang3.StringUtils@chop(java.lang.String):4429:181825:1 |==> 0
1952:LVR:POS:NEG:org.apache.commons.lang3.StringUtils@chop(java.lang.String):4429:181825:1 |==> -1
1953:AOR:-(int,int):%(int,int):org.apache.commons.lang3.StringUtils@chop(java.lang.String):4429:181815:lastIdx - 1 |==> lastIdx % 1
1954:AOR:-(int,int):*(int,int):org.apache.commons.lang3.StringUtils@chop(java.lang.String):4429:181815:lastIdx - 1 |==> lastIdx * 1
1955:AOR:-(int,int):+(int,int):org.apache.commons.lang3.StringUtils@chop(java.lang.String):4429:181815:lastIdx - 1 |==> lastIdx + 1
1956:AOR:-(int,int):/(int,int):org.apache.commons.lang3.StringUtils@chop(java.lang.String):4429:181815:lastIdx - 1 |==> lastIdx / 1
1957:ROR:==(int,int):<=(int,int):org.apache.commons.lang3.StringUtils@chop(java.lang.String):4429:181804:ret.charAt(lastIdx - 1) == CharUtils.CR |==> ret.charAt(lastIdx - 1) <= CharUtils.CR
1958:ROR:==(int,int):>=(int,int):org.apache.commons.lang3.StringUtils@chop(java.lang.String):4429:181804:ret.charAt(lastIdx - 1) == CharUtils.CR |==> ret.charAt(lastIdx - 1) >= CharUtils.CR
1959:ROR:==(int,int):FALSE(int,int):org.apache.commons.lang3.StringUtils@chop(java.lang.String):4429:181828:ret.charAt(lastIdx - 1) == CharUtils.CR |==> false
1960:LVR:0:POS:org.apache.commons.lang3.StringUtils@chop(java.lang.String):4430:181884:0 |==> 1
1961:LVR:0:NEG:org.apache.commons.lang3.StringUtils@chop(java.lang.String):4430:181884:0 |==> -1
1962:LVR:POS:0:org.apache.commons.lang3.StringUtils@chop(java.lang.String):4430:181897:1 |==> 0
1963:LVR:POS:NEG:org.apache.commons.lang3.StringUtils@chop(java.lang.String):4430:181897:1 |==> -1
1964:AOR:-(int,int):%(int,int):org.apache.commons.lang3.StringUtils@chop(java.lang.String):4430:181887:lastIdx - 1 |==> lastIdx % 1
1965:AOR:-(int,int):*(int,int):org.apache.commons.lang3.StringUtils@chop(java.lang.String):4430:181887:lastIdx - 1 |==> lastIdx * 1
1966:AOR:-(int,int):+(int,int):org.apache.commons.lang3.StringUtils@chop(java.lang.String):4430:181887:lastIdx - 1 |==> lastIdx + 1
1967:AOR:-(int,int):/(int,int):org.apache.commons.lang3.StringUtils@chop(java.lang.String):4430:181887:lastIdx - 1 |==> lastIdx / 1
1968:ROR:==(java.lang.Object,java.lang.Object):FALSE(java.lang.Object,java.lang.Object):org.apache.commons.lang3.StringUtils@repeat(java.lang.String,int):4462:182894:str == null |==> false
1969:LVR:0:POS:org.apache.commons.lang3.StringUtils@repeat(java.lang.String,int):4465:182962:0 |==> 1
1970:LVR:0:NEG:org.apache.commons.lang3.StringUtils@repeat(java.lang.String,int):4465:182962:0 |==> -1
1971:ROR:<=(int,int):<(int,int):org.apache.commons.lang3.StringUtils@repeat(java.lang.String,int):4465:182952:repeat <= 0 |==> repeat < 0
1972:ROR:<=(int,int):==(int,int):org.apache.commons.lang3.StringUtils@repeat(java.lang.String,int):4465:182952:repeat <= 0 |==> repeat == 0
1973:ROR:<=(int,int):TRUE(int,int):org.apache.commons.lang3.StringUtils@repeat(java.lang.String,int):4465:182959:repeat <= 0 |==> true
1974:LVR:POS:0:org.apache.commons.lang3.StringUtils@repeat(java.lang.String,int):4469:183065:1 |==> 0
1975:LVR:POS:NEG:org.apache.commons.lang3.StringUtils@repeat(java.lang.String,int):4469:183065:1 |==> -1
1976:ROR:==(int,int):<=(int,int):org.apache.commons.lang3.StringUtils@repeat(java.lang.String,int):4469:183055:repeat == 1 |==> repeat <= 1
1977:ROR:==(int,int):>=(int,int):org.apache.commons.lang3.StringUtils@repeat(java.lang.String,int):4469:183055:repeat == 1 |==> repeat >= 1
1978:ROR:==(int,int):FALSE(int,int):org.apache.commons.lang3.StringUtils@repeat(java.lang.String,int):4469:183062:repeat == 1 |==> false
1979:LVR:0:POS:org.apache.commons.lang3.StringUtils@repeat(java.lang.String,int):4469:183085:0 |==> 1
1980:LVR:0:NEG:org.apache.commons.lang3.StringUtils@repeat(java.lang.String,int):4469:183085:0 |==> -1
1981:ROR:==(int,int):<=(int,int):org.apache.commons.lang3.StringUtils@repeat(java.lang.String,int):4469:183070:inputLength == 0 |==> inputLength <= 0
1982:ROR:==(int,int):>=(int,int):org.apache.commons.lang3.StringUtils@repeat(java.lang.String,int):4469:183070:inputLength == 0 |==> inputLength >= 0
1983:ROR:==(int,int):FALSE(int,int):org.apache.commons.lang3.StringUtils@repeat(java.lang.String,int):4469:183082:inputLength == 0 |==> false
1984:COR:||(boolean,boolean):!=(boolean,boolean):org.apache.commons.lang3.StringUtils@repeat(java.lang.String,int):4469:183055:repeat == 1 || inputLength == 0 |==> repeat == 1 != (inputLength == 0)
1985:COR:||(boolean,boolean):LHS(boolean,boolean):org.apache.commons.lang3.StringUtils@repeat(java.lang.String,int):4469:183055:repeat == 1 || inputLength == 0 |==> repeat == 1
1986:COR:||(boolean,boolean):RHS(boolean,boolean):org.apache.commons.lang3.StringUtils@repeat(java.lang.String,int):4469:183070:repeat == 1 || inputLength == 0 |==> inputLength == 0
1987:COR:||(boolean,boolean):TRUE(boolean,boolean):org.apache.commons.lang3.StringUtils@repeat(java.lang.String,int):4469:183067:repeat == 1 || inputLength == 0 |==> true
1988:LVR:POS:0:org.apache.commons.lang3.StringUtils@repeat(java.lang.String,int):4472:183151:1 |==> 0
1989:LVR:POS:NEG:org.apache.commons.lang3.StringUtils@repeat(java.lang.String,int):4472:183151:1 |==> -1
1990:ROR:==(int,int):<=(int,int):org.apache.commons.lang3.StringUtils@repeat(java.lang.String,int):4472:183136:inputLength == 1 |==> inputLength <= 1
1991:ROR:==(int,int):>=(int,int):org.apache.commons.lang3.StringUtils@repeat(java.lang.String,int):4472:183136:inputLength == 1 |==> inputLength >= 1
1992:ROR:==(int,int):FALSE(int,int):org.apache.commons.lang3.StringUtils@repeat(java.lang.String,int):4472:183148:inputLength == 1 |==> false
1993:ROR:<=(int,int):<(int,int):org.apache.commons.lang3.StringUtils@repeat(java.lang.String,int):4472:183156:repeat <= PAD_LIMIT |==> repeat < PAD_LIMIT
1994:ROR:<=(int,int):==(int,int):org.apache.commons.lang3.StringUtils@repeat(java.lang.String,int):4472:183156:repeat <= PAD_LIMIT |==> repeat == PAD_LIMIT
1995:ROR:<=(int,int):TRUE(int,int):org.apache.commons.lang3.StringUtils@repeat(java.lang.String,int):4472:183163:repeat <= PAD_LIMIT |==> true
1996:COR:&&(boolean,boolean):==(boolean,boolean):org.apache.commons.lang3.StringUtils@repeat(java.lang.String,int):4472:183136:inputLength == 1 && repeat <= PAD_LIMIT |==> inputLength == 1 == repeat <= PAD_LIMIT
1997:COR:&&(boolean,boolean):FALSE(boolean,boolean):org.apache.commons.lang3.StringUtils@repeat(java.lang.String,int):4472:183153:inputLength == 1 && repeat <= PAD_LIMIT |==> false
1998:COR:&&(boolean,boolean):LHS(boolean,boolean):org.apache.commons.lang3.StringUtils@repeat(java.lang.String,int):4472:183136:inputLength == 1 && repeat <= PAD_LIMIT |==> inputLength == 1
1999:COR:&&(boolean,boolean):RHS(boolean,boolean):org.apache.commons.lang3.StringUtils@repeat(java.lang.String,int):4472:183156:inputLength == 1 && repeat <= PAD_LIMIT |==> repeat <= PAD_LIMIT
2000:LVR:0:POS:org.apache.commons.lang3.StringUtils@repeat(java.lang.String,int):4473:183216:0 |==> 1
2001:LVR:0:NEG:org.apache.commons.lang3.StringUtils@repeat(java.lang.String,int):4473:183216:0 |==> -1
2002:AOR:*(int,int):%(int,int):org.apache.commons.lang3.StringUtils@repeat(java.lang.String,int):4476:183267:inputLength * repeat |==> inputLength % repeat
2003:AOR:*(int,int):+(int,int):org.apache.commons.lang3.StringUtils@repeat(java.lang.String,int):4476:183267:inputLength * repeat |==> inputLength + repeat
2004:AOR:*(int,int):-(int,int):org.apache.commons.lang3.StringUtils@repeat(java.lang.String,int):4476:183267:inputLength * repeat |==> inputLength - repeat
2005:AOR:*(int,int):/(int,int):org.apache.commons.lang3.StringUtils@repeat(java.lang.String,int):4476:183267:inputLength * repeat |==> inputLength / repeat
2006:LVR:0:POS:org.apache.commons.lang3.StringUtils@repeat(java.lang.String,int):4479:183382:0 |==> 1
2007:LVR:0:NEG:org.apache.commons.lang3.StringUtils@repeat(java.lang.String,int):4479:183382:0 |==> -1
2008:LVR:0:POS:org.apache.commons.lang3.StringUtils@repeat(java.lang.String,int):4481:183454:0 |==> 1
2009:LVR:0:NEG:org.apache.commons.lang3.StringUtils@repeat(java.lang.String,int):4481:183454:0 |==> -1
2010:LVR:POS:0:org.apache.commons.lang3.StringUtils@repeat(java.lang.String,int):4482:183496:1 |==> 0
2011:LVR:POS:NEG:org.apache.commons.lang3.StringUtils@repeat(java.lang.String,int):4482:183496:1 |==> -1
2012:LVR:POS:0:org.apache.commons.lang3.StringUtils@repeat(java.lang.String,int):4484:183595:2 |==> 0
2013:LVR:POS:NEG:org.apache.commons.lang3.StringUtils@repeat(java.lang.String,int):4484:183595:2 |==> -2
2014:AOR:*(int,int):%(int,int):org.apache.commons.lang3.StringUtils@repeat(java.lang.String,int):4484:183586:repeat * 2 |==> repeat % 2
2015:AOR:*(int,int):+(int,int):org.apache.commons.lang3.StringUtils@repeat(java.lang.String,int):4484:183586:repeat * 2 |==> repeat + 2
2016:AOR:*(int,int):-(int,int):org.apache.commons.lang3.StringUtils@repeat(java.lang.String,int):4484:183586:repeat * 2 |==> repeat - 2
2017:AOR:*(int,int):/(int,int):org.apache.commons.lang3.StringUtils@repeat(java.lang.String,int):4484:183586:repeat * 2 |==> repeat / 2
2018:LVR:POS:0:org.apache.commons.lang3.StringUtils@repeat(java.lang.String,int):4484:183599:2 |==> 0
2019:LVR:POS:NEG:org.apache.commons.lang3.StringUtils@repeat(java.lang.String,int):4484:183599:2 |==> -2
2020:AOR:-(int,int):%(int,int):org.apache.commons.lang3.StringUtils@repeat(java.lang.String,int):4484:183586:repeat * 2 - 2 |==> repeat * 2 % 2
2021:AOR:-(int,int):*(int,int):org.apache.commons.lang3.StringUtils@repeat(java.lang.String,int):4484:183586:repeat * 2 - 2 |==> repeat * 2 * 2
2022:AOR:-(int,int):+(int,int):org.apache.commons.lang3.StringUtils@repeat(java.lang.String,int):4484:183586:repeat * 2 - 2 |==> repeat * 2 + 2
2023:AOR:-(int,int):/(int,int):org.apache.commons.lang3.StringUtils@repeat(java.lang.String,int):4484:183586:repeat * 2 - 2 |==> repeat * 2 / 2
2024:LVR:0:POS:org.apache.commons.lang3.StringUtils@repeat(java.lang.String,int):4484:183607:0 |==> 1
2025:LVR:0:NEG:org.apache.commons.lang3.StringUtils@repeat(java.lang.String,int):4484:183607:0 |==> -1
2026:ROR:>=(int,int):==(int,int):org.apache.commons.lang3.StringUtils@repeat(java.lang.String,int):4484:183602:i >= 0 |==> i == 0
2027:ROR:>=(int,int):>(int,int):org.apache.commons.lang3.StringUtils@repeat(java.lang.String,int):4484:183602:i >= 0 |==> i > 0
2028:ROR:>=(int,int):TRUE(int,int):org.apache.commons.lang3.StringUtils@repeat(java.lang.String,int):4484:183604:i >= 0 |==> true
2029:STD:<ASSIGN>:<NO-OP>:org.apache.commons.lang3.StringUtils@repeat(java.lang.String,int):4485:183642:output2[i] = ch0; |==> <NO-OP>
2030:LVR:POS:0:org.apache.commons.lang3.StringUtils@repeat(java.lang.String,int):4486:183692:1 |==> 0
2031:LVR:POS:NEG:org.apache.commons.lang3.StringUtils@repeat(java.lang.String,int):4486:183692:1 |==> -1
2032:AOR:+(int,int):%(int,int):org.apache.commons.lang3.StringUtils@repeat(java.lang.String,int):4486:183688:i + 1 |==> i % 1
2033:AOR:+(int,int):*(int,int):org.apache.commons.lang3.StringUtils@repeat(java.lang.String,int):4486:183688:i + 1 |==> i * 1
2034:AOR:+(int,int):-(int,int):org.apache.commons.lang3.StringUtils@repeat(java.lang.String,int):4486:183688:i + 1 |==> i - 1
2035:AOR:+(int,int):/(int,int):org.apache.commons.lang3.StringUtils@repeat(java.lang.String,int):4486:183688:i + 1 |==> i / 1
2036:STD:<ASSIGN>:<NO-OP>:org.apache.commons.lang3.StringUtils@repeat(java.lang.String,int):4486:183680:output2[i + 1] = ch1; |==> <NO-OP>
2037:LVR:0:POS:org.apache.commons.lang3.StringUtils@repeat(java.lang.String,int):4491:183884:0 |==> 1
2038:LVR:0:NEG:org.apache.commons.lang3.StringUtils@repeat(java.lang.String,int):4491:183884:0 |==> -1
2039:ROR:<(int,int):!=(int,int):org.apache.commons.lang3.StringUtils@repeat(java.lang.String,int):4491:183887:i < repeat |==> i != repeat
2040:ROR:<(int,int):<=(int,int):org.apache.commons.lang3.StringUtils@repeat(java.lang.String,int):4491:183887:i < repeat |==> i <= repeat
2041:ROR:<(int,int):FALSE(int,int):org.apache.commons.lang3.StringUtils@repeat(java.lang.String,int):4491:183889:i < repeat |==> false
2042:STD:<CALL>:<NO-OP>:org.apache.commons.lang3.StringUtils@repeat(java.lang.String,int):4492:183926:buf.append(str); |==> <NO-OP>
2043:ROR:==(java.lang.Object,java.lang.Object):FALSE(java.lang.Object,java.lang.Object):org.apache.commons.lang3.StringUtils@repeat(java.lang.String,java.lang.String,int):4519:184911:str == null |==> false
2044:ROR:==(java.lang.Object,java.lang.Object):FALSE(java.lang.Object,java.lang.Object):org.apache.commons.lang3.StringUtils@repeat(java.lang.String,java.lang.String,int):4519:184932:separator == null |==> false
2045:COR:||(boolean,boolean):!=(boolean,boolean):org.apache.commons.lang3.StringUtils@repeat(java.lang.String,java.lang.String,int):4519:184907:str == null || separator == null |==> str == null != (separator == null)
2046:COR:||(boolean,boolean):LHS(boolean,boolean):org.apache.commons.lang3.StringUtils@repeat(java.lang.String,java.lang.String,int):4519:184907:str == null || separator == null |==> str == null
2047:COR:||(boolean,boolean):RHS(boolean,boolean):org.apache.commons.lang3.StringUtils@repeat(java.lang.String,java.lang.String,int):4519:184922:str == null || separator == null |==> separator == null
2048:COR:||(boolean,boolean):TRUE(boolean,boolean):org.apache.commons.lang3.StringUtils@repeat(java.lang.String,java.lang.String,int):4519:184919:str == null || separator == null |==> true
2049:LVR:POS:0:org.apache.commons.lang3.StringUtils@repeat(char,int):4552:186227:1 |==> 0
2050:LVR:POS:NEG:org.apache.commons.lang3.StringUtils@repeat(char,int):4552:186227:1 |==> -1
2051:AOR:-(int,int):%(int,int):org.apache.commons.lang3.StringUtils@repeat(char,int):4552:186218:repeat - 1 |==> repeat % 1
2052:AOR:-(int,int):*(int,int):org.apache.commons.lang3.StringUtils@repeat(char,int):4552:186218:repeat - 1 |==> repeat * 1
2053:AOR:-(int,int):+(int,int):org.apache.commons.lang3.StringUtils@repeat(char,int):4552:186218:repeat - 1 |==> repeat + 1
2054:AOR:-(int,int):/(int,int):org.apache.commons.lang3.StringUtils@repeat(char,int):4552:186218:repeat - 1 |==> repeat / 1
2055:LVR:0:POS:org.apache.commons.lang3.StringUtils@repeat(char,int):4552:186235:0 |==> 1
2056:LVR:0:NEG:org.apache.commons.lang3.StringUtils@repeat(char,int):4552:186235:0 |==> -1
2057:ROR:>=(int,int):==(int,int):org.apache.commons.lang3.StringUtils@repeat(char,int):4552:186230:i >= 0 |==> i == 0
2058:ROR:>=(int,int):>(int,int):org.apache.commons.lang3.StringUtils@repeat(char,int):4552:186230:i >= 0 |==> i > 0
2059:ROR:>=(int,int):TRUE(int,int):org.apache.commons.lang3.StringUtils@repeat(char,int):4552:186232:i >= 0 |==> true
2060:STD:<ASSIGN>:<NO-OP>:org.apache.commons.lang3.StringUtils@repeat(char,int):4553:186257:buf[i] = ch; |==> <NO-OP>
2061:ROR:==(java.lang.Object,java.lang.Object):FALSE(java.lang.Object,java.lang.Object):org.apache.commons.lang3.StringUtils@rightPad(java.lang.String,int,char):4603:187979:str == null |==> false
2062:AOR:-(int,int):%(int,int):org.apache.commons.lang3.StringUtils@rightPad(java.lang.String,int,char):4606:188044:size - str.length() |==> size % str.length()
2063:AOR:-(int,int):*(int,int):org.apache.commons.lang3.StringUtils@rightPad(java.lang.String,int,char):4606:188044:size - str.length() |==> size * str.length()
2064:AOR:-(int,int):+(int,int):org.apache.commons.lang3.StringUtils@rightPad(java.lang.String,int,char):4606:188044:size - str.length() |==> size + str.length()
2065:AOR:-(int,int):/(int,int):org.apache.commons.lang3.StringUtils@rightPad(java.lang.String,int,char):4606:188044:size - str.length() |==> size / str.length()
2066:LVR:0:POS:org.apache.commons.lang3.StringUtils@rightPad(java.lang.String,int,char):4607:188085:0 |==> 1
2067:LVR:0:NEG:org.apache.commons.lang3.StringUtils@rightPad(java.lang.String,int,char):4607:188085:0 |==> -1
2068:ROR:<=(int,int):<(int,int):org.apache.commons.lang3.StringUtils@rightPad(java.lang.String,int,char):4607:188077:pads <= 0 |==> pads < 0
2069:ROR:<=(int,int):==(int,int):org.apache.commons.lang3.StringUtils@rightPad(java.lang.String,int,char):4607:188077:pads <= 0 |==> pads == 0
2070:ROR:<=(int,int):TRUE(int,int):org.apache.commons.lang3.StringUtils@rightPad(java.lang.String,int,char):4607:188082:pads <= 0 |==> true
2071:ROR:>(int,int):!=(int,int):org.apache.commons.lang3.StringUtils@rightPad(java.lang.String,int,char):4610:188177:pads > PAD_LIMIT |==> pads != PAD_LIMIT
2072:ROR:>(int,int):>=(int,int):org.apache.commons.lang3.StringUtils@rightPad(java.lang.String,int,char):4610:188177:pads > PAD_LIMIT |==> pads >= PAD_LIMIT
2073:ROR:>(int,int):FALSE(int,int):org.apache.commons.lang3.StringUtils@rightPad(java.lang.String,int,char):4610:188182:pads > PAD_LIMIT |==> false
2074:ROR:==(java.lang.Object,java.lang.Object):FALSE(java.lang.Object,java.lang.Object):org.apache.commons.lang3.StringUtils@rightPad(java.lang.String,int,java.lang.String):4640:189392:str == null |==> false
2075:COR:<METHOD_INVOCATION(boolean)>:FALSE:org.apache.commons.lang3.StringUtils@rightPad(java.lang.String,int,java.lang.String):4643:189457:isEmpty(padStr) |==> false
2076:COR:<METHOD_INVOCATION(boolean)>:TRUE:org.apache.commons.lang3.StringUtils@rightPad(java.lang.String,int,java.lang.String):4643:189457:isEmpty(padStr) |==> true
2077:STD:<ASSIGN>:<NO-OP>:org.apache.commons.lang3.StringUtils@rightPad(java.lang.String,int,java.lang.String):4644:189481:padStr = " "; |==> <NO-OP>
2078:AOR:-(int,int):%(int,int):org.apache.commons.lang3.StringUtils@rightPad(java.lang.String,int,java.lang.String):4648:189597:size - strLen |==> size % strLen
2079:AOR:-(int,int):*(int,int):org.apache.commons.lang3.StringUtils@rightPad(java.lang.String,int,java.lang.String):4648:189597:size - strLen |==> size * strLen
2080:AOR:-(int,int):+(int,int):org.apache.commons.lang3.StringUtils@rightPad(java.lang.String,int,java.lang.String):4648:189597:size - strLen |==> size + strLen
2081:AOR:-(int,int):/(int,int):org.apache.commons.lang3.StringUtils@rightPad(java.lang.String,int,java.lang.String):4648:189597:size - strLen |==> size / strLen
2082:LVR:0:POS:org.apache.commons.lang3.StringUtils@rightPad(java.lang.String,int,java.lang.String):4649:189632:0 |==> 1
2083:LVR:0:NEG:org.apache.commons.lang3.StringUtils@rightPad(java.lang.String,int,java.lang.String):4649:189632:0 |==> -1
2084:ROR:<=(int,int):<(int,int):org.apache.commons.lang3.StringUtils@rightPad(java.lang.String,int,java.lang.String):4649:189624:pads <= 0 |==> pads < 0
2085:ROR:<=(int,int):==(int,int):org.apache.commons.lang3.StringUtils@rightPad(java.lang.String,int,java.lang.String):4649:189624:pads <= 0 |==> pads == 0
2086:ROR:<=(int,int):TRUE(int,int):org.apache.commons.lang3.StringUtils@rightPad(java.lang.String,int,java.lang.String):4649:189629:pads <= 0 |==> true
2087:LVR:POS:0:org.apache.commons.lang3.StringUtils@rightPad(java.lang.String,int,java.lang.String):4652:189734:1 |==> 0
2088:LVR:POS:NEG:org.apache.commons.lang3.StringUtils@rightPad(java.lang.String,int,java.lang.String):4652:189734:1 |==> -1
2089:ROR:==(int,int):<=(int,int):org.apache.commons.lang3.StringUtils@rightPad(java.lang.String,int,java.lang.String):4652:189724:padLen == 1 |==> padLen <= 1
2090:ROR:==(int,int):>=(int,int):org.apache.commons.lang3.StringUtils@rightPad(java.lang.String,int,java.lang.String):4652:189724:padLen == 1 |==> padLen >= 1
2091:ROR:==(int,int):FALSE(int,int):org.apache.commons.lang3.StringUtils@rightPad(java.lang.String,int,java.lang.String):4652:189731:padLen == 1 |==> false
2092:ROR:<=(int,int):<(int,int):org.apache.commons.lang3.StringUtils@rightPad(java.lang.String,int,java.lang.String):4652:189739:pads <= PAD_LIMIT |==> pads < PAD_LIMIT
2093:ROR:<=(int,int):==(int,int):org.apache.commons.lang3.StringUtils@rightPad(java.lang.String,int,java.lang.String):4652:189739:pads <= PAD_LIMIT |==> pads == PAD_LIMIT
2094:ROR:<=(int,int):TRUE(int,int):org.apache.commons.lang3.StringUtils@rightPad(java.lang.String,int,java.lang.String):4652:189744:pads <= PAD_LIMIT |==> true
2095:COR:&&(boolean,boolean):==(boolean,boolean):org.apache.commons.lang3.StringUtils@rightPad(java.lang.String,int,java.lang.String):4652:189724:padLen == 1 && pads <= PAD_LIMIT |==> padLen == 1 == pads <= PAD_LIMIT
2096:COR:&&(boolean,boolean):FALSE(boolean,boolean):org.apache.commons.lang3.StringUtils@rightPad(java.lang.String,int,java.lang.String):4652:189736:padLen == 1 && pads <= PAD_LIMIT |==> false
2097:COR:&&(boolean,boolean):LHS(boolean,boolean):org.apache.commons.lang3.StringUtils@rightPad(java.lang.String,int,java.lang.String):4652:189724:padLen == 1 && pads <= PAD_LIMIT |==> padLen == 1
2098:COR:&&(boolean,boolean):RHS(boolean,boolean):org.apache.commons.lang3.StringUtils@rightPad(java.lang.String,int,java.lang.String):4652:189739:padLen == 1 && pads <= PAD_LIMIT |==> pads <= PAD_LIMIT
2099:LVR:0:POS:org.apache.commons.lang3.StringUtils@rightPad(java.lang.String,int,java.lang.String):4653:189813:0 |==> 1
2100:LVR:0:NEG:org.apache.commons.lang3.StringUtils@rightPad(java.lang.String,int,java.lang.String):4653:189813:0 |==> -1
2101:ROR:==(int,int):<=(int,int):org.apache.commons.lang3.StringUtils@rightPad(java.lang.String,int,java.lang.String):4656:189841:pads == padLen |==> pads <= padLen
2102:ROR:==(int,int):>=(int,int):org.apache.commons.lang3.StringUtils@rightPad(java.lang.String,int,java.lang.String):4656:189841:pads == padLen |==> pads >= padLen
2103:ROR:==(int,int):FALSE(int,int):org.apache.commons.lang3.StringUtils@rightPad(java.lang.String,int,java.lang.String):4656:189846:pads == padLen |==> false
2104:ROR:<(int,int):!=(int,int):org.apache.commons.lang3.StringUtils@rightPad(java.lang.String,int,java.lang.String):4658:189917:pads < padLen |==> pads != padLen
2105:ROR:<(int,int):<=(int,int):org.apache.commons.lang3.StringUtils@rightPad(java.lang.String,int,java.lang.String):4658:189917:pads < padLen |==> pads <= padLen
2106:ROR:<(int,int):FALSE(int,int):org.apache.commons.lang3.StringUtils@rightPad(java.lang.String,int,java.lang.String):4658:189922:pads < padLen |==> false
2107:LVR:0:POS:org.apache.commons.lang3.StringUtils@rightPad(java.lang.String,int,java.lang.String):4659:189981:0 |==> 1
2108:LVR:0:NEG:org.apache.commons.lang3.StringUtils@rightPad(java.lang.String,int,java.lang.String):4659:189981:0 |==> -1
2109:LVR:0:POS:org.apache.commons.lang3.StringUtils@rightPad(java.lang.String,int,java.lang.String):4663:190131:0 |==> 1
2110:LVR:0:NEG:org.apache.commons.lang3.StringUtils@rightPad(java.lang.String,int,java.lang.String):4663:190131:0 |==> -1
2111:ROR:<(int,int):!=(int,int):org.apache.commons.lang3.StringUtils@rightPad(java.lang.String,int,java.lang.String):4663:190134:i < pads |==> i != pads
2112:ROR:<(int,int):<=(int,int):org.apache.commons.lang3.StringUtils@rightPad(java.lang.String,int,java.lang.String):4663:190134:i < pads |==> i <= pads
2113:ROR:<(int,int):FALSE(int,int):org.apache.commons.lang3.StringUtils@rightPad(java.lang.String,int,java.lang.String):4663:190136:i < pads |==> false
2114:AOR:%(int,int):*(int,int):org.apache.commons.lang3.StringUtils@rightPad(java.lang.String,int,java.lang.String):4664:190189:i % padLen |==> i * padLen
2115:AOR:%(int,int):+(int,int):org.apache.commons.lang3.StringUtils@rightPad(java.lang.String,int,java.lang.String):4664:190189:i % padLen |==> i + padLen
2116:AOR:%(int,int):-(int,int):org.apache.commons.lang3.StringUtils@rightPad(java.lang.String,int,java.lang.String):4664:190189:i % padLen |==> i - padLen
2117:AOR:%(int,int):/(int,int):org.apache.commons.lang3.StringUtils@rightPad(java.lang.String,int,java.lang.String):4664:190189:i % padLen |==> i / padLen
2118:STD:<ASSIGN>:<NO-OP>:org.apache.commons.lang3.StringUtils@rightPad(java.lang.String,int,java.lang.String):4664:190167:padding[i] = padChars[i % padLen]; |==> <NO-OP>
2119:ROR:==(java.lang.Object,java.lang.Object):FALSE(java.lang.Object,java.lang.Object):org.apache.commons.lang3.StringUtils@leftPad(java.lang.String,int,char):4715:191907:str == null |==> false
2120:AOR:-(int,int):%(int,int):org.apache.commons.lang3.StringUtils@leftPad(java.lang.String,int,char):4718:191972:size - str.length() |==> size % str.length()
2121:AOR:-(int,int):*(int,int):org.apache.commons.lang3.StringUtils@leftPad(java.lang.String,int,char):4718:191972:size - str.length() |==> size * str.length()
2122:AOR:-(int,int):+(int,int):org.apache.commons.lang3.StringUtils@leftPad(java.lang.String,int,char):4718:191972:size - str.length() |==> size + str.length()
2123:AOR:-(int,int):/(int,int):org.apache.commons.lang3.StringUtils@leftPad(java.lang.String,int,char):4718:191972:size - str.length() |==> size / str.length()
2124:LVR:0:POS:org.apache.commons.lang3.StringUtils@leftPad(java.lang.String,int,char):4719:192013:0 |==> 1
2125:LVR:0:NEG:org.apache.commons.lang3.StringUtils@leftPad(java.lang.String,int,char):4719:192013:0 |==> -1
2126:ROR:<=(int,int):<(int,int):org.apache.commons.lang3.StringUtils@leftPad(java.lang.String,int,char):4719:192005:pads <= 0 |==> pads < 0
2127:ROR:<=(int,int):==(int,int):org.apache.commons.lang3.StringUtils@leftPad(java.lang.String,int,char):4719:192005:pads <= 0 |==> pads == 0
2128:ROR:<=(int,int):TRUE(int,int):org.apache.commons.lang3.StringUtils@leftPad(java.lang.String,int,char):4719:192010:pads <= 0 |==> true
2129:ROR:>(int,int):!=(int,int):org.apache.commons.lang3.StringUtils@leftPad(java.lang.String,int,char):4722:192105:pads > PAD_LIMIT |==> pads != PAD_LIMIT
2130:ROR:>(int,int):>=(int,int):org.apache.commons.lang3.StringUtils@leftPad(java.lang.String,int,char):4722:192105:pads > PAD_LIMIT |==> pads >= PAD_LIMIT
2131:ROR:>(int,int):FALSE(int,int):org.apache.commons.lang3.StringUtils@leftPad(java.lang.String,int,char):4722:192110:pads > PAD_LIMIT |==> false
2132:ROR:==(java.lang.Object,java.lang.Object):FALSE(java.lang.Object,java.lang.Object):org.apache.commons.lang3.StringUtils@leftPad(java.lang.String,int,java.lang.String):4752:193288:str == null |==> false
2133:COR:<METHOD_INVOCATION(boolean)>:FALSE:org.apache.commons.lang3.StringUtils@leftPad(java.lang.String,int,java.lang.String):4755:193353:isEmpty(padStr) |==> false
2134:COR:<METHOD_INVOCATION(boolean)>:TRUE:org.apache.commons.lang3.StringUtils@leftPad(java.lang.String,int,java.lang.String):4755:193353:isEmpty(padStr) |==> true
2135:STD:<ASSIGN>:<NO-OP>:org.apache.commons.lang3.StringUtils@leftPad(java.lang.String,int,java.lang.String):4756:193377:padStr = " "; |==> <NO-OP>
2136:AOR:-(int,int):%(int,int):org.apache.commons.lang3.StringUtils@leftPad(java.lang.String,int,java.lang.String):4760:193493:size - strLen |==> size % strLen
2137:AOR:-(int,int):*(int,int):org.apache.commons.lang3.StringUtils@leftPad(java.lang.String,int,java.lang.String):4760:193493:size - strLen |==> size * strLen
2138:AOR:-(int,int):+(int,int):org.apache.commons.lang3.StringUtils@leftPad(java.lang.String,int,java.lang.String):4760:193493:size - strLen |==> size + strLen
2139:AOR:-(int,int):/(int,int):org.apache.commons.lang3.StringUtils@leftPad(java.lang.String,int,java.lang.String):4760:193493:size - strLen |==> size / strLen
2140:LVR:0:POS:org.apache.commons.lang3.StringUtils@leftPad(java.lang.String,int,java.lang.String):4761:193528:0 |==> 1
2141:LVR:0:NEG:org.apache.commons.lang3.StringUtils@leftPad(java.lang.String,int,java.lang.String):4761:193528:0 |==> -1
2142:ROR:<=(int,int):<(int,int):org.apache.commons.lang3.StringUtils@leftPad(java.lang.String,int,java.lang.String):4761:193520:pads <= 0 |==> pads < 0
2143:ROR:<=(int,int):==(int,int):org.apache.commons.lang3.StringUtils@leftPad(java.lang.String,int,java.lang.String):4761:193520:pads <= 0 |==> pads == 0
2144:ROR:<=(int,int):TRUE(int,int):org.apache.commons.lang3.StringUtils@leftPad(java.lang.String,int,java.lang.String):4761:193525:pads <= 0 |==> true
2145:LVR:POS:0:org.apache.commons.lang3.StringUtils@leftPad(java.lang.String,int,java.lang.String):4764:193630:1 |==> 0
2146:LVR:POS:NEG:org.apache.commons.lang3.StringUtils@leftPad(java.lang.String,int,java.lang.String):4764:193630:1 |==> -1
2147:ROR:==(int,int):<=(int,int):org.apache.commons.lang3.StringUtils@leftPad(java.lang.String,int,java.lang.String):4764:193620:padLen == 1 |==> padLen <= 1
2148:ROR:==(int,int):>=(int,int):org.apache.commons.lang3.StringUtils@leftPad(java.lang.String,int,java.lang.String):4764:193620:padLen == 1 |==> padLen >= 1
2149:ROR:==(int,int):FALSE(int,int):org.apache.commons.lang3.StringUtils@leftPad(java.lang.String,int,java.lang.String):4764:193627:padLen == 1 |==> false
2150:ROR:<=(int,int):<(int,int):org.apache.commons.lang3.StringUtils@leftPad(java.lang.String,int,java.lang.String):4764:193635:pads <= PAD_LIMIT |==> pads < PAD_LIMIT
2151:ROR:<=(int,int):==(int,int):org.apache.commons.lang3.StringUtils@leftPad(java.lang.String,int,java.lang.String):4764:193635:pads <= PAD_LIMIT |==> pads == PAD_LIMIT
2152:ROR:<=(int,int):TRUE(int,int):org.apache.commons.lang3.StringUtils@leftPad(java.lang.String,int,java.lang.String):4764:193640:pads <= PAD_LIMIT |==> true
2153:COR:&&(boolean,boolean):==(boolean,boolean):org.apache.commons.lang3.StringUtils@leftPad(java.lang.String,int,java.lang.String):4764:193620:padLen == 1 && pads <= PAD_LIMIT |==> padLen == 1 == pads <= PAD_LIMIT
2154:COR:&&(boolean,boolean):FALSE(boolean,boolean):org.apache.commons.lang3.StringUtils@leftPad(java.lang.String,int,java.lang.String):4764:193632:padLen == 1 && pads <= PAD_LIMIT |==> false
2155:COR:&&(boolean,boolean):LHS(boolean,boolean):org.apache.commons.lang3.StringUtils@leftPad(java.lang.String,int,java.lang.String):4764:193620:padLen == 1 && pads <= PAD_LIMIT |==> padLen == 1
2156:COR:&&(boolean,boolean):RHS(boolean,boolean):org.apache.commons.lang3.StringUtils@leftPad(java.lang.String,int,java.lang.String):4764:193635:padLen == 1 && pads <= PAD_LIMIT |==> pads <= PAD_LIMIT
2157:LVR:0:POS:org.apache.commons.lang3.StringUtils@leftPad(java.lang.String,int,java.lang.String):4765:193708:0 |==> 1
2158:LVR:0:NEG:org.apache.commons.lang3.StringUtils@leftPad(java.lang.String,int,java.lang.String):4765:193708:0 |==> -1
2159:ROR:==(int,int):<=(int,int):org.apache.commons.lang3.StringUtils@leftPad(java.lang.String,int,java.lang.String):4768:193736:pads == padLen |==> pads <= padLen
2160:ROR:==(int,int):>=(int,int):org.apache.commons.lang3.StringUtils@leftPad(java.lang.String,int,java.lang.String):4768:193736:pads == padLen |==> pads >= padLen
2161:ROR:==(int,int):FALSE(int,int):org.apache.commons.lang3.StringUtils@leftPad(java.lang.String,int,java.lang.String):4768:193741:pads == padLen |==> false
2162:ROR:<(int,int):!=(int,int):org.apache.commons.lang3.StringUtils@leftPad(java.lang.String,int,java.lang.String):4770:193812:pads < padLen |==> pads != padLen
2163:ROR:<(int,int):<=(int,int):org.apache.commons.lang3.StringUtils@leftPad(java.lang.String,int,java.lang.String):4770:193812:pads < padLen |==> pads <= padLen
2164:ROR:<(int,int):FALSE(int,int):org.apache.commons.lang3.StringUtils@leftPad(java.lang.String,int,java.lang.String):4770:193817:pads < padLen |==> false
2165:LVR:0:POS:org.apache.commons.lang3.StringUtils@leftPad(java.lang.String,int,java.lang.String):4771:193865:0 |==> 1
2166:LVR:0:NEG:org.apache.commons.lang3.StringUtils@leftPad(java.lang.String,int,java.lang.String):4771:193865:0 |==> -1
2167:LVR:0:POS:org.apache.commons.lang3.StringUtils@leftPad(java.lang.String,int,java.lang.String):4775:194026:0 |==> 1
2168:LVR:0:NEG:org.apache.commons.lang3.StringUtils@leftPad(java.lang.String,int,java.lang.String):4775:194026:0 |==> -1
2169:ROR:<(int,int):!=(int,int):org.apache.commons.lang3.StringUtils@leftPad(java.lang.String,int,java.lang.String):4775:194029:i < pads |==> i != pads
2170:ROR:<(int,int):<=(int,int):org.apache.commons.lang3.StringUtils@leftPad(java.lang.String,int,java.lang.String):4775:194029:i < pads |==> i <= pads
2171:ROR:<(int,int):FALSE(int,int):org.apache.commons.lang3.StringUtils@leftPad(java.lang.String,int,java.lang.String):4775:194031:i < pads |==> false
2172:AOR:%(int,int):*(int,int):org.apache.commons.lang3.StringUtils@leftPad(java.lang.String,int,java.lang.String):4776:194084:i % padLen |==> i * padLen
2173:AOR:%(int,int):+(int,int):org.apache.commons.lang3.StringUtils@leftPad(java.lang.String,int,java.lang.String):4776:194084:i % padLen |==> i + padLen
2174:AOR:%(int,int):-(int,int):org.apache.commons.lang3.StringUtils@leftPad(java.lang.String,int,java.lang.String):4776:194084:i % padLen |==> i - padLen
2175:AOR:%(int,int):/(int,int):org.apache.commons.lang3.StringUtils@leftPad(java.lang.String,int,java.lang.String):4776:194084:i % padLen |==> i / padLen
2176:STD:<ASSIGN>:<NO-OP>:org.apache.commons.lang3.StringUtils@leftPad(java.lang.String,int,java.lang.String):4776:194062:padding[i] = padChars[i % padLen]; |==> <NO-OP>
2177:ROR:==(java.lang.Object,java.lang.Object):FALSE(java.lang.Object,java.lang.Object):org.apache.commons.lang3.StringUtils@length(java.lang.CharSequence):4794:194624:cs == null |==> false
2178:LVR:0:POS:org.apache.commons.lang3.StringUtils@length(java.lang.CharSequence):4794:194634:0 |==> 1
2179:LVR:0:NEG:org.apache.commons.lang3.StringUtils@length(java.lang.CharSequence):4794:194634:0 |==> -1
2180:ROR:==(java.lang.Object,java.lang.Object):FALSE(java.lang.Object,java.lang.Object):org.apache.commons.lang3.StringUtils@center(java.lang.String,int,char):4851:196830:str == null |==> false
2181:LVR:0:POS:org.apache.commons.lang3.StringUtils@center(java.lang.String,int,char):4851:196849:0 |==> 1
2182:LVR:0:NEG:org.apache.commons.lang3.StringUtils@center(java.lang.String,int,char):4851:196849:0 |==> -1
2183:ROR:<=(int,int):<(int,int):org.apache.commons.lang3.StringUtils@center(java.lang.String,int,char):4851:196841:size <= 0 |==> size < 0
2184:ROR:<=(int,int):==(int,int):org.apache.commons.lang3.StringUtils@center(java.lang.String,int,char):4851:196841:size <= 0 |==> size == 0
2185:ROR:<=(int,int):TRUE(int,int):org.apache.commons.lang3.StringUtils@center(java.lang.String,int,char):4851:196846:size <= 0 |==> true
2186:COR:||(boolean,boolean):!=(boolean,boolean):org.apache.commons.lang3.StringUtils@center(java.lang.String,int,char):4851:196826:str == null || size <= 0 |==> str == null != size <= 0
2187:COR:||(boolean,boolean):LHS(boolean,boolean):org.apache.commons.lang3.StringUtils@center(java.lang.String,int,char):4851:196826:str == null || size <= 0 |==> str == null
2188:COR:||(boolean,boolean):RHS(boolean,boolean):org.apache.commons.lang3.StringUtils@center(java.lang.String,int,char):4851:196841:str == null || size <= 0 |==> size <= 0
2189:COR:||(boolean,boolean):TRUE(boolean,boolean):org.apache.commons.lang3.StringUtils@center(java.lang.String,int,char):4851:196838:str == null || size <= 0 |==> true
2190:AOR:-(int,int):%(int,int):org.apache.commons.lang3.StringUtils@center(java.lang.String,int,char):4855:196942:size - strLen |==> size % strLen
2191:AOR:-(int,int):*(int,int):org.apache.commons.lang3.StringUtils@center(java.lang.String,int,char):4855:196942:size - strLen |==> size * strLen
2192:AOR:-(int,int):+(int,int):org.apache.commons.lang3.StringUtils@center(java.lang.String,int,char):4855:196942:size - strLen |==> size + strLen
2193:AOR:-(int,int):/(int,int):org.apache.commons.lang3.StringUtils@center(java.lang.String,int,char):4855:196942:size - strLen |==> size / strLen
2194:LVR:0:POS:org.apache.commons.lang3.StringUtils@center(java.lang.String,int,char):4856:196977:0 |==> 1
2195:LVR:0:NEG:org.apache.commons.lang3.StringUtils@center(java.lang.String,int,char):4856:196977:0 |==> -1
2196:ROR:<=(int,int):<(int,int):org.apache.commons.lang3.StringUtils@center(java.lang.String,int,char):4856:196969:pads <= 0 |==> pads < 0
2197:ROR:<=(int,int):==(int,int):org.apache.commons.lang3.StringUtils@center(java.lang.String,int,char):4856:196969:pads <= 0 |==> pads == 0
2198:ROR:<=(int,int):TRUE(int,int):org.apache.commons.lang3.StringUtils@center(java.lang.String,int,char):4856:196974:pads <= 0 |==> true
2199:LVR:POS:0:org.apache.commons.lang3.StringUtils@center(java.lang.String,int,char):4859:197059:2 |==> 0
2200:LVR:POS:NEG:org.apache.commons.lang3.StringUtils@center(java.lang.String,int,char):4859:197059:2 |==> -2
2201:AOR:/(int,int):%(int,int):org.apache.commons.lang3.StringUtils@center(java.lang.String,int,char):4859:197052:pads / 2 |==> pads % 2
2202:AOR:/(int,int):*(int,int):org.apache.commons.lang3.StringUtils@center(java.lang.String,int,char):4859:197052:pads / 2 |==> pads * 2
2203:AOR:/(int,int):+(int,int):org.apache.commons.lang3.StringUtils@center(java.lang.String,int,char):4859:197052:pads / 2 |==> pads + 2
2204:AOR:/(int,int):-(int,int):org.apache.commons.lang3.StringUtils@center(java.lang.String,int,char):4859:197052:pads / 2 |==> pads - 2
2205:AOR:+(int,int):%(int,int):org.apache.commons.lang3.StringUtils@center(java.lang.String,int,char):4859:197043:strLen + pads / 2 |==> strLen % (pads / 2)
2206:AOR:+(int,int):*(int,int):org.apache.commons.lang3.StringUtils@center(java.lang.String,int,char):4859:197043:strLen + pads / 2 |==> strLen * (pads / 2)
2207:AOR:+(int,int):-(int,int):org.apache.commons.lang3.StringUtils@center(java.lang.String,int,char):4859:197043:strLen + pads / 2 |==> strLen - pads / 2
2208:AOR:+(int,int):/(int,int):org.apache.commons.lang3.StringUtils@center(java.lang.String,int,char):4859:197043:strLen + pads / 2 |==> strLen / (pads / 2)
2209:STD:<ASSIGN>:<NO-OP>:org.apache.commons.lang3.StringUtils@center(java.lang.String,int,char):4859:197024:str = leftPad(str, strLen + pads / 2, padChar); |==> <NO-OP>
2210:STD:<ASSIGN>:<NO-OP>:org.apache.commons.lang3.StringUtils@center(java.lang.String,int,char):4860:197080:str = rightPad(str, size, padChar); |==> <NO-OP>
2211:ROR:==(java.lang.Object,java.lang.Object):FALSE(java.lang.Object,java.lang.Object):org.apache.commons.lang3.StringUtils@center(java.lang.String,int,java.lang.String):4891:198423:str == null |==> false
2212:LVR:0:POS:org.apache.commons.lang3.StringUtils@center(java.lang.String,int,java.lang.String):4891:198442:0 |==> 1
2213:LVR:0:NEG:org.apache.commons.lang3.StringUtils@center(java.lang.String,int,java.lang.String):4891:198442:0 |==> -1
2214:ROR:<=(int,int):<(int,int):org.apache.commons.lang3.StringUtils@center(java.lang.String,int,java.lang.String):4891:198434:size <= 0 |==> size < 0
2215:ROR:<=(int,int):==(int,int):org.apache.commons.lang3.StringUtils@center(java.lang.String,int,java.lang.String):4891:198434:size <= 0 |==> size == 0
2216:ROR:<=(int,int):TRUE(int,int):org.apache.commons.lang3.StringUtils@center(java.lang.String,int,java.lang.String):4891:198439:size <= 0 |==> true
2217:COR:||(boolean,boolean):!=(boolean,boolean):org.apache.commons.lang3.StringUtils@center(java.lang.String,int,java.lang.String):4891:198419:str == null || size <= 0 |==> str == null != size <= 0
2218:COR:||(boolean,boolean):LHS(boolean,boolean):org.apache.commons.lang3.StringUtils@center(java.lang.String,int,java.lang.String):4891:198419:str == null || size <= 0 |==> str == null
2219:COR:||(boolean,boolean):RHS(boolean,boolean):org.apache.commons.lang3.StringUtils@center(java.lang.String,int,java.lang.String):4891:198434:str == null || size <= 0 |==> size <= 0
2220:COR:||(boolean,boolean):TRUE(boolean,boolean):org.apache.commons.lang3.StringUtils@center(java.lang.String,int,java.lang.String):4891:198431:str == null || size <= 0 |==> true
2221:COR:<METHOD_INVOCATION(boolean)>:FALSE:org.apache.commons.lang3.StringUtils@center(java.lang.String,int,java.lang.String):4894:198500:isEmpty(padStr) |==> false
2222:COR:<METHOD_INVOCATION(boolean)>:TRUE:org.apache.commons.lang3.StringUtils@center(java.lang.String,int,java.lang.String):4894:198500:isEmpty(padStr) |==> true
2223:STD:<ASSIGN>:<NO-OP>:org.apache.commons.lang3.StringUtils@center(java.lang.String,int,java.lang.String):4895:198524:padStr = " "; |==> <NO-OP>
2224:AOR:-(int,int):%(int,int):org.apache.commons.lang3.StringUtils@center(java.lang.String,int,java.lang.String):4898:198602:size - strLen |==> size % strLen
2225:AOR:-(int,int):*(int,int):org.apache.commons.lang3.StringUtils@center(java.lang.String,int,java.lang.String):4898:198602:size - strLen |==> size * strLen
2226:AOR:-(int,int):+(int,int):org.apache.commons.lang3.StringUtils@center(java.lang.String,int,java.lang.String):4898:198602:size - strLen |==> size + strLen
2227:AOR:-(int,int):/(int,int):org.apache.commons.lang3.StringUtils@center(java.lang.String,int,java.lang.String):4898:198602:size - strLen |==> size / strLen
2228:LVR:0:POS:org.apache.commons.lang3.StringUtils@center(java.lang.String,int,java.lang.String):4899:198637:0 |==> 1
2229:LVR:0:NEG:org.apache.commons.lang3.StringUtils@center(java.lang.String,int,java.lang.String):4899:198637:0 |==> -1
2230:ROR:<=(int,int):<(int,int):org.apache.commons.lang3.StringUtils@center(java.lang.String,int,java.lang.String):4899:198629:pads <= 0 |==> pads < 0
2231:ROR:<=(int,int):==(int,int):org.apache.commons.lang3.StringUtils@center(java.lang.String,int,java.lang.String):4899:198629:pads <= 0 |==> pads == 0
2232:ROR:<=(int,int):TRUE(int,int):org.apache.commons.lang3.StringUtils@center(java.lang.String,int,java.lang.String):4899:198634:pads <= 0 |==> true
2233:LVR:POS:0:org.apache.commons.lang3.StringUtils@center(java.lang.String,int,java.lang.String):4902:198719:2 |==> 0
2234:LVR:POS:NEG:org.apache.commons.lang3.StringUtils@center(java.lang.String,int,java.lang.String):4902:198719:2 |==> -2
2235:AOR:/(int,int):%(int,int):org.apache.commons.lang3.StringUtils@center(java.lang.String,int,java.lang.String):4902:198712:pads / 2 |==> pads % 2
2236:AOR:/(int,int):*(int,int):org.apache.commons.lang3.StringUtils@center(java.lang.String,int,java.lang.String):4902:198712:pads / 2 |==> pads * 2
2237:AOR:/(int,int):+(int,int):org.apache.commons.lang3.StringUtils@center(java.lang.String,int,java.lang.String):4902:198712:pads / 2 |==> pads + 2
2238:AOR:/(int,int):-(int,int):org.apache.commons.lang3.StringUtils@center(java.lang.String,int,java.lang.String):4902:198712:pads / 2 |==> pads - 2
2239:AOR:+(int,int):%(int,int):org.apache.commons.lang3.StringUtils@center(java.lang.String,int,java.lang.String):4902:198703:strLen + pads / 2 |==> strLen % (pads / 2)
2240:AOR:+(int,int):*(int,int):org.apache.commons.lang3.StringUtils@center(java.lang.String,int,java.lang.String):4902:198703:strLen + pads / 2 |==> strLen * (pads / 2)
2241:AOR:+(int,int):-(int,int):org.apache.commons.lang3.StringUtils@center(java.lang.String,int,java.lang.String):4902:198703:strLen + pads / 2 |==> strLen - pads / 2
2242:AOR:+(int,int):/(int,int):org.apache.commons.lang3.StringUtils@center(java.lang.String,int,java.lang.String):4902:198703:strLen + pads / 2 |==> strLen / (pads / 2)
2243:STD:<ASSIGN>:<NO-OP>:org.apache.commons.lang3.StringUtils@center(java.lang.String,int,java.lang.String):4902:198684:str = leftPad(str, strLen + pads / 2, padStr); |==> <NO-OP>
2244:STD:<ASSIGN>:<NO-OP>:org.apache.commons.lang3.StringUtils@center(java.lang.String,int,java.lang.String):4903:198739:str = rightPad(str, size, padStr); |==> <NO-OP>
2245:ROR:==(java.lang.Object,java.lang.Object):FALSE(java.lang.Object,java.lang.Object):org.apache.commons.lang3.StringUtils@upperCase(java.lang.String):4929:199792:str == null |==> false
2246:ROR:==(java.lang.Object,java.lang.Object):FALSE(java.lang.Object,java.lang.Object):org.apache.commons.lang3.StringUtils@upperCase(java.lang.String,java.util.Locale):4952:200594:str == null |==> false
2247:ROR:==(java.lang.Object,java.lang.Object):FALSE(java.lang.Object,java.lang.Object):org.apache.commons.lang3.StringUtils@lowerCase(java.lang.String):4978:201577:str == null |==> false
2248:ROR:==(java.lang.Object,java.lang.Object):FALSE(java.lang.Object,java.lang.Object):org.apache.commons.lang3.StringUtils@lowerCase(java.lang.String,java.util.Locale):5001:202379:str == null |==> false
2249:ROR:==(java.lang.Object,java.lang.Object):FALSE(java.lang.Object,java.lang.Object):org.apache.commons.lang3.StringUtils@capitalize(java.lang.String):5029:203377:str == null |==> false
2250:LVR:0:POS:org.apache.commons.lang3.StringUtils@capitalize(java.lang.String):5029:203415:0 |==> 1
2251:LVR:0:NEG:org.apache.commons.lang3.StringUtils@capitalize(java.lang.String):5029:203415:0 |==> -1
2252:ROR:==(int,int):<=(int,int):org.apache.commons.lang3.StringUtils@capitalize(java.lang.String):5029:203388:(strLen = str.length()) == 0 |==> (strLen = str.length()) <= 0
2253:ROR:==(int,int):>=(int,int):org.apache.commons.lang3.StringUtils@capitalize(java.lang.String):5029:203388:(strLen = str.length()) == 0 |==> (strLen = str.length()) >= 0
2254:COR:||(boolean,boolean):!=(boolean,boolean):org.apache.commons.lang3.StringUtils@capitalize(java.lang.String):5029:203373:str == null || (strLen = str.length()) == 0 |==> str == null != ((strLen = str.length()) == 0)
2255:COR:||(boolean,boolean):RHS(boolean,boolean):org.apache.commons.lang3.StringUtils@capitalize(java.lang.String):5029:203388:str == null || (strLen = str.length()) == 0 |==> (strLen = str.length()) == 0
2256:COR:||(boolean,boolean):TRUE(boolean,boolean):org.apache.commons.lang3.StringUtils@capitalize(java.lang.String):5029:203385:str == null || (strLen = str.length()) == 0 |==> true
2257:LVR:0:POS:org.apache.commons.lang3.StringUtils@capitalize(java.lang.String):5033:203548:0 |==> 1
2258:LVR:0:NEG:org.apache.commons.lang3.StringUtils@capitalize(java.lang.String):5033:203548:0 |==> -1
2259:LVR:POS:0:org.apache.commons.lang3.StringUtils@capitalize(java.lang.String):5034:203587:1 |==> 0
2260:LVR:POS:NEG:org.apache.commons.lang3.StringUtils@capitalize(java.lang.String):5034:203587:1 |==> -1
2261:ROR:==(java.lang.Object,java.lang.Object):FALSE(java.lang.Object,java.lang.Object):org.apache.commons.lang3.StringUtils@uncapitalize(java.lang.String):5060:204546:str == null |==> false
2262:LVR:0:POS:org.apache.commons.lang3.StringUtils@uncapitalize(java.lang.String):5060:204584:0 |==> 1
2263:LVR:0:NEG:org.apache.commons.lang3.StringUtils@uncapitalize(java.lang.String):5060:204584:0 |==> -1
2264:ROR:==(int,int):<=(int,int):org.apache.commons.lang3.StringUtils@uncapitalize(java.lang.String):5060:204557:(strLen = str.length()) == 0 |==> (strLen = str.length()) <= 0
2265:ROR:==(int,int):>=(int,int):org.apache.commons.lang3.StringUtils@uncapitalize(java.lang.String):5060:204557:(strLen = str.length()) == 0 |==> (strLen = str.length()) >= 0
2266:COR:||(boolean,boolean):!=(boolean,boolean):org.apache.commons.lang3.StringUtils@uncapitalize(java.lang.String):5060:204542:str == null || (strLen = str.length()) == 0 |==> str == null != ((strLen = str.length()) == 0)
2267:COR:||(boolean,boolean):RHS(boolean,boolean):org.apache.commons.lang3.StringUtils@uncapitalize(java.lang.String):5060:204557:str == null || (strLen = str.length()) == 0 |==> (strLen = str.length()) == 0
2268:COR:||(boolean,boolean):TRUE(boolean,boolean):org.apache.commons.lang3.StringUtils@uncapitalize(java.lang.String):5060:204554:str == null || (strLen = str.length()) == 0 |==> true
2269:LVR:0:POS:org.apache.commons.lang3.StringUtils@uncapitalize(java.lang.String):5064:204717:0 |==> 1
2270:LVR:0:NEG:org.apache.commons.lang3.StringUtils@uncapitalize(java.lang.String):5064:204717:0 |==> -1
2271:LVR:POS:0:org.apache.commons.lang3.StringUtils@uncapitalize(java.lang.String):5065:204756:1 |==> 0
2272:LVR:POS:NEG:org.apache.commons.lang3.StringUtils@uncapitalize(java.lang.String):5065:204756:1 |==> -1
2273:ROR:==(java.lang.Object,java.lang.Object):FALSE(java.lang.Object,java.lang.Object):org.apache.commons.lang3.StringUtils@swapCase(java.lang.String):5098:206018:str == null |==> false
2274:LVR:0:POS:org.apache.commons.lang3.StringUtils@swapCase(java.lang.String):5098:206056:0 |==> 1
2275:LVR:0:NEG:org.apache.commons.lang3.StringUtils@swapCase(java.lang.String):5098:206056:0 |==> -1
2276:ROR:==(int,int):<=(int,int):org.apache.commons.lang3.StringUtils@swapCase(java.lang.String):5098:206029:(strLen = str.length()) == 0 |==> (strLen = str.length()) <= 0
2277:ROR:==(int,int):>=(int,int):org.apache.commons.lang3.StringUtils@swapCase(java.lang.String):5098:206029:(strLen = str.length()) == 0 |==> (strLen = str.length()) >= 0
2278:COR:||(boolean,boolean):!=(boolean,boolean):org.apache.commons.lang3.StringUtils@swapCase(java.lang.String):5098:206014:str == null || (strLen = str.length()) == 0 |==> str == null != ((strLen = str.length()) == 0)
2279:COR:||(boolean,boolean):RHS(boolean,boolean):org.apache.commons.lang3.StringUtils@swapCase(java.lang.String):5098:206029:str == null || (strLen = str.length()) == 0 |==> (strLen = str.length()) == 0
2280:COR:||(boolean,boolean):TRUE(boolean,boolean):org.apache.commons.lang3.StringUtils@swapCase(java.lang.String):5098:206026:str == null || (strLen = str.length()) == 0 |==> true
2281:LVR:0:POS:org.apache.commons.lang3.StringUtils@swapCase(java.lang.String):5104:206196:0 |==> 1
2282:LVR:0:NEG:org.apache.commons.lang3.StringUtils@swapCase(java.lang.String):5104:206196:0 |==> -1
2283:ROR:<(int,int):!=(int,int):org.apache.commons.lang3.StringUtils@swapCase(java.lang.String):5104:206199:i < strLen |==> i != strLen
2284:ROR:<(int,int):<=(int,int):org.apache.commons.lang3.StringUtils@swapCase(java.lang.String):5104:206199:i < strLen |==> i <= strLen
2285:ROR:<(int,int):FALSE(int,int):org.apache.commons.lang3.StringUtils@swapCase(java.lang.String):5104:206201:i < strLen |==> false
2286:STD:<ASSIGN>:<NO-OP>:org.apache.commons.lang3.StringUtils@swapCase(java.lang.String):5105:206230:ch = str.charAt(i); |==> <NO-OP>
2287:COR:<METHOD_INVOCATION(boolean)>:FALSE:org.apache.commons.lang3.StringUtils@swapCase(java.lang.String):5106:206287:Character.isUpperCase(ch) |==> false
2288:COR:<METHOD_INVOCATION(boolean)>:TRUE:org.apache.commons.lang3.StringUtils@swapCase(java.lang.String):5106:206287:Character.isUpperCase(ch) |==> true
2289:STD:<ASSIGN>:<NO-OP>:org.apache.commons.lang3.StringUtils@swapCase(java.lang.String):5107:206311:ch = Character.toLowerCase(ch); |==> <NO-OP>
2290:COR:<METHOD_INVOCATION(boolean)>:FALSE:org.apache.commons.lang3.StringUtils@swapCase(java.lang.String):5108:206387:Character.isTitleCase(ch) |==> false
2291:COR:<METHOD_INVOCATION(boolean)>:TRUE:org.apache.commons.lang3.StringUtils@swapCase(java.lang.String):5108:206387:Character.isTitleCase(ch) |==> true
2292:STD:<ASSIGN>:<NO-OP>:org.apache.commons.lang3.StringUtils@swapCase(java.lang.String):5109:206411:ch = Character.toLowerCase(ch); |==> <NO-OP>
2293:COR:<METHOD_INVOCATION(boolean)>:FALSE:org.apache.commons.lang3.StringUtils@swapCase(java.lang.String):5110:206487:Character.isLowerCase(ch) |==> false
2294:COR:<METHOD_INVOCATION(boolean)>:TRUE:org.apache.commons.lang3.StringUtils@swapCase(java.lang.String):5110:206487:Character.isLowerCase(ch) |==> true
2295:STD:<ASSIGN>:<NO-OP>:org.apache.commons.lang3.StringUtils@swapCase(java.lang.String):5111:206511:ch = Character.toUpperCase(ch); |==> <NO-OP>
2296:STD:<CALL>:<NO-OP>:org.apache.commons.lang3.StringUtils@swapCase(java.lang.String):5113:206569:buffer.append(ch); |==> <NO-OP>
2297:COR:||(boolean,boolean):!=(boolean,boolean):org.apache.commons.lang3.StringUtils@countMatches(java.lang.CharSequence,java.lang.CharSequence):5141:207709:isEmpty(str) || isEmpty(sub) |==> isEmpty(str) != isEmpty(sub)
2298:COR:||(boolean,boolean):LHS(boolean,boolean):org.apache.commons.lang3.StringUtils@countMatches(java.lang.CharSequence,java.lang.CharSequence):5141:207709:isEmpty(str) || isEmpty(sub) |==> isEmpty(str)
2299:COR:||(boolean,boolean):RHS(boolean,boolean):org.apache.commons.lang3.StringUtils@countMatches(java.lang.CharSequence,java.lang.CharSequence):5141:207725:isEmpty(str) || isEmpty(sub) |==> isEmpty(sub)
2300:COR:||(boolean,boolean):TRUE(boolean,boolean):org.apache.commons.lang3.StringUtils@countMatches(java.lang.CharSequence,java.lang.CharSequence):5141:207722:isEmpty(str) || isEmpty(sub) |==> true
2301:LVR:0:POS:org.apache.commons.lang3.StringUtils@countMatches(java.lang.CharSequence,java.lang.CharSequence):5142:207760:0 |==> 1
2302:LVR:0:NEG:org.apache.commons.lang3.StringUtils@countMatches(java.lang.CharSequence,java.lang.CharSequence):5142:207760:0 |==> -1
2303:LVR:0:POS:org.apache.commons.lang3.StringUtils@countMatches(java.lang.CharSequence,java.lang.CharSequence):5144:207793:0 |==> 1
2304:LVR:0:NEG:org.apache.commons.lang3.StringUtils@countMatches(java.lang.CharSequence,java.lang.CharSequence):5144:207793:0 |==> -1
2305:LVR:0:POS:org.apache.commons.lang3.StringUtils@countMatches(java.lang.CharSequence,java.lang.CharSequence):5145:207814:0 |==> 1
2306:LVR:0:NEG:org.apache.commons.lang3.StringUtils@countMatches(java.lang.CharSequence,java.lang.CharSequence):5145:207814:0 |==> -1
2307:ROR:!=(int,int):<(int,int):org.apache.commons.lang3.StringUtils@countMatches(java.lang.CharSequence,java.lang.CharSequence):5146:207832:(idx = CharSequenceUtils.indexOf(str, sub, idx)) != INDEX_NOT_FOUND |==> (idx = CharSequenceUtils.indexOf(str, sub, idx)) < INDEX_NOT_FOUND
2308:ROR:!=(int,int):>(int,int):org.apache.commons.lang3.StringUtils@countMatches(java.lang.CharSequence,java.lang.CharSequence):5146:207832:(idx = CharSequenceUtils.indexOf(str, sub, idx)) != INDEX_NOT_FOUND |==> (idx = CharSequenceUtils.indexOf(str, sub, idx)) > INDEX_NOT_FOUND
2309:ROR:!=(int,int):TRUE(int,int):org.apache.commons.lang3.StringUtils@countMatches(java.lang.CharSequence,java.lang.CharSequence):5146:207881:(idx = CharSequenceUtils.indexOf(str, sub, idx)) != INDEX_NOT_FOUND |==> true
2310:STD:<INC>:<NO-OP>:org.apache.commons.lang3.StringUtils@countMatches(java.lang.CharSequence,java.lang.CharSequence):5147:207915:count++; |==> <NO-OP>
2311:STD:<ASSIGN>:<NO-OP>:org.apache.commons.lang3.StringUtils@countMatches(java.lang.CharSequence,java.lang.CharSequence):5148:207936:idx += sub.length(); |==> <NO-OP>
2312:ROR:==(java.lang.Object,java.lang.Object):FALSE(java.lang.Object,java.lang.Object):org.apache.commons.lang3.StringUtils@isAlpha(java.lang.CharSequence):5176:208948:cs == null |==> false
2313:LVR:0:POS:org.apache.commons.lang3.StringUtils@isAlpha(java.lang.CharSequence):5176:208974:0 |==> 1
2314:LVR:0:NEG:org.apache.commons.lang3.StringUtils@isAlpha(java.lang.CharSequence):5176:208974:0 |==> -1
2315:ROR:==(int,int):>=(int,int):org.apache.commons.lang3.StringUtils@isAlpha(java.lang.CharSequence):5176:208959:cs.length() == 0 |==> cs.length() >= 0
2316:ROR:==(int,int):FALSE(int,int):org.apache.commons.lang3.StringUtils@isAlpha(java.lang.CharSequence):5176:208971:cs.length() == 0 |==> false
2317:COR:||(boolean,boolean):!=(boolean,boolean):org.apache.commons.lang3.StringUtils@isAlpha(java.lang.CharSequence):5176:208945:cs == null || cs.length() == 0 |==> cs == null != (cs.length() == 0)
2318:COR:||(boolean,boolean):LHS(boolean,boolean):org.apache.commons.lang3.StringUtils@isAlpha(java.lang.CharSequence):5176:208945:cs == null || cs.length() == 0 |==> cs == null
2319:COR:||(boolean,boolean):RHS(boolean,boolean):org.apache.commons.lang3.StringUtils@isAlpha(java.lang.CharSequence):5176:208959:cs == null || cs.length() == 0 |==> cs.length() == 0
2320:COR:||(boolean,boolean):TRUE(boolean,boolean):org.apache.commons.lang3.StringUtils@isAlpha(java.lang.CharSequence):5176:208956:cs == null || cs.length() == 0 |==> true
2321:LVR:FALSE:TRUE:org.apache.commons.lang3.StringUtils@isAlpha(java.lang.CharSequence):5177:208998:false |==> true
2322:LVR:0:POS:org.apache.commons.lang3.StringUtils@isAlpha(java.lang.CharSequence):5180:209066:0 |==> 1
2323:LVR:0:NEG:org.apache.commons.lang3.StringUtils@isAlpha(java.lang.CharSequence):5180:209066:0 |==> -1
2324:ROR:<(int,int):!=(int,int):org.apache.commons.lang3.StringUtils@isAlpha(java.lang.CharSequence):5180:209069:i < sz |==> i != sz
2325:ROR:<(int,int):<=(int,int):org.apache.commons.lang3.StringUtils@isAlpha(java.lang.CharSequence):5180:209069:i < sz |==> i <= sz
2326:ROR:<(int,int):FALSE(int,int):org.apache.commons.lang3.StringUtils@isAlpha(java.lang.CharSequence):5180:209071:i < sz |==> false
2327:LVR:FALSE:TRUE:org.apache.commons.lang3.StringUtils@isAlpha(java.lang.CharSequence):5181:209136:false |==> true
2328:ROR:==(boolean,boolean):FALSE(boolean,boolean):org.apache.commons.lang3.StringUtils@isAlpha(java.lang.CharSequence):5181:209133:Character.isLetter(cs.charAt(i)) == false |==> false
2329:ROR:==(boolean,boolean):LHS(boolean,boolean):org.apache.commons.lang3.StringUtils@isAlpha(java.lang.CharSequence):5181:209100:Character.isLetter(cs.charAt(i)) == false |==> Character.isLetter(cs.charAt(i))
2330:ROR:==(boolean,boolean):RHS(boolean,boolean):org.apache.commons.lang3.StringUtils@isAlpha(java.lang.CharSequence):5181:209136:Character.isLetter(cs.charAt(i)) == false |==> false
2331:LVR:FALSE:TRUE:org.apache.commons.lang3.StringUtils@isAlpha(java.lang.CharSequence):5182:209168:false |==> true
2332:LVR:TRUE:FALSE:org.apache.commons.lang3.StringUtils@isAlpha(java.lang.CharSequence):5185:209214:true |==> false
2333:ROR:==(java.lang.Object,java.lang.Object):FALSE(java.lang.Object,java.lang.Object):org.apache.commons.lang3.StringUtils@isAlphaSpace(java.lang.CharSequence):5211:210149:cs == null |==> false
2334:LVR:FALSE:TRUE:org.apache.commons.lang3.StringUtils@isAlphaSpace(java.lang.CharSequence):5212:210179:false |==> true
2335:LVR:0:POS:org.apache.commons.lang3.StringUtils@isAlphaSpace(java.lang.CharSequence):5215:210247:0 |==> 1
2336:LVR:0:NEG:org.apache.commons.lang3.StringUtils@isAlphaSpace(java.lang.CharSequence):5215:210247:0 |==> -1
2337:ROR:<(int,int):!=(int,int):org.apache.commons.lang3.StringUtils@isAlphaSpace(java.lang.CharSequence):5215:210250:i < sz |==> i != sz
2338:ROR:<(int,int):<=(int,int):org.apache.commons.lang3.StringUtils@isAlphaSpace(java.lang.CharSequence):5215:210250:i < sz |==> i <= sz
2339:ROR:<(int,int):FALSE(int,int):org.apache.commons.lang3.StringUtils@isAlphaSpace(java.lang.CharSequence):5215:210252:i < sz |==> false
2340:LVR:FALSE:TRUE:org.apache.commons.lang3.StringUtils@isAlphaSpace(java.lang.CharSequence):5216:210318:false |==> true
2341:ROR:==(boolean,boolean):FALSE(boolean,boolean):org.apache.commons.lang3.StringUtils@isAlphaSpace(java.lang.CharSequence):5216:210315:Character.isLetter(cs.charAt(i)) == false |==> false
2342:ROR:==(boolean,boolean):LHS(boolean,boolean):org.apache.commons.lang3.StringUtils@isAlphaSpace(java.lang.CharSequence):5216:210282:Character.isLetter(cs.charAt(i)) == false |==> Character.isLetter(cs.charAt(i))
2343:ROR:==(boolean,boolean):RHS(boolean,boolean):org.apache.commons.lang3.StringUtils@isAlphaSpace(java.lang.CharSequence):5216:210318:Character.isLetter(cs.charAt(i)) == false |==> false
2344:ROR:!=(int,int):<(int,int):org.apache.commons.lang3.StringUtils@isAlphaSpace(java.lang.CharSequence):5216:210329:cs.charAt(i) != ' ' |==> cs.charAt(i) < ' '
2345:ROR:!=(int,int):>(int,int):org.apache.commons.lang3.StringUtils@isAlphaSpace(java.lang.CharSequence):5216:210329:cs.charAt(i) != ' ' |==> cs.charAt(i) > ' '
2346:ROR:!=(int,int):TRUE(int,int):org.apache.commons.lang3.StringUtils@isAlphaSpace(java.lang.CharSequence):5216:210342:cs.charAt(i) != ' ' |==> true
2347:COR:&&(boolean,boolean):==(boolean,boolean):org.apache.commons.lang3.StringUtils@isAlphaSpace(java.lang.CharSequence):5216:210281:(Character.isLetter(cs.charAt(i)) == false) && (cs.charAt(i) != ' ') |==> (Character.isLetter(cs.charAt(i)) == false) == (cs.charAt(i) != ' ')
2348:COR:&&(boolean,boolean):FALSE(boolean,boolean):org.apache.commons.lang3.StringUtils@isAlphaSpace(java.lang.CharSequence):5216:210325:(Character.isLetter(cs.charAt(i)) == false) && (cs.charAt(i) != ' ') |==> false
2349:COR:&&(boolean,boolean):LHS(boolean,boolean):org.apache.commons.lang3.StringUtils@isAlphaSpace(java.lang.CharSequence):5216:210281:(Character.isLetter(cs.charAt(i)) == false) && (cs.charAt(i) != ' ') |==> (Character.isLetter(cs.charAt(i)) == false)
2350:COR:&&(boolean,boolean):RHS(boolean,boolean):org.apache.commons.lang3.StringUtils@isAlphaSpace(java.lang.CharSequence):5216:210328:(Character.isLetter(cs.charAt(i)) == false) && (cs.charAt(i) != ' ') |==> (cs.charAt(i) != ' ')
2351:LVR:FALSE:TRUE:org.apache.commons.lang3.StringUtils@isAlphaSpace(java.lang.CharSequence):5217:210376:false |==> true
2352:LVR:TRUE:FALSE:org.apache.commons.lang3.StringUtils@isAlphaSpace(java.lang.CharSequence):5220:210422:true |==> false
2353:ROR:==(java.lang.Object,java.lang.Object):FALSE(java.lang.Object,java.lang.Object):org.apache.commons.lang3.StringUtils@isAlphanumeric(java.lang.CharSequence):5246:211426:cs == null |==> false
2354:LVR:0:POS:org.apache.commons.lang3.StringUtils@isAlphanumeric(java.lang.CharSequence):5246:211452:0 |==> 1
2355:LVR:0:NEG:org.apache.commons.lang3.StringUtils@isAlphanumeric(java.lang.CharSequence):5246:211452:0 |==> -1
2356:ROR:==(int,int):>=(int,int):org.apache.commons.lang3.StringUtils@isAlphanumeric(java.lang.CharSequence):5246:211437:cs.length() == 0 |==> cs.length() >= 0
2357:ROR:==(int,int):FALSE(int,int):org.apache.commons.lang3.StringUtils@isAlphanumeric(java.lang.CharSequence):5246:211449:cs.length() == 0 |==> false
2358:COR:||(boolean,boolean):!=(boolean,boolean):org.apache.commons.lang3.StringUtils@isAlphanumeric(java.lang.CharSequence):5246:211423:cs == null || cs.length() == 0 |==> cs == null != (cs.length() == 0)
2359:COR:||(boolean,boolean):LHS(boolean,boolean):org.apache.commons.lang3.StringUtils@isAlphanumeric(java.lang.CharSequence):5246:211423:cs == null || cs.length() == 0 |==> cs == null
2360:COR:||(boolean,boolean):RHS(boolean,boolean):org.apache.commons.lang3.StringUtils@isAlphanumeric(java.lang.CharSequence):5246:211437:cs == null || cs.length() == 0 |==> cs.length() == 0
2361:COR:||(boolean,boolean):TRUE(boolean,boolean):org.apache.commons.lang3.StringUtils@isAlphanumeric(java.lang.CharSequence):5246:211434:cs == null || cs.length() == 0 |==> true
2362:LVR:FALSE:TRUE:org.apache.commons.lang3.StringUtils@isAlphanumeric(java.lang.CharSequence):5247:211476:false |==> true
2363:LVR:0:POS:org.apache.commons.lang3.StringUtils@isAlphanumeric(java.lang.CharSequence):5250:211544:0 |==> 1
2364:LVR:0:NEG:org.apache.commons.lang3.StringUtils@isAlphanumeric(java.lang.CharSequence):5250:211544:0 |==> -1
2365:ROR:<(int,int):!=(int,int):org.apache.commons.lang3.StringUtils@isAlphanumeric(java.lang.CharSequence):5250:211547:i < sz |==> i != sz
2366:ROR:<(int,int):<=(int,int):org.apache.commons.lang3.StringUtils@isAlphanumeric(java.lang.CharSequence):5250:211547:i < sz |==> i <= sz
2367:ROR:<(int,int):FALSE(int,int):org.apache.commons.lang3.StringUtils@isAlphanumeric(java.lang.CharSequence):5250:211549:i < sz |==> false
2368:LVR:FALSE:TRUE:org.apache.commons.lang3.StringUtils@isAlphanumeric(java.lang.CharSequence):5251:211621:false |==> true
2369:ROR:==(boolean,boolean):FALSE(boolean,boolean):org.apache.commons.lang3.StringUtils@isAlphanumeric(java.lang.CharSequence):5251:211618:Character.isLetterOrDigit(cs.charAt(i)) == false |==> false
2370:ROR:==(boolean,boolean):LHS(boolean,boolean):org.apache.commons.lang3.StringUtils@isAlphanumeric(java.lang.CharSequence):5251:211578:Character.isLetterOrDigit(cs.charAt(i)) == false |==> Character.isLetterOrDigit(cs.charAt(i))
2371:ROR:==(boolean,boolean):RHS(boolean,boolean):org.apache.commons.lang3.StringUtils@isAlphanumeric(java.lang.CharSequence):5251:211621:Character.isLetterOrDigit(cs.charAt(i)) == false |==> false
2372:LVR:FALSE:TRUE:org.apache.commons.lang3.StringUtils@isAlphanumeric(java.lang.CharSequence):5252:211653:false |==> true
2373:LVR:TRUE:FALSE:org.apache.commons.lang3.StringUtils@isAlphanumeric(java.lang.CharSequence):5255:211699:true |==> false
2374:ROR:==(java.lang.Object,java.lang.Object):FALSE(java.lang.Object,java.lang.Object):org.apache.commons.lang3.StringUtils@isAlphanumericSpace(java.lang.CharSequence):5281:212726:cs == null |==> false
2375:LVR:FALSE:TRUE:org.apache.commons.lang3.StringUtils@isAlphanumericSpace(java.lang.CharSequence):5282:212756:false |==> true
2376:LVR:0:POS:org.apache.commons.lang3.StringUtils@isAlphanumericSpace(java.lang.CharSequence):5285:212824:0 |==> 1
2377:LVR:0:NEG:org.apache.commons.lang3.StringUtils@isAlphanumericSpace(java.lang.CharSequence):5285:212824:0 |==> -1
2378:ROR:<(int,int):!=(int,int):org.apache.commons.lang3.StringUtils@isAlphanumericSpace(java.lang.CharSequence):5285:212827:i < sz |==> i != sz
2379:ROR:<(int,int):<=(int,int):org.apache.commons.lang3.StringUtils@isAlphanumericSpace(java.lang.CharSequence):5285:212827:i < sz |==> i <= sz
2380:ROR:<(int,int):FALSE(int,int):org.apache.commons.lang3.StringUtils@isAlphanumericSpace(java.lang.CharSequence):5285:212829:i < sz |==> false
2381:LVR:FALSE:TRUE:org.apache.commons.lang3.StringUtils@isAlphanumericSpace(java.lang.CharSequence):5286:212902:false |==> true
2382:ROR:==(boolean,boolean):FALSE(boolean,boolean):org.apache.commons.lang3.StringUtils@isAlphanumericSpace(java.lang.CharSequence):5286:212899:Character.isLetterOrDigit(cs.charAt(i)) == false |==> false
2383:ROR:==(boolean,boolean):LHS(boolean,boolean):org.apache.commons.lang3.StringUtils@isAlphanumericSpace(java.lang.CharSequence):5286:212859:Character.isLetterOrDigit(cs.charAt(i)) == false |==> Character.isLetterOrDigit(cs.charAt(i))
2384:ROR:==(boolean,boolean):RHS(boolean,boolean):org.apache.commons.lang3.StringUtils@isAlphanumericSpace(java.lang.CharSequence):5286:212902:Character.isLetterOrDigit(cs.charAt(i)) == false |==> false
2385:ROR:!=(int,int):<(int,int):org.apache.commons.lang3.StringUtils@isAlphanumericSpace(java.lang.CharSequence):5286:212913:cs.charAt(i) != ' ' |==> cs.charAt(i) < ' '
2386:ROR:!=(int,int):>(int,int):org.apache.commons.lang3.StringUtils@isAlphanumericSpace(java.lang.CharSequence):5286:212913:cs.charAt(i) != ' ' |==> cs.charAt(i) > ' '
2387:ROR:!=(int,int):TRUE(int,int):org.apache.commons.lang3.StringUtils@isAlphanumericSpace(java.lang.CharSequence):5286:212926:cs.charAt(i) != ' ' |==> true
2388:COR:&&(boolean,boolean):==(boolean,boolean):org.apache.commons.lang3.StringUtils@isAlphanumericSpace(java.lang.CharSequence):5286:212858:(Character.isLetterOrDigit(cs.charAt(i)) == false) && (cs.charAt(i) != ' ') |==> (Character.isLetterOrDigit(cs.charAt(i)) == false) == (cs.charAt(i) != ' ')
2389:COR:&&(boolean,boolean):FALSE(boolean,boolean):org.apache.commons.lang3.StringUtils@isAlphanumericSpace(java.lang.CharSequence):5286:212909:(Character.isLetterOrDigit(cs.charAt(i)) == false) && (cs.charAt(i) != ' ') |==> false
2390:COR:&&(boolean,boolean):LHS(boolean,boolean):org.apache.commons.lang3.StringUtils@isAlphanumericSpace(java.lang.CharSequence):5286:212858:(Character.isLetterOrDigit(cs.charAt(i)) == false) && (cs.charAt(i) != ' ') |==> (Character.isLetterOrDigit(cs.charAt(i)) == false)
2391:COR:&&(boolean,boolean):RHS(boolean,boolean):org.apache.commons.lang3.StringUtils@isAlphanumericSpace(java.lang.CharSequence):5286:212912:(Character.isLetterOrDigit(cs.charAt(i)) == false) && (cs.charAt(i) != ' ') |==> (cs.charAt(i) != ' ')
2392:LVR:FALSE:TRUE:org.apache.commons.lang3.StringUtils@isAlphanumericSpace(java.lang.CharSequence):5287:212960:false |==> true
2393:LVR:TRUE:FALSE:org.apache.commons.lang3.StringUtils@isAlphanumericSpace(java.lang.CharSequence):5290:213006:true |==> false
2394:ROR:==(java.lang.Object,java.lang.Object):FALSE(java.lang.Object,java.lang.Object):org.apache.commons.lang3.StringUtils@isAsciiPrintable(java.lang.CharSequence):5320:214222:cs == null |==> false
2395:LVR:FALSE:TRUE:org.apache.commons.lang3.StringUtils@isAsciiPrintable(java.lang.CharSequence):5321:214252:false |==> true
2396:LVR:0:POS:org.apache.commons.lang3.StringUtils@isAsciiPrintable(java.lang.CharSequence):5324:214320:0 |==> 1
2397:LVR:0:NEG:org.apache.commons.lang3.StringUtils@isAsciiPrintable(java.lang.CharSequence):5324:214320:0 |==> -1
2398:ROR:<(int,int):!=(int,int):org.apache.commons.lang3.StringUtils@isAsciiPrintable(java.lang.CharSequence):5324:214323:i < sz |==> i != sz
2399:ROR:<(int,int):<=(int,int):org.apache.commons.lang3.StringUtils@isAsciiPrintable(java.lang.CharSequence):5324:214323:i < sz |==> i <= sz
2400:ROR:<(int,int):FALSE(int,int):org.apache.commons.lang3.StringUtils@isAsciiPrintable(java.lang.CharSequence):5324:214325:i < sz |==> false
2401:LVR:FALSE:TRUE:org.apache.commons.lang3.StringUtils@isAsciiPrintable(java.lang.CharSequence):5325:214398:false |==> true
2402:ROR:==(boolean,boolean):FALSE(boolean,boolean):org.apache.commons.lang3.StringUtils@isAsciiPrintable(java.lang.CharSequence):5325:214395:CharUtils.isAsciiPrintable(cs.charAt(i)) == false |==> false
2403:ROR:==(boolean,boolean):LHS(boolean,boolean):org.apache.commons.lang3.StringUtils@isAsciiPrintable(java.lang.CharSequence):5325:214354:CharUtils.isAsciiPrintable(cs.charAt(i)) == false |==> CharUtils.isAsciiPrintable(cs.charAt(i))
2404:ROR:==(boolean,boolean):RHS(boolean,boolean):org.apache.commons.lang3.StringUtils@isAsciiPrintable(java.lang.CharSequence):5325:214398:CharUtils.isAsciiPrintable(cs.charAt(i)) == false |==> false
2405:LVR:FALSE:TRUE:org.apache.commons.lang3.StringUtils@isAsciiPrintable(java.lang.CharSequence):5326:214430:false |==> true
2406:LVR:TRUE:FALSE:org.apache.commons.lang3.StringUtils@isAsciiPrintable(java.lang.CharSequence):5329:214476:true |==> false
2407:ROR:==(java.lang.Object,java.lang.Object):FALSE(java.lang.Object,java.lang.Object):org.apache.commons.lang3.StringUtils@isNumeric(java.lang.CharSequence):5356:215511:cs == null |==> false
2408:LVR:0:POS:org.apache.commons.lang3.StringUtils@isNumeric(java.lang.CharSequence):5356:215537:0 |==> 1
2409:LVR:0:NEG:org.apache.commons.lang3.StringUtils@isNumeric(java.lang.CharSequence):5356:215537:0 |==> -1
2410:ROR:==(int,int):>=(int,int):org.apache.commons.lang3.StringUtils@isNumeric(java.lang.CharSequence):5356:215522:cs.length() == 0 |==> cs.length() >= 0
2411:ROR:==(int,int):FALSE(int,int):org.apache.commons.lang3.StringUtils@isNumeric(java.lang.CharSequence):5356:215534:cs.length() == 0 |==> false
2412:COR:||(boolean,boolean):!=(boolean,boolean):org.apache.commons.lang3.StringUtils@isNumeric(java.lang.CharSequence):5356:215508:cs == null || cs.length() == 0 |==> cs == null != (cs.length() == 0)
2413:COR:||(boolean,boolean):LHS(boolean,boolean):org.apache.commons.lang3.StringUtils@isNumeric(java.lang.CharSequence):5356:215508:cs == null || cs.length() == 0 |==> cs == null
2414:COR:||(boolean,boolean):RHS(boolean,boolean):org.apache.commons.lang3.StringUtils@isNumeric(java.lang.CharSequence):5356:215522:cs == null || cs.length() == 0 |==> cs.length() == 0
2415:COR:||(boolean,boolean):TRUE(boolean,boolean):org.apache.commons.lang3.StringUtils@isNumeric(java.lang.CharSequence):5356:215519:cs == null || cs.length() == 0 |==> true
2416:LVR:FALSE:TRUE:org.apache.commons.lang3.StringUtils@isNumeric(java.lang.CharSequence):5357:215561:false |==> true
2417:LVR:0:POS:org.apache.commons.lang3.StringUtils@isNumeric(java.lang.CharSequence):5360:215629:0 |==> 1
2418:LVR:0:NEG:org.apache.commons.lang3.StringUtils@isNumeric(java.lang.CharSequence):5360:215629:0 |==> -1
2419:ROR:<(int,int):!=(int,int):org.apache.commons.lang3.StringUtils@isNumeric(java.lang.CharSequence):5360:215632:i < sz |==> i != sz
2420:ROR:<(int,int):<=(int,int):org.apache.commons.lang3.StringUtils@isNumeric(java.lang.CharSequence):5360:215632:i < sz |==> i <= sz
2421:ROR:<(int,int):FALSE(int,int):org.apache.commons.lang3.StringUtils@isNumeric(java.lang.CharSequence):5360:215634:i < sz |==> false
2422:LVR:FALSE:TRUE:org.apache.commons.lang3.StringUtils@isNumeric(java.lang.CharSequence):5361:215698:false |==> true
2423:ROR:==(boolean,boolean):FALSE(boolean,boolean):org.apache.commons.lang3.StringUtils@isNumeric(java.lang.CharSequence):5361:215695:Character.isDigit(cs.charAt(i)) == false |==> false
2424:ROR:==(boolean,boolean):LHS(boolean,boolean):org.apache.commons.lang3.StringUtils@isNumeric(java.lang.CharSequence):5361:215663:Character.isDigit(cs.charAt(i)) == false |==> Character.isDigit(cs.charAt(i))
2425:ROR:==(boolean,boolean):RHS(boolean,boolean):org.apache.commons.lang3.StringUtils@isNumeric(java.lang.CharSequence):5361:215698:Character.isDigit(cs.charAt(i)) == false |==> false
2426:LVR:FALSE:TRUE:org.apache.commons.lang3.StringUtils@isNumeric(java.lang.CharSequence):5362:215730:false |==> true
2427:LVR:TRUE:FALSE:org.apache.commons.lang3.StringUtils@isNumeric(java.lang.CharSequence):5365:215776:true |==> false
2428:ROR:==(java.lang.Object,java.lang.Object):FALSE(java.lang.Object,java.lang.Object):org.apache.commons.lang3.StringUtils@isNumericSpace(java.lang.CharSequence):5393:216851:cs == null |==> false
2429:LVR:FALSE:TRUE:org.apache.commons.lang3.StringUtils@isNumericSpace(java.lang.CharSequence):5394:216881:false |==> true
2430:LVR:0:POS:org.apache.commons.lang3.StringUtils@isNumericSpace(java.lang.CharSequence):5397:216949:0 |==> 1
2431:LVR:0:NEG:org.apache.commons.lang3.StringUtils@isNumericSpace(java.lang.CharSequence):5397:216949:0 |==> -1
2432:ROR:<(int,int):!=(int,int):org.apache.commons.lang3.StringUtils@isNumericSpace(java.lang.CharSequence):5397:216952:i < sz |==> i != sz
2433:ROR:<(int,int):<=(int,int):org.apache.commons.lang3.StringUtils@isNumericSpace(java.lang.CharSequence):5397:216952:i < sz |==> i <= sz
2434:ROR:<(int,int):FALSE(int,int):org.apache.commons.lang3.StringUtils@isNumericSpace(java.lang.CharSequence):5397:216954:i < sz |==> false
2435:LVR:FALSE:TRUE:org.apache.commons.lang3.StringUtils@isNumericSpace(java.lang.CharSequence):5398:217019:false |==> true
2436:ROR:==(boolean,boolean):FALSE(boolean,boolean):org.apache.commons.lang3.StringUtils@isNumericSpace(java.lang.CharSequence):5398:217016:Character.isDigit(cs.charAt(i)) == false |==> false
2437:ROR:==(boolean,boolean):LHS(boolean,boolean):org.apache.commons.lang3.StringUtils@isNumericSpace(java.lang.CharSequence):5398:216984:Character.isDigit(cs.charAt(i)) == false |==> Character.isDigit(cs.charAt(i))
2438:ROR:==(boolean,boolean):RHS(boolean,boolean):org.apache.commons.lang3.StringUtils@isNumericSpace(java.lang.CharSequence):5398:217019:Character.isDigit(cs.charAt(i)) == false |==> false
2439:ROR:!=(int,int):<(int,int):org.apache.commons.lang3.StringUtils@isNumericSpace(java.lang.CharSequence):5398:217030:cs.charAt(i) != ' ' |==> cs.charAt(i) < ' '
2440:ROR:!=(int,int):>(int,int):org.apache.commons.lang3.StringUtils@isNumericSpace(java.lang.CharSequence):5398:217030:cs.charAt(i) != ' ' |==> cs.charAt(i) > ' '
2441:ROR:!=(int,int):TRUE(int,int):org.apache.commons.lang3.StringUtils@isNumericSpace(java.lang.CharSequence):5398:217043:cs.charAt(i) != ' ' |==> true
2442:COR:&&(boolean,boolean):==(boolean,boolean):org.apache.commons.lang3.StringUtils@isNumericSpace(java.lang.CharSequence):5398:216983:(Character.isDigit(cs.charAt(i)) == false) && (cs.charAt(i) != ' ') |==> (Character.isDigit(cs.charAt(i)) == false) == (cs.charAt(i) != ' ')
2443:COR:&&(boolean,boolean):FALSE(boolean,boolean):org.apache.commons.lang3.StringUtils@isNumericSpace(java.lang.CharSequence):5398:217026:(Character.isDigit(cs.charAt(i)) == false) && (cs.charAt(i) != ' ') |==> false
2444:COR:&&(boolean,boolean):LHS(boolean,boolean):org.apache.commons.lang3.StringUtils@isNumericSpace(java.lang.CharSequence):5398:216983:(Character.isDigit(cs.charAt(i)) == false) && (cs.charAt(i) != ' ') |==> (Character.isDigit(cs.charAt(i)) == false)
2445:COR:&&(boolean,boolean):RHS(boolean,boolean):org.apache.commons.lang3.StringUtils@isNumericSpace(java.lang.CharSequence):5398:217029:(Character.isDigit(cs.charAt(i)) == false) && (cs.charAt(i) != ' ') |==> (cs.charAt(i) != ' ')
2446:LVR:FALSE:TRUE:org.apache.commons.lang3.StringUtils@isNumericSpace(java.lang.CharSequence):5399:217077:false |==> true
2447:LVR:TRUE:FALSE:org.apache.commons.lang3.StringUtils@isNumericSpace(java.lang.CharSequence):5402:217123:true |==> false
2448:ROR:==(java.lang.Object,java.lang.Object):FALSE(java.lang.Object,java.lang.Object):org.apache.commons.lang3.StringUtils@isWhitespace(java.lang.CharSequence):5426:217988:cs == null |==> false
2449:LVR:FALSE:TRUE:org.apache.commons.lang3.StringUtils@isWhitespace(java.lang.CharSequence):5427:218018:false |==> true
2450:LVR:0:POS:org.apache.commons.lang3.StringUtils@isWhitespace(java.lang.CharSequence):5430:218086:0 |==> 1
2451:LVR:0:NEG:org.apache.commons.lang3.StringUtils@isWhitespace(java.lang.CharSequence):5430:218086:0 |==> -1
2452:ROR:<(int,int):!=(int,int):org.apache.commons.lang3.StringUtils@isWhitespace(java.lang.CharSequence):5430:218089:i < sz |==> i != sz
2453:ROR:<(int,int):<=(int,int):org.apache.commons.lang3.StringUtils@isWhitespace(java.lang.CharSequence):5430:218089:i < sz |==> i <= sz
2454:ROR:<(int,int):FALSE(int,int):org.apache.commons.lang3.StringUtils@isWhitespace(java.lang.CharSequence):5430:218091:i < sz |==> false
2455:LVR:FALSE:TRUE:org.apache.commons.lang3.StringUtils@isWhitespace(java.lang.CharSequence):5431:218161:false |==> true
2456:ROR:==(boolean,boolean):FALSE(boolean,boolean):org.apache.commons.lang3.StringUtils@isWhitespace(java.lang.CharSequence):5431:218158:Character.isWhitespace(cs.charAt(i)) == false |==> false
2457:ROR:==(boolean,boolean):LHS(boolean,boolean):org.apache.commons.lang3.StringUtils@isWhitespace(java.lang.CharSequence):5431:218121:Character.isWhitespace(cs.charAt(i)) == false |==> Character.isWhitespace(cs.charAt(i))
2458:ROR:==(boolean,boolean):RHS(boolean,boolean):org.apache.commons.lang3.StringUtils@isWhitespace(java.lang.CharSequence):5431:218161:Character.isWhitespace(cs.charAt(i)) == false |==> false
2459:LVR:FALSE:TRUE:org.apache.commons.lang3.StringUtils@isWhitespace(java.lang.CharSequence):5432:218194:false |==> true
2460:LVR:TRUE:FALSE:org.apache.commons.lang3.StringUtils@isWhitespace(java.lang.CharSequence):5435:218240:true |==> false
2461:ROR:==(java.lang.Object,java.lang.Object):FALSE(java.lang.Object,java.lang.Object):org.apache.commons.lang3.StringUtils@isAllLowerCase(java.lang.CharSequence):5458:219094:cs == null |==> false
2462:COR:||(boolean,boolean):!=(boolean,boolean):org.apache.commons.lang3.StringUtils@isAllLowerCase(java.lang.CharSequence):5458:219091:cs == null || isEmpty(cs) |==> cs == null != isEmpty(cs)
2463:COR:||(boolean,boolean):LHS(boolean,boolean):org.apache.commons.lang3.StringUtils@isAllLowerCase(java.lang.CharSequence):5458:219091:cs == null || isEmpty(cs) |==> cs == null
2464:COR:||(boolean,boolean):RHS(boolean,boolean):org.apache.commons.lang3.StringUtils@isAllLowerCase(java.lang.CharSequence):5458:219105:cs == null || isEmpty(cs) |==> isEmpty(cs)
2465:COR:||(boolean,boolean):TRUE(boolean,boolean):org.apache.commons.lang3.StringUtils@isAllLowerCase(java.lang.CharSequence):5458:219102:cs == null || isEmpty(cs) |==> true
2466:LVR:FALSE:TRUE:org.apache.commons.lang3.StringUtils@isAllLowerCase(java.lang.CharSequence):5459:219139:false |==> true
2467:LVR:0:POS:org.apache.commons.lang3.StringUtils@isAllLowerCase(java.lang.CharSequence):5462:219207:0 |==> 1
2468:LVR:0:NEG:org.apache.commons.lang3.StringUtils@isAllLowerCase(java.lang.CharSequence):5462:219207:0 |==> -1
2469:ROR:<(int,int):!=(int,int):org.apache.commons.lang3.StringUtils@isAllLowerCase(java.lang.CharSequence):5462:219210:i < sz |==> i != sz
2470:ROR:<(int,int):<=(int,int):org.apache.commons.lang3.StringUtils@isAllLowerCase(java.lang.CharSequence):5462:219210:i < sz |==> i <= sz
2471:ROR:<(int,int):FALSE(int,int):org.apache.commons.lang3.StringUtils@isAllLowerCase(java.lang.CharSequence):5462:219212:i < sz |==> false
2472:LVR:FALSE:TRUE:org.apache.commons.lang3.StringUtils@isAllLowerCase(java.lang.CharSequence):5463:219280:false |==> true
2473:ROR:==(boolean,boolean):FALSE(boolean,boolean):org.apache.commons.lang3.StringUtils@isAllLowerCase(java.lang.CharSequence):5463:219277:Character.isLowerCase(cs.charAt(i)) == false |==> false
2474:ROR:==(boolean,boolean):LHS(boolean,boolean):org.apache.commons.lang3.StringUtils@isAllLowerCase(java.lang.CharSequence):5463:219241:Character.isLowerCase(cs.charAt(i)) == false |==> Character.isLowerCase(cs.charAt(i))
2475:ROR:==(boolean,boolean):RHS(boolean,boolean):org.apache.commons.lang3.StringUtils@isAllLowerCase(java.lang.CharSequence):5463:219280:Character.isLowerCase(cs.charAt(i)) == false |==> false
2476:LVR:FALSE:TRUE:org.apache.commons.lang3.StringUtils@isAllLowerCase(java.lang.CharSequence):5464:219312:false |==> true
2477:LVR:TRUE:FALSE:org.apache.commons.lang3.StringUtils@isAllLowerCase(java.lang.CharSequence):5467:219358:true |==> false
2478:ROR:==(java.lang.Object,java.lang.Object):FALSE(java.lang.Object,java.lang.Object):org.apache.commons.lang3.StringUtils@isAllUpperCase(java.lang.CharSequence):5490:220205:cs == null |==> false
2479:COR:||(boolean,boolean):!=(boolean,boolean):org.apache.commons.lang3.StringUtils@isAllUpperCase(java.lang.CharSequence):5490:220202:cs == null || isEmpty(cs) |==> cs == null != isEmpty(cs)
2480:COR:||(boolean,boolean):LHS(boolean,boolean):org.apache.commons.lang3.StringUtils@isAllUpperCase(java.lang.CharSequence):5490:220202:cs == null || isEmpty(cs) |==> cs == null
2481:COR:||(boolean,boolean):RHS(boolean,boolean):org.apache.commons.lang3.StringUtils@isAllUpperCase(java.lang.CharSequence):5490:220216:cs == null || isEmpty(cs) |==> isEmpty(cs)
2482:COR:||(boolean,boolean):TRUE(boolean,boolean):org.apache.commons.lang3.StringUtils@isAllUpperCase(java.lang.CharSequence):5490:220213:cs == null || isEmpty(cs) |==> true
2483:LVR:FALSE:TRUE:org.apache.commons.lang3.StringUtils@isAllUpperCase(java.lang.CharSequence):5491:220250:false |==> true
2484:LVR:0:POS:org.apache.commons.lang3.StringUtils@isAllUpperCase(java.lang.CharSequence):5494:220318:0 |==> 1
2485:LVR:0:NEG:org.apache.commons.lang3.StringUtils@isAllUpperCase(java.lang.CharSequence):5494:220318:0 |==> -1
2486:ROR:<(int,int):!=(int,int):org.apache.commons.lang3.StringUtils@isAllUpperCase(java.lang.CharSequence):5494:220321:i < sz |==> i != sz
2487:ROR:<(int,int):<=(int,int):org.apache.commons.lang3.StringUtils@isAllUpperCase(java.lang.CharSequence):5494:220321:i < sz |==> i <= sz
2488:ROR:<(int,int):FALSE(int,int):org.apache.commons.lang3.StringUtils@isAllUpperCase(java.lang.CharSequence):5494:220323:i < sz |==> false
2489:LVR:FALSE:TRUE:org.apache.commons.lang3.StringUtils@isAllUpperCase(java.lang.CharSequence):5495:220391:false |==> true
2490:ROR:==(boolean,boolean):FALSE(boolean,boolean):org.apache.commons.lang3.StringUtils@isAllUpperCase(java.lang.CharSequence):5495:220388:Character.isUpperCase(cs.charAt(i)) == false |==> false
2491:ROR:==(boolean,boolean):LHS(boolean,boolean):org.apache.commons.lang3.StringUtils@isAllUpperCase(java.lang.CharSequence):5495:220352:Character.isUpperCase(cs.charAt(i)) == false |==> Character.isUpperCase(cs.charAt(i))
2492:ROR:==(boolean,boolean):RHS(boolean,boolean):org.apache.commons.lang3.StringUtils@isAllUpperCase(java.lang.CharSequence):5495:220391:Character.isUpperCase(cs.charAt(i)) == false |==> false
2493:LVR:FALSE:TRUE:org.apache.commons.lang3.StringUtils@isAllUpperCase(java.lang.CharSequence):5496:220423:false |==> true
2494:LVR:TRUE:FALSE:org.apache.commons.lang3.StringUtils@isAllUpperCase(java.lang.CharSequence):5499:220469:true |==> false
2495:ROR:==(java.lang.Object,java.lang.Object):FALSE(java.lang.Object,java.lang.Object):org.apache.commons.lang3.StringUtils@defaultString(java.lang.String):5521:221173:str == null |==> false
2496:ROR:==(java.lang.Object,java.lang.Object):FALSE(java.lang.Object,java.lang.Object):org.apache.commons.lang3.StringUtils@defaultString(java.lang.String,java.lang.String):5542:221957:str == null |==> false
2497:COR:<METHOD_INVOCATION(boolean)>:FALSE:org.apache.commons.lang3.StringUtils@defaultIfBlank(T,T):5564:222967:StringUtils.isBlank(str) |==> false
2498:COR:<METHOD_INVOCATION(boolean)>:TRUE:org.apache.commons.lang3.StringUtils@defaultIfBlank(T,T):5564:222967:StringUtils.isBlank(str) |==> true
2499:COR:<METHOD_INVOCATION(boolean)>:FALSE:org.apache.commons.lang3.StringUtils@defaultIfEmpty(T,T):5585:223889:StringUtils.isEmpty(str) |==> false
2500:COR:<METHOD_INVOCATION(boolean)>:TRUE:org.apache.commons.lang3.StringUtils@defaultIfEmpty(T,T):5585:223889:StringUtils.isEmpty(str) |==> true
2501:ROR:==(java.lang.Object,java.lang.Object):FALSE(java.lang.Object,java.lang.Object):org.apache.commons.lang3.StringUtils@reverse(java.lang.String):5605:224520:str == null |==> false
2502:ROR:==(java.lang.Object,java.lang.Object):FALSE(java.lang.Object,java.lang.Object):org.apache.commons.lang3.StringUtils@reverseDelimited(java.lang.String,char):5631:225461:str == null |==> false
2503:STD:<CALL>:<NO-OP>:org.apache.commons.lang3.StringUtils@reverseDelimited(java.lang.String,char):5637:225674:ArrayUtils.reverse(strs); |==> <NO-OP>
2504:LVR:0:POS:org.apache.commons.lang3.StringUtils@abbreviate(java.lang.String,int):5676:227290:0 |==> 1
2505:LVR:0:NEG:org.apache.commons.lang3.StringUtils@abbreviate(java.lang.String,int):5676:227290:0 |==> -1
2506:ROR:==(java.lang.Object,java.lang.Object):FALSE(java.lang.Object,java.lang.Object):org.apache.commons.lang3.StringUtils@abbreviate(java.lang.String,int,int):5715:229289:str == null |==> false
2507:LVR:POS:0:org.apache.commons.lang3.StringUtils@abbreviate(java.lang.String,int,int):5718:229358:4 |==> 0
2508:LVR:POS:NEG:org.apache.commons.lang3.StringUtils@abbreviate(java.lang.String,int,int):5718:229358:4 |==> -4
2509:ROR:<(int,int):!=(int,int):org.apache.commons.lang3.StringUtils@abbreviate(java.lang.String,int,int):5718:229347:maxWidth < 4 |==> maxWidth != 4
2510:ROR:<(int,int):<=(int,int):org.apache.commons.lang3.StringUtils@abbreviate(java.lang.String,int,int):5718:229347:maxWidth < 4 |==> maxWidth <= 4
2511:ROR:<(int,int):FALSE(int,int):org.apache.commons.lang3.StringUtils@abbreviate(java.lang.String,int,int):5718:229356:maxWidth < 4 |==> false
2512:ROR:<=(int,int):<(int,int):org.apache.commons.lang3.StringUtils@abbreviate(java.lang.String,int,int):5721:229468:str.length() <= maxWidth |==> str.length() < maxWidth
2513:ROR:<=(int,int):==(int,int):org.apache.commons.lang3.StringUtils@abbreviate(java.lang.String,int,int):5721:229468:str.length() <= maxWidth |==> str.length() == maxWidth
2514:ROR:<=(int,int):TRUE(int,int):org.apache.commons.lang3.StringUtils@abbreviate(java.lang.String,int,int):5721:229481:str.length() <= maxWidth |==> true
2515:ROR:>(int,int):!=(int,int):org.apache.commons.lang3.StringUtils@abbreviate(java.lang.String,int,int):5724:229542:offset > str.length() |==> offset != str.length()
2516:ROR:>(int,int):>=(int,int):org.apache.commons.lang3.StringUtils@abbreviate(java.lang.String,int,int):5724:229542:offset > str.length() |==> offset >= str.length()
2517:ROR:>(int,int):FALSE(int,int):org.apache.commons.lang3.StringUtils@abbreviate(java.lang.String,int,int):5724:229549:offset > str.length() |==> false
2518:STD:<ASSIGN>:<NO-OP>:org.apache.commons.lang3.StringUtils@abbreviate(java.lang.String,int,int):5725:229579:offset = str.length(); |==> <NO-OP>
2519:AOR:-(int,int):%(int,int):org.apache.commons.lang3.StringUtils@abbreviate(java.lang.String,int,int):5727:229625:str.length() - offset |==> str.length() % offset
2520:AOR:-(int,int):*(int,int):org.apache.commons.lang3.StringUtils@abbreviate(java.lang.String,int,int):5727:229625:str.length() - offset |==> str.length() * offset
2521:AOR:-(int,int):+(int,int):org.apache.commons.lang3.StringUtils@abbreviate(java.lang.String,int,int):5727:229625:str.length() - offset |==> str.length() + offset
2522:AOR:-(int,int):/(int,int):org.apache.commons.lang3.StringUtils@abbreviate(java.lang.String,int,int):5727:229625:str.length() - offset |==> str.length() / offset
2523:LVR:POS:0:org.apache.commons.lang3.StringUtils@abbreviate(java.lang.String,int,int):5727:229662:3 |==> 0
2524:LVR:POS:NEG:org.apache.commons.lang3.StringUtils@abbreviate(java.lang.String,int,int):5727:229662:3 |==> -3
2525:AOR:-(int,int):%(int,int):org.apache.commons.lang3.StringUtils@abbreviate(java.lang.String,int,int):5727:229651:maxWidth - 3 |==> maxWidth % 3
2526:AOR:-(int,int):*(int,int):org.apache.commons.lang3.StringUtils@abbreviate(java.lang.String,int,int):5727:229651:maxWidth - 3 |==> maxWidth * 3
2527:AOR:-(int,int):+(int,int):org.apache.commons.lang3.StringUtils@abbreviate(java.lang.String,int,int):5727:229651:maxWidth - 3 |==> maxWidth + 3
2528:AOR:-(int,int):/(int,int):org.apache.commons.lang3.StringUtils@abbreviate(java.lang.String,int,int):5727:229651:maxWidth - 3 |==> maxWidth / 3
2529:ROR:<(int,int):!=(int,int):org.apache.commons.lang3.StringUtils@abbreviate(java.lang.String,int,int):5727:229624:(str.length() - offset) < (maxWidth - 3) |==> (str.length() - offset) != (maxWidth - 3)
2530:ROR:<(int,int):<=(int,int):org.apache.commons.lang3.StringUtils@abbreviate(java.lang.String,int,int):5727:229624:(str.length() - offset) < (maxWidth - 3) |==> (str.length() - offset) <= (maxWidth - 3)
2531:ROR:<(int,int):FALSE(int,int):org.apache.commons.lang3.StringUtils@abbreviate(java.lang.String,int,int):5727:229648:(str.length() - offset) < (maxWidth - 3) |==> false
2532:LVR:POS:0:org.apache.commons.lang3.StringUtils@abbreviate(java.lang.String,int,int):5728:229716:3 |==> 0
2533:LVR:POS:NEG:org.apache.commons.lang3.StringUtils@abbreviate(java.lang.String,int,int):5728:229716:3 |==> -3
2534:AOR:-(int,int):%(int,int):org.apache.commons.lang3.StringUtils@abbreviate(java.lang.String,int,int):5728:229705:maxWidth - 3 |==> maxWidth % 3
2535:AOR:-(int,int):*(int,int):org.apache.commons.lang3.StringUtils@abbreviate(java.lang.String,int,int):5728:229705:maxWidth - 3 |==> maxWidth * 3
2536:AOR:-(int,int):+(int,int):org.apache.commons.lang3.StringUtils@abbreviate(java.lang.String,int,int):5728:229705:maxWidth - 3 |==> maxWidth + 3
2537:AOR:-(int,int):/(int,int):org.apache.commons.lang3.StringUtils@abbreviate(java.lang.String,int,int):5728:229705:maxWidth - 3 |==> maxWidth / 3
2538:AOR:-(int,int):%(int,int):org.apache.commons.lang3.StringUtils@abbreviate(java.lang.String,int,int):5728:229689:str.length() - (maxWidth - 3) |==> str.length() % (maxWidth - 3)
2539:AOR:-(int,int):*(int,int):org.apache.commons.lang3.StringUtils@abbreviate(java.lang.String,int,int):5728:229689:str.length() - (maxWidth - 3) |==> str.length() * (maxWidth - 3)
2540:AOR:-(int,int):+(int,int):org.apache.commons.lang3.StringUtils@abbreviate(java.lang.String,int,int):5728:229689:str.length() - (maxWidth - 3) |==> str.length() + (maxWidth - 3)
2541:AOR:-(int,int):/(int,int):org.apache.commons.lang3.StringUtils@abbreviate(java.lang.String,int,int):5728:229689:str.length() - (maxWidth - 3) |==> str.length() / (maxWidth - 3)
2542:STD:<ASSIGN>:<NO-OP>:org.apache.commons.lang3.StringUtils@abbreviate(java.lang.String,int,int):5728:229680:offset = str.length() - (maxWidth - 3); |==> <NO-OP>
2543:LVR:POS:0:org.apache.commons.lang3.StringUtils@abbreviate(java.lang.String,int,int):5731:229794:4 |==> 0
2544:LVR:POS:NEG:org.apache.commons.lang3.StringUtils@abbreviate(java.lang.String,int,int):5731:229794:4 |==> -4
2545:ROR:<=(int,int):<(int,int):org.apache.commons.lang3.StringUtils@abbreviate(java.lang.String,int,int):5731:229784:offset <= 4 |==> offset < 4
2546:ROR:<=(int,int):==(int,int):org.apache.commons.lang3.StringUtils@abbreviate(java.lang.String,int,int):5731:229784:offset <= 4 |==> offset == 4
2547:ROR:<=(int,int):TRUE(int,int):org.apache.commons.lang3.StringUtils@abbreviate(java.lang.String,int,int):5731:229791:offset <= 4 |==> true
2548:LVR:0:POS:org.apache.commons.lang3.StringUtils@abbreviate(java.lang.String,int,int):5732:229832:0 |==> 1
2549:LVR:0:NEG:org.apache.commons.lang3.StringUtils@abbreviate(java.lang.String,int,int):5732:229832:0 |==> -1
2550:LVR:POS:0:org.apache.commons.lang3.StringUtils@abbreviate(java.lang.String,int,int):5732:229846:3 |==> 0
2551:LVR:POS:NEG:org.apache.commons.lang3.StringUtils@abbreviate(java.lang.String,int,int):5732:229846:3 |==> -3
2552:AOR:-(int,int):%(int,int):org.apache.commons.lang3.StringUtils@abbreviate(java.lang.String,int,int):5732:229835:maxWidth - 3 |==> maxWidth % 3
2553:AOR:-(int,int):*(int,int):org.apache.commons.lang3.StringUtils@abbreviate(java.lang.String,int,int):5732:229835:maxWidth - 3 |==> maxWidth * 3
2554:AOR:-(int,int):+(int,int):org.apache.commons.lang3.StringUtils@abbreviate(java.lang.String,int,int):5732:229835:maxWidth - 3 |==> maxWidth + 3
2555:AOR:-(int,int):/(int,int):org.apache.commons.lang3.StringUtils@abbreviate(java.lang.String,int,int):5732:229835:maxWidth - 3 |==> maxWidth / 3
2556:LVR:POS:0:org.apache.commons.lang3.StringUtils@abbreviate(java.lang.String,int,int):5734:229897:7 |==> 0
2557:LVR:POS:NEG:org.apache.commons.lang3.StringUtils@abbreviate(java.lang.String,int,int):5734:229897:7 |==> -7
2558:ROR:<(int,int):!=(int,int):org.apache.commons.lang3.StringUtils@abbreviate(java.lang.String,int,int):5734:229886:maxWidth < 7 |==> maxWidth != 7
2559:ROR:<(int,int):<=(int,int):org.apache.commons.lang3.StringUtils@abbreviate(java.lang.String,int,int):5734:229886:maxWidth < 7 |==> maxWidth <= 7
2560:ROR:<(int,int):FALSE(int,int):org.apache.commons.lang3.StringUtils@abbreviate(java.lang.String,int,int):5734:229895:maxWidth < 7 |==> false
2561:LVR:POS:0:org.apache.commons.lang3.StringUtils@abbreviate(java.lang.String,int,int):5737:230041:3 |==> 0
2562:LVR:POS:NEG:org.apache.commons.lang3.StringUtils@abbreviate(java.lang.String,int,int):5737:230041:3 |==> -3
2563:AOR:-(int,int):%(int,int):org.apache.commons.lang3.StringUtils@abbreviate(java.lang.String,int,int):5737:230030:maxWidth - 3 |==> maxWidth % 3
2564:AOR:-(int,int):*(int,int):org.apache.commons.lang3.StringUtils@abbreviate(java.lang.String,int,int):5737:230030:maxWidth - 3 |==> maxWidth * 3
2565:AOR:-(int,int):+(int,int):org.apache.commons.lang3.StringUtils@abbreviate(java.lang.String,int,int):5737:230030:maxWidth - 3 |==> maxWidth + 3
2566:AOR:-(int,int):/(int,int):org.apache.commons.lang3.StringUtils@abbreviate(java.lang.String,int,int):5737:230030:maxWidth - 3 |==> maxWidth / 3
2567:AOR:+(int,int):%(int,int):org.apache.commons.lang3.StringUtils@abbreviate(java.lang.String,int,int):5737:230020:offset + (maxWidth - 3) |==> offset % (maxWidth - 3)
2568:AOR:+(int,int):*(int,int):org.apache.commons.lang3.StringUtils@abbreviate(java.lang.String,int,int):5737:230020:offset + (maxWidth - 3) |==> offset * (maxWidth - 3)
2569:AOR:+(int,int):-(int,int):org.apache.commons.lang3.StringUtils@abbreviate(java.lang.String,int,int):5737:230020:offset + (maxWidth - 3) |==> offset - (maxWidth - 3)
2570:AOR:+(int,int):/(int,int):org.apache.commons.lang3.StringUtils@abbreviate(java.lang.String,int,int):5737:230020:offset + (maxWidth - 3) |==> offset / (maxWidth - 3)
2571:ROR:<(int,int):!=(int,int):org.apache.commons.lang3.StringUtils@abbreviate(java.lang.String,int,int):5737:230019:(offset + (maxWidth - 3)) < str.length() |==> (offset + (maxWidth - 3)) != str.length()
2572:ROR:<(int,int):<=(int,int):org.apache.commons.lang3.StringUtils@abbreviate(java.lang.String,int,int):5737:230019:(offset + (maxWidth - 3)) < str.length() |==> (offset + (maxWidth - 3)) <= str.length()
2573:ROR:<(int,int):FALSE(int,int):org.apache.commons.lang3.StringUtils@abbreviate(java.lang.String,int,int):5737:230045:(offset + (maxWidth - 3)) < str.length() |==> false
2574:LVR:POS:0:org.apache.commons.lang3.StringUtils@abbreviate(java.lang.String,int,int):5738:230141:3 |==> 0
2575:LVR:POS:NEG:org.apache.commons.lang3.StringUtils@abbreviate(java.lang.String,int,int):5738:230141:3 |==> -3
2576:AOR:-(int,int):%(int,int):org.apache.commons.lang3.StringUtils@abbreviate(java.lang.String,int,int):5738:230130:maxWidth - 3 |==> maxWidth % 3
2577:AOR:-(int,int):*(int,int):org.apache.commons.lang3.StringUtils@abbreviate(java.lang.String,int,int):5738:230130:maxWidth - 3 |==> maxWidth * 3
2578:AOR:-(int,int):+(int,int):org.apache.commons.lang3.StringUtils@abbreviate(java.lang.String,int,int):5738:230130:maxWidth - 3 |==> maxWidth + 3
2579:AOR:-(int,int):/(int,int):org.apache.commons.lang3.StringUtils@abbreviate(java.lang.String,int,int):5738:230130:maxWidth - 3 |==> maxWidth / 3
2580:LVR:POS:0:org.apache.commons.lang3.StringUtils@abbreviate(java.lang.String,int,int):5740:230225:3 |==> 0
2581:LVR:POS:NEG:org.apache.commons.lang3.StringUtils@abbreviate(java.lang.String,int,int):5740:230225:3 |==> -3
2582:AOR:-(int,int):%(int,int):org.apache.commons.lang3.StringUtils@abbreviate(java.lang.String,int,int):5740:230214:maxWidth - 3 |==> maxWidth % 3
2583:AOR:-(int,int):*(int,int):org.apache.commons.lang3.StringUtils@abbreviate(java.lang.String,int,int):5740:230214:maxWidth - 3 |==> maxWidth * 3
2584:AOR:-(int,int):+(int,int):org.apache.commons.lang3.StringUtils@abbreviate(java.lang.String,int,int):5740:230214:maxWidth - 3 |==> maxWidth + 3
2585:AOR:-(int,int):/(int,int):org.apache.commons.lang3.StringUtils@abbreviate(java.lang.String,int,int):5740:230214:maxWidth - 3 |==> maxWidth / 3
2586:AOR:-(int,int):%(int,int):org.apache.commons.lang3.StringUtils@abbreviate(java.lang.String,int,int):5740:230198:str.length() - (maxWidth - 3) |==> str.length() % (maxWidth - 3)
2587:AOR:-(int,int):*(int,int):org.apache.commons.lang3.StringUtils@abbreviate(java.lang.String,int,int):5740:230198:str.length() - (maxWidth - 3) |==> str.length() * (maxWidth - 3)
2588:AOR:-(int,int):+(int,int):org.apache.commons.lang3.StringUtils@abbreviate(java.lang.String,int,int):5740:230198:str.length() - (maxWidth - 3) |==> str.length() + (maxWidth - 3)
2589:AOR:-(int,int):/(int,int):org.apache.commons.lang3.StringUtils@abbreviate(java.lang.String,int,int):5740:230198:str.length() - (maxWidth - 3) |==> str.length() / (maxWidth - 3)
2590:COR:||(boolean,boolean):!=(boolean,boolean):org.apache.commons.lang3.StringUtils@abbreviateMiddle(java.lang.String,java.lang.String,int):5773:231830:isEmpty(str) || isEmpty(middle) |==> isEmpty(str) != isEmpty(middle)
2591:COR:||(boolean,boolean):LHS(boolean,boolean):org.apache.commons.lang3.StringUtils@abbreviateMiddle(java.lang.String,java.lang.String,int):5773:231830:isEmpty(str) || isEmpty(middle) |==> isEmpty(str)
2592:COR:||(boolean,boolean):RHS(boolean,boolean):org.apache.commons.lang3.StringUtils@abbreviateMiddle(java.lang.String,java.lang.String,int):5773:231846:isEmpty(str) || isEmpty(middle) |==> isEmpty(middle)
2593:COR:||(boolean,boolean):TRUE(boolean,boolean):org.apache.commons.lang3.StringUtils@abbreviateMiddle(java.lang.String,java.lang.String,int):5773:231843:isEmpty(str) || isEmpty(middle) |==> true
2594:ROR:>=(int,int):==(int,int):org.apache.commons.lang3.StringUtils@abbreviateMiddle(java.lang.String,java.lang.String,int):5777:231912:length >= str.length() |==> length == str.length()
2595:ROR:>=(int,int):>(int,int):org.apache.commons.lang3.StringUtils@abbreviateMiddle(java.lang.String,java.lang.String,int):5777:231912:length >= str.length() |==> length > str.length()
2596:ROR:>=(int,int):TRUE(int,int):org.apache.commons.lang3.StringUtils@abbreviateMiddle(java.lang.String,java.lang.String,int):5777:231919:length >= str.length() |==> true
2597:LVR:POS:0:org.apache.commons.lang3.StringUtils@abbreviateMiddle(java.lang.String,java.lang.String,int):5777:231964:2 |==> 0
2598:LVR:POS:NEG:org.apache.commons.lang3.StringUtils@abbreviateMiddle(java.lang.String,java.lang.String,int):5777:231964:2 |==> -2
2599:AOR:+(int,int):%(int,int):org.apache.commons.lang3.StringUtils@abbreviateMiddle(java.lang.String,java.lang.String,int):5777:231948:middle.length() + 2 |==> middle.length() % 2
2600:AOR:+(int,int):*(int,int):org.apache.commons.lang3.StringUtils@abbreviateMiddle(java.lang.String,java.lang.String,int):5777:231948:middle.length() + 2 |==> middle.length() * 2
2601:AOR:+(int,int):-(int,int):org.apache.commons.lang3.StringUtils@abbreviateMiddle(java.lang.String,java.lang.String,int):5777:231948:middle.length() + 2 |==> middle.length() - 2
2602:AOR:+(int,int):/(int,int):org.apache.commons.lang3.StringUtils@abbreviateMiddle(java.lang.String,java.lang.String,int):5777:231948:middle.length() + 2 |==> middle.length() / 2
2603:ROR:<(int,int):!=(int,int):org.apache.commons.lang3.StringUtils@abbreviateMiddle(java.lang.String,java.lang.String,int):5777:231938:length < (middle.length() + 2) |==> length != (middle.length() + 2)
2604:ROR:<(int,int):<=(int,int):org.apache.commons.lang3.StringUtils@abbreviateMiddle(java.lang.String,java.lang.String,int):5777:231938:length < (middle.length() + 2) |==> length <= (middle.length() + 2)
2605:ROR:<(int,int):FALSE(int,int):org.apache.commons.lang3.StringUtils@abbreviateMiddle(java.lang.String,java.lang.String,int):5777:231945:length < (middle.length() + 2) |==> false
2606:COR:||(boolean,boolean):!=(boolean,boolean):org.apache.commons.lang3.StringUtils@abbreviateMiddle(java.lang.String,java.lang.String,int):5777:231912:length >= str.length() || length < (middle.length() + 2) |==> length >= str.length() != length < (middle.length() + 2)
2607:COR:||(boolean,boolean):LHS(boolean,boolean):org.apache.commons.lang3.StringUtils@abbreviateMiddle(java.lang.String,java.lang.String,int):5777:231912:length >= str.length() || length < (middle.length() + 2) |==> length >= str.length()
2608:COR:||(boolean,boolean):RHS(boolean,boolean):org.apache.commons.lang3.StringUtils@abbreviateMiddle(java.lang.String,java.lang.String,int):5777:231938:length >= str.length() || length < (middle.length() + 2) |==> length < (middle.length() + 2)
2609:COR:||(boolean,boolean):TRUE(boolean,boolean):org.apache.commons.lang3.StringUtils@abbreviateMiddle(java.lang.String,java.lang.String,int):5777:231935:length >= str.length() || length < (middle.length() + 2) |==> true
2610:AOR:-(int,int):%(int,int):org.apache.commons.lang3.StringUtils@abbreviateMiddle(java.lang.String,java.lang.String,int):5781:232031:length - middle.length() |==> length % middle.length()
2611:AOR:-(int,int):*(int,int):org.apache.commons.lang3.StringUtils@abbreviateMiddle(java.lang.String,java.lang.String,int):5781:232031:length - middle.length() |==> length * middle.length()
2612:AOR:-(int,int):+(int,int):org.apache.commons.lang3.StringUtils@abbreviateMiddle(java.lang.String,java.lang.String,int):5781:232031:length - middle.length() |==> length + middle.length()
2613:AOR:-(int,int):/(int,int):org.apache.commons.lang3.StringUtils@abbreviateMiddle(java.lang.String,java.lang.String,int):5781:232031:length - middle.length() |==> length / middle.length()
2614:LVR:POS:0:org.apache.commons.lang3.StringUtils@abbreviateMiddle(java.lang.String,java.lang.String,int):5782:232093:2 |==> 0
2615:LVR:POS:NEG:org.apache.commons.lang3.StringUtils@abbreviateMiddle(java.lang.String,java.lang.String,int):5782:232093:2 |==> -2
2616:AOR:/(int,int):%(int,int):org.apache.commons.lang3.StringUtils@abbreviateMiddle(java.lang.String,java.lang.String,int):5782:232081:targetSting / 2 |==> targetSting % 2
2617:AOR:/(int,int):*(int,int):org.apache.commons.lang3.StringUtils@abbreviateMiddle(java.lang.String,java.lang.String,int):5782:232081:targetSting / 2 |==> targetSting * 2
2618:AOR:/(int,int):+(int,int):org.apache.commons.lang3.StringUtils@abbreviateMiddle(java.lang.String,java.lang.String,int):5782:232081:targetSting / 2 |==> targetSting + 2
2619:AOR:/(int,int):-(int,int):org.apache.commons.lang3.StringUtils@abbreviateMiddle(java.lang.String,java.lang.String,int):5782:232081:targetSting / 2 |==> targetSting - 2
2620:LVR:POS:0:org.apache.commons.lang3.StringUtils@abbreviateMiddle(java.lang.String,java.lang.String,int):5782:232107:2 |==> 0
2621:AOR:%(int,int):*(int,int):org.apache.commons.lang3.StringUtils@abbreviateMiddle(java.lang.String,java.lang.String,int):5782:232095:targetSting % 2 |==> targetSting * 2
2622:AOR:%(int,int):+(int,int):org.apache.commons.lang3.StringUtils@abbreviateMiddle(java.lang.String,java.lang.String,int):5782:232095:targetSting % 2 |==> targetSting + 2
2623:AOR:%(int,int):-(int,int):org.apache.commons.lang3.StringUtils@abbreviateMiddle(java.lang.String,java.lang.String,int):5782:232095:targetSting % 2 |==> targetSting - 2
2624:AOR:%(int,int):/(int,int):org.apache.commons.lang3.StringUtils@abbreviateMiddle(java.lang.String,java.lang.String,int):5782:232095:targetSting % 2 |==> targetSting / 2
2625:AOR:+(int,int):%(int,int):org.apache.commons.lang3.StringUtils@abbreviateMiddle(java.lang.String,java.lang.String,int):5782:232081:targetSting / 2 + targetSting % 2 |==> targetSting / 2 % (targetSting % 2)
2626:AOR:+(int,int):*(int,int):org.apache.commons.lang3.StringUtils@abbreviateMiddle(java.lang.String,java.lang.String,int):5782:232081:targetSting / 2 + targetSting % 2 |==> targetSting / 2 * (targetSting % 2)
2627:AOR:+(int,int):-(int,int):org.apache.commons.lang3.StringUtils@abbreviateMiddle(java.lang.String,java.lang.String,int):5782:232081:targetSting / 2 + targetSting % 2 |==> targetSting / 2 - targetSting % 2
2628:AOR:+(int,int):/(int,int):org.apache.commons.lang3.StringUtils@abbreviateMiddle(java.lang.String,java.lang.String,int):5782:232081:targetSting / 2 + targetSting % 2 |==> targetSting / 2 / (targetSting % 2)
2629:LVR:POS:0:org.apache.commons.lang3.StringUtils@abbreviateMiddle(java.lang.String,java.lang.String,int):5783:232159:2 |==> 0
2630:LVR:POS:NEG:org.apache.commons.lang3.StringUtils@abbreviateMiddle(java.lang.String,java.lang.String,int):5783:232159:2 |==> -2
2631:AOR:/(int,int):%(int,int):org.apache.commons.lang3.StringUtils@abbreviateMiddle(java.lang.String,java.lang.String,int):5783:232147:targetSting / 2 |==> targetSting % 2
2632:AOR:/(int,int):*(int,int):org.apache.commons.lang3.StringUtils@abbreviateMiddle(java.lang.String,java.lang.String,int):5783:232147:targetSting / 2 |==> targetSting * 2
2633:AOR:/(int,int):+(int,int):org.apache.commons.lang3.StringUtils@abbreviateMiddle(java.lang.String,java.lang.String,int):5783:232147:targetSting / 2 |==> targetSting + 2
2634:AOR:/(int,int):-(int,int):org.apache.commons.lang3.StringUtils@abbreviateMiddle(java.lang.String,java.lang.String,int):5783:232147:targetSting / 2 |==> targetSting - 2
2635:AOR:-(int,int):%(int,int):org.apache.commons.lang3.StringUtils@abbreviateMiddle(java.lang.String,java.lang.String,int):5783:232134:str.length() - targetSting / 2 |==> str.length() % (targetSting / 2)
2636:AOR:-(int,int):*(int,int):org.apache.commons.lang3.StringUtils@abbreviateMiddle(java.lang.String,java.lang.String,int):5783:232134:str.length() - targetSting / 2 |==> str.length() * (targetSting / 2)
2637:AOR:-(int,int):+(int,int):org.apache.commons.lang3.StringUtils@abbreviateMiddle(java.lang.String,java.lang.String,int):5783:232134:str.length() - targetSting / 2 |==> str.length() + targetSting / 2
2638:AOR:-(int,int):/(int,int):org.apache.commons.lang3.StringUtils@abbreviateMiddle(java.lang.String,java.lang.String,int):5783:232134:str.length() - targetSting / 2 |==> str.length() / (targetSting / 2)
2639:LVR:0:POS:org.apache.commons.lang3.StringUtils@abbreviateMiddle(java.lang.String,java.lang.String,int):5786:232259:0 |==> 1
2640:LVR:0:NEG:org.apache.commons.lang3.StringUtils@abbreviateMiddle(java.lang.String,java.lang.String,int):5786:232259:0 |==> -1
2641:STD:<CALL>:<NO-OP>:org.apache.commons.lang3.StringUtils@abbreviateMiddle(java.lang.String,java.lang.String,int):5786:232230:builder.append(str.substring(0, startOffset)); |==> <NO-OP>
2642:STD:<CALL>:<NO-OP>:org.apache.commons.lang3.StringUtils@abbreviateMiddle(java.lang.String,java.lang.String,int):5787:232284:builder.append(middle); |==> <NO-OP>
2643:STD:<CALL>:<NO-OP>:org.apache.commons.lang3.StringUtils@abbreviateMiddle(java.lang.String,java.lang.String,int):5788:232316:builder.append(str.substring(endOffset)); |==> <NO-OP>
2644:ROR:==(java.lang.Object,java.lang.Object):FALSE(java.lang.Object,java.lang.Object):org.apache.commons.lang3.StringUtils@difference(java.lang.String,java.lang.String):5821:233577:str1 == null |==> false
2645:ROR:==(java.lang.Object,java.lang.Object):FALSE(java.lang.Object,java.lang.Object):org.apache.commons.lang3.StringUtils@difference(java.lang.String,java.lang.String):5824:233640:str2 == null |==> false
2646:ROR:==(int,int):<=(int,int):org.apache.commons.lang3.StringUtils@difference(java.lang.String,java.lang.String):5828:233746:at == INDEX_NOT_FOUND |==> at <= INDEX_NOT_FOUND
2647:ROR:==(int,int):>=(int,int):org.apache.commons.lang3.StringUtils@difference(java.lang.String,java.lang.String):5828:233746:at == INDEX_NOT_FOUND |==> at >= INDEX_NOT_FOUND
2648:ROR:==(int,int):FALSE(int,int):org.apache.commons.lang3.StringUtils@difference(java.lang.String,java.lang.String):5828:233749:at == INDEX_NOT_FOUND |==> false
2649:ROR:==(java.lang.Object,java.lang.Object):FALSE(java.lang.Object,java.lang.Object):org.apache.commons.lang3.StringUtils@indexOfDifference(java.lang.CharSequence,java.lang.CharSequence):5860:234998:cs1 == cs2 |==> false
2650:ROR:==(java.lang.Object,java.lang.Object):FALSE(java.lang.Object,java.lang.Object):org.apache.commons.lang3.StringUtils@indexOfDifference(java.lang.CharSequence,java.lang.CharSequence):5863:235070:cs1 == null |==> false
2651:ROR:==(java.lang.Object,java.lang.Object):FALSE(java.lang.Object,java.lang.Object):org.apache.commons.lang3.StringUtils@indexOfDifference(java.lang.CharSequence,java.lang.CharSequence):5863:235085:cs2 == null |==> false
2652:COR:||(boolean,boolean):!=(boolean,boolean):org.apache.commons.lang3.StringUtils@indexOfDifference(java.lang.CharSequence,java.lang.CharSequence):5863:235066:cs1 == null || cs2 == null |==> cs1 == null != (cs2 == null)
2653:COR:||(boolean,boolean):LHS(boolean,boolean):org.apache.commons.lang3.StringUtils@indexOfDifference(java.lang.CharSequence,java.lang.CharSequence):5863:235066:cs1 == null || cs2 == null |==> cs1 == null
2654:COR:||(boolean,boolean):RHS(boolean,boolean):org.apache.commons.lang3.StringUtils@indexOfDifference(java.lang.CharSequence,java.lang.CharSequence):5863:235081:cs1 == null || cs2 == null |==> cs2 == null
2655:COR:||(boolean,boolean):TRUE(boolean,boolean):org.apache.commons.lang3.StringUtils@indexOfDifference(java.lang.CharSequence,java.lang.CharSequence):5863:235078:cs1 == null || cs2 == null |==> true
2656:LVR:0:POS:org.apache.commons.lang3.StringUtils@indexOfDifference(java.lang.CharSequence,java.lang.CharSequence):5864:235115:0 |==> 1
2657:LVR:0:NEG:org.apache.commons.lang3.StringUtils@indexOfDifference(java.lang.CharSequence,java.lang.CharSequence):5864:235115:0 |==> -1
2658:LVR:0:POS:org.apache.commons.lang3.StringUtils@indexOfDifference(java.lang.CharSequence,java.lang.CharSequence):5867:235160:0 |==> 1
2659:LVR:0:NEG:org.apache.commons.lang3.StringUtils@indexOfDifference(java.lang.CharSequence,java.lang.CharSequence):5867:235160:0 |==> -1
2660:ROR:<(int,int):!=(int,int):org.apache.commons.lang3.StringUtils@indexOfDifference(java.lang.CharSequence,java.lang.CharSequence):5867:235163:i < cs1.length() |==> i != cs1.length()
2661:ROR:<(int,int):<=(int,int):org.apache.commons.lang3.StringUtils@indexOfDifference(java.lang.CharSequence,java.lang.CharSequence):5867:235163:i < cs1.length() |==> i <= cs1.length()
2662:ROR:<(int,int):FALSE(int,int):org.apache.commons.lang3.StringUtils@indexOfDifference(java.lang.CharSequence,java.lang.CharSequence):5867:235165:i < cs1.length() |==> false
2663:ROR:<(int,int):!=(int,int):org.apache.commons.lang3.StringUtils@indexOfDifference(java.lang.CharSequence,java.lang.CharSequence):5867:235183:i < cs2.length() |==> i != cs2.length()
2664:ROR:<(int,int):<=(int,int):org.apache.commons.lang3.StringUtils@indexOfDifference(java.lang.CharSequence,java.lang.CharSequence):5867:235183:i < cs2.length() |==> i <= cs2.length()
2665:ROR:<(int,int):FALSE(int,int):org.apache.commons.lang3.StringUtils@indexOfDifference(java.lang.CharSequence,java.lang.CharSequence):5867:235185:i < cs2.length() |==> false
2666:COR:&&(boolean,boolean):==(boolean,boolean):org.apache.commons.lang3.StringUtils@indexOfDifference(java.lang.CharSequence,java.lang.CharSequence):5867:235163:i < cs1.length() && i < cs2.length() |==> i < cs1.length() == i < cs2.length()
2667:COR:&&(boolean,boolean):FALSE(boolean,boolean):org.apache.commons.lang3.StringUtils@indexOfDifference(java.lang.CharSequence,java.lang.CharSequence):5867:235180:i < cs1.length() && i < cs2.length() |==> false
2668:COR:&&(boolean,boolean):LHS(boolean,boolean):org.apache.commons.lang3.StringUtils@indexOfDifference(java.lang.CharSequence,java.lang.CharSequence):5867:235163:i < cs1.length() && i < cs2.length() |==> i < cs1.length()
2669:COR:&&(boolean,boolean):RHS(boolean,boolean):org.apache.commons.lang3.StringUtils@indexOfDifference(java.lang.CharSequence,java.lang.CharSequence):5867:235183:i < cs1.length() && i < cs2.length() |==> i < cs2.length()
2670:ROR:!=(int,int):<(int,int):org.apache.commons.lang3.StringUtils@indexOfDifference(java.lang.CharSequence,java.lang.CharSequence):5868:235224:cs1.charAt(i) != cs2.charAt(i) |==> cs1.charAt(i) < cs2.charAt(i)
2671:ROR:!=(int,int):>(int,int):org.apache.commons.lang3.StringUtils@indexOfDifference(java.lang.CharSequence,java.lang.CharSequence):5868:235224:cs1.charAt(i) != cs2.charAt(i) |==> cs1.charAt(i) > cs2.charAt(i)
2672:ROR:!=(int,int):TRUE(int,int):org.apache.commons.lang3.StringUtils@indexOfDifference(java.lang.CharSequence,java.lang.CharSequence):5868:235238:cs1.charAt(i) != cs2.charAt(i) |==> true
2673:ROR:<(int,int):!=(int,int):org.apache.commons.lang3.StringUtils@indexOfDifference(java.lang.CharSequence,java.lang.CharSequence):5872:235317:i < cs2.length() |==> i != cs2.length()
2674:ROR:<(int,int):<=(int,int):org.apache.commons.lang3.StringUtils@indexOfDifference(java.lang.CharSequence,java.lang.CharSequence):5872:235317:i < cs2.length() |==> i <= cs2.length()
2675:ROR:<(int,int):FALSE(int,int):org.apache.commons.lang3.StringUtils@indexOfDifference(java.lang.CharSequence,java.lang.CharSequence):5872:235319:i < cs2.length() |==> false
2676:ROR:<(int,int):!=(int,int):org.apache.commons.lang3.StringUtils@indexOfDifference(java.lang.CharSequence,java.lang.CharSequence):5872:235337:i < cs1.length() |==> i != cs1.length()
2677:ROR:<(int,int):<=(int,int):org.apache.commons.lang3.StringUtils@indexOfDifference(java.lang.CharSequence,java.lang.CharSequence):5872:235337:i < cs1.length() |==> i <= cs1.length()
2678:ROR:<(int,int):FALSE(int,int):org.apache.commons.lang3.StringUtils@indexOfDifference(java.lang.CharSequence,java.lang.CharSequence):5872:235339:i < cs1.length() |==> false
2679:COR:||(boolean,boolean):!=(boolean,boolean):org.apache.commons.lang3.StringUtils@indexOfDifference(java.lang.CharSequence,java.lang.CharSequence):5872:235317:i < cs2.length() || i < cs1.length() |==> i < cs2.length() != i < cs1.length()
2680:COR:||(boolean,boolean):LHS(boolean,boolean):org.apache.commons.lang3.StringUtils@indexOfDifference(java.lang.CharSequence,java.lang.CharSequence):5872:235317:i < cs2.length() || i < cs1.length() |==> i < cs2.length()
2681:COR:||(boolean,boolean):RHS(boolean,boolean):org.apache.commons.lang3.StringUtils@indexOfDifference(java.lang.CharSequence,java.lang.CharSequence):5872:235337:i < cs2.length() || i < cs1.length() |==> i < cs1.length()
2682:COR:||(boolean,boolean):TRUE(boolean,boolean):org.apache.commons.lang3.StringUtils@indexOfDifference(java.lang.CharSequence,java.lang.CharSequence):5872:235334:i < cs2.length() || i < cs1.length() |==> true
2683:ROR:==(java.lang.Object,java.lang.Object):FALSE(java.lang.Object,java.lang.Object):org.apache.commons.lang3.StringUtils@indexOfDifference(java.lang.CharSequence[]):5911:237263:css == null |==> false
2684:LVR:POS:0:org.apache.commons.lang3.StringUtils@indexOfDifference(java.lang.CharSequence[]):5911:237288:1 |==> 0
2685:LVR:POS:NEG:org.apache.commons.lang3.StringUtils@indexOfDifference(java.lang.CharSequence[]):5911:237288:1 |==> -1
2686:ROR:<=(int,int):<(int,int):org.apache.commons.lang3.StringUtils@indexOfDifference(java.lang.CharSequence[]):5911:237274:css.length <= 1 |==> css.length < 1
2687:ROR:<=(int,int):==(int,int):org.apache.commons.lang3.StringUtils@indexOfDifference(java.lang.CharSequence[]):5911:237274:css.length <= 1 |==> css.length == 1
2688:ROR:<=(int,int):TRUE(int,int):org.apache.commons.lang3.StringUtils@indexOfDifference(java.lang.CharSequence[]):5911:237285:css.length <= 1 |==> true
2689:COR:||(boolean,boolean):!=(boolean,boolean):org.apache.commons.lang3.StringUtils@indexOfDifference(java.lang.CharSequence[]):5911:237259:css == null || css.length <= 1 |==> css == null != css.length <= 1
2690:COR:||(boolean,boolean):LHS(boolean,boolean):org.apache.commons.lang3.StringUtils@indexOfDifference(java.lang.CharSequence[]):5911:237259:css == null || css.length <= 1 |==> css == null
2691:COR:||(boolean,boolean):RHS(boolean,boolean):org.apache.commons.lang3.StringUtils@indexOfDifference(java.lang.CharSequence[]):5911:237274:css == null || css.length <= 1 |==> css.length <= 1
2692:COR:||(boolean,boolean):TRUE(boolean,boolean):org.apache.commons.lang3.StringUtils@indexOfDifference(java.lang.CharSequence[]):5911:237271:css == null || css.length <= 1 |==> true
2693:LVR:FALSE:TRUE:org.apache.commons.lang3.StringUtils@indexOfDifference(java.lang.CharSequence[]):5914:237371:false |==> true
2694:LVR:TRUE:FALSE:org.apache.commons.lang3.StringUtils@indexOfDifference(java.lang.CharSequence[]):5915:237411:true |==> false
2695:LVR:0:POS:org.apache.commons.lang3.StringUtils@indexOfDifference(java.lang.CharSequence[]):5918:237528:0 |==> 1
2696:LVR:0:NEG:org.apache.commons.lang3.StringUtils@indexOfDifference(java.lang.CharSequence[]):5918:237528:0 |==> -1
2697:LVR:0:POS:org.apache.commons.lang3.StringUtils@indexOfDifference(java.lang.CharSequence[]):5923:237738:0 |==> 1
2698:LVR:0:NEG:org.apache.commons.lang3.StringUtils@indexOfDifference(java.lang.CharSequence[]):5923:237738:0 |==> -1
2699:ROR:<(int,int):!=(int,int):org.apache.commons.lang3.StringUtils@indexOfDifference(java.lang.CharSequence[]):5923:237741:i < arrayLen |==> i != arrayLen
2700:ROR:<(int,int):<=(int,int):org.apache.commons.lang3.StringUtils@indexOfDifference(java.lang.CharSequence[]):5923:237741:i < arrayLen |==> i <= arrayLen
2701:ROR:<(int,int):FALSE(int,int):org.apache.commons.lang3.StringUtils@indexOfDifference(java.lang.CharSequence[]):5923:237743:i < arrayLen |==> false
2702:ROR:==(java.lang.Object,java.lang.Object):FALSE(java.lang.Object,java.lang.Object):org.apache.commons.lang3.StringUtils@indexOfDifference(java.lang.CharSequence[]):5924:237785:css[i] == null |==> false
2703:LVR:TRUE:FALSE:org.apache.commons.lang3.StringUtils@indexOfDifference(java.lang.CharSequence[]):5925:237828:true |==> false
2704:STD:<ASSIGN>:<NO-OP>:org.apache.commons.lang3.StringUtils@indexOfDifference(java.lang.CharSequence[]):5925:237812:anyStringNull = true; |==> <NO-OP>
2705:LVR:0:POS:org.apache.commons.lang3.StringUtils@indexOfDifference(java.lang.CharSequence[]):5926:237867:0 |==> 1
2706:LVR:0:NEG:org.apache.commons.lang3.StringUtils@indexOfDifference(java.lang.CharSequence[]):5926:237867:0 |==> -1
2707:STD:<ASSIGN>:<NO-OP>:org.apache.commons.lang3.StringUtils@indexOfDifference(java.lang.CharSequence[]):5926:237850:shortestStrLen = 0; |==> <NO-OP>
2708:LVR:FALSE:TRUE:org.apache.commons.lang3.StringUtils@indexOfDifference(java.lang.CharSequence[]):5928:237924:false |==> true
2709:STD:<ASSIGN>:<NO-OP>:org.apache.commons.lang3.StringUtils@indexOfDifference(java.lang.CharSequence[]):5928:237907:allStringsNull = false; |==> <NO-OP>
2710:STD:<ASSIGN>:<NO-OP>:org.apache.commons.lang3.StringUtils@indexOfDifference(java.lang.CharSequence[]):5929:237947:shortestStrLen = Math.min(css[i].length(), shortestStrLen); |==> <NO-OP>
2711:STD:<ASSIGN>:<NO-OP>:org.apache.commons.lang3.StringUtils@indexOfDifference(java.lang.CharSequence[]):5930:238023:longestStrLen = Math.max(css[i].length(), longestStrLen); |==> <NO-OP>
2712:LVR:0:POS:org.apache.commons.lang3.StringUtils@indexOfDifference(java.lang.CharSequence[]):5935:238220:0 |==> 1
2713:LVR:0:NEG:org.apache.commons.lang3.StringUtils@indexOfDifference(java.lang.CharSequence[]):5935:238220:0 |==> -1
2714:ROR:==(int,int):<=(int,int):org.apache.commons.lang3.StringUtils@indexOfDifference(java.lang.CharSequence[]):5935:238203:longestStrLen == 0 |==> longestStrLen <= 0
2715:ROR:==(int,int):>=(int,int):org.apache.commons.lang3.StringUtils@indexOfDifference(java.lang.CharSequence[]):5935:238203:longestStrLen == 0 |==> longestStrLen >= 0
2716:ROR:==(int,int):FALSE(int,int):org.apache.commons.lang3.StringUtils@indexOfDifference(java.lang.CharSequence[]):5935:238217:longestStrLen == 0 |==> false
2717:COR:&&(boolean,boolean):==(boolean,boolean):org.apache.commons.lang3.StringUtils@indexOfDifference(java.lang.CharSequence[]):5935:238203:longestStrLen == 0 && !anyStringNull |==> longestStrLen == 0 == !anyStringNull
2718:COR:&&(boolean,boolean):FALSE(boolean,boolean):org.apache.commons.lang3.StringUtils@indexOfDifference(java.lang.CharSequence[]):5935:238222:longestStrLen == 0 && !anyStringNull |==> false
2719:COR:&&(boolean,boolean):LHS(boolean,boolean):org.apache.commons.lang3.StringUtils@indexOfDifference(java.lang.CharSequence[]):5935:238203:longestStrLen == 0 && !anyStringNull |==> longestStrLen == 0
2720:COR:&&(boolean,boolean):RHS(boolean,boolean):org.apache.commons.lang3.StringUtils@indexOfDifference(java.lang.CharSequence[]):5935:238225:longestStrLen == 0 && !anyStringNull |==> !anyStringNull
2721:COR:||(boolean,boolean):!=(boolean,boolean):org.apache.commons.lang3.StringUtils@indexOfDifference(java.lang.CharSequence[]):5935:238184:allStringsNull || (longestStrLen == 0 && !anyStringNull) |==> allStringsNull != (longestStrLen == 0 && !anyStringNull)
2722:COR:||(boolean,boolean):LHS(boolean,boolean):org.apache.commons.lang3.StringUtils@indexOfDifference(java.lang.CharSequence[]):5935:238184:allStringsNull || (longestStrLen == 0 && !anyStringNull) |==> allStringsNull
2723:COR:||(boolean,boolean):RHS(boolean,boolean):org.apache.commons.lang3.StringUtils@indexOfDifference(java.lang.CharSequence[]):5935:238202:allStringsNull || (longestStrLen == 0 && !anyStringNull) |==> (longestStrLen == 0 && !anyStringNull)
2724:COR:||(boolean,boolean):TRUE(boolean,boolean):org.apache.commons.lang3.StringUtils@indexOfDifference(java.lang.CharSequence[]):5935:238199:allStringsNull || (longestStrLen == 0 && !anyStringNull) |==> true
2725:LVR:0:POS:org.apache.commons.lang3.StringUtils@indexOfDifference(java.lang.CharSequence[]):5940:238389:0 |==> 1
2726:LVR:0:NEG:org.apache.commons.lang3.StringUtils@indexOfDifference(java.lang.CharSequence[]):5940:238389:0 |==> -1
2727:ROR:==(int,int):<=(int,int):org.apache.commons.lang3.StringUtils@indexOfDifference(java.lang.CharSequence[]):5940:238371:shortestStrLen == 0 |==> shortestStrLen <= 0
2728:ROR:==(int,int):>=(int,int):org.apache.commons.lang3.StringUtils@indexOfDifference(java.lang.CharSequence[]):5940:238371:shortestStrLen == 0 |==> shortestStrLen >= 0
2729:ROR:==(int,int):FALSE(int,int):org.apache.commons.lang3.StringUtils@indexOfDifference(java.lang.CharSequence[]):5940:238386:shortestStrLen == 0 |==> false
2730:LVR:0:POS:org.apache.commons.lang3.StringUtils@indexOfDifference(java.lang.CharSequence[]):5941:238413:0 |==> 1
2731:LVR:0:NEG:org.apache.commons.lang3.StringUtils@indexOfDifference(java.lang.CharSequence[]):5941:238413:0 |==> -1
2732:LVR:NEG:0:org.apache.commons.lang3.StringUtils@indexOfDifference(java.lang.CharSequence[]):5945:238525:-1 |==> 0
2733:LVR:NEG:POS:org.apache.commons.lang3.StringUtils@indexOfDifference(java.lang.CharSequence[]):5945:238525:-1 |==> 1
2734:LVR:0:POS:org.apache.commons.lang3.StringUtils@indexOfDifference(java.lang.CharSequence[]):5946:238558:0 |==> 1
2735:LVR:0:NEG:org.apache.commons.lang3.StringUtils@indexOfDifference(java.lang.CharSequence[]):5946:238558:0 |==> -1
2736:ROR:<(int,int):!=(int,int):org.apache.commons.lang3.StringUtils@indexOfDifference(java.lang.CharSequence[]):5946:238561:stringPos < shortestStrLen |==> stringPos != shortestStrLen
2737:ROR:<(int,int):<=(int,int):org.apache.commons.lang3.StringUtils@indexOfDifference(java.lang.CharSequence[]):5946:238561:stringPos < shortestStrLen |==> stringPos <= shortestStrLen
2738:ROR:<(int,int):FALSE(int,int):org.apache.commons.lang3.StringUtils@indexOfDifference(java.lang.CharSequence[]):5946:238571:stringPos < shortestStrLen |==> false
2739:LVR:0:POS:org.apache.commons.lang3.StringUtils@indexOfDifference(java.lang.CharSequence[]):5947:238642:0 |==> 1
2740:LVR:0:NEG:org.apache.commons.lang3.StringUtils@indexOfDifference(java.lang.CharSequence[]):5947:238642:0 |==> -1
2741:LVR:POS:0:org.apache.commons.lang3.StringUtils@indexOfDifference(java.lang.CharSequence[]):5948:238696:1 |==> 0
2742:LVR:POS:NEG:org.apache.commons.lang3.StringUtils@indexOfDifference(java.lang.CharSequence[]):5948:238696:1 |==> -1
2743:ROR:<(int,int):!=(int,int):org.apache.commons.lang3.StringUtils@indexOfDifference(java.lang.CharSequence[]):5948:238699:arrayPos < arrayLen |==> arrayPos != arrayLen
2744:ROR:<(int,int):<=(int,int):org.apache.commons.lang3.StringUtils@indexOfDifference(java.lang.CharSequence[]):5948:238699:arrayPos < arrayLen |==> arrayPos <= arrayLen
2745:ROR:<(int,int):FALSE(int,int):org.apache.commons.lang3.StringUtils@indexOfDifference(java.lang.CharSequence[]):5948:238708:arrayPos < arrayLen |==> false
2746:ROR:!=(int,int):<(int,int):org.apache.commons.lang3.StringUtils@indexOfDifference(java.lang.CharSequence[]):5949:238754:css[arrayPos].charAt(stringPos) != comparisonChar |==> css[arrayPos].charAt(stringPos) < comparisonChar
2747:ROR:!=(int,int):>(int,int):org.apache.commons.lang3.StringUtils@indexOfDifference(java.lang.CharSequence[]):5949:238754:css[arrayPos].charAt(stringPos) != comparisonChar |==> css[arrayPos].charAt(stringPos) > comparisonChar
2748:ROR:!=(int,int):TRUE(int,int):org.apache.commons.lang3.StringUtils@indexOfDifference(java.lang.CharSequence[]):5949:238786:css[arrayPos].charAt(stringPos) != comparisonChar |==> true
2749:STD:<ASSIGN>:<NO-OP>:org.apache.commons.lang3.StringUtils@indexOfDifference(java.lang.CharSequence[]):5950:238827:firstDiff = stringPos; |==> <NO-OP>
2750:LVR:NEG:0:org.apache.commons.lang3.StringUtils@indexOfDifference(java.lang.CharSequence[]):5954:238938:-1 |==> 0
2751:LVR:NEG:POS:org.apache.commons.lang3.StringUtils@indexOfDifference(java.lang.CharSequence[]):5954:238938:-1 |==> 1
2752:ROR:!=(int,int):<(int,int):org.apache.commons.lang3.StringUtils@indexOfDifference(java.lang.CharSequence[]):5954:238925:firstDiff != -1 |==> firstDiff < -1
2753:ROR:!=(int,int):>(int,int):org.apache.commons.lang3.StringUtils@indexOfDifference(java.lang.CharSequence[]):5954:238925:firstDiff != -1 |==> firstDiff > -1
2754:ROR:!=(int,int):TRUE(int,int):org.apache.commons.lang3.StringUtils@indexOfDifference(java.lang.CharSequence[]):5954:238935:firstDiff != -1 |==> true
2755:LVR:NEG:0:org.apache.commons.lang3.StringUtils@indexOfDifference(java.lang.CharSequence[]):5959:239017:-1 |==> 0
2756:LVR:NEG:POS:org.apache.commons.lang3.StringUtils@indexOfDifference(java.lang.CharSequence[]):5959:239017:-1 |==> 1
2757:ROR:==(int,int):<=(int,int):org.apache.commons.lang3.StringUtils@indexOfDifference(java.lang.CharSequence[]):5959:239004:firstDiff == -1 |==> firstDiff <= -1
2758:ROR:==(int,int):>=(int,int):org.apache.commons.lang3.StringUtils@indexOfDifference(java.lang.CharSequence[]):5959:239004:firstDiff == -1 |==> firstDiff >= -1
2759:ROR:==(int,int):FALSE(int,int):org.apache.commons.lang3.StringUtils@indexOfDifference(java.lang.CharSequence[]):5959:239014:firstDiff == -1 |==> false
2760:ROR:!=(int,int):<(int,int):org.apache.commons.lang3.StringUtils@indexOfDifference(java.lang.CharSequence[]):5959:239023:shortestStrLen != longestStrLen |==> shortestStrLen < longestStrLen
2761:ROR:!=(int,int):>(int,int):org.apache.commons.lang3.StringUtils@indexOfDifference(java.lang.CharSequence[]):5959:239023:shortestStrLen != longestStrLen |==> shortestStrLen > longestStrLen
2762:ROR:!=(int,int):TRUE(int,int):org.apache.commons.lang3.StringUtils@indexOfDifference(java.lang.CharSequence[]):5959:239038:shortestStrLen != longestStrLen |==> true
2763:COR:&&(boolean,boolean):==(boolean,boolean):org.apache.commons.lang3.StringUtils@indexOfDifference(java.lang.CharSequence[]):5959:239004:firstDiff == -1 && shortestStrLen != longestStrLen |==> firstDiff == -1 == (shortestStrLen != longestStrLen)
2764:COR:&&(boolean,boolean):FALSE(boolean,boolean):org.apache.commons.lang3.StringUtils@indexOfDifference(java.lang.CharSequence[]):5959:239020:firstDiff == -1 && shortestStrLen != longestStrLen |==> false
2765:COR:&&(boolean,boolean):LHS(boolean,boolean):org.apache.commons.lang3.StringUtils@indexOfDifference(java.lang.CharSequence[]):5959:239004:firstDiff == -1 && shortestStrLen != longestStrLen |==> firstDiff == -1
2766:COR:&&(boolean,boolean):RHS(boolean,boolean):org.apache.commons.lang3.StringUtils@indexOfDifference(java.lang.CharSequence[]):5959:239023:firstDiff == -1 && shortestStrLen != longestStrLen |==> shortestStrLen != longestStrLen
2767:ROR:==(java.lang.Object,java.lang.Object):FALSE(java.lang.Object,java.lang.Object):org.apache.commons.lang3.StringUtils@getCommonPrefix(java.lang.String[]):6002:241205:strs == null |==> false
2768:LVR:0:POS:org.apache.commons.lang3.StringUtils@getCommonPrefix(java.lang.String[]):6002:241231:0 |==> 1
2769:LVR:0:NEG:org.apache.commons.lang3.StringUtils@getCommonPrefix(java.lang.String[]):6002:241231:0 |==> -1
2770:ROR:==(int,int):>=(int,int):org.apache.commons.lang3.StringUtils@getCommonPrefix(java.lang.String[]):6002:241216:strs.length == 0 |==> strs.length >= 0
2771:ROR:==(int,int):FALSE(int,int):org.apache.commons.lang3.StringUtils@getCommonPrefix(java.lang.String[]):6002:241228:strs.length == 0 |==> false
2772:COR:||(boolean,boolean):!=(boolean,boolean):org.apache.commons.lang3.StringUtils@getCommonPrefix(java.lang.String[]):6002:241200:strs == null || strs.length == 0 |==> strs == null != (strs.length == 0)
2773:COR:||(boolean,boolean):LHS(boolean,boolean):org.apache.commons.lang3.StringUtils@getCommonPrefix(java.lang.String[]):6002:241200:strs == null || strs.length == 0 |==> strs == null
2774:COR:||(boolean,boolean):RHS(boolean,boolean):org.apache.commons.lang3.StringUtils@getCommonPrefix(java.lang.String[]):6002:241216:strs == null || strs.length == 0 |==> strs.length == 0
2775:COR:||(boolean,boolean):TRUE(boolean,boolean):org.apache.commons.lang3.StringUtils@getCommonPrefix(java.lang.String[]):6002:241213:strs == null || strs.length == 0 |==> true
2776:ROR:==(int,int):<=(int,int):org.apache.commons.lang3.StringUtils@getCommonPrefix(java.lang.String[]):6006:241343:smallestIndexOfDiff == INDEX_NOT_FOUND |==> smallestIndexOfDiff <= INDEX_NOT_FOUND
2777:ROR:==(int,int):>=(int,int):org.apache.commons.lang3.StringUtils@getCommonPrefix(java.lang.String[]):6006:241343:smallestIndexOfDiff == INDEX_NOT_FOUND |==> smallestIndexOfDiff >= INDEX_NOT_FOUND
2778:ROR:==(int,int):FALSE(int,int):org.apache.commons.lang3.StringUtils@getCommonPrefix(java.lang.String[]):6006:241363:smallestIndexOfDiff == INDEX_NOT_FOUND |==> false
2779:LVR:0:POS:org.apache.commons.lang3.StringUtils@getCommonPrefix(java.lang.String[]):6008:241448:0 |==> 1
2780:LVR:0:NEG:org.apache.commons.lang3.StringUtils@getCommonPrefix(java.lang.String[]):6008:241448:0 |==> -1
2781:ROR:==(java.lang.Object,java.lang.Object):FALSE(java.lang.Object,java.lang.Object):org.apache.commons.lang3.StringUtils@getCommonPrefix(java.lang.String[]):6008:241451:strs[0] == null |==> false
2782:LVR:0:POS:org.apache.commons.lang3.StringUtils@getCommonPrefix(java.lang.String[]):6011:241530:0 |==> 1
2783:LVR:0:NEG:org.apache.commons.lang3.StringUtils@getCommonPrefix(java.lang.String[]):6011:241530:0 |==> -1
2784:LVR:0:POS:org.apache.commons.lang3.StringUtils@getCommonPrefix(java.lang.String[]):6012:241576:0 |==> 1
2785:LVR:0:NEG:org.apache.commons.lang3.StringUtils@getCommonPrefix(java.lang.String[]):6012:241576:0 |==> -1
2786:ROR:==(int,int):<=(int,int):org.apache.commons.lang3.StringUtils@getCommonPrefix(java.lang.String[]):6012:241553:smallestIndexOfDiff == 0 |==> smallestIndexOfDiff <= 0
2787:ROR:==(int,int):>=(int,int):org.apache.commons.lang3.StringUtils@getCommonPrefix(java.lang.String[]):6012:241553:smallestIndexOfDiff == 0 |==> smallestIndexOfDiff >= 0
2788:ROR:==(int,int):FALSE(int,int):org.apache.commons.lang3.StringUtils@getCommonPrefix(java.lang.String[]):6012:241573:smallestIndexOfDiff == 0 |==> false
2789:LVR:0:POS:org.apache.commons.lang3.StringUtils@getCommonPrefix(java.lang.String[]):6017:241763:0 |==> 1
2790:LVR:0:NEG:org.apache.commons.lang3.StringUtils@getCommonPrefix(java.lang.String[]):6017:241763:0 |==> -1
2791:LVR:0:POS:org.apache.commons.lang3.StringUtils@getCommonPrefix(java.lang.String[]):6017:241776:0 |==> 1
2792:LVR:0:NEG:org.apache.commons.lang3.StringUtils@getCommonPrefix(java.lang.String[]):6017:241776:0 |==> -1
2793:ROR:==(java.lang.Object,java.lang.Object):FALSE(java.lang.Object,java.lang.Object):org.apache.commons.lang3.StringUtils@getLevenshteinDistance(java.lang.CharSequence,java.lang.CharSequence):6060:244007:s == null |==> false
2794:ROR:==(java.lang.Object,java.lang.Object):FALSE(java.lang.Object,java.lang.Object):org.apache.commons.lang3.StringUtils@getLevenshteinDistance(java.lang.CharSequence,java.lang.CharSequence):6060:244020:t == null |==> false
2795:COR:||(boolean,boolean):!=(boolean,boolean):org.apache.commons.lang3.StringUtils@getLevenshteinDistance(java.lang.CharSequence,java.lang.CharSequence):6060:244005:s == null || t == null |==> s == null != (t == null)
2796:COR:||(boolean,boolean):LHS(boolean,boolean):org.apache.commons.lang3.StringUtils@getLevenshteinDistance(java.lang.CharSequence,java.lang.CharSequence):6060:244005:s == null || t == null |==> s == null
2797:COR:||(boolean,boolean):RHS(boolean,boolean):org.apache.commons.lang3.StringUtils@getLevenshteinDistance(java.lang.CharSequence,java.lang.CharSequence):6060:244018:s == null || t == null |==> t == null
2798:COR:||(boolean,boolean):TRUE(boolean,boolean):org.apache.commons.lang3.StringUtils@getLevenshteinDistance(java.lang.CharSequence,java.lang.CharSequence):6060:244015:s == null || t == null |==> true
2799:LVR:0:POS:org.apache.commons.lang3.StringUtils@getLevenshteinDistance(java.lang.CharSequence,java.lang.CharSequence):6084:245430:0 |==> 1
2800:LVR:0:NEG:org.apache.commons.lang3.StringUtils@getLevenshteinDistance(java.lang.CharSequence,java.lang.CharSequence):6084:245430:0 |==> -1
2801:ROR:==(int,int):<=(int,int):org.apache.commons.lang3.StringUtils@getLevenshteinDistance(java.lang.CharSequence,java.lang.CharSequence):6084:245425:n == 0 |==> n <= 0
2802:ROR:==(int,int):>=(int,int):org.apache.commons.lang3.StringUtils@getLevenshteinDistance(java.lang.CharSequence,java.lang.CharSequence):6084:245425:n == 0 |==> n >= 0
2803:ROR:==(int,int):FALSE(int,int):org.apache.commons.lang3.StringUtils@getLevenshteinDistance(java.lang.CharSequence,java.lang.CharSequence):6084:245427:n == 0 |==> false
2804:LVR:0:POS:org.apache.commons.lang3.StringUtils@getLevenshteinDistance(java.lang.CharSequence,java.lang.CharSequence):6086:245481:0 |==> 1
2805:LVR:0:NEG:org.apache.commons.lang3.StringUtils@getLevenshteinDistance(java.lang.CharSequence,java.lang.CharSequence):6086:245481:0 |==> -1
2806:ROR:==(int,int):<=(int,int):org.apache.commons.lang3.StringUtils@getLevenshteinDistance(java.lang.CharSequence,java.lang.CharSequence):6086:245476:m == 0 |==> m <= 0
2807:ROR:==(int,int):>=(int,int):org.apache.commons.lang3.StringUtils@getLevenshteinDistance(java.lang.CharSequence,java.lang.CharSequence):6086:245476:m == 0 |==> m >= 0
2808:ROR:==(int,int):FALSE(int,int):org.apache.commons.lang3.StringUtils@getLevenshteinDistance(java.lang.CharSequence,java.lang.CharSequence):6086:245478:m == 0 |==> false
2809:ROR:>(int,int):!=(int,int):org.apache.commons.lang3.StringUtils@getLevenshteinDistance(java.lang.CharSequence,java.lang.CharSequence):6090:245531:n > m |==> n != m
2810:ROR:>(int,int):>=(int,int):org.apache.commons.lang3.StringUtils@getLevenshteinDistance(java.lang.CharSequence,java.lang.CharSequence):6090:245531:n > m |==> n >= m
2811:ROR:>(int,int):FALSE(int,int):org.apache.commons.lang3.StringUtils@getLevenshteinDistance(java.lang.CharSequence,java.lang.CharSequence):6090:245533:n > m |==> false
2812:STD:<ASSIGN>:<NO-OP>:org.apache.commons.lang3.StringUtils@getLevenshteinDistance(java.lang.CharSequence,java.lang.CharSequence):6093:245647:s = t; |==> <NO-OP>
2813:STD:<ASSIGN>:<NO-OP>:org.apache.commons.lang3.StringUtils@getLevenshteinDistance(java.lang.CharSequence,java.lang.CharSequence):6094:245666:t = tmp; |==> <NO-OP>
2814:STD:<ASSIGN>:<NO-OP>:org.apache.commons.lang3.StringUtils@getLevenshteinDistance(java.lang.CharSequence,java.lang.CharSequence):6095:245687:n = m; |==> <NO-OP>
2815:STD:<ASSIGN>:<NO-OP>:org.apache.commons.lang3.StringUtils@getLevenshteinDistance(java.lang.CharSequence,java.lang.CharSequence):6096:245706:m = t.length(); |==> <NO-OP>
2816:LVR:POS:0:org.apache.commons.lang3.StringUtils@getLevenshteinDistance(java.lang.CharSequence,java.lang.CharSequence):6099:245763:1 |==> 0
2817:LVR:POS:NEG:org.apache.commons.lang3.StringUtils@getLevenshteinDistance(java.lang.CharSequence,java.lang.CharSequence):6099:245763:1 |==> -1
2818:AOR:+(int,int):%(int,int):org.apache.commons.lang3.StringUtils@getLevenshteinDistance(java.lang.CharSequence,java.lang.CharSequence):6099:245759:n + 1 |==> n % 1
2819:AOR:+(int,int):*(int,int):org.apache.commons.lang3.StringUtils@getLevenshteinDistance(java.lang.CharSequence,java.lang.CharSequence):6099:245759:n + 1 |==> n * 1
2820:AOR:+(int,int):-(int,int):org.apache.commons.lang3.StringUtils@getLevenshteinDistance(java.lang.CharSequence,java.lang.CharSequence):6099:245759:n + 1 |==> n - 1
2821:AOR:+(int,int):/(int,int):org.apache.commons.lang3.StringUtils@getLevenshteinDistance(java.lang.CharSequence,java.lang.CharSequence):6099:245759:n + 1 |==> n / 1
2822:LVR:POS:0:org.apache.commons.lang3.StringUtils@getLevenshteinDistance(java.lang.CharSequence,java.lang.CharSequence):6100:245835:1 |==> 0
2823:LVR:POS:NEG:org.apache.commons.lang3.StringUtils@getLevenshteinDistance(java.lang.CharSequence,java.lang.CharSequence):6100:245835:1 |==> -1
2824:AOR:+(int,int):%(int,int):org.apache.commons.lang3.StringUtils@getLevenshteinDistance(java.lang.CharSequence,java.lang.CharSequence):6100:245831:n + 1 |==> n % 1
2825:AOR:+(int,int):*(int,int):org.apache.commons.lang3.StringUtils@getLevenshteinDistance(java.lang.CharSequence,java.lang.CharSequence):6100:245831:n + 1 |==> n * 1
2826:AOR:+(int,int):-(int,int):org.apache.commons.lang3.StringUtils@getLevenshteinDistance(java.lang.CharSequence,java.lang.CharSequence):6100:245831:n + 1 |==> n - 1
2827:AOR:+(int,int):/(int,int):org.apache.commons.lang3.StringUtils@getLevenshteinDistance(java.lang.CharSequence,java.lang.CharSequence):6100:245831:n + 1 |==> n / 1
2828:LVR:0:POS:org.apache.commons.lang3.StringUtils@getLevenshteinDistance(java.lang.CharSequence,java.lang.CharSequence):6111:246130:0 |==> 1
2829:LVR:0:NEG:org.apache.commons.lang3.StringUtils@getLevenshteinDistance(java.lang.CharSequence,java.lang.CharSequence):6111:246130:0 |==> -1
2830:ROR:<=(int,int):<(int,int):org.apache.commons.lang3.StringUtils@getLevenshteinDistance(java.lang.CharSequence,java.lang.CharSequence):6111:246133:i <= n |==> i < n
2831:ROR:<=(int,int):==(int,int):org.apache.commons.lang3.StringUtils@getLevenshteinDistance(java.lang.CharSequence,java.lang.CharSequence):6111:246133:i <= n |==> i == n
2832:ROR:<=(int,int):TRUE(int,int):org.apache.commons.lang3.StringUtils@getLevenshteinDistance(java.lang.CharSequence,java.lang.CharSequence):6111:246135:i <= n |==> true
2833:STD:<ASSIGN>:<NO-OP>:org.apache.commons.lang3.StringUtils@getLevenshteinDistance(java.lang.CharSequence,java.lang.CharSequence):6112:246160:p[i] = i; |==> <NO-OP>
2834:LVR:POS:0:org.apache.commons.lang3.StringUtils@getLevenshteinDistance(java.lang.CharSequence,java.lang.CharSequence):6115:246198:1 |==> 0
2835:LVR:POS:NEG:org.apache.commons.lang3.StringUtils@getLevenshteinDistance(java.lang.CharSequence,java.lang.CharSequence):6115:246198:1 |==> -1
2836:ROR:<=(int,int):<(int,int):org.apache.commons.lang3.StringUtils@getLevenshteinDistance(java.lang.CharSequence,java.lang.CharSequence):6115:246201:j <= m |==> j < m
2837:ROR:<=(int,int):==(int,int):org.apache.commons.lang3.StringUtils@getLevenshteinDistance(java.lang.CharSequence,java.lang.CharSequence):6115:246201:j <= m |==> j == m
2838:ROR:<=(int,int):TRUE(int,int):org.apache.commons.lang3.StringUtils@getLevenshteinDistance(java.lang.CharSequence,java.lang.CharSequence):6115:246203:j <= m |==> true
2839:LVR:POS:0:org.apache.commons.lang3.StringUtils@getLevenshteinDistance(java.lang.CharSequence,java.lang.CharSequence):6116:246247:1 |==> 0
2840:LVR:POS:NEG:org.apache.commons.lang3.StringUtils@getLevenshteinDistance(java.lang.CharSequence,java.lang.CharSequence):6116:246247:1 |==> -1
2841:AOR:-(int,int):%(int,int):org.apache.commons.lang3.StringUtils@getLevenshteinDistance(java.lang.CharSequence,java.lang.CharSequence):6116:246243:j - 1 |==> j % 1
2842:AOR:-(int,int):*(int,int):org.apache.commons.lang3.StringUtils@getLevenshteinDistance(java.lang.CharSequence,java.lang.CharSequence):6116:246243:j - 1 |==> j * 1
2843:AOR:-(int,int):+(int,int):org.apache.commons.lang3.StringUtils@getLevenshteinDistance(java.lang.CharSequence,java.lang.CharSequence):6116:246243:j - 1 |==> j + 1
2844:AOR:-(int,int):/(int,int):org.apache.commons.lang3.StringUtils@getLevenshteinDistance(java.lang.CharSequence,java.lang.CharSequence):6116:246243:j - 1 |==> j / 1
2845:LVR:0:POS:org.apache.commons.lang3.StringUtils@getLevenshteinDistance(java.lang.CharSequence,java.lang.CharSequence):6117:246265:0 |==> 1
2846:LVR:0:NEG:org.apache.commons.lang3.StringUtils@getLevenshteinDistance(java.lang.CharSequence,java.lang.CharSequence):6117:246265:0 |==> -1
2847:STD:<ASSIGN>:<NO-OP>:org.apache.commons.lang3.StringUtils@getLevenshteinDistance(java.lang.CharSequence,java.lang.CharSequence):6117:246263:d[0] = j; |==> <NO-OP>
2848:LVR:POS:0:org.apache.commons.lang3.StringUtils@getLevenshteinDistance(java.lang.CharSequence,java.lang.CharSequence):6119:246295:1 |==> 0
2849:LVR:POS:NEG:org.apache.commons.lang3.StringUtils@getLevenshteinDistance(java.lang.CharSequence,java.lang.CharSequence):6119:246295:1 |==> -1
2850:STD:<ASSIGN>:<NO-OP>:org.apache.commons.lang3.StringUtils@getLevenshteinDistance(java.lang.CharSequence,java.lang.CharSequence):6119:246291:i = 1; |==> <NO-OP>
2851:ROR:<=(int,int):<(int,int):org.apache.commons.lang3.StringUtils@getLevenshteinDistance(java.lang.CharSequence,java.lang.CharSequence):6119:246298:i <= n |==> i < n
2852:ROR:<=(int,int):==(int,int):org.apache.commons.lang3.StringUtils@getLevenshteinDistance(java.lang.CharSequence,java.lang.CharSequence):6119:246298:i <= n |==> i == n
2853:ROR:<=(int,int):TRUE(int,int):org.apache.commons.lang3.StringUtils@getLevenshteinDistance(java.lang.CharSequence,java.lang.CharSequence):6119:246300:i <= n |==> true
2854:LVR:POS:0:org.apache.commons.lang3.StringUtils@getLevenshteinDistance(java.lang.CharSequence,java.lang.CharSequence):6120:246349:1 |==> 0
2855:LVR:POS:NEG:org.apache.commons.lang3.StringUtils@getLevenshteinDistance(java.lang.CharSequence,java.lang.CharSequence):6120:246349:1 |==> -1
2856:AOR:-(int,int):%(int,int):org.apache.commons.lang3.StringUtils@getLevenshteinDistance(java.lang.CharSequence,java.lang.CharSequence):6120:246345:i - 1 |==> i % 1
2857:AOR:-(int,int):*(int,int):org.apache.commons.lang3.StringUtils@getLevenshteinDistance(java.lang.CharSequence,java.lang.CharSequence):6120:246345:i - 1 |==> i * 1
2858:AOR:-(int,int):+(int,int):org.apache.commons.lang3.StringUtils@getLevenshteinDistance(java.lang.CharSequence,java.lang.CharSequence):6120:246345:i - 1 |==> i + 1
2859:AOR:-(int,int):/(int,int):org.apache.commons.lang3.StringUtils@getLevenshteinDistance(java.lang.CharSequence,java.lang.CharSequence):6120:246345:i - 1 |==> i / 1
2860:ROR:==(int,int):<=(int,int):org.apache.commons.lang3.StringUtils@getLevenshteinDistance(java.lang.CharSequence,java.lang.CharSequence):6120:246336:s.charAt(i - 1) == t_j |==> s.charAt(i - 1) <= t_j
2861:ROR:==(int,int):>=(int,int):org.apache.commons.lang3.StringUtils@getLevenshteinDistance(java.lang.CharSequence,java.lang.CharSequence):6120:246336:s.charAt(i - 1) == t_j |==> s.charAt(i - 1) >= t_j
2862:ROR:==(int,int):FALSE(int,int):org.apache.commons.lang3.StringUtils@getLevenshteinDistance(java.lang.CharSequence,java.lang.CharSequence):6120:246352:s.charAt(i - 1) == t_j |==> false
2863:LVR:0:POS:org.apache.commons.lang3.StringUtils@getLevenshteinDistance(java.lang.CharSequence,java.lang.CharSequence):6120:246361:0 |==> 1
2864:LVR:0:NEG:org.apache.commons.lang3.StringUtils@getLevenshteinDistance(java.lang.CharSequence,java.lang.CharSequence):6120:246361:0 |==> -1
2865:LVR:POS:0:org.apache.commons.lang3.StringUtils@getLevenshteinDistance(java.lang.CharSequence,java.lang.CharSequence):6120:246365:1 |==> 0
2866:LVR:POS:NEG:org.apache.commons.lang3.StringUtils@getLevenshteinDistance(java.lang.CharSequence,java.lang.CharSequence):6120:246365:1 |==> -1
2867:LVR:POS:0:org.apache.commons.lang3.StringUtils@getLevenshteinDistance(java.lang.CharSequence,java.lang.CharSequence):6122:246508:1 |==> 0
2868:LVR:POS:NEG:org.apache.commons.lang3.StringUtils@getLevenshteinDistance(java.lang.CharSequence,java.lang.CharSequence):6122:246508:1 |==> -1
2869:AOR:-(int,int):%(int,int):org.apache.commons.lang3.StringUtils@getLevenshteinDistance(java.lang.CharSequence,java.lang.CharSequence):6122:246504:i - 1 |==> i % 1
2870:AOR:-(int,int):*(int,int):org.apache.commons.lang3.StringUtils@getLevenshteinDistance(java.lang.CharSequence,java.lang.CharSequence):6122:246504:i - 1 |==> i * 1
2871:AOR:-(int,int):+(int,int):org.apache.commons.lang3.StringUtils@getLevenshteinDistance(java.lang.CharSequence,java.lang.CharSequence):6122:246504:i - 1 |==> i + 1
2872:AOR:-(int,int):/(int,int):org.apache.commons.lang3.StringUtils@getLevenshteinDistance(java.lang.CharSequence,java.lang.CharSequence):6122:246504:i - 1 |==> i / 1
2873:LVR:POS:0:org.apache.commons.lang3.StringUtils@getLevenshteinDistance(java.lang.CharSequence,java.lang.CharSequence):6122:246513:1 |==> 0
2874:LVR:POS:NEG:org.apache.commons.lang3.StringUtils@getLevenshteinDistance(java.lang.CharSequence,java.lang.CharSequence):6122:246513:1 |==> -1
2875:AOR:+(int,int):%(int,int):org.apache.commons.lang3.StringUtils@getLevenshteinDistance(java.lang.CharSequence,java.lang.CharSequence):6122:246502:d[i - 1] + 1 |==> d[i - 1] % 1
2876:AOR:+(int,int):*(int,int):org.apache.commons.lang3.StringUtils@getLevenshteinDistance(java.lang.CharSequence,java.lang.CharSequence):6122:246502:d[i - 1] + 1 |==> d[i - 1] * 1
2877:AOR:+(int,int):-(int,int):org.apache.commons.lang3.StringUtils@getLevenshteinDistance(java.lang.CharSequence,java.lang.CharSequence):6122:246502:d[i - 1] + 1 |==> d[i - 1] - 1
2878:AOR:+(int,int):/(int,int):org.apache.commons.lang3.StringUtils@getLevenshteinDistance(java.lang.CharSequence,java.lang.CharSequence):6122:246502:d[i - 1] + 1 |==> d[i - 1] / 1
2879:LVR:POS:0:org.apache.commons.lang3.StringUtils@getLevenshteinDistance(java.lang.CharSequence,java.lang.CharSequence):6122:246523:1 |==> 0
2880:LVR:POS:NEG:org.apache.commons.lang3.StringUtils@getLevenshteinDistance(java.lang.CharSequence,java.lang.CharSequence):6122:246523:1 |==> -1
2881:AOR:+(int,int):%(int,int):org.apache.commons.lang3.StringUtils@getLevenshteinDistance(java.lang.CharSequence,java.lang.CharSequence):6122:246516:p[i] + 1 |==> p[i] % 1
2882:AOR:+(int,int):*(int,int):org.apache.commons.lang3.StringUtils@getLevenshteinDistance(java.lang.CharSequence,java.lang.CharSequence):6122:246516:p[i] + 1 |==> p[i] * 1
2883:AOR:+(int,int):-(int,int):org.apache.commons.lang3.StringUtils@getLevenshteinDistance(java.lang.CharSequence,java.lang.CharSequence):6122:246516:p[i] + 1 |==> p[i] - 1
2884:AOR:+(int,int):/(int,int):org.apache.commons.lang3.StringUtils@getLevenshteinDistance(java.lang.CharSequence,java.lang.CharSequence):6122:246516:p[i] + 1 |==> p[i] / 1
2885:LVR:POS:0:org.apache.commons.lang3.StringUtils@getLevenshteinDistance(java.lang.CharSequence,java.lang.CharSequence):6122:246533:1 |==> 0
2886:LVR:POS:NEG:org.apache.commons.lang3.StringUtils@getLevenshteinDistance(java.lang.CharSequence,java.lang.CharSequence):6122:246533:1 |==> -1
2887:AOR:-(int,int):%(int,int):org.apache.commons.lang3.StringUtils@getLevenshteinDistance(java.lang.CharSequence,java.lang.CharSequence):6122:246529:i - 1 |==> i % 1
2888:AOR:-(int,int):*(int,int):org.apache.commons.lang3.StringUtils@getLevenshteinDistance(java.lang.CharSequence,java.lang.CharSequence):6122:246529:i - 1 |==> i * 1
2889:AOR:-(int,int):+(int,int):org.apache.commons.lang3.StringUtils@getLevenshteinDistance(java.lang.CharSequence,java.lang.CharSequence):6122:246529:i - 1 |==> i + 1
2890:AOR:-(int,int):/(int,int):org.apache.commons.lang3.StringUtils@getLevenshteinDistance(java.lang.CharSequence,java.lang.CharSequence):6122:246529:i - 1 |==> i / 1
2891:AOR:+(int,int):%(int,int):org.apache.commons.lang3.StringUtils@getLevenshteinDistance(java.lang.CharSequence,java.lang.CharSequence):6122:246527:p[i - 1] + cost |==> p[i - 1] % cost
2892:AOR:+(int,int):*(int,int):org.apache.commons.lang3.StringUtils@getLevenshteinDistance(java.lang.CharSequence,java.lang.CharSequence):6122:246527:p[i - 1] + cost |==> p[i - 1] * cost
2893:AOR:+(int,int):-(int,int):org.apache.commons.lang3.StringUtils@getLevenshteinDistance(java.lang.CharSequence,java.lang.CharSequence):6122:246527:p[i - 1] + cost |==> p[i - 1] - cost
2894:AOR:+(int,int):/(int,int):org.apache.commons.lang3.StringUtils@getLevenshteinDistance(java.lang.CharSequence,java.lang.CharSequence):6122:246527:p[i - 1] + cost |==> p[i - 1] / cost
2895:STD:<ASSIGN>:<NO-OP>:org.apache.commons.lang3.StringUtils@getLevenshteinDistance(java.lang.CharSequence,java.lang.CharSequence):6122:246477:d[i] = Math.min(Math.min(d[i - 1] + 1, p[i] + 1), p[i - 1] + cost); |==> <NO-OP>
2896:STD:<ASSIGN>:<NO-OP>:org.apache.commons.lang3.StringUtils@getLevenshteinDistance(java.lang.CharSequence,java.lang.CharSequence):6127:246670:p = d; |==> <NO-OP>
2897:STD:<ASSIGN>:<NO-OP>:org.apache.commons.lang3.StringUtils@getLevenshteinDistance(java.lang.CharSequence,java.lang.CharSequence):6128:246689:d = _d; |==> <NO-OP>
2898:ROR:==(java.lang.Object,java.lang.Object):FALSE(java.lang.Object,java.lang.Object):org.apache.commons.lang3.StringUtils@getLevenshteinDistance(java.lang.CharSequence,java.lang.CharSequence,int):6169:248846:s == null |==> false
2899:ROR:==(java.lang.Object,java.lang.Object):FALSE(java.lang.Object,java.lang.Object):org.apache.commons.lang3.StringUtils@getLevenshteinDistance(java.lang.CharSequence,java.lang.CharSequence,int):6169:248859:t == null |==> false
2900:COR:||(boolean,boolean):!=(boolean,boolean):org.apache.commons.lang3.StringUtils@getLevenshteinDistance(java.lang.CharSequence,java.lang.CharSequence,int):6169:248844:s == null || t == null |==> s == null != (t == null)
2901:COR:||(boolean,boolean):LHS(boolean,boolean):org.apache.commons.lang3.StringUtils@getLevenshteinDistance(java.lang.CharSequence,java.lang.CharSequence,int):6169:248844:s == null || t == null |==> s == null
2902:COR:||(boolean,boolean):RHS(boolean,boolean):org.apache.commons.lang3.StringUtils@getLevenshteinDistance(java.lang.CharSequence,java.lang.CharSequence,int):6169:248857:s == null || t == null |==> t == null
2903:COR:||(boolean,boolean):TRUE(boolean,boolean):org.apache.commons.lang3.StringUtils@getLevenshteinDistance(java.lang.CharSequence,java.lang.CharSequence,int):6169:248854:s == null || t == null |==> true
2904:LVR:0:POS:org.apache.commons.lang3.StringUtils@getLevenshteinDistance(java.lang.CharSequence,java.lang.CharSequence,int):6172:248980:0 |==> 1
2905:LVR:0:NEG:org.apache.commons.lang3.StringUtils@getLevenshteinDistance(java.lang.CharSequence,java.lang.CharSequence,int):6172:248980:0 |==> -1
2906:ROR:<(int,int):!=(int,int):org.apache.commons.lang3.StringUtils@getLevenshteinDistance(java.lang.CharSequence,java.lang.CharSequence,int):6172:248968:threshold < 0 |==> threshold != 0
2907:ROR:<(int,int):<=(int,int):org.apache.commons.lang3.StringUtils@getLevenshteinDistance(java.lang.CharSequence,java.lang.CharSequence,int):6172:248968:threshold < 0 |==> threshold <= 0
2908:ROR:<(int,int):FALSE(int,int):org.apache.commons.lang3.StringUtils@getLevenshteinDistance(java.lang.CharSequence,java.lang.CharSequence,int):6172:248978:threshold < 0 |==> false
2909:LVR:0:POS:org.apache.commons.lang3.StringUtils@getLevenshteinDistance(java.lang.CharSequence,java.lang.CharSequence,int):6224:251528:0 |==> 1
2910:LVR:0:NEG:org.apache.commons.lang3.StringUtils@getLevenshteinDistance(java.lang.CharSequence,java.lang.CharSequence,int):6224:251528:0 |==> -1
2911:ROR:==(int,int):<=(int,int):org.apache.commons.lang3.StringUtils@getLevenshteinDistance(java.lang.CharSequence,java.lang.CharSequence,int):6224:251523:n == 0 |==> n <= 0
2912:ROR:==(int,int):>=(int,int):org.apache.commons.lang3.StringUtils@getLevenshteinDistance(java.lang.CharSequence,java.lang.CharSequence,int):6224:251523:n == 0 |==> n >= 0
2913:ROR:==(int,int):FALSE(int,int):org.apache.commons.lang3.StringUtils@getLevenshteinDistance(java.lang.CharSequence,java.lang.CharSequence,int):6224:251525:n == 0 |==> false
2914:ROR:<=(int,int):<(int,int):org.apache.commons.lang3.StringUtils@getLevenshteinDistance(java.lang.CharSequence,java.lang.CharSequence,int):6225:251552:m <= threshold |==> m < threshold
2915:ROR:<=(int,int):==(int,int):org.apache.commons.lang3.StringUtils@getLevenshteinDistance(java.lang.CharSequence,java.lang.CharSequence,int):6225:251552:m <= threshold |==> m == threshold
2916:ROR:<=(int,int):TRUE(int,int):org.apache.commons.lang3.StringUtils@getLevenshteinDistance(java.lang.CharSequence,java.lang.CharSequence,int):6225:251554:m <= threshold |==> true
2917:LVR:NEG:0:org.apache.commons.lang3.StringUtils@getLevenshteinDistance(java.lang.CharSequence,java.lang.CharSequence,int):6225:251573:-1 |==> 0
2918:LVR:NEG:POS:org.apache.commons.lang3.StringUtils@getLevenshteinDistance(java.lang.CharSequence,java.lang.CharSequence,int):6225:251573:-1 |==> 1
2919:LVR:0:POS:org.apache.commons.lang3.StringUtils@getLevenshteinDistance(java.lang.CharSequence,java.lang.CharSequence,int):6226:251601:0 |==> 1
2920:LVR:0:NEG:org.apache.commons.lang3.StringUtils@getLevenshteinDistance(java.lang.CharSequence,java.lang.CharSequence,int):6226:251601:0 |==> -1
2921:ROR:==(int,int):<=(int,int):org.apache.commons.lang3.StringUtils@getLevenshteinDistance(java.lang.CharSequence,java.lang.CharSequence,int):6226:251596:m == 0 |==> m <= 0
2922:ROR:==(int,int):>=(int,int):org.apache.commons.lang3.StringUtils@getLevenshteinDistance(java.lang.CharSequence,java.lang.CharSequence,int):6226:251596:m == 0 |==> m >= 0
2923:ROR:==(int,int):FALSE(int,int):org.apache.commons.lang3.StringUtils@getLevenshteinDistance(java.lang.CharSequence,java.lang.CharSequence,int):6226:251598:m == 0 |==> false
2924:ROR:<=(int,int):<(int,int):org.apache.commons.lang3.StringUtils@getLevenshteinDistance(java.lang.CharSequence,java.lang.CharSequence,int):6227:251625:n <= threshold |==> n < threshold
2925:ROR:<=(int,int):==(int,int):org.apache.commons.lang3.StringUtils@getLevenshteinDistance(java.lang.CharSequence,java.lang.CharSequence,int):6227:251625:n <= threshold |==> n == threshold
2926:ROR:<=(int,int):TRUE(int,int):org.apache.commons.lang3.StringUtils@getLevenshteinDistance(java.lang.CharSequence,java.lang.CharSequence,int):6227:251627:n <= threshold |==> true
2927:LVR:NEG:0:org.apache.commons.lang3.StringUtils@getLevenshteinDistance(java.lang.CharSequence,java.lang.CharSequence,int):6227:251646:-1 |==> 0
2928:LVR:NEG:POS:org.apache.commons.lang3.StringUtils@getLevenshteinDistance(java.lang.CharSequence,java.lang.CharSequence,int):6227:251646:-1 |==> 1
2929:ROR:>(int,int):!=(int,int):org.apache.commons.lang3.StringUtils@getLevenshteinDistance(java.lang.CharSequence,java.lang.CharSequence,int):6230:251673:n > m |==> n != m
2930:ROR:>(int,int):>=(int,int):org.apache.commons.lang3.StringUtils@getLevenshteinDistance(java.lang.CharSequence,java.lang.CharSequence,int):6230:251673:n > m |==> n >= m
2931:ROR:>(int,int):FALSE(int,int):org.apache.commons.lang3.StringUtils@getLevenshteinDistance(java.lang.CharSequence,java.lang.CharSequence,int):6230:251675:n > m |==> false
2932:STD:<ASSIGN>:<NO-OP>:org.apache.commons.lang3.StringUtils@getLevenshteinDistance(java.lang.CharSequence,java.lang.CharSequence,int):6233:251787:s = t; |==> <NO-OP>
2933:STD:<ASSIGN>:<NO-OP>:org.apache.commons.lang3.StringUtils@getLevenshteinDistance(java.lang.CharSequence,java.lang.CharSequence,int):6234:251806:t = tmp; |==> <NO-OP>
2934:STD:<ASSIGN>:<NO-OP>:org.apache.commons.lang3.StringUtils@getLevenshteinDistance(java.lang.CharSequence,java.lang.CharSequence,int):6235:251827:n = m; |==> <NO-OP>
2935:STD:<ASSIGN>:<NO-OP>:org.apache.commons.lang3.StringUtils@getLevenshteinDistance(java.lang.CharSequence,java.lang.CharSequence,int):6236:251846:m = t.length(); |==> <NO-OP>
2936:LVR:POS:0:org.apache.commons.lang3.StringUtils@getLevenshteinDistance(java.lang.CharSequence,java.lang.CharSequence,int):6239:251903:1 |==> 0
2937:LVR:POS:NEG:org.apache.commons.lang3.StringUtils@getLevenshteinDistance(java.lang.CharSequence,java.lang.CharSequence,int):6239:251903:1 |==> -1
2938:AOR:+(int,int):%(int,int):org.apache.commons.lang3.StringUtils@getLevenshteinDistance(java.lang.CharSequence,java.lang.CharSequence,int):6239:251899:n + 1 |==> n % 1
2939:AOR:+(int,int):*(int,int):org.apache.commons.lang3.StringUtils@getLevenshteinDistance(java.lang.CharSequence,java.lang.CharSequence,int):6239:251899:n + 1 |==> n * 1
2940:AOR:+(int,int):-(int,int):org.apache.commons.lang3.StringUtils@getLevenshteinDistance(java.lang.CharSequence,java.lang.CharSequence,int):6239:251899:n + 1 |==> n - 1
2941:AOR:+(int,int):/(int,int):org.apache.commons.lang3.StringUtils@getLevenshteinDistance(java.lang.CharSequence,java.lang.CharSequence,int):6239:251899:n + 1 |==> n / 1
2942:LVR:POS:0:org.apache.commons.lang3.StringUtils@getLevenshteinDistance(java.lang.CharSequence,java.lang.CharSequence,int):6240:251976:1 |==> 0
2943:LVR:POS:NEG:org.apache.commons.lang3.StringUtils@getLevenshteinDistance(java.lang.CharSequence,java.lang.CharSequence,int):6240:251976:1 |==> -1
2944:AOR:+(int,int):%(int,int):org.apache.commons.lang3.StringUtils@getLevenshteinDistance(java.lang.CharSequence,java.lang.CharSequence,int):6240:251972:n + 1 |==> n % 1
2945:AOR:+(int,int):*(int,int):org.apache.commons.lang3.StringUtils@getLevenshteinDistance(java.lang.CharSequence,java.lang.CharSequence,int):6240:251972:n + 1 |==> n * 1
2946:AOR:+(int,int):-(int,int):org.apache.commons.lang3.StringUtils@getLevenshteinDistance(java.lang.CharSequence,java.lang.CharSequence,int):6240:251972:n + 1 |==> n - 1
2947:AOR:+(int,int):/(int,int):org.apache.commons.lang3.StringUtils@getLevenshteinDistance(java.lang.CharSequence,java.lang.CharSequence,int):6240:251972:n + 1 |==> n / 1
2948:LVR:POS:0:org.apache.commons.lang3.StringUtils@getLevenshteinDistance(java.lang.CharSequence,java.lang.CharSequence,int):6244:252161:1 |==> 0
2949:LVR:POS:NEG:org.apache.commons.lang3.StringUtils@getLevenshteinDistance(java.lang.CharSequence,java.lang.CharSequence,int):6244:252161:1 |==> -1
2950:AOR:+(int,int):%(int,int):org.apache.commons.lang3.StringUtils@getLevenshteinDistance(java.lang.CharSequence,java.lang.CharSequence,int):6244:252136:Math.min(n, threshold) + 1 |==> Math.min(n, threshold) % 1
2951:AOR:+(int,int):*(int,int):org.apache.commons.lang3.StringUtils@getLevenshteinDistance(java.lang.CharSequence,java.lang.CharSequence,int):6244:252136:Math.min(n, threshold) + 1 |==> Math.min(n, threshold) * 1
2952:AOR:+(int,int):-(int,int):org.apache.commons.lang3.StringUtils@getLevenshteinDistance(java.lang.CharSequence,java.lang.CharSequence,int):6244:252136:Math.min(n, threshold) + 1 |==> Math.min(n, threshold) - 1
2953:AOR:+(int,int):/(int,int):org.apache.commons.lang3.StringUtils@getLevenshteinDistance(java.lang.CharSequence,java.lang.CharSequence,int):6244:252136:Math.min(n, threshold) + 1 |==> Math.min(n, threshold) / 1
2954:LVR:0:POS:org.apache.commons.lang3.StringUtils@getLevenshteinDistance(java.lang.CharSequence,java.lang.CharSequence,int):6245:252185:0 |==> 1
2955:LVR:0:NEG:org.apache.commons.lang3.StringUtils@getLevenshteinDistance(java.lang.CharSequence,java.lang.CharSequence,int):6245:252185:0 |==> -1
2956:ROR:<(int,int):!=(int,int):org.apache.commons.lang3.StringUtils@getLevenshteinDistance(java.lang.CharSequence,java.lang.CharSequence,int):6245:252188:i < boundary |==> i != boundary
2957:ROR:<(int,int):<=(int,int):org.apache.commons.lang3.StringUtils@getLevenshteinDistance(java.lang.CharSequence,java.lang.CharSequence,int):6245:252188:i < boundary |==> i <= boundary
2958:ROR:<(int,int):FALSE(int,int):org.apache.commons.lang3.StringUtils@getLevenshteinDistance(java.lang.CharSequence,java.lang.CharSequence,int):6245:252190:i < boundary |==> false
2959:STD:<ASSIGN>:<NO-OP>:org.apache.commons.lang3.StringUtils@getLevenshteinDistance(java.lang.CharSequence,java.lang.CharSequence,int):6246:252221:p[i] = i; |==> <NO-OP>
2960:STD:<CALL>:<NO-OP>:org.apache.commons.lang3.StringUtils@getLevenshteinDistance(java.lang.CharSequence,java.lang.CharSequence,int):6250:252391:Arrays.fill(p, boundary, p.length, Integer.MAX_VALUE); |==> <NO-OP>
2961:STD:<CALL>:<NO-OP>:org.apache.commons.lang3.StringUtils@getLevenshteinDistance(java.lang.CharSequence,java.lang.CharSequence,int):6251:252454:Arrays.fill(d, Integer.MAX_VALUE); |==> <NO-OP>
2962:LVR:POS:0:org.apache.commons.lang3.StringUtils@getLevenshteinDistance(java.lang.CharSequence,java.lang.CharSequence,int):6254:252541:1 |==> 0
2963:LVR:POS:NEG:org.apache.commons.lang3.StringUtils@getLevenshteinDistance(java.lang.CharSequence,java.lang.CharSequence,int):6254:252541:1 |==> -1
2964:ROR:<=(int,int):<(int,int):org.apache.commons.lang3.StringUtils@getLevenshteinDistance(java.lang.CharSequence,java.lang.CharSequence,int):6254:252544:j <= m |==> j < m
2965:ROR:<=(int,int):==(int,int):org.apache.commons.lang3.StringUtils@getLevenshteinDistance(java.lang.CharSequence,java.lang.CharSequence,int):6254:252544:j <= m |==> j == m
2966:ROR:<=(int,int):TRUE(int,int):org.apache.commons.lang3.StringUtils@getLevenshteinDistance(java.lang.CharSequence,java.lang.CharSequence,int):6254:252546:j <= m |==> true
2967:LVR:POS:0:org.apache.commons.lang3.StringUtils@getLevenshteinDistance(java.lang.CharSequence,java.lang.CharSequence,int):6255:252595:1 |==> 0
2968:LVR:POS:NEG:org.apache.commons.lang3.StringUtils@getLevenshteinDistance(java.lang.CharSequence,java.lang.CharSequence,int):6255:252595:1 |==> -1
2969:AOR:-(int,int):%(int,int):org.apache.commons.lang3.StringUtils@getLevenshteinDistance(java.lang.CharSequence,java.lang.CharSequence,int):6255:252591:j - 1 |==> j % 1
2970:AOR:-(int,int):*(int,int):org.apache.commons.lang3.StringUtils@getLevenshteinDistance(java.lang.CharSequence,java.lang.CharSequence,int):6255:252591:j - 1 |==> j * 1
2971:AOR:-(int,int):+(int,int):org.apache.commons.lang3.StringUtils@getLevenshteinDistance(java.lang.CharSequence,java.lang.CharSequence,int):6255:252591:j - 1 |==> j + 1
2972:AOR:-(int,int):/(int,int):org.apache.commons.lang3.StringUtils@getLevenshteinDistance(java.lang.CharSequence,java.lang.CharSequence,int):6255:252591:j - 1 |==> j / 1
2973:LVR:0:POS:org.apache.commons.lang3.StringUtils@getLevenshteinDistance(java.lang.CharSequence,java.lang.CharSequence,int):6256:252635:0 |==> 1
2974:LVR:0:NEG:org.apache.commons.lang3.StringUtils@getLevenshteinDistance(java.lang.CharSequence,java.lang.CharSequence,int):6256:252635:0 |==> -1
2975:STD:<ASSIGN>:<NO-OP>:org.apache.commons.lang3.StringUtils@getLevenshteinDistance(java.lang.CharSequence,java.lang.CharSequence,int):6256:252633:d[0] = j; |==> <NO-OP>
2976:LVR:POS:0:org.apache.commons.lang3.StringUtils@getLevenshteinDistance(java.lang.CharSequence,java.lang.CharSequence,int):6259:252738:1 |==> 0
2977:LVR:POS:NEG:org.apache.commons.lang3.StringUtils@getLevenshteinDistance(java.lang.CharSequence,java.lang.CharSequence,int):6259:252738:1 |==> -1
2978:AOR:-(int,int):%(int,int):org.apache.commons.lang3.StringUtils@getLevenshteinDistance(java.lang.CharSequence,java.lang.CharSequence,int):6259:252741:j - threshold |==> j % threshold
2979:AOR:-(int,int):*(int,int):org.apache.commons.lang3.StringUtils@getLevenshteinDistance(java.lang.CharSequence,java.lang.CharSequence,int):6259:252741:j - threshold |==> j * threshold
2980:AOR:-(int,int):+(int,int):org.apache.commons.lang3.StringUtils@getLevenshteinDistance(java.lang.CharSequence,java.lang.CharSequence,int):6259:252741:j - threshold |==> j + threshold
2981:AOR:-(int,int):/(int,int):org.apache.commons.lang3.StringUtils@getLevenshteinDistance(java.lang.CharSequence,java.lang.CharSequence,int):6259:252741:j - threshold |==> j / threshold
2982:AOR:+(int,int):%(int,int):org.apache.commons.lang3.StringUtils@getLevenshteinDistance(java.lang.CharSequence,java.lang.CharSequence,int):6260:252791:j + threshold |==> j % threshold
2983:AOR:+(int,int):*(int,int):org.apache.commons.lang3.StringUtils@getLevenshteinDistance(java.lang.CharSequence,java.lang.CharSequence,int):6260:252791:j + threshold |==> j * threshold
2984:AOR:+(int,int):-(int,int):org.apache.commons.lang3.StringUtils@getLevenshteinDistance(java.lang.CharSequence,java.lang.CharSequence,int):6260:252791:j + threshold |==> j - threshold
2985:AOR:+(int,int):/(int,int):org.apache.commons.lang3.StringUtils@getLevenshteinDistance(java.lang.CharSequence,java.lang.CharSequence,int):6260:252791:j + threshold |==> j / threshold
2986:ROR:>(int,int):!=(int,int):org.apache.commons.lang3.StringUtils@getLevenshteinDistance(java.lang.CharSequence,java.lang.CharSequence,int):6263:252910:min > max |==> min != max
2987:ROR:>(int,int):>=(int,int):org.apache.commons.lang3.StringUtils@getLevenshteinDistance(java.lang.CharSequence,java.lang.CharSequence,int):6263:252910:min > max |==> min >= max
2988:ROR:>(int,int):FALSE(int,int):org.apache.commons.lang3.StringUtils@getLevenshteinDistance(java.lang.CharSequence,java.lang.CharSequence,int):6263:252914:min > max |==> false
2989:LVR:NEG:0:org.apache.commons.lang3.StringUtils@getLevenshteinDistance(java.lang.CharSequence,java.lang.CharSequence,int):6264:252946:-1 |==> 0
2990:LVR:NEG:POS:org.apache.commons.lang3.StringUtils@getLevenshteinDistance(java.lang.CharSequence,java.lang.CharSequence,int):6264:252946:-1 |==> 1
2991:LVR:POS:0:org.apache.commons.lang3.StringUtils@getLevenshteinDistance(java.lang.CharSequence,java.lang.CharSequence,int):6268:253032:1 |==> 0
2992:LVR:POS:NEG:org.apache.commons.lang3.StringUtils@getLevenshteinDistance(java.lang.CharSequence,java.lang.CharSequence,int):6268:253032:1 |==> -1
2993:ROR:>(int,int):!=(int,int):org.apache.commons.lang3.StringUtils@getLevenshteinDistance(java.lang.CharSequence,java.lang.CharSequence,int):6268:253026:min > 1 |==> min != 1
2994:ROR:>(int,int):>=(int,int):org.apache.commons.lang3.StringUtils@getLevenshteinDistance(java.lang.CharSequence,java.lang.CharSequence,int):6268:253026:min > 1 |==> min >= 1
2995:ROR:>(int,int):FALSE(int,int):org.apache.commons.lang3.StringUtils@getLevenshteinDistance(java.lang.CharSequence,java.lang.CharSequence,int):6268:253030:min > 1 |==> false
2996:LVR:POS:0:org.apache.commons.lang3.StringUtils@getLevenshteinDistance(java.lang.CharSequence,java.lang.CharSequence,int):6269:253061:1 |==> 0
2997:LVR:POS:NEG:org.apache.commons.lang3.StringUtils@getLevenshteinDistance(java.lang.CharSequence,java.lang.CharSequence,int):6269:253061:1 |==> -1
2998:AOR:-(int,int):%(int,int):org.apache.commons.lang3.StringUtils@getLevenshteinDistance(java.lang.CharSequence,java.lang.CharSequence,int):6269:253055:min - 1 |==> min % 1
2999:AOR:-(int,int):*(int,int):org.apache.commons.lang3.StringUtils@getLevenshteinDistance(java.lang.CharSequence,java.lang.CharSequence,int):6269:253055:min - 1 |==> min * 1
3000:AOR:-(int,int):+(int,int):org.apache.commons.lang3.StringUtils@getLevenshteinDistance(java.lang.CharSequence,java.lang.CharSequence,int):6269:253055:min - 1 |==> min + 1
3001:AOR:-(int,int):/(int,int):org.apache.commons.lang3.StringUtils@getLevenshteinDistance(java.lang.CharSequence,java.lang.CharSequence,int):6269:253055:min - 1 |==> min / 1
3002:STD:<ASSIGN>:<NO-OP>:org.apache.commons.lang3.StringUtils@getLevenshteinDistance(java.lang.CharSequence,java.lang.CharSequence,int):6269:253053:d[min - 1] = Integer.MAX_VALUE; |==> <NO-OP>
3003:ROR:<=(int,int):<(int,int):org.apache.commons.lang3.StringUtils@getLevenshteinDistance(java.lang.CharSequence,java.lang.CharSequence,int):6273:253178:i <= max |==> i < max
3004:ROR:<=(int,int):==(int,int):org.apache.commons.lang3.StringUtils@getLevenshteinDistance(java.lang.CharSequence,java.lang.CharSequence,int):6273:253178:i <= max |==> i == max
3005:ROR:<=(int,int):TRUE(int,int):org.apache.commons.lang3.StringUtils@getLevenshteinDistance(java.lang.CharSequence,java.lang.CharSequence,int):6273:253180:i <= max |==> true
3006:LVR:POS:0:org.apache.commons.lang3.StringUtils@getLevenshteinDistance(java.lang.CharSequence,java.lang.CharSequence,int):6274:253228:1 |==> 0
3007:LVR:POS:NEG:org.apache.commons.lang3.StringUtils@getLevenshteinDistance(java.lang.CharSequence,java.lang.CharSequence,int):6274:253228:1 |==> -1
3008:AOR:-(int,int):%(int,int):org.apache.commons.lang3.StringUtils@getLevenshteinDistance(java.lang.CharSequence,java.lang.CharSequence,int):6274:253224:i - 1 |==> i % 1
3009:AOR:-(int,int):*(int,int):org.apache.commons.lang3.StringUtils@getLevenshteinDistance(java.lang.CharSequence,java.lang.CharSequence,int):6274:253224:i - 1 |==> i * 1
3010:AOR:-(int,int):+(int,int):org.apache.commons.lang3.StringUtils@getLevenshteinDistance(java.lang.CharSequence,java.lang.CharSequence,int):6274:253224:i - 1 |==> i + 1
3011:AOR:-(int,int):/(int,int):org.apache.commons.lang3.StringUtils@getLevenshteinDistance(java.lang.CharSequence,java.lang.CharSequence,int):6274:253224:i - 1 |==> i / 1
3012:ROR:==(int,int):<=(int,int):org.apache.commons.lang3.StringUtils@getLevenshteinDistance(java.lang.CharSequence,java.lang.CharSequence,int):6274:253215:s.charAt(i - 1) == t_j |==> s.charAt(i - 1) <= t_j
3013:ROR:==(int,int):>=(int,int):org.apache.commons.lang3.StringUtils@getLevenshteinDistance(java.lang.CharSequence,java.lang.CharSequence,int):6274:253215:s.charAt(i - 1) == t_j |==> s.charAt(i - 1) >= t_j
3014:ROR:==(int,int):FALSE(int,int):org.apache.commons.lang3.StringUtils@getLevenshteinDistance(java.lang.CharSequence,java.lang.CharSequence,int):6274:253231:s.charAt(i - 1) == t_j |==> false
3015:LVR:POS:0:org.apache.commons.lang3.StringUtils@getLevenshteinDistance(java.lang.CharSequence,java.lang.CharSequence,int):6276:253320:1 |==> 0
3016:LVR:POS:NEG:org.apache.commons.lang3.StringUtils@getLevenshteinDistance(java.lang.CharSequence,java.lang.CharSequence,int):6276:253320:1 |==> -1
3017:AOR:-(int,int):%(int,int):org.apache.commons.lang3.StringUtils@getLevenshteinDistance(java.lang.CharSequence,java.lang.CharSequence,int):6276:253316:i - 1 |==> i % 1
3018:AOR:-(int,int):*(int,int):org.apache.commons.lang3.StringUtils@getLevenshteinDistance(java.lang.CharSequence,java.lang.CharSequence,int):6276:253316:i - 1 |==> i * 1
3019:AOR:-(int,int):+(int,int):org.apache.commons.lang3.StringUtils@getLevenshteinDistance(java.lang.CharSequence,java.lang.CharSequence,int):6276:253316:i - 1 |==> i + 1
3020:AOR:-(int,int):/(int,int):org.apache.commons.lang3.StringUtils@getLevenshteinDistance(java.lang.CharSequence,java.lang.CharSequence,int):6276:253316:i - 1 |==> i / 1
3021:STD:<ASSIGN>:<NO-OP>:org.apache.commons.lang3.StringUtils@getLevenshteinDistance(java.lang.CharSequence,java.lang.CharSequence,int):6276:253307:d[i] = p[i - 1]; |==> <NO-OP>
3022:LVR:POS:0:org.apache.commons.lang3.StringUtils@getLevenshteinDistance(java.lang.CharSequence,java.lang.CharSequence,int):6279:253467:1 |==> 0
3023:LVR:POS:NEG:org.apache.commons.lang3.StringUtils@getLevenshteinDistance(java.lang.CharSequence,java.lang.CharSequence,int):6279:253467:1 |==> -1
3024:LVR:POS:0:org.apache.commons.lang3.StringUtils@getLevenshteinDistance(java.lang.CharSequence,java.lang.CharSequence,int):6279:253495:1 |==> 0
3025:LVR:POS:NEG:org.apache.commons.lang3.StringUtils@getLevenshteinDistance(java.lang.CharSequence,java.lang.CharSequence,int):6279:253495:1 |==> -1
3026:AOR:-(int,int):%(int,int):org.apache.commons.lang3.StringUtils@getLevenshteinDistance(java.lang.CharSequence,java.lang.CharSequence,int):6279:253491:i - 1 |==> i % 1
3027:AOR:-(int,int):*(int,int):org.apache.commons.lang3.StringUtils@getLevenshteinDistance(java.lang.CharSequence,java.lang.CharSequence,int):6279:253491:i - 1 |==> i * 1
3028:AOR:-(int,int):+(int,int):org.apache.commons.lang3.StringUtils@getLevenshteinDistance(java.lang.CharSequence,java.lang.CharSequence,int):6279:253491:i - 1 |==> i + 1
3029:AOR:-(int,int):/(int,int):org.apache.commons.lang3.StringUtils@getLevenshteinDistance(java.lang.CharSequence,java.lang.CharSequence,int):6279:253491:i - 1 |==> i / 1
3030:LVR:POS:0:org.apache.commons.lang3.StringUtils@getLevenshteinDistance(java.lang.CharSequence,java.lang.CharSequence,int):6279:253512:1 |==> 0
3031:LVR:POS:NEG:org.apache.commons.lang3.StringUtils@getLevenshteinDistance(java.lang.CharSequence,java.lang.CharSequence,int):6279:253512:1 |==> -1
3032:AOR:-(int,int):%(int,int):org.apache.commons.lang3.StringUtils@getLevenshteinDistance(java.lang.CharSequence,java.lang.CharSequence,int):6279:253508:i - 1 |==> i % 1
3033:AOR:-(int,int):*(int,int):org.apache.commons.lang3.StringUtils@getLevenshteinDistance(java.lang.CharSequence,java.lang.CharSequence,int):6279:253508:i - 1 |==> i * 1
3034:AOR:-(int,int):+(int,int):org.apache.commons.lang3.StringUtils@getLevenshteinDistance(java.lang.CharSequence,java.lang.CharSequence,int):6279:253508:i - 1 |==> i + 1
3035:AOR:-(int,int):/(int,int):org.apache.commons.lang3.StringUtils@getLevenshteinDistance(java.lang.CharSequence,java.lang.CharSequence,int):6279:253508:i - 1 |==> i / 1
3036:AOR:+(int,int):%(int,int):org.apache.commons.lang3.StringUtils@getLevenshteinDistance(java.lang.CharSequence,java.lang.CharSequence,int):6279:253467:1 + Math.min(Math.min(d[i - 1], p[i]), p[i - 1]) |==> 1 % Math.min(Math.min(d[i - 1], p[i]), p[i - 1])
3037:AOR:+(int,int):*(int,int):org.apache.commons.lang3.StringUtils@getLevenshteinDistance(java.lang.CharSequence,java.lang.CharSequence,int):6279:253467:1 + Math.min(Math.min(d[i - 1], p[i]), p[i - 1]) |==> 1 * Math.min(Math.min(d[i - 1], p[i]), p[i - 1])
3038:AOR:+(int,int):-(int,int):org.apache.commons.lang3.StringUtils@getLevenshteinDistance(java.lang.CharSequence,java.lang.CharSequence,int):6279:253467:1 + Math.min(Math.min(d[i - 1], p[i]), p[i - 1]) |==> 1 - Math.min(Math.min(d[i - 1], p[i]), p[i - 1])
3039:AOR:+(int,int):/(int,int):org.apache.commons.lang3.StringUtils@getLevenshteinDistance(java.lang.CharSequence,java.lang.CharSequence,int):6279:253467:1 + Math.min(Math.min(d[i - 1], p[i]), p[i - 1]) |==> 1 / Math.min(Math.min(d[i - 1], p[i]), p[i - 1])
3040:STD:<ASSIGN>:<NO-OP>:org.apache.commons.lang3.StringUtils@getLevenshteinDistance(java.lang.CharSequence,java.lang.CharSequence,int):6279:253460:d[i] = 1 + Math.min(Math.min(d[i - 1], p[i]), p[i - 1]); |==> <NO-OP>
3041:STD:<ASSIGN>:<NO-OP>:org.apache.commons.lang3.StringUtils@getLevenshteinDistance(java.lang.CharSequence,java.lang.CharSequence,int):6285:253660:p = d; |==> <NO-OP>
3042:STD:<ASSIGN>:<NO-OP>:org.apache.commons.lang3.StringUtils@getLevenshteinDistance(java.lang.CharSequence,java.lang.CharSequence,int):6286:253679:d = _d; |==> <NO-OP>
3043:ROR:<=(int,int):<(int,int):org.apache.commons.lang3.StringUtils@getLevenshteinDistance(java.lang.CharSequence,java.lang.CharSequence,int):6291:253825:p[n] <= threshold |==> p[n] < threshold
3044:ROR:<=(int,int):==(int,int):org.apache.commons.lang3.StringUtils@getLevenshteinDistance(java.lang.CharSequence,java.lang.CharSequence,int):6291:253825:p[n] <= threshold |==> p[n] == threshold
3045:ROR:<=(int,int):TRUE(int,int):org.apache.commons.lang3.StringUtils@getLevenshteinDistance(java.lang.CharSequence,java.lang.CharSequence,int):6291:253830:p[n] <= threshold |==> true
3046:LVR:NEG:0:org.apache.commons.lang3.StringUtils@getLevenshteinDistance(java.lang.CharSequence,java.lang.CharSequence,int):6294:253907:-1 |==> 0
3047:LVR:NEG:POS:org.apache.commons.lang3.StringUtils@getLevenshteinDistance(java.lang.CharSequence,java.lang.CharSequence,int):6294:253907:-1 |==> 1
3048:LVR:FALSE:TRUE:org.apache.commons.lang3.StringUtils@startsWith(java.lang.CharSequence,java.lang.CharSequence):6324:255110:false |==> true
3049:LVR:TRUE:FALSE:org.apache.commons.lang3.StringUtils@startsWithIgnoreCase(java.lang.CharSequence,java.lang.CharSequence):6350:256310:true |==> false
3050:ROR:==(java.lang.Object,java.lang.Object):FALSE(java.lang.Object,java.lang.Object):org.apache.commons.lang3.StringUtils@startsWith(java.lang.CharSequence,java.lang.CharSequence,boolean):6365:256931:str == null |==> false
3051:ROR:==(java.lang.Object,java.lang.Object):FALSE(java.lang.Object,java.lang.Object):org.apache.commons.lang3.StringUtils@startsWith(java.lang.CharSequence,java.lang.CharSequence,boolean):6365:256949:prefix == null |==> false
3052:COR:||(boolean,boolean):!=(boolean,boolean):org.apache.commons.lang3.StringUtils@startsWith(java.lang.CharSequence,java.lang.CharSequence,boolean):6365:256927:str == null || prefix == null |==> str == null != (prefix == null)
3053:COR:||(boolean,boolean):LHS(boolean,boolean):org.apache.commons.lang3.StringUtils@startsWith(java.lang.CharSequence,java.lang.CharSequence,boolean):6365:256927:str == null || prefix == null |==> str == null
3054:COR:||(boolean,boolean):RHS(boolean,boolean):org.apache.commons.lang3.StringUtils@startsWith(java.lang.CharSequence,java.lang.CharSequence,boolean):6365:256942:str == null || prefix == null |==> prefix == null
3055:COR:||(boolean,boolean):TRUE(boolean,boolean):org.apache.commons.lang3.StringUtils@startsWith(java.lang.CharSequence,java.lang.CharSequence,boolean):6365:256939:str == null || prefix == null |==> true
3056:ROR:==(java.lang.Object,java.lang.Object):FALSE(java.lang.Object,java.lang.Object):org.apache.commons.lang3.StringUtils@startsWith(java.lang.CharSequence,java.lang.CharSequence,boolean):6366:256984:str == null |==> false
3057:ROR:==(java.lang.Object,java.lang.Object):FALSE(java.lang.Object,java.lang.Object):org.apache.commons.lang3.StringUtils@startsWith(java.lang.CharSequence,java.lang.CharSequence,boolean):6366:257002:prefix == null |==> false
3058:COR:&&(boolean,boolean):==(boolean,boolean):org.apache.commons.lang3.StringUtils@startsWith(java.lang.CharSequence,java.lang.CharSequence,boolean):6366:256980:str == null && prefix == null |==> str == null == (prefix == null)
3059:COR:&&(boolean,boolean):FALSE(boolean,boolean):org.apache.commons.lang3.StringUtils@startsWith(java.lang.CharSequence,java.lang.CharSequence,boolean):6366:256992:str == null && prefix == null |==> false
3060:COR:&&(boolean,boolean):LHS(boolean,boolean):org.apache.commons.lang3.StringUtils@startsWith(java.lang.CharSequence,java.lang.CharSequence,boolean):6366:256980:str == null && prefix == null |==> str == null
3061:COR:&&(boolean,boolean):RHS(boolean,boolean):org.apache.commons.lang3.StringUtils@startsWith(java.lang.CharSequence,java.lang.CharSequence,boolean):6366:256995:str == null && prefix == null |==> prefix == null
3062:ROR:>(int,int):!=(int,int):org.apache.commons.lang3.StringUtils@startsWith(java.lang.CharSequence,java.lang.CharSequence,boolean):6368:257034:prefix.length() > str.length() |==> prefix.length() != str.length()
3063:ROR:>(int,int):>=(int,int):org.apache.commons.lang3.StringUtils@startsWith(java.lang.CharSequence,java.lang.CharSequence,boolean):6368:257034:prefix.length() > str.length() |==> prefix.length() >= str.length()
3064:ROR:>(int,int):FALSE(int,int):org.apache.commons.lang3.StringUtils@startsWith(java.lang.CharSequence,java.lang.CharSequence,boolean):6368:257050:prefix.length() > str.length() |==> false
3065:LVR:FALSE:TRUE:org.apache.commons.lang3.StringUtils@startsWith(java.lang.CharSequence,java.lang.CharSequence,boolean):6369:257087:false |==> true
3066:LVR:0:POS:org.apache.commons.lang3.StringUtils@startsWith(java.lang.CharSequence,java.lang.CharSequence,boolean):6371:257168:0 |==> 1
3067:LVR:0:NEG:org.apache.commons.lang3.StringUtils@startsWith(java.lang.CharSequence,java.lang.CharSequence,boolean):6371:257168:0 |==> -1
3068:LVR:0:POS:org.apache.commons.lang3.StringUtils@startsWith(java.lang.CharSequence,java.lang.CharSequence,boolean):6371:257179:0 |==> 1
3069:LVR:0:NEG:org.apache.commons.lang3.StringUtils@startsWith(java.lang.CharSequence,java.lang.CharSequence,boolean):6371:257179:0 |==> -1
3070:COR:||(boolean,boolean):!=(boolean,boolean):org.apache.commons.lang3.StringUtils@startsWithAny(java.lang.CharSequence,java.lang.CharSequence[]):6394:258282:isEmpty(string) || ArrayUtils.isEmpty(searchStrings) |==> isEmpty(string) != ArrayUtils.isEmpty(searchStrings)
3071:COR:||(boolean,boolean):LHS(boolean,boolean):org.apache.commons.lang3.StringUtils@startsWithAny(java.lang.CharSequence,java.lang.CharSequence[]):6394:258282:isEmpty(string) || ArrayUtils.isEmpty(searchStrings) |==> isEmpty(string)
3072:COR:||(boolean,boolean):RHS(boolean,boolean):org.apache.commons.lang3.StringUtils@startsWithAny(java.lang.CharSequence,java.lang.CharSequence[]):6394:258301:isEmpty(string) || ArrayUtils.isEmpty(searchStrings) |==> ArrayUtils.isEmpty(searchStrings)
3073:COR:||(boolean,boolean):TRUE(boolean,boolean):org.apache.commons.lang3.StringUtils@startsWithAny(java.lang.CharSequence,java.lang.CharSequence[]):6394:258298:isEmpty(string) || ArrayUtils.isEmpty(searchStrings) |==> true
3074:LVR:FALSE:TRUE:org.apache.commons.lang3.StringUtils@startsWithAny(java.lang.CharSequence,java.lang.CharSequence[]):6395:258357:false |==> true
3075:LVR:0:POS:org.apache.commons.lang3.StringUtils@startsWithAny(java.lang.CharSequence,java.lang.CharSequence[]):6397:258395:0 |==> 1
3076:LVR:0:NEG:org.apache.commons.lang3.StringUtils@startsWithAny(java.lang.CharSequence,java.lang.CharSequence[]):6397:258395:0 |==> -1
3077:ROR:<(int,int):<=(int,int):org.apache.commons.lang3.StringUtils@startsWithAny(java.lang.CharSequence,java.lang.CharSequence[]):6397:258398:i < searchStrings.length |==> i <= searchStrings.length
3078:ROR:<(int,int):FALSE(int,int):org.apache.commons.lang3.StringUtils@startsWithAny(java.lang.CharSequence,java.lang.CharSequence[]):6397:258400:i < searchStrings.length |==> false
3079:COR:<METHOD_INVOCATION(boolean)>:FALSE:org.apache.commons.lang3.StringUtils@startsWithAny(java.lang.CharSequence,java.lang.CharSequence[]):6399:258527:StringUtils.startsWith(string, searchString) |==> false
3080:COR:<METHOD_INVOCATION(boolean)>:TRUE:org.apache.commons.lang3.StringUtils@startsWithAny(java.lang.CharSequence,java.lang.CharSequence[]):6399:258527:StringUtils.startsWith(string, searchString) |==> true
3081:LVR:TRUE:FALSE:org.apache.commons.lang3.StringUtils@startsWithAny(java.lang.CharSequence,java.lang.CharSequence[]):6400:258576:true |==> false
3082:LVR:FALSE:TRUE:org.apache.commons.lang3.StringUtils@startsWithAny(java.lang.CharSequence,java.lang.CharSequence[]):6403:258621:false |==> true
3083:LVR:FALSE:TRUE:org.apache.commons.lang3.StringUtils@endsWith(java.lang.CharSequence,java.lang.CharSequence):6433:259844:false |==> true
3084:LVR:TRUE:FALSE:org.apache.commons.lang3.StringUtils@endsWithIgnoreCase(java.lang.CharSequence,java.lang.CharSequence):6460:261083:true |==> false
3085:ROR:==(java.lang.Object,java.lang.Object):FALSE(java.lang.Object,java.lang.Object):org.apache.commons.lang3.StringUtils@endsWith(java.lang.CharSequence,java.lang.CharSequence,boolean):6475:261698:str == null |==> false
3086:ROR:==(java.lang.Object,java.lang.Object):FALSE(java.lang.Object,java.lang.Object):org.apache.commons.lang3.StringUtils@endsWith(java.lang.CharSequence,java.lang.CharSequence,boolean):6475:261716:suffix == null |==> false
3087:COR:||(boolean,boolean):!=(boolean,boolean):org.apache.commons.lang3.StringUtils@endsWith(java.lang.CharSequence,java.lang.CharSequence,boolean):6475:261694:str == null || suffix == null |==> str == null != (suffix == null)
3088:COR:||(boolean,boolean):LHS(boolean,boolean):org.apache.commons.lang3.StringUtils@endsWith(java.lang.CharSequence,java.lang.CharSequence,boolean):6475:261694:str == null || suffix == null |==> str == null
3089:COR:||(boolean,boolean):RHS(boolean,boolean):org.apache.commons.lang3.StringUtils@endsWith(java.lang.CharSequence,java.lang.CharSequence,boolean):6475:261709:str == null || suffix == null |==> suffix == null
3090:COR:||(boolean,boolean):TRUE(boolean,boolean):org.apache.commons.lang3.StringUtils@endsWith(java.lang.CharSequence,java.lang.CharSequence,boolean):6475:261706:str == null || suffix == null |==> true
3091:ROR:==(java.lang.Object,java.lang.Object):FALSE(java.lang.Object,java.lang.Object):org.apache.commons.lang3.StringUtils@endsWith(java.lang.CharSequence,java.lang.CharSequence,boolean):6476:261750:str == null |==> false
3092:ROR:==(java.lang.Object,java.lang.Object):FALSE(java.lang.Object,java.lang.Object):org.apache.commons.lang3.StringUtils@endsWith(java.lang.CharSequence,java.lang.CharSequence,boolean):6476:261768:suffix == null |==> false
3093:COR:&&(boolean,boolean):==(boolean,boolean):org.apache.commons.lang3.StringUtils@endsWith(java.lang.CharSequence,java.lang.CharSequence,boolean):6476:261746:str == null && suffix == null |==> str == null == (suffix == null)
3094:COR:&&(boolean,boolean):FALSE(boolean,boolean):org.apache.commons.lang3.StringUtils@endsWith(java.lang.CharSequence,java.lang.CharSequence,boolean):6476:261758:str == null && suffix == null |==> false
3095:COR:&&(boolean,boolean):LHS(boolean,boolean):org.apache.commons.lang3.StringUtils@endsWith(java.lang.CharSequence,java.lang.CharSequence,boolean):6476:261746:str == null && suffix == null |==> str == null
3096:COR:&&(boolean,boolean):RHS(boolean,boolean):org.apache.commons.lang3.StringUtils@endsWith(java.lang.CharSequence,java.lang.CharSequence,boolean):6476:261761:str == null && suffix == null |==> suffix == null
3097:ROR:>(int,int):!=(int,int):org.apache.commons.lang3.StringUtils@endsWith(java.lang.CharSequence,java.lang.CharSequence,boolean):6478:261799:suffix.length() > str.length() |==> suffix.length() != str.length()
3098:ROR:>(int,int):>=(int,int):org.apache.commons.lang3.StringUtils@endsWith(java.lang.CharSequence,java.lang.CharSequence,boolean):6478:261799:suffix.length() > str.length() |==> suffix.length() >= str.length()
3099:ROR:>(int,int):FALSE(int,int):org.apache.commons.lang3.StringUtils@endsWith(java.lang.CharSequence,java.lang.CharSequence,boolean):6478:261815:suffix.length() > str.length() |==> false
3100:LVR:FALSE:TRUE:org.apache.commons.lang3.StringUtils@endsWith(java.lang.CharSequence,java.lang.CharSequence,boolean):6479:261852:false |==> true
3101:AOR:-(int,int):%(int,int):org.apache.commons.lang3.StringUtils@endsWith(java.lang.CharSequence,java.lang.CharSequence,boolean):6481:261893:str.length() - suffix.length() |==> str.length() % suffix.length()
3102:AOR:-(int,int):*(int,int):org.apache.commons.lang3.StringUtils@endsWith(java.lang.CharSequence,java.lang.CharSequence,boolean):6481:261893:str.length() - suffix.length() |==> str.length() * suffix.length()
3103:AOR:-(int,int):+(int,int):org.apache.commons.lang3.StringUtils@endsWith(java.lang.CharSequence,java.lang.CharSequence,boolean):6481:261893:str.length() - suffix.length() |==> str.length() + suffix.length()
3104:AOR:-(int,int):/(int,int):org.apache.commons.lang3.StringUtils@endsWith(java.lang.CharSequence,java.lang.CharSequence,boolean):6481:261893:str.length() - suffix.length() |==> str.length() / suffix.length()
3105:LVR:0:POS:org.apache.commons.lang3.StringUtils@endsWith(java.lang.CharSequence,java.lang.CharSequence,boolean):6482:262008:0 |==> 1
3106:LVR:0:NEG:org.apache.commons.lang3.StringUtils@endsWith(java.lang.CharSequence,java.lang.CharSequence,boolean):6482:262008:0 |==> -1
3107:ROR:==(java.lang.Object,java.lang.Object):FALSE(java.lang.Object,java.lang.Object):org.apache.commons.lang3.StringUtils@normalizeSpace(java.lang.String):6527:263765:str == null |==> false
3108:COR:||(boolean,boolean):!=(boolean,boolean):org.apache.commons.lang3.StringUtils@endsWithAny(java.lang.CharSequence,java.lang.CharSequence[]):6552:264821:isEmpty(string) || ArrayUtils.isEmpty(searchStrings) |==> isEmpty(string) != ArrayUtils.isEmpty(searchStrings)
3109:COR:||(boolean,boolean):LHS(boolean,boolean):org.apache.commons.lang3.StringUtils@endsWithAny(java.lang.CharSequence,java.lang.CharSequence[]):6552:264821:isEmpty(string) || ArrayUtils.isEmpty(searchStrings) |==> isEmpty(string)
3110:COR:||(boolean,boolean):RHS(boolean,boolean):org.apache.commons.lang3.StringUtils@endsWithAny(java.lang.CharSequence,java.lang.CharSequence[]):6552:264840:isEmpty(string) || ArrayUtils.isEmpty(searchStrings) |==> ArrayUtils.isEmpty(searchStrings)
3111:COR:||(boolean,boolean):TRUE(boolean,boolean):org.apache.commons.lang3.StringUtils@endsWithAny(java.lang.CharSequence,java.lang.CharSequence[]):6552:264837:isEmpty(string) || ArrayUtils.isEmpty(searchStrings) |==> true
3112:LVR:FALSE:TRUE:org.apache.commons.lang3.StringUtils@endsWithAny(java.lang.CharSequence,java.lang.CharSequence[]):6553:264896:false |==> true
3113:LVR:0:POS:org.apache.commons.lang3.StringUtils@endsWithAny(java.lang.CharSequence,java.lang.CharSequence[]):6555:264934:0 |==> 1
3114:LVR:0:NEG:org.apache.commons.lang3.StringUtils@endsWithAny(java.lang.CharSequence,java.lang.CharSequence[]):6555:264934:0 |==> -1
3115:ROR:<(int,int):<=(int,int):org.apache.commons.lang3.StringUtils@endsWithAny(java.lang.CharSequence,java.lang.CharSequence[]):6555:264937:i < searchStrings.length |==> i <= searchStrings.length
3116:ROR:<(int,int):FALSE(int,int):org.apache.commons.lang3.StringUtils@endsWithAny(java.lang.CharSequence,java.lang.CharSequence[]):6555:264939:i < searchStrings.length |==> false
3117:COR:<METHOD_INVOCATION(boolean)>:FALSE:org.apache.commons.lang3.StringUtils@endsWithAny(java.lang.CharSequence,java.lang.CharSequence[]):6557:265064:StringUtils.endsWith(string, searchString) |==> false
3118:COR:<METHOD_INVOCATION(boolean)>:TRUE:org.apache.commons.lang3.StringUtils@endsWithAny(java.lang.CharSequence,java.lang.CharSequence[]):6557:265064:StringUtils.endsWith(string, searchString) |==> true
3119:LVR:TRUE:FALSE:org.apache.commons.lang3.StringUtils@endsWithAny(java.lang.CharSequence,java.lang.CharSequence[]):6558:265113:true |==> false
3120:LVR:FALSE:TRUE:org.apache.commons.lang3.StringUtils@endsWithAny(java.lang.CharSequence,java.lang.CharSequence[]):6561:265158:false |==> true
