1:ROR:==(java.lang.Object,java.lang.Object):FALSE(java.lang.Object,java.lang.Object):org.apache.commons.lang3.StringUtils@isEmpty(java.lang.CharSequence):184:6901:cs == null |==> false
2:LVR:0:POS:org.apache.commons.lang3.StringUtils@isEmpty(java.lang.CharSequence):184:6927:0 |==> 1
3:LVR:0:NEG:org.apache.commons.lang3.StringUtils@isEmpty(java.lang.CharSequence):184:6927:0 |==> -1
4:ROR:==(int,int):>=(int,int):org.apache.commons.lang3.StringUtils@isEmpty(java.lang.CharSequence):184:6912:cs.length() == 0 |==> cs.length() >= 0
5:ROR:==(int,int):FALSE(int,int):org.apache.commons.lang3.StringUtils@isEmpty(java.lang.CharSequence):184:6924:cs.length() == 0 |==> false
6:COR:||(boolean,boolean):!=(boolean,boolean):org.apache.commons.lang3.StringUtils@isEmpty(java.lang.CharSequence):184:6898:cs == null || cs.length() == 0 |==> cs == null != (cs.length() == 0)
7:COR:||(boolean,boolean):LHS(boolean,boolean):org.apache.commons.lang3.StringUtils@isEmpty(java.lang.CharSequence):184:6898:cs == null || cs.length() == 0 |==> cs == null
8:COR:||(boolean,boolean):RHS(boolean,boolean):org.apache.commons.lang3.StringUtils@isEmpty(java.lang.CharSequence):184:6912:cs == null || cs.length() == 0 |==> cs.length() == 0
9:COR:||(boolean,boolean):TRUE(boolean,boolean):org.apache.commons.lang3.StringUtils@isEmpty(java.lang.CharSequence):184:6909:cs == null || cs.length() == 0 |==> true
10:ROR:==(java.lang.Object,java.lang.Object):FALSE(java.lang.Object,java.lang.Object):org.apache.commons.lang3.StringUtils@isBlank(java.lang.CharSequence):224:8310:cs == null |==> false
11:LVR:0:POS:org.apache.commons.lang3.StringUtils@isBlank(java.lang.CharSequence):224:8347:0 |==> 1
12:LVR:0:NEG:org.apache.commons.lang3.StringUtils@isBlank(java.lang.CharSequence):224:8347:0 |==> -1
13:ROR:==(int,int):<=(int,int):org.apache.commons.lang3.StringUtils@isBlank(java.lang.CharSequence):224:8321:(strLen = cs.length()) == 0 |==> (strLen = cs.length()) <= 0
14:ROR:==(int,int):>=(int,int):org.apache.commons.lang3.StringUtils@isBlank(java.lang.CharSequence):224:8321:(strLen = cs.length()) == 0 |==> (strLen = cs.length()) >= 0
15:COR:||(boolean,boolean):!=(boolean,boolean):org.apache.commons.lang3.StringUtils@isBlank(java.lang.CharSequence):224:8307:cs == null || (strLen = cs.length()) == 0 |==> cs == null != ((strLen = cs.length()) == 0)
16:COR:||(boolean,boolean):RHS(boolean,boolean):org.apache.commons.lang3.StringUtils@isBlank(java.lang.CharSequence):224:8321:cs == null || (strLen = cs.length()) == 0 |==> (strLen = cs.length()) == 0
17:COR:||(boolean,boolean):TRUE(boolean,boolean):org.apache.commons.lang3.StringUtils@isBlank(java.lang.CharSequence):224:8318:cs == null || (strLen = cs.length()) == 0 |==> true
18:LVR:TRUE:FALSE:org.apache.commons.lang3.StringUtils@isBlank(java.lang.CharSequence):225:8371:true |==> false
19:LVR:0:POS:org.apache.commons.lang3.StringUtils@isBlank(java.lang.CharSequence):227:8408:0 |==> 1
20:LVR:0:NEG:org.apache.commons.lang3.StringUtils@isBlank(java.lang.CharSequence):227:8408:0 |==> -1
21:ROR:<(int,int):!=(int,int):org.apache.commons.lang3.StringUtils@isBlank(java.lang.CharSequence):227:8411:i < strLen |==> i != strLen
22:ROR:<(int,int):<=(int,int):org.apache.commons.lang3.StringUtils@isBlank(java.lang.CharSequence):227:8411:i < strLen |==> i <= strLen
23:ROR:<(int,int):FALSE(int,int):org.apache.commons.lang3.StringUtils@isBlank(java.lang.CharSequence):227:8413:i < strLen |==> false
24:LVR:FALSE:TRUE:org.apache.commons.lang3.StringUtils@isBlank(java.lang.CharSequence):228:8486:false |==> true
25:ROR:==(boolean,boolean):FALSE(boolean,boolean):org.apache.commons.lang3.StringUtils@isBlank(java.lang.CharSequence):228:8483:Character.isWhitespace(cs.charAt(i)) == false |==> false
26:ROR:==(boolean,boolean):LHS(boolean,boolean):org.apache.commons.lang3.StringUtils@isBlank(java.lang.CharSequence):228:8446:Character.isWhitespace(cs.charAt(i)) == false |==> Character.isWhitespace(cs.charAt(i))
27:ROR:==(boolean,boolean):RHS(boolean,boolean):org.apache.commons.lang3.StringUtils@isBlank(java.lang.CharSequence):228:8486:Character.isWhitespace(cs.charAt(i)) == false |==> false
28:LVR:FALSE:TRUE:org.apache.commons.lang3.StringUtils@isBlank(java.lang.CharSequence):229:8518:false |==> true
29:LVR:TRUE:FALSE:org.apache.commons.lang3.StringUtils@isBlank(java.lang.CharSequence):232:8564:true |==> false
30:ROR:==(java.lang.Object,java.lang.Object):FALSE(java.lang.Object,java.lang.Object):org.apache.commons.lang3.StringUtils@trim(java.lang.String):282:10345:str == null |==> false
31:COR:<METHOD_INVOCATION(boolean)>:FALSE:org.apache.commons.lang3.StringUtils@trimToNull(java.lang.String):309:11362:isEmpty(ts) |==> false
32:COR:<METHOD_INVOCATION(boolean)>:TRUE:org.apache.commons.lang3.StringUtils@trimToNull(java.lang.String):309:11362:isEmpty(ts) |==> true
33:ROR:==(java.lang.Object,java.lang.Object):FALSE(java.lang.Object,java.lang.Object):org.apache.commons.lang3.StringUtils@trimToEmpty(java.lang.String):334:12312:str == null |==> false
34:ROR:==(java.lang.Object,java.lang.Object):FALSE(java.lang.Object,java.lang.Object):org.apache.commons.lang3.StringUtils@stripToNull(java.lang.String):389:14352:str == null |==> false
35:STD:<ASSIGN>:<NO-OP>:org.apache.commons.lang3.StringUtils@stripToNull(java.lang.String):392:14406:str = strip(str, null); |==> <NO-OP>
36:LVR:0:POS:org.apache.commons.lang3.StringUtils@stripToNull(java.lang.String):393:14461:0 |==> 1
37:LVR:0:NEG:org.apache.commons.lang3.StringUtils@stripToNull(java.lang.String):393:14461:0 |==> -1
38:ROR:==(int,int):>=(int,int):org.apache.commons.lang3.StringUtils@stripToNull(java.lang.String):393:14445:str.length() == 0 |==> str.length() >= 0
39:ROR:==(int,int):FALSE(int,int):org.apache.commons.lang3.StringUtils@stripToNull(java.lang.String):393:14458:str.length() == 0 |==> false
40:ROR:==(java.lang.Object,java.lang.Object):FALSE(java.lang.Object,java.lang.Object):org.apache.commons.lang3.StringUtils@stripToEmpty(java.lang.String):419:15443:str == null |==> false
41:COR:<METHOD_INVOCATION(boolean)>:FALSE:org.apache.commons.lang3.StringUtils@strip(java.lang.String,java.lang.String):449:16722:isEmpty(str) |==> false
42:COR:<METHOD_INVOCATION(boolean)>:TRUE:org.apache.commons.lang3.StringUtils@strip(java.lang.String,java.lang.String):449:16722:isEmpty(str) |==> true
43:STD:<ASSIGN>:<NO-OP>:org.apache.commons.lang3.StringUtils@strip(java.lang.String,java.lang.String):452:16773:str = stripStart(str, stripChars); |==> <NO-OP>
44:ROR:==(java.lang.Object,java.lang.Object):FALSE(java.lang.Object,java.lang.Object):org.apache.commons.lang3.StringUtils@stripStart(java.lang.String,java.lang.String):482:18038:str == null |==> false
45:LVR:0:POS:org.apache.commons.lang3.StringUtils@stripStart(java.lang.String,java.lang.String):482:18076:0 |==> 1
46:LVR:0:NEG:org.apache.commons.lang3.StringUtils@stripStart(java.lang.String,java.lang.String):482:18076:0 |==> -1
47:ROR:==(int,int):<=(int,int):org.apache.commons.lang3.StringUtils@stripStart(java.lang.String,java.lang.String):482:18049:(strLen = str.length()) == 0 |==> (strLen = str.length()) <= 0
48:ROR:==(int,int):>=(int,int):org.apache.commons.lang3.StringUtils@stripStart(java.lang.String,java.lang.String):482:18049:(strLen = str.length()) == 0 |==> (strLen = str.length()) >= 0
49:COR:||(boolean,boolean):!=(boolean,boolean):org.apache.commons.lang3.StringUtils@stripStart(java.lang.String,java.lang.String):482:18034:str == null || (strLen = str.length()) == 0 |==> str == null != ((strLen = str.length()) == 0)
50:COR:||(boolean,boolean):RHS(boolean,boolean):org.apache.commons.lang3.StringUtils@stripStart(java.lang.String,java.lang.String):482:18049:str == null || (strLen = str.length()) == 0 |==> (strLen = str.length()) == 0
51:COR:||(boolean,boolean):TRUE(boolean,boolean):org.apache.commons.lang3.StringUtils@stripStart(java.lang.String,java.lang.String):482:18046:str == null || (strLen = str.length()) == 0 |==> true
52:LVR:0:POS:org.apache.commons.lang3.StringUtils@stripStart(java.lang.String,java.lang.String):485:18135:0 |==> 1
53:LVR:0:NEG:org.apache.commons.lang3.StringUtils@stripStart(java.lang.String,java.lang.String):485:18135:0 |==> -1
54:ROR:==(java.lang.Object,java.lang.Object):FALSE(java.lang.Object,java.lang.Object):org.apache.commons.lang3.StringUtils@stripStart(java.lang.String,java.lang.String):486:18161:stripChars == null |==> false
55:ROR:!=(int,int):<(int,int):org.apache.commons.lang3.StringUtils@stripStart(java.lang.String,java.lang.String):487:18191:start != strLen |==> start < strLen
56:ROR:!=(int,int):>(int,int):org.apache.commons.lang3.StringUtils@stripStart(java.lang.String,java.lang.String):487:18191:start != strLen |==> start > strLen
57:ROR:!=(int,int):TRUE(int,int):org.apache.commons.lang3.StringUtils@stripStart(java.lang.String,java.lang.String):487:18197:start != strLen |==> true
58:COR:&&(boolean,boolean):==(boolean,boolean):org.apache.commons.lang3.StringUtils@stripStart(java.lang.String,java.lang.String):487:18191:start != strLen && Character.isWhitespace(str.charAt(start)) |==> start != strLen == Character.isWhitespace(str.charAt(start))
59:COR:&&(boolean,boolean):FALSE(boolean,boolean):org.apache.commons.lang3.StringUtils@stripStart(java.lang.String,java.lang.String):487:18207:start != strLen && Character.isWhitespace(str.charAt(start)) |==> false
60:COR:&&(boolean,boolean):LHS(boolean,boolean):org.apache.commons.lang3.StringUtils@stripStart(java.lang.String,java.lang.String):487:18191:start != strLen && Character.isWhitespace(str.charAt(start)) |==> start != strLen
61:COR:&&(boolean,boolean):RHS(boolean,boolean):org.apache.commons.lang3.StringUtils@stripStart(java.lang.String,java.lang.String):487:18210:start != strLen && Character.isWhitespace(str.charAt(start)) |==> Character.isWhitespace(str.charAt(start))
62:STD:<INC>:<NO-OP>:org.apache.commons.lang3.StringUtils@stripStart(java.lang.String,java.lang.String):488:18271:start++; |==> <NO-OP>
63:LVR:0:POS:org.apache.commons.lang3.StringUtils@stripStart(java.lang.String,java.lang.String):490:18336:0 |==> 1
64:LVR:0:NEG:org.apache.commons.lang3.StringUtils@stripStart(java.lang.String,java.lang.String):490:18336:0 |==> -1
65:ROR:==(int,int):>=(int,int):org.apache.commons.lang3.StringUtils@stripStart(java.lang.String,java.lang.String):490:18313:stripChars.length() == 0 |==> stripChars.length() >= 0
66:ROR:==(int,int):FALSE(int,int):org.apache.commons.lang3.StringUtils@stripStart(java.lang.String,java.lang.String):490:18333:stripChars.length() == 0 |==> false
67:ROR:!=(int,int):<(int,int):org.apache.commons.lang3.StringUtils@stripStart(java.lang.String,java.lang.String):493:18401:start != strLen |==> start < strLen
68:ROR:!=(int,int):>(int,int):org.apache.commons.lang3.StringUtils@stripStart(java.lang.String,java.lang.String):493:18401:start != strLen |==> start > strLen
69:ROR:!=(int,int):TRUE(int,int):org.apache.commons.lang3.StringUtils@stripStart(java.lang.String,java.lang.String):493:18407:start != strLen |==> true
70:ROR:!=(int,int):<(int,int):org.apache.commons.lang3.StringUtils@stripStart(java.lang.String,java.lang.String):493:18420:stripChars.indexOf(str.charAt(start)) != INDEX_NOT_FOUND |==> stripChars.indexOf(str.charAt(start)) < INDEX_NOT_FOUND
71:ROR:!=(int,int):TRUE(int,int):org.apache.commons.lang3.StringUtils@stripStart(java.lang.String,java.lang.String):493:18458:stripChars.indexOf(str.charAt(start)) != INDEX_NOT_FOUND |==> true
72:COR:&&(boolean,boolean):==(boolean,boolean):org.apache.commons.lang3.StringUtils@stripStart(java.lang.String,java.lang.String):493:18401:start != strLen && stripChars.indexOf(str.charAt(start)) != INDEX_NOT_FOUND |==> start != strLen == (stripChars.indexOf(str.charAt(start)) != INDEX_NOT_FOUND)
73:COR:&&(boolean,boolean):FALSE(boolean,boolean):org.apache.commons.lang3.StringUtils@stripStart(java.lang.String,java.lang.String):493:18417:start != strLen && stripChars.indexOf(str.charAt(start)) != INDEX_NOT_FOUND |==> false
74:COR:&&(boolean,boolean):LHS(boolean,boolean):org.apache.commons.lang3.StringUtils@stripStart(java.lang.String,java.lang.String):493:18401:start != strLen && stripChars.indexOf(str.charAt(start)) != INDEX_NOT_FOUND |==> start != strLen
75:COR:&&(boolean,boolean):RHS(boolean,boolean):org.apache.commons.lang3.StringUtils@stripStart(java.lang.String,java.lang.String):493:18420:start != strLen && stripChars.indexOf(str.charAt(start)) != INDEX_NOT_FOUND |==> stripChars.indexOf(str.charAt(start)) != INDEX_NOT_FOUND
76:STD:<INC>:<NO-OP>:org.apache.commons.lang3.StringUtils@stripStart(java.lang.String,java.lang.String):494:18496:start++; |==> <NO-OP>
77:ROR:==(java.lang.Object,java.lang.Object):FALSE(java.lang.Object,java.lang.Object):org.apache.commons.lang3.StringUtils@stripEnd(java.lang.String,java.lang.String):527:19791:str == null |==> false
78:LVR:0:POS:org.apache.commons.lang3.StringUtils@stripEnd(java.lang.String,java.lang.String):527:19826:0 |==> 1
79:LVR:0:NEG:org.apache.commons.lang3.StringUtils@stripEnd(java.lang.String,java.lang.String):527:19826:0 |==> -1
80:ROR:==(int,int):<=(int,int):org.apache.commons.lang3.StringUtils@stripEnd(java.lang.String,java.lang.String):527:19802:(end = str.length()) == 0 |==> (end = str.length()) <= 0
81:ROR:==(int,int):>=(int,int):org.apache.commons.lang3.StringUtils@stripEnd(java.lang.String,java.lang.String):527:19802:(end = str.length()) == 0 |==> (end = str.length()) >= 0
82:COR:||(boolean,boolean):!=(boolean,boolean):org.apache.commons.lang3.StringUtils@stripEnd(java.lang.String,java.lang.String):527:19787:str == null || (end = str.length()) == 0 |==> str == null != ((end = str.length()) == 0)
83:COR:||(boolean,boolean):RHS(boolean,boolean):org.apache.commons.lang3.StringUtils@stripEnd(java.lang.String,java.lang.String):527:19802:str == null || (end = str.length()) == 0 |==> (end = str.length()) == 0
84:COR:||(boolean,boolean):TRUE(boolean,boolean):org.apache.commons.lang3.StringUtils@stripEnd(java.lang.String,java.lang.String):527:19799:str == null || (end = str.length()) == 0 |==> true
85:ROR:==(java.lang.Object,java.lang.Object):FALSE(java.lang.Object,java.lang.Object):org.apache.commons.lang3.StringUtils@stripEnd(java.lang.String,java.lang.String):531:19889:stripChars == null |==> false
86:LVR:0:POS:org.apache.commons.lang3.StringUtils@stripEnd(java.lang.String,java.lang.String):532:19926:0 |==> 1
87:LVR:0:NEG:org.apache.commons.lang3.StringUtils@stripEnd(java.lang.String,java.lang.String):532:19926:0 |==> -1
88:ROR:!=(int,int):<(int,int):org.apache.commons.lang3.StringUtils@stripEnd(java.lang.String,java.lang.String):532:19919:end != 0 |==> end < 0
89:ROR:!=(int,int):>(int,int):org.apache.commons.lang3.StringUtils@stripEnd(java.lang.String,java.lang.String):532:19919:end != 0 |==> end > 0
90:ROR:!=(int,int):TRUE(int,int):org.apache.commons.lang3.StringUtils@stripEnd(java.lang.String,java.lang.String):532:19923:end != 0 |==> true
91:LVR:POS:0:org.apache.commons.lang3.StringUtils@stripEnd(java.lang.String,java.lang.String):532:19971:1 |==> 0
92:LVR:POS:NEG:org.apache.commons.lang3.StringUtils@stripEnd(java.lang.String,java.lang.String):532:19971:1 |==> -1
93:AOR:-(int,int):%(int,int):org.apache.commons.lang3.StringUtils@stripEnd(java.lang.String,java.lang.String):532:19965:end - 1 |==> end % 1
94:AOR:-(int,int):*(int,int):org.apache.commons.lang3.StringUtils@stripEnd(java.lang.String,java.lang.String):532:19965:end - 1 |==> end * 1
95:AOR:-(int,int):+(int,int):org.apache.commons.lang3.StringUtils@stripEnd(java.lang.String,java.lang.String):532:19965:end - 1 |==> end + 1
96:AOR:-(int,int):/(int,int):org.apache.commons.lang3.StringUtils@stripEnd(java.lang.String,java.lang.String):532:19965:end - 1 |==> end / 1
97:COR:&&(boolean,boolean):==(boolean,boolean):org.apache.commons.lang3.StringUtils@stripEnd(java.lang.String,java.lang.String):532:19919:end != 0 && Character.isWhitespace(str.charAt(end - 1)) |==> end != 0 == Character.isWhitespace(str.charAt(end - 1))
98:COR:&&(boolean,boolean):FALSE(boolean,boolean):org.apache.commons.lang3.StringUtils@stripEnd(java.lang.String,java.lang.String):532:19928:end != 0 && Character.isWhitespace(str.charAt(end - 1)) |==> false
99:COR:&&(boolean,boolean):LHS(boolean,boolean):org.apache.commons.lang3.StringUtils@stripEnd(java.lang.String,java.lang.String):532:19919:end != 0 && Character.isWhitespace(str.charAt(end - 1)) |==> end != 0
100:COR:&&(boolean,boolean):RHS(boolean,boolean):org.apache.commons.lang3.StringUtils@stripEnd(java.lang.String,java.lang.String):532:19931:end != 0 && Character.isWhitespace(str.charAt(end - 1)) |==> Character.isWhitespace(str.charAt(end - 1))
101:STD:<DEC>:<NO-OP>:org.apache.commons.lang3.StringUtils@stripEnd(java.lang.String,java.lang.String):533:19994:end--; |==> <NO-OP>
102:LVR:0:POS:org.apache.commons.lang3.StringUtils@stripEnd(java.lang.String,java.lang.String):535:20057:0 |==> 1
103:LVR:0:NEG:org.apache.commons.lang3.StringUtils@stripEnd(java.lang.String,java.lang.String):535:20057:0 |==> -1
104:ROR:==(int,int):>=(int,int):org.apache.commons.lang3.StringUtils@stripEnd(java.lang.String,java.lang.String):535:20034:stripChars.length() == 0 |==> stripChars.length() >= 0
105:ROR:==(int,int):FALSE(int,int):org.apache.commons.lang3.StringUtils@stripEnd(java.lang.String,java.lang.String):535:20054:stripChars.length() == 0 |==> false
106:LVR:0:POS:org.apache.commons.lang3.StringUtils@stripEnd(java.lang.String,java.lang.String):538:20129:0 |==> 1
107:LVR:0:NEG:org.apache.commons.lang3.StringUtils@stripEnd(java.lang.String,java.lang.String):538:20129:0 |==> -1
108:ROR:!=(int,int):<(int,int):org.apache.commons.lang3.StringUtils@stripEnd(java.lang.String,java.lang.String):538:20122:end != 0 |==> end < 0
109:ROR:!=(int,int):>(int,int):org.apache.commons.lang3.StringUtils@stripEnd(java.lang.String,java.lang.String):538:20122:end != 0 |==> end > 0
110:ROR:!=(int,int):TRUE(int,int):org.apache.commons.lang3.StringUtils@stripEnd(java.lang.String,java.lang.String):538:20126:end != 0 |==> true
111:LVR:POS:0:org.apache.commons.lang3.StringUtils@stripEnd(java.lang.String,java.lang.String):538:20170:1 |==> 0
112:LVR:POS:NEG:org.apache.commons.lang3.StringUtils@stripEnd(java.lang.String,java.lang.String):538:20170:1 |==> -1
113:AOR:-(int,int):%(int,int):org.apache.commons.lang3.StringUtils@stripEnd(java.lang.String,java.lang.String):538:20164:end - 1 |==> end % 1
114:AOR:-(int,int):*(int,int):org.apache.commons.lang3.StringUtils@stripEnd(java.lang.String,java.lang.String):538:20164:end - 1 |==> end * 1
115:AOR:-(int,int):+(int,int):org.apache.commons.lang3.StringUtils@stripEnd(java.lang.String,java.lang.String):538:20164:end - 1 |==> end + 1
116:AOR:-(int,int):/(int,int):org.apache.commons.lang3.StringUtils@stripEnd(java.lang.String,java.lang.String):538:20164:end - 1 |==> end / 1
117:ROR:!=(int,int):<(int,int):org.apache.commons.lang3.StringUtils@stripEnd(java.lang.String,java.lang.String):538:20134:stripChars.indexOf(str.charAt(end - 1)) != INDEX_NOT_FOUND |==> stripChars.indexOf(str.charAt(end - 1)) < INDEX_NOT_FOUND
118:ROR:!=(int,int):TRUE(int,int):org.apache.commons.lang3.StringUtils@stripEnd(java.lang.String,java.lang.String):538:20174:stripChars.indexOf(str.charAt(end - 1)) != INDEX_NOT_FOUND |==> true
119:COR:&&(boolean,boolean):==(boolean,boolean):org.apache.commons.lang3.StringUtils@stripEnd(java.lang.String,java.lang.String):538:20122:end != 0 && stripChars.indexOf(str.charAt(end - 1)) != INDEX_NOT_FOUND |==> end != 0 == (stripChars.indexOf(str.charAt(end - 1)) != INDEX_NOT_FOUND)
120:COR:&&(boolean,boolean):FALSE(boolean,boolean):org.apache.commons.lang3.StringUtils@stripEnd(java.lang.String,java.lang.String):538:20131:end != 0 && stripChars.indexOf(str.charAt(end - 1)) != INDEX_NOT_FOUND |==> false
121:COR:&&(boolean,boolean):LHS(boolean,boolean):org.apache.commons.lang3.StringUtils@stripEnd(java.lang.String,java.lang.String):538:20122:end != 0 && stripChars.indexOf(str.charAt(end - 1)) != INDEX_NOT_FOUND |==> end != 0
122:COR:&&(boolean,boolean):RHS(boolean,boolean):org.apache.commons.lang3.StringUtils@stripEnd(java.lang.String,java.lang.String):538:20134:end != 0 && stripChars.indexOf(str.charAt(end - 1)) != INDEX_NOT_FOUND |==> stripChars.indexOf(str.charAt(end - 1)) != INDEX_NOT_FOUND
123:STD:<DEC>:<NO-OP>:org.apache.commons.lang3.StringUtils@stripEnd(java.lang.String,java.lang.String):539:20212:end--; |==> <NO-OP>
124:LVR:0:POS:org.apache.commons.lang3.StringUtils@stripEnd(java.lang.String,java.lang.String):542:20272:0 |==> 1
125:LVR:0:NEG:org.apache.commons.lang3.StringUtils@stripEnd(java.lang.String,java.lang.String):542:20272:0 |==> -1
126:ROR:==(java.lang.Object,java.lang.Object):FALSE(java.lang.Object,java.lang.Object):org.apache.commons.lang3.StringUtils@stripAll(java.lang.String[],java.lang.String):597:22584:strs == null |==> false
127:LVR:0:POS:org.apache.commons.lang3.StringUtils@stripAll(java.lang.String[],java.lang.String):597:22622:0 |==> 1
128:LVR:0:NEG:org.apache.commons.lang3.StringUtils@stripAll(java.lang.String[],java.lang.String):597:22622:0 |==> -1
129:ROR:==(int,int):<=(int,int):org.apache.commons.lang3.StringUtils@stripAll(java.lang.String[],java.lang.String):597:22595:(strsLen = strs.length) == 0 |==> (strsLen = strs.length) <= 0
130:ROR:==(int,int):>=(int,int):org.apache.commons.lang3.StringUtils@stripAll(java.lang.String[],java.lang.String):597:22595:(strsLen = strs.length) == 0 |==> (strsLen = strs.length) >= 0
131:COR:||(boolean,boolean):!=(boolean,boolean):org.apache.commons.lang3.StringUtils@stripAll(java.lang.String[],java.lang.String):597:22579:strs == null || (strsLen = strs.length) == 0 |==> strs == null != ((strsLen = strs.length) == 0)
132:COR:||(boolean,boolean):RHS(boolean,boolean):org.apache.commons.lang3.StringUtils@stripAll(java.lang.String[],java.lang.String):597:22595:strs == null || (strsLen = strs.length) == 0 |==> (strsLen = strs.length) == 0
133:COR:||(boolean,boolean):TRUE(boolean,boolean):org.apache.commons.lang3.StringUtils@stripAll(java.lang.String[],java.lang.String):597:22592:strs == null || (strsLen = strs.length) == 0 |==> true
134:LVR:0:POS:org.apache.commons.lang3.StringUtils@stripAll(java.lang.String[],java.lang.String):601:22730:0 |==> 1
135:LVR:0:NEG:org.apache.commons.lang3.StringUtils@stripAll(java.lang.String[],java.lang.String):601:22730:0 |==> -1
136:ROR:<(int,int):!=(int,int):org.apache.commons.lang3.StringUtils@stripAll(java.lang.String[],java.lang.String):601:22733:i < strsLen |==> i != strsLen
137:ROR:<(int,int):<=(int,int):org.apache.commons.lang3.StringUtils@stripAll(java.lang.String[],java.lang.String):601:22733:i < strsLen |==> i <= strsLen
138:ROR:<(int,int):FALSE(int,int):org.apache.commons.lang3.StringUtils@stripAll(java.lang.String[],java.lang.String):601:22735:i < strsLen |==> false
139:STD:<ASSIGN>:<NO-OP>:org.apache.commons.lang3.StringUtils@stripAll(java.lang.String[],java.lang.String):602:22765:newArr[i] = strip(strs[i], stripChars); |==> <NO-OP>
140:ROR:==(java.lang.Object,java.lang.Object):FALSE(java.lang.Object,java.lang.Object):org.apache.commons.lang3.StringUtils@stripAccents(java.lang.String):629:24036:input == null |==> false
141:ROR:!=(java.lang.Object,java.lang.Object):TRUE(java.lang.Object,java.lang.Object):org.apache.commons.lang3.StringUtils@stripAccents(java.lang.String):634:24184:InitStripAccents.java6NormalizeMethod != null |==> true
142:STD:<ASSIGN>:<NO-OP>:org.apache.commons.lang3.StringUtils@stripAccents(java.lang.String):635:24211:result = removeAccentsJava6(input); |==> <NO-OP>
143:ROR:!=(java.lang.Object,java.lang.Object):TRUE(java.lang.Object,java.lang.Object):org.apache.commons.lang3.StringUtils@stripAccents(java.lang.String):636:24306:InitStripAccents.sunDecomposeMethod != null |==> true
144:STD:<ASSIGN>:<NO-OP>:org.apache.commons.lang3.StringUtils@stripAccents(java.lang.String):637:24333:result = removeAccentsSUN(input); |==> <NO-OP>
145:ROR:==(java.lang.Object,java.lang.Object):FALSE(java.lang.Object,java.lang.Object):org.apache.commons.lang3.StringUtils@removeAccentsJava6(java.lang.CharSequence):673:26209:InitStripAccents.java6NormalizeMethod == null |==> false
146:ROR:==(java.lang.Object,java.lang.Object):FALSE(java.lang.Object,java.lang.Object):org.apache.commons.lang3.StringUtils@removeAccentsJava6(java.lang.CharSequence):673:26260:InitStripAccents.java6NormalizerFormNFD == null |==> false
147:COR:||(boolean,boolean):!=(boolean,boolean):org.apache.commons.lang3.StringUtils@removeAccentsJava6(java.lang.CharSequence):673:26171:InitStripAccents.java6NormalizeMethod == null || InitStripAccents.java6NormalizerFormNFD == null |==> InitStripAccents.java6NormalizeMethod == null != (InitStripAccents.java6NormalizerFormNFD == null)
148:COR:||(boolean,boolean):LHS(boolean,boolean):org.apache.commons.lang3.StringUtils@removeAccentsJava6(java.lang.CharSequence):673:26171:InitStripAccents.java6NormalizeMethod == null || InitStripAccents.java6NormalizerFormNFD == null |==> InitStripAccents.java6NormalizeMethod == null
149:COR:||(boolean,boolean):RHS(boolean,boolean):org.apache.commons.lang3.StringUtils@removeAccentsJava6(java.lang.CharSequence):673:26220:InitStripAccents.java6NormalizeMethod == null || InitStripAccents.java6NormalizerFormNFD == null |==> InitStripAccents.java6NormalizerFormNFD == null
150:COR:||(boolean,boolean):TRUE(boolean,boolean):org.apache.commons.lang3.StringUtils@removeAccentsJava6(java.lang.CharSequence):673:26217:InitStripAccents.java6NormalizeMethod == null || InitStripAccents.java6NormalizerFormNFD == null |==> true
151:STD:<ASSIGN>:<NO-OP>:org.apache.commons.lang3.StringUtils@removeAccentsJava6(java.lang.CharSequence):678:26571:result = InitStripAccents.java6Pattern.matcher(result).replaceAll(""); |==> <NO-OP>
152:ROR:==(java.lang.Object,java.lang.Object):FALSE(java.lang.Object,java.lang.Object):org.apache.commons.lang3.StringUtils@removeAccentsSUN(java.lang.CharSequence):697:27449:InitStripAccents.sunDecomposeMethod == null |==> false
153:LVR:0:POS:org.apache.commons.lang3.StringUtils@removeAccentsSUN(java.lang.CharSequence):701:27735:0 |==> 1
154:LVR:0:NEG:org.apache.commons.lang3.StringUtils@removeAccentsSUN(java.lang.CharSequence):701:27735:0 |==> -1
155:STD:<ASSIGN>:<NO-OP>:org.apache.commons.lang3.StringUtils@removeAccentsSUN(java.lang.CharSequence):702:27749:result = InitStripAccents.sunPattern.matcher(result).replaceAll(""); |==> <NO-OP>
156:STD:<ASSIGN>:<NO-OP>:org.apache.commons.lang3.StringUtils$InitStripAccents:730:29162:_java6NormalizerFormNFD = normalizerFormClass.getField("NFD").get(null); |==> <NO-OP>
157:STD:<ASSIGN>:<NO-OP>:org.apache.commons.lang3.StringUtils$InitStripAccents:733:29423:_java6NormalizeMethod = normalizerClass.getMethod("normalize", new Class[]{CharSequence.class, normalizerFormClass}); |==> <NO-OP>
158:STD:<ASSIGN>:<NO-OP>:org.apache.commons.lang3.StringUtils$InitStripAccents:737:29724:_java6Exception = e1; |==> <NO-OP>
159:STD:<ASSIGN>:<NO-OP>:org.apache.commons.lang3.StringUtils$InitStripAccents:742:30024:_sunDecomposeMethod = normalizerClass.getMethod("decompose", new Class[]{String.class, Boolean.TYPE, Integer.TYPE}); |==> <NO-OP>
160:STD:<ASSIGN>:<NO-OP>:org.apache.commons.lang3.StringUtils$InitStripAccents:745:30257:_sunException = e2; |==> <NO-OP>
161:ROR:==(java.lang.Object,java.lang.Object):FALSE(java.lang.Object,java.lang.Object):org.apache.commons.lang3.StringUtils@equals(java.lang.CharSequence,java.lang.CharSequence):782:31771:cs1 == cs2 |==> false
162:LVR:TRUE:FALSE:org.apache.commons.lang3.StringUtils@equals(java.lang.CharSequence,java.lang.CharSequence):783:31800:true |==> false
163:ROR:==(java.lang.Object,java.lang.Object):FALSE(java.lang.Object,java.lang.Object):org.apache.commons.lang3.StringUtils@equals(java.lang.CharSequence,java.lang.CharSequence):785:31832:cs1 == null |==> false
164:ROR:==(java.lang.Object,java.lang.Object):FALSE(java.lang.Object,java.lang.Object):org.apache.commons.lang3.StringUtils@equals(java.lang.CharSequence,java.lang.CharSequence):785:31847:cs2 == null |==> false
165:COR:||(boolean,boolean):!=(boolean,boolean):org.apache.commons.lang3.StringUtils@equals(java.lang.CharSequence,java.lang.CharSequence):785:31828:cs1 == null || cs2 == null |==> cs1 == null != (cs2 == null)
166:COR:||(boolean,boolean):LHS(boolean,boolean):org.apache.commons.lang3.StringUtils@equals(java.lang.CharSequence,java.lang.CharSequence):785:31828:cs1 == null || cs2 == null |==> cs1 == null
167:COR:||(boolean,boolean):RHS(boolean,boolean):org.apache.commons.lang3.StringUtils@equals(java.lang.CharSequence,java.lang.CharSequence):785:31843:cs1 == null || cs2 == null |==> cs2 == null
168:COR:||(boolean,boolean):TRUE(boolean,boolean):org.apache.commons.lang3.StringUtils@equals(java.lang.CharSequence,java.lang.CharSequence):785:31840:cs1 == null || cs2 == null |==> true
169:LVR:FALSE:TRUE:org.apache.commons.lang3.StringUtils@equals(java.lang.CharSequence,java.lang.CharSequence):786:31877:false |==> true
170:COR:&&(boolean,boolean):==(boolean,boolean):org.apache.commons.lang3.StringUtils@equals(java.lang.CharSequence,java.lang.CharSequence):788:31906:cs1 instanceof String && cs2 instanceof String |==> cs1 instanceof String == cs2 instanceof String
171:COR:&&(boolean,boolean):FALSE(boolean,boolean):org.apache.commons.lang3.StringUtils@equals(java.lang.CharSequence,java.lang.CharSequence):788:31928:cs1 instanceof String && cs2 instanceof String |==> false
172:COR:&&(boolean,boolean):LHS(boolean,boolean):org.apache.commons.lang3.StringUtils@equals(java.lang.CharSequence,java.lang.CharSequence):788:31906:cs1 instanceof String && cs2 instanceof String |==> cs1 instanceof String
173:COR:&&(boolean,boolean):RHS(boolean,boolean):org.apache.commons.lang3.StringUtils@equals(java.lang.CharSequence,java.lang.CharSequence):788:31931:cs1 instanceof String && cs2 instanceof String |==> cs2 instanceof String
174:LVR:FALSE:TRUE:org.apache.commons.lang3.StringUtils@equals(java.lang.CharSequence,java.lang.CharSequence):791:32054:false |==> true
175:LVR:0:POS:org.apache.commons.lang3.StringUtils@equals(java.lang.CharSequence,java.lang.CharSequence):791:32061:0 |==> 1
176:LVR:0:NEG:org.apache.commons.lang3.StringUtils@equals(java.lang.CharSequence,java.lang.CharSequence):791:32061:0 |==> -1
177:LVR:0:POS:org.apache.commons.lang3.StringUtils@equals(java.lang.CharSequence,java.lang.CharSequence):791:32069:0 |==> 1
178:LVR:0:NEG:org.apache.commons.lang3.StringUtils@equals(java.lang.CharSequence,java.lang.CharSequence):791:32069:0 |==> -1
179:ROR:==(java.lang.Object,java.lang.Object):FALSE(java.lang.Object,java.lang.Object):org.apache.commons.lang3.StringUtils@equalsIgnoreCase(java.lang.CharSequence,java.lang.CharSequence):816:33195:str1 == null |==> false
180:ROR:==(java.lang.Object,java.lang.Object):FALSE(java.lang.Object,java.lang.Object):org.apache.commons.lang3.StringUtils@equalsIgnoreCase(java.lang.CharSequence,java.lang.CharSequence):816:33211:str2 == null |==> false
181:COR:||(boolean,boolean):!=(boolean,boolean):org.apache.commons.lang3.StringUtils@equalsIgnoreCase(java.lang.CharSequence,java.lang.CharSequence):816:33190:str1 == null || str2 == null |==> str1 == null != (str2 == null)
182:COR:||(boolean,boolean):LHS(boolean,boolean):org.apache.commons.lang3.StringUtils@equalsIgnoreCase(java.lang.CharSequence,java.lang.CharSequence):816:33190:str1 == null || str2 == null |==> str1 == null
183:COR:||(boolean,boolean):RHS(boolean,boolean):org.apache.commons.lang3.StringUtils@equalsIgnoreCase(java.lang.CharSequence,java.lang.CharSequence):816:33206:str1 == null || str2 == null |==> str2 == null
184:COR:||(boolean,boolean):TRUE(boolean,boolean):org.apache.commons.lang3.StringUtils@equalsIgnoreCase(java.lang.CharSequence,java.lang.CharSequence):816:33203:str1 == null || str2 == null |==> true
185:ROR:==(java.lang.Object,java.lang.Object):FALSE(java.lang.Object,java.lang.Object):org.apache.commons.lang3.StringUtils@equalsIgnoreCase(java.lang.CharSequence,java.lang.CharSequence):817:33246:str1 == str2 |==> false
186:LVR:TRUE:FALSE:org.apache.commons.lang3.StringUtils@equalsIgnoreCase(java.lang.CharSequence,java.lang.CharSequence):819:33329:true |==> false
187:LVR:0:POS:org.apache.commons.lang3.StringUtils@equalsIgnoreCase(java.lang.CharSequence,java.lang.CharSequence):819:33335:0 |==> 1
188:LVR:0:NEG:org.apache.commons.lang3.StringUtils@equalsIgnoreCase(java.lang.CharSequence,java.lang.CharSequence):819:33335:0 |==> -1
189:LVR:0:POS:org.apache.commons.lang3.StringUtils@equalsIgnoreCase(java.lang.CharSequence,java.lang.CharSequence):819:33344:0 |==> 1
190:LVR:0:NEG:org.apache.commons.lang3.StringUtils@equalsIgnoreCase(java.lang.CharSequence,java.lang.CharSequence):819:33344:0 |==> -1
191:COR:<METHOD_INVOCATION(boolean)>:FALSE:org.apache.commons.lang3.StringUtils@indexOf(java.lang.CharSequence,int):846:34415:isEmpty(seq) |==> false
192:COR:<METHOD_INVOCATION(boolean)>:TRUE:org.apache.commons.lang3.StringUtils@indexOf(java.lang.CharSequence,int):846:34415:isEmpty(seq) |==> true
193:LVR:0:POS:org.apache.commons.lang3.StringUtils@indexOf(java.lang.CharSequence,int):849:34528:0 |==> 1
194:LVR:0:NEG:org.apache.commons.lang3.StringUtils@indexOf(java.lang.CharSequence,int):849:34528:0 |==> -1
195:COR:<METHOD_INVOCATION(boolean)>:FALSE:org.apache.commons.lang3.StringUtils@indexOf(java.lang.CharSequence,int,int):879:35827:isEmpty(seq) |==> false
196:COR:<METHOD_INVOCATION(boolean)>:TRUE:org.apache.commons.lang3.StringUtils@indexOf(java.lang.CharSequence,int,int):879:35827:isEmpty(seq) |==> true
197:ROR:==(java.lang.Object,java.lang.Object):FALSE(java.lang.Object,java.lang.Object):org.apache.commons.lang3.StringUtils@indexOf(java.lang.CharSequence,java.lang.CharSequence):910:37103:seq == null |==> false
198:ROR:==(java.lang.Object,java.lang.Object):FALSE(java.lang.Object,java.lang.Object):org.apache.commons.lang3.StringUtils@indexOf(java.lang.CharSequence,java.lang.CharSequence):910:37124:searchSeq == null |==> false
199:COR:||(boolean,boolean):!=(boolean,boolean):org.apache.commons.lang3.StringUtils@indexOf(java.lang.CharSequence,java.lang.CharSequence):910:37099:seq == null || searchSeq == null |==> seq == null != (searchSeq == null)
200:COR:||(boolean,boolean):LHS(boolean,boolean):org.apache.commons.lang3.StringUtils@indexOf(java.lang.CharSequence,java.lang.CharSequence):910:37099:seq == null || searchSeq == null |==> seq == null
201:COR:||(boolean,boolean):RHS(boolean,boolean):org.apache.commons.lang3.StringUtils@indexOf(java.lang.CharSequence,java.lang.CharSequence):910:37114:seq == null || searchSeq == null |==> searchSeq == null
202:COR:||(boolean,boolean):TRUE(boolean,boolean):org.apache.commons.lang3.StringUtils@indexOf(java.lang.CharSequence,java.lang.CharSequence):910:37111:seq == null || searchSeq == null |==> true
203:LVR:0:POS:org.apache.commons.lang3.StringUtils@indexOf(java.lang.CharSequence,java.lang.CharSequence):913:37238:0 |==> 1
204:LVR:0:NEG:org.apache.commons.lang3.StringUtils@indexOf(java.lang.CharSequence,java.lang.CharSequence):913:37238:0 |==> -1
205:ROR:==(java.lang.Object,java.lang.Object):FALSE(java.lang.Object,java.lang.Object):org.apache.commons.lang3.StringUtils@indexOf(java.lang.CharSequence,java.lang.CharSequence,int):950:38935:seq == null |==> false
206:ROR:==(java.lang.Object,java.lang.Object):FALSE(java.lang.Object,java.lang.Object):org.apache.commons.lang3.StringUtils@indexOf(java.lang.CharSequence,java.lang.CharSequence,int):950:38956:searchSeq == null |==> false
207:COR:||(boolean,boolean):!=(boolean,boolean):org.apache.commons.lang3.StringUtils@indexOf(java.lang.CharSequence,java.lang.CharSequence,int):950:38931:seq == null || searchSeq == null |==> seq == null != (searchSeq == null)
208:COR:||(boolean,boolean):LHS(boolean,boolean):org.apache.commons.lang3.StringUtils@indexOf(java.lang.CharSequence,java.lang.CharSequence,int):950:38931:seq == null || searchSeq == null |==> seq == null
209:COR:||(boolean,boolean):RHS(boolean,boolean):org.apache.commons.lang3.StringUtils@indexOf(java.lang.CharSequence,java.lang.CharSequence,int):950:38946:seq == null || searchSeq == null |==> searchSeq == null
210:COR:||(boolean,boolean):TRUE(boolean,boolean):org.apache.commons.lang3.StringUtils@indexOf(java.lang.CharSequence,java.lang.CharSequence,int):950:38943:seq == null || searchSeq == null |==> true
211:LVR:FALSE:TRUE:org.apache.commons.lang3.StringUtils@ordinalIndexOf(java.lang.CharSequence,java.lang.CharSequence,int):991:40817:false |==> true
212:ROR:==(java.lang.Object,java.lang.Object):FALSE(java.lang.Object,java.lang.Object):org.apache.commons.lang3.StringUtils@ordinalIndexOf(java.lang.CharSequence,java.lang.CharSequence,int,boolean):1009:41716:str == null |==> false
213:ROR:==(java.lang.Object,java.lang.Object):FALSE(java.lang.Object,java.lang.Object):org.apache.commons.lang3.StringUtils@ordinalIndexOf(java.lang.CharSequence,java.lang.CharSequence,int,boolean):1009:41737:searchStr == null |==> false
214:COR:||(boolean,boolean):!=(boolean,boolean):org.apache.commons.lang3.StringUtils@ordinalIndexOf(java.lang.CharSequence,java.lang.CharSequence,int,boolean):1009:41712:str == null || searchStr == null |==> str == null != (searchStr == null)
215:COR:||(boolean,boolean):LHS(boolean,boolean):org.apache.commons.lang3.StringUtils@ordinalIndexOf(java.lang.CharSequence,java.lang.CharSequence,int,boolean):1009:41712:str == null || searchStr == null |==> str == null
216:COR:||(boolean,boolean):RHS(boolean,boolean):org.apache.commons.lang3.StringUtils@ordinalIndexOf(java.lang.CharSequence,java.lang.CharSequence,int,boolean):1009:41727:str == null || searchStr == null |==> searchStr == null
217:COR:||(boolean,boolean):TRUE(boolean,boolean):org.apache.commons.lang3.StringUtils@ordinalIndexOf(java.lang.CharSequence,java.lang.CharSequence,int,boolean):1009:41724:str == null || searchStr == null |==> true
218:LVR:0:POS:org.apache.commons.lang3.StringUtils@ordinalIndexOf(java.lang.CharSequence,java.lang.CharSequence,int,boolean):1009:41759:0 |==> 1
219:LVR:0:NEG:org.apache.commons.lang3.StringUtils@ordinalIndexOf(java.lang.CharSequence,java.lang.CharSequence,int,boolean):1009:41759:0 |==> -1
220:ROR:<=(int,int):<(int,int):org.apache.commons.lang3.StringUtils@ordinalIndexOf(java.lang.CharSequence,java.lang.CharSequence,int,boolean):1009:41748:ordinal <= 0 |==> ordinal < 0
221:ROR:<=(int,int):==(int,int):org.apache.commons.lang3.StringUtils@ordinalIndexOf(java.lang.CharSequence,java.lang.CharSequence,int,boolean):1009:41748:ordinal <= 0 |==> ordinal == 0
222:ROR:<=(int,int):TRUE(int,int):org.apache.commons.lang3.StringUtils@ordinalIndexOf(java.lang.CharSequence,java.lang.CharSequence,int,boolean):1009:41756:ordinal <= 0 |==> true
223:COR:||(boolean,boolean):!=(boolean,boolean):org.apache.commons.lang3.StringUtils@ordinalIndexOf(java.lang.CharSequence,java.lang.CharSequence,int,boolean):1009:41712:str == null || searchStr == null || ordinal <= 0 |==> (str == null || searchStr == null) != ordinal <= 0
224:COR:||(boolean,boolean):LHS(boolean,boolean):org.apache.commons.lang3.StringUtils@ordinalIndexOf(java.lang.CharSequence,java.lang.CharSequence,int,boolean):1009:41712:str == null || searchStr == null || ordinal <= 0 |==> str == null || searchStr == null
225:COR:||(boolean,boolean):RHS(boolean,boolean):org.apache.commons.lang3.StringUtils@ordinalIndexOf(java.lang.CharSequence,java.lang.CharSequence,int,boolean):1009:41748:str == null || searchStr == null || ordinal <= 0 |==> ordinal <= 0
226:COR:||(boolean,boolean):TRUE(boolean,boolean):org.apache.commons.lang3.StringUtils@ordinalIndexOf(java.lang.CharSequence,java.lang.CharSequence,int,boolean):1009:41745:str == null || searchStr == null || ordinal <= 0 |==> true
227:LVR:0:POS:org.apache.commons.lang3.StringUtils@ordinalIndexOf(java.lang.CharSequence,java.lang.CharSequence,int,boolean):1012:41844:0 |==> 1
228:LVR:0:NEG:org.apache.commons.lang3.StringUtils@ordinalIndexOf(java.lang.CharSequence,java.lang.CharSequence,int,boolean):1012:41844:0 |==> -1
229:ROR:==(int,int):>=(int,int):org.apache.commons.lang3.StringUtils@ordinalIndexOf(java.lang.CharSequence,java.lang.CharSequence,int,boolean):1012:41822:searchStr.length() == 0 |==> searchStr.length() >= 0
230:ROR:==(int,int):FALSE(int,int):org.apache.commons.lang3.StringUtils@ordinalIndexOf(java.lang.CharSequence,java.lang.CharSequence,int,boolean):1012:41841:searchStr.length() == 0 |==> false
231:COR:<IDENTIFIER(boolean)>:FALSE:org.apache.commons.lang3.StringUtils@ordinalIndexOf(java.lang.CharSequence,java.lang.CharSequence,int,boolean):1013:41868:lastIndex |==> false
232:COR:<IDENTIFIER(boolean)>:TRUE:org.apache.commons.lang3.StringUtils@ordinalIndexOf(java.lang.CharSequence,java.lang.CharSequence,int,boolean):1013:41868:lastIndex |==> true
233:LVR:0:POS:org.apache.commons.lang3.StringUtils@ordinalIndexOf(java.lang.CharSequence,java.lang.CharSequence,int,boolean):1013:41895:0 |==> 1
234:LVR:0:NEG:org.apache.commons.lang3.StringUtils@ordinalIndexOf(java.lang.CharSequence,java.lang.CharSequence,int,boolean):1013:41895:0 |==> -1
235:LVR:0:POS:org.apache.commons.lang3.StringUtils@ordinalIndexOf(java.lang.CharSequence,java.lang.CharSequence,int,boolean):1015:41928:0 |==> 1
236:LVR:0:NEG:org.apache.commons.lang3.StringUtils@ordinalIndexOf(java.lang.CharSequence,java.lang.CharSequence,int,boolean):1015:41928:0 |==> -1
237:COR:<IDENTIFIER(boolean)>:FALSE:org.apache.commons.lang3.StringUtils@ordinalIndexOf(java.lang.CharSequence,java.lang.CharSequence,int,boolean):1016:41951:lastIndex |==> false
238:COR:<IDENTIFIER(boolean)>:TRUE:org.apache.commons.lang3.StringUtils@ordinalIndexOf(java.lang.CharSequence,java.lang.CharSequence,int,boolean):1016:41951:lastIndex |==> true
239:COR:<IDENTIFIER(boolean)>:FALSE:org.apache.commons.lang3.StringUtils@ordinalIndexOf(java.lang.CharSequence,java.lang.CharSequence,int,boolean):1018:42024:lastIndex |==> false
240:COR:<IDENTIFIER(boolean)>:TRUE:org.apache.commons.lang3.StringUtils@ordinalIndexOf(java.lang.CharSequence,java.lang.CharSequence,int,boolean):1018:42024:lastIndex |==> true
241:LVR:POS:0:org.apache.commons.lang3.StringUtils@ordinalIndexOf(java.lang.CharSequence,java.lang.CharSequence,int,boolean):1019:42115:1 |==> 0
242:LVR:POS:NEG:org.apache.commons.lang3.StringUtils@ordinalIndexOf(java.lang.CharSequence,java.lang.CharSequence,int,boolean):1019:42115:1 |==> -1
243:AOR:-(int,int):%(int,int):org.apache.commons.lang3.StringUtils@ordinalIndexOf(java.lang.CharSequence,java.lang.CharSequence,int,boolean):1019:42107:index - 1 |==> index % 1
244:AOR:-(int,int):*(int,int):org.apache.commons.lang3.StringUtils@ordinalIndexOf(java.lang.CharSequence,java.lang.CharSequence,int,boolean):1019:42107:index - 1 |==> index * 1
245:AOR:-(int,int):+(int,int):org.apache.commons.lang3.StringUtils@ordinalIndexOf(java.lang.CharSequence,java.lang.CharSequence,int,boolean):1019:42107:index - 1 |==> index + 1
246:AOR:-(int,int):/(int,int):org.apache.commons.lang3.StringUtils@ordinalIndexOf(java.lang.CharSequence,java.lang.CharSequence,int,boolean):1019:42107:index - 1 |==> index / 1
247:STD:<ASSIGN>:<NO-OP>:org.apache.commons.lang3.StringUtils@ordinalIndexOf(java.lang.CharSequence,java.lang.CharSequence,int,boolean):1019:42053:index = CharSequenceUtils.lastIndexOf(str, searchStr, index - 1); |==> <NO-OP>
248:LVR:POS:0:org.apache.commons.lang3.StringUtils@ordinalIndexOf(java.lang.CharSequence,java.lang.CharSequence,int,boolean):1021:42214:1 |==> 0
249:LVR:POS:NEG:org.apache.commons.lang3.StringUtils@ordinalIndexOf(java.lang.CharSequence,java.lang.CharSequence,int,boolean):1021:42214:1 |==> -1
250:AOR:+(int,int):%(int,int):org.apache.commons.lang3.StringUtils@ordinalIndexOf(java.lang.CharSequence,java.lang.CharSequence,int,boolean):1021:42206:index + 1 |==> index % 1
251:AOR:+(int,int):*(int,int):org.apache.commons.lang3.StringUtils@ordinalIndexOf(java.lang.CharSequence,java.lang.CharSequence,int,boolean):1021:42206:index + 1 |==> index * 1
252:AOR:+(int,int):-(int,int):org.apache.commons.lang3.StringUtils@ordinalIndexOf(java.lang.CharSequence,java.lang.CharSequence,int,boolean):1021:42206:index + 1 |==> index - 1
253:AOR:+(int,int):/(int,int):org.apache.commons.lang3.StringUtils@ordinalIndexOf(java.lang.CharSequence,java.lang.CharSequence,int,boolean):1021:42206:index + 1 |==> index / 1
254:STD:<ASSIGN>:<NO-OP>:org.apache.commons.lang3.StringUtils@ordinalIndexOf(java.lang.CharSequence,java.lang.CharSequence,int,boolean):1021:42156:index = CharSequenceUtils.indexOf(str, searchStr, index + 1); |==> <NO-OP>
255:LVR:0:POS:org.apache.commons.lang3.StringUtils@ordinalIndexOf(java.lang.CharSequence,java.lang.CharSequence,int,boolean):1023:42256:0 |==> 1
256:LVR:0:NEG:org.apache.commons.lang3.StringUtils@ordinalIndexOf(java.lang.CharSequence,java.lang.CharSequence,int,boolean):1023:42256:0 |==> -1
257:ROR:<(int,int):!=(int,int):org.apache.commons.lang3.StringUtils@ordinalIndexOf(java.lang.CharSequence,java.lang.CharSequence,int,boolean):1023:42248:index < 0 |==> index != 0
258:ROR:<(int,int):<=(int,int):org.apache.commons.lang3.StringUtils@ordinalIndexOf(java.lang.CharSequence,java.lang.CharSequence,int,boolean):1023:42248:index < 0 |==> index <= 0
259:ROR:<(int,int):FALSE(int,int):org.apache.commons.lang3.StringUtils@ordinalIndexOf(java.lang.CharSequence,java.lang.CharSequence,int,boolean):1023:42254:index < 0 |==> false
260:STD:<INC>:<NO-OP>:org.apache.commons.lang3.StringUtils@ordinalIndexOf(java.lang.CharSequence,java.lang.CharSequence,int,boolean):1026:42317:found++; |==> <NO-OP>
261:ROR:<(int,int):!=(int,int):org.apache.commons.lang3.StringUtils@ordinalIndexOf(java.lang.CharSequence,java.lang.CharSequence,int,boolean):1027:42343:found < ordinal |==> found != ordinal
262:ROR:<(int,int):<=(int,int):org.apache.commons.lang3.StringUtils@ordinalIndexOf(java.lang.CharSequence,java.lang.CharSequence,int,boolean):1027:42343:found < ordinal |==> found <= ordinal
263:ROR:<(int,int):FALSE(int,int):org.apache.commons.lang3.StringUtils@ordinalIndexOf(java.lang.CharSequence,java.lang.CharSequence,int,boolean):1027:42349:found < ordinal |==> false
264:LVR:0:POS:org.apache.commons.lang3.StringUtils@indexOfIgnoreCase(java.lang.CharSequence,java.lang.CharSequence):1057:43677:0 |==> 1
265:LVR:0:NEG:org.apache.commons.lang3.StringUtils@indexOfIgnoreCase(java.lang.CharSequence,java.lang.CharSequence):1057:43677:0 |==> -1
266:ROR:==(java.lang.Object,java.lang.Object):FALSE(java.lang.Object,java.lang.Object):org.apache.commons.lang3.StringUtils@indexOfIgnoreCase(java.lang.CharSequence,java.lang.CharSequence,int):1093:45399:str == null |==> false
267:ROR:==(java.lang.Object,java.lang.Object):FALSE(java.lang.Object,java.lang.Object):org.apache.commons.lang3.StringUtils@indexOfIgnoreCase(java.lang.CharSequence,java.lang.CharSequence,int):1093:45420:searchStr == null |==> false
268:COR:||(boolean,boolean):!=(boolean,boolean):org.apache.commons.lang3.StringUtils@indexOfIgnoreCase(java.lang.CharSequence,java.lang.CharSequence,int):1093:45395:str == null || searchStr == null |==> str == null != (searchStr == null)
269:COR:||(boolean,boolean):LHS(boolean,boolean):org.apache.commons.lang3.StringUtils@indexOfIgnoreCase(java.lang.CharSequence,java.lang.CharSequence,int):1093:45395:str == null || searchStr == null |==> str == null
270:COR:||(boolean,boolean):RHS(boolean,boolean):org.apache.commons.lang3.StringUtils@indexOfIgnoreCase(java.lang.CharSequence,java.lang.CharSequence,int):1093:45410:str == null || searchStr == null |==> searchStr == null
271:COR:||(boolean,boolean):TRUE(boolean,boolean):org.apache.commons.lang3.StringUtils@indexOfIgnoreCase(java.lang.CharSequence,java.lang.CharSequence,int):1093:45407:str == null || searchStr == null |==> true
272:LVR:0:POS:org.apache.commons.lang3.StringUtils@indexOfIgnoreCase(java.lang.CharSequence,java.lang.CharSequence,int):1096:45500:0 |==> 1
273:LVR:0:NEG:org.apache.commons.lang3.StringUtils@indexOfIgnoreCase(java.lang.CharSequence,java.lang.CharSequence,int):1096:45500:0 |==> -1
274:ROR:<(int,int):!=(int,int):org.apache.commons.lang3.StringUtils@indexOfIgnoreCase(java.lang.CharSequence,java.lang.CharSequence,int):1096:45489:startPos < 0 |==> startPos != 0
275:ROR:<(int,int):<=(int,int):org.apache.commons.lang3.StringUtils@indexOfIgnoreCase(java.lang.CharSequence,java.lang.CharSequence,int):1096:45489:startPos < 0 |==> startPos <= 0
276:ROR:<(int,int):FALSE(int,int):org.apache.commons.lang3.StringUtils@indexOfIgnoreCase(java.lang.CharSequence,java.lang.CharSequence,int):1096:45498:startPos < 0 |==> false
277:LVR:0:POS:org.apache.commons.lang3.StringUtils@indexOfIgnoreCase(java.lang.CharSequence,java.lang.CharSequence,int):1097:45528:0 |==> 1
278:LVR:0:NEG:org.apache.commons.lang3.StringUtils@indexOfIgnoreCase(java.lang.CharSequence,java.lang.CharSequence,int):1097:45528:0 |==> -1
279:STD:<ASSIGN>:<NO-OP>:org.apache.commons.lang3.StringUtils@indexOfIgnoreCase(java.lang.CharSequence,java.lang.CharSequence,int):1097:45517:startPos = 0; |==> <NO-OP>
280:AOR:-(int,int):%(int,int):org.apache.commons.lang3.StringUtils@indexOfIgnoreCase(java.lang.CharSequence,java.lang.CharSequence,int):1099:45564:str.length() - searchStr.length() |==> str.length() % searchStr.length()
281:AOR:-(int,int):*(int,int):org.apache.commons.lang3.StringUtils@indexOfIgnoreCase(java.lang.CharSequence,java.lang.CharSequence,int):1099:45564:str.length() - searchStr.length() |==> str.length() * searchStr.length()
282:AOR:-(int,int):+(int,int):org.apache.commons.lang3.StringUtils@indexOfIgnoreCase(java.lang.CharSequence,java.lang.CharSequence,int):1099:45564:str.length() - searchStr.length() |==> str.length() + searchStr.length()
283:AOR:-(int,int):/(int,int):org.apache.commons.lang3.StringUtils@indexOfIgnoreCase(java.lang.CharSequence,java.lang.CharSequence,int):1099:45564:str.length() - searchStr.length() |==> str.length() / searchStr.length()
284:LVR:POS:0:org.apache.commons.lang3.StringUtils@indexOfIgnoreCase(java.lang.CharSequence,java.lang.CharSequence,int):1099:45600:1 |==> 0
285:LVR:POS:NEG:org.apache.commons.lang3.StringUtils@indexOfIgnoreCase(java.lang.CharSequence,java.lang.CharSequence,int):1099:45600:1 |==> -1
286:AOR:+(int,int):%(int,int):org.apache.commons.lang3.StringUtils@indexOfIgnoreCase(java.lang.CharSequence,java.lang.CharSequence,int):1099:45564:str.length() - searchStr.length() + 1 |==> (str.length() - searchStr.length()) % 1
287:AOR:+(int,int):*(int,int):org.apache.commons.lang3.StringUtils@indexOfIgnoreCase(java.lang.CharSequence,java.lang.CharSequence,int):1099:45564:str.length() - searchStr.length() + 1 |==> (str.length() - searchStr.length()) * 1
288:AOR:+(int,int):-(int,int):org.apache.commons.lang3.StringUtils@indexOfIgnoreCase(java.lang.CharSequence,java.lang.CharSequence,int):1099:45564:str.length() - searchStr.length() + 1 |==> str.length() - searchStr.length() - 1
289:AOR:+(int,int):/(int,int):org.apache.commons.lang3.StringUtils@indexOfIgnoreCase(java.lang.CharSequence,java.lang.CharSequence,int):1099:45564:str.length() - searchStr.length() + 1 |==> (str.length() - searchStr.length()) / 1
290:ROR:>(int,int):!=(int,int):org.apache.commons.lang3.StringUtils@indexOfIgnoreCase(java.lang.CharSequence,java.lang.CharSequence,int):1100:45615:startPos > endLimit |==> startPos != endLimit
291:ROR:>(int,int):>=(int,int):org.apache.commons.lang3.StringUtils@indexOfIgnoreCase(java.lang.CharSequence,java.lang.CharSequence,int):1100:45615:startPos > endLimit |==> startPos >= endLimit
292:ROR:>(int,int):FALSE(int,int):org.apache.commons.lang3.StringUtils@indexOfIgnoreCase(java.lang.CharSequence,java.lang.CharSequence,int):1100:45624:startPos > endLimit |==> false
293:LVR:0:POS:org.apache.commons.lang3.StringUtils@indexOfIgnoreCase(java.lang.CharSequence,java.lang.CharSequence,int):1103:45718:0 |==> 1
294:LVR:0:NEG:org.apache.commons.lang3.StringUtils@indexOfIgnoreCase(java.lang.CharSequence,java.lang.CharSequence,int):1103:45718:0 |==> -1
295:ROR:==(int,int):>=(int,int):org.apache.commons.lang3.StringUtils@indexOfIgnoreCase(java.lang.CharSequence,java.lang.CharSequence,int):1103:45696:searchStr.length() == 0 |==> searchStr.length() >= 0
296:ROR:==(int,int):FALSE(int,int):org.apache.commons.lang3.StringUtils@indexOfIgnoreCase(java.lang.CharSequence,java.lang.CharSequence,int):1103:45715:searchStr.length() == 0 |==> false
297:ROR:<(int,int):!=(int,int):org.apache.commons.lang3.StringUtils@indexOfIgnoreCase(java.lang.CharSequence,java.lang.CharSequence,int):1106:45793:i < endLimit |==> i != endLimit
298:ROR:<(int,int):<=(int,int):org.apache.commons.lang3.StringUtils@indexOfIgnoreCase(java.lang.CharSequence,java.lang.CharSequence,int):1106:45793:i < endLimit |==> i <= endLimit
299:ROR:<(int,int):FALSE(int,int):org.apache.commons.lang3.StringUtils@indexOfIgnoreCase(java.lang.CharSequence,java.lang.CharSequence,int):1106:45795:i < endLimit |==> false
300:LVR:TRUE:FALSE:org.apache.commons.lang3.StringUtils@indexOfIgnoreCase(java.lang.CharSequence,java.lang.CharSequence,int):1107:45867:true |==> false
301:LVR:0:POS:org.apache.commons.lang3.StringUtils@indexOfIgnoreCase(java.lang.CharSequence,java.lang.CharSequence,int):1107:45887:0 |==> 1
302:LVR:0:NEG:org.apache.commons.lang3.StringUtils@indexOfIgnoreCase(java.lang.CharSequence,java.lang.CharSequence,int):1107:45887:0 |==> -1
303:COR:<METHOD_INVOCATION(boolean)>:FALSE:org.apache.commons.lang3.StringUtils@indexOfIgnoreCase(java.lang.CharSequence,java.lang.CharSequence,int):1107:45861:CharSequenceUtils.regionMatches(str, true, i, searchStr, 0, searchStr.length()) |==> false
304:COR:<METHOD_INVOCATION(boolean)>:TRUE:org.apache.commons.lang3.StringUtils@indexOfIgnoreCase(java.lang.CharSequence,java.lang.CharSequence,int):1107:45861:CharSequenceUtils.regionMatches(str, true, i, searchStr, 0, searchStr.length()) |==> true
305:COR:<METHOD_INVOCATION(boolean)>:FALSE:org.apache.commons.lang3.StringUtils@lastIndexOf(java.lang.CharSequence,int):1137:47023:isEmpty(seq) |==> false
306:COR:<METHOD_INVOCATION(boolean)>:TRUE:org.apache.commons.lang3.StringUtils@lastIndexOf(java.lang.CharSequence,int):1137:47023:isEmpty(seq) |==> true
307:COR:<METHOD_INVOCATION(boolean)>:FALSE:org.apache.commons.lang3.StringUtils@lastIndexOf(java.lang.CharSequence,int,int):1172:48564:isEmpty(seq) |==> false
308:COR:<METHOD_INVOCATION(boolean)>:TRUE:org.apache.commons.lang3.StringUtils@lastIndexOf(java.lang.CharSequence,int,int):1172:48564:isEmpty(seq) |==> true
309:ROR:==(java.lang.Object,java.lang.Object):FALSE(java.lang.Object,java.lang.Object):org.apache.commons.lang3.StringUtils@lastIndexOf(java.lang.CharSequence,java.lang.CharSequence):1202:49804:seq == null |==> false
310:ROR:==(java.lang.Object,java.lang.Object):FALSE(java.lang.Object,java.lang.Object):org.apache.commons.lang3.StringUtils@lastIndexOf(java.lang.CharSequence,java.lang.CharSequence):1202:49825:searchSeq == null |==> false
311:COR:||(boolean,boolean):!=(boolean,boolean):org.apache.commons.lang3.StringUtils@lastIndexOf(java.lang.CharSequence,java.lang.CharSequence):1202:49800:seq == null || searchSeq == null |==> seq == null != (searchSeq == null)
312:COR:||(boolean,boolean):LHS(boolean,boolean):org.apache.commons.lang3.StringUtils@lastIndexOf(java.lang.CharSequence,java.lang.CharSequence):1202:49800:seq == null || searchSeq == null |==> seq == null
313:COR:||(boolean,boolean):RHS(boolean,boolean):org.apache.commons.lang3.StringUtils@lastIndexOf(java.lang.CharSequence,java.lang.CharSequence):1202:49815:seq == null || searchSeq == null |==> searchSeq == null
314:COR:||(boolean,boolean):TRUE(boolean,boolean):org.apache.commons.lang3.StringUtils@lastIndexOf(java.lang.CharSequence,java.lang.CharSequence):1202:49812:seq == null || searchSeq == null |==> true
315:LVR:TRUE:FALSE:org.apache.commons.lang3.StringUtils@lastOrdinalIndexOf(java.lang.CharSequence,java.lang.CharSequence,int):1243:51746:true |==> false
316:ROR:==(java.lang.Object,java.lang.Object):FALSE(java.lang.Object,java.lang.Object):org.apache.commons.lang3.StringUtils@lastIndexOf(java.lang.CharSequence,java.lang.CharSequence,int):1276:53336:seq == null |==> false
317:ROR:==(java.lang.Object,java.lang.Object):FALSE(java.lang.Object,java.lang.Object):org.apache.commons.lang3.StringUtils@lastIndexOf(java.lang.CharSequence,java.lang.CharSequence,int):1276:53357:searchSeq == null |==> false
318:COR:||(boolean,boolean):!=(boolean,boolean):org.apache.commons.lang3.StringUtils@lastIndexOf(java.lang.CharSequence,java.lang.CharSequence,int):1276:53332:seq == null || searchSeq == null |==> seq == null != (searchSeq == null)
319:COR:||(boolean,boolean):LHS(boolean,boolean):org.apache.commons.lang3.StringUtils@lastIndexOf(java.lang.CharSequence,java.lang.CharSequence,int):1276:53332:seq == null || searchSeq == null |==> seq == null
320:COR:||(boolean,boolean):RHS(boolean,boolean):org.apache.commons.lang3.StringUtils@lastIndexOf(java.lang.CharSequence,java.lang.CharSequence,int):1276:53347:seq == null || searchSeq == null |==> searchSeq == null
321:COR:||(boolean,boolean):TRUE(boolean,boolean):org.apache.commons.lang3.StringUtils@lastIndexOf(java.lang.CharSequence,java.lang.CharSequence,int):1276:53344:seq == null || searchSeq == null |==> true
322:ROR:==(java.lang.Object,java.lang.Object):FALSE(java.lang.Object,java.lang.Object):org.apache.commons.lang3.StringUtils@lastIndexOfIgnoreCase(java.lang.CharSequence,java.lang.CharSequence):1306:54734:str == null |==> false
323:ROR:==(java.lang.Object,java.lang.Object):FALSE(java.lang.Object,java.lang.Object):org.apache.commons.lang3.StringUtils@lastIndexOfIgnoreCase(java.lang.CharSequence,java.lang.CharSequence):1306:54755:searchStr == null |==> false
324:COR:||(boolean,boolean):!=(boolean,boolean):org.apache.commons.lang3.StringUtils@lastIndexOfIgnoreCase(java.lang.CharSequence,java.lang.CharSequence):1306:54730:str == null || searchStr == null |==> str == null != (searchStr == null)
325:COR:||(boolean,boolean):LHS(boolean,boolean):org.apache.commons.lang3.StringUtils@lastIndexOfIgnoreCase(java.lang.CharSequence,java.lang.CharSequence):1306:54730:str == null || searchStr == null |==> str == null
326:COR:||(boolean,boolean):RHS(boolean,boolean):org.apache.commons.lang3.StringUtils@lastIndexOfIgnoreCase(java.lang.CharSequence,java.lang.CharSequence):1306:54745:str == null || searchStr == null |==> searchStr == null
327:COR:||(boolean,boolean):TRUE(boolean,boolean):org.apache.commons.lang3.StringUtils@lastIndexOfIgnoreCase(java.lang.CharSequence,java.lang.CharSequence):1306:54742:str == null || searchStr == null |==> true
328:ROR:==(java.lang.Object,java.lang.Object):FALSE(java.lang.Object,java.lang.Object):org.apache.commons.lang3.StringUtils@lastIndexOfIgnoreCase(java.lang.CharSequence,java.lang.CharSequence,int):1342:56504:str == null |==> false
329:ROR:==(java.lang.Object,java.lang.Object):FALSE(java.lang.Object,java.lang.Object):org.apache.commons.lang3.StringUtils@lastIndexOfIgnoreCase(java.lang.CharSequence,java.lang.CharSequence,int):1342:56525:searchStr == null |==> false
330:COR:||(boolean,boolean):!=(boolean,boolean):org.apache.commons.lang3.StringUtils@lastIndexOfIgnoreCase(java.lang.CharSequence,java.lang.CharSequence,int):1342:56500:str == null || searchStr == null |==> str == null != (searchStr == null)
331:COR:||(boolean,boolean):LHS(boolean,boolean):org.apache.commons.lang3.StringUtils@lastIndexOfIgnoreCase(java.lang.CharSequence,java.lang.CharSequence,int):1342:56500:str == null || searchStr == null |==> str == null
332:COR:||(boolean,boolean):RHS(boolean,boolean):org.apache.commons.lang3.StringUtils@lastIndexOfIgnoreCase(java.lang.CharSequence,java.lang.CharSequence,int):1342:56515:str == null || searchStr == null |==> searchStr == null
333:COR:||(boolean,boolean):TRUE(boolean,boolean):org.apache.commons.lang3.StringUtils@lastIndexOfIgnoreCase(java.lang.CharSequence,java.lang.CharSequence,int):1342:56512:str == null || searchStr == null |==> true
334:AOR:-(int,int):%(int,int):org.apache.commons.lang3.StringUtils@lastIndexOfIgnoreCase(java.lang.CharSequence,java.lang.CharSequence,int):1345:56605:str.length() - searchStr.length() |==> str.length() % searchStr.length()
335:AOR:-(int,int):*(int,int):org.apache.commons.lang3.StringUtils@lastIndexOfIgnoreCase(java.lang.CharSequence,java.lang.CharSequence,int):1345:56605:str.length() - searchStr.length() |==> str.length() * searchStr.length()
336:AOR:-(int,int):+(int,int):org.apache.commons.lang3.StringUtils@lastIndexOfIgnoreCase(java.lang.CharSequence,java.lang.CharSequence,int):1345:56605:str.length() - searchStr.length() |==> str.length() + searchStr.length()
337:AOR:-(int,int):/(int,int):org.apache.commons.lang3.StringUtils@lastIndexOfIgnoreCase(java.lang.CharSequence,java.lang.CharSequence,int):1345:56605:str.length() - searchStr.length() |==> str.length() / searchStr.length()
338:ROR:>(int,int):!=(int,int):org.apache.commons.lang3.StringUtils@lastIndexOfIgnoreCase(java.lang.CharSequence,java.lang.CharSequence,int):1345:56594:startPos > str.length() - searchStr.length() |==> startPos != str.length() - searchStr.length()
339:ROR:>(int,int):>=(int,int):org.apache.commons.lang3.StringUtils@lastIndexOfIgnoreCase(java.lang.CharSequence,java.lang.CharSequence,int):1345:56594:startPos > str.length() - searchStr.length() |==> startPos >= str.length() - searchStr.length()
340:ROR:>(int,int):FALSE(int,int):org.apache.commons.lang3.StringUtils@lastIndexOfIgnoreCase(java.lang.CharSequence,java.lang.CharSequence,int):1345:56603:startPos > str.length() - searchStr.length() |==> false
341:AOR:-(int,int):%(int,int):org.apache.commons.lang3.StringUtils@lastIndexOfIgnoreCase(java.lang.CharSequence,java.lang.CharSequence,int):1346:56665:str.length() - searchStr.length() |==> str.length() % searchStr.length()
342:AOR:-(int,int):*(int,int):org.apache.commons.lang3.StringUtils@lastIndexOfIgnoreCase(java.lang.CharSequence,java.lang.CharSequence,int):1346:56665:str.length() - searchStr.length() |==> str.length() * searchStr.length()
343:AOR:-(int,int):+(int,int):org.apache.commons.lang3.StringUtils@lastIndexOfIgnoreCase(java.lang.CharSequence,java.lang.CharSequence,int):1346:56665:str.length() - searchStr.length() |==> str.length() + searchStr.length()
344:AOR:-(int,int):/(int,int):org.apache.commons.lang3.StringUtils@lastIndexOfIgnoreCase(java.lang.CharSequence,java.lang.CharSequence,int):1346:56665:str.length() - searchStr.length() |==> str.length() / searchStr.length()
345:STD:<ASSIGN>:<NO-OP>:org.apache.commons.lang3.StringUtils@lastIndexOfIgnoreCase(java.lang.CharSequence,java.lang.CharSequence,int):1346:56654:startPos = str.length() - searchStr.length(); |==> <NO-OP>
346:LVR:0:POS:org.apache.commons.lang3.StringUtils@lastIndexOfIgnoreCase(java.lang.CharSequence,java.lang.CharSequence,int):1348:56733:0 |==> 1
347:LVR:0:NEG:org.apache.commons.lang3.StringUtils@lastIndexOfIgnoreCase(java.lang.CharSequence,java.lang.CharSequence,int):1348:56733:0 |==> -1
348:ROR:<(int,int):!=(int,int):org.apache.commons.lang3.StringUtils@lastIndexOfIgnoreCase(java.lang.CharSequence,java.lang.CharSequence,int):1348:56722:startPos < 0 |==> startPos != 0
349:ROR:<(int,int):<=(int,int):org.apache.commons.lang3.StringUtils@lastIndexOfIgnoreCase(java.lang.CharSequence,java.lang.CharSequence,int):1348:56722:startPos < 0 |==> startPos <= 0
350:ROR:<(int,int):FALSE(int,int):org.apache.commons.lang3.StringUtils@lastIndexOfIgnoreCase(java.lang.CharSequence,java.lang.CharSequence,int):1348:56731:startPos < 0 |==> false
351:LVR:0:POS:org.apache.commons.lang3.StringUtils@lastIndexOfIgnoreCase(java.lang.CharSequence,java.lang.CharSequence,int):1351:56818:0 |==> 1
352:LVR:0:NEG:org.apache.commons.lang3.StringUtils@lastIndexOfIgnoreCase(java.lang.CharSequence,java.lang.CharSequence,int):1351:56818:0 |==> -1
353:ROR:==(int,int):>=(int,int):org.apache.commons.lang3.StringUtils@lastIndexOfIgnoreCase(java.lang.CharSequence,java.lang.CharSequence,int):1351:56796:searchStr.length() == 0 |==> searchStr.length() >= 0
354:ROR:==(int,int):FALSE(int,int):org.apache.commons.lang3.StringUtils@lastIndexOfIgnoreCase(java.lang.CharSequence,java.lang.CharSequence,int):1351:56815:searchStr.length() == 0 |==> false
355:LVR:0:POS:org.apache.commons.lang3.StringUtils@lastIndexOfIgnoreCase(java.lang.CharSequence,java.lang.CharSequence,int):1355:56899:0 |==> 1
356:LVR:0:NEG:org.apache.commons.lang3.StringUtils@lastIndexOfIgnoreCase(java.lang.CharSequence,java.lang.CharSequence,int):1355:56899:0 |==> -1
357:ROR:>=(int,int):==(int,int):org.apache.commons.lang3.StringUtils@lastIndexOfIgnoreCase(java.lang.CharSequence,java.lang.CharSequence,int):1355:56894:i >= 0 |==> i == 0
358:ROR:>=(int,int):>(int,int):org.apache.commons.lang3.StringUtils@lastIndexOfIgnoreCase(java.lang.CharSequence,java.lang.CharSequence,int):1355:56894:i >= 0 |==> i > 0
359:ROR:>=(int,int):TRUE(int,int):org.apache.commons.lang3.StringUtils@lastIndexOfIgnoreCase(java.lang.CharSequence,java.lang.CharSequence,int):1355:56896:i >= 0 |==> true
360:LVR:TRUE:FALSE:org.apache.commons.lang3.StringUtils@lastIndexOfIgnoreCase(java.lang.CharSequence,java.lang.CharSequence,int):1356:56962:true |==> false
361:LVR:0:POS:org.apache.commons.lang3.StringUtils@lastIndexOfIgnoreCase(java.lang.CharSequence,java.lang.CharSequence,int):1356:56982:0 |==> 1
362:LVR:0:NEG:org.apache.commons.lang3.StringUtils@lastIndexOfIgnoreCase(java.lang.CharSequence,java.lang.CharSequence,int):1356:56982:0 |==> -1
363:COR:<METHOD_INVOCATION(boolean)>:FALSE:org.apache.commons.lang3.StringUtils@lastIndexOfIgnoreCase(java.lang.CharSequence,java.lang.CharSequence,int):1356:56956:CharSequenceUtils.regionMatches(str, true, i, searchStr, 0, searchStr.length()) |==> false
364:COR:<METHOD_INVOCATION(boolean)>:TRUE:org.apache.commons.lang3.StringUtils@lastIndexOfIgnoreCase(java.lang.CharSequence,java.lang.CharSequence,int):1356:56956:CharSequenceUtils.regionMatches(str, true, i, searchStr, 0, searchStr.length()) |==> true
365:COR:<METHOD_INVOCATION(boolean)>:FALSE:org.apache.commons.lang3.StringUtils@contains(java.lang.CharSequence,int):1386:58112:isEmpty(seq) |==> false
366:COR:<METHOD_INVOCATION(boolean)>:TRUE:org.apache.commons.lang3.StringUtils@contains(java.lang.CharSequence,int):1386:58112:isEmpty(seq) |==> true
367:LVR:FALSE:TRUE:org.apache.commons.lang3.StringUtils@contains(java.lang.CharSequence,int):1387:58140:false |==> true
368:LVR:0:POS:org.apache.commons.lang3.StringUtils@contains(java.lang.CharSequence,int):1389:58215:0 |==> 1
369:LVR:0:NEG:org.apache.commons.lang3.StringUtils@contains(java.lang.CharSequence,int):1389:58215:0 |==> -1
370:LVR:0:POS:org.apache.commons.lang3.StringUtils@contains(java.lang.CharSequence,int):1389:58221:0 |==> 1
371:LVR:0:NEG:org.apache.commons.lang3.StringUtils@contains(java.lang.CharSequence,int):1389:58221:0 |==> -1
372:ROR:>=(int,int):==(int,int):org.apache.commons.lang3.StringUtils@contains(java.lang.CharSequence,int):1389:58172:CharSequenceUtils.indexOf(seq, searchChar, 0) >= 0 |==> CharSequenceUtils.indexOf(seq, searchChar, 0) == 0
373:ROR:>=(int,int):>(int,int):org.apache.commons.lang3.StringUtils@contains(java.lang.CharSequence,int):1389:58172:CharSequenceUtils.indexOf(seq, searchChar, 0) >= 0 |==> CharSequenceUtils.indexOf(seq, searchChar, 0) > 0
374:ROR:>=(int,int):TRUE(int,int):org.apache.commons.lang3.StringUtils@contains(java.lang.CharSequence,int):1389:58218:CharSequenceUtils.indexOf(seq, searchChar, 0) >= 0 |==> true
375:ROR:==(java.lang.Object,java.lang.Object):FALSE(java.lang.Object,java.lang.Object):org.apache.commons.lang3.StringUtils@contains(java.lang.CharSequence,java.lang.CharSequence):1415:59279:seq == null |==> false
376:ROR:==(java.lang.Object,java.lang.Object):FALSE(java.lang.Object,java.lang.Object):org.apache.commons.lang3.StringUtils@contains(java.lang.CharSequence,java.lang.CharSequence):1415:59300:searchSeq == null |==> false
377:COR:||(boolean,boolean):!=(boolean,boolean):org.apache.commons.lang3.StringUtils@contains(java.lang.CharSequence,java.lang.CharSequence):1415:59275:seq == null || searchSeq == null |==> seq == null != (searchSeq == null)
378:COR:||(boolean,boolean):LHS(boolean,boolean):org.apache.commons.lang3.StringUtils@contains(java.lang.CharSequence,java.lang.CharSequence):1415:59275:seq == null || searchSeq == null |==> seq == null
379:COR:||(boolean,boolean):RHS(boolean,boolean):org.apache.commons.lang3.StringUtils@contains(java.lang.CharSequence,java.lang.CharSequence):1415:59290:seq == null || searchSeq == null |==> searchSeq == null
380:COR:||(boolean,boolean):TRUE(boolean,boolean):org.apache.commons.lang3.StringUtils@contains(java.lang.CharSequence,java.lang.CharSequence):1415:59287:seq == null || searchSeq == null |==> true
381:LVR:FALSE:TRUE:org.apache.commons.lang3.StringUtils@contains(java.lang.CharSequence,java.lang.CharSequence):1416:59330:false |==> true
382:LVR:0:POS:org.apache.commons.lang3.StringUtils@contains(java.lang.CharSequence,java.lang.CharSequence):1418:59404:0 |==> 1
383:LVR:0:NEG:org.apache.commons.lang3.StringUtils@contains(java.lang.CharSequence,java.lang.CharSequence):1418:59404:0 |==> -1
384:LVR:0:POS:org.apache.commons.lang3.StringUtils@contains(java.lang.CharSequence,java.lang.CharSequence):1418:59410:0 |==> 1
385:LVR:0:NEG:org.apache.commons.lang3.StringUtils@contains(java.lang.CharSequence,java.lang.CharSequence):1418:59410:0 |==> -1
386:ROR:>=(int,int):==(int,int):org.apache.commons.lang3.StringUtils@contains(java.lang.CharSequence,java.lang.CharSequence):1418:59362:CharSequenceUtils.indexOf(seq, searchSeq, 0) >= 0 |==> CharSequenceUtils.indexOf(seq, searchSeq, 0) == 0
387:ROR:>=(int,int):>(int,int):org.apache.commons.lang3.StringUtils@contains(java.lang.CharSequence,java.lang.CharSequence):1418:59362:CharSequenceUtils.indexOf(seq, searchSeq, 0) >= 0 |==> CharSequenceUtils.indexOf(seq, searchSeq, 0) > 0
388:ROR:>=(int,int):TRUE(int,int):org.apache.commons.lang3.StringUtils@contains(java.lang.CharSequence,java.lang.CharSequence):1418:59407:CharSequenceUtils.indexOf(seq, searchSeq, 0) >= 0 |==> true
389:ROR:==(java.lang.Object,java.lang.Object):FALSE(java.lang.Object,java.lang.Object):org.apache.commons.lang3.StringUtils@containsIgnoreCase(java.lang.CharSequence,java.lang.CharSequence):1446:60620:str == null |==> false
390:ROR:==(java.lang.Object,java.lang.Object):FALSE(java.lang.Object,java.lang.Object):org.apache.commons.lang3.StringUtils@containsIgnoreCase(java.lang.CharSequence,java.lang.CharSequence):1446:60641:searchStr == null |==> false
391:COR:||(boolean,boolean):!=(boolean,boolean):org.apache.commons.lang3.StringUtils@containsIgnoreCase(java.lang.CharSequence,java.lang.CharSequence):1446:60616:str == null || searchStr == null |==> str == null != (searchStr == null)
392:COR:||(boolean,boolean):LHS(boolean,boolean):org.apache.commons.lang3.StringUtils@containsIgnoreCase(java.lang.CharSequence,java.lang.CharSequence):1446:60616:str == null || searchStr == null |==> str == null
393:COR:||(boolean,boolean):RHS(boolean,boolean):org.apache.commons.lang3.StringUtils@containsIgnoreCase(java.lang.CharSequence,java.lang.CharSequence):1446:60631:str == null || searchStr == null |==> searchStr == null
394:COR:||(boolean,boolean):TRUE(boolean,boolean):org.apache.commons.lang3.StringUtils@containsIgnoreCase(java.lang.CharSequence,java.lang.CharSequence):1446:60628:str == null || searchStr == null |==> true
395:LVR:FALSE:TRUE:org.apache.commons.lang3.StringUtils@containsIgnoreCase(java.lang.CharSequence,java.lang.CharSequence):1447:60671:false |==> true
396:AOR:-(int,int):%(int,int):org.apache.commons.lang3.StringUtils@containsIgnoreCase(java.lang.CharSequence,java.lang.CharSequence):1450:60744:str.length() - len |==> str.length() % len
397:AOR:-(int,int):*(int,int):org.apache.commons.lang3.StringUtils@containsIgnoreCase(java.lang.CharSequence,java.lang.CharSequence):1450:60744:str.length() - len |==> str.length() * len
398:AOR:-(int,int):+(int,int):org.apache.commons.lang3.StringUtils@containsIgnoreCase(java.lang.CharSequence,java.lang.CharSequence):1450:60744:str.length() - len |==> str.length() + len
399:AOR:-(int,int):/(int,int):org.apache.commons.lang3.StringUtils@containsIgnoreCase(java.lang.CharSequence,java.lang.CharSequence):1450:60744:str.length() - len |==> str.length() / len
400:LVR:0:POS:org.apache.commons.lang3.StringUtils@containsIgnoreCase(java.lang.CharSequence,java.lang.CharSequence):1451:60785:0 |==> 1
401:LVR:0:NEG:org.apache.commons.lang3.StringUtils@containsIgnoreCase(java.lang.CharSequence,java.lang.CharSequence):1451:60785:0 |==> -1
402:ROR:<=(int,int):<(int,int):org.apache.commons.lang3.StringUtils@containsIgnoreCase(java.lang.CharSequence,java.lang.CharSequence):1451:60788:i <= max |==> i < max
403:ROR:<=(int,int):==(int,int):org.apache.commons.lang3.StringUtils@containsIgnoreCase(java.lang.CharSequence,java.lang.CharSequence):1451:60788:i <= max |==> i == max
404:ROR:<=(int,int):TRUE(int,int):org.apache.commons.lang3.StringUtils@containsIgnoreCase(java.lang.CharSequence,java.lang.CharSequence):1451:60790:i <= max |==> true
405:LVR:TRUE:FALSE:org.apache.commons.lang3.StringUtils@containsIgnoreCase(java.lang.CharSequence,java.lang.CharSequence):1452:60858:true |==> false
406:LVR:0:POS:org.apache.commons.lang3.StringUtils@containsIgnoreCase(java.lang.CharSequence,java.lang.CharSequence):1452:60878:0 |==> 1
407:LVR:0:NEG:org.apache.commons.lang3.StringUtils@containsIgnoreCase(java.lang.CharSequence,java.lang.CharSequence):1452:60878:0 |==> -1
408:COR:<METHOD_INVOCATION(boolean)>:FALSE:org.apache.commons.lang3.StringUtils@containsIgnoreCase(java.lang.CharSequence,java.lang.CharSequence):1452:60852:CharSequenceUtils.regionMatches(str, true, i, searchStr, 0, len) |==> false
409:COR:<METHOD_INVOCATION(boolean)>:TRUE:org.apache.commons.lang3.StringUtils@containsIgnoreCase(java.lang.CharSequence,java.lang.CharSequence):1452:60852:CharSequenceUtils.regionMatches(str, true, i, searchStr, 0, len) |==> true
410:LVR:TRUE:FALSE:org.apache.commons.lang3.StringUtils@containsIgnoreCase(java.lang.CharSequence,java.lang.CharSequence):1453:60912:true |==> false
411:LVR:FALSE:TRUE:org.apache.commons.lang3.StringUtils@containsIgnoreCase(java.lang.CharSequence,java.lang.CharSequence):1456:60957:false |==> true
412:COR:<METHOD_INVOCATION(boolean)>:FALSE:org.apache.commons.lang3.StringUtils@containsWhitespace(java.lang.CharSequence):1469:61468:isEmpty(seq) |==> false
413:COR:<METHOD_INVOCATION(boolean)>:TRUE:org.apache.commons.lang3.StringUtils@containsWhitespace(java.lang.CharSequence):1469:61468:isEmpty(seq) |==> true
414:LVR:FALSE:TRUE:org.apache.commons.lang3.StringUtils@containsWhitespace(java.lang.CharSequence):1470:61496:false |==> true
415:LVR:0:POS:org.apache.commons.lang3.StringUtils@containsWhitespace(java.lang.CharSequence):1473:61569:0 |==> 1
416:LVR:0:NEG:org.apache.commons.lang3.StringUtils@containsWhitespace(java.lang.CharSequence):1473:61569:0 |==> -1
417:ROR:<(int,int):!=(int,int):org.apache.commons.lang3.StringUtils@containsWhitespace(java.lang.CharSequence):1473:61572:i < strLen |==> i != strLen
418:ROR:<(int,int):<=(int,int):org.apache.commons.lang3.StringUtils@containsWhitespace(java.lang.CharSequence):1473:61572:i < strLen |==> i <= strLen
419:ROR:<(int,int):FALSE(int,int):org.apache.commons.lang3.StringUtils@containsWhitespace(java.lang.CharSequence):1473:61574:i < strLen |==> false
420:COR:<METHOD_INVOCATION(boolean)>:FALSE:org.apache.commons.lang3.StringUtils@containsWhitespace(java.lang.CharSequence):1474:61629:Character.isWhitespace(seq.charAt(i)) |==> false
421:COR:<METHOD_INVOCATION(boolean)>:TRUE:org.apache.commons.lang3.StringUtils@containsWhitespace(java.lang.CharSequence):1474:61629:Character.isWhitespace(seq.charAt(i)) |==> true
422:LVR:TRUE:FALSE:org.apache.commons.lang3.StringUtils@containsWhitespace(java.lang.CharSequence):1475:61671:true |==> false
423:LVR:FALSE:TRUE:org.apache.commons.lang3.StringUtils@containsWhitespace(java.lang.CharSequence):1478:61716:false |==> true
424:COR:||(boolean,boolean):!=(boolean,boolean):org.apache.commons.lang3.StringUtils@indexOfAny(java.lang.CharSequence,char[]):1507:62961:isEmpty(cs) || ArrayUtils.isEmpty(searchChars) |==> isEmpty(cs) != ArrayUtils.isEmpty(searchChars)
425:COR:||(boolean,boolean):LHS(boolean,boolean):org.apache.commons.lang3.StringUtils@indexOfAny(java.lang.CharSequence,char[]):1507:62961:isEmpty(cs) || ArrayUtils.isEmpty(searchChars) |==> isEmpty(cs)
426:COR:||(boolean,boolean):RHS(boolean,boolean):org.apache.commons.lang3.StringUtils@indexOfAny(java.lang.CharSequence,char[]):1507:62976:isEmpty(cs) || ArrayUtils.isEmpty(searchChars) |==> ArrayUtils.isEmpty(searchChars)
427:COR:||(boolean,boolean):TRUE(boolean,boolean):org.apache.commons.lang3.StringUtils@indexOfAny(java.lang.CharSequence,char[]):1507:62973:isEmpty(cs) || ArrayUtils.isEmpty(searchChars) |==> true
428:LVR:POS:0:org.apache.commons.lang3.StringUtils@indexOfAny(java.lang.CharSequence,char[]):1511:63119:1 |==> 0
429:LVR:POS:NEG:org.apache.commons.lang3.StringUtils@indexOfAny(java.lang.CharSequence,char[]):1511:63119:1 |==> -1
430:AOR:-(int,int):%(int,int):org.apache.commons.lang3.StringUtils@indexOfAny(java.lang.CharSequence,char[]):1511:63111:csLen - 1 |==> csLen % 1
431:AOR:-(int,int):*(int,int):org.apache.commons.lang3.StringUtils@indexOfAny(java.lang.CharSequence,char[]):1511:63111:csLen - 1 |==> csLen * 1
432:AOR:-(int,int):+(int,int):org.apache.commons.lang3.StringUtils@indexOfAny(java.lang.CharSequence,char[]):1511:63111:csLen - 1 |==> csLen + 1
433:AOR:-(int,int):/(int,int):org.apache.commons.lang3.StringUtils@indexOfAny(java.lang.CharSequence,char[]):1511:63111:csLen - 1 |==> csLen / 1
434:LVR:POS:0:org.apache.commons.lang3.StringUtils@indexOfAny(java.lang.CharSequence,char[]):1513:63203:1 |==> 0
435:LVR:POS:NEG:org.apache.commons.lang3.StringUtils@indexOfAny(java.lang.CharSequence,char[]):1513:63203:1 |==> -1
436:AOR:-(int,int):%(int,int):org.apache.commons.lang3.StringUtils@indexOfAny(java.lang.CharSequence,char[]):1513:63191:searchLen - 1 |==> searchLen % 1
437:AOR:-(int,int):*(int,int):org.apache.commons.lang3.StringUtils@indexOfAny(java.lang.CharSequence,char[]):1513:63191:searchLen - 1 |==> searchLen * 1
438:AOR:-(int,int):+(int,int):org.apache.commons.lang3.StringUtils@indexOfAny(java.lang.CharSequence,char[]):1513:63191:searchLen - 1 |==> searchLen + 1
439:AOR:-(int,int):/(int,int):org.apache.commons.lang3.StringUtils@indexOfAny(java.lang.CharSequence,char[]):1513:63191:searchLen - 1 |==> searchLen / 1
440:LVR:0:POS:org.apache.commons.lang3.StringUtils@indexOfAny(java.lang.CharSequence,char[]):1514:63227:0 |==> 1
441:LVR:0:NEG:org.apache.commons.lang3.StringUtils@indexOfAny(java.lang.CharSequence,char[]):1514:63227:0 |==> -1
442:ROR:<(int,int):!=(int,int):org.apache.commons.lang3.StringUtils@indexOfAny(java.lang.CharSequence,char[]):1514:63230:i < csLen |==> i != csLen
443:ROR:<(int,int):<=(int,int):org.apache.commons.lang3.StringUtils@indexOfAny(java.lang.CharSequence,char[]):1514:63230:i < csLen |==> i <= csLen
444:ROR:<(int,int):FALSE(int,int):org.apache.commons.lang3.StringUtils@indexOfAny(java.lang.CharSequence,char[]):1514:63232:i < csLen |==> false
445:LVR:0:POS:org.apache.commons.lang3.StringUtils@indexOfAny(java.lang.CharSequence,char[]):1516:63309:0 |==> 1
446:LVR:0:NEG:org.apache.commons.lang3.StringUtils@indexOfAny(java.lang.CharSequence,char[]):1516:63309:0 |==> -1
447:ROR:<(int,int):!=(int,int):org.apache.commons.lang3.StringUtils@indexOfAny(java.lang.CharSequence,char[]):1516:63312:j < searchLen |==> j != searchLen
448:ROR:<(int,int):<=(int,int):org.apache.commons.lang3.StringUtils@indexOfAny(java.lang.CharSequence,char[]):1516:63312:j < searchLen |==> j <= searchLen
449:ROR:<(int,int):FALSE(int,int):org.apache.commons.lang3.StringUtils@indexOfAny(java.lang.CharSequence,char[]):1516:63314:j < searchLen |==> false
450:ROR:==(int,int):<=(int,int):org.apache.commons.lang3.StringUtils@indexOfAny(java.lang.CharSequence,char[]):1517:63354:searchChars[j] == ch |==> searchChars[j] <= ch
451:ROR:==(int,int):>=(int,int):org.apache.commons.lang3.StringUtils@indexOfAny(java.lang.CharSequence,char[]):1517:63354:searchChars[j] == ch |==> searchChars[j] >= ch
452:ROR:==(int,int):FALSE(int,int):org.apache.commons.lang3.StringUtils@indexOfAny(java.lang.CharSequence,char[]):1517:63369:searchChars[j] == ch |==> false
453:ROR:<(int,int):!=(int,int):org.apache.commons.lang3.StringUtils@indexOfAny(java.lang.CharSequence,char[]):1518:63402:i < csLast |==> i != csLast
454:ROR:<(int,int):<=(int,int):org.apache.commons.lang3.StringUtils@indexOfAny(java.lang.CharSequence,char[]):1518:63402:i < csLast |==> i <= csLast
455:ROR:<(int,int):FALSE(int,int):org.apache.commons.lang3.StringUtils@indexOfAny(java.lang.CharSequence,char[]):1518:63404:i < csLast |==> false
456:ROR:<(int,int):!=(int,int):org.apache.commons.lang3.StringUtils@indexOfAny(java.lang.CharSequence,char[]):1518:63416:j < searchLast |==> j != searchLast
457:ROR:<(int,int):<=(int,int):org.apache.commons.lang3.StringUtils@indexOfAny(java.lang.CharSequence,char[]):1518:63416:j < searchLast |==> j <= searchLast
458:ROR:<(int,int):FALSE(int,int):org.apache.commons.lang3.StringUtils@indexOfAny(java.lang.CharSequence,char[]):1518:63418:j < searchLast |==> false
459:COR:&&(boolean,boolean):==(boolean,boolean):org.apache.commons.lang3.StringUtils@indexOfAny(java.lang.CharSequence,char[]):1518:63402:i < csLast && j < searchLast |==> i < csLast == j < searchLast
460:COR:&&(boolean,boolean):FALSE(boolean,boolean):org.apache.commons.lang3.StringUtils@indexOfAny(java.lang.CharSequence,char[]):1518:63413:i < csLast && j < searchLast |==> false
461:COR:&&(boolean,boolean):LHS(boolean,boolean):org.apache.commons.lang3.StringUtils@indexOfAny(java.lang.CharSequence,char[]):1518:63402:i < csLast && j < searchLast |==> i < csLast
462:COR:&&(boolean,boolean):RHS(boolean,boolean):org.apache.commons.lang3.StringUtils@indexOfAny(java.lang.CharSequence,char[]):1518:63416:i < csLast && j < searchLast |==> j < searchLast
463:COR:&&(boolean,boolean):==(boolean,boolean):org.apache.commons.lang3.StringUtils@indexOfAny(java.lang.CharSequence,char[]):1518:63402:i < csLast && j < searchLast && Character.isHighSurrogate(ch) |==> (i < csLast && j < searchLast) == Character.isHighSurrogate(ch)
464:COR:&&(boolean,boolean):FALSE(boolean,boolean):org.apache.commons.lang3.StringUtils@indexOfAny(java.lang.CharSequence,char[]):1518:63431:i < csLast && j < searchLast && Character.isHighSurrogate(ch) |==> false
465:COR:&&(boolean,boolean):LHS(boolean,boolean):org.apache.commons.lang3.StringUtils@indexOfAny(java.lang.CharSequence,char[]):1518:63402:i < csLast && j < searchLast && Character.isHighSurrogate(ch) |==> i < csLast && j < searchLast
466:COR:&&(boolean,boolean):RHS(boolean,boolean):org.apache.commons.lang3.StringUtils@indexOfAny(java.lang.CharSequence,char[]):1518:63434:i < csLast && j < searchLast && Character.isHighSurrogate(ch) |==> Character.isHighSurrogate(ch)
467:LVR:POS:0:org.apache.commons.lang3.StringUtils@indexOfAny(java.lang.CharSequence,char[]):1520:63570:1 |==> 0
468:LVR:POS:NEG:org.apache.commons.lang3.StringUtils@indexOfAny(java.lang.CharSequence,char[]):1520:63570:1 |==> -1
469:AOR:+(int,int):%(int,int):org.apache.commons.lang3.StringUtils@indexOfAny(java.lang.CharSequence,char[]):1520:63566:j + 1 |==> j % 1
470:AOR:+(int,int):*(int,int):org.apache.commons.lang3.StringUtils@indexOfAny(java.lang.CharSequence,char[]):1520:63566:j + 1 |==> j * 1
471:AOR:+(int,int):-(int,int):org.apache.commons.lang3.StringUtils@indexOfAny(java.lang.CharSequence,char[]):1520:63566:j + 1 |==> j - 1
472:AOR:+(int,int):/(int,int):org.apache.commons.lang3.StringUtils@indexOfAny(java.lang.CharSequence,char[]):1520:63566:j + 1 |==> j / 1
473:LVR:POS:0:org.apache.commons.lang3.StringUtils@indexOfAny(java.lang.CharSequence,char[]):1520:63590:1 |==> 0
474:LVR:POS:NEG:org.apache.commons.lang3.StringUtils@indexOfAny(java.lang.CharSequence,char[]):1520:63590:1 |==> -1
475:AOR:+(int,int):%(int,int):org.apache.commons.lang3.StringUtils@indexOfAny(java.lang.CharSequence,char[]):1520:63586:i + 1 |==> i % 1
476:AOR:+(int,int):*(int,int):org.apache.commons.lang3.StringUtils@indexOfAny(java.lang.CharSequence,char[]):1520:63586:i + 1 |==> i * 1
477:AOR:+(int,int):-(int,int):org.apache.commons.lang3.StringUtils@indexOfAny(java.lang.CharSequence,char[]):1520:63586:i + 1 |==> i - 1
478:AOR:+(int,int):/(int,int):org.apache.commons.lang3.StringUtils@indexOfAny(java.lang.CharSequence,char[]):1520:63586:i + 1 |==> i / 1
479:ROR:==(int,int):<=(int,int):org.apache.commons.lang3.StringUtils@indexOfAny(java.lang.CharSequence,char[]):1520:63554:searchChars[j + 1] == cs.charAt(i + 1) |==> searchChars[j + 1] <= cs.charAt(i + 1)
480:ROR:==(int,int):>=(int,int):org.apache.commons.lang3.StringUtils@indexOfAny(java.lang.CharSequence,char[]):1520:63554:searchChars[j + 1] == cs.charAt(i + 1) |==> searchChars[j + 1] >= cs.charAt(i + 1)
481:ROR:==(int,int):FALSE(int,int):org.apache.commons.lang3.StringUtils@indexOfAny(java.lang.CharSequence,char[]):1520:63573:searchChars[j + 1] == cs.charAt(i + 1) |==> false
482:COR:||(boolean,boolean):!=(boolean,boolean):org.apache.commons.lang3.StringUtils@indexOfAny(java.lang.CharSequence,java.lang.String):1556:64911:isEmpty(cs) || isEmpty(searchChars) |==> isEmpty(cs) != isEmpty(searchChars)
483:COR:||(boolean,boolean):LHS(boolean,boolean):org.apache.commons.lang3.StringUtils@indexOfAny(java.lang.CharSequence,java.lang.String):1556:64911:isEmpty(cs) || isEmpty(searchChars) |==> isEmpty(cs)
484:COR:||(boolean,boolean):RHS(boolean,boolean):org.apache.commons.lang3.StringUtils@indexOfAny(java.lang.CharSequence,java.lang.String):1556:64926:isEmpty(cs) || isEmpty(searchChars) |==> isEmpty(searchChars)
485:COR:||(boolean,boolean):TRUE(boolean,boolean):org.apache.commons.lang3.StringUtils@indexOfAny(java.lang.CharSequence,java.lang.String):1556:64923:isEmpty(cs) || isEmpty(searchChars) |==> true
486:COR:||(boolean,boolean):!=(boolean,boolean):org.apache.commons.lang3.StringUtils@containsAny(java.lang.CharSequence,char[]):1589:66356:isEmpty(cs) || ArrayUtils.isEmpty(searchChars) |==> isEmpty(cs) != ArrayUtils.isEmpty(searchChars)
487:COR:||(boolean,boolean):LHS(boolean,boolean):org.apache.commons.lang3.StringUtils@containsAny(java.lang.CharSequence,char[]):1589:66356:isEmpty(cs) || ArrayUtils.isEmpty(searchChars) |==> isEmpty(cs)
488:COR:||(boolean,boolean):RHS(boolean,boolean):org.apache.commons.lang3.StringUtils@containsAny(java.lang.CharSequence,char[]):1589:66371:isEmpty(cs) || ArrayUtils.isEmpty(searchChars) |==> ArrayUtils.isEmpty(searchChars)
489:COR:||(boolean,boolean):TRUE(boolean,boolean):org.apache.commons.lang3.StringUtils@containsAny(java.lang.CharSequence,char[]):1589:66368:isEmpty(cs) || ArrayUtils.isEmpty(searchChars) |==> true
490:LVR:FALSE:TRUE:org.apache.commons.lang3.StringUtils@containsAny(java.lang.CharSequence,char[]):1590:66425:false |==> true
491:LVR:POS:0:org.apache.commons.lang3.StringUtils@containsAny(java.lang.CharSequence,char[]):1594:66557:1 |==> 0
492:LVR:POS:NEG:org.apache.commons.lang3.StringUtils@containsAny(java.lang.CharSequence,char[]):1594:66557:1 |==> -1
493:AOR:-(int,int):%(int,int):org.apache.commons.lang3.StringUtils@containsAny(java.lang.CharSequence,char[]):1594:66546:csLength - 1 |==> csLength % 1
494:AOR:-(int,int):*(int,int):org.apache.commons.lang3.StringUtils@containsAny(java.lang.CharSequence,char[]):1594:66546:csLength - 1 |==> csLength * 1
495:AOR:-(int,int):+(int,int):org.apache.commons.lang3.StringUtils@containsAny(java.lang.CharSequence,char[]):1594:66546:csLength - 1 |==> csLength + 1
496:AOR:-(int,int):/(int,int):org.apache.commons.lang3.StringUtils@containsAny(java.lang.CharSequence,char[]):1594:66546:csLength - 1 |==> csLength / 1
497:LVR:POS:0:org.apache.commons.lang3.StringUtils@containsAny(java.lang.CharSequence,char[]):1595:66600:1 |==> 0
498:LVR:POS:NEG:org.apache.commons.lang3.StringUtils@containsAny(java.lang.CharSequence,char[]):1595:66600:1 |==> -1
499:AOR:-(int,int):%(int,int):org.apache.commons.lang3.StringUtils@containsAny(java.lang.CharSequence,char[]):1595:66585:searchLength - 1 |==> searchLength % 1
500:AOR:-(int,int):*(int,int):org.apache.commons.lang3.StringUtils@containsAny(java.lang.CharSequence,char[]):1595:66585:searchLength - 1 |==> searchLength * 1
501:AOR:-(int,int):+(int,int):org.apache.commons.lang3.StringUtils@containsAny(java.lang.CharSequence,char[]):1595:66585:searchLength - 1 |==> searchLength + 1
502:AOR:-(int,int):/(int,int):org.apache.commons.lang3.StringUtils@containsAny(java.lang.CharSequence,char[]):1595:66585:searchLength - 1 |==> searchLength / 1
503:LVR:0:POS:org.apache.commons.lang3.StringUtils@containsAny(java.lang.CharSequence,char[]):1596:66624:0 |==> 1
504:LVR:0:NEG:org.apache.commons.lang3.StringUtils@containsAny(java.lang.CharSequence,char[]):1596:66624:0 |==> -1
505:ROR:<(int,int):!=(int,int):org.apache.commons.lang3.StringUtils@containsAny(java.lang.CharSequence,char[]):1596:66627:i < csLength |==> i != csLength
506:ROR:<(int,int):<=(int,int):org.apache.commons.lang3.StringUtils@containsAny(java.lang.CharSequence,char[]):1596:66627:i < csLength |==> i <= csLength
507:ROR:<(int,int):FALSE(int,int):org.apache.commons.lang3.StringUtils@containsAny(java.lang.CharSequence,char[]):1596:66629:i < csLength |==> false
508:LVR:0:POS:org.apache.commons.lang3.StringUtils@containsAny(java.lang.CharSequence,char[]):1598:66709:0 |==> 1
509:LVR:0:NEG:org.apache.commons.lang3.StringUtils@containsAny(java.lang.CharSequence,char[]):1598:66709:0 |==> -1
510:ROR:<(int,int):!=(int,int):org.apache.commons.lang3.StringUtils@containsAny(java.lang.CharSequence,char[]):1598:66712:j < searchLength |==> j != searchLength
511:ROR:<(int,int):<=(int,int):org.apache.commons.lang3.StringUtils@containsAny(java.lang.CharSequence,char[]):1598:66712:j < searchLength |==> j <= searchLength
512:ROR:<(int,int):FALSE(int,int):org.apache.commons.lang3.StringUtils@containsAny(java.lang.CharSequence,char[]):1598:66714:j < searchLength |==> false
513:ROR:==(int,int):<=(int,int):org.apache.commons.lang3.StringUtils@containsAny(java.lang.CharSequence,char[]):1599:66757:searchChars[j] == ch |==> searchChars[j] <= ch
514:ROR:==(int,int):>=(int,int):org.apache.commons.lang3.StringUtils@containsAny(java.lang.CharSequence,char[]):1599:66757:searchChars[j] == ch |==> searchChars[j] >= ch
515:ROR:==(int,int):FALSE(int,int):org.apache.commons.lang3.StringUtils@containsAny(java.lang.CharSequence,char[]):1599:66772:searchChars[j] == ch |==> false
516:COR:<METHOD_INVOCATION(boolean)>:FALSE:org.apache.commons.lang3.StringUtils@containsAny(java.lang.CharSequence,char[]):1600:66830:Character.isHighSurrogate(ch) |==> false
517:COR:<METHOD_INVOCATION(boolean)>:TRUE:org.apache.commons.lang3.StringUtils@containsAny(java.lang.CharSequence,char[]):1600:66830:Character.isHighSurrogate(ch) |==> true
518:ROR:==(int,int):<=(int,int):org.apache.commons.lang3.StringUtils@containsAny(java.lang.CharSequence,char[]):1601:66866:j == searchLast |==> j <= searchLast
519:ROR:==(int,int):>=(int,int):org.apache.commons.lang3.StringUtils@containsAny(java.lang.CharSequence,char[]):1601:66866:j == searchLast |==> j >= searchLast
520:ROR:==(int,int):FALSE(int,int):org.apache.commons.lang3.StringUtils@containsAny(java.lang.CharSequence,char[]):1601:66868:j == searchLast |==> false
521:LVR:TRUE:FALSE:org.apache.commons.lang3.StringUtils@containsAny(java.lang.CharSequence,char[]):1603:67008:true |==> false
522:ROR:<(int,int):!=(int,int):org.apache.commons.lang3.StringUtils@containsAny(java.lang.CharSequence,char[]):1605:67068:i < csLast |==> i != csLast
523:ROR:<(int,int):<=(int,int):org.apache.commons.lang3.StringUtils@containsAny(java.lang.CharSequence,char[]):1605:67068:i < csLast |==> i <= csLast
524:ROR:<(int,int):FALSE(int,int):org.apache.commons.lang3.StringUtils@containsAny(java.lang.CharSequence,char[]):1605:67070:i < csLast |==> false
525:LVR:POS:0:org.apache.commons.lang3.StringUtils@containsAny(java.lang.CharSequence,char[]):1605:67098:1 |==> 0
526:LVR:POS:NEG:org.apache.commons.lang3.StringUtils@containsAny(java.lang.CharSequence,char[]):1605:67098:1 |==> -1
527:AOR:+(int,int):%(int,int):org.apache.commons.lang3.StringUtils@containsAny(java.lang.CharSequence,char[]):1605:67094:j + 1 |==> j % 1
528:AOR:+(int,int):*(int,int):org.apache.commons.lang3.StringUtils@containsAny(java.lang.CharSequence,char[]):1605:67094:j + 1 |==> j * 1
529:AOR:+(int,int):-(int,int):org.apache.commons.lang3.StringUtils@containsAny(java.lang.CharSequence,char[]):1605:67094:j + 1 |==> j - 1
530:AOR:+(int,int):/(int,int):org.apache.commons.lang3.StringUtils@containsAny(java.lang.CharSequence,char[]):1605:67094:j + 1 |==> j / 1
531:LVR:POS:0:org.apache.commons.lang3.StringUtils@containsAny(java.lang.CharSequence,char[]):1605:67118:1 |==> 0
532:LVR:POS:NEG:org.apache.commons.lang3.StringUtils@containsAny(java.lang.CharSequence,char[]):1605:67118:1 |==> -1
533:AOR:+(int,int):%(int,int):org.apache.commons.lang3.StringUtils@containsAny(java.lang.CharSequence,char[]):1605:67114:i + 1 |==> i % 1
534:AOR:+(int,int):*(int,int):org.apache.commons.lang3.StringUtils@containsAny(java.lang.CharSequence,char[]):1605:67114:i + 1 |==> i * 1
535:AOR:+(int,int):-(int,int):org.apache.commons.lang3.StringUtils@containsAny(java.lang.CharSequence,char[]):1605:67114:i + 1 |==> i - 1
536:AOR:+(int,int):/(int,int):org.apache.commons.lang3.StringUtils@containsAny(java.lang.CharSequence,char[]):1605:67114:i + 1 |==> i / 1
537:ROR:==(int,int):<=(int,int):org.apache.commons.lang3.StringUtils@containsAny(java.lang.CharSequence,char[]):1605:67082:searchChars[j + 1] == cs.charAt(i + 1) |==> searchChars[j + 1] <= cs.charAt(i + 1)
538:ROR:==(int,int):>=(int,int):org.apache.commons.lang3.StringUtils@containsAny(java.lang.CharSequence,char[]):1605:67082:searchChars[j + 1] == cs.charAt(i + 1) |==> searchChars[j + 1] >= cs.charAt(i + 1)
539:ROR:==(int,int):FALSE(int,int):org.apache.commons.lang3.StringUtils@containsAny(java.lang.CharSequence,char[]):1605:67101:searchChars[j + 1] == cs.charAt(i + 1) |==> false
540:COR:&&(boolean,boolean):==(boolean,boolean):org.apache.commons.lang3.StringUtils@containsAny(java.lang.CharSequence,char[]):1605:67068:i < csLast && searchChars[j + 1] == cs.charAt(i + 1) |==> i < csLast == (searchChars[j + 1] == cs.charAt(i + 1))
541:COR:&&(boolean,boolean):FALSE(boolean,boolean):org.apache.commons.lang3.StringUtils@containsAny(java.lang.CharSequence,char[]):1605:67079:i < csLast && searchChars[j + 1] == cs.charAt(i + 1) |==> false
542:COR:&&(boolean,boolean):LHS(boolean,boolean):org.apache.commons.lang3.StringUtils@containsAny(java.lang.CharSequence,char[]):1605:67068:i < csLast && searchChars[j + 1] == cs.charAt(i + 1) |==> i < csLast
543:COR:&&(boolean,boolean):RHS(boolean,boolean):org.apache.commons.lang3.StringUtils@containsAny(java.lang.CharSequence,char[]):1605:67082:i < csLast && searchChars[j + 1] == cs.charAt(i + 1) |==> searchChars[j + 1] == cs.charAt(i + 1)
544:LVR:TRUE:FALSE:org.apache.commons.lang3.StringUtils@containsAny(java.lang.CharSequence,char[]):1606:67159:true |==> false
545:LVR:TRUE:FALSE:org.apache.commons.lang3.StringUtils@containsAny(java.lang.CharSequence,char[]):1610:67316:true |==> false
546:LVR:FALSE:TRUE:org.apache.commons.lang3.StringUtils@containsAny(java.lang.CharSequence,char[]):1615:67401:false |==> true
547:ROR:==(java.lang.Object,java.lang.Object):FALSE(java.lang.Object,java.lang.Object):org.apache.commons.lang3.StringUtils@containsAny(java.lang.CharSequence,java.lang.CharSequence):1647:68651:searchChars == null |==> false
548:LVR:FALSE:TRUE:org.apache.commons.lang3.StringUtils@containsAny(java.lang.CharSequence,java.lang.CharSequence):1648:68681:false |==> true
549:COR:||(boolean,boolean):!=(boolean,boolean):org.apache.commons.lang3.StringUtils@indexOfAnyBut(java.lang.CharSequence,char[]):1680:70156:isEmpty(cs) || ArrayUtils.isEmpty(searchChars) |==> isEmpty(cs) != ArrayUtils.isEmpty(searchChars)
550:COR:||(boolean,boolean):LHS(boolean,boolean):org.apache.commons.lang3.StringUtils@indexOfAnyBut(java.lang.CharSequence,char[]):1680:70156:isEmpty(cs) || ArrayUtils.isEmpty(searchChars) |==> isEmpty(cs)
551:COR:||(boolean,boolean):RHS(boolean,boolean):org.apache.commons.lang3.StringUtils@indexOfAnyBut(java.lang.CharSequence,char[]):1680:70171:isEmpty(cs) || ArrayUtils.isEmpty(searchChars) |==> ArrayUtils.isEmpty(searchChars)
552:COR:||(boolean,boolean):TRUE(boolean,boolean):org.apache.commons.lang3.StringUtils@indexOfAnyBut(java.lang.CharSequence,char[]):1680:70168:isEmpty(cs) || ArrayUtils.isEmpty(searchChars) |==> true
553:LVR:POS:0:org.apache.commons.lang3.StringUtils@indexOfAnyBut(java.lang.CharSequence,char[]):1684:70314:1 |==> 0
554:LVR:POS:NEG:org.apache.commons.lang3.StringUtils@indexOfAnyBut(java.lang.CharSequence,char[]):1684:70314:1 |==> -1
555:AOR:-(int,int):%(int,int):org.apache.commons.lang3.StringUtils@indexOfAnyBut(java.lang.CharSequence,char[]):1684:70306:csLen - 1 |==> csLen % 1
556:AOR:-(int,int):*(int,int):org.apache.commons.lang3.StringUtils@indexOfAnyBut(java.lang.CharSequence,char[]):1684:70306:csLen - 1 |==> csLen * 1
557:AOR:-(int,int):+(int,int):org.apache.commons.lang3.StringUtils@indexOfAnyBut(java.lang.CharSequence,char[]):1684:70306:csLen - 1 |==> csLen + 1
558:AOR:-(int,int):/(int,int):org.apache.commons.lang3.StringUtils@indexOfAnyBut(java.lang.CharSequence,char[]):1684:70306:csLen - 1 |==> csLen / 1
559:LVR:POS:0:org.apache.commons.lang3.StringUtils@indexOfAnyBut(java.lang.CharSequence,char[]):1686:70398:1 |==> 0
560:LVR:POS:NEG:org.apache.commons.lang3.StringUtils@indexOfAnyBut(java.lang.CharSequence,char[]):1686:70398:1 |==> -1
561:AOR:-(int,int):%(int,int):org.apache.commons.lang3.StringUtils@indexOfAnyBut(java.lang.CharSequence,char[]):1686:70386:searchLen - 1 |==> searchLen % 1
562:AOR:-(int,int):*(int,int):org.apache.commons.lang3.StringUtils@indexOfAnyBut(java.lang.CharSequence,char[]):1686:70386:searchLen - 1 |==> searchLen * 1
563:AOR:-(int,int):+(int,int):org.apache.commons.lang3.StringUtils@indexOfAnyBut(java.lang.CharSequence,char[]):1686:70386:searchLen - 1 |==> searchLen + 1
564:AOR:-(int,int):/(int,int):org.apache.commons.lang3.StringUtils@indexOfAnyBut(java.lang.CharSequence,char[]):1686:70386:searchLen - 1 |==> searchLen / 1
565:LVR:0:POS:org.apache.commons.lang3.StringUtils@indexOfAnyBut(java.lang.CharSequence,char[]):1688:70437:0 |==> 1
566:LVR:0:NEG:org.apache.commons.lang3.StringUtils@indexOfAnyBut(java.lang.CharSequence,char[]):1688:70437:0 |==> -1
567:ROR:<(int,int):!=(int,int):org.apache.commons.lang3.StringUtils@indexOfAnyBut(java.lang.CharSequence,char[]):1688:70440:i < csLen |==> i != csLen
568:ROR:<(int,int):<=(int,int):org.apache.commons.lang3.StringUtils@indexOfAnyBut(java.lang.CharSequence,char[]):1688:70440:i < csLen |==> i <= csLen
569:ROR:<(int,int):FALSE(int,int):org.apache.commons.lang3.StringUtils@indexOfAnyBut(java.lang.CharSequence,char[]):1688:70442:i < csLen |==> false
570:LVR:0:POS:org.apache.commons.lang3.StringUtils@indexOfAnyBut(java.lang.CharSequence,char[]):1690:70519:0 |==> 1
571:LVR:0:NEG:org.apache.commons.lang3.StringUtils@indexOfAnyBut(java.lang.CharSequence,char[]):1690:70519:0 |==> -1
572:ROR:<(int,int):!=(int,int):org.apache.commons.lang3.StringUtils@indexOfAnyBut(java.lang.CharSequence,char[]):1690:70522:j < searchLen |==> j != searchLen
573:ROR:<(int,int):<=(int,int):org.apache.commons.lang3.StringUtils@indexOfAnyBut(java.lang.CharSequence,char[]):1690:70522:j < searchLen |==> j <= searchLen
574:ROR:<(int,int):FALSE(int,int):org.apache.commons.lang3.StringUtils@indexOfAnyBut(java.lang.CharSequence,char[]):1690:70524:j < searchLen |==> false
575:ROR:==(int,int):<=(int,int):org.apache.commons.lang3.StringUtils@indexOfAnyBut(java.lang.CharSequence,char[]):1691:70564:searchChars[j] == ch |==> searchChars[j] <= ch
576:ROR:==(int,int):>=(int,int):org.apache.commons.lang3.StringUtils@indexOfAnyBut(java.lang.CharSequence,char[]):1691:70564:searchChars[j] == ch |==> searchChars[j] >= ch
577:ROR:==(int,int):FALSE(int,int):org.apache.commons.lang3.StringUtils@indexOfAnyBut(java.lang.CharSequence,char[]):1691:70579:searchChars[j] == ch |==> false
578:ROR:<(int,int):!=(int,int):org.apache.commons.lang3.StringUtils@indexOfAnyBut(java.lang.CharSequence,char[]):1692:70612:i < csLast |==> i != csLast
579:ROR:<(int,int):<=(int,int):org.apache.commons.lang3.StringUtils@indexOfAnyBut(java.lang.CharSequence,char[]):1692:70612:i < csLast |==> i <= csLast
580:ROR:<(int,int):FALSE(int,int):org.apache.commons.lang3.StringUtils@indexOfAnyBut(java.lang.CharSequence,char[]):1692:70614:i < csLast |==> false
581:ROR:<(int,int):!=(int,int):org.apache.commons.lang3.StringUtils@indexOfAnyBut(java.lang.CharSequence,char[]):1692:70626:j < searchLast |==> j != searchLast
582:ROR:<(int,int):<=(int,int):org.apache.commons.lang3.StringUtils@indexOfAnyBut(java.lang.CharSequence,char[]):1692:70626:j < searchLast |==> j <= searchLast
583:ROR:<(int,int):FALSE(int,int):org.apache.commons.lang3.StringUtils@indexOfAnyBut(java.lang.CharSequence,char[]):1692:70628:j < searchLast |==> false
584:COR:&&(boolean,boolean):==(boolean,boolean):org.apache.commons.lang3.StringUtils@indexOfAnyBut(java.lang.CharSequence,char[]):1692:70612:i < csLast && j < searchLast |==> i < csLast == j < searchLast
585:COR:&&(boolean,boolean):FALSE(boolean,boolean):org.apache.commons.lang3.StringUtils@indexOfAnyBut(java.lang.CharSequence,char[]):1692:70623:i < csLast && j < searchLast |==> false
586:COR:&&(boolean,boolean):LHS(boolean,boolean):org.apache.commons.lang3.StringUtils@indexOfAnyBut(java.lang.CharSequence,char[]):1692:70612:i < csLast && j < searchLast |==> i < csLast
587:COR:&&(boolean,boolean):RHS(boolean,boolean):org.apache.commons.lang3.StringUtils@indexOfAnyBut(java.lang.CharSequence,char[]):1692:70626:i < csLast && j < searchLast |==> j < searchLast
588:COR:&&(boolean,boolean):==(boolean,boolean):org.apache.commons.lang3.StringUtils@indexOfAnyBut(java.lang.CharSequence,char[]):1692:70612:i < csLast && j < searchLast && Character.isHighSurrogate(ch) |==> (i < csLast && j < searchLast) == Character.isHighSurrogate(ch)
589:COR:&&(boolean,boolean):FALSE(boolean,boolean):org.apache.commons.lang3.StringUtils@indexOfAnyBut(java.lang.CharSequence,char[]):1692:70641:i < csLast && j < searchLast && Character.isHighSurrogate(ch) |==> false
590:COR:&&(boolean,boolean):LHS(boolean,boolean):org.apache.commons.lang3.StringUtils@indexOfAnyBut(java.lang.CharSequence,char[]):1692:70612:i < csLast && j < searchLast && Character.isHighSurrogate(ch) |==> i < csLast && j < searchLast
591:COR:&&(boolean,boolean):RHS(boolean,boolean):org.apache.commons.lang3.StringUtils@indexOfAnyBut(java.lang.CharSequence,char[]):1692:70644:i < csLast && j < searchLast && Character.isHighSurrogate(ch) |==> Character.isHighSurrogate(ch)
592:LVR:POS:0:org.apache.commons.lang3.StringUtils@indexOfAnyBut(java.lang.CharSequence,char[]):1693:70721:1 |==> 0
593:LVR:POS:NEG:org.apache.commons.lang3.StringUtils@indexOfAnyBut(java.lang.CharSequence,char[]):1693:70721:1 |==> -1
594:AOR:+(int,int):%(int,int):org.apache.commons.lang3.StringUtils@indexOfAnyBut(java.lang.CharSequence,char[]):1693:70717:j + 1 |==> j % 1
595:AOR:+(int,int):*(int,int):org.apache.commons.lang3.StringUtils@indexOfAnyBut(java.lang.CharSequence,char[]):1693:70717:j + 1 |==> j * 1
596:AOR:+(int,int):-(int,int):org.apache.commons.lang3.StringUtils@indexOfAnyBut(java.lang.CharSequence,char[]):1693:70717:j + 1 |==> j - 1
597:AOR:+(int,int):/(int,int):org.apache.commons.lang3.StringUtils@indexOfAnyBut(java.lang.CharSequence,char[]):1693:70717:j + 1 |==> j / 1
598:LVR:POS:0:org.apache.commons.lang3.StringUtils@indexOfAnyBut(java.lang.CharSequence,char[]):1693:70741:1 |==> 0
599:LVR:POS:NEG:org.apache.commons.lang3.StringUtils@indexOfAnyBut(java.lang.CharSequence,char[]):1693:70741:1 |==> -1
600:AOR:+(int,int):%(int,int):org.apache.commons.lang3.StringUtils@indexOfAnyBut(java.lang.CharSequence,char[]):1693:70737:i + 1 |==> i % 1
601:AOR:+(int,int):*(int,int):org.apache.commons.lang3.StringUtils@indexOfAnyBut(java.lang.CharSequence,char[]):1693:70737:i + 1 |==> i * 1
602:AOR:+(int,int):-(int,int):org.apache.commons.lang3.StringUtils@indexOfAnyBut(java.lang.CharSequence,char[]):1693:70737:i + 1 |==> i - 1
603:AOR:+(int,int):/(int,int):org.apache.commons.lang3.StringUtils@indexOfAnyBut(java.lang.CharSequence,char[]):1693:70737:i + 1 |==> i / 1
604:ROR:==(int,int):<=(int,int):org.apache.commons.lang3.StringUtils@indexOfAnyBut(java.lang.CharSequence,char[]):1693:70705:searchChars[j + 1] == cs.charAt(i + 1) |==> searchChars[j + 1] <= cs.charAt(i + 1)
605:ROR:==(int,int):>=(int,int):org.apache.commons.lang3.StringUtils@indexOfAnyBut(java.lang.CharSequence,char[]):1693:70705:searchChars[j + 1] == cs.charAt(i + 1) |==> searchChars[j + 1] >= cs.charAt(i + 1)
606:ROR:==(int,int):FALSE(int,int):org.apache.commons.lang3.StringUtils@indexOfAnyBut(java.lang.CharSequence,char[]):1693:70724:searchChars[j + 1] == cs.charAt(i + 1) |==> false
607:COR:||(boolean,boolean):!=(boolean,boolean):org.apache.commons.lang3.StringUtils@indexOfAnyBut(java.lang.CharSequence,java.lang.CharSequence):1730:72160:isEmpty(seq) || isEmpty(searchChars) |==> isEmpty(seq) != isEmpty(searchChars)
608:COR:||(boolean,boolean):LHS(boolean,boolean):org.apache.commons.lang3.StringUtils@indexOfAnyBut(java.lang.CharSequence,java.lang.CharSequence):1730:72160:isEmpty(seq) || isEmpty(searchChars) |==> isEmpty(seq)
609:COR:||(boolean,boolean):RHS(boolean,boolean):org.apache.commons.lang3.StringUtils@indexOfAnyBut(java.lang.CharSequence,java.lang.CharSequence):1730:72176:isEmpty(seq) || isEmpty(searchChars) |==> isEmpty(searchChars)
610:COR:||(boolean,boolean):TRUE(boolean,boolean):org.apache.commons.lang3.StringUtils@indexOfAnyBut(java.lang.CharSequence,java.lang.CharSequence):1730:72173:isEmpty(seq) || isEmpty(searchChars) |==> true
611:LVR:0:POS:org.apache.commons.lang3.StringUtils@indexOfAnyBut(java.lang.CharSequence,java.lang.CharSequence):1734:72302:0 |==> 1
612:LVR:0:NEG:org.apache.commons.lang3.StringUtils@indexOfAnyBut(java.lang.CharSequence,java.lang.CharSequence):1734:72302:0 |==> -1
613:ROR:<(int,int):!=(int,int):org.apache.commons.lang3.StringUtils@indexOfAnyBut(java.lang.CharSequence,java.lang.CharSequence):1734:72305:i < strLen |==> i != strLen
614:ROR:<(int,int):<=(int,int):org.apache.commons.lang3.StringUtils@indexOfAnyBut(java.lang.CharSequence,java.lang.CharSequence):1734:72305:i < strLen |==> i <= strLen
615:ROR:<(int,int):FALSE(int,int):org.apache.commons.lang3.StringUtils@indexOfAnyBut(java.lang.CharSequence,java.lang.CharSequence):1734:72307:i < strLen |==> false
616:LVR:0:POS:org.apache.commons.lang3.StringUtils@indexOfAnyBut(java.lang.CharSequence,java.lang.CharSequence):1736:72434:0 |==> 1
617:LVR:0:NEG:org.apache.commons.lang3.StringUtils@indexOfAnyBut(java.lang.CharSequence,java.lang.CharSequence):1736:72434:0 |==> -1
618:LVR:0:POS:org.apache.commons.lang3.StringUtils@indexOfAnyBut(java.lang.CharSequence,java.lang.CharSequence):1736:72440:0 |==> 1
619:LVR:0:NEG:org.apache.commons.lang3.StringUtils@indexOfAnyBut(java.lang.CharSequence,java.lang.CharSequence):1736:72440:0 |==> -1
620:ROR:>=(int,int):==(int,int):org.apache.commons.lang3.StringUtils@indexOfAnyBut(java.lang.CharSequence,java.lang.CharSequence):1736:72391:CharSequenceUtils.indexOf(searchChars, ch, 0) >= 0 |==> CharSequenceUtils.indexOf(searchChars, ch, 0) == 0
621:ROR:>=(int,int):>(int,int):org.apache.commons.lang3.StringUtils@indexOfAnyBut(java.lang.CharSequence,java.lang.CharSequence):1736:72391:CharSequenceUtils.indexOf(searchChars, ch, 0) >= 0 |==> CharSequenceUtils.indexOf(searchChars, ch, 0) > 0
622:ROR:>=(int,int):TRUE(int,int):org.apache.commons.lang3.StringUtils@indexOfAnyBut(java.lang.CharSequence,java.lang.CharSequence):1736:72437:CharSequenceUtils.indexOf(searchChars, ch, 0) >= 0 |==> true
623:LVR:POS:0:org.apache.commons.lang3.StringUtils@indexOfAnyBut(java.lang.CharSequence,java.lang.CharSequence):1737:72463:1 |==> 0
624:LVR:POS:NEG:org.apache.commons.lang3.StringUtils@indexOfAnyBut(java.lang.CharSequence,java.lang.CharSequence):1737:72463:1 |==> -1
625:AOR:+(int,int):%(int,int):org.apache.commons.lang3.StringUtils@indexOfAnyBut(java.lang.CharSequence,java.lang.CharSequence):1737:72459:i + 1 |==> i % 1
626:AOR:+(int,int):*(int,int):org.apache.commons.lang3.StringUtils@indexOfAnyBut(java.lang.CharSequence,java.lang.CharSequence):1737:72459:i + 1 |==> i * 1
627:AOR:+(int,int):-(int,int):org.apache.commons.lang3.StringUtils@indexOfAnyBut(java.lang.CharSequence,java.lang.CharSequence):1737:72459:i + 1 |==> i - 1
628:AOR:+(int,int):/(int,int):org.apache.commons.lang3.StringUtils@indexOfAnyBut(java.lang.CharSequence,java.lang.CharSequence):1737:72459:i + 1 |==> i / 1
629:ROR:<(int,int):!=(int,int):org.apache.commons.lang3.StringUtils@indexOfAnyBut(java.lang.CharSequence,java.lang.CharSequence):1737:72459:i + 1 < strLen |==> i + 1 != strLen
630:ROR:<(int,int):<=(int,int):org.apache.commons.lang3.StringUtils@indexOfAnyBut(java.lang.CharSequence,java.lang.CharSequence):1737:72459:i + 1 < strLen |==> i + 1 <= strLen
631:ROR:<(int,int):FALSE(int,int):org.apache.commons.lang3.StringUtils@indexOfAnyBut(java.lang.CharSequence,java.lang.CharSequence):1737:72465:i + 1 < strLen |==> false
632:COR:&&(boolean,boolean):==(boolean,boolean):org.apache.commons.lang3.StringUtils@indexOfAnyBut(java.lang.CharSequence,java.lang.CharSequence):1737:72459:i + 1 < strLen && Character.isHighSurrogate(ch) |==> i + 1 < strLen == Character.isHighSurrogate(ch)
633:COR:&&(boolean,boolean):FALSE(boolean,boolean):org.apache.commons.lang3.StringUtils@indexOfAnyBut(java.lang.CharSequence,java.lang.CharSequence):1737:72474:i + 1 < strLen && Character.isHighSurrogate(ch) |==> false
634:COR:&&(boolean,boolean):LHS(boolean,boolean):org.apache.commons.lang3.StringUtils@indexOfAnyBut(java.lang.CharSequence,java.lang.CharSequence):1737:72459:i + 1 < strLen && Character.isHighSurrogate(ch) |==> i + 1 < strLen
635:COR:&&(boolean,boolean):RHS(boolean,boolean):org.apache.commons.lang3.StringUtils@indexOfAnyBut(java.lang.CharSequence,java.lang.CharSequence):1737:72477:i + 1 < strLen && Character.isHighSurrogate(ch) |==> Character.isHighSurrogate(ch)
636:LVR:POS:0:org.apache.commons.lang3.StringUtils@indexOfAnyBut(java.lang.CharSequence,java.lang.CharSequence):1738:72552:1 |==> 0
637:LVR:POS:NEG:org.apache.commons.lang3.StringUtils@indexOfAnyBut(java.lang.CharSequence,java.lang.CharSequence):1738:72552:1 |==> -1
638:AOR:+(int,int):%(int,int):org.apache.commons.lang3.StringUtils@indexOfAnyBut(java.lang.CharSequence,java.lang.CharSequence):1738:72548:i + 1 |==> i % 1
639:AOR:+(int,int):*(int,int):org.apache.commons.lang3.StringUtils@indexOfAnyBut(java.lang.CharSequence,java.lang.CharSequence):1738:72548:i + 1 |==> i * 1
640:AOR:+(int,int):-(int,int):org.apache.commons.lang3.StringUtils@indexOfAnyBut(java.lang.CharSequence,java.lang.CharSequence):1738:72548:i + 1 |==> i - 1
641:AOR:+(int,int):/(int,int):org.apache.commons.lang3.StringUtils@indexOfAnyBut(java.lang.CharSequence,java.lang.CharSequence):1738:72548:i + 1 |==> i / 1
642:LVR:0:POS:org.apache.commons.lang3.StringUtils@indexOfAnyBut(java.lang.CharSequence,java.lang.CharSequence):1739:72631:0 |==> 1
643:LVR:0:NEG:org.apache.commons.lang3.StringUtils@indexOfAnyBut(java.lang.CharSequence,java.lang.CharSequence):1739:72631:0 |==> -1
644:LVR:0:POS:org.apache.commons.lang3.StringUtils@indexOfAnyBut(java.lang.CharSequence,java.lang.CharSequence):1739:72636:0 |==> 1
645:LVR:0:NEG:org.apache.commons.lang3.StringUtils@indexOfAnyBut(java.lang.CharSequence,java.lang.CharSequence):1739:72636:0 |==> -1
646:ROR:<(int,int):!=(int,int):org.apache.commons.lang3.StringUtils@indexOfAnyBut(java.lang.CharSequence,java.lang.CharSequence):1739:72587:CharSequenceUtils.indexOf(searchChars, ch2, 0) < 0 |==> CharSequenceUtils.indexOf(searchChars, ch2, 0) != 0
647:ROR:<(int,int):<=(int,int):org.apache.commons.lang3.StringUtils@indexOfAnyBut(java.lang.CharSequence,java.lang.CharSequence):1739:72587:CharSequenceUtils.indexOf(searchChars, ch2, 0) < 0 |==> CharSequenceUtils.indexOf(searchChars, ch2, 0) <= 0
648:ROR:<(int,int):FALSE(int,int):org.apache.commons.lang3.StringUtils@indexOfAnyBut(java.lang.CharSequence,java.lang.CharSequence):1739:72634:CharSequenceUtils.indexOf(searchChars, ch2, 0) < 0 |==> false
649:COR:&&(boolean,boolean):==(boolean,boolean):org.apache.commons.lang3.StringUtils@indexOfAnyBut(java.lang.CharSequence,java.lang.CharSequence):1739:72576:chFound && CharSequenceUtils.indexOf(searchChars, ch2, 0) < 0 |==> chFound == CharSequenceUtils.indexOf(searchChars, ch2, 0) < 0
650:COR:&&(boolean,boolean):FALSE(boolean,boolean):org.apache.commons.lang3.StringUtils@indexOfAnyBut(java.lang.CharSequence,java.lang.CharSequence):1739:72584:chFound && CharSequenceUtils.indexOf(searchChars, ch2, 0) < 0 |==> false
651:COR:&&(boolean,boolean):LHS(boolean,boolean):org.apache.commons.lang3.StringUtils@indexOfAnyBut(java.lang.CharSequence,java.lang.CharSequence):1739:72576:chFound && CharSequenceUtils.indexOf(searchChars, ch2, 0) < 0 |==> chFound
652:COR:&&(boolean,boolean):RHS(boolean,boolean):org.apache.commons.lang3.StringUtils@indexOfAnyBut(java.lang.CharSequence,java.lang.CharSequence):1739:72587:chFound && CharSequenceUtils.indexOf(searchChars, ch2, 0) < 0 |==> CharSequenceUtils.indexOf(searchChars, ch2, 0) < 0
653:COR:<IDENTIFIER(boolean)>:FALSE:org.apache.commons.lang3.StringUtils@indexOfAnyBut(java.lang.CharSequence,java.lang.CharSequence):1743:72731:chFound |==> false
654:COR:<IDENTIFIER(boolean)>:TRUE:org.apache.commons.lang3.StringUtils@indexOfAnyBut(java.lang.CharSequence,java.lang.CharSequence):1743:72731:chFound |==> true
655:ROR:==(java.lang.Object,java.lang.Object):FALSE(java.lang.Object,java.lang.Object):org.apache.commons.lang3.StringUtils@containsOnly(java.lang.CharSequence,char[]):1777:74135:valid == null |==> false
656:ROR:==(java.lang.Object,java.lang.Object):FALSE(java.lang.Object,java.lang.Object):org.apache.commons.lang3.StringUtils@containsOnly(java.lang.CharSequence,char[]):1777:74149:cs == null |==> false
657:COR:||(boolean,boolean):!=(boolean,boolean):org.apache.commons.lang3.StringUtils@containsOnly(java.lang.CharSequence,char[]):1777:74129:valid == null || cs == null |==> valid == null != (cs == null)
658:COR:||(boolean,boolean):LHS(boolean,boolean):org.apache.commons.lang3.StringUtils@containsOnly(java.lang.CharSequence,char[]):1777:74129:valid == null || cs == null |==> valid == null
659:COR:||(boolean,boolean):RHS(boolean,boolean):org.apache.commons.lang3.StringUtils@containsOnly(java.lang.CharSequence,char[]):1777:74146:valid == null || cs == null |==> cs == null
660:COR:||(boolean,boolean):TRUE(boolean,boolean):org.apache.commons.lang3.StringUtils@containsOnly(java.lang.CharSequence,char[]):1777:74143:valid == null || cs == null |==> true
661:LVR:FALSE:TRUE:org.apache.commons.lang3.StringUtils@containsOnly(java.lang.CharSequence,char[]):1778:74179:false |==> true
662:LVR:0:POS:org.apache.commons.lang3.StringUtils@containsOnly(java.lang.CharSequence,char[]):1780:74223:0 |==> 1
663:LVR:0:NEG:org.apache.commons.lang3.StringUtils@containsOnly(java.lang.CharSequence,char[]):1780:74223:0 |==> -1
664:ROR:==(int,int):>=(int,int):org.apache.commons.lang3.StringUtils@containsOnly(java.lang.CharSequence,char[]):1780:74208:cs.length() == 0 |==> cs.length() >= 0
665:ROR:==(int,int):FALSE(int,int):org.apache.commons.lang3.StringUtils@containsOnly(java.lang.CharSequence,char[]):1780:74220:cs.length() == 0 |==> false
666:LVR:TRUE:FALSE:org.apache.commons.lang3.StringUtils@containsOnly(java.lang.CharSequence,char[]):1781:74247:true |==> false
667:LVR:0:POS:org.apache.commons.lang3.StringUtils@containsOnly(java.lang.CharSequence,char[]):1783:74291:0 |==> 1
668:LVR:0:NEG:org.apache.commons.lang3.StringUtils@containsOnly(java.lang.CharSequence,char[]):1783:74291:0 |==> -1
669:ROR:==(int,int):>=(int,int):org.apache.commons.lang3.StringUtils@containsOnly(java.lang.CharSequence,char[]):1783:74275:valid.length == 0 |==> valid.length >= 0
670:ROR:==(int,int):FALSE(int,int):org.apache.commons.lang3.StringUtils@containsOnly(java.lang.CharSequence,char[]):1783:74288:valid.length == 0 |==> false
671:LVR:FALSE:TRUE:org.apache.commons.lang3.StringUtils@containsOnly(java.lang.CharSequence,char[]):1784:74315:false |==> true
672:ROR:==(int,int):<=(int,int):org.apache.commons.lang3.StringUtils@containsOnly(java.lang.CharSequence,char[]):1786:74347:indexOfAnyBut(cs, valid) == INDEX_NOT_FOUND |==> indexOfAnyBut(cs, valid) <= INDEX_NOT_FOUND
673:ROR:==(int,int):>=(int,int):org.apache.commons.lang3.StringUtils@containsOnly(java.lang.CharSequence,char[]):1786:74347:indexOfAnyBut(cs, valid) == INDEX_NOT_FOUND |==> indexOfAnyBut(cs, valid) >= INDEX_NOT_FOUND
674:ROR:==(int,int):FALSE(int,int):org.apache.commons.lang3.StringUtils@containsOnly(java.lang.CharSequence,char[]):1786:74372:indexOfAnyBut(cs, valid) == INDEX_NOT_FOUND |==> false
675:ROR:==(java.lang.Object,java.lang.Object):FALSE(java.lang.Object,java.lang.Object):org.apache.commons.lang3.StringUtils@containsOnly(java.lang.CharSequence,java.lang.String):1813:75533:cs == null |==> false
676:ROR:==(java.lang.Object,java.lang.Object):FALSE(java.lang.Object,java.lang.Object):org.apache.commons.lang3.StringUtils@containsOnly(java.lang.CharSequence,java.lang.String):1813:75555:validChars == null |==> false
677:COR:||(boolean,boolean):!=(boolean,boolean):org.apache.commons.lang3.StringUtils@containsOnly(java.lang.CharSequence,java.lang.String):1813:75530:cs == null || validChars == null |==> cs == null != (validChars == null)
678:COR:||(boolean,boolean):LHS(boolean,boolean):org.apache.commons.lang3.StringUtils@containsOnly(java.lang.CharSequence,java.lang.String):1813:75530:cs == null || validChars == null |==> cs == null
679:COR:||(boolean,boolean):RHS(boolean,boolean):org.apache.commons.lang3.StringUtils@containsOnly(java.lang.CharSequence,java.lang.String):1813:75544:cs == null || validChars == null |==> validChars == null
680:COR:||(boolean,boolean):TRUE(boolean,boolean):org.apache.commons.lang3.StringUtils@containsOnly(java.lang.CharSequence,java.lang.String):1813:75541:cs == null || validChars == null |==> true
681:LVR:FALSE:TRUE:org.apache.commons.lang3.StringUtils@containsOnly(java.lang.CharSequence,java.lang.String):1814:75585:false |==> true
682:ROR:==(java.lang.Object,java.lang.Object):FALSE(java.lang.Object,java.lang.Object):org.apache.commons.lang3.StringUtils@containsNone(java.lang.CharSequence,char[]):1845:76909:cs == null |==> false
683:ROR:==(java.lang.Object,java.lang.Object):FALSE(java.lang.Object,java.lang.Object):org.apache.commons.lang3.StringUtils@containsNone(java.lang.CharSequence,char[]):1845:76932:searchChars == null |==> false
684:COR:||(boolean,boolean):!=(boolean,boolean):org.apache.commons.lang3.StringUtils@containsNone(java.lang.CharSequence,char[]):1845:76906:cs == null || searchChars == null |==> cs == null != (searchChars == null)
685:COR:||(boolean,boolean):LHS(boolean,boolean):org.apache.commons.lang3.StringUtils@containsNone(java.lang.CharSequence,char[]):1845:76906:cs == null || searchChars == null |==> cs == null
686:COR:||(boolean,boolean):RHS(boolean,boolean):org.apache.commons.lang3.StringUtils@containsNone(java.lang.CharSequence,char[]):1845:76920:cs == null || searchChars == null |==> searchChars == null
687:COR:||(boolean,boolean):TRUE(boolean,boolean):org.apache.commons.lang3.StringUtils@containsNone(java.lang.CharSequence,char[]):1845:76917:cs == null || searchChars == null |==> true
688:LVR:TRUE:FALSE:org.apache.commons.lang3.StringUtils@containsNone(java.lang.CharSequence,char[]):1846:76962:true |==> false
689:LVR:POS:0:org.apache.commons.lang3.StringUtils@containsNone(java.lang.CharSequence,char[]):1849:77040:1 |==> 0
690:LVR:POS:NEG:org.apache.commons.lang3.StringUtils@containsNone(java.lang.CharSequence,char[]):1849:77040:1 |==> -1
691:AOR:-(int,int):%(int,int):org.apache.commons.lang3.StringUtils@containsNone(java.lang.CharSequence,char[]):1849:77032:csLen - 1 |==> csLen % 1
692:AOR:-(int,int):*(int,int):org.apache.commons.lang3.StringUtils@containsNone(java.lang.CharSequence,char[]):1849:77032:csLen - 1 |==> csLen * 1
693:AOR:-(int,int):+(int,int):org.apache.commons.lang3.StringUtils@containsNone(java.lang.CharSequence,char[]):1849:77032:csLen - 1 |==> csLen + 1
694:AOR:-(int,int):/(int,int):org.apache.commons.lang3.StringUtils@containsNone(java.lang.CharSequence,char[]):1849:77032:csLen - 1 |==> csLen / 1
695:LVR:POS:0:org.apache.commons.lang3.StringUtils@containsNone(java.lang.CharSequence,char[]):1851:77124:1 |==> 0
696:LVR:POS:NEG:org.apache.commons.lang3.StringUtils@containsNone(java.lang.CharSequence,char[]):1851:77124:1 |==> -1
697:AOR:-(int,int):%(int,int):org.apache.commons.lang3.StringUtils@containsNone(java.lang.CharSequence,char[]):1851:77112:searchLen - 1 |==> searchLen % 1
698:AOR:-(int,int):*(int,int):org.apache.commons.lang3.StringUtils@containsNone(java.lang.CharSequence,char[]):1851:77112:searchLen - 1 |==> searchLen * 1
699:AOR:-(int,int):+(int,int):org.apache.commons.lang3.StringUtils@containsNone(java.lang.CharSequence,char[]):1851:77112:searchLen - 1 |==> searchLen + 1
700:AOR:-(int,int):/(int,int):org.apache.commons.lang3.StringUtils@containsNone(java.lang.CharSequence,char[]):1851:77112:searchLen - 1 |==> searchLen / 1
701:LVR:0:POS:org.apache.commons.lang3.StringUtils@containsNone(java.lang.CharSequence,char[]):1852:77148:0 |==> 1
702:LVR:0:NEG:org.apache.commons.lang3.StringUtils@containsNone(java.lang.CharSequence,char[]):1852:77148:0 |==> -1
703:ROR:<(int,int):!=(int,int):org.apache.commons.lang3.StringUtils@containsNone(java.lang.CharSequence,char[]):1852:77151:i < csLen |==> i != csLen
704:ROR:<(int,int):<=(int,int):org.apache.commons.lang3.StringUtils@containsNone(java.lang.CharSequence,char[]):1852:77151:i < csLen |==> i <= csLen
705:ROR:<(int,int):FALSE(int,int):org.apache.commons.lang3.StringUtils@containsNone(java.lang.CharSequence,char[]):1852:77153:i < csLen |==> false
706:LVR:0:POS:org.apache.commons.lang3.StringUtils@containsNone(java.lang.CharSequence,char[]):1854:77230:0 |==> 1
707:LVR:0:NEG:org.apache.commons.lang3.StringUtils@containsNone(java.lang.CharSequence,char[]):1854:77230:0 |==> -1
708:ROR:<(int,int):!=(int,int):org.apache.commons.lang3.StringUtils@containsNone(java.lang.CharSequence,char[]):1854:77233:j < searchLen |==> j != searchLen
709:ROR:<(int,int):<=(int,int):org.apache.commons.lang3.StringUtils@containsNone(java.lang.CharSequence,char[]):1854:77233:j < searchLen |==> j <= searchLen
710:ROR:<(int,int):FALSE(int,int):org.apache.commons.lang3.StringUtils@containsNone(java.lang.CharSequence,char[]):1854:77235:j < searchLen |==> false
711:ROR:==(int,int):<=(int,int):org.apache.commons.lang3.StringUtils@containsNone(java.lang.CharSequence,char[]):1855:77275:searchChars[j] == ch |==> searchChars[j] <= ch
712:ROR:==(int,int):>=(int,int):org.apache.commons.lang3.StringUtils@containsNone(java.lang.CharSequence,char[]):1855:77275:searchChars[j] == ch |==> searchChars[j] >= ch
713:ROR:==(int,int):FALSE(int,int):org.apache.commons.lang3.StringUtils@containsNone(java.lang.CharSequence,char[]):1855:77290:searchChars[j] == ch |==> false
714:COR:<METHOD_INVOCATION(boolean)>:FALSE:org.apache.commons.lang3.StringUtils@containsNone(java.lang.CharSequence,char[]):1856:77348:Character.isHighSurrogate(ch) |==> false
715:COR:<METHOD_INVOCATION(boolean)>:TRUE:org.apache.commons.lang3.StringUtils@containsNone(java.lang.CharSequence,char[]):1856:77348:Character.isHighSurrogate(ch) |==> true
716:ROR:==(int,int):<=(int,int):org.apache.commons.lang3.StringUtils@containsNone(java.lang.CharSequence,char[]):1857:77384:j == searchLast |==> j <= searchLast
717:ROR:==(int,int):>=(int,int):org.apache.commons.lang3.StringUtils@containsNone(java.lang.CharSequence,char[]):1857:77384:j == searchLast |==> j >= searchLast
718:ROR:==(int,int):FALSE(int,int):org.apache.commons.lang3.StringUtils@containsNone(java.lang.CharSequence,char[]):1857:77386:j == searchLast |==> false
719:LVR:FALSE:TRUE:org.apache.commons.lang3.StringUtils@containsNone(java.lang.CharSequence,char[]):1859:77526:false |==> true
720:ROR:<(int,int):!=(int,int):org.apache.commons.lang3.StringUtils@containsNone(java.lang.CharSequence,char[]):1861:77587:i < csLast |==> i != csLast
721:ROR:<(int,int):<=(int,int):org.apache.commons.lang3.StringUtils@containsNone(java.lang.CharSequence,char[]):1861:77587:i < csLast |==> i <= csLast
722:ROR:<(int,int):FALSE(int,int):org.apache.commons.lang3.StringUtils@containsNone(java.lang.CharSequence,char[]):1861:77589:i < csLast |==> false
723:LVR:POS:0:org.apache.commons.lang3.StringUtils@containsNone(java.lang.CharSequence,char[]):1861:77617:1 |==> 0
724:LVR:POS:NEG:org.apache.commons.lang3.StringUtils@containsNone(java.lang.CharSequence,char[]):1861:77617:1 |==> -1
725:AOR:+(int,int):%(int,int):org.apache.commons.lang3.StringUtils@containsNone(java.lang.CharSequence,char[]):1861:77613:j + 1 |==> j % 1
726:AOR:+(int,int):*(int,int):org.apache.commons.lang3.StringUtils@containsNone(java.lang.CharSequence,char[]):1861:77613:j + 1 |==> j * 1
727:AOR:+(int,int):-(int,int):org.apache.commons.lang3.StringUtils@containsNone(java.lang.CharSequence,char[]):1861:77613:j + 1 |==> j - 1
728:AOR:+(int,int):/(int,int):org.apache.commons.lang3.StringUtils@containsNone(java.lang.CharSequence,char[]):1861:77613:j + 1 |==> j / 1
729:LVR:POS:0:org.apache.commons.lang3.StringUtils@containsNone(java.lang.CharSequence,char[]):1861:77637:1 |==> 0
730:LVR:POS:NEG:org.apache.commons.lang3.StringUtils@containsNone(java.lang.CharSequence,char[]):1861:77637:1 |==> -1
731:AOR:+(int,int):%(int,int):org.apache.commons.lang3.StringUtils@containsNone(java.lang.CharSequence,char[]):1861:77633:i + 1 |==> i % 1
732:AOR:+(int,int):*(int,int):org.apache.commons.lang3.StringUtils@containsNone(java.lang.CharSequence,char[]):1861:77633:i + 1 |==> i * 1
733:AOR:+(int,int):-(int,int):org.apache.commons.lang3.StringUtils@containsNone(java.lang.CharSequence,char[]):1861:77633:i + 1 |==> i - 1
734:AOR:+(int,int):/(int,int):org.apache.commons.lang3.StringUtils@containsNone(java.lang.CharSequence,char[]):1861:77633:i + 1 |==> i / 1
735:ROR:==(int,int):<=(int,int):org.apache.commons.lang3.StringUtils@containsNone(java.lang.CharSequence,char[]):1861:77601:searchChars[j + 1] == cs.charAt(i + 1) |==> searchChars[j + 1] <= cs.charAt(i + 1)
736:ROR:==(int,int):>=(int,int):org.apache.commons.lang3.StringUtils@containsNone(java.lang.CharSequence,char[]):1861:77601:searchChars[j + 1] == cs.charAt(i + 1) |==> searchChars[j + 1] >= cs.charAt(i + 1)
737:ROR:==(int,int):FALSE(int,int):org.apache.commons.lang3.StringUtils@containsNone(java.lang.CharSequence,char[]):1861:77620:searchChars[j + 1] == cs.charAt(i + 1) |==> false
738:COR:&&(boolean,boolean):==(boolean,boolean):org.apache.commons.lang3.StringUtils@containsNone(java.lang.CharSequence,char[]):1861:77587:i < csLast && searchChars[j + 1] == cs.charAt(i + 1) |==> i < csLast == (searchChars[j + 1] == cs.charAt(i + 1))
739:COR:&&(boolean,boolean):FALSE(boolean,boolean):org.apache.commons.lang3.StringUtils@containsNone(java.lang.CharSequence,char[]):1861:77598:i < csLast && searchChars[j + 1] == cs.charAt(i + 1) |==> false
740:COR:&&(boolean,boolean):LHS(boolean,boolean):org.apache.commons.lang3.StringUtils@containsNone(java.lang.CharSequence,char[]):1861:77587:i < csLast && searchChars[j + 1] == cs.charAt(i + 1) |==> i < csLast
741:COR:&&(boolean,boolean):RHS(boolean,boolean):org.apache.commons.lang3.StringUtils@containsNone(java.lang.CharSequence,char[]):1861:77601:i < csLast && searchChars[j + 1] == cs.charAt(i + 1) |==> searchChars[j + 1] == cs.charAt(i + 1)
742:LVR:FALSE:TRUE:org.apache.commons.lang3.StringUtils@containsNone(java.lang.CharSequence,char[]):1862:77678:false |==> true
743:LVR:FALSE:TRUE:org.apache.commons.lang3.StringUtils@containsNone(java.lang.CharSequence,char[]):1866:77836:false |==> true
744:LVR:TRUE:FALSE:org.apache.commons.lang3.StringUtils@containsNone(java.lang.CharSequence,char[]):1871:77922:true |==> false
745:ROR:==(java.lang.Object,java.lang.Object):FALSE(java.lang.Object,java.lang.Object):org.apache.commons.lang3.StringUtils@containsNone(java.lang.CharSequence,java.lang.String):1898:79064:cs == null |==> false
746:ROR:==(java.lang.Object,java.lang.Object):FALSE(java.lang.Object,java.lang.Object):org.apache.commons.lang3.StringUtils@containsNone(java.lang.CharSequence,java.lang.String):1898:79088:invalidChars == null |==> false
747:COR:||(boolean,boolean):!=(boolean,boolean):org.apache.commons.lang3.StringUtils@containsNone(java.lang.CharSequence,java.lang.String):1898:79061:cs == null || invalidChars == null |==> cs == null != (invalidChars == null)
748:COR:||(boolean,boolean):LHS(boolean,boolean):org.apache.commons.lang3.StringUtils@containsNone(java.lang.CharSequence,java.lang.String):1898:79061:cs == null || invalidChars == null |==> cs == null
749:COR:||(boolean,boolean):RHS(boolean,boolean):org.apache.commons.lang3.StringUtils@containsNone(java.lang.CharSequence,java.lang.String):1898:79075:cs == null || invalidChars == null |==> invalidChars == null
750:COR:||(boolean,boolean):TRUE(boolean,boolean):org.apache.commons.lang3.StringUtils@containsNone(java.lang.CharSequence,java.lang.String):1898:79072:cs == null || invalidChars == null |==> true
751:LVR:TRUE:FALSE:org.apache.commons.lang3.StringUtils@containsNone(java.lang.CharSequence,java.lang.String):1899:79118:true |==> false
752:ROR:==(java.lang.Object,java.lang.Object):FALSE(java.lang.Object,java.lang.Object):org.apache.commons.lang3.StringUtils@indexOfAny(java.lang.CharSequence,java.lang.CharSequence[]):1934:80857:str == null |==> false
753:ROR:==(java.lang.Object,java.lang.Object):FALSE(java.lang.Object,java.lang.Object):org.apache.commons.lang3.StringUtils@indexOfAny(java.lang.CharSequence,java.lang.CharSequence[]):1934:80879:searchStrs == null |==> false
754:COR:||(boolean,boolean):!=(boolean,boolean):org.apache.commons.lang3.StringUtils@indexOfAny(java.lang.CharSequence,java.lang.CharSequence[]):1934:80853:str == null || searchStrs == null |==> str == null != (searchStrs == null)
755:COR:||(boolean,boolean):LHS(boolean,boolean):org.apache.commons.lang3.StringUtils@indexOfAny(java.lang.CharSequence,java.lang.CharSequence[]):1934:80853:str == null || searchStrs == null |==> str == null
756:COR:||(boolean,boolean):RHS(boolean,boolean):org.apache.commons.lang3.StringUtils@indexOfAny(java.lang.CharSequence,java.lang.CharSequence[]):1934:80868:str == null || searchStrs == null |==> searchStrs == null
757:COR:||(boolean,boolean):TRUE(boolean,boolean):org.apache.commons.lang3.StringUtils@indexOfAny(java.lang.CharSequence,java.lang.CharSequence[]):1934:80865:str == null || searchStrs == null |==> true
758:LVR:0:POS:org.apache.commons.lang3.StringUtils@indexOfAny(java.lang.CharSequence,java.lang.CharSequence[]):1943:81105:0 |==> 1
759:LVR:0:NEG:org.apache.commons.lang3.StringUtils@indexOfAny(java.lang.CharSequence,java.lang.CharSequence[]):1943:81105:0 |==> -1
760:ROR:<(int,int):!=(int,int):org.apache.commons.lang3.StringUtils@indexOfAny(java.lang.CharSequence,java.lang.CharSequence[]):1943:81108:i < sz |==> i != sz
761:ROR:<(int,int):<=(int,int):org.apache.commons.lang3.StringUtils@indexOfAny(java.lang.CharSequence,java.lang.CharSequence[]):1943:81108:i < sz |==> i <= sz
762:ROR:<(int,int):FALSE(int,int):org.apache.commons.lang3.StringUtils@indexOfAny(java.lang.CharSequence,java.lang.CharSequence[]):1943:81110:i < sz |==> false
763:ROR:==(java.lang.Object,java.lang.Object):FALSE(java.lang.Object,java.lang.Object):org.apache.commons.lang3.StringUtils@indexOfAny(java.lang.CharSequence,java.lang.CharSequence[]):1945:81195:search == null |==> false
764:LVR:0:POS:org.apache.commons.lang3.StringUtils@indexOfAny(java.lang.CharSequence,java.lang.CharSequence[]):1948:81303:0 |==> 1
765:LVR:0:NEG:org.apache.commons.lang3.StringUtils@indexOfAny(java.lang.CharSequence,java.lang.CharSequence[]):1948:81303:0 |==> -1
766:STD:<ASSIGN>:<NO-OP>:org.apache.commons.lang3.StringUtils@indexOfAny(java.lang.CharSequence,java.lang.CharSequence[]):1948:81258:tmp = CharSequenceUtils.indexOf(str, search, 0); |==> <NO-OP>
767:ROR:==(int,int):<=(int,int):org.apache.commons.lang3.StringUtils@indexOfAny(java.lang.CharSequence,java.lang.CharSequence[]):1949:81323:tmp == INDEX_NOT_FOUND |==> tmp <= INDEX_NOT_FOUND
768:ROR:==(int,int):>=(int,int):org.apache.commons.lang3.StringUtils@indexOfAny(java.lang.CharSequence,java.lang.CharSequence[]):1949:81323:tmp == INDEX_NOT_FOUND |==> tmp >= INDEX_NOT_FOUND
769:ROR:==(int,int):FALSE(int,int):org.apache.commons.lang3.StringUtils@indexOfAny(java.lang.CharSequence,java.lang.CharSequence[]):1949:81327:tmp == INDEX_NOT_FOUND |==> false
770:ROR:<(int,int):!=(int,int):org.apache.commons.lang3.StringUtils@indexOfAny(java.lang.CharSequence,java.lang.CharSequence[]):1953:81406:tmp < ret |==> tmp != ret
771:ROR:<(int,int):<=(int,int):org.apache.commons.lang3.StringUtils@indexOfAny(java.lang.CharSequence,java.lang.CharSequence[]):1953:81406:tmp < ret |==> tmp <= ret
772:ROR:<(int,int):FALSE(int,int):org.apache.commons.lang3.StringUtils@indexOfAny(java.lang.CharSequence,java.lang.CharSequence[]):1953:81410:tmp < ret |==> false
773:STD:<ASSIGN>:<NO-OP>:org.apache.commons.lang3.StringUtils@indexOfAny(java.lang.CharSequence,java.lang.CharSequence[]):1954:81435:ret = tmp; |==> <NO-OP>
774:ROR:==(int,int):<=(int,int):org.apache.commons.lang3.StringUtils@indexOfAny(java.lang.CharSequence,java.lang.CharSequence[]):1958:81486:ret == Integer.MAX_VALUE |==> ret <= Integer.MAX_VALUE
775:ROR:==(int,int):FALSE(int,int):org.apache.commons.lang3.StringUtils@indexOfAny(java.lang.CharSequence,java.lang.CharSequence[]):1958:81490:ret == Integer.MAX_VALUE |==> false
776:ROR:==(java.lang.Object,java.lang.Object):FALSE(java.lang.Object,java.lang.Object):org.apache.commons.lang3.StringUtils@lastIndexOfAny(java.lang.CharSequence,java.lang.CharSequence[]):1988:83071:str == null |==> false
777:ROR:==(java.lang.Object,java.lang.Object):FALSE(java.lang.Object,java.lang.Object):org.apache.commons.lang3.StringUtils@lastIndexOfAny(java.lang.CharSequence,java.lang.CharSequence[]):1988:83093:searchStrs == null |==> false
778:COR:||(boolean,boolean):!=(boolean,boolean):org.apache.commons.lang3.StringUtils@lastIndexOfAny(java.lang.CharSequence,java.lang.CharSequence[]):1988:83067:str == null || searchStrs == null |==> str == null != (searchStrs == null)
779:COR:||(boolean,boolean):LHS(boolean,boolean):org.apache.commons.lang3.StringUtils@lastIndexOfAny(java.lang.CharSequence,java.lang.CharSequence[]):1988:83067:str == null || searchStrs == null |==> str == null
780:COR:||(boolean,boolean):RHS(boolean,boolean):org.apache.commons.lang3.StringUtils@lastIndexOfAny(java.lang.CharSequence,java.lang.CharSequence[]):1988:83082:str == null || searchStrs == null |==> searchStrs == null
781:COR:||(boolean,boolean):TRUE(boolean,boolean):org.apache.commons.lang3.StringUtils@lastIndexOfAny(java.lang.CharSequence,java.lang.CharSequence[]):1988:83079:str == null || searchStrs == null |==> true
782:LVR:0:POS:org.apache.commons.lang3.StringUtils@lastIndexOfAny(java.lang.CharSequence,java.lang.CharSequence[]):1994:83263:0 |==> 1
783:LVR:0:NEG:org.apache.commons.lang3.StringUtils@lastIndexOfAny(java.lang.CharSequence,java.lang.CharSequence[]):1994:83263:0 |==> -1
784:ROR:<(int,int):!=(int,int):org.apache.commons.lang3.StringUtils@lastIndexOfAny(java.lang.CharSequence,java.lang.CharSequence[]):1994:83266:i < sz |==> i != sz
785:ROR:<(int,int):<=(int,int):org.apache.commons.lang3.StringUtils@lastIndexOfAny(java.lang.CharSequence,java.lang.CharSequence[]):1994:83266:i < sz |==> i <= sz
786:ROR:<(int,int):FALSE(int,int):org.apache.commons.lang3.StringUtils@lastIndexOfAny(java.lang.CharSequence,java.lang.CharSequence[]):1994:83268:i < sz |==> false
787:ROR:==(java.lang.Object,java.lang.Object):FALSE(java.lang.Object,java.lang.Object):org.apache.commons.lang3.StringUtils@lastIndexOfAny(java.lang.CharSequence,java.lang.CharSequence[]):1996:83353:search == null |==> false
788:STD:<ASSIGN>:<NO-OP>:org.apache.commons.lang3.StringUtils@lastIndexOfAny(java.lang.CharSequence,java.lang.CharSequence[]):1999:83416:tmp = CharSequenceUtils.lastIndexOf(str, search, str.length()); |==> <NO-OP>
789:ROR:>(int,int):!=(int,int):org.apache.commons.lang3.StringUtils@lastIndexOfAny(java.lang.CharSequence,java.lang.CharSequence[]):2000:83496:tmp > ret |==> tmp != ret
790:ROR:>(int,int):>=(int,int):org.apache.commons.lang3.StringUtils@lastIndexOfAny(java.lang.CharSequence,java.lang.CharSequence[]):2000:83496:tmp > ret |==> tmp >= ret
791:ROR:>(int,int):FALSE(int,int):org.apache.commons.lang3.StringUtils@lastIndexOfAny(java.lang.CharSequence,java.lang.CharSequence[]):2000:83500:tmp > ret |==> false
792:STD:<ASSIGN>:<NO-OP>:org.apache.commons.lang3.StringUtils@lastIndexOfAny(java.lang.CharSequence,java.lang.CharSequence[]):2001:83525:ret = tmp; |==> <NO-OP>
793:ROR:==(java.lang.Object,java.lang.Object):FALSE(java.lang.Object,java.lang.Object):org.apache.commons.lang3.StringUtils@substring(java.lang.String,int):2034:84739:str == null |==> false
794:LVR:0:POS:org.apache.commons.lang3.StringUtils@substring(java.lang.String,int):2039:84865:0 |==> 1
795:LVR:0:NEG:org.apache.commons.lang3.StringUtils@substring(java.lang.String,int):2039:84865:0 |==> -1
796:ROR:<(int,int):!=(int,int):org.apache.commons.lang3.StringUtils@substring(java.lang.String,int):2039:84857:start < 0 |==> start != 0
797:ROR:<(int,int):<=(int,int):org.apache.commons.lang3.StringUtils@substring(java.lang.String,int):2039:84857:start < 0 |==> start <= 0
798:ROR:<(int,int):FALSE(int,int):org.apache.commons.lang3.StringUtils@substring(java.lang.String,int):2039:84863:start < 0 |==> false
799:AOR:+(int,int):%(int,int):org.apache.commons.lang3.StringUtils@substring(java.lang.String,int):2040:84890:str.length() + start |==> str.length() % start
800:AOR:+(int,int):*(int,int):org.apache.commons.lang3.StringUtils@substring(java.lang.String,int):2040:84890:str.length() + start |==> str.length() * start
801:AOR:+(int,int):-(int,int):org.apache.commons.lang3.StringUtils@substring(java.lang.String,int):2040:84890:str.length() + start |==> str.length() - start
802:AOR:+(int,int):/(int,int):org.apache.commons.lang3.StringUtils@substring(java.lang.String,int):2040:84890:str.length() + start |==> str.length() / start
803:STD:<ASSIGN>:<NO-OP>:org.apache.commons.lang3.StringUtils@substring(java.lang.String,int):2040:84882:start = str.length() + start; |==> <NO-OP>
804:LVR:0:POS:org.apache.commons.lang3.StringUtils@substring(java.lang.String,int):2043:84973:0 |==> 1
805:LVR:0:NEG:org.apache.commons.lang3.StringUtils@substring(java.lang.String,int):2043:84973:0 |==> -1
806:ROR:<(int,int):!=(int,int):org.apache.commons.lang3.StringUtils@substring(java.lang.String,int):2043:84965:start < 0 |==> start != 0
807:ROR:<(int,int):<=(int,int):org.apache.commons.lang3.StringUtils@substring(java.lang.String,int):2043:84965:start < 0 |==> start <= 0
808:ROR:<(int,int):FALSE(int,int):org.apache.commons.lang3.StringUtils@substring(java.lang.String,int):2043:84971:start < 0 |==> false
809:LVR:0:POS:org.apache.commons.lang3.StringUtils@substring(java.lang.String,int):2044:84998:0 |==> 1
810:LVR:0:NEG:org.apache.commons.lang3.StringUtils@substring(java.lang.String,int):2044:84998:0 |==> -1
811:STD:<ASSIGN>:<NO-OP>:org.apache.commons.lang3.StringUtils@substring(java.lang.String,int):2044:84990:start = 0; |==> <NO-OP>
812:ROR:>(int,int):!=(int,int):org.apache.commons.lang3.StringUtils@substring(java.lang.String,int):2046:85023:start > str.length() |==> start != str.length()
813:ROR:>(int,int):>=(int,int):org.apache.commons.lang3.StringUtils@substring(java.lang.String,int):2046:85023:start > str.length() |==> start >= str.length()
814:ROR:>(int,int):FALSE(int,int):org.apache.commons.lang3.StringUtils@substring(java.lang.String,int):2046:85029:start > str.length() |==> false
815:ROR:==(java.lang.Object,java.lang.Object):FALSE(java.lang.Object,java.lang.Object):org.apache.commons.lang3.StringUtils@substring(java.lang.String,int,int):2089:86855:str == null |==> false
816:LVR:0:POS:org.apache.commons.lang3.StringUtils@substring(java.lang.String,int,int):2094:86948:0 |==> 1
817:LVR:0:NEG:org.apache.commons.lang3.StringUtils@substring(java.lang.String,int,int):2094:86948:0 |==> -1
818:ROR:<(int,int):!=(int,int):org.apache.commons.lang3.StringUtils@substring(java.lang.String,int,int):2094:86942:end < 0 |==> end != 0
819:ROR:<(int,int):<=(int,int):org.apache.commons.lang3.StringUtils@substring(java.lang.String,int,int):2094:86942:end < 0 |==> end <= 0
820:ROR:<(int,int):FALSE(int,int):org.apache.commons.lang3.StringUtils@substring(java.lang.String,int,int):2094:86946:end < 0 |==> false
821:AOR:+(int,int):%(int,int):org.apache.commons.lang3.StringUtils@substring(java.lang.String,int,int):2095:86971:str.length() + end |==> str.length() % end
822:AOR:+(int,int):*(int,int):org.apache.commons.lang3.StringUtils@substring(java.lang.String,int,int):2095:86971:str.length() + end |==> str.length() * end
823:AOR:+(int,int):-(int,int):org.apache.commons.lang3.StringUtils@substring(java.lang.String,int,int):2095:86971:str.length() + end |==> str.length() - end
824:AOR:+(int,int):/(int,int):org.apache.commons.lang3.StringUtils@substring(java.lang.String,int,int):2095:86971:str.length() + end |==> str.length() / end
825:STD:<ASSIGN>:<NO-OP>:org.apache.commons.lang3.StringUtils@substring(java.lang.String,int,int):2095:86965:end = str.length() + end; |==> <NO-OP>
826:LVR:0:POS:org.apache.commons.lang3.StringUtils@substring(java.lang.String,int,int):2097:87049:0 |==> 1
827:LVR:0:NEG:org.apache.commons.lang3.StringUtils@substring(java.lang.String,int,int):2097:87049:0 |==> -1
828:ROR:<(int,int):!=(int,int):org.apache.commons.lang3.StringUtils@substring(java.lang.String,int,int):2097:87041:start < 0 |==> start != 0
829:ROR:<(int,int):<=(int,int):org.apache.commons.lang3.StringUtils@substring(java.lang.String,int,int):2097:87041:start < 0 |==> start <= 0
830:ROR:<(int,int):FALSE(int,int):org.apache.commons.lang3.StringUtils@substring(java.lang.String,int,int):2097:87047:start < 0 |==> false
831:AOR:+(int,int):%(int,int):org.apache.commons.lang3.StringUtils@substring(java.lang.String,int,int):2098:87074:str.length() + start |==> str.length() % start
832:AOR:+(int,int):*(int,int):org.apache.commons.lang3.StringUtils@substring(java.lang.String,int,int):2098:87074:str.length() + start |==> str.length() * start
833:AOR:+(int,int):-(int,int):org.apache.commons.lang3.StringUtils@substring(java.lang.String,int,int):2098:87074:str.length() + start |==> str.length() - start
834:AOR:+(int,int):/(int,int):org.apache.commons.lang3.StringUtils@substring(java.lang.String,int,int):2098:87074:str.length() + start |==> str.length() / start
835:STD:<ASSIGN>:<NO-OP>:org.apache.commons.lang3.StringUtils@substring(java.lang.String,int,int):2098:87066:start = str.length() + start; |==> <NO-OP>
836:ROR:>(int,int):!=(int,int):org.apache.commons.lang3.StringUtils@substring(java.lang.String,int,int):2102:87178:end > str.length() |==> end != str.length()
837:ROR:>(int,int):>=(int,int):org.apache.commons.lang3.StringUtils@substring(java.lang.String,int,int):2102:87178:end > str.length() |==> end >= str.length()
838:ROR:>(int,int):FALSE(int,int):org.apache.commons.lang3.StringUtils@substring(java.lang.String,int,int):2102:87182:end > str.length() |==> false
839:STD:<ASSIGN>:<NO-OP>:org.apache.commons.lang3.StringUtils@substring(java.lang.String,int,int):2103:87212:end = str.length(); |==> <NO-OP>
840:ROR:>(int,int):!=(int,int):org.apache.commons.lang3.StringUtils@substring(java.lang.String,int,int):2107:87306:start > end |==> start != end
841:ROR:>(int,int):>=(int,int):org.apache.commons.lang3.StringUtils@substring(java.lang.String,int,int):2107:87306:start > end |==> start >= end
842:ROR:>(int,int):FALSE(int,int):org.apache.commons.lang3.StringUtils@substring(java.lang.String,int,int):2107:87312:start > end |==> false
843:LVR:0:POS:org.apache.commons.lang3.StringUtils@substring(java.lang.String,int,int):2111:87378:0 |==> 1
844:LVR:0:NEG:org.apache.commons.lang3.StringUtils@substring(java.lang.String,int,int):2111:87378:0 |==> -1
845:ROR:<(int,int):!=(int,int):org.apache.commons.lang3.StringUtils@substring(java.lang.String,int,int):2111:87370:start < 0 |==> start != 0
846:ROR:<(int,int):<=(int,int):org.apache.commons.lang3.StringUtils@substring(java.lang.String,int,int):2111:87370:start < 0 |==> start <= 0
847:ROR:<(int,int):FALSE(int,int):org.apache.commons.lang3.StringUtils@substring(java.lang.String,int,int):2111:87376:start < 0 |==> false
848:LVR:0:POS:org.apache.commons.lang3.StringUtils@substring(java.lang.String,int,int):2112:87403:0 |==> 1
849:LVR:0:NEG:org.apache.commons.lang3.StringUtils@substring(java.lang.String,int,int):2112:87403:0 |==> -1
850:STD:<ASSIGN>:<NO-OP>:org.apache.commons.lang3.StringUtils@substring(java.lang.String,int,int):2112:87395:start = 0; |==> <NO-OP>
851:LVR:0:POS:org.apache.commons.lang3.StringUtils@substring(java.lang.String,int,int):2114:87434:0 |==> 1
852:LVR:0:NEG:org.apache.commons.lang3.StringUtils@substring(java.lang.String,int,int):2114:87434:0 |==> -1
853:ROR:<(int,int):!=(int,int):org.apache.commons.lang3.StringUtils@substring(java.lang.String,int,int):2114:87428:end < 0 |==> end != 0
854:ROR:<(int,int):<=(int,int):org.apache.commons.lang3.StringUtils@substring(java.lang.String,int,int):2114:87428:end < 0 |==> end <= 0
855:ROR:<(int,int):FALSE(int,int):org.apache.commons.lang3.StringUtils@substring(java.lang.String,int,int):2114:87432:end < 0 |==> false
856:LVR:0:POS:org.apache.commons.lang3.StringUtils@substring(java.lang.String,int,int):2115:87457:0 |==> 1
857:LVR:0:NEG:org.apache.commons.lang3.StringUtils@substring(java.lang.String,int,int):2115:87457:0 |==> -1
858:STD:<ASSIGN>:<NO-OP>:org.apache.commons.lang3.StringUtils@substring(java.lang.String,int,int):2115:87451:end = 0; |==> <NO-OP>
859:ROR:==(java.lang.Object,java.lang.Object):FALSE(java.lang.Object,java.lang.Object):org.apache.commons.lang3.StringUtils@left(java.lang.String,int):2144:88482:str == null |==> false
860:LVR:0:POS:org.apache.commons.lang3.StringUtils@left(java.lang.String,int):2147:88546:0 |==> 1
861:LVR:0:NEG:org.apache.commons.lang3.StringUtils@left(java.lang.String,int):2147:88546:0 |==> -1
862:ROR:<(int,int):!=(int,int):org.apache.commons.lang3.StringUtils@left(java.lang.String,int):2147:88540:len < 0 |==> len != 0
863:ROR:<(int,int):<=(int,int):org.apache.commons.lang3.StringUtils@left(java.lang.String,int):2147:88540:len < 0 |==> len <= 0
864:ROR:<(int,int):FALSE(int,int):org.apache.commons.lang3.StringUtils@left(java.lang.String,int):2147:88544:len < 0 |==> false
865:ROR:<=(int,int):<(int,int):org.apache.commons.lang3.StringUtils@left(java.lang.String,int):2150:88599:str.length() <= len |==> str.length() < len
866:ROR:<=(int,int):==(int,int):org.apache.commons.lang3.StringUtils@left(java.lang.String,int):2150:88599:str.length() <= len |==> str.length() == len
867:ROR:<=(int,int):TRUE(int,int):org.apache.commons.lang3.StringUtils@left(java.lang.String,int):2150:88612:str.length() <= len |==> true
868:LVR:0:POS:org.apache.commons.lang3.StringUtils@left(java.lang.String,int):2153:88685:0 |==> 1
869:LVR:0:NEG:org.apache.commons.lang3.StringUtils@left(java.lang.String,int):2153:88685:0 |==> -1
870:ROR:==(java.lang.Object,java.lang.Object):FALSE(java.lang.Object,java.lang.Object):org.apache.commons.lang3.StringUtils@right(java.lang.String,int):2177:89576:str == null |==> false
871:LVR:0:POS:org.apache.commons.lang3.StringUtils@right(java.lang.String,int):2180:89640:0 |==> 1
872:LVR:0:NEG:org.apache.commons.lang3.StringUtils@right(java.lang.String,int):2180:89640:0 |==> -1
873:ROR:<(int,int):!=(int,int):org.apache.commons.lang3.StringUtils@right(java.lang.String,int):2180:89634:len < 0 |==> len != 0
874:ROR:<(int,int):<=(int,int):org.apache.commons.lang3.StringUtils@right(java.lang.String,int):2180:89634:len < 0 |==> len <= 0
875:ROR:<(int,int):FALSE(int,int):org.apache.commons.lang3.StringUtils@right(java.lang.String,int):2180:89638:len < 0 |==> false
876:ROR:<=(int,int):<(int,int):org.apache.commons.lang3.StringUtils@right(java.lang.String,int):2183:89693:str.length() <= len |==> str.length() < len
877:ROR:<=(int,int):==(int,int):org.apache.commons.lang3.StringUtils@right(java.lang.String,int):2183:89693:str.length() <= len |==> str.length() == len
878:ROR:<=(int,int):TRUE(int,int):org.apache.commons.lang3.StringUtils@right(java.lang.String,int):2183:89706:str.length() <= len |==> true
879:AOR:-(int,int):%(int,int):org.apache.commons.lang3.StringUtils@right(java.lang.String,int):2186:89779:str.length() - len |==> str.length() % len
880:AOR:-(int,int):*(int,int):org.apache.commons.lang3.StringUtils@right(java.lang.String,int):2186:89779:str.length() - len |==> str.length() * len
881:AOR:-(int,int):+(int,int):org.apache.commons.lang3.StringUtils@right(java.lang.String,int):2186:89779:str.length() - len |==> str.length() + len
882:AOR:-(int,int):/(int,int):org.apache.commons.lang3.StringUtils@right(java.lang.String,int):2186:89779:str.length() - len |==> str.length() / len
883:ROR:==(java.lang.Object,java.lang.Object):FALSE(java.lang.Object,java.lang.Object):org.apache.commons.lang3.StringUtils@mid(java.lang.String,int,int):2215:90941:str == null |==> false
884:LVR:0:POS:org.apache.commons.lang3.StringUtils@mid(java.lang.String,int,int):2218:91005:0 |==> 1
885:LVR:0:NEG:org.apache.commons.lang3.StringUtils@mid(java.lang.String,int,int):2218:91005:0 |==> -1
886:ROR:<(int,int):!=(int,int):org.apache.commons.lang3.StringUtils@mid(java.lang.String,int,int):2218:90999:len < 0 |==> len != 0
887:ROR:<(int,int):<=(int,int):org.apache.commons.lang3.StringUtils@mid(java.lang.String,int,int):2218:90999:len < 0 |==> len <= 0
888:ROR:<(int,int):FALSE(int,int):org.apache.commons.lang3.StringUtils@mid(java.lang.String,int,int):2218:91003:len < 0 |==> false
889:ROR:>(int,int):!=(int,int):org.apache.commons.lang3.StringUtils@mid(java.lang.String,int,int):2218:91010:pos > str.length() |==> pos != str.length()
890:ROR:>(int,int):>=(int,int):org.apache.commons.lang3.StringUtils@mid(java.lang.String,int,int):2218:91010:pos > str.length() |==> pos >= str.length()
891:ROR:>(int,int):FALSE(int,int):org.apache.commons.lang3.StringUtils@mid(java.lang.String,int,int):2218:91014:pos > str.length() |==> false
892:COR:||(boolean,boolean):!=(boolean,boolean):org.apache.commons.lang3.StringUtils@mid(java.lang.String,int,int):2218:90999:len < 0 || pos > str.length() |==> len < 0 != pos > str.length()
893:COR:||(boolean,boolean):LHS(boolean,boolean):org.apache.commons.lang3.StringUtils@mid(java.lang.String,int,int):2218:90999:len < 0 || pos > str.length() |==> len < 0
894:COR:||(boolean,boolean):RHS(boolean,boolean):org.apache.commons.lang3.StringUtils@mid(java.lang.String,int,int):2218:91010:len < 0 || pos > str.length() |==> pos > str.length()
895:COR:||(boolean,boolean):TRUE(boolean,boolean):org.apache.commons.lang3.StringUtils@mid(java.lang.String,int,int):2218:91007:len < 0 || pos > str.length() |==> true
896:LVR:0:POS:org.apache.commons.lang3.StringUtils@mid(java.lang.String,int,int):2221:91086:0 |==> 1
897:LVR:0:NEG:org.apache.commons.lang3.StringUtils@mid(java.lang.String,int,int):2221:91086:0 |==> -1
898:ROR:<(int,int):!=(int,int):org.apache.commons.lang3.StringUtils@mid(java.lang.String,int,int):2221:91080:pos < 0 |==> pos != 0
899:ROR:<(int,int):<=(int,int):org.apache.commons.lang3.StringUtils@mid(java.lang.String,int,int):2221:91080:pos < 0 |==> pos <= 0
900:ROR:<(int,int):FALSE(int,int):org.apache.commons.lang3.StringUtils@mid(java.lang.String,int,int):2221:91084:pos < 0 |==> false
901:LVR:0:POS:org.apache.commons.lang3.StringUtils@mid(java.lang.String,int,int):2222:91109:0 |==> 1
902:LVR:0:NEG:org.apache.commons.lang3.StringUtils@mid(java.lang.String,int,int):2222:91109:0 |==> -1
903:STD:<ASSIGN>:<NO-OP>:org.apache.commons.lang3.StringUtils@mid(java.lang.String,int,int):2222:91103:pos = 0; |==> <NO-OP>
904:AOR:+(int,int):%(int,int):org.apache.commons.lang3.StringUtils@mid(java.lang.String,int,int):2224:91150:pos + len |==> pos % len
905:AOR:+(int,int):*(int,int):org.apache.commons.lang3.StringUtils@mid(java.lang.String,int,int):2224:91150:pos + len |==> pos * len
906:AOR:+(int,int):-(int,int):org.apache.commons.lang3.StringUtils@mid(java.lang.String,int,int):2224:91150:pos + len |==> pos - len
907:AOR:+(int,int):/(int,int):org.apache.commons.lang3.StringUtils@mid(java.lang.String,int,int):2224:91150:pos + len |==> pos / len
908:ROR:<=(int,int):<(int,int):org.apache.commons.lang3.StringUtils@mid(java.lang.String,int,int):2224:91134:str.length() <= pos + len |==> str.length() < pos + len
909:ROR:<=(int,int):==(int,int):org.apache.commons.lang3.StringUtils@mid(java.lang.String,int,int):2224:91134:str.length() <= pos + len |==> str.length() == pos + len
910:ROR:<=(int,int):TRUE(int,int):org.apache.commons.lang3.StringUtils@mid(java.lang.String,int,int):2224:91147:str.length() <= pos + len |==> true
911:AOR:+(int,int):%(int,int):org.apache.commons.lang3.StringUtils@mid(java.lang.String,int,int):2227:91246:pos + len |==> pos % len
912:AOR:+(int,int):*(int,int):org.apache.commons.lang3.StringUtils@mid(java.lang.String,int,int):2227:91246:pos + len |==> pos * len
913:AOR:+(int,int):-(int,int):org.apache.commons.lang3.StringUtils@mid(java.lang.String,int,int):2227:91246:pos + len |==> pos - len
914:AOR:+(int,int):/(int,int):org.apache.commons.lang3.StringUtils@mid(java.lang.String,int,int):2227:91246:pos + len |==> pos / len
915:ROR:==(java.lang.Object,java.lang.Object):FALSE(java.lang.Object,java.lang.Object):org.apache.commons.lang3.StringUtils@substringBefore(java.lang.String,java.lang.String):2260:92645:separator == null |==> false
916:COR:||(boolean,boolean):!=(boolean,boolean):org.apache.commons.lang3.StringUtils@substringBefore(java.lang.String,java.lang.String):2260:92619:isEmpty(str) || separator == null |==> isEmpty(str) != (separator == null)
917:COR:||(boolean,boolean):LHS(boolean,boolean):org.apache.commons.lang3.StringUtils@substringBefore(java.lang.String,java.lang.String):2260:92619:isEmpty(str) || separator == null |==> isEmpty(str)
918:COR:||(boolean,boolean):RHS(boolean,boolean):org.apache.commons.lang3.StringUtils@substringBefore(java.lang.String,java.lang.String):2260:92635:isEmpty(str) || separator == null |==> separator == null
919:COR:||(boolean,boolean):TRUE(boolean,boolean):org.apache.commons.lang3.StringUtils@substringBefore(java.lang.String,java.lang.String):2260:92632:isEmpty(str) || separator == null |==> true
920:LVR:0:POS:org.apache.commons.lang3.StringUtils@substringBefore(java.lang.String,java.lang.String):2263:92724:0 |==> 1
921:LVR:0:NEG:org.apache.commons.lang3.StringUtils@substringBefore(java.lang.String,java.lang.String):2263:92724:0 |==> -1
922:ROR:==(int,int):>=(int,int):org.apache.commons.lang3.StringUtils@substringBefore(java.lang.String,java.lang.String):2263:92702:separator.length() == 0 |==> separator.length() >= 0
923:ROR:==(int,int):FALSE(int,int):org.apache.commons.lang3.StringUtils@substringBefore(java.lang.String,java.lang.String):2263:92721:separator.length() == 0 |==> false
924:ROR:==(int,int):<=(int,int):org.apache.commons.lang3.StringUtils@substringBefore(java.lang.String,java.lang.String):2267:92819:pos == INDEX_NOT_FOUND |==> pos <= INDEX_NOT_FOUND
925:ROR:==(int,int):>=(int,int):org.apache.commons.lang3.StringUtils@substringBefore(java.lang.String,java.lang.String):2267:92819:pos == INDEX_NOT_FOUND |==> pos >= INDEX_NOT_FOUND
926:ROR:==(int,int):FALSE(int,int):org.apache.commons.lang3.StringUtils@substringBefore(java.lang.String,java.lang.String):2267:92823:pos == INDEX_NOT_FOUND |==> false
927:LVR:0:POS:org.apache.commons.lang3.StringUtils@substringBefore(java.lang.String,java.lang.String):2270:92908:0 |==> 1
928:LVR:0:NEG:org.apache.commons.lang3.StringUtils@substringBefore(java.lang.String,java.lang.String):2270:92908:0 |==> -1
929:COR:<METHOD_INVOCATION(boolean)>:FALSE:org.apache.commons.lang3.StringUtils@substringAfter(java.lang.String,java.lang.String):2302:94204:isEmpty(str) |==> false
930:COR:<METHOD_INVOCATION(boolean)>:TRUE:org.apache.commons.lang3.StringUtils@substringAfter(java.lang.String,java.lang.String):2302:94204:isEmpty(str) |==> true
931:ROR:==(java.lang.Object,java.lang.Object):FALSE(java.lang.Object,java.lang.Object):org.apache.commons.lang3.StringUtils@substringAfter(java.lang.String,java.lang.String):2305:94269:separator == null |==> false
932:ROR:==(int,int):<=(int,int):org.apache.commons.lang3.StringUtils@substringAfter(java.lang.String,java.lang.String):2309:94370:pos == INDEX_NOT_FOUND |==> pos <= INDEX_NOT_FOUND
933:ROR:==(int,int):>=(int,int):org.apache.commons.lang3.StringUtils@substringAfter(java.lang.String,java.lang.String):2309:94370:pos == INDEX_NOT_FOUND |==> pos >= INDEX_NOT_FOUND
934:ROR:==(int,int):FALSE(int,int):org.apache.commons.lang3.StringUtils@substringAfter(java.lang.String,java.lang.String):2309:94374:pos == INDEX_NOT_FOUND |==> false
935:AOR:+(int,int):%(int,int):org.apache.commons.lang3.StringUtils@substringAfter(java.lang.String,java.lang.String):2312:94461:pos + separator.length() |==> pos % separator.length()
936:AOR:+(int,int):*(int,int):org.apache.commons.lang3.StringUtils@substringAfter(java.lang.String,java.lang.String):2312:94461:pos + separator.length() |==> pos * separator.length()
937:AOR:+(int,int):-(int,int):org.apache.commons.lang3.StringUtils@substringAfter(java.lang.String,java.lang.String):2312:94461:pos + separator.length() |==> pos - separator.length()
938:AOR:+(int,int):/(int,int):org.apache.commons.lang3.StringUtils@substringAfter(java.lang.String,java.lang.String):2312:94461:pos + separator.length() |==> pos / separator.length()
939:COR:||(boolean,boolean):!=(boolean,boolean):org.apache.commons.lang3.StringUtils@substringBeforeLast(java.lang.String,java.lang.String):2343:95776:isEmpty(str) || isEmpty(separator) |==> isEmpty(str) != isEmpty(separator)
940:COR:||(boolean,boolean):LHS(boolean,boolean):org.apache.commons.lang3.StringUtils@substringBeforeLast(java.lang.String,java.lang.String):2343:95776:isEmpty(str) || isEmpty(separator) |==> isEmpty(str)
941:COR:||(boolean,boolean):RHS(boolean,boolean):org.apache.commons.lang3.StringUtils@substringBeforeLast(java.lang.String,java.lang.String):2343:95792:isEmpty(str) || isEmpty(separator) |==> isEmpty(separator)
942:COR:||(boolean,boolean):TRUE(boolean,boolean):org.apache.commons.lang3.StringUtils@substringBeforeLast(java.lang.String,java.lang.String):2343:95789:isEmpty(str) || isEmpty(separator) |==> true
943:ROR:==(int,int):<=(int,int):org.apache.commons.lang3.StringUtils@substringBeforeLast(java.lang.String,java.lang.String):2347:95906:pos == INDEX_NOT_FOUND |==> pos <= INDEX_NOT_FOUND
944:ROR:==(int,int):>=(int,int):org.apache.commons.lang3.StringUtils@substringBeforeLast(java.lang.String,java.lang.String):2347:95906:pos == INDEX_NOT_FOUND |==> pos >= INDEX_NOT_FOUND
945:ROR:==(int,int):FALSE(int,int):org.apache.commons.lang3.StringUtils@substringBeforeLast(java.lang.String,java.lang.String):2347:95910:pos == INDEX_NOT_FOUND |==> false
946:LVR:0:POS:org.apache.commons.lang3.StringUtils@substringBeforeLast(java.lang.String,java.lang.String):2350:95995:0 |==> 1
947:LVR:0:NEG:org.apache.commons.lang3.StringUtils@substringBeforeLast(java.lang.String,java.lang.String):2350:95995:0 |==> -1
948:COR:<METHOD_INVOCATION(boolean)>:FALSE:org.apache.commons.lang3.StringUtils@substringAfterLast(java.lang.String,java.lang.String):2383:97387:isEmpty(str) |==> false
949:COR:<METHOD_INVOCATION(boolean)>:TRUE:org.apache.commons.lang3.StringUtils@substringAfterLast(java.lang.String,java.lang.String):2383:97387:isEmpty(str) |==> true
950:COR:<METHOD_INVOCATION(boolean)>:FALSE:org.apache.commons.lang3.StringUtils@substringAfterLast(java.lang.String,java.lang.String):2386:97449:isEmpty(separator) |==> false
951:COR:<METHOD_INVOCATION(boolean)>:TRUE:org.apache.commons.lang3.StringUtils@substringAfterLast(java.lang.String,java.lang.String):2386:97449:isEmpty(separator) |==> true
952:ROR:==(int,int):<=(int,int):org.apache.commons.lang3.StringUtils@substringAfterLast(java.lang.String,java.lang.String):2390:97558:pos == INDEX_NOT_FOUND |==> pos <= INDEX_NOT_FOUND
953:ROR:==(int,int):>=(int,int):org.apache.commons.lang3.StringUtils@substringAfterLast(java.lang.String,java.lang.String):2390:97558:pos == INDEX_NOT_FOUND |==> pos >= INDEX_NOT_FOUND
954:ROR:==(int,int):FALSE(int,int):org.apache.commons.lang3.StringUtils@substringAfterLast(java.lang.String,java.lang.String):2390:97562:pos == INDEX_NOT_FOUND |==> false
955:AOR:-(int,int):%(int,int):org.apache.commons.lang3.StringUtils@substringAfterLast(java.lang.String,java.lang.String):2390:97591:str.length() - separator.length() |==> str.length() % separator.length()
956:AOR:-(int,int):*(int,int):org.apache.commons.lang3.StringUtils@substringAfterLast(java.lang.String,java.lang.String):2390:97591:str.length() - separator.length() |==> str.length() * separator.length()
957:AOR:-(int,int):+(int,int):org.apache.commons.lang3.StringUtils@substringAfterLast(java.lang.String,java.lang.String):2390:97591:str.length() - separator.length() |==> str.length() + separator.length()
958:AOR:-(int,int):/(int,int):org.apache.commons.lang3.StringUtils@substringAfterLast(java.lang.String,java.lang.String):2390:97591:str.length() - separator.length() |==> str.length() / separator.length()
959:ROR:==(int,int):<=(int,int):org.apache.commons.lang3.StringUtils@substringAfterLast(java.lang.String,java.lang.String):2390:97584:pos == str.length() - separator.length() |==> pos <= str.length() - separator.length()
960:ROR:==(int,int):>=(int,int):org.apache.commons.lang3.StringUtils@substringAfterLast(java.lang.String,java.lang.String):2390:97584:pos == str.length() - separator.length() |==> pos >= str.length() - separator.length()
961:ROR:==(int,int):FALSE(int,int):org.apache.commons.lang3.StringUtils@substringAfterLast(java.lang.String,java.lang.String):2390:97588:pos == str.length() - separator.length() |==> false
962:COR:||(boolean,boolean):!=(boolean,boolean):org.apache.commons.lang3.StringUtils@substringAfterLast(java.lang.String,java.lang.String):2390:97558:pos == INDEX_NOT_FOUND || pos == str.length() - separator.length() |==> pos == INDEX_NOT_FOUND != (pos == str.length() - separator.length())
963:COR:||(boolean,boolean):LHS(boolean,boolean):org.apache.commons.lang3.StringUtils@substringAfterLast(java.lang.String,java.lang.String):2390:97558:pos == INDEX_NOT_FOUND || pos == str.length() - separator.length() |==> pos == INDEX_NOT_FOUND
964:COR:||(boolean,boolean):RHS(boolean,boolean):org.apache.commons.lang3.StringUtils@substringAfterLast(java.lang.String,java.lang.String):2390:97584:pos == INDEX_NOT_FOUND || pos == str.length() - separator.length() |==> pos == str.length() - separator.length()
965:COR:||(boolean,boolean):TRUE(boolean,boolean):org.apache.commons.lang3.StringUtils@substringAfterLast(java.lang.String,java.lang.String):2390:97581:pos == INDEX_NOT_FOUND || pos == str.length() - separator.length() |==> true
966:AOR:+(int,int):%(int,int):org.apache.commons.lang3.StringUtils@substringAfterLast(java.lang.String,java.lang.String):2393:97693:pos + separator.length() |==> pos % separator.length()
967:AOR:+(int,int):*(int,int):org.apache.commons.lang3.StringUtils@substringAfterLast(java.lang.String,java.lang.String):2393:97693:pos + separator.length() |==> pos * separator.length()
968:AOR:+(int,int):-(int,int):org.apache.commons.lang3.StringUtils@substringAfterLast(java.lang.String,java.lang.String):2393:97693:pos + separator.length() |==> pos - separator.length()
969:AOR:+(int,int):/(int,int):org.apache.commons.lang3.StringUtils@substringAfterLast(java.lang.String,java.lang.String):2393:97693:pos + separator.length() |==> pos / separator.length()
970:ROR:==(java.lang.Object,java.lang.Object):FALSE(java.lang.Object,java.lang.Object):org.apache.commons.lang3.StringUtils@substringBetween(java.lang.String,java.lang.String,java.lang.String):2451:100193:str == null |==> false
971:ROR:==(java.lang.Object,java.lang.Object):FALSE(java.lang.Object,java.lang.Object):org.apache.commons.lang3.StringUtils@substringBetween(java.lang.String,java.lang.String,java.lang.String):2451:100209:open == null |==> false
972:COR:||(boolean,boolean):!=(boolean,boolean):org.apache.commons.lang3.StringUtils@substringBetween(java.lang.String,java.lang.String,java.lang.String):2451:100189:str == null || open == null |==> str == null != (open == null)
973:COR:||(boolean,boolean):LHS(boolean,boolean):org.apache.commons.lang3.StringUtils@substringBetween(java.lang.String,java.lang.String,java.lang.String):2451:100189:str == null || open == null |==> str == null
974:COR:||(boolean,boolean):RHS(boolean,boolean):org.apache.commons.lang3.StringUtils@substringBetween(java.lang.String,java.lang.String,java.lang.String):2451:100204:str == null || open == null |==> open == null
975:COR:||(boolean,boolean):TRUE(boolean,boolean):org.apache.commons.lang3.StringUtils@substringBetween(java.lang.String,java.lang.String,java.lang.String):2451:100201:str == null || open == null |==> true
976:ROR:==(java.lang.Object,java.lang.Object):FALSE(java.lang.Object,java.lang.Object):org.apache.commons.lang3.StringUtils@substringBetween(java.lang.String,java.lang.String,java.lang.String):2451:100226:close == null |==> false
977:COR:||(boolean,boolean):!=(boolean,boolean):org.apache.commons.lang3.StringUtils@substringBetween(java.lang.String,java.lang.String,java.lang.String):2451:100189:str == null || open == null || close == null |==> (str == null || open == null) != (close == null)
978:COR:||(boolean,boolean):LHS(boolean,boolean):org.apache.commons.lang3.StringUtils@substringBetween(java.lang.String,java.lang.String,java.lang.String):2451:100189:str == null || open == null || close == null |==> str == null || open == null
979:COR:||(boolean,boolean):RHS(boolean,boolean):org.apache.commons.lang3.StringUtils@substringBetween(java.lang.String,java.lang.String,java.lang.String):2451:100220:str == null || open == null || close == null |==> close == null
980:COR:||(boolean,boolean):TRUE(boolean,boolean):org.apache.commons.lang3.StringUtils@substringBetween(java.lang.String,java.lang.String,java.lang.String):2451:100217:str == null || open == null || close == null |==> true
981:ROR:!=(int,int):<(int,int):org.apache.commons.lang3.StringUtils@substringBetween(java.lang.String,java.lang.String,java.lang.String):2455:100323:start != INDEX_NOT_FOUND |==> start < INDEX_NOT_FOUND
982:ROR:!=(int,int):>(int,int):org.apache.commons.lang3.StringUtils@substringBetween(java.lang.String,java.lang.String,java.lang.String):2455:100323:start != INDEX_NOT_FOUND |==> start > INDEX_NOT_FOUND
983:ROR:!=(int,int):TRUE(int,int):org.apache.commons.lang3.StringUtils@substringBetween(java.lang.String,java.lang.String,java.lang.String):2455:100329:start != INDEX_NOT_FOUND |==> true
984:AOR:+(int,int):%(int,int):org.apache.commons.lang3.StringUtils@substringBetween(java.lang.String,java.lang.String,java.lang.String):2456:100392:start + open.length() |==> start % open.length()
985:AOR:+(int,int):*(int,int):org.apache.commons.lang3.StringUtils@substringBetween(java.lang.String,java.lang.String,java.lang.String):2456:100392:start + open.length() |==> start * open.length()
986:AOR:+(int,int):-(int,int):org.apache.commons.lang3.StringUtils@substringBetween(java.lang.String,java.lang.String,java.lang.String):2456:100392:start + open.length() |==> start - open.length()
987:AOR:+(int,int):/(int,int):org.apache.commons.lang3.StringUtils@substringBetween(java.lang.String,java.lang.String,java.lang.String):2456:100392:start + open.length() |==> start / open.length()
988:ROR:!=(int,int):<(int,int):org.apache.commons.lang3.StringUtils@substringBetween(java.lang.String,java.lang.String,java.lang.String):2457:100432:end != INDEX_NOT_FOUND |==> end < INDEX_NOT_FOUND
989:ROR:!=(int,int):>(int,int):org.apache.commons.lang3.StringUtils@substringBetween(java.lang.String,java.lang.String,java.lang.String):2457:100432:end != INDEX_NOT_FOUND |==> end > INDEX_NOT_FOUND
990:ROR:!=(int,int):TRUE(int,int):org.apache.commons.lang3.StringUtils@substringBetween(java.lang.String,java.lang.String,java.lang.String):2457:100436:end != INDEX_NOT_FOUND |==> true
991:AOR:+(int,int):%(int,int):org.apache.commons.lang3.StringUtils@substringBetween(java.lang.String,java.lang.String,java.lang.String):2458:100495:start + open.length() |==> start % open.length()
992:AOR:+(int,int):*(int,int):org.apache.commons.lang3.StringUtils@substringBetween(java.lang.String,java.lang.String,java.lang.String):2458:100495:start + open.length() |==> start * open.length()
993:AOR:+(int,int):-(int,int):org.apache.commons.lang3.StringUtils@substringBetween(java.lang.String,java.lang.String,java.lang.String):2458:100495:start + open.length() |==> start - open.length()
994:AOR:+(int,int):/(int,int):org.apache.commons.lang3.StringUtils@substringBetween(java.lang.String,java.lang.String,java.lang.String):2458:100495:start + open.length() |==> start / open.length()
995:ROR:==(java.lang.Object,java.lang.Object):FALSE(java.lang.Object,java.lang.Object):org.apache.commons.lang3.StringUtils@substringsBetween(java.lang.String,java.lang.String,java.lang.String):2487:101780:str == null |==> false
996:COR:||(boolean,boolean):!=(boolean,boolean):org.apache.commons.lang3.StringUtils@substringsBetween(java.lang.String,java.lang.String,java.lang.String):2487:101776:str == null || isEmpty(open) |==> str == null != isEmpty(open)
997:COR:||(boolean,boolean):LHS(boolean,boolean):org.apache.commons.lang3.StringUtils@substringsBetween(java.lang.String,java.lang.String,java.lang.String):2487:101776:str == null || isEmpty(open) |==> str == null
998:COR:||(boolean,boolean):RHS(boolean,boolean):org.apache.commons.lang3.StringUtils@substringsBetween(java.lang.String,java.lang.String,java.lang.String):2487:101791:str == null || isEmpty(open) |==> isEmpty(open)
999:COR:||(boolean,boolean):TRUE(boolean,boolean):org.apache.commons.lang3.StringUtils@substringsBetween(java.lang.String,java.lang.String,java.lang.String):2487:101788:str == null || isEmpty(open) |==> true
1000:COR:||(boolean,boolean):!=(boolean,boolean):org.apache.commons.lang3.StringUtils@substringsBetween(java.lang.String,java.lang.String,java.lang.String):2487:101776:str == null || isEmpty(open) || isEmpty(close) |==> (str == null || isEmpty(open)) != isEmpty(close)
1001:COR:||(boolean,boolean):LHS(boolean,boolean):org.apache.commons.lang3.StringUtils@substringsBetween(java.lang.String,java.lang.String,java.lang.String):2487:101776:str == null || isEmpty(open) || isEmpty(close) |==> str == null || isEmpty(open)
1002:COR:||(boolean,boolean):RHS(boolean,boolean):org.apache.commons.lang3.StringUtils@substringsBetween(java.lang.String,java.lang.String,java.lang.String):2487:101808:str == null || isEmpty(open) || isEmpty(close) |==> isEmpty(close)
1003:COR:||(boolean,boolean):TRUE(boolean,boolean):org.apache.commons.lang3.StringUtils@substringsBetween(java.lang.String,java.lang.String,java.lang.String):2487:101805:str == null || isEmpty(open) || isEmpty(close) |==> true
1004:LVR:0:POS:org.apache.commons.lang3.StringUtils@substringsBetween(java.lang.String,java.lang.String,java.lang.String):2491:101918:0 |==> 1
1005:LVR:0:NEG:org.apache.commons.lang3.StringUtils@substringsBetween(java.lang.String,java.lang.String,java.lang.String):2491:101918:0 |==> -1
1006:ROR:==(int,int):<=(int,int):org.apache.commons.lang3.StringUtils@substringsBetween(java.lang.String,java.lang.String,java.lang.String):2491:101908:strLen == 0 |==> strLen <= 0
1007:ROR:==(int,int):>=(int,int):org.apache.commons.lang3.StringUtils@substringsBetween(java.lang.String,java.lang.String,java.lang.String):2491:101908:strLen == 0 |==> strLen >= 0
1008:ROR:==(int,int):FALSE(int,int):org.apache.commons.lang3.StringUtils@substringsBetween(java.lang.String,java.lang.String,java.lang.String):2491:101915:strLen == 0 |==> false
1009:LVR:0:POS:org.apache.commons.lang3.StringUtils@substringsBetween(java.lang.String,java.lang.String,java.lang.String):2497:102130:0 |==> 1
1010:LVR:0:NEG:org.apache.commons.lang3.StringUtils@substringsBetween(java.lang.String,java.lang.String,java.lang.String):2497:102130:0 |==> -1
1011:AOR:-(int,int):%(int,int):org.apache.commons.lang3.StringUtils@substringsBetween(java.lang.String,java.lang.String,java.lang.String):2498:102154:strLen - closeLen |==> strLen % closeLen
1012:AOR:-(int,int):*(int,int):org.apache.commons.lang3.StringUtils@substringsBetween(java.lang.String,java.lang.String,java.lang.String):2498:102154:strLen - closeLen |==> strLen * closeLen
1013:AOR:-(int,int):+(int,int):org.apache.commons.lang3.StringUtils@substringsBetween(java.lang.String,java.lang.String,java.lang.String):2498:102154:strLen - closeLen |==> strLen + closeLen
1014:AOR:-(int,int):/(int,int):org.apache.commons.lang3.StringUtils@substringsBetween(java.lang.String,java.lang.String,java.lang.String):2498:102154:strLen - closeLen |==> strLen / closeLen
1015:ROR:<(int,int):!=(int,int):org.apache.commons.lang3.StringUtils@substringsBetween(java.lang.String,java.lang.String,java.lang.String):2498:102148:pos < strLen - closeLen |==> pos != strLen - closeLen
1016:ROR:<(int,int):<=(int,int):org.apache.commons.lang3.StringUtils@substringsBetween(java.lang.String,java.lang.String,java.lang.String):2498:102148:pos < strLen - closeLen |==> pos <= strLen - closeLen
1017:ROR:<(int,int):FALSE(int,int):org.apache.commons.lang3.StringUtils@substringsBetween(java.lang.String,java.lang.String,java.lang.String):2498:102152:pos < strLen - closeLen |==> false
1018:LVR:0:POS:org.apache.commons.lang3.StringUtils@substringsBetween(java.lang.String,java.lang.String,java.lang.String):2500:102247:0 |==> 1
1019:LVR:0:NEG:org.apache.commons.lang3.StringUtils@substringsBetween(java.lang.String,java.lang.String,java.lang.String):2500:102247:0 |==> -1
1020:ROR:<(int,int):!=(int,int):org.apache.commons.lang3.StringUtils@substringsBetween(java.lang.String,java.lang.String,java.lang.String):2500:102239:start < 0 |==> start != 0
1021:ROR:<(int,int):<=(int,int):org.apache.commons.lang3.StringUtils@substringsBetween(java.lang.String,java.lang.String,java.lang.String):2500:102239:start < 0 |==> start <= 0
1022:ROR:<(int,int):FALSE(int,int):org.apache.commons.lang3.StringUtils@substringsBetween(java.lang.String,java.lang.String,java.lang.String):2500:102245:start < 0 |==> false
1023:STD:<ASSIGN>:<NO-OP>:org.apache.commons.lang3.StringUtils@substringsBetween(java.lang.String,java.lang.String,java.lang.String):2503:102301:start += openLen; |==> <NO-OP>
1024:LVR:0:POS:org.apache.commons.lang3.StringUtils@substringsBetween(java.lang.String,java.lang.String,java.lang.String):2505:102390:0 |==> 1
1025:LVR:0:NEG:org.apache.commons.lang3.StringUtils@substringsBetween(java.lang.String,java.lang.String,java.lang.String):2505:102390:0 |==> -1
1026:ROR:<(int,int):!=(int,int):org.apache.commons.lang3.StringUtils@substringsBetween(java.lang.String,java.lang.String,java.lang.String):2505:102384:end < 0 |==> end != 0
1027:ROR:<(int,int):<=(int,int):org.apache.commons.lang3.StringUtils@substringsBetween(java.lang.String,java.lang.String,java.lang.String):2505:102384:end < 0 |==> end <= 0
1028:ROR:<(int,int):FALSE(int,int):org.apache.commons.lang3.StringUtils@substringsBetween(java.lang.String,java.lang.String,java.lang.String):2505:102388:end < 0 |==> false
1029:STD:<CALL>:<NO-OP>:org.apache.commons.lang3.StringUtils@substringsBetween(java.lang.String,java.lang.String,java.lang.String):2508:102444:list.add(str.substring(start, end)); |==> <NO-OP>
1030:AOR:+(int,int):%(int,int):org.apache.commons.lang3.StringUtils@substringsBetween(java.lang.String,java.lang.String,java.lang.String):2509:102499:end + closeLen |==> end % closeLen
1031:AOR:+(int,int):*(int,int):org.apache.commons.lang3.StringUtils@substringsBetween(java.lang.String,java.lang.String,java.lang.String):2509:102499:end + closeLen |==> end * closeLen
1032:AOR:+(int,int):-(int,int):org.apache.commons.lang3.StringUtils@substringsBetween(java.lang.String,java.lang.String,java.lang.String):2509:102499:end + closeLen |==> end - closeLen
1033:AOR:+(int,int):/(int,int):org.apache.commons.lang3.StringUtils@substringsBetween(java.lang.String,java.lang.String,java.lang.String):2509:102499:end + closeLen |==> end / closeLen
1034:STD:<ASSIGN>:<NO-OP>:org.apache.commons.lang3.StringUtils@substringsBetween(java.lang.String,java.lang.String,java.lang.String):2509:102493:pos = end + closeLen; |==> <NO-OP>
1035:COR:<METHOD_INVOCATION(boolean)>:FALSE:org.apache.commons.lang3.StringUtils@substringsBetween(java.lang.String,java.lang.String,java.lang.String):2511:102549:list.isEmpty() |==> false
1036:COR:<METHOD_INVOCATION(boolean)>:TRUE:org.apache.commons.lang3.StringUtils@substringsBetween(java.lang.String,java.lang.String,java.lang.String):2511:102549:list.isEmpty() |==> true
1037:LVR:NEG:0:org.apache.commons.lang3.StringUtils@split(java.lang.String):2545:103799:-1 |==> 0
1038:LVR:NEG:POS:org.apache.commons.lang3.StringUtils@split(java.lang.String):2545:103799:-1 |==> 1
1039:LVR:FALSE:TRUE:org.apache.commons.lang3.StringUtils@split(java.lang.String,char):2573:104931:false |==> true
1040:LVR:NEG:0:org.apache.commons.lang3.StringUtils@split(java.lang.String,java.lang.String):2602:106164:-1 |==> 0
1041:LVR:NEG:POS:org.apache.commons.lang3.StringUtils@split(java.lang.String,java.lang.String):2602:106164:-1 |==> 1
1042:LVR:FALSE:TRUE:org.apache.commons.lang3.StringUtils@split(java.lang.String,java.lang.String):2602:106168:false |==> true
1043:LVR:FALSE:TRUE:org.apache.commons.lang3.StringUtils@split(java.lang.String,java.lang.String,int):2636:107715:false |==> true
1044:LVR:NEG:0:org.apache.commons.lang3.StringUtils@splitByWholeSeparator(java.lang.String,java.lang.String):2663:109017:-1 |==> 0
1045:LVR:NEG:POS:org.apache.commons.lang3.StringUtils@splitByWholeSeparator(java.lang.String,java.lang.String):2663:109017:-1 |==> 1
1046:LVR:FALSE:TRUE:org.apache.commons.lang3.StringUtils@splitByWholeSeparator(java.lang.String,java.lang.String):2663:109021:false |==> true
1047:LVR:FALSE:TRUE:org.apache.commons.lang3.StringUtils@splitByWholeSeparator(java.lang.String,java.lang.String,int):2694:110629:false |==> true
1048:LVR:NEG:0:org.apache.commons.lang3.StringUtils@splitByWholeSeparatorPreserveAllTokens(java.lang.String,java.lang.String):2723:112149:-1 |==> 0
1049:LVR:NEG:POS:org.apache.commons.lang3.StringUtils@splitByWholeSeparatorPreserveAllTokens(java.lang.String,java.lang.String):2723:112149:-1 |==> 1
1050:LVR:TRUE:FALSE:org.apache.commons.lang3.StringUtils@splitByWholeSeparatorPreserveAllTokens(java.lang.String,java.lang.String):2723:112153:true |==> false
1051:LVR:TRUE:FALSE:org.apache.commons.lang3.StringUtils@splitByWholeSeparatorPreserveAllTokens(java.lang.String,java.lang.String,int):2756:113991:true |==> false
1052:ROR:==(java.lang.Object,java.lang.Object):FALSE(java.lang.Object,java.lang.Object):org.apache.commons.lang3.StringUtils@splitByWholeSeparatorWorker(java.lang.String,java.lang.String,int,boolean):2775:114874:str == null |==> false
1053:LVR:0:POS:org.apache.commons.lang3.StringUtils@splitByWholeSeparatorWorker(java.lang.String,java.lang.String,int,boolean):2781:114973:0 |==> 1
1054:LVR:0:NEG:org.apache.commons.lang3.StringUtils@splitByWholeSeparatorWorker(java.lang.String,java.lang.String,int,boolean):2781:114973:0 |==> -1
1055:ROR:==(int,int):<=(int,int):org.apache.commons.lang3.StringUtils@splitByWholeSeparatorWorker(java.lang.String,java.lang.String,int,boolean):2781:114966:len == 0 |==> len <= 0
1056:ROR:==(int,int):>=(int,int):org.apache.commons.lang3.StringUtils@splitByWholeSeparatorWorker(java.lang.String,java.lang.String,int,boolean):2781:114966:len == 0 |==> len >= 0
1057:ROR:==(int,int):FALSE(int,int):org.apache.commons.lang3.StringUtils@splitByWholeSeparatorWorker(java.lang.String,java.lang.String,int,boolean):2781:114970:len == 0 |==> false
1058:ROR:==(java.lang.Object,java.lang.Object):FALSE(java.lang.Object,java.lang.Object):org.apache.commons.lang3.StringUtils@splitByWholeSeparatorWorker(java.lang.String,java.lang.String,int,boolean):2785:115061:separator == null |==> false
1059:COR:||(boolean,boolean):!=(boolean,boolean):org.apache.commons.lang3.StringUtils@splitByWholeSeparatorWorker(java.lang.String,java.lang.String,int,boolean):2785:115051:separator == null || EMPTY.equals(separator) |==> separator == null != EMPTY.equals(separator)
1060:COR:||(boolean,boolean):LHS(boolean,boolean):org.apache.commons.lang3.StringUtils@splitByWholeSeparatorWorker(java.lang.String,java.lang.String,int,boolean):2785:115051:separator == null || EMPTY.equals(separator) |==> separator == null
1061:COR:||(boolean,boolean):RHS(boolean,boolean):org.apache.commons.lang3.StringUtils@splitByWholeSeparatorWorker(java.lang.String,java.lang.String,int,boolean):2785:115072:separator == null || EMPTY.equals(separator) |==> EMPTY.equals(separator)
1062:COR:||(boolean,boolean):TRUE(boolean,boolean):org.apache.commons.lang3.StringUtils@splitByWholeSeparatorWorker(java.lang.String,java.lang.String,int,boolean):2785:115069:separator == null || EMPTY.equals(separator) |==> true
1063:LVR:0:POS:org.apache.commons.lang3.StringUtils@splitByWholeSeparatorWorker(java.lang.String,java.lang.String,int,boolean):2793:115361:0 |==> 1
1064:LVR:0:NEG:org.apache.commons.lang3.StringUtils@splitByWholeSeparatorWorker(java.lang.String,java.lang.String,int,boolean):2793:115361:0 |==> -1
1065:LVR:0:POS:org.apache.commons.lang3.StringUtils@splitByWholeSeparatorWorker(java.lang.String,java.lang.String,int,boolean):2794:115382:0 |==> 1
1066:LVR:0:NEG:org.apache.commons.lang3.StringUtils@splitByWholeSeparatorWorker(java.lang.String,java.lang.String,int,boolean):2794:115382:0 |==> -1
1067:LVR:0:POS:org.apache.commons.lang3.StringUtils@splitByWholeSeparatorWorker(java.lang.String,java.lang.String,int,boolean):2795:115403:0 |==> 1
1068:LVR:0:NEG:org.apache.commons.lang3.StringUtils@splitByWholeSeparatorWorker(java.lang.String,java.lang.String,int,boolean):2795:115403:0 |==> -1
1069:ROR:<(int,int):!=(int,int):org.apache.commons.lang3.StringUtils@splitByWholeSeparatorWorker(java.lang.String,java.lang.String,int,boolean):2796:115421:end < len |==> end != len
1070:ROR:<(int,int):<=(int,int):org.apache.commons.lang3.StringUtils@splitByWholeSeparatorWorker(java.lang.String,java.lang.String,int,boolean):2796:115421:end < len |==> end <= len
1071:ROR:<(int,int):FALSE(int,int):org.apache.commons.lang3.StringUtils@splitByWholeSeparatorWorker(java.lang.String,java.lang.String,int,boolean):2796:115425:end < len |==> false
1072:STD:<ASSIGN>:<NO-OP>:org.apache.commons.lang3.StringUtils@splitByWholeSeparatorWorker(java.lang.String,java.lang.String,int,boolean):2797:115446:end = str.indexOf(separator, beg); |==> <NO-OP>
1073:LVR:NEG:0:org.apache.commons.lang3.StringUtils@splitByWholeSeparatorWorker(java.lang.String,java.lang.String,int,boolean):2799:115504:-1 |==> 0
1074:LVR:NEG:POS:org.apache.commons.lang3.StringUtils@splitByWholeSeparatorWorker(java.lang.String,java.lang.String,int,boolean):2799:115504:-1 |==> 1
1075:ROR:>(int,int):!=(int,int):org.apache.commons.lang3.StringUtils@splitByWholeSeparatorWorker(java.lang.String,java.lang.String,int,boolean):2799:115498:end > -1 |==> end != -1
1076:ROR:>(int,int):>=(int,int):org.apache.commons.lang3.StringUtils@splitByWholeSeparatorWorker(java.lang.String,java.lang.String,int,boolean):2799:115498:end > -1 |==> end >= -1
1077:ROR:>(int,int):FALSE(int,int):org.apache.commons.lang3.StringUtils@splitByWholeSeparatorWorker(java.lang.String,java.lang.String,int,boolean):2799:115502:end > -1 |==> false
1078:ROR:>(int,int):!=(int,int):org.apache.commons.lang3.StringUtils@splitByWholeSeparatorWorker(java.lang.String,java.lang.String,int,boolean):2800:115530:end > beg |==> end != beg
1079:ROR:>(int,int):>=(int,int):org.apache.commons.lang3.StringUtils@splitByWholeSeparatorWorker(java.lang.String,java.lang.String,int,boolean):2800:115530:end > beg |==> end >= beg
1080:ROR:>(int,int):FALSE(int,int):org.apache.commons.lang3.StringUtils@splitByWholeSeparatorWorker(java.lang.String,java.lang.String,int,boolean):2800:115534:end > beg |==> false
1081:LVR:POS:0:org.apache.commons.lang3.StringUtils@splitByWholeSeparatorWorker(java.lang.String,java.lang.String,int,boolean):2801:115585:1 |==> 0
1082:LVR:POS:NEG:org.apache.commons.lang3.StringUtils@splitByWholeSeparatorWorker(java.lang.String,java.lang.String,int,boolean):2801:115585:1 |==> -1
1083:STD:<ASSIGN>:<NO-OP>:org.apache.commons.lang3.StringUtils@splitByWholeSeparatorWorker(java.lang.String,java.lang.String,int,boolean):2801:115563:numberOfSubstrings += 1; |==> <NO-OP>
1084:ROR:==(int,int):<=(int,int):org.apache.commons.lang3.StringUtils@splitByWholeSeparatorWorker(java.lang.String,java.lang.String,int,boolean):2803:115613:numberOfSubstrings == max |==> numberOfSubstrings <= max
1085:ROR:==(int,int):>=(int,int):org.apache.commons.lang3.StringUtils@splitByWholeSeparatorWorker(java.lang.String,java.lang.String,int,boolean):2803:115613:numberOfSubstrings == max |==> numberOfSubstrings >= max
1086:ROR:==(int,int):FALSE(int,int):org.apache.commons.lang3.StringUtils@splitByWholeSeparatorWorker(java.lang.String,java.lang.String,int,boolean):2803:115632:numberOfSubstrings == max |==> false
1087:STD:<ASSIGN>:<NO-OP>:org.apache.commons.lang3.StringUtils@splitByWholeSeparatorWorker(java.lang.String,java.lang.String,int,boolean):2804:115666:end = len; |==> <NO-OP>
1088:STD:<CALL>:<NO-OP>:org.apache.commons.lang3.StringUtils@splitByWholeSeparatorWorker(java.lang.String,java.lang.String,int,boolean):2805:115701:substrings.add(str.substring(beg)); |==> <NO-OP>
1089:STD:<CALL>:<NO-OP>:org.apache.commons.lang3.StringUtils@splitByWholeSeparatorWorker(java.lang.String,java.lang.String,int,boolean):2809:115948:substrings.add(str.substring(beg, end)); |==> <NO-OP>
1090:AOR:+(int,int):%(int,int):org.apache.commons.lang3.StringUtils@splitByWholeSeparatorWorker(java.lang.String,java.lang.String,int,boolean):2814:116247:end + separatorLength |==> end % separatorLength
1091:AOR:+(int,int):*(int,int):org.apache.commons.lang3.StringUtils@splitByWholeSeparatorWorker(java.lang.String,java.lang.String,int,boolean):2814:116247:end + separatorLength |==> end * separatorLength
1092:AOR:+(int,int):-(int,int):org.apache.commons.lang3.StringUtils@splitByWholeSeparatorWorker(java.lang.String,java.lang.String,int,boolean):2814:116247:end + separatorLength |==> end - separatorLength
1093:AOR:+(int,int):/(int,int):org.apache.commons.lang3.StringUtils@splitByWholeSeparatorWorker(java.lang.String,java.lang.String,int,boolean):2814:116247:end + separatorLength |==> end / separatorLength
1094:STD:<ASSIGN>:<NO-OP>:org.apache.commons.lang3.StringUtils@splitByWholeSeparatorWorker(java.lang.String,java.lang.String,int,boolean):2814:116241:beg = end + separatorLength; |==> <NO-OP>
1095:COR:<IDENTIFIER(boolean)>:FALSE:org.apache.commons.lang3.StringUtils@splitByWholeSeparatorWorker(java.lang.String,java.lang.String,int,boolean):2818:116428:preserveAllTokens |==> false
1096:COR:<IDENTIFIER(boolean)>:TRUE:org.apache.commons.lang3.StringUtils@splitByWholeSeparatorWorker(java.lang.String,java.lang.String,int,boolean):2818:116428:preserveAllTokens |==> true
1097:LVR:POS:0:org.apache.commons.lang3.StringUtils@splitByWholeSeparatorWorker(java.lang.String,java.lang.String,int,boolean):2819:116495:1 |==> 0
1098:LVR:POS:NEG:org.apache.commons.lang3.StringUtils@splitByWholeSeparatorWorker(java.lang.String,java.lang.String,int,boolean):2819:116495:1 |==> -1
1099:STD:<ASSIGN>:<NO-OP>:org.apache.commons.lang3.StringUtils@splitByWholeSeparatorWorker(java.lang.String,java.lang.String,int,boolean):2819:116473:numberOfSubstrings += 1; |==> <NO-OP>
1100:ROR:==(int,int):<=(int,int):org.apache.commons.lang3.StringUtils@splitByWholeSeparatorWorker(java.lang.String,java.lang.String,int,boolean):2820:116526:numberOfSubstrings == max |==> numberOfSubstrings <= max
1101:ROR:==(int,int):>=(int,int):org.apache.commons.lang3.StringUtils@splitByWholeSeparatorWorker(java.lang.String,java.lang.String,int,boolean):2820:116526:numberOfSubstrings == max |==> numberOfSubstrings >= max
1102:ROR:==(int,int):FALSE(int,int):org.apache.commons.lang3.StringUtils@splitByWholeSeparatorWorker(java.lang.String,java.lang.String,int,boolean):2820:116545:numberOfSubstrings == max |==> false
1103:STD:<ASSIGN>:<NO-OP>:org.apache.commons.lang3.StringUtils@splitByWholeSeparatorWorker(java.lang.String,java.lang.String,int,boolean):2821:116583:end = len; |==> <NO-OP>
1104:STD:<CALL>:<NO-OP>:org.apache.commons.lang3.StringUtils@splitByWholeSeparatorWorker(java.lang.String,java.lang.String,int,boolean):2822:116622:substrings.add(str.substring(beg)); |==> <NO-OP>
1105:STD:<CALL>:<NO-OP>:org.apache.commons.lang3.StringUtils@splitByWholeSeparatorWorker(java.lang.String,java.lang.String,int,boolean):2824:116719:substrings.add(EMPTY); |==> <NO-OP>
1106:AOR:+(int,int):%(int,int):org.apache.commons.lang3.StringUtils@splitByWholeSeparatorWorker(java.lang.String,java.lang.String,int,boolean):2827:116816:end + separatorLength |==> end % separatorLength
1107:AOR:+(int,int):*(int,int):org.apache.commons.lang3.StringUtils@splitByWholeSeparatorWorker(java.lang.String,java.lang.String,int,boolean):2827:116816:end + separatorLength |==> end * separatorLength
1108:AOR:+(int,int):-(int,int):org.apache.commons.lang3.StringUtils@splitByWholeSeparatorWorker(java.lang.String,java.lang.String,int,boolean):2827:116816:end + separatorLength |==> end - separatorLength
1109:AOR:+(int,int):/(int,int):org.apache.commons.lang3.StringUtils@splitByWholeSeparatorWorker(java.lang.String,java.lang.String,int,boolean):2827:116816:end + separatorLength |==> end / separatorLength
1110:STD:<ASSIGN>:<NO-OP>:org.apache.commons.lang3.StringUtils@splitByWholeSeparatorWorker(java.lang.String,java.lang.String,int,boolean):2827:116810:beg = end + separatorLength; |==> <NO-OP>
1111:STD:<CALL>:<NO-OP>:org.apache.commons.lang3.StringUtils@splitByWholeSeparatorWorker(java.lang.String,java.lang.String,int,boolean):2831:116979:substrings.add(str.substring(beg)); |==> <NO-OP>
1112:STD:<ASSIGN>:<NO-OP>:org.apache.commons.lang3.StringUtils@splitByWholeSeparatorWorker(java.lang.String,java.lang.String,int,boolean):2832:117031:end = len; |==> <NO-OP>
1113:LVR:NEG:0:org.apache.commons.lang3.StringUtils@splitPreserveAllTokens(java.lang.String):2865:118461:-1 |==> 0
1114:LVR:NEG:POS:org.apache.commons.lang3.StringUtils@splitPreserveAllTokens(java.lang.String):2865:118461:-1 |==> 1
1115:LVR:TRUE:FALSE:org.apache.commons.lang3.StringUtils@splitPreserveAllTokens(java.lang.String):2865:118465:true |==> false
1116:LVR:TRUE:FALSE:org.apache.commons.lang3.StringUtils@splitPreserveAllTokens(java.lang.String,char):2901:120364:true |==> false
1117:ROR:==(java.lang.Object,java.lang.Object):FALSE(java.lang.Object,java.lang.Object):org.apache.commons.lang3.StringUtils@splitWorker(java.lang.String,char,boolean):2919:121091:str == null |==> false
1118:LVR:0:POS:org.apache.commons.lang3.StringUtils@splitWorker(java.lang.String,char,boolean):2923:121188:0 |==> 1
1119:LVR:0:NEG:org.apache.commons.lang3.StringUtils@splitWorker(java.lang.String,char,boolean):2923:121188:0 |==> -1
1120:ROR:==(int,int):<=(int,int):org.apache.commons.lang3.StringUtils@splitWorker(java.lang.String,char,boolean):2923:121181:len == 0 |==> len <= 0
1121:ROR:==(int,int):>=(int,int):org.apache.commons.lang3.StringUtils@splitWorker(java.lang.String,char,boolean):2923:121181:len == 0 |==> len >= 0
1122:ROR:==(int,int):FALSE(int,int):org.apache.commons.lang3.StringUtils@splitWorker(java.lang.String,char,boolean):2923:121185:len == 0 |==> false
1123:LVR:0:POS:org.apache.commons.lang3.StringUtils@splitWorker(java.lang.String,char,boolean):2927:121322:0 |==> 1
1124:LVR:0:NEG:org.apache.commons.lang3.StringUtils@splitWorker(java.lang.String,char,boolean):2927:121322:0 |==> -1
1125:LVR:0:POS:org.apache.commons.lang3.StringUtils@splitWorker(java.lang.String,char,boolean):2927:121333:0 |==> 1
1126:LVR:0:NEG:org.apache.commons.lang3.StringUtils@splitWorker(java.lang.String,char,boolean):2927:121333:0 |==> -1
1127:LVR:FALSE:TRUE:org.apache.commons.lang3.StringUtils@splitWorker(java.lang.String,char,boolean):2928:121360:false |==> true
1128:LVR:FALSE:TRUE:org.apache.commons.lang3.StringUtils@splitWorker(java.lang.String,char,boolean):2929:121395:false |==> true
1129:ROR:<(int,int):!=(int,int):org.apache.commons.lang3.StringUtils@splitWorker(java.lang.String,char,boolean):2930:121417:i < len |==> i != len
1130:ROR:<(int,int):<=(int,int):org.apache.commons.lang3.StringUtils@splitWorker(java.lang.String,char,boolean):2930:121417:i < len |==> i <= len
1131:ROR:<(int,int):FALSE(int,int):org.apache.commons.lang3.StringUtils@splitWorker(java.lang.String,char,boolean):2930:121419:i < len |==> false
1132:ROR:==(int,int):<=(int,int):org.apache.commons.lang3.StringUtils@splitWorker(java.lang.String,char,boolean):2931:121444:str.charAt(i) == separatorChar |==> str.charAt(i) <= separatorChar
1133:ROR:==(int,int):>=(int,int):org.apache.commons.lang3.StringUtils@splitWorker(java.lang.String,char,boolean):2931:121444:str.charAt(i) == separatorChar |==> str.charAt(i) >= separatorChar
1134:ROR:==(int,int):FALSE(int,int):org.apache.commons.lang3.StringUtils@splitWorker(java.lang.String,char,boolean):2931:121458:str.charAt(i) == separatorChar |==> false
1135:COR:||(boolean,boolean):!=(boolean,boolean):org.apache.commons.lang3.StringUtils@splitWorker(java.lang.String,char,boolean):2932:121498:match || preserveAllTokens |==> match != preserveAllTokens
1136:COR:||(boolean,boolean):LHS(boolean,boolean):org.apache.commons.lang3.StringUtils@splitWorker(java.lang.String,char,boolean):2932:121498:match || preserveAllTokens |==> match
1137:COR:||(boolean,boolean):RHS(boolean,boolean):org.apache.commons.lang3.StringUtils@splitWorker(java.lang.String,char,boolean):2932:121507:match || preserveAllTokens |==> preserveAllTokens
1138:COR:||(boolean,boolean):TRUE(boolean,boolean):org.apache.commons.lang3.StringUtils@splitWorker(java.lang.String,char,boolean):2932:121504:match || preserveAllTokens |==> true
1139:STD:<CALL>:<NO-OP>:org.apache.commons.lang3.StringUtils@splitWorker(java.lang.String,char,boolean):2933:121548:list.add(str.substring(start, i)); |==> <NO-OP>
1140:LVR:FALSE:TRUE:org.apache.commons.lang3.StringUtils@splitWorker(java.lang.String,char,boolean):2934:121611:false |==> true
1141:STD:<ASSIGN>:<NO-OP>:org.apache.commons.lang3.StringUtils@splitWorker(java.lang.String,char,boolean):2934:121603:match = false; |==> <NO-OP>
1142:LVR:TRUE:FALSE:org.apache.commons.lang3.StringUtils@splitWorker(java.lang.String,char,boolean):2935:121650:true |==> false
1143:STD:<ASSIGN>:<NO-OP>:org.apache.commons.lang3.StringUtils@splitWorker(java.lang.String,char,boolean):2935:121638:lastMatch = true; |==> <NO-OP>
1144:STD:<ASSIGN>:<NO-OP>:org.apache.commons.lang3.StringUtils@splitWorker(java.lang.String,char,boolean):2937:121690:start = ++i; |==> <NO-OP>
1145:LVR:FALSE:TRUE:org.apache.commons.lang3.StringUtils@splitWorker(java.lang.String,char,boolean):2940:121767:false |==> true
1146:STD:<ASSIGN>:<NO-OP>:org.apache.commons.lang3.StringUtils@splitWorker(java.lang.String,char,boolean):2940:121755:lastMatch = false; |==> <NO-OP>
1147:LVR:TRUE:FALSE:org.apache.commons.lang3.StringUtils@splitWorker(java.lang.String,char,boolean):2941:121794:true |==> false
1148:STD:<ASSIGN>:<NO-OP>:org.apache.commons.lang3.StringUtils@splitWorker(java.lang.String,char,boolean):2941:121786:match = true; |==> <NO-OP>
1149:STD:<INC>:<NO-OP>:org.apache.commons.lang3.StringUtils@splitWorker(java.lang.String,char,boolean):2942:121812:i++; |==> <NO-OP>
1150:COR:&&(boolean,boolean):==(boolean,boolean):org.apache.commons.lang3.StringUtils@splitWorker(java.lang.String,char,boolean):2944:121848:preserveAllTokens && lastMatch |==> preserveAllTokens == lastMatch
1151:COR:&&(boolean,boolean):FALSE(boolean,boolean):org.apache.commons.lang3.StringUtils@splitWorker(java.lang.String,char,boolean):2944:121866:preserveAllTokens && lastMatch |==> false
1152:COR:&&(boolean,boolean):LHS(boolean,boolean):org.apache.commons.lang3.StringUtils@splitWorker(java.lang.String,char,boolean):2944:121848:preserveAllTokens && lastMatch |==> preserveAllTokens
1153:COR:&&(boolean,boolean):RHS(boolean,boolean):org.apache.commons.lang3.StringUtils@splitWorker(java.lang.String,char,boolean):2944:121869:preserveAllTokens && lastMatch |==> lastMatch
1154:COR:||(boolean,boolean):!=(boolean,boolean):org.apache.commons.lang3.StringUtils@splitWorker(java.lang.String,char,boolean):2944:121839:match || preserveAllTokens && lastMatch |==> match != (preserveAllTokens && lastMatch)
1155:COR:||(boolean,boolean):LHS(boolean,boolean):org.apache.commons.lang3.StringUtils@splitWorker(java.lang.String,char,boolean):2944:121839:match || preserveAllTokens && lastMatch |==> match
1156:COR:||(boolean,boolean):RHS(boolean,boolean):org.apache.commons.lang3.StringUtils@splitWorker(java.lang.String,char,boolean):2944:121848:match || preserveAllTokens && lastMatch |==> preserveAllTokens && lastMatch
1157:COR:||(boolean,boolean):TRUE(boolean,boolean):org.apache.commons.lang3.StringUtils@splitWorker(java.lang.String,char,boolean):2944:121845:match || preserveAllTokens && lastMatch |==> true
1158:STD:<CALL>:<NO-OP>:org.apache.commons.lang3.StringUtils@splitWorker(java.lang.String,char,boolean):2945:121894:list.add(str.substring(start, i)); |==> <NO-OP>
1159:LVR:NEG:0:org.apache.commons.lang3.StringUtils@splitPreserveAllTokens(java.lang.String,java.lang.String):2984:123983:-1 |==> 0
1160:LVR:NEG:POS:org.apache.commons.lang3.StringUtils@splitPreserveAllTokens(java.lang.String,java.lang.String):2984:123983:-1 |==> 1
1161:LVR:TRUE:FALSE:org.apache.commons.lang3.StringUtils@splitPreserveAllTokens(java.lang.String,java.lang.String):2984:123987:true |==> false
1162:LVR:TRUE:FALSE:org.apache.commons.lang3.StringUtils@splitPreserveAllTokens(java.lang.String,java.lang.String,int):3024:126098:true |==> false
1163:ROR:==(java.lang.Object,java.lang.Object):FALSE(java.lang.Object,java.lang.Object):org.apache.commons.lang3.StringUtils@splitWorker(java.lang.String,java.lang.String,int,boolean):3046:127080:str == null |==> false
1164:LVR:0:POS:org.apache.commons.lang3.StringUtils@splitWorker(java.lang.String,java.lang.String,int,boolean):3050:127177:0 |==> 1
1165:LVR:0:NEG:org.apache.commons.lang3.StringUtils@splitWorker(java.lang.String,java.lang.String,int,boolean):3050:127177:0 |==> -1
1166:ROR:==(int,int):<=(int,int):org.apache.commons.lang3.StringUtils@splitWorker(java.lang.String,java.lang.String,int,boolean):3050:127170:len == 0 |==> len <= 0
1167:ROR:==(int,int):>=(int,int):org.apache.commons.lang3.StringUtils@splitWorker(java.lang.String,java.lang.String,int,boolean):3050:127170:len == 0 |==> len >= 0
1168:ROR:==(int,int):FALSE(int,int):org.apache.commons.lang3.StringUtils@splitWorker(java.lang.String,java.lang.String,int,boolean):3050:127174:len == 0 |==> false
1169:LVR:POS:0:org.apache.commons.lang3.StringUtils@splitWorker(java.lang.String,java.lang.String,int,boolean):3054:127319:1 |==> 0
1170:LVR:POS:NEG:org.apache.commons.lang3.StringUtils@splitWorker(java.lang.String,java.lang.String,int,boolean):3054:127319:1 |==> -1
1171:LVR:0:POS:org.apache.commons.lang3.StringUtils@splitWorker(java.lang.String,java.lang.String,int,boolean):3055:127338:0 |==> 1
1172:LVR:0:NEG:org.apache.commons.lang3.StringUtils@splitWorker(java.lang.String,java.lang.String,int,boolean):3055:127338:0 |==> -1
1173:LVR:0:POS:org.apache.commons.lang3.StringUtils@splitWorker(java.lang.String,java.lang.String,int,boolean):3055:127349:0 |==> 1
1174:LVR:0:NEG:org.apache.commons.lang3.StringUtils@splitWorker(java.lang.String,java.lang.String,int,boolean):3055:127349:0 |==> -1
1175:LVR:FALSE:TRUE:org.apache.commons.lang3.StringUtils@splitWorker(java.lang.String,java.lang.String,int,boolean):3056:127376:false |==> true
1176:LVR:FALSE:TRUE:org.apache.commons.lang3.StringUtils@splitWorker(java.lang.String,java.lang.String,int,boolean):3057:127411:false |==> true
1177:ROR:==(java.lang.Object,java.lang.Object):FALSE(java.lang.Object,java.lang.Object):org.apache.commons.lang3.StringUtils@splitWorker(java.lang.String,java.lang.String,int,boolean):3058:127445:separatorChars == null |==> false
1178:ROR:<(int,int):!=(int,int):org.apache.commons.lang3.StringUtils@splitWorker(java.lang.String,java.lang.String,int,boolean):3060:127526:i < len |==> i != len
1179:ROR:<(int,int):<=(int,int):org.apache.commons.lang3.StringUtils@splitWorker(java.lang.String,java.lang.String,int,boolean):3060:127526:i < len |==> i <= len
1180:ROR:<(int,int):FALSE(int,int):org.apache.commons.lang3.StringUtils@splitWorker(java.lang.String,java.lang.String,int,boolean):3060:127528:i < len |==> false
1181:COR:<METHOD_INVOCATION(boolean)>:FALSE:org.apache.commons.lang3.StringUtils@splitWorker(java.lang.String,java.lang.String,int,boolean):3061:127579:Character.isWhitespace(str.charAt(i)) |==> false
1182:COR:<METHOD_INVOCATION(boolean)>:TRUE:org.apache.commons.lang3.StringUtils@splitWorker(java.lang.String,java.lang.String,int,boolean):3061:127579:Character.isWhitespace(str.charAt(i)) |==> true
1183:COR:||(boolean,boolean):!=(boolean,boolean):org.apache.commons.lang3.StringUtils@splitWorker(java.lang.String,java.lang.String,int,boolean):3062:127622:match || preserveAllTokens |==> match != preserveAllTokens
1184:COR:||(boolean,boolean):LHS(boolean,boolean):org.apache.commons.lang3.StringUtils@splitWorker(java.lang.String,java.lang.String,int,boolean):3062:127622:match || preserveAllTokens |==> match
1185:COR:||(boolean,boolean):RHS(boolean,boolean):org.apache.commons.lang3.StringUtils@splitWorker(java.lang.String,java.lang.String,int,boolean):3062:127631:match || preserveAllTokens |==> preserveAllTokens
1186:COR:||(boolean,boolean):TRUE(boolean,boolean):org.apache.commons.lang3.StringUtils@splitWorker(java.lang.String,java.lang.String,int,boolean):3062:127628:match || preserveAllTokens |==> true
1187:LVR:TRUE:FALSE:org.apache.commons.lang3.StringUtils@splitWorker(java.lang.String,java.lang.String,int,boolean):3063:127688:true |==> false
1188:STD:<ASSIGN>:<NO-OP>:org.apache.commons.lang3.StringUtils@splitWorker(java.lang.String,java.lang.String,int,boolean):3063:127676:lastMatch = true; |==> <NO-OP>
1189:ROR:==(int,int):<=(int,int):org.apache.commons.lang3.StringUtils@splitWorker(java.lang.String,java.lang.String,int,boolean):3064:127722:sizePlus1++ == max |==> sizePlus1++ <= max
1190:ROR:==(int,int):>=(int,int):org.apache.commons.lang3.StringUtils@splitWorker(java.lang.String,java.lang.String,int,boolean):3064:127722:sizePlus1++ == max |==> sizePlus1++ >= max
1191:ROR:==(int,int):FALSE(int,int):org.apache.commons.lang3.StringUtils@splitWorker(java.lang.String,java.lang.String,int,boolean):3064:127734:sizePlus1++ == max |==> false
1192:STD:<ASSIGN>:<NO-OP>:org.apache.commons.lang3.StringUtils@splitWorker(java.lang.String,java.lang.String,int,boolean):3065:127772:i = len; |==> <NO-OP>
1193:LVR:FALSE:TRUE:org.apache.commons.lang3.StringUtils@splitWorker(java.lang.String,java.lang.String,int,boolean):3066:127821:false |==> true
1194:STD:<ASSIGN>:<NO-OP>:org.apache.commons.lang3.StringUtils@splitWorker(java.lang.String,java.lang.String,int,boolean):3066:127809:lastMatch = false; |==> <NO-OP>
1195:STD:<CALL>:<NO-OP>:org.apache.commons.lang3.StringUtils@splitWorker(java.lang.String,java.lang.String,int,boolean):3068:127878:list.add(str.substring(start, i)); |==> <NO-OP>
1196:LVR:FALSE:TRUE:org.apache.commons.lang3.StringUtils@splitWorker(java.lang.String,java.lang.String,int,boolean):3069:127945:false |==> true
1197:STD:<ASSIGN>:<NO-OP>:org.apache.commons.lang3.StringUtils@splitWorker(java.lang.String,java.lang.String,int,boolean):3069:127937:match = false; |==> <NO-OP>
1198:STD:<ASSIGN>:<NO-OP>:org.apache.commons.lang3.StringUtils@splitWorker(java.lang.String,java.lang.String,int,boolean):3071:127994:start = ++i; |==> <NO-OP>
1199:LVR:FALSE:TRUE:org.apache.commons.lang3.StringUtils@splitWorker(java.lang.String,java.lang.String,int,boolean):3074:128083:false |==> true
1200:STD:<ASSIGN>:<NO-OP>:org.apache.commons.lang3.StringUtils@splitWorker(java.lang.String,java.lang.String,int,boolean):3074:128071:lastMatch = false; |==> <NO-OP>
1201:LVR:TRUE:FALSE:org.apache.commons.lang3.StringUtils@splitWorker(java.lang.String,java.lang.String,int,boolean):3075:128114:true |==> false
1202:STD:<ASSIGN>:<NO-OP>:org.apache.commons.lang3.StringUtils@splitWorker(java.lang.String,java.lang.String,int,boolean):3075:128106:match = true; |==> <NO-OP>
1203:STD:<INC>:<NO-OP>:org.apache.commons.lang3.StringUtils@splitWorker(java.lang.String,java.lang.String,int,boolean):3076:128136:i++; |==> <NO-OP>
1204:LVR:POS:0:org.apache.commons.lang3.StringUtils@splitWorker(java.lang.String,java.lang.String,int,boolean):3078:128201:1 |==> 0
1205:LVR:POS:NEG:org.apache.commons.lang3.StringUtils@splitWorker(java.lang.String,java.lang.String,int,boolean):3078:128201:1 |==> -1
1206:ROR:==(int,int):<=(int,int):org.apache.commons.lang3.StringUtils@splitWorker(java.lang.String,java.lang.String,int,boolean):3078:128174:separatorChars.length() == 1 |==> separatorChars.length() <= 1
1207:ROR:==(int,int):>=(int,int):org.apache.commons.lang3.StringUtils@splitWorker(java.lang.String,java.lang.String,int,boolean):3078:128174:separatorChars.length() == 1 |==> separatorChars.length() >= 1
1208:ROR:==(int,int):FALSE(int,int):org.apache.commons.lang3.StringUtils@splitWorker(java.lang.String,java.lang.String,int,boolean):3078:128198:separatorChars.length() == 1 |==> false
1209:LVR:0:POS:org.apache.commons.lang3.StringUtils@splitWorker(java.lang.String,java.lang.String,int,boolean):3080:128292:0 |==> 1
1210:LVR:0:NEG:org.apache.commons.lang3.StringUtils@splitWorker(java.lang.String,java.lang.String,int,boolean):3080:128292:0 |==> -1
1211:ROR:<(int,int):!=(int,int):org.apache.commons.lang3.StringUtils@splitWorker(java.lang.String,java.lang.String,int,boolean):3081:128315:i < len |==> i != len
1212:ROR:<(int,int):<=(int,int):org.apache.commons.lang3.StringUtils@splitWorker(java.lang.String,java.lang.String,int,boolean):3081:128315:i < len |==> i <= len
1213:ROR:<(int,int):FALSE(int,int):org.apache.commons.lang3.StringUtils@splitWorker(java.lang.String,java.lang.String,int,boolean):3081:128317:i < len |==> false
1214:ROR:==(int,int):<=(int,int):org.apache.commons.lang3.StringUtils@splitWorker(java.lang.String,java.lang.String,int,boolean):3082:128346:str.charAt(i) == sep |==> str.charAt(i) <= sep
1215:ROR:==(int,int):>=(int,int):org.apache.commons.lang3.StringUtils@splitWorker(java.lang.String,java.lang.String,int,boolean):3082:128346:str.charAt(i) == sep |==> str.charAt(i) >= sep
1216:ROR:==(int,int):FALSE(int,int):org.apache.commons.lang3.StringUtils@splitWorker(java.lang.String,java.lang.String,int,boolean):3082:128360:str.charAt(i) == sep |==> false
1217:COR:||(boolean,boolean):!=(boolean,boolean):org.apache.commons.lang3.StringUtils@splitWorker(java.lang.String,java.lang.String,int,boolean):3083:128394:match || preserveAllTokens |==> match != preserveAllTokens
1218:COR:||(boolean,boolean):LHS(boolean,boolean):org.apache.commons.lang3.StringUtils@splitWorker(java.lang.String,java.lang.String,int,boolean):3083:128394:match || preserveAllTokens |==> match
1219:COR:||(boolean,boolean):RHS(boolean,boolean):org.apache.commons.lang3.StringUtils@splitWorker(java.lang.String,java.lang.String,int,boolean):3083:128403:match || preserveAllTokens |==> preserveAllTokens
1220:COR:||(boolean,boolean):TRUE(boolean,boolean):org.apache.commons.lang3.StringUtils@splitWorker(java.lang.String,java.lang.String,int,boolean):3083:128400:match || preserveAllTokens |==> true
1221:LVR:TRUE:FALSE:org.apache.commons.lang3.StringUtils@splitWorker(java.lang.String,java.lang.String,int,boolean):3084:128460:true |==> false
1222:STD:<ASSIGN>:<NO-OP>:org.apache.commons.lang3.StringUtils@splitWorker(java.lang.String,java.lang.String,int,boolean):3084:128448:lastMatch = true; |==> <NO-OP>
1223:ROR:==(int,int):<=(int,int):org.apache.commons.lang3.StringUtils@splitWorker(java.lang.String,java.lang.String,int,boolean):3085:128494:sizePlus1++ == max |==> sizePlus1++ <= max
1224:ROR:==(int,int):>=(int,int):org.apache.commons.lang3.StringUtils@splitWorker(java.lang.String,java.lang.String,int,boolean):3085:128494:sizePlus1++ == max |==> sizePlus1++ >= max
1225:ROR:==(int,int):FALSE(int,int):org.apache.commons.lang3.StringUtils@splitWorker(java.lang.String,java.lang.String,int,boolean):3085:128506:sizePlus1++ == max |==> false
1226:STD:<ASSIGN>:<NO-OP>:org.apache.commons.lang3.StringUtils@splitWorker(java.lang.String,java.lang.String,int,boolean):3086:128544:i = len; |==> <NO-OP>
1227:LVR:FALSE:TRUE:org.apache.commons.lang3.StringUtils@splitWorker(java.lang.String,java.lang.String,int,boolean):3087:128593:false |==> true
1228:STD:<ASSIGN>:<NO-OP>:org.apache.commons.lang3.StringUtils@splitWorker(java.lang.String,java.lang.String,int,boolean):3087:128581:lastMatch = false; |==> <NO-OP>
1229:STD:<CALL>:<NO-OP>:org.apache.commons.lang3.StringUtils@splitWorker(java.lang.String,java.lang.String,int,boolean):3089:128650:list.add(str.substring(start, i)); |==> <NO-OP>
1230:LVR:FALSE:TRUE:org.apache.commons.lang3.StringUtils@splitWorker(java.lang.String,java.lang.String,int,boolean):3090:128717:false |==> true
1231:STD:<ASSIGN>:<NO-OP>:org.apache.commons.lang3.StringUtils@splitWorker(java.lang.String,java.lang.String,int,boolean):3090:128709:match = false; |==> <NO-OP>
1232:STD:<ASSIGN>:<NO-OP>:org.apache.commons.lang3.StringUtils@splitWorker(java.lang.String,java.lang.String,int,boolean):3092:128766:start = ++i; |==> <NO-OP>
1233:LVR:FALSE:TRUE:org.apache.commons.lang3.StringUtils@splitWorker(java.lang.String,java.lang.String,int,boolean):3095:128855:false |==> true
1234:STD:<ASSIGN>:<NO-OP>:org.apache.commons.lang3.StringUtils@splitWorker(java.lang.String,java.lang.String,int,boolean):3095:128843:lastMatch = false; |==> <NO-OP>
1235:LVR:TRUE:FALSE:org.apache.commons.lang3.StringUtils@splitWorker(java.lang.String,java.lang.String,int,boolean):3096:128886:true |==> false
1236:STD:<ASSIGN>:<NO-OP>:org.apache.commons.lang3.StringUtils@splitWorker(java.lang.String,java.lang.String,int,boolean):3096:128878:match = true; |==> <NO-OP>
1237:STD:<INC>:<NO-OP>:org.apache.commons.lang3.StringUtils@splitWorker(java.lang.String,java.lang.String,int,boolean):3097:128908:i++; |==> <NO-OP>
1238:ROR:<(int,int):!=(int,int):org.apache.commons.lang3.StringUtils@splitWorker(java.lang.String,java.lang.String,int,boolean):3101:128992:i < len |==> i != len
1239:ROR:<(int,int):<=(int,int):org.apache.commons.lang3.StringUtils@splitWorker(java.lang.String,java.lang.String,int,boolean):3101:128992:i < len |==> i <= len
1240:ROR:<(int,int):FALSE(int,int):org.apache.commons.lang3.StringUtils@splitWorker(java.lang.String,java.lang.String,int,boolean):3101:128994:i < len |==> false
1241:LVR:0:POS:org.apache.commons.lang3.StringUtils@splitWorker(java.lang.String,java.lang.String,int,boolean):3102:129064:0 |==> 1
1242:LVR:0:NEG:org.apache.commons.lang3.StringUtils@splitWorker(java.lang.String,java.lang.String,int,boolean):3102:129064:0 |==> -1
1243:ROR:>=(int,int):==(int,int):org.apache.commons.lang3.StringUtils@splitWorker(java.lang.String,java.lang.String,int,boolean):3102:129023:separatorChars.indexOf(str.charAt(i)) >= 0 |==> separatorChars.indexOf(str.charAt(i)) == 0
1244:ROR:>=(int,int):>(int,int):org.apache.commons.lang3.StringUtils@splitWorker(java.lang.String,java.lang.String,int,boolean):3102:129023:separatorChars.indexOf(str.charAt(i)) >= 0 |==> separatorChars.indexOf(str.charAt(i)) > 0
1245:ROR:>=(int,int):TRUE(int,int):org.apache.commons.lang3.StringUtils@splitWorker(java.lang.String,java.lang.String,int,boolean):3102:129061:separatorChars.indexOf(str.charAt(i)) >= 0 |==> true
1246:COR:||(boolean,boolean):!=(boolean,boolean):org.apache.commons.lang3.StringUtils@splitWorker(java.lang.String,java.lang.String,int,boolean):3103:129093:match || preserveAllTokens |==> match != preserveAllTokens
1247:COR:||(boolean,boolean):LHS(boolean,boolean):org.apache.commons.lang3.StringUtils@splitWorker(java.lang.String,java.lang.String,int,boolean):3103:129093:match || preserveAllTokens |==> match
1248:COR:||(boolean,boolean):RHS(boolean,boolean):org.apache.commons.lang3.StringUtils@splitWorker(java.lang.String,java.lang.String,int,boolean):3103:129102:match || preserveAllTokens |==> preserveAllTokens
1249:COR:||(boolean,boolean):TRUE(boolean,boolean):org.apache.commons.lang3.StringUtils@splitWorker(java.lang.String,java.lang.String,int,boolean):3103:129099:match || preserveAllTokens |==> true
1250:LVR:TRUE:FALSE:org.apache.commons.lang3.StringUtils@splitWorker(java.lang.String,java.lang.String,int,boolean):3104:129159:true |==> false
1251:STD:<ASSIGN>:<NO-OP>:org.apache.commons.lang3.StringUtils@splitWorker(java.lang.String,java.lang.String,int,boolean):3104:129147:lastMatch = true; |==> <NO-OP>
1252:ROR:==(int,int):<=(int,int):org.apache.commons.lang3.StringUtils@splitWorker(java.lang.String,java.lang.String,int,boolean):3105:129193:sizePlus1++ == max |==> sizePlus1++ <= max
1253:ROR:==(int,int):>=(int,int):org.apache.commons.lang3.StringUtils@splitWorker(java.lang.String,java.lang.String,int,boolean):3105:129193:sizePlus1++ == max |==> sizePlus1++ >= max
1254:ROR:==(int,int):FALSE(int,int):org.apache.commons.lang3.StringUtils@splitWorker(java.lang.String,java.lang.String,int,boolean):3105:129205:sizePlus1++ == max |==> false
1255:STD:<ASSIGN>:<NO-OP>:org.apache.commons.lang3.StringUtils@splitWorker(java.lang.String,java.lang.String,int,boolean):3106:129243:i = len; |==> <NO-OP>
1256:LVR:FALSE:TRUE:org.apache.commons.lang3.StringUtils@splitWorker(java.lang.String,java.lang.String,int,boolean):3107:129292:false |==> true
1257:STD:<ASSIGN>:<NO-OP>:org.apache.commons.lang3.StringUtils@splitWorker(java.lang.String,java.lang.String,int,boolean):3107:129280:lastMatch = false; |==> <NO-OP>
1258:STD:<CALL>:<NO-OP>:org.apache.commons.lang3.StringUtils@splitWorker(java.lang.String,java.lang.String,int,boolean):3109:129349:list.add(str.substring(start, i)); |==> <NO-OP>
1259:LVR:FALSE:TRUE:org.apache.commons.lang3.StringUtils@splitWorker(java.lang.String,java.lang.String,int,boolean):3110:129416:false |==> true
1260:STD:<ASSIGN>:<NO-OP>:org.apache.commons.lang3.StringUtils@splitWorker(java.lang.String,java.lang.String,int,boolean):3110:129408:match = false; |==> <NO-OP>
1261:STD:<ASSIGN>:<NO-OP>:org.apache.commons.lang3.StringUtils@splitWorker(java.lang.String,java.lang.String,int,boolean):3112:129465:start = ++i; |==> <NO-OP>
1262:LVR:FALSE:TRUE:org.apache.commons.lang3.StringUtils@splitWorker(java.lang.String,java.lang.String,int,boolean):3115:129554:false |==> true
1263:STD:<ASSIGN>:<NO-OP>:org.apache.commons.lang3.StringUtils@splitWorker(java.lang.String,java.lang.String,int,boolean):3115:129542:lastMatch = false; |==> <NO-OP>
1264:LVR:TRUE:FALSE:org.apache.commons.lang3.StringUtils@splitWorker(java.lang.String,java.lang.String,int,boolean):3116:129585:true |==> false
1265:STD:<ASSIGN>:<NO-OP>:org.apache.commons.lang3.StringUtils@splitWorker(java.lang.String,java.lang.String,int,boolean):3116:129577:match = true; |==> <NO-OP>
1266:STD:<INC>:<NO-OP>:org.apache.commons.lang3.StringUtils@splitWorker(java.lang.String,java.lang.String,int,boolean):3117:129607:i++; |==> <NO-OP>
1267:COR:&&(boolean,boolean):==(boolean,boolean):org.apache.commons.lang3.StringUtils@splitWorker(java.lang.String,java.lang.String,int,boolean):3120:129657:preserveAllTokens && lastMatch |==> preserveAllTokens == lastMatch
1268:COR:&&(boolean,boolean):FALSE(boolean,boolean):org.apache.commons.lang3.StringUtils@splitWorker(java.lang.String,java.lang.String,int,boolean):3120:129675:preserveAllTokens && lastMatch |==> false
1269:COR:&&(boolean,boolean):LHS(boolean,boolean):org.apache.commons.lang3.StringUtils@splitWorker(java.lang.String,java.lang.String,int,boolean):3120:129657:preserveAllTokens && lastMatch |==> preserveAllTokens
1270:COR:&&(boolean,boolean):RHS(boolean,boolean):org.apache.commons.lang3.StringUtils@splitWorker(java.lang.String,java.lang.String,int,boolean):3120:129678:preserveAllTokens && lastMatch |==> lastMatch
1271:COR:||(boolean,boolean):!=(boolean,boolean):org.apache.commons.lang3.StringUtils@splitWorker(java.lang.String,java.lang.String,int,boolean):3120:129648:match || preserveAllTokens && lastMatch |==> match != (preserveAllTokens && lastMatch)
1272:COR:||(boolean,boolean):LHS(boolean,boolean):org.apache.commons.lang3.StringUtils@splitWorker(java.lang.String,java.lang.String,int,boolean):3120:129648:match || preserveAllTokens && lastMatch |==> match
1273:COR:||(boolean,boolean):RHS(boolean,boolean):org.apache.commons.lang3.StringUtils@splitWorker(java.lang.String,java.lang.String,int,boolean):3120:129657:match || preserveAllTokens && lastMatch |==> preserveAllTokens && lastMatch
1274:COR:||(boolean,boolean):TRUE(boolean,boolean):org.apache.commons.lang3.StringUtils@splitWorker(java.lang.String,java.lang.String,int,boolean):3120:129654:match || preserveAllTokens && lastMatch |==> true
1275:STD:<CALL>:<NO-OP>:org.apache.commons.lang3.StringUtils@splitWorker(java.lang.String,java.lang.String,int,boolean):3121:129703:list.add(str.substring(start, i)); |==> <NO-OP>
1276:LVR:FALSE:TRUE:org.apache.commons.lang3.StringUtils@splitByCharacterType(java.lang.String):3146:130986:false |==> true
1277:LVR:TRUE:FALSE:org.apache.commons.lang3.StringUtils@splitByCharacterTypeCamelCase(java.lang.String):3174:132579:true |==> false
1278:ROR:==(java.lang.Object,java.lang.Object):FALSE(java.lang.Object,java.lang.Object):org.apache.commons.lang3.StringUtils@splitByCharacterType(java.lang.String,boolean):3192:133495:str == null |==> false
1279:LVR:0:POS:org.apache.commons.lang3.StringUtils@splitByCharacterType(java.lang.String,boolean):3195:133569:0 |==> 1
1280:LVR:0:NEG:org.apache.commons.lang3.StringUtils@splitByCharacterType(java.lang.String,boolean):3195:133569:0 |==> -1
1281:ROR:==(int,int):>=(int,int):org.apache.commons.lang3.StringUtils@splitByCharacterType(java.lang.String,boolean):3195:133553:str.length() == 0 |==> str.length() >= 0
1282:ROR:==(int,int):FALSE(int,int):org.apache.commons.lang3.StringUtils@splitByCharacterType(java.lang.String,boolean):3195:133566:str.length() == 0 |==> false
1283:LVR:0:POS:org.apache.commons.lang3.StringUtils@splitByCharacterType(java.lang.String,boolean):3200:133750:0 |==> 1
1284:LVR:0:NEG:org.apache.commons.lang3.StringUtils@splitByCharacterType(java.lang.String,boolean):3200:133750:0 |==> -1
1285:LVR:POS:0:org.apache.commons.lang3.StringUtils@splitByCharacterType(java.lang.String,boolean):3202:133849:1 |==> 0
1286:LVR:POS:NEG:org.apache.commons.lang3.StringUtils@splitByCharacterType(java.lang.String,boolean):3202:133849:1 |==> -1
1287:AOR:+(int,int):%(int,int):org.apache.commons.lang3.StringUtils@splitByCharacterType(java.lang.String,boolean):3202:133836:tokenStart + 1 |==> tokenStart % 1
1288:AOR:+(int,int):*(int,int):org.apache.commons.lang3.StringUtils@splitByCharacterType(java.lang.String,boolean):3202:133836:tokenStart + 1 |==> tokenStart * 1
1289:AOR:+(int,int):-(int,int):org.apache.commons.lang3.StringUtils@splitByCharacterType(java.lang.String,boolean):3202:133836:tokenStart + 1 |==> tokenStart - 1
1290:AOR:+(int,int):/(int,int):org.apache.commons.lang3.StringUtils@splitByCharacterType(java.lang.String,boolean):3202:133836:tokenStart + 1 |==> tokenStart / 1
1291:ROR:<(int,int):!=(int,int):org.apache.commons.lang3.StringUtils@splitByCharacterType(java.lang.String,boolean):3202:133852:pos < c.length |==> pos != c.length
1292:ROR:<(int,int):<=(int,int):org.apache.commons.lang3.StringUtils@splitByCharacterType(java.lang.String,boolean):3202:133852:pos < c.length |==> pos <= c.length
1293:ROR:<(int,int):FALSE(int,int):org.apache.commons.lang3.StringUtils@splitByCharacterType(java.lang.String,boolean):3202:133856:pos < c.length |==> false
1294:ROR:==(int,int):<=(int,int):org.apache.commons.lang3.StringUtils@splitByCharacterType(java.lang.String,boolean):3204:133943:type == currentType |==> type <= currentType
1295:ROR:==(int,int):>=(int,int):org.apache.commons.lang3.StringUtils@splitByCharacterType(java.lang.String,boolean):3204:133943:type == currentType |==> type >= currentType
1296:ROR:==(int,int):FALSE(int,int):org.apache.commons.lang3.StringUtils@splitByCharacterType(java.lang.String,boolean):3204:133948:type == currentType |==> false
1297:ROR:==(int,int):<=(int,int):org.apache.commons.lang3.StringUtils@splitByCharacterType(java.lang.String,boolean):3207:134035:type == Character.LOWERCASE_LETTER |==> type <= Character.LOWERCASE_LETTER
1298:ROR:==(int,int):>=(int,int):org.apache.commons.lang3.StringUtils@splitByCharacterType(java.lang.String,boolean):3207:134035:type == Character.LOWERCASE_LETTER |==> type >= Character.LOWERCASE_LETTER
1299:ROR:==(int,int):FALSE(int,int):org.apache.commons.lang3.StringUtils@splitByCharacterType(java.lang.String,boolean):3207:134040:type == Character.LOWERCASE_LETTER |==> false
1300:COR:&&(boolean,boolean):==(boolean,boolean):org.apache.commons.lang3.StringUtils@splitByCharacterType(java.lang.String,boolean):3207:134022:camelCase && type == Character.LOWERCASE_LETTER |==> camelCase == (type == Character.LOWERCASE_LETTER)
1301:COR:&&(boolean,boolean):FALSE(boolean,boolean):org.apache.commons.lang3.StringUtils@splitByCharacterType(java.lang.String,boolean):3207:134032:camelCase && type == Character.LOWERCASE_LETTER |==> false
1302:COR:&&(boolean,boolean):LHS(boolean,boolean):org.apache.commons.lang3.StringUtils@splitByCharacterType(java.lang.String,boolean):3207:134022:camelCase && type == Character.LOWERCASE_LETTER |==> camelCase
1303:COR:&&(boolean,boolean):RHS(boolean,boolean):org.apache.commons.lang3.StringUtils@splitByCharacterType(java.lang.String,boolean):3207:134035:camelCase && type == Character.LOWERCASE_LETTER |==> type == Character.LOWERCASE_LETTER
1304:ROR:==(int,int):<=(int,int):org.apache.commons.lang3.StringUtils@splitByCharacterType(java.lang.String,boolean):3207:134073:currentType == Character.UPPERCASE_LETTER |==> currentType <= Character.UPPERCASE_LETTER
1305:ROR:==(int,int):>=(int,int):org.apache.commons.lang3.StringUtils@splitByCharacterType(java.lang.String,boolean):3207:134073:currentType == Character.UPPERCASE_LETTER |==> currentType >= Character.UPPERCASE_LETTER
1306:ROR:==(int,int):FALSE(int,int):org.apache.commons.lang3.StringUtils@splitByCharacterType(java.lang.String,boolean):3207:134085:currentType == Character.UPPERCASE_LETTER |==> false
1307:COR:&&(boolean,boolean):==(boolean,boolean):org.apache.commons.lang3.StringUtils@splitByCharacterType(java.lang.String,boolean):3207:134022:camelCase && type == Character.LOWERCASE_LETTER && currentType == Character.UPPERCASE_LETTER |==> (camelCase && type == Character.LOWERCASE_LETTER) == (currentType == Character.UPPERCASE_LETTER)
1308:COR:&&(boolean,boolean):FALSE(boolean,boolean):org.apache.commons.lang3.StringUtils@splitByCharacterType(java.lang.String,boolean):3207:134070:camelCase && type == Character.LOWERCASE_LETTER && currentType == Character.UPPERCASE_LETTER |==> false
1309:COR:&&(boolean,boolean):LHS(boolean,boolean):org.apache.commons.lang3.StringUtils@splitByCharacterType(java.lang.String,boolean):3207:134022:camelCase && type == Character.LOWERCASE_LETTER && currentType == Character.UPPERCASE_LETTER |==> camelCase && type == Character.LOWERCASE_LETTER
1310:COR:&&(boolean,boolean):RHS(boolean,boolean):org.apache.commons.lang3.StringUtils@splitByCharacterType(java.lang.String,boolean):3207:134073:camelCase && type == Character.LOWERCASE_LETTER && currentType == Character.UPPERCASE_LETTER |==> currentType == Character.UPPERCASE_LETTER
1311:LVR:POS:0:org.apache.commons.lang3.StringUtils@splitByCharacterType(java.lang.String,boolean):3208:134160:1 |==> 0
1312:LVR:POS:NEG:org.apache.commons.lang3.StringUtils@splitByCharacterType(java.lang.String,boolean):3208:134160:1 |==> -1
1313:AOR:-(int,int):%(int,int):org.apache.commons.lang3.StringUtils@splitByCharacterType(java.lang.String,boolean):3208:134154:pos - 1 |==> pos % 1
1314:AOR:-(int,int):*(int,int):org.apache.commons.lang3.StringUtils@splitByCharacterType(java.lang.String,boolean):3208:134154:pos - 1 |==> pos * 1
1315:AOR:-(int,int):+(int,int):org.apache.commons.lang3.StringUtils@splitByCharacterType(java.lang.String,boolean):3208:134154:pos - 1 |==> pos + 1
1316:AOR:-(int,int):/(int,int):org.apache.commons.lang3.StringUtils@splitByCharacterType(java.lang.String,boolean):3208:134154:pos - 1 |==> pos / 1
1317:ROR:!=(int,int):<(int,int):org.apache.commons.lang3.StringUtils@splitByCharacterType(java.lang.String,boolean):3209:134183:newTokenStart != tokenStart |==> newTokenStart < tokenStart
1318:ROR:!=(int,int):>(int,int):org.apache.commons.lang3.StringUtils@splitByCharacterType(java.lang.String,boolean):3209:134183:newTokenStart != tokenStart |==> newTokenStart > tokenStart
1319:ROR:!=(int,int):TRUE(int,int):org.apache.commons.lang3.StringUtils@splitByCharacterType(java.lang.String,boolean):3209:134197:newTokenStart != tokenStart |==> true
1320:AOR:-(int,int):%(int,int):org.apache.commons.lang3.StringUtils@splitByCharacterType(java.lang.String,boolean):3210:134269:newTokenStart - tokenStart |==> newTokenStart % tokenStart
1321:AOR:-(int,int):*(int,int):org.apache.commons.lang3.StringUtils@splitByCharacterType(java.lang.String,boolean):3210:134269:newTokenStart - tokenStart |==> newTokenStart * tokenStart
1322:AOR:-(int,int):+(int,int):org.apache.commons.lang3.StringUtils@splitByCharacterType(java.lang.String,boolean):3210:134269:newTokenStart - tokenStart |==> newTokenStart + tokenStart
1323:AOR:-(int,int):/(int,int):org.apache.commons.lang3.StringUtils@splitByCharacterType(java.lang.String,boolean):3210:134269:newTokenStart - tokenStart |==> newTokenStart / tokenStart
1324:STD:<CALL>:<NO-OP>:org.apache.commons.lang3.StringUtils@splitByCharacterType(java.lang.String,boolean):3210:134234:list.add(new String(c, tokenStart, newTokenStart - tokenStart)); |==> <NO-OP>
1325:STD:<ASSIGN>:<NO-OP>:org.apache.commons.lang3.StringUtils@splitByCharacterType(java.lang.String,boolean):3211:134319:tokenStart = newTokenStart; |==> <NO-OP>
1326:AOR:-(int,int):%(int,int):org.apache.commons.lang3.StringUtils@splitByCharacterType(java.lang.String,boolean):3214:134437:pos - tokenStart |==> pos % tokenStart
1327:AOR:-(int,int):*(int,int):org.apache.commons.lang3.StringUtils@splitByCharacterType(java.lang.String,boolean):3214:134437:pos - tokenStart |==> pos * tokenStart
1328:AOR:-(int,int):+(int,int):org.apache.commons.lang3.StringUtils@splitByCharacterType(java.lang.String,boolean):3214:134437:pos - tokenStart |==> pos + tokenStart
1329:AOR:-(int,int):/(int,int):org.apache.commons.lang3.StringUtils@splitByCharacterType(java.lang.String,boolean):3214:134437:pos - tokenStart |==> pos / tokenStart
1330:STD:<CALL>:<NO-OP>:org.apache.commons.lang3.StringUtils@splitByCharacterType(java.lang.String,boolean):3214:134402:list.add(new String(c, tokenStart, pos - tokenStart)); |==> <NO-OP>
1331:STD:<ASSIGN>:<NO-OP>:org.apache.commons.lang3.StringUtils@splitByCharacterType(java.lang.String,boolean):3215:134473:tokenStart = pos; |==> <NO-OP>
1332:STD:<ASSIGN>:<NO-OP>:org.apache.commons.lang3.StringUtils@splitByCharacterType(java.lang.String,boolean):3217:134517:currentType = type; |==> <NO-OP>
1333:AOR:-(int,int):%(int,int):org.apache.commons.lang3.StringUtils@splitByCharacterType(java.lang.String,boolean):3219:134590:c.length - tokenStart |==> c.length % tokenStart
1334:AOR:-(int,int):*(int,int):org.apache.commons.lang3.StringUtils@splitByCharacterType(java.lang.String,boolean):3219:134590:c.length - tokenStart |==> c.length * tokenStart
1335:AOR:-(int,int):+(int,int):org.apache.commons.lang3.StringUtils@splitByCharacterType(java.lang.String,boolean):3219:134590:c.length - tokenStart |==> c.length + tokenStart
1336:AOR:-(int,int):/(int,int):org.apache.commons.lang3.StringUtils@splitByCharacterType(java.lang.String,boolean):3219:134590:c.length - tokenStart |==> c.length / tokenStart
1337:STD:<CALL>:<NO-OP>:org.apache.commons.lang3.StringUtils@splitByCharacterType(java.lang.String,boolean):3219:134555:list.add(new String(c, tokenStart, c.length - tokenStart)); |==> <NO-OP>
1338:ROR:==(java.lang.Object,java.lang.Object):FALSE(java.lang.Object,java.lang.Object):org.apache.commons.lang3.StringUtils@join(java.lang.Object[],char):3274:136671:array == null |==> false
1339:LVR:0:POS:org.apache.commons.lang3.StringUtils@join(java.lang.Object[],char):3278:136756:0 |==> 1
1340:LVR:0:NEG:org.apache.commons.lang3.StringUtils@join(java.lang.Object[],char):3278:136756:0 |==> -1
1341:ROR:==(java.lang.Object,java.lang.Object):FALSE(java.lang.Object,java.lang.Object):org.apache.commons.lang3.StringUtils@join(java.lang.Object[],char,int,int):3308:138052:array == null |==> false
1342:AOR:-(int,int):%(int,int):org.apache.commons.lang3.StringUtils@join(java.lang.Object[],char,int,int):3311:138122:endIndex - startIndex |==> endIndex % startIndex
1343:AOR:-(int,int):*(int,int):org.apache.commons.lang3.StringUtils@join(java.lang.Object[],char,int,int):3311:138122:endIndex - startIndex |==> endIndex * startIndex
1344:AOR:-(int,int):+(int,int):org.apache.commons.lang3.StringUtils@join(java.lang.Object[],char,int,int):3311:138122:endIndex - startIndex |==> endIndex + startIndex
1345:AOR:-(int,int):/(int,int):org.apache.commons.lang3.StringUtils@join(java.lang.Object[],char,int,int):3311:138122:endIndex - startIndex |==> endIndex / startIndex
1346:LVR:0:POS:org.apache.commons.lang3.StringUtils@join(java.lang.Object[],char,int,int):3312:138170:0 |==> 1
1347:LVR:0:NEG:org.apache.commons.lang3.StringUtils@join(java.lang.Object[],char,int,int):3312:138170:0 |==> -1
1348:ROR:<=(int,int):<(int,int):org.apache.commons.lang3.StringUtils@join(java.lang.Object[],char,int,int):3312:138157:noOfItems <= 0 |==> noOfItems < 0
1349:ROR:<=(int,int):==(int,int):org.apache.commons.lang3.StringUtils@join(java.lang.Object[],char,int,int):3312:138157:noOfItems <= 0 |==> noOfItems == 0
1350:ROR:<=(int,int):TRUE(int,int):org.apache.commons.lang3.StringUtils@join(java.lang.Object[],char,int,int):3312:138167:noOfItems <= 0 |==> true
1351:LVR:POS:0:org.apache.commons.lang3.StringUtils@join(java.lang.Object[],char,int,int):3316:138278:16 |==> 0
1352:LVR:POS:NEG:org.apache.commons.lang3.StringUtils@join(java.lang.Object[],char,int,int):3316:138278:16 |==> -16
1353:AOR:*(int,int):%(int,int):org.apache.commons.lang3.StringUtils@join(java.lang.Object[],char,int,int):3316:138266:noOfItems * 16 |==> noOfItems % 16
1354:AOR:*(int,int):+(int,int):org.apache.commons.lang3.StringUtils@join(java.lang.Object[],char,int,int):3316:138266:noOfItems * 16 |==> noOfItems + 16
1355:AOR:*(int,int):-(int,int):org.apache.commons.lang3.StringUtils@join(java.lang.Object[],char,int,int):3316:138266:noOfItems * 16 |==> noOfItems - 16
1356:AOR:*(int,int):/(int,int):org.apache.commons.lang3.StringUtils@join(java.lang.Object[],char,int,int):3316:138266:noOfItems * 16 |==> noOfItems / 16
1357:ROR:<(int,int):!=(int,int):org.apache.commons.lang3.StringUtils@join(java.lang.Object[],char,int,int):3318:138317:i < endIndex |==> i != endIndex
1358:ROR:<(int,int):<=(int,int):org.apache.commons.lang3.StringUtils@join(java.lang.Object[],char,int,int):3318:138317:i < endIndex |==> i <= endIndex
1359:ROR:<(int,int):FALSE(int,int):org.apache.commons.lang3.StringUtils@join(java.lang.Object[],char,int,int):3318:138319:i < endIndex |==> false
1360:ROR:>(int,int):!=(int,int):org.apache.commons.lang3.StringUtils@join(java.lang.Object[],char,int,int):3319:138354:i > startIndex |==> i != startIndex
1361:ROR:>(int,int):>=(int,int):org.apache.commons.lang3.StringUtils@join(java.lang.Object[],char,int,int):3319:138354:i > startIndex |==> i >= startIndex
1362:ROR:>(int,int):FALSE(int,int):org.apache.commons.lang3.StringUtils@join(java.lang.Object[],char,int,int):3319:138356:i > startIndex |==> false
1363:STD:<CALL>:<NO-OP>:org.apache.commons.lang3.StringUtils@join(java.lang.Object[],char,int,int):3320:138388:buf.append(separator); |==> <NO-OP>
1364:ROR:!=(java.lang.Object,java.lang.Object):TRUE(java.lang.Object,java.lang.Object):org.apache.commons.lang3.StringUtils@join(java.lang.Object[],char,int,int):3322:138450:array[i] != null |==> true
1365:STD:<CALL>:<NO-OP>:org.apache.commons.lang3.StringUtils@join(java.lang.Object[],char,int,int):3323:138477:buf.append(array[i]); |==> <NO-OP>
1366:ROR:==(java.lang.Object,java.lang.Object):FALSE(java.lang.Object,java.lang.Object):org.apache.commons.lang3.StringUtils@join(java.lang.Object[],java.lang.String):3353:139663:array == null |==> false
1367:LVR:0:POS:org.apache.commons.lang3.StringUtils@join(java.lang.Object[],java.lang.String):3356:139747:0 |==> 1
1368:LVR:0:NEG:org.apache.commons.lang3.StringUtils@join(java.lang.Object[],java.lang.String):3356:139747:0 |==> -1
1369:ROR:==(java.lang.Object,java.lang.Object):FALSE(java.lang.Object,java.lang.Object):org.apache.commons.lang3.StringUtils@join(java.lang.Object[],java.lang.String,int,int):3387:141180:array == null |==> false
1370:ROR:==(java.lang.Object,java.lang.Object):FALSE(java.lang.Object,java.lang.Object):org.apache.commons.lang3.StringUtils@join(java.lang.Object[],java.lang.String,int,int):3390:141248:separator == null |==> false
1371:STD:<ASSIGN>:<NO-OP>:org.apache.commons.lang3.StringUtils@join(java.lang.Object[],java.lang.String,int,int):3391:141271:separator = EMPTY; |==> <NO-OP>
1372:AOR:-(int,int):%(int,int):org.apache.commons.lang3.StringUtils@join(java.lang.Object[],java.lang.String,int,int):3396:141493:endIndex - startIndex |==> endIndex % startIndex
1373:AOR:-(int,int):*(int,int):org.apache.commons.lang3.StringUtils@join(java.lang.Object[],java.lang.String,int,int):3396:141493:endIndex - startIndex |==> endIndex * startIndex
1374:AOR:-(int,int):+(int,int):org.apache.commons.lang3.StringUtils@join(java.lang.Object[],java.lang.String,int,int):3396:141493:endIndex - startIndex |==> endIndex + startIndex
1375:AOR:-(int,int):/(int,int):org.apache.commons.lang3.StringUtils@join(java.lang.Object[],java.lang.String,int,int):3396:141493:endIndex - startIndex |==> endIndex / startIndex
1376:LVR:0:POS:org.apache.commons.lang3.StringUtils@join(java.lang.Object[],java.lang.String,int,int):3397:141541:0 |==> 1
1377:LVR:0:NEG:org.apache.commons.lang3.StringUtils@join(java.lang.Object[],java.lang.String,int,int):3397:141541:0 |==> -1
1378:ROR:<=(int,int):<(int,int):org.apache.commons.lang3.StringUtils@join(java.lang.Object[],java.lang.String,int,int):3397:141528:noOfItems <= 0 |==> noOfItems < 0
1379:ROR:<=(int,int):==(int,int):org.apache.commons.lang3.StringUtils@join(java.lang.Object[],java.lang.String,int,int):3397:141528:noOfItems <= 0 |==> noOfItems == 0
1380:ROR:<=(int,int):TRUE(int,int):org.apache.commons.lang3.StringUtils@join(java.lang.Object[],java.lang.String,int,int):3397:141538:noOfItems <= 0 |==> true
1381:LVR:POS:0:org.apache.commons.lang3.StringUtils@join(java.lang.Object[],java.lang.String,int,int):3401:141641:16 |==> 0
1382:LVR:POS:NEG:org.apache.commons.lang3.StringUtils@join(java.lang.Object[],java.lang.String,int,int):3401:141641:16 |==> -16
1383:AOR:*(int,int):%(int,int):org.apache.commons.lang3.StringUtils@join(java.lang.Object[],java.lang.String,int,int):3401:141629:noOfItems * 16 |==> noOfItems % 16
1384:AOR:*(int,int):+(int,int):org.apache.commons.lang3.StringUtils@join(java.lang.Object[],java.lang.String,int,int):3401:141629:noOfItems * 16 |==> noOfItems + 16
1385:AOR:*(int,int):-(int,int):org.apache.commons.lang3.StringUtils@join(java.lang.Object[],java.lang.String,int,int):3401:141629:noOfItems * 16 |==> noOfItems - 16
1386:AOR:*(int,int):/(int,int):org.apache.commons.lang3.StringUtils@join(java.lang.Object[],java.lang.String,int,int):3401:141629:noOfItems * 16 |==> noOfItems / 16
1387:ROR:<(int,int):!=(int,int):org.apache.commons.lang3.StringUtils@join(java.lang.Object[],java.lang.String,int,int):3403:141680:i < endIndex |==> i != endIndex
1388:ROR:<(int,int):<=(int,int):org.apache.commons.lang3.StringUtils@join(java.lang.Object[],java.lang.String,int,int):3403:141680:i < endIndex |==> i <= endIndex
1389:ROR:<(int,int):FALSE(int,int):org.apache.commons.lang3.StringUtils@join(java.lang.Object[],java.lang.String,int,int):3403:141682:i < endIndex |==> false
1390:ROR:>(int,int):!=(int,int):org.apache.commons.lang3.StringUtils@join(java.lang.Object[],java.lang.String,int,int):3404:141717:i > startIndex |==> i != startIndex
1391:ROR:>(int,int):>=(int,int):org.apache.commons.lang3.StringUtils@join(java.lang.Object[],java.lang.String,int,int):3404:141717:i > startIndex |==> i >= startIndex
1392:ROR:>(int,int):FALSE(int,int):org.apache.commons.lang3.StringUtils@join(java.lang.Object[],java.lang.String,int,int):3404:141719:i > startIndex |==> false
1393:STD:<CALL>:<NO-OP>:org.apache.commons.lang3.StringUtils@join(java.lang.Object[],java.lang.String,int,int):3405:141751:buf.append(separator); |==> <NO-OP>
1394:ROR:!=(java.lang.Object,java.lang.Object):TRUE(java.lang.Object,java.lang.Object):org.apache.commons.lang3.StringUtils@join(java.lang.Object[],java.lang.String,int,int):3407:141813:array[i] != null |==> true
1395:STD:<CALL>:<NO-OP>:org.apache.commons.lang3.StringUtils@join(java.lang.Object[],java.lang.String,int,int):3408:141840:buf.append(array[i]); |==> <NO-OP>
1396:ROR:==(java.lang.Object,java.lang.Object):FALSE(java.lang.Object,java.lang.Object):org.apache.commons.lang3.StringUtils@join(java.util.Iterator<?>,char):3431:142703:iterator == null |==> false
1397:COR:<METHOD_INVOCATION(boolean)>:FALSE:org.apache.commons.lang3.StringUtils@join(java.util.Iterator<?>,char):3434:142778:iterator.hasNext() |==> false
1398:COR:<METHOD_INVOCATION(boolean)>:TRUE:org.apache.commons.lang3.StringUtils@join(java.util.Iterator<?>,char):3434:142778:iterator.hasNext() |==> true
1399:COR:<METHOD_INVOCATION(boolean)>:FALSE:org.apache.commons.lang3.StringUtils@join(java.util.Iterator<?>,char):3438:142889:iterator.hasNext() |==> false
1400:COR:<METHOD_INVOCATION(boolean)>:TRUE:org.apache.commons.lang3.StringUtils@join(java.util.Iterator<?>,char):3438:142889:iterator.hasNext() |==> true
1401:LVR:POS:0:org.apache.commons.lang3.StringUtils@join(java.util.Iterator<?>,char):3443:143032:256 |==> 0
1402:LVR:POS:NEG:org.apache.commons.lang3.StringUtils@join(java.util.Iterator<?>,char):3443:143032:256 |==> -256
1403:ROR:!=(java.lang.Object,java.lang.Object):TRUE(java.lang.Object,java.lang.Object):org.apache.commons.lang3.StringUtils@join(java.util.Iterator<?>,char):3444:143098:first != null |==> true
1404:STD:<CALL>:<NO-OP>:org.apache.commons.lang3.StringUtils@join(java.util.Iterator<?>,char):3445:143121:buf.append(first); |==> <NO-OP>
1405:STD:<CALL>:<NO-OP>:org.apache.commons.lang3.StringUtils@join(java.util.Iterator<?>,char):3449:143200:buf.append(separator); |==> <NO-OP>
1406:ROR:!=(java.lang.Object,java.lang.Object):TRUE(java.lang.Object,java.lang.Object):org.apache.commons.lang3.StringUtils@join(java.util.Iterator<?>,char):3451:143285:obj != null |==> true
1407:STD:<CALL>:<NO-OP>:org.apache.commons.lang3.StringUtils@join(java.util.Iterator<?>,char):3452:143312:buf.append(obj); |==> <NO-OP>
1408:ROR:==(java.lang.Object,java.lang.Object):FALSE(java.lang.Object,java.lang.Object):org.apache.commons.lang3.StringUtils@join(java.util.Iterator<?>,java.lang.String):3475:144154:iterator == null |==> false
1409:COR:<METHOD_INVOCATION(boolean)>:FALSE:org.apache.commons.lang3.StringUtils@join(java.util.Iterator<?>,java.lang.String):3478:144229:iterator.hasNext() |==> false
1410:COR:<METHOD_INVOCATION(boolean)>:TRUE:org.apache.commons.lang3.StringUtils@join(java.util.Iterator<?>,java.lang.String):3478:144229:iterator.hasNext() |==> true
1411:COR:<METHOD_INVOCATION(boolean)>:FALSE:org.apache.commons.lang3.StringUtils@join(java.util.Iterator<?>,java.lang.String):3482:144340:iterator.hasNext() |==> false
1412:COR:<METHOD_INVOCATION(boolean)>:TRUE:org.apache.commons.lang3.StringUtils@join(java.util.Iterator<?>,java.lang.String):3482:144340:iterator.hasNext() |==> true
1413:LVR:POS:0:org.apache.commons.lang3.StringUtils@join(java.util.Iterator<?>,java.lang.String):3487:144483:256 |==> 0
1414:LVR:POS:NEG:org.apache.commons.lang3.StringUtils@join(java.util.Iterator<?>,java.lang.String):3487:144483:256 |==> -256
1415:ROR:!=(java.lang.Object,java.lang.Object):TRUE(java.lang.Object,java.lang.Object):org.apache.commons.lang3.StringUtils@join(java.util.Iterator<?>,java.lang.String):3488:144549:first != null |==> true
1416:STD:<CALL>:<NO-OP>:org.apache.commons.lang3.StringUtils@join(java.util.Iterator<?>,java.lang.String):3489:144572:buf.append(first); |==> <NO-OP>
1417:ROR:!=(java.lang.Object,java.lang.Object):TRUE(java.lang.Object,java.lang.Object):org.apache.commons.lang3.StringUtils@join(java.util.Iterator<?>,java.lang.String):3493:144665:separator != null |==> true
1418:STD:<CALL>:<NO-OP>:org.apache.commons.lang3.StringUtils@join(java.util.Iterator<?>,java.lang.String):3494:144692:buf.append(separator); |==> <NO-OP>
1419:ROR:!=(java.lang.Object,java.lang.Object):TRUE(java.lang.Object,java.lang.Object):org.apache.commons.lang3.StringUtils@join(java.util.Iterator<?>,java.lang.String):3497:144791:obj != null |==> true
1420:STD:<CALL>:<NO-OP>:org.apache.commons.lang3.StringUtils@join(java.util.Iterator<?>,java.lang.String):3498:144818:buf.append(obj); |==> <NO-OP>
1421:ROR:==(java.lang.Object,java.lang.Object):FALSE(java.lang.Object,java.lang.Object):org.apache.commons.lang3.StringUtils@join(java.lang.Iterable<?>,char):3519:145615:iterable == null |==> false
1422:ROR:==(java.lang.Object,java.lang.Object):FALSE(java.lang.Object,java.lang.Object):org.apache.commons.lang3.StringUtils@join(java.lang.Iterable<?>,java.lang.String):3540:146440:iterable == null |==> false
1423:COR:<METHOD_INVOCATION(boolean)>:FALSE:org.apache.commons.lang3.StringUtils@deleteWhitespace(java.lang.String):3563:147259:isEmpty(str) |==> false
1424:COR:<METHOD_INVOCATION(boolean)>:TRUE:org.apache.commons.lang3.StringUtils@deleteWhitespace(java.lang.String):3563:147259:isEmpty(str) |==> true
1425:LVR:0:POS:org.apache.commons.lang3.StringUtils@deleteWhitespace(java.lang.String):3568:147388:0 |==> 1
1426:LVR:0:NEG:org.apache.commons.lang3.StringUtils@deleteWhitespace(java.lang.String):3568:147388:0 |==> -1
1427:LVR:0:POS:org.apache.commons.lang3.StringUtils@deleteWhitespace(java.lang.String):3569:147412:0 |==> 1
1428:LVR:0:NEG:org.apache.commons.lang3.StringUtils@deleteWhitespace(java.lang.String):3569:147412:0 |==> -1
1429:ROR:<(int,int):!=(int,int):org.apache.commons.lang3.StringUtils@deleteWhitespace(java.lang.String):3569:147415:i < sz |==> i != sz
1430:ROR:<(int,int):<=(int,int):org.apache.commons.lang3.StringUtils@deleteWhitespace(java.lang.String):3569:147415:i < sz |==> i <= sz
1431:ROR:<(int,int):FALSE(int,int):org.apache.commons.lang3.StringUtils@deleteWhitespace(java.lang.String):3569:147417:i < sz |==> false
1432:COR:<METHOD_INVOCATION(boolean)>:FALSE:org.apache.commons.lang3.StringUtils@deleteWhitespace(java.lang.String):3570:147469:Character.isWhitespace(str.charAt(i)) |==> false
1433:COR:<METHOD_INVOCATION(boolean)>:TRUE:org.apache.commons.lang3.StringUtils@deleteWhitespace(java.lang.String):3570:147469:Character.isWhitespace(str.charAt(i)) |==> true
1434:STD:<ASSIGN>:<NO-OP>:org.apache.commons.lang3.StringUtils@deleteWhitespace(java.lang.String):3571:147504:chs[count++] = str.charAt(i); |==> <NO-OP>
1435:ROR:==(int,int):<=(int,int):org.apache.commons.lang3.StringUtils@deleteWhitespace(java.lang.String):3574:147570:count == sz |==> count <= sz
1436:ROR:==(int,int):>=(int,int):org.apache.commons.lang3.StringUtils@deleteWhitespace(java.lang.String):3574:147570:count == sz |==> count >= sz
1437:ROR:==(int,int):FALSE(int,int):org.apache.commons.lang3.StringUtils@deleteWhitespace(java.lang.String):3574:147576:count == sz |==> false
1438:LVR:0:POS:org.apache.commons.lang3.StringUtils@deleteWhitespace(java.lang.String):3577:147650:0 |==> 1
1439:LVR:0:NEG:org.apache.commons.lang3.StringUtils@deleteWhitespace(java.lang.String):3577:147650:0 |==> -1
1440:COR:||(boolean,boolean):!=(boolean,boolean):org.apache.commons.lang3.StringUtils@removeStart(java.lang.String,java.lang.String):3607:148916:isEmpty(str) || isEmpty(remove) |==> isEmpty(str) != isEmpty(remove)
1441:COR:||(boolean,boolean):LHS(boolean,boolean):org.apache.commons.lang3.StringUtils@removeStart(java.lang.String,java.lang.String):3607:148916:isEmpty(str) || isEmpty(remove) |==> isEmpty(str)
1442:COR:||(boolean,boolean):RHS(boolean,boolean):org.apache.commons.lang3.StringUtils@removeStart(java.lang.String,java.lang.String):3607:148932:isEmpty(str) || isEmpty(remove) |==> isEmpty(remove)
1443:COR:||(boolean,boolean):TRUE(boolean,boolean):org.apache.commons.lang3.StringUtils@removeStart(java.lang.String,java.lang.String):3607:148929:isEmpty(str) || isEmpty(remove) |==> true
1444:COR:<METHOD_INVOCATION(boolean)>:FALSE:org.apache.commons.lang3.StringUtils@removeStart(java.lang.String,java.lang.String):3610:149011:str.startsWith(remove) |==> false
1445:COR:<METHOD_INVOCATION(boolean)>:TRUE:org.apache.commons.lang3.StringUtils@removeStart(java.lang.String,java.lang.String):3610:149011:str.startsWith(remove) |==> true
1446:COR:||(boolean,boolean):!=(boolean,boolean):org.apache.commons.lang3.StringUtils@removeStartIgnoreCase(java.lang.String,java.lang.String):3642:150464:isEmpty(str) || isEmpty(remove) |==> isEmpty(str) != isEmpty(remove)
1447:COR:||(boolean,boolean):LHS(boolean,boolean):org.apache.commons.lang3.StringUtils@removeStartIgnoreCase(java.lang.String,java.lang.String):3642:150464:isEmpty(str) || isEmpty(remove) |==> isEmpty(str)
1448:COR:||(boolean,boolean):RHS(boolean,boolean):org.apache.commons.lang3.StringUtils@removeStartIgnoreCase(java.lang.String,java.lang.String):3642:150480:isEmpty(str) || isEmpty(remove) |==> isEmpty(remove)
1449:COR:||(boolean,boolean):TRUE(boolean,boolean):org.apache.commons.lang3.StringUtils@removeStartIgnoreCase(java.lang.String,java.lang.String):3642:150477:isEmpty(str) || isEmpty(remove) |==> true
1450:COR:<METHOD_INVOCATION(boolean)>:FALSE:org.apache.commons.lang3.StringUtils@removeStartIgnoreCase(java.lang.String,java.lang.String):3645:150565:startsWithIgnoreCase(str, remove) |==> false
1451:COR:<METHOD_INVOCATION(boolean)>:TRUE:org.apache.commons.lang3.StringUtils@removeStartIgnoreCase(java.lang.String,java.lang.String):3645:150565:startsWithIgnoreCase(str, remove) |==> true
1452:COR:||(boolean,boolean):!=(boolean,boolean):org.apache.commons.lang3.StringUtils@removeEnd(java.lang.String,java.lang.String):3676:151808:isEmpty(str) || isEmpty(remove) |==> isEmpty(str) != isEmpty(remove)
1453:COR:||(boolean,boolean):LHS(boolean,boolean):org.apache.commons.lang3.StringUtils@removeEnd(java.lang.String,java.lang.String):3676:151808:isEmpty(str) || isEmpty(remove) |==> isEmpty(str)
1454:COR:||(boolean,boolean):RHS(boolean,boolean):org.apache.commons.lang3.StringUtils@removeEnd(java.lang.String,java.lang.String):3676:151824:isEmpty(str) || isEmpty(remove) |==> isEmpty(remove)
1455:COR:||(boolean,boolean):TRUE(boolean,boolean):org.apache.commons.lang3.StringUtils@removeEnd(java.lang.String,java.lang.String):3676:151821:isEmpty(str) || isEmpty(remove) |==> true
1456:COR:<METHOD_INVOCATION(boolean)>:FALSE:org.apache.commons.lang3.StringUtils@removeEnd(java.lang.String,java.lang.String):3679:151901:str.endsWith(remove) |==> false
1457:COR:<METHOD_INVOCATION(boolean)>:TRUE:org.apache.commons.lang3.StringUtils@removeEnd(java.lang.String,java.lang.String):3679:151901:str.endsWith(remove) |==> true
1458:LVR:0:POS:org.apache.commons.lang3.StringUtils@removeEnd(java.lang.String,java.lang.String):3680:151946:0 |==> 1
1459:LVR:0:NEG:org.apache.commons.lang3.StringUtils@removeEnd(java.lang.String,java.lang.String):3680:151946:0 |==> -1
1460:AOR:-(int,int):%(int,int):org.apache.commons.lang3.StringUtils@removeEnd(java.lang.String,java.lang.String):3680:151949:str.length() - remove.length() |==> str.length() % remove.length()
1461:AOR:-(int,int):*(int,int):org.apache.commons.lang3.StringUtils@removeEnd(java.lang.String,java.lang.String):3680:151949:str.length() - remove.length() |==> str.length() * remove.length()
1462:AOR:-(int,int):+(int,int):org.apache.commons.lang3.StringUtils@removeEnd(java.lang.String,java.lang.String):3680:151949:str.length() - remove.length() |==> str.length() + remove.length()
1463:AOR:-(int,int):/(int,int):org.apache.commons.lang3.StringUtils@removeEnd(java.lang.String,java.lang.String):3680:151949:str.length() - remove.length() |==> str.length() / remove.length()
1464:COR:||(boolean,boolean):!=(boolean,boolean):org.apache.commons.lang3.StringUtils@removeEndIgnoreCase(java.lang.String,java.lang.String):3712:153433:isEmpty(str) || isEmpty(remove) |==> isEmpty(str) != isEmpty(remove)
1465:COR:||(boolean,boolean):LHS(boolean,boolean):org.apache.commons.lang3.StringUtils@removeEndIgnoreCase(java.lang.String,java.lang.String):3712:153433:isEmpty(str) || isEmpty(remove) |==> isEmpty(str)
1466:COR:||(boolean,boolean):RHS(boolean,boolean):org.apache.commons.lang3.StringUtils@removeEndIgnoreCase(java.lang.String,java.lang.String):3712:153449:isEmpty(str) || isEmpty(remove) |==> isEmpty(remove)
1467:COR:||(boolean,boolean):TRUE(boolean,boolean):org.apache.commons.lang3.StringUtils@removeEndIgnoreCase(java.lang.String,java.lang.String):3712:153446:isEmpty(str) || isEmpty(remove) |==> true
1468:COR:<METHOD_INVOCATION(boolean)>:FALSE:org.apache.commons.lang3.StringUtils@removeEndIgnoreCase(java.lang.String,java.lang.String):3715:153532:endsWithIgnoreCase(str, remove) |==> false
1469:COR:<METHOD_INVOCATION(boolean)>:TRUE:org.apache.commons.lang3.StringUtils@removeEndIgnoreCase(java.lang.String,java.lang.String):3715:153532:endsWithIgnoreCase(str, remove) |==> true
1470:LVR:0:POS:org.apache.commons.lang3.StringUtils@removeEndIgnoreCase(java.lang.String,java.lang.String):3716:153582:0 |==> 1
1471:LVR:0:NEG:org.apache.commons.lang3.StringUtils@removeEndIgnoreCase(java.lang.String,java.lang.String):3716:153582:0 |==> -1
1472:AOR:-(int,int):%(int,int):org.apache.commons.lang3.StringUtils@removeEndIgnoreCase(java.lang.String,java.lang.String):3716:153585:str.length() - remove.length() |==> str.length() % remove.length()
1473:AOR:-(int,int):*(int,int):org.apache.commons.lang3.StringUtils@removeEndIgnoreCase(java.lang.String,java.lang.String):3716:153585:str.length() - remove.length() |==> str.length() * remove.length()
1474:AOR:-(int,int):+(int,int):org.apache.commons.lang3.StringUtils@removeEndIgnoreCase(java.lang.String,java.lang.String):3716:153585:str.length() - remove.length() |==> str.length() + remove.length()
1475:AOR:-(int,int):/(int,int):org.apache.commons.lang3.StringUtils@removeEndIgnoreCase(java.lang.String,java.lang.String):3716:153585:str.length() - remove.length() |==> str.length() / remove.length()
1476:COR:||(boolean,boolean):!=(boolean,boolean):org.apache.commons.lang3.StringUtils@remove(java.lang.String,java.lang.String):3745:154687:isEmpty(str) || isEmpty(remove) |==> isEmpty(str) != isEmpty(remove)
1477:COR:||(boolean,boolean):LHS(boolean,boolean):org.apache.commons.lang3.StringUtils@remove(java.lang.String,java.lang.String):3745:154687:isEmpty(str) || isEmpty(remove) |==> isEmpty(str)
1478:COR:||(boolean,boolean):RHS(boolean,boolean):org.apache.commons.lang3.StringUtils@remove(java.lang.String,java.lang.String):3745:154703:isEmpty(str) || isEmpty(remove) |==> isEmpty(remove)
1479:COR:||(boolean,boolean):TRUE(boolean,boolean):org.apache.commons.lang3.StringUtils@remove(java.lang.String,java.lang.String):3745:154700:isEmpty(str) || isEmpty(remove) |==> true
1480:LVR:NEG:0:org.apache.commons.lang3.StringUtils@remove(java.lang.String,java.lang.String):3748:154799:-1 |==> 0
1481:LVR:NEG:POS:org.apache.commons.lang3.StringUtils@remove(java.lang.String,java.lang.String):3748:154799:-1 |==> 1
1482:ROR:==(int,int):>=(int,int):org.apache.commons.lang3.StringUtils@remove(java.lang.String,char):3771:155626:str.indexOf(remove) == INDEX_NOT_FOUND |==> str.indexOf(remove) >= INDEX_NOT_FOUND
1483:ROR:==(int,int):FALSE(int,int):org.apache.commons.lang3.StringUtils@remove(java.lang.String,char):3771:155646:str.indexOf(remove) == INDEX_NOT_FOUND |==> false
1484:COR:||(boolean,boolean):!=(boolean,boolean):org.apache.commons.lang3.StringUtils@remove(java.lang.String,char):3771:155610:isEmpty(str) || str.indexOf(remove) == INDEX_NOT_FOUND |==> isEmpty(str) != (str.indexOf(remove) == INDEX_NOT_FOUND)
1485:COR:||(boolean,boolean):LHS(boolean,boolean):org.apache.commons.lang3.StringUtils@remove(java.lang.String,char):3771:155610:isEmpty(str) || str.indexOf(remove) == INDEX_NOT_FOUND |==> isEmpty(str)
1486:COR:||(boolean,boolean):RHS(boolean,boolean):org.apache.commons.lang3.StringUtils@remove(java.lang.String,char):3771:155626:isEmpty(str) || str.indexOf(remove) == INDEX_NOT_FOUND |==> str.indexOf(remove) == INDEX_NOT_FOUND
1487:COR:||(boolean,boolean):TRUE(boolean,boolean):org.apache.commons.lang3.StringUtils@remove(java.lang.String,char):3771:155623:isEmpty(str) || str.indexOf(remove) == INDEX_NOT_FOUND |==> true
1488:LVR:0:POS:org.apache.commons.lang3.StringUtils@remove(java.lang.String,char):3775:155762:0 |==> 1
1489:LVR:0:NEG:org.apache.commons.lang3.StringUtils@remove(java.lang.String,char):3775:155762:0 |==> -1
1490:LVR:0:POS:org.apache.commons.lang3.StringUtils@remove(java.lang.String,char):3776:155786:0 |==> 1
1491:LVR:0:NEG:org.apache.commons.lang3.StringUtils@remove(java.lang.String,char):3776:155786:0 |==> -1
1492:ROR:<(int,int):<=(int,int):org.apache.commons.lang3.StringUtils@remove(java.lang.String,char):3776:155789:i < chars.length |==> i <= chars.length
1493:ROR:<(int,int):FALSE(int,int):org.apache.commons.lang3.StringUtils@remove(java.lang.String,char):3776:155791:i < chars.length |==> false
1494:ROR:!=(int,int):<(int,int):org.apache.commons.lang3.StringUtils@remove(java.lang.String,char):3777:155830:chars[i] != remove |==> chars[i] < remove
1495:ROR:!=(int,int):>(int,int):org.apache.commons.lang3.StringUtils@remove(java.lang.String,char):3777:155830:chars[i] != remove |==> chars[i] > remove
1496:ROR:!=(int,int):TRUE(int,int):org.apache.commons.lang3.StringUtils@remove(java.lang.String,char):3777:155839:chars[i] != remove |==> true
1497:STD:<ASSIGN>:<NO-OP>:org.apache.commons.lang3.StringUtils@remove(java.lang.String,char):3778:155868:chars[pos++] = chars[i]; |==> <NO-OP>
1498:LVR:0:POS:org.apache.commons.lang3.StringUtils@remove(java.lang.String,char):3781:155950:0 |==> 1
1499:LVR:0:NEG:org.apache.commons.lang3.StringUtils@remove(java.lang.String,char):3781:155950:0 |==> -1
1500:LVR:POS:0:org.apache.commons.lang3.StringUtils@replaceOnce(java.lang.String,java.lang.String,java.lang.String):3810:157267:1 |==> 0
1501:LVR:POS:NEG:org.apache.commons.lang3.StringUtils@replaceOnce(java.lang.String,java.lang.String,java.lang.String):3810:157267:1 |==> -1
1502:LVR:NEG:0:org.apache.commons.lang3.StringUtils@replace(java.lang.String,java.lang.String,java.lang.String):3837:158442:-1 |==> 0
1503:LVR:NEG:POS:org.apache.commons.lang3.StringUtils@replace(java.lang.String,java.lang.String,java.lang.String):3837:158442:-1 |==> 1
1504:COR:||(boolean,boolean):!=(boolean,boolean):org.apache.commons.lang3.StringUtils@replace(java.lang.String,java.lang.String,java.lang.String,int):3869:159916:isEmpty(text) || isEmpty(searchString) |==> isEmpty(text) != isEmpty(searchString)
1505:COR:||(boolean,boolean):LHS(boolean,boolean):org.apache.commons.lang3.StringUtils@replace(java.lang.String,java.lang.String,java.lang.String,int):3869:159916:isEmpty(text) || isEmpty(searchString) |==> isEmpty(text)
1506:COR:||(boolean,boolean):RHS(boolean,boolean):org.apache.commons.lang3.StringUtils@replace(java.lang.String,java.lang.String,java.lang.String,int):3869:159933:isEmpty(text) || isEmpty(searchString) |==> isEmpty(searchString)
1507:COR:||(boolean,boolean):TRUE(boolean,boolean):org.apache.commons.lang3.StringUtils@replace(java.lang.String,java.lang.String,java.lang.String,int):3869:159930:isEmpty(text) || isEmpty(searchString) |==> true
1508:ROR:==(java.lang.Object,java.lang.Object):FALSE(java.lang.Object,java.lang.Object):org.apache.commons.lang3.StringUtils@replace(java.lang.String,java.lang.String,java.lang.String,int):3869:159970:replacement == null |==> false
1509:COR:||(boolean,boolean):!=(boolean,boolean):org.apache.commons.lang3.StringUtils@replace(java.lang.String,java.lang.String,java.lang.String,int):3869:159916:isEmpty(text) || isEmpty(searchString) || replacement == null |==> (isEmpty(text) || isEmpty(searchString)) != (replacement == null)
1510:COR:||(boolean,boolean):LHS(boolean,boolean):org.apache.commons.lang3.StringUtils@replace(java.lang.String,java.lang.String,java.lang.String,int):3869:159916:isEmpty(text) || isEmpty(searchString) || replacement == null |==> isEmpty(text) || isEmpty(searchString)
1511:COR:||(boolean,boolean):RHS(boolean,boolean):org.apache.commons.lang3.StringUtils@replace(java.lang.String,java.lang.String,java.lang.String,int):3869:159958:isEmpty(text) || isEmpty(searchString) || replacement == null |==> replacement == null
1512:COR:||(boolean,boolean):TRUE(boolean,boolean):org.apache.commons.lang3.StringUtils@replace(java.lang.String,java.lang.String,java.lang.String,int):3869:159955:isEmpty(text) || isEmpty(searchString) || replacement == null |==> true
1513:LVR:0:POS:org.apache.commons.lang3.StringUtils@replace(java.lang.String,java.lang.String,java.lang.String,int):3869:159988:0 |==> 1
1514:LVR:0:NEG:org.apache.commons.lang3.StringUtils@replace(java.lang.String,java.lang.String,java.lang.String,int):3869:159988:0 |==> -1
1515:ROR:==(int,int):<=(int,int):org.apache.commons.lang3.StringUtils@replace(java.lang.String,java.lang.String,java.lang.String,int):3869:159981:max == 0 |==> max <= 0
1516:ROR:==(int,int):>=(int,int):org.apache.commons.lang3.StringUtils@replace(java.lang.String,java.lang.String,java.lang.String,int):3869:159981:max == 0 |==> max >= 0
1517:ROR:==(int,int):FALSE(int,int):org.apache.commons.lang3.StringUtils@replace(java.lang.String,java.lang.String,java.lang.String,int):3869:159985:max == 0 |==> false
1518:COR:||(boolean,boolean):!=(boolean,boolean):org.apache.commons.lang3.StringUtils@replace(java.lang.String,java.lang.String,java.lang.String,int):3869:159916:isEmpty(text) || isEmpty(searchString) || replacement == null || max == 0 |==> (isEmpty(text) || isEmpty(searchString) || replacement == null) != (max == 0)
1519:COR:||(boolean,boolean):LHS(boolean,boolean):org.apache.commons.lang3.StringUtils@replace(java.lang.String,java.lang.String,java.lang.String,int):3869:159916:isEmpty(text) || isEmpty(searchString) || replacement == null || max == 0 |==> isEmpty(text) || isEmpty(searchString) || replacement == null
1520:COR:||(boolean,boolean):RHS(boolean,boolean):org.apache.commons.lang3.StringUtils@replace(java.lang.String,java.lang.String,java.lang.String,int):3869:159981:isEmpty(text) || isEmpty(searchString) || replacement == null || max == 0 |==> max == 0
1521:COR:||(boolean,boolean):TRUE(boolean,boolean):org.apache.commons.lang3.StringUtils@replace(java.lang.String,java.lang.String,java.lang.String,int):3869:159978:isEmpty(text) || isEmpty(searchString) || replacement == null || max == 0 |==> true
1522:LVR:0:POS:org.apache.commons.lang3.StringUtils@replace(java.lang.String,java.lang.String,java.lang.String,int):3872:160048:0 |==> 1
1523:LVR:0:NEG:org.apache.commons.lang3.StringUtils@replace(java.lang.String,java.lang.String,java.lang.String,int):3872:160048:0 |==> -1
1524:ROR:==(int,int):<=(int,int):org.apache.commons.lang3.StringUtils@replace(java.lang.String,java.lang.String,java.lang.String,int):3874:160116:end == INDEX_NOT_FOUND |==> end <= INDEX_NOT_FOUND
1525:ROR:==(int,int):>=(int,int):org.apache.commons.lang3.StringUtils@replace(java.lang.String,java.lang.String,java.lang.String,int):3874:160116:end == INDEX_NOT_FOUND |==> end >= INDEX_NOT_FOUND
1526:ROR:==(int,int):FALSE(int,int):org.apache.commons.lang3.StringUtils@replace(java.lang.String,java.lang.String,java.lang.String,int):3874:160120:end == INDEX_NOT_FOUND |==> false
1527:AOR:-(int,int):%(int,int):org.apache.commons.lang3.StringUtils@replace(java.lang.String,java.lang.String,java.lang.String,int):3878:160248:replacement.length() - replLength |==> replacement.length() % replLength
1528:AOR:-(int,int):*(int,int):org.apache.commons.lang3.StringUtils@replace(java.lang.String,java.lang.String,java.lang.String,int):3878:160248:replacement.length() - replLength |==> replacement.length() * replLength
1529:AOR:-(int,int):+(int,int):org.apache.commons.lang3.StringUtils@replace(java.lang.String,java.lang.String,java.lang.String,int):3878:160248:replacement.length() - replLength |==> replacement.length() + replLength
1530:AOR:-(int,int):/(int,int):org.apache.commons.lang3.StringUtils@replace(java.lang.String,java.lang.String,java.lang.String,int):3878:160248:replacement.length() - replLength |==> replacement.length() / replLength
1531:LVR:0:POS:org.apache.commons.lang3.StringUtils@replace(java.lang.String,java.lang.String,java.lang.String,int):3879:160313:0 |==> 1
1532:LVR:0:NEG:org.apache.commons.lang3.StringUtils@replace(java.lang.String,java.lang.String,java.lang.String,int):3879:160313:0 |==> -1
1533:ROR:<(int,int):!=(int,int):org.apache.commons.lang3.StringUtils@replace(java.lang.String,java.lang.String,java.lang.String,int):3879:160302:increase < 0 |==> increase != 0
1534:ROR:<(int,int):<=(int,int):org.apache.commons.lang3.StringUtils@replace(java.lang.String,java.lang.String,java.lang.String,int):3879:160302:increase < 0 |==> increase <= 0
1535:ROR:<(int,int):FALSE(int,int):org.apache.commons.lang3.StringUtils@replace(java.lang.String,java.lang.String,java.lang.String,int):3879:160311:increase < 0 |==> false
1536:LVR:0:POS:org.apache.commons.lang3.StringUtils@replace(java.lang.String,java.lang.String,java.lang.String,int):3879:160317:0 |==> 1
1537:LVR:0:NEG:org.apache.commons.lang3.StringUtils@replace(java.lang.String,java.lang.String,java.lang.String,int):3879:160317:0 |==> -1
1538:STD:<ASSIGN>:<NO-OP>:org.apache.commons.lang3.StringUtils@replace(java.lang.String,java.lang.String,java.lang.String,int):3879:160291:increase = increase < 0 ? 0 : increase; |==> <NO-OP>
1539:LVR:0:POS:org.apache.commons.lang3.StringUtils@replace(java.lang.String,java.lang.String,java.lang.String,int):3880:160357:0 |==> 1
1540:LVR:0:NEG:org.apache.commons.lang3.StringUtils@replace(java.lang.String,java.lang.String,java.lang.String,int):3880:160357:0 |==> -1
1541:ROR:<(int,int):!=(int,int):org.apache.commons.lang3.StringUtils@replace(java.lang.String,java.lang.String,java.lang.String,int):3880:160351:max < 0 |==> max != 0
1542:ROR:<(int,int):<=(int,int):org.apache.commons.lang3.StringUtils@replace(java.lang.String,java.lang.String,java.lang.String,int):3880:160351:max < 0 |==> max <= 0
1543:ROR:<(int,int):FALSE(int,int):org.apache.commons.lang3.StringUtils@replace(java.lang.String,java.lang.String,java.lang.String,int):3880:160355:max < 0 |==> false
1544:LVR:POS:0:org.apache.commons.lang3.StringUtils@replace(java.lang.String,java.lang.String,java.lang.String,int):3880:160361:16 |==> 0
1545:LVR:POS:NEG:org.apache.commons.lang3.StringUtils@replace(java.lang.String,java.lang.String,java.lang.String,int):3880:160361:16 |==> -16
1546:LVR:POS:0:org.apache.commons.lang3.StringUtils@replace(java.lang.String,java.lang.String,java.lang.String,int):3880:160372:64 |==> 0
1547:LVR:POS:NEG:org.apache.commons.lang3.StringUtils@replace(java.lang.String,java.lang.String,java.lang.String,int):3880:160372:64 |==> -64
1548:ROR:>(int,int):!=(int,int):org.apache.commons.lang3.StringUtils@replace(java.lang.String,java.lang.String,java.lang.String,int):3880:160366:max > 64 |==> max != 64
1549:ROR:>(int,int):>=(int,int):org.apache.commons.lang3.StringUtils@replace(java.lang.String,java.lang.String,java.lang.String,int):3880:160366:max > 64 |==> max >= 64
1550:ROR:>(int,int):FALSE(int,int):org.apache.commons.lang3.StringUtils@replace(java.lang.String,java.lang.String,java.lang.String,int):3880:160370:max > 64 |==> false
1551:LVR:POS:0:org.apache.commons.lang3.StringUtils@replace(java.lang.String,java.lang.String,java.lang.String,int):3880:160377:64 |==> 0
1552:LVR:POS:NEG:org.apache.commons.lang3.StringUtils@replace(java.lang.String,java.lang.String,java.lang.String,int):3880:160377:64 |==> -64
1553:STD:<ASSIGN>:<NO-OP>:org.apache.commons.lang3.StringUtils@replace(java.lang.String,java.lang.String,java.lang.String,int):3880:160339:increase *= max < 0 ? 16 : max > 64 ? 64 : max; |==> <NO-OP>
1554:AOR:+(int,int):%(int,int):org.apache.commons.lang3.StringUtils@replace(java.lang.String,java.lang.String,java.lang.String,int):3881:160433:text.length() + increase |==> text.length() % increase
1555:AOR:+(int,int):*(int,int):org.apache.commons.lang3.StringUtils@replace(java.lang.String,java.lang.String,java.lang.String,int):3881:160433:text.length() + increase |==> text.length() * increase
1556:AOR:+(int,int):-(int,int):org.apache.commons.lang3.StringUtils@replace(java.lang.String,java.lang.String,java.lang.String,int):3881:160433:text.length() + increase |==> text.length() - increase
1557:AOR:+(int,int):/(int,int):org.apache.commons.lang3.StringUtils@replace(java.lang.String,java.lang.String,java.lang.String,int):3881:160433:text.length() + increase |==> text.length() / increase
1558:ROR:!=(int,int):<(int,int):org.apache.commons.lang3.StringUtils@replace(java.lang.String,java.lang.String,java.lang.String,int):3882:160475:end != INDEX_NOT_FOUND |==> end < INDEX_NOT_FOUND
1559:ROR:!=(int,int):>(int,int):org.apache.commons.lang3.StringUtils@replace(java.lang.String,java.lang.String,java.lang.String,int):3882:160475:end != INDEX_NOT_FOUND |==> end > INDEX_NOT_FOUND
1560:ROR:!=(int,int):TRUE(int,int):org.apache.commons.lang3.StringUtils@replace(java.lang.String,java.lang.String,java.lang.String,int):3882:160479:end != INDEX_NOT_FOUND |==> true
1561:STD:<CALL>:<NO-OP>:org.apache.commons.lang3.StringUtils@replace(java.lang.String,java.lang.String,java.lang.String,int):3883:160513:buf.append(text.substring(start, end)).append(replacement); |==> <NO-OP>
1562:AOR:+(int,int):%(int,int):org.apache.commons.lang3.StringUtils@replace(java.lang.String,java.lang.String,java.lang.String,int):3884:160593:end + replLength |==> end % replLength
1563:AOR:+(int,int):*(int,int):org.apache.commons.lang3.StringUtils@replace(java.lang.String,java.lang.String,java.lang.String,int):3884:160593:end + replLength |==> end * replLength
1564:AOR:+(int,int):-(int,int):org.apache.commons.lang3.StringUtils@replace(java.lang.String,java.lang.String,java.lang.String,int):3884:160593:end + replLength |==> end - replLength
1565:AOR:+(int,int):/(int,int):org.apache.commons.lang3.StringUtils@replace(java.lang.String,java.lang.String,java.lang.String,int):3884:160593:end + replLength |==> end / replLength
1566:STD:<ASSIGN>:<NO-OP>:org.apache.commons.lang3.StringUtils@replace(java.lang.String,java.lang.String,java.lang.String,int):3884:160585:start = end + replLength; |==> <NO-OP>
1567:LVR:0:POS:org.apache.commons.lang3.StringUtils@replace(java.lang.String,java.lang.String,java.lang.String,int):3885:160636:0 |==> 1
1568:LVR:0:NEG:org.apache.commons.lang3.StringUtils@replace(java.lang.String,java.lang.String,java.lang.String,int):3885:160636:0 |==> -1
1569:ROR:==(int,int):<=(int,int):org.apache.commons.lang3.StringUtils@replace(java.lang.String,java.lang.String,java.lang.String,int):3885:160627:--max == 0 |==> --max <= 0
1570:ROR:==(int,int):>=(int,int):org.apache.commons.lang3.StringUtils@replace(java.lang.String,java.lang.String,java.lang.String,int):3885:160627:--max == 0 |==> --max >= 0
1571:ROR:==(int,int):FALSE(int,int):org.apache.commons.lang3.StringUtils@replace(java.lang.String,java.lang.String,java.lang.String,int):3885:160633:--max == 0 |==> false
1572:STD:<ASSIGN>:<NO-OP>:org.apache.commons.lang3.StringUtils@replace(java.lang.String,java.lang.String,java.lang.String,int):3888:160690:end = text.indexOf(searchString, start); |==> <NO-OP>
1573:STD:<CALL>:<NO-OP>:org.apache.commons.lang3.StringUtils@replace(java.lang.String,java.lang.String,java.lang.String,int):3890:160749:buf.append(text.substring(start)); |==> <NO-OP>
1574:LVR:FALSE:TRUE:org.apache.commons.lang3.StringUtils@replaceEach(java.lang.String,java.lang.String[],java.lang.String[]):3934:162742:false |==> true
1575:LVR:0:POS:org.apache.commons.lang3.StringUtils@replaceEach(java.lang.String,java.lang.String[],java.lang.String[]):3934:162749:0 |==> 1
1576:LVR:0:NEG:org.apache.commons.lang3.StringUtils@replaceEach(java.lang.String,java.lang.String[],java.lang.String[]):3934:162749:0 |==> -1
1577:ROR:==(java.lang.Object,java.lang.Object):FALSE(java.lang.Object,java.lang.Object):org.apache.commons.lang3.StringUtils@replaceEachRepeatedly(java.lang.String,java.lang.String[],java.lang.String[]):3984:165222:searchList == null |==> false
1578:LVR:0:POS:org.apache.commons.lang3.StringUtils@replaceEachRepeatedly(java.lang.String,java.lang.String[],java.lang.String[]):3984:165232:0 |==> 1
1579:LVR:0:NEG:org.apache.commons.lang3.StringUtils@replaceEachRepeatedly(java.lang.String,java.lang.String[],java.lang.String[]):3984:165232:0 |==> -1
1580:LVR:TRUE:FALSE:org.apache.commons.lang3.StringUtils@replaceEachRepeatedly(java.lang.String,java.lang.String[],java.lang.String[]):3985:165317:true |==> false
1581:ROR:==(java.lang.Object,java.lang.Object):FALSE(java.lang.Object,java.lang.Object):org.apache.commons.lang3.StringUtils@replaceEach(java.lang.String,java.lang.String[],java.lang.String[],boolean,int):4042:168030:text == null |==> false
1582:LVR:0:POS:org.apache.commons.lang3.StringUtils@replaceEach(java.lang.String,java.lang.String[],java.lang.String[],boolean,int):4042:168058:0 |==> 1
1583:LVR:0:NEG:org.apache.commons.lang3.StringUtils@replaceEach(java.lang.String,java.lang.String[],java.lang.String[],boolean,int):4042:168058:0 |==> -1
1584:ROR:==(int,int):>=(int,int):org.apache.commons.lang3.StringUtils@replaceEach(java.lang.String,java.lang.String[],java.lang.String[],boolean,int):4042:168041:text.length() == 0 |==> text.length() >= 0
1585:ROR:==(int,int):FALSE(int,int):org.apache.commons.lang3.StringUtils@replaceEach(java.lang.String,java.lang.String[],java.lang.String[],boolean,int):4042:168055:text.length() == 0 |==> false
1586:COR:||(boolean,boolean):!=(boolean,boolean):org.apache.commons.lang3.StringUtils@replaceEach(java.lang.String,java.lang.String[],java.lang.String[],boolean,int):4042:168025:text == null || text.length() == 0 |==> text == null != (text.length() == 0)
1587:COR:||(boolean,boolean):LHS(boolean,boolean):org.apache.commons.lang3.StringUtils@replaceEach(java.lang.String,java.lang.String[],java.lang.String[],boolean,int):4042:168025:text == null || text.length() == 0 |==> text == null
1588:COR:||(boolean,boolean):RHS(boolean,boolean):org.apache.commons.lang3.StringUtils@replaceEach(java.lang.String,java.lang.String[],java.lang.String[],boolean,int):4042:168041:text == null || text.length() == 0 |==> text.length() == 0
1589:COR:||(boolean,boolean):TRUE(boolean,boolean):org.apache.commons.lang3.StringUtils@replaceEach(java.lang.String,java.lang.String[],java.lang.String[],boolean,int):4042:168038:text == null || text.length() == 0 |==> true
1590:ROR:==(java.lang.Object,java.lang.Object):FALSE(java.lang.Object,java.lang.Object):org.apache.commons.lang3.StringUtils@replaceEach(java.lang.String,java.lang.String[],java.lang.String[],boolean,int):4042:168074:searchList == null |==> false
1591:COR:||(boolean,boolean):!=(boolean,boolean):org.apache.commons.lang3.StringUtils@replaceEach(java.lang.String,java.lang.String[],java.lang.String[],boolean,int):4042:168025:text == null || text.length() == 0 || searchList == null |==> (text == null || text.length() == 0) != (searchList == null)
1592:COR:||(boolean,boolean):LHS(boolean,boolean):org.apache.commons.lang3.StringUtils@replaceEach(java.lang.String,java.lang.String[],java.lang.String[],boolean,int):4042:168025:text == null || text.length() == 0 || searchList == null |==> text == null || text.length() == 0
1593:COR:||(boolean,boolean):RHS(boolean,boolean):org.apache.commons.lang3.StringUtils@replaceEach(java.lang.String,java.lang.String[],java.lang.String[],boolean,int):4042:168063:text == null || text.length() == 0 || searchList == null |==> searchList == null
1594:COR:||(boolean,boolean):TRUE(boolean,boolean):org.apache.commons.lang3.StringUtils@replaceEach(java.lang.String,java.lang.String[],java.lang.String[],boolean,int):4042:168060:text == null || text.length() == 0 || searchList == null |==> true
1595:LVR:0:POS:org.apache.commons.lang3.StringUtils@replaceEach(java.lang.String,java.lang.String[],java.lang.String[],boolean,int):4043:168122:0 |==> 1
1596:LVR:0:NEG:org.apache.commons.lang3.StringUtils@replaceEach(java.lang.String,java.lang.String[],java.lang.String[],boolean,int):4043:168122:0 |==> -1
1597:ROR:==(int,int):>=(int,int):org.apache.commons.lang3.StringUtils@replaceEach(java.lang.String,java.lang.String[],java.lang.String[],boolean,int):4043:168101:searchList.length == 0 |==> searchList.length >= 0
1598:ROR:==(int,int):FALSE(int,int):org.apache.commons.lang3.StringUtils@replaceEach(java.lang.String,java.lang.String[],java.lang.String[],boolean,int):4043:168119:searchList.length == 0 |==> false
1599:COR:||(boolean,boolean):!=(boolean,boolean):org.apache.commons.lang3.StringUtils@replaceEach(java.lang.String,java.lang.String[],java.lang.String[],boolean,int):4042:168025:text == null || text.length() == 0 || searchList == null || searchList.length == 0 |==> (text == null || text.length() == 0 || searchList == null) != (searchList.length == 0)
1600:COR:||(boolean,boolean):LHS(boolean,boolean):org.apache.commons.lang3.StringUtils@replaceEach(java.lang.String,java.lang.String[],java.lang.String[],boolean,int):4042:168025:text == null || text.length() == 0 || searchList == null || searchList.length == 0 |==> text == null || text.length() == 0 || searchList == null
1601:COR:||(boolean,boolean):RHS(boolean,boolean):org.apache.commons.lang3.StringUtils@replaceEach(java.lang.String,java.lang.String[],java.lang.String[],boolean,int):4043:168101:text == null || text.length() == 0 || searchList == null || searchList.length == 0 |==> searchList.length == 0
1602:COR:||(boolean,boolean):TRUE(boolean,boolean):org.apache.commons.lang3.StringUtils@replaceEach(java.lang.String,java.lang.String[],java.lang.String[],boolean,int):4042:168082:text == null || text.length() == 0 || searchList == null || searchList.length == 0 |==> true
1603:ROR:==(java.lang.Object,java.lang.Object):FALSE(java.lang.Object,java.lang.Object):org.apache.commons.lang3.StringUtils@replaceEach(java.lang.String,java.lang.String[],java.lang.String[],boolean,int):4043:168143:replacementList == null |==> false
1604:COR:||(boolean,boolean):!=(boolean,boolean):org.apache.commons.lang3.StringUtils@replaceEach(java.lang.String,java.lang.String[],java.lang.String[],boolean,int):4042:168025:text == null || text.length() == 0 || searchList == null || searchList.length == 0 || replacementList == null |==> (text == null || text.length() == 0 || searchList == null || searchList.length == 0) != (replacementList == null)
1605:COR:||(boolean,boolean):LHS(boolean,boolean):org.apache.commons.lang3.StringUtils@replaceEach(java.lang.String,java.lang.String[],java.lang.String[],boolean,int):4042:168025:text == null || text.length() == 0 || searchList == null || searchList.length == 0 || replacementList == null |==> text == null || text.length() == 0 || searchList == null || searchList.length == 0
1606:COR:||(boolean,boolean):RHS(boolean,boolean):org.apache.commons.lang3.StringUtils@replaceEach(java.lang.String,java.lang.String[],java.lang.String[],boolean,int):4043:168127:text == null || text.length() == 0 || searchList == null || searchList.length == 0 || replacementList == null |==> replacementList == null
1607:COR:||(boolean,boolean):TRUE(boolean,boolean):org.apache.commons.lang3.StringUtils@replaceEach(java.lang.String,java.lang.String[],java.lang.String[],boolean,int):4043:168124:text == null || text.length() == 0 || searchList == null || searchList.length == 0 || replacementList == null |==> true
1608:LVR:0:POS:org.apache.commons.lang3.StringUtils@replaceEach(java.lang.String,java.lang.String[],java.lang.String[],boolean,int):4043:168180:0 |==> 1
1609:LVR:0:NEG:org.apache.commons.lang3.StringUtils@replaceEach(java.lang.String,java.lang.String[],java.lang.String[],boolean,int):4043:168180:0 |==> -1
1610:ROR:==(int,int):>=(int,int):org.apache.commons.lang3.StringUtils@replaceEach(java.lang.String,java.lang.String[],java.lang.String[],boolean,int):4043:168154:replacementList.length == 0 |==> replacementList.length >= 0
1611:ROR:==(int,int):FALSE(int,int):org.apache.commons.lang3.StringUtils@replaceEach(java.lang.String,java.lang.String[],java.lang.String[],boolean,int):4043:168177:replacementList.length == 0 |==> false
1612:COR:||(boolean,boolean):!=(boolean,boolean):org.apache.commons.lang3.StringUtils@replaceEach(java.lang.String,java.lang.String[],java.lang.String[],boolean,int):4042:168025:text == null || text.length() == 0 || searchList == null || searchList.length == 0 || replacementList == null || replacementList.length == 0 |==> (text == null || text.length() == 0 || searchList == null || searchList.length == 0 || replacementList == null) != (replacementList.length == 0)
1613:COR:||(boolean,boolean):LHS(boolean,boolean):org.apache.commons.lang3.StringUtils@replaceEach(java.lang.String,java.lang.String[],java.lang.String[],boolean,int):4042:168025:text == null || text.length() == 0 || searchList == null || searchList.length == 0 || replacementList == null || replacementList.length == 0 |==> text == null || text.length() == 0 || searchList == null || searchList.length == 0 || replacementList == null
1614:COR:||(boolean,boolean):RHS(boolean,boolean):org.apache.commons.lang3.StringUtils@replaceEach(java.lang.String,java.lang.String[],java.lang.String[],boolean,int):4043:168154:text == null || text.length() == 0 || searchList == null || searchList.length == 0 || replacementList == null || replacementList.length == 0 |==> replacementList.length == 0
1615:COR:||(boolean,boolean):TRUE(boolean,boolean):org.apache.commons.lang3.StringUtils@replaceEach(java.lang.String,java.lang.String[],java.lang.String[],boolean,int):4043:168151:text == null || text.length() == 0 || searchList == null || searchList.length == 0 || replacementList == null || replacementList.length == 0 |==> true
1616:LVR:0:POS:org.apache.commons.lang3.StringUtils@replaceEach(java.lang.String,java.lang.String[],java.lang.String[],boolean,int):4048:168301:0 |==> 1
1617:LVR:0:NEG:org.apache.commons.lang3.StringUtils@replaceEach(java.lang.String,java.lang.String[],java.lang.String[],boolean,int):4048:168301:0 |==> -1
1618:ROR:<(int,int):!=(int,int):org.apache.commons.lang3.StringUtils@replaceEach(java.lang.String,java.lang.String[],java.lang.String[],boolean,int):4048:168288:timeToLive < 0 |==> timeToLive != 0
1619:ROR:<(int,int):<=(int,int):org.apache.commons.lang3.StringUtils@replaceEach(java.lang.String,java.lang.String[],java.lang.String[],boolean,int):4048:168288:timeToLive < 0 |==> timeToLive <= 0
1620:ROR:<(int,int):FALSE(int,int):org.apache.commons.lang3.StringUtils@replaceEach(java.lang.String,java.lang.String[],java.lang.String[],boolean,int):4048:168299:timeToLive < 0 |==> false
1621:ROR:!=(int,int):<(int,int):org.apache.commons.lang3.StringUtils@replaceEach(java.lang.String,java.lang.String[],java.lang.String[],boolean,int):4057:168681:searchLength != replacementLength |==> searchLength < replacementLength
1622:ROR:!=(int,int):>(int,int):org.apache.commons.lang3.StringUtils@replaceEach(java.lang.String,java.lang.String[],java.lang.String[],boolean,int):4057:168681:searchLength != replacementLength |==> searchLength > replacementLength
1623:ROR:!=(int,int):TRUE(int,int):org.apache.commons.lang3.StringUtils@replaceEach(java.lang.String,java.lang.String[],java.lang.String[],boolean,int):4057:168694:searchLength != replacementLength |==> true
1624:LVR:NEG:0:org.apache.commons.lang3.StringUtils@replaceEach(java.lang.String,java.lang.String[],java.lang.String[],boolean,int):4068:169118:-1 |==> 0
1625:LVR:NEG:POS:org.apache.commons.lang3.StringUtils@replaceEach(java.lang.String,java.lang.String[],java.lang.String[],boolean,int):4068:169118:-1 |==> 1
1626:LVR:NEG:0:org.apache.commons.lang3.StringUtils@replaceEach(java.lang.String,java.lang.String[],java.lang.String[],boolean,int):4069:169149:-1 |==> 0
1627:LVR:NEG:POS:org.apache.commons.lang3.StringUtils@replaceEach(java.lang.String,java.lang.String[],java.lang.String[],boolean,int):4069:169149:-1 |==> 1
1628:LVR:0:POS:org.apache.commons.lang3.StringUtils@replaceEach(java.lang.String,java.lang.String[],java.lang.String[],boolean,int):4074:169325:0 |==> 1
1629:LVR:0:NEG:org.apache.commons.lang3.StringUtils@replaceEach(java.lang.String,java.lang.String[],java.lang.String[],boolean,int):4074:169325:0 |==> -1
1630:ROR:<(int,int):!=(int,int):org.apache.commons.lang3.StringUtils@replaceEach(java.lang.String,java.lang.String[],java.lang.String[],boolean,int):4074:169328:i < searchLength |==> i != searchLength
1631:ROR:<(int,int):<=(int,int):org.apache.commons.lang3.StringUtils@replaceEach(java.lang.String,java.lang.String[],java.lang.String[],boolean,int):4074:169328:i < searchLength |==> i <= searchLength
1632:ROR:<(int,int):FALSE(int,int):org.apache.commons.lang3.StringUtils@replaceEach(java.lang.String,java.lang.String[],java.lang.String[],boolean,int):4074:169330:i < searchLength |==> false
1633:ROR:==(java.lang.Object,java.lang.Object):FALSE(java.lang.Object,java.lang.Object):org.apache.commons.lang3.StringUtils@replaceEach(java.lang.String,java.lang.String[],java.lang.String[],boolean,int):4075:169415:searchList[i] == null |==> false
1634:COR:||(boolean,boolean):!=(boolean,boolean):org.apache.commons.lang3.StringUtils@replaceEach(java.lang.String,java.lang.String[],java.lang.String[],boolean,int):4075:169369:noMoreMatchesForReplIndex[i] || searchList[i] == null |==> noMoreMatchesForReplIndex[i] != (searchList[i] == null)
1635:COR:||(boolean,boolean):LHS(boolean,boolean):org.apache.commons.lang3.StringUtils@replaceEach(java.lang.String,java.lang.String[],java.lang.String[],boolean,int):4075:169369:noMoreMatchesForReplIndex[i] || searchList[i] == null |==> noMoreMatchesForReplIndex[i]
1636:COR:||(boolean,boolean):RHS(boolean,boolean):org.apache.commons.lang3.StringUtils@replaceEach(java.lang.String,java.lang.String[],java.lang.String[],boolean,int):4075:169401:noMoreMatchesForReplIndex[i] || searchList[i] == null |==> searchList[i] == null
1637:COR:||(boolean,boolean):TRUE(boolean,boolean):org.apache.commons.lang3.StringUtils@replaceEach(java.lang.String,java.lang.String[],java.lang.String[],boolean,int):4075:169398:noMoreMatchesForReplIndex[i] || searchList[i] == null |==> true
1638:LVR:0:POS:org.apache.commons.lang3.StringUtils@replaceEach(java.lang.String,java.lang.String[],java.lang.String[],boolean,int):4076:169472:0 |==> 1
1639:LVR:0:NEG:org.apache.commons.lang3.StringUtils@replaceEach(java.lang.String,java.lang.String[],java.lang.String[],boolean,int):4076:169472:0 |==> -1
1640:ROR:==(int,int):>=(int,int):org.apache.commons.lang3.StringUtils@replaceEach(java.lang.String,java.lang.String[],java.lang.String[],boolean,int):4076:169446:searchList[i].length() == 0 |==> searchList[i].length() >= 0
1641:ROR:==(int,int):FALSE(int,int):org.apache.commons.lang3.StringUtils@replaceEach(java.lang.String,java.lang.String[],java.lang.String[],boolean,int):4076:169469:searchList[i].length() == 0 |==> false
1642:COR:||(boolean,boolean):!=(boolean,boolean):org.apache.commons.lang3.StringUtils@replaceEach(java.lang.String,java.lang.String[],java.lang.String[],boolean,int):4075:169369:noMoreMatchesForReplIndex[i] || searchList[i] == null || searchList[i].length() == 0 |==> (noMoreMatchesForReplIndex[i] || searchList[i] == null) != (searchList[i].length() == 0)
1643:COR:||(boolean,boolean):LHS(boolean,boolean):org.apache.commons.lang3.StringUtils@replaceEach(java.lang.String,java.lang.String[],java.lang.String[],boolean,int):4075:169369:noMoreMatchesForReplIndex[i] || searchList[i] == null || searchList[i].length() == 0 |==> noMoreMatchesForReplIndex[i] || searchList[i] == null
1644:COR:||(boolean,boolean):RHS(boolean,boolean):org.apache.commons.lang3.StringUtils@replaceEach(java.lang.String,java.lang.String[],java.lang.String[],boolean,int):4076:169446:noMoreMatchesForReplIndex[i] || searchList[i] == null || searchList[i].length() == 0 |==> searchList[i].length() == 0
1645:COR:||(boolean,boolean):TRUE(boolean,boolean):org.apache.commons.lang3.StringUtils@replaceEach(java.lang.String,java.lang.String[],java.lang.String[],boolean,int):4075:169423:noMoreMatchesForReplIndex[i] || searchList[i] == null || searchList[i].length() == 0 |==> true
1646:ROR:==(java.lang.Object,java.lang.Object):FALSE(java.lang.Object,java.lang.Object):org.apache.commons.lang3.StringUtils@replaceEach(java.lang.String,java.lang.String[],java.lang.String[],boolean,int):4076:169496:replacementList[i] == null |==> false
1647:COR:||(boolean,boolean):!=(boolean,boolean):org.apache.commons.lang3.StringUtils@replaceEach(java.lang.String,java.lang.String[],java.lang.String[],boolean,int):4075:169369:noMoreMatchesForReplIndex[i] || searchList[i] == null || searchList[i].length() == 0 || replacementList[i] == null |==> (noMoreMatchesForReplIndex[i] || searchList[i] == null || searchList[i].length() == 0) != (replacementList[i] == null)
1648:COR:||(boolean,boolean):LHS(boolean,boolean):org.apache.commons.lang3.StringUtils@replaceEach(java.lang.String,java.lang.String[],java.lang.String[],boolean,int):4075:169369:noMoreMatchesForReplIndex[i] || searchList[i] == null || searchList[i].length() == 0 || replacementList[i] == null |==> noMoreMatchesForReplIndex[i] || searchList[i] == null || searchList[i].length() == 0
1649:COR:||(boolean,boolean):RHS(boolean,boolean):org.apache.commons.lang3.StringUtils@replaceEach(java.lang.String,java.lang.String[],java.lang.String[],boolean,int):4076:169477:noMoreMatchesForReplIndex[i] || searchList[i] == null || searchList[i].length() == 0 || replacementList[i] == null |==> replacementList[i] == null
1650:COR:||(boolean,boolean):TRUE(boolean,boolean):org.apache.commons.lang3.StringUtils@replaceEach(java.lang.String,java.lang.String[],java.lang.String[],boolean,int):4076:169474:noMoreMatchesForReplIndex[i] || searchList[i] == null || searchList[i].length() == 0 || replacementList[i] == null |==> true
1651:STD:<ASSIGN>:<NO-OP>:org.apache.commons.lang3.StringUtils@replaceEach(java.lang.String,java.lang.String[],java.lang.String[],boolean,int):4079:169559:tempIndex = text.indexOf(searchList[i]); |==> <NO-OP>
1652:LVR:NEG:0:org.apache.commons.lang3.StringUtils@replaceEach(java.lang.String,java.lang.String[],java.lang.String[],boolean,int):4082:169687:-1 |==> 0
1653:LVR:NEG:POS:org.apache.commons.lang3.StringUtils@replaceEach(java.lang.String,java.lang.String[],java.lang.String[],boolean,int):4082:169687:-1 |==> 1
1654:ROR:==(int,int):<=(int,int):org.apache.commons.lang3.StringUtils@replaceEach(java.lang.String,java.lang.String[],java.lang.String[],boolean,int):4082:169674:tempIndex == -1 |==> tempIndex <= -1
1655:ROR:==(int,int):>=(int,int):org.apache.commons.lang3.StringUtils@replaceEach(java.lang.String,java.lang.String[],java.lang.String[],boolean,int):4082:169674:tempIndex == -1 |==> tempIndex >= -1
1656:ROR:==(int,int):FALSE(int,int):org.apache.commons.lang3.StringUtils@replaceEach(java.lang.String,java.lang.String[],java.lang.String[],boolean,int):4082:169684:tempIndex == -1 |==> false
1657:LVR:TRUE:FALSE:org.apache.commons.lang3.StringUtils@replaceEach(java.lang.String,java.lang.String[],java.lang.String[],boolean,int):4083:169740:true |==> false
1658:STD:<ASSIGN>:<NO-OP>:org.apache.commons.lang3.StringUtils@replaceEach(java.lang.String,java.lang.String[],java.lang.String[],boolean,int):4083:169709:noMoreMatchesForReplIndex[i] = true; |==> <NO-OP>
1659:LVR:NEG:0:org.apache.commons.lang3.StringUtils@replaceEach(java.lang.String,java.lang.String[],java.lang.String[],boolean,int):4085:169800:-1 |==> 0
1660:LVR:NEG:POS:org.apache.commons.lang3.StringUtils@replaceEach(java.lang.String,java.lang.String[],java.lang.String[],boolean,int):4085:169800:-1 |==> 1
1661:ROR:==(int,int):<=(int,int):org.apache.commons.lang3.StringUtils@replaceEach(java.lang.String,java.lang.String[],java.lang.String[],boolean,int):4085:169787:textIndex == -1 |==> textIndex <= -1
1662:ROR:==(int,int):>=(int,int):org.apache.commons.lang3.StringUtils@replaceEach(java.lang.String,java.lang.String[],java.lang.String[],boolean,int):4085:169787:textIndex == -1 |==> textIndex >= -1
1663:ROR:==(int,int):FALSE(int,int):org.apache.commons.lang3.StringUtils@replaceEach(java.lang.String,java.lang.String[],java.lang.String[],boolean,int):4085:169797:textIndex == -1 |==> false
1664:ROR:<(int,int):!=(int,int):org.apache.commons.lang3.StringUtils@replaceEach(java.lang.String,java.lang.String[],java.lang.String[],boolean,int):4085:169806:tempIndex < textIndex |==> tempIndex != textIndex
1665:ROR:<(int,int):<=(int,int):org.apache.commons.lang3.StringUtils@replaceEach(java.lang.String,java.lang.String[],java.lang.String[],boolean,int):4085:169806:tempIndex < textIndex |==> tempIndex <= textIndex
1666:ROR:<(int,int):FALSE(int,int):org.apache.commons.lang3.StringUtils@replaceEach(java.lang.String,java.lang.String[],java.lang.String[],boolean,int):4085:169816:tempIndex < textIndex |==> false
1667:COR:||(boolean,boolean):!=(boolean,boolean):org.apache.commons.lang3.StringUtils@replaceEach(java.lang.String,java.lang.String[],java.lang.String[],boolean,int):4085:169787:textIndex == -1 || tempIndex < textIndex |==> textIndex == -1 != tempIndex < textIndex
1668:COR:||(boolean,boolean):LHS(boolean,boolean):org.apache.commons.lang3.StringUtils@replaceEach(java.lang.String,java.lang.String[],java.lang.String[],boolean,int):4085:169787:textIndex == -1 || tempIndex < textIndex |==> textIndex == -1
1669:COR:||(boolean,boolean):RHS(boolean,boolean):org.apache.commons.lang3.StringUtils@replaceEach(java.lang.String,java.lang.String[],java.lang.String[],boolean,int):4085:169806:textIndex == -1 || tempIndex < textIndex |==> tempIndex < textIndex
1670:COR:||(boolean,boolean):TRUE(boolean,boolean):org.apache.commons.lang3.StringUtils@replaceEach(java.lang.String,java.lang.String[],java.lang.String[],boolean,int):4085:169803:textIndex == -1 || tempIndex < textIndex |==> true
1671:STD:<ASSIGN>:<NO-OP>:org.apache.commons.lang3.StringUtils@replaceEach(java.lang.String,java.lang.String[],java.lang.String[],boolean,int):4086:169851:textIndex = tempIndex; |==> <NO-OP>
1672:STD:<ASSIGN>:<NO-OP>:org.apache.commons.lang3.StringUtils@replaceEach(java.lang.String,java.lang.String[],java.lang.String[],boolean,int):4087:169894:replaceIndex = i; |==> <NO-OP>
1673:LVR:NEG:0:org.apache.commons.lang3.StringUtils@replaceEach(java.lang.String,java.lang.String[],java.lang.String[],boolean,int):4094:170068:-1 |==> 0
1674:LVR:NEG:POS:org.apache.commons.lang3.StringUtils@replaceEach(java.lang.String,java.lang.String[],java.lang.String[],boolean,int):4094:170068:-1 |==> 1
1675:ROR:==(int,int):<=(int,int):org.apache.commons.lang3.StringUtils@replaceEach(java.lang.String,java.lang.String[],java.lang.String[],boolean,int):4094:170055:textIndex == -1 |==> textIndex <= -1
1676:ROR:==(int,int):>=(int,int):org.apache.commons.lang3.StringUtils@replaceEach(java.lang.String,java.lang.String[],java.lang.String[],boolean,int):4094:170055:textIndex == -1 |==> textIndex >= -1
1677:ROR:==(int,int):FALSE(int,int):org.apache.commons.lang3.StringUtils@replaceEach(java.lang.String,java.lang.String[],java.lang.String[],boolean,int):4094:170065:textIndex == -1 |==> false
1678:LVR:0:POS:org.apache.commons.lang3.StringUtils@replaceEach(java.lang.String,java.lang.String[],java.lang.String[],boolean,int):4098:170130:0 |==> 1
1679:LVR:0:NEG:org.apache.commons.lang3.StringUtils@replaceEach(java.lang.String,java.lang.String[],java.lang.String[],boolean,int):4098:170130:0 |==> -1
1680:LVR:0:POS:org.apache.commons.lang3.StringUtils@replaceEach(java.lang.String,java.lang.String[],java.lang.String[],boolean,int):4101:170269:0 |==> 1
1681:LVR:0:NEG:org.apache.commons.lang3.StringUtils@replaceEach(java.lang.String,java.lang.String[],java.lang.String[],boolean,int):4101:170269:0 |==> -1
1682:LVR:0:POS:org.apache.commons.lang3.StringUtils@replaceEach(java.lang.String,java.lang.String[],java.lang.String[],boolean,int):4104:170402:0 |==> 1
1683:LVR:0:NEG:org.apache.commons.lang3.StringUtils@replaceEach(java.lang.String,java.lang.String[],java.lang.String[],boolean,int):4104:170402:0 |==> -1
1684:ROR:<(int,int):<=(int,int):org.apache.commons.lang3.StringUtils@replaceEach(java.lang.String,java.lang.String[],java.lang.String[],boolean,int):4104:170405:i < searchList.length |==> i <= searchList.length
1685:ROR:<(int,int):FALSE(int,int):org.apache.commons.lang3.StringUtils@replaceEach(java.lang.String,java.lang.String[],java.lang.String[],boolean,int):4104:170407:i < searchList.length |==> false
1686:ROR:==(java.lang.Object,java.lang.Object):FALSE(java.lang.Object,java.lang.Object):org.apache.commons.lang3.StringUtils@replaceEach(java.lang.String,java.lang.String[],java.lang.String[],boolean,int):4105:170465:searchList[i] == null |==> false
1687:ROR:==(java.lang.Object,java.lang.Object):FALSE(java.lang.Object,java.lang.Object):org.apache.commons.lang3.StringUtils@replaceEach(java.lang.String,java.lang.String[],java.lang.String[],boolean,int):4105:170495:replacementList[i] == null |==> false
1688:COR:||(boolean,boolean):!=(boolean,boolean):org.apache.commons.lang3.StringUtils@replaceEach(java.lang.String,java.lang.String[],java.lang.String[],boolean,int):4105:170451:searchList[i] == null || replacementList[i] == null |==> searchList[i] == null != (replacementList[i] == null)
1689:COR:||(boolean,boolean):LHS(boolean,boolean):org.apache.commons.lang3.StringUtils@replaceEach(java.lang.String,java.lang.String[],java.lang.String[],boolean,int):4105:170451:searchList[i] == null || replacementList[i] == null |==> searchList[i] == null
1690:COR:||(boolean,boolean):RHS(boolean,boolean):org.apache.commons.lang3.StringUtils@replaceEach(java.lang.String,java.lang.String[],java.lang.String[],boolean,int):4105:170476:searchList[i] == null || replacementList[i] == null |==> replacementList[i] == null
1691:COR:||(boolean,boolean):TRUE(boolean,boolean):org.apache.commons.lang3.StringUtils@replaceEach(java.lang.String,java.lang.String[],java.lang.String[],boolean,int):4105:170473:searchList[i] == null || replacementList[i] == null |==> true
1692:AOR:-(int,int):%(int,int):org.apache.commons.lang3.StringUtils@replaceEach(java.lang.String,java.lang.String[],java.lang.String[],boolean,int):4108:170572:replacementList[i].length() - searchList[i].length() |==> replacementList[i].length() % searchList[i].length()
1693:AOR:-(int,int):*(int,int):org.apache.commons.lang3.StringUtils@replaceEach(java.lang.String,java.lang.String[],java.lang.String[],boolean,int):4108:170572:replacementList[i].length() - searchList[i].length() |==> replacementList[i].length() * searchList[i].length()
1694:AOR:-(int,int):+(int,int):org.apache.commons.lang3.StringUtils@replaceEach(java.lang.String,java.lang.String[],java.lang.String[],boolean,int):4108:170572:replacementList[i].length() - searchList[i].length() |==> replacementList[i].length() + searchList[i].length()
1695:AOR:-(int,int):/(int,int):org.apache.commons.lang3.StringUtils@replaceEach(java.lang.String,java.lang.String[],java.lang.String[],boolean,int):4108:170572:replacementList[i].length() - searchList[i].length() |==> replacementList[i].length() / searchList[i].length()
1696:LVR:0:POS:org.apache.commons.lang3.StringUtils@replaceEach(java.lang.String,java.lang.String[],java.lang.String[],boolean,int):4109:170652:0 |==> 1
1697:LVR:0:NEG:org.apache.commons.lang3.StringUtils@replaceEach(java.lang.String,java.lang.String[],java.lang.String[],boolean,int):4109:170652:0 |==> -1
1698:ROR:>(int,int):!=(int,int):org.apache.commons.lang3.StringUtils@replaceEach(java.lang.String,java.lang.String[],java.lang.String[],boolean,int):4109:170642:greater > 0 |==> greater != 0
1699:ROR:>(int,int):>=(int,int):org.apache.commons.lang3.StringUtils@replaceEach(java.lang.String,java.lang.String[],java.lang.String[],boolean,int):4109:170642:greater > 0 |==> greater >= 0
1700:ROR:>(int,int):FALSE(int,int):org.apache.commons.lang3.StringUtils@replaceEach(java.lang.String,java.lang.String[],java.lang.String[],boolean,int):4109:170650:greater > 0 |==> false
1701:LVR:POS:0:org.apache.commons.lang3.StringUtils@replaceEach(java.lang.String,java.lang.String[],java.lang.String[],boolean,int):4110:170685:3 |==> 0
1702:LVR:POS:NEG:org.apache.commons.lang3.StringUtils@replaceEach(java.lang.String,java.lang.String[],java.lang.String[],boolean,int):4110:170685:3 |==> -3
1703:AOR:*(int,int):%(int,int):org.apache.commons.lang3.StringUtils@replaceEach(java.lang.String,java.lang.String[],java.lang.String[],boolean,int):4110:170685:3 * greater |==> 3 % greater
1704:AOR:*(int,int):+(int,int):org.apache.commons.lang3.StringUtils@replaceEach(java.lang.String,java.lang.String[],java.lang.String[],boolean,int):4110:170685:3 * greater |==> 3 + greater
1705:AOR:*(int,int):-(int,int):org.apache.commons.lang3.StringUtils@replaceEach(java.lang.String,java.lang.String[],java.lang.String[],boolean,int):4110:170685:3 * greater |==> 3 - greater
1706:AOR:*(int,int):/(int,int):org.apache.commons.lang3.StringUtils@replaceEach(java.lang.String,java.lang.String[],java.lang.String[],boolean,int):4110:170685:3 * greater |==> 3 / greater
1707:STD:<ASSIGN>:<NO-OP>:org.apache.commons.lang3.StringUtils@replaceEach(java.lang.String,java.lang.String[],java.lang.String[],boolean,int):4110:170673:increase += 3 * greater; |==> <NO-OP>
1708:LVR:POS:0:org.apache.commons.lang3.StringUtils@replaceEach(java.lang.String,java.lang.String[],java.lang.String[],boolean,int):4114:170865:5 |==> 0
1709:LVR:POS:NEG:org.apache.commons.lang3.StringUtils@replaceEach(java.lang.String,java.lang.String[],java.lang.String[],boolean,int):4114:170865:5 |==> -5
1710:AOR:/(int,int):%(int,int):org.apache.commons.lang3.StringUtils@replaceEach(java.lang.String,java.lang.String[],java.lang.String[],boolean,int):4114:170849:text.length() / 5 |==> text.length() % 5
1711:AOR:/(int,int):*(int,int):org.apache.commons.lang3.StringUtils@replaceEach(java.lang.String,java.lang.String[],java.lang.String[],boolean,int):4114:170849:text.length() / 5 |==> text.length() * 5
1712:AOR:/(int,int):+(int,int):org.apache.commons.lang3.StringUtils@replaceEach(java.lang.String,java.lang.String[],java.lang.String[],boolean,int):4114:170849:text.length() / 5 |==> text.length() + 5
1713:AOR:/(int,int):-(int,int):org.apache.commons.lang3.StringUtils@replaceEach(java.lang.String,java.lang.String[],java.lang.String[],boolean,int):4114:170849:text.length() / 5 |==> text.length() - 5
1714:STD:<ASSIGN>:<NO-OP>:org.apache.commons.lang3.StringUtils@replaceEach(java.lang.String,java.lang.String[],java.lang.String[],boolean,int):4114:170819:increase = Math.min(increase, text.length() / 5); |==> <NO-OP>
1715:AOR:+(int,int):%(int,int):org.apache.commons.lang3.StringUtils@replaceEach(java.lang.String,java.lang.String[],java.lang.String[],boolean,int):4116:170916:text.length() + increase |==> text.length() % increase
1716:AOR:+(int,int):*(int,int):org.apache.commons.lang3.StringUtils@replaceEach(java.lang.String,java.lang.String[],java.lang.String[],boolean,int):4116:170916:text.length() + increase |==> text.length() * increase
1717:AOR:+(int,int):-(int,int):org.apache.commons.lang3.StringUtils@replaceEach(java.lang.String,java.lang.String[],java.lang.String[],boolean,int):4116:170916:text.length() + increase |==> text.length() - increase
1718:AOR:+(int,int):/(int,int):org.apache.commons.lang3.StringUtils@replaceEach(java.lang.String,java.lang.String[],java.lang.String[],boolean,int):4116:170916:text.length() + increase |==> text.length() / increase
1719:LVR:NEG:0:org.apache.commons.lang3.StringUtils@replaceEach(java.lang.String,java.lang.String[],java.lang.String[],boolean,int):4118:170972:-1 |==> 0
1720:LVR:NEG:POS:org.apache.commons.lang3.StringUtils@replaceEach(java.lang.String,java.lang.String[],java.lang.String[],boolean,int):4118:170972:-1 |==> 1
1721:ROR:!=(int,int):<(int,int):org.apache.commons.lang3.StringUtils@replaceEach(java.lang.String,java.lang.String[],java.lang.String[],boolean,int):4118:170959:textIndex != -1 |==> textIndex < -1
1722:ROR:!=(int,int):>(int,int):org.apache.commons.lang3.StringUtils@replaceEach(java.lang.String,java.lang.String[],java.lang.String[],boolean,int):4118:170959:textIndex != -1 |==> textIndex > -1
1723:ROR:!=(int,int):TRUE(int,int):org.apache.commons.lang3.StringUtils@replaceEach(java.lang.String,java.lang.String[],java.lang.String[],boolean,int):4118:170969:textIndex != -1 |==> true
1724:ROR:<(int,int):!=(int,int):org.apache.commons.lang3.StringUtils@replaceEach(java.lang.String,java.lang.String[],java.lang.String[],boolean,int):4120:171011:i < textIndex |==> i != textIndex
1725:ROR:<(int,int):<=(int,int):org.apache.commons.lang3.StringUtils@replaceEach(java.lang.String,java.lang.String[],java.lang.String[],boolean,int):4120:171011:i < textIndex |==> i <= textIndex
1726:ROR:<(int,int):FALSE(int,int):org.apache.commons.lang3.StringUtils@replaceEach(java.lang.String,java.lang.String[],java.lang.String[],boolean,int):4120:171013:i < textIndex |==> false
1727:STD:<CALL>:<NO-OP>:org.apache.commons.lang3.StringUtils@replaceEach(java.lang.String,java.lang.String[],java.lang.String[],boolean,int):4121:171049:buf.append(text.charAt(i)); |==> <NO-OP>
1728:STD:<CALL>:<NO-OP>:org.apache.commons.lang3.StringUtils@replaceEach(java.lang.String,java.lang.String[],java.lang.String[],boolean,int):4123:171103:buf.append(replacementList[replaceIndex]); |==> <NO-OP>
1729:AOR:+(int,int):%(int,int):org.apache.commons.lang3.StringUtils@replaceEach(java.lang.String,java.lang.String[],java.lang.String[],boolean,int):4125:171167:textIndex + searchList[replaceIndex].length() |==> textIndex % searchList[replaceIndex].length()
1730:AOR:+(int,int):*(int,int):org.apache.commons.lang3.StringUtils@replaceEach(java.lang.String,java.lang.String[],java.lang.String[],boolean,int):4125:171167:textIndex + searchList[replaceIndex].length() |==> textIndex * searchList[replaceIndex].length()
1731:AOR:+(int,int):-(int,int):org.apache.commons.lang3.StringUtils@replaceEach(java.lang.String,java.lang.String[],java.lang.String[],boolean,int):4125:171167:textIndex + searchList[replaceIndex].length() |==> textIndex - searchList[replaceIndex].length()
1732:AOR:+(int,int):/(int,int):org.apache.commons.lang3.StringUtils@replaceEach(java.lang.String,java.lang.String[],java.lang.String[],boolean,int):4125:171167:textIndex + searchList[replaceIndex].length() |==> textIndex / searchList[replaceIndex].length()
1733:STD:<ASSIGN>:<NO-OP>:org.apache.commons.lang3.StringUtils@replaceEach(java.lang.String,java.lang.String[],java.lang.String[],boolean,int):4125:171159:start = textIndex + searchList[replaceIndex].length(); |==> <NO-OP>
1734:LVR:NEG:0:org.apache.commons.lang3.StringUtils@replaceEach(java.lang.String,java.lang.String[],java.lang.String[],boolean,int):4127:171239:-1 |==> 0
1735:LVR:NEG:POS:org.apache.commons.lang3.StringUtils@replaceEach(java.lang.String,java.lang.String[],java.lang.String[],boolean,int):4127:171239:-1 |==> 1
1736:STD:<ASSIGN>:<NO-OP>:org.apache.commons.lang3.StringUtils@replaceEach(java.lang.String,java.lang.String[],java.lang.String[],boolean,int):4127:171227:textIndex = -1; |==> <NO-OP>
1737:LVR:NEG:0:org.apache.commons.lang3.StringUtils@replaceEach(java.lang.String,java.lang.String[],java.lang.String[],boolean,int):4128:171270:-1 |==> 0
1738:LVR:NEG:POS:org.apache.commons.lang3.StringUtils@replaceEach(java.lang.String,java.lang.String[],java.lang.String[],boolean,int):4128:171270:-1 |==> 1
1739:STD:<ASSIGN>:<NO-OP>:org.apache.commons.lang3.StringUtils@replaceEach(java.lang.String,java.lang.String[],java.lang.String[],boolean,int):4128:171255:replaceIndex = -1; |==> <NO-OP>
1740:LVR:NEG:0:org.apache.commons.lang3.StringUtils@replaceEach(java.lang.String,java.lang.String[],java.lang.String[],boolean,int):4129:171298:-1 |==> 0
1741:LVR:NEG:POS:org.apache.commons.lang3.StringUtils@replaceEach(java.lang.String,java.lang.String[],java.lang.String[],boolean,int):4129:171298:-1 |==> 1
1742:STD:<ASSIGN>:<NO-OP>:org.apache.commons.lang3.StringUtils@replaceEach(java.lang.String,java.lang.String[],java.lang.String[],boolean,int):4129:171286:tempIndex = -1; |==> <NO-OP>
1743:LVR:0:POS:org.apache.commons.lang3.StringUtils@replaceEach(java.lang.String,java.lang.String[],java.lang.String[],boolean,int):4132:171428:0 |==> 1
1744:LVR:0:NEG:org.apache.commons.lang3.StringUtils@replaceEach(java.lang.String,java.lang.String[],java.lang.String[],boolean,int):4132:171428:0 |==> -1
1745:ROR:<(int,int):!=(int,int):org.apache.commons.lang3.StringUtils@replaceEach(java.lang.String,java.lang.String[],java.lang.String[],boolean,int):4132:171431:i < searchLength |==> i != searchLength
1746:ROR:<(int,int):<=(int,int):org.apache.commons.lang3.StringUtils@replaceEach(java.lang.String,java.lang.String[],java.lang.String[],boolean,int):4132:171431:i < searchLength |==> i <= searchLength
1747:ROR:<(int,int):FALSE(int,int):org.apache.commons.lang3.StringUtils@replaceEach(java.lang.String,java.lang.String[],java.lang.String[],boolean,int):4132:171433:i < searchLength |==> false
1748:ROR:==(java.lang.Object,java.lang.Object):FALSE(java.lang.Object,java.lang.Object):org.apache.commons.lang3.StringUtils@replaceEach(java.lang.String,java.lang.String[],java.lang.String[],boolean,int):4133:171522:searchList[i] == null |==> false
1749:COR:||(boolean,boolean):!=(boolean,boolean):org.apache.commons.lang3.StringUtils@replaceEach(java.lang.String,java.lang.String[],java.lang.String[],boolean,int):4133:171476:noMoreMatchesForReplIndex[i] || searchList[i] == null |==> noMoreMatchesForReplIndex[i] != (searchList[i] == null)
1750:COR:||(boolean,boolean):LHS(boolean,boolean):org.apache.commons.lang3.StringUtils@replaceEach(java.lang.String,java.lang.String[],java.lang.String[],boolean,int):4133:171476:noMoreMatchesForReplIndex[i] || searchList[i] == null |==> noMoreMatchesForReplIndex[i]
1751:COR:||(boolean,boolean):RHS(boolean,boolean):org.apache.commons.lang3.StringUtils@replaceEach(java.lang.String,java.lang.String[],java.lang.String[],boolean,int):4133:171508:noMoreMatchesForReplIndex[i] || searchList[i] == null |==> searchList[i] == null
1752:COR:||(boolean,boolean):TRUE(boolean,boolean):org.apache.commons.lang3.StringUtils@replaceEach(java.lang.String,java.lang.String[],java.lang.String[],boolean,int):4133:171505:noMoreMatchesForReplIndex[i] || searchList[i] == null |==> true
1753:LVR:0:POS:org.apache.commons.lang3.StringUtils@replaceEach(java.lang.String,java.lang.String[],java.lang.String[],boolean,int):4134:171583:0 |==> 1
1754:LVR:0:NEG:org.apache.commons.lang3.StringUtils@replaceEach(java.lang.String,java.lang.String[],java.lang.String[],boolean,int):4134:171583:0 |==> -1
1755:ROR:==(int,int):>=(int,int):org.apache.commons.lang3.StringUtils@replaceEach(java.lang.String,java.lang.String[],java.lang.String[],boolean,int):4134:171557:searchList[i].length() == 0 |==> searchList[i].length() >= 0
1756:ROR:==(int,int):FALSE(int,int):org.apache.commons.lang3.StringUtils@replaceEach(java.lang.String,java.lang.String[],java.lang.String[],boolean,int):4134:171580:searchList[i].length() == 0 |==> false
1757:COR:||(boolean,boolean):!=(boolean,boolean):org.apache.commons.lang3.StringUtils@replaceEach(java.lang.String,java.lang.String[],java.lang.String[],boolean,int):4133:171476:noMoreMatchesForReplIndex[i] || searchList[i] == null || searchList[i].length() == 0 |==> (noMoreMatchesForReplIndex[i] || searchList[i] == null) != (searchList[i].length() == 0)
1758:COR:||(boolean,boolean):LHS(boolean,boolean):org.apache.commons.lang3.StringUtils@replaceEach(java.lang.String,java.lang.String[],java.lang.String[],boolean,int):4133:171476:noMoreMatchesForReplIndex[i] || searchList[i] == null || searchList[i].length() == 0 |==> noMoreMatchesForReplIndex[i] || searchList[i] == null
1759:COR:||(boolean,boolean):RHS(boolean,boolean):org.apache.commons.lang3.StringUtils@replaceEach(java.lang.String,java.lang.String[],java.lang.String[],boolean,int):4134:171557:noMoreMatchesForReplIndex[i] || searchList[i] == null || searchList[i].length() == 0 |==> searchList[i].length() == 0
1760:COR:||(boolean,boolean):TRUE(boolean,boolean):org.apache.commons.lang3.StringUtils@replaceEach(java.lang.String,java.lang.String[],java.lang.String[],boolean,int):4133:171530:noMoreMatchesForReplIndex[i] || searchList[i] == null || searchList[i].length() == 0 |==> true
1761:ROR:==(java.lang.Object,java.lang.Object):FALSE(java.lang.Object,java.lang.Object):org.apache.commons.lang3.StringUtils@replaceEach(java.lang.String,java.lang.String[],java.lang.String[],boolean,int):4134:171607:replacementList[i] == null |==> false
1762:COR:||(boolean,boolean):!=(boolean,boolean):org.apache.commons.lang3.StringUtils@replaceEach(java.lang.String,java.lang.String[],java.lang.String[],boolean,int):4133:171476:noMoreMatchesForReplIndex[i] || searchList[i] == null || searchList[i].length() == 0 || replacementList[i] == null |==> (noMoreMatchesForReplIndex[i] || searchList[i] == null || searchList[i].length() == 0) != (replacementList[i] == null)
1763:COR:||(boolean,boolean):LHS(boolean,boolean):org.apache.commons.lang3.StringUtils@replaceEach(java.lang.String,java.lang.String[],java.lang.String[],boolean,int):4133:171476:noMoreMatchesForReplIndex[i] || searchList[i] == null || searchList[i].length() == 0 || replacementList[i] == null |==> noMoreMatchesForReplIndex[i] || searchList[i] == null || searchList[i].length() == 0
1764:COR:||(boolean,boolean):RHS(boolean,boolean):org.apache.commons.lang3.StringUtils@replaceEach(java.lang.String,java.lang.String[],java.lang.String[],boolean,int):4134:171588:noMoreMatchesForReplIndex[i] || searchList[i] == null || searchList[i].length() == 0 || replacementList[i] == null |==> replacementList[i] == null
1765:COR:||(boolean,boolean):TRUE(boolean,boolean):org.apache.commons.lang3.StringUtils@replaceEach(java.lang.String,java.lang.String[],java.lang.String[],boolean,int):4134:171585:noMoreMatchesForReplIndex[i] || searchList[i] == null || searchList[i].length() == 0 || replacementList[i] == null |==> true
1766:STD:<ASSIGN>:<NO-OP>:org.apache.commons.lang3.StringUtils@replaceEach(java.lang.String,java.lang.String[],java.lang.String[],boolean,int):4137:171682:tempIndex = text.indexOf(searchList[i], start); |==> <NO-OP>
1767:LVR:NEG:0:org.apache.commons.lang3.StringUtils@replaceEach(java.lang.String,java.lang.String[],java.lang.String[],boolean,int):4140:171825:-1 |==> 0
1768:LVR:NEG:POS:org.apache.commons.lang3.StringUtils@replaceEach(java.lang.String,java.lang.String[],java.lang.String[],boolean,int):4140:171825:-1 |==> 1
1769:ROR:==(int,int):<=(int,int):org.apache.commons.lang3.StringUtils@replaceEach(java.lang.String,java.lang.String[],java.lang.String[],boolean,int):4140:171812:tempIndex == -1 |==> tempIndex <= -1
1770:ROR:==(int,int):>=(int,int):org.apache.commons.lang3.StringUtils@replaceEach(java.lang.String,java.lang.String[],java.lang.String[],boolean,int):4140:171812:tempIndex == -1 |==> tempIndex >= -1
1771:ROR:==(int,int):FALSE(int,int):org.apache.commons.lang3.StringUtils@replaceEach(java.lang.String,java.lang.String[],java.lang.String[],boolean,int):4140:171822:tempIndex == -1 |==> false
1772:LVR:TRUE:FALSE:org.apache.commons.lang3.StringUtils@replaceEach(java.lang.String,java.lang.String[],java.lang.String[],boolean,int):4141:171882:true |==> false
1773:STD:<ASSIGN>:<NO-OP>:org.apache.commons.lang3.StringUtils@replaceEach(java.lang.String,java.lang.String[],java.lang.String[],boolean,int):4141:171851:noMoreMatchesForReplIndex[i] = true; |==> <NO-OP>
1774:LVR:NEG:0:org.apache.commons.lang3.StringUtils@replaceEach(java.lang.String,java.lang.String[],java.lang.String[],boolean,int):4143:171950:-1 |==> 0
1775:LVR:NEG:POS:org.apache.commons.lang3.StringUtils@replaceEach(java.lang.String,java.lang.String[],java.lang.String[],boolean,int):4143:171950:-1 |==> 1
1776:ROR:==(int,int):<=(int,int):org.apache.commons.lang3.StringUtils@replaceEach(java.lang.String,java.lang.String[],java.lang.String[],boolean,int):4143:171937:textIndex == -1 |==> textIndex <= -1
1777:ROR:==(int,int):>=(int,int):org.apache.commons.lang3.StringUtils@replaceEach(java.lang.String,java.lang.String[],java.lang.String[],boolean,int):4143:171937:textIndex == -1 |==> textIndex >= -1
1778:ROR:==(int,int):FALSE(int,int):org.apache.commons.lang3.StringUtils@replaceEach(java.lang.String,java.lang.String[],java.lang.String[],boolean,int):4143:171947:textIndex == -1 |==> false
1779:ROR:<(int,int):!=(int,int):org.apache.commons.lang3.StringUtils@replaceEach(java.lang.String,java.lang.String[],java.lang.String[],boolean,int):4143:171956:tempIndex < textIndex |==> tempIndex != textIndex
1780:ROR:<(int,int):<=(int,int):org.apache.commons.lang3.StringUtils@replaceEach(java.lang.String,java.lang.String[],java.lang.String[],boolean,int):4143:171956:tempIndex < textIndex |==> tempIndex <= textIndex
1781:ROR:<(int,int):FALSE(int,int):org.apache.commons.lang3.StringUtils@replaceEach(java.lang.String,java.lang.String[],java.lang.String[],boolean,int):4143:171966:tempIndex < textIndex |==> false
1782:COR:||(boolean,boolean):!=(boolean,boolean):org.apache.commons.lang3.StringUtils@replaceEach(java.lang.String,java.lang.String[],java.lang.String[],boolean,int):4143:171937:textIndex == -1 || tempIndex < textIndex |==> textIndex == -1 != tempIndex < textIndex
1783:COR:||(boolean,boolean):LHS(boolean,boolean):org.apache.commons.lang3.StringUtils@replaceEach(java.lang.String,java.lang.String[],java.lang.String[],boolean,int):4143:171937:textIndex == -1 || tempIndex < textIndex |==> textIndex == -1
1784:COR:||(boolean,boolean):RHS(boolean,boolean):org.apache.commons.lang3.StringUtils@replaceEach(java.lang.String,java.lang.String[],java.lang.String[],boolean,int):4143:171956:textIndex == -1 || tempIndex < textIndex |==> tempIndex < textIndex
1785:COR:||(boolean,boolean):TRUE(boolean,boolean):org.apache.commons.lang3.StringUtils@replaceEach(java.lang.String,java.lang.String[],java.lang.String[],boolean,int):4143:171953:textIndex == -1 || tempIndex < textIndex |==> true
1786:STD:<ASSIGN>:<NO-OP>:org.apache.commons.lang3.StringUtils@replaceEach(java.lang.String,java.lang.String[],java.lang.String[],boolean,int):4144:172005:textIndex = tempIndex; |==> <NO-OP>
1787:STD:<ASSIGN>:<NO-OP>:org.apache.commons.lang3.StringUtils@replaceEach(java.lang.String,java.lang.String[],java.lang.String[],boolean,int):4145:172052:replaceIndex = i; |==> <NO-OP>
1788:ROR:<(int,int):!=(int,int):org.apache.commons.lang3.StringUtils@replaceEach(java.lang.String,java.lang.String[],java.lang.String[],boolean,int):4153:172251:i < textLength |==> i != textLength
1789:ROR:<(int,int):<=(int,int):org.apache.commons.lang3.StringUtils@replaceEach(java.lang.String,java.lang.String[],java.lang.String[],boolean,int):4153:172251:i < textLength |==> i <= textLength
1790:ROR:<(int,int):FALSE(int,int):org.apache.commons.lang3.StringUtils@replaceEach(java.lang.String,java.lang.String[],java.lang.String[],boolean,int):4153:172253:i < textLength |==> false
1791:STD:<CALL>:<NO-OP>:org.apache.commons.lang3.StringUtils@replaceEach(java.lang.String,java.lang.String[],java.lang.String[],boolean,int):4154:172286:buf.append(text.charAt(i)); |==> <NO-OP>
1792:COR:<IDENTIFIER(boolean)>:FALSE:org.apache.commons.lang3.StringUtils@replaceEach(java.lang.String,java.lang.String[],java.lang.String[],boolean,int):4157:172377:repeat |==> false
1793:COR:<IDENTIFIER(boolean)>:TRUE:org.apache.commons.lang3.StringUtils@replaceEach(java.lang.String,java.lang.String[],java.lang.String[],boolean,int):4157:172377:repeat |==> true
1794:LVR:POS:0:org.apache.commons.lang3.StringUtils@replaceEach(java.lang.String,java.lang.String[],java.lang.String[],boolean,int):4161:172510:1 |==> 0
1795:LVR:POS:NEG:org.apache.commons.lang3.StringUtils@replaceEach(java.lang.String,java.lang.String[],java.lang.String[],boolean,int):4161:172510:1 |==> -1
1796:AOR:-(int,int):%(int,int):org.apache.commons.lang3.StringUtils@replaceEach(java.lang.String,java.lang.String[],java.lang.String[],boolean,int):4161:172497:timeToLive - 1 |==> timeToLive % 1
1797:AOR:-(int,int):*(int,int):org.apache.commons.lang3.StringUtils@replaceEach(java.lang.String,java.lang.String[],java.lang.String[],boolean,int):4161:172497:timeToLive - 1 |==> timeToLive * 1
1798:AOR:-(int,int):+(int,int):org.apache.commons.lang3.StringUtils@replaceEach(java.lang.String,java.lang.String[],java.lang.String[],boolean,int):4161:172497:timeToLive - 1 |==> timeToLive + 1
1799:AOR:-(int,int):/(int,int):org.apache.commons.lang3.StringUtils@replaceEach(java.lang.String,java.lang.String[],java.lang.String[],boolean,int):4161:172497:timeToLive - 1 |==> timeToLive / 1
1800:ROR:==(java.lang.Object,java.lang.Object):FALSE(java.lang.Object,java.lang.Object):org.apache.commons.lang3.StringUtils@replaceChars(java.lang.String,char,char):4187:173591:str == null |==> false
1801:COR:||(boolean,boolean):!=(boolean,boolean):org.apache.commons.lang3.StringUtils@replaceChars(java.lang.String,java.lang.String,java.lang.String):4230:175489:isEmpty(str) || isEmpty(searchChars) |==> isEmpty(str) != isEmpty(searchChars)
1802:COR:||(boolean,boolean):LHS(boolean,boolean):org.apache.commons.lang3.StringUtils@replaceChars(java.lang.String,java.lang.String,java.lang.String):4230:175489:isEmpty(str) || isEmpty(searchChars) |==> isEmpty(str)
1803:COR:||(boolean,boolean):RHS(boolean,boolean):org.apache.commons.lang3.StringUtils@replaceChars(java.lang.String,java.lang.String,java.lang.String):4230:175505:isEmpty(str) || isEmpty(searchChars) |==> isEmpty(searchChars)
1804:COR:||(boolean,boolean):TRUE(boolean,boolean):org.apache.commons.lang3.StringUtils@replaceChars(java.lang.String,java.lang.String,java.lang.String):4230:175502:isEmpty(str) || isEmpty(searchChars) |==> true
1805:ROR:==(java.lang.Object,java.lang.Object):FALSE(java.lang.Object,java.lang.Object):org.apache.commons.lang3.StringUtils@replaceChars(java.lang.String,java.lang.String,java.lang.String):4233:175588:replaceChars == null |==> false
1806:STD:<ASSIGN>:<NO-OP>:org.apache.commons.lang3.StringUtils@replaceChars(java.lang.String,java.lang.String,java.lang.String):4234:175611:replaceChars = EMPTY; |==> <NO-OP>
1807:LVR:FALSE:TRUE:org.apache.commons.lang3.StringUtils@replaceChars(java.lang.String,java.lang.String,java.lang.String):4236:175670:false |==> true
1808:LVR:0:POS:org.apache.commons.lang3.StringUtils@replaceChars(java.lang.String,java.lang.String,java.lang.String):4240:175850:0 |==> 1
1809:LVR:0:NEG:org.apache.commons.lang3.StringUtils@replaceChars(java.lang.String,java.lang.String,java.lang.String):4240:175850:0 |==> -1
1810:ROR:<(int,int):!=(int,int):org.apache.commons.lang3.StringUtils@replaceChars(java.lang.String,java.lang.String,java.lang.String):4240:175853:i < strLength |==> i != strLength
1811:ROR:<(int,int):<=(int,int):org.apache.commons.lang3.StringUtils@replaceChars(java.lang.String,java.lang.String,java.lang.String):4240:175853:i < strLength |==> i <= strLength
1812:ROR:<(int,int):FALSE(int,int):org.apache.commons.lang3.StringUtils@replaceChars(java.lang.String,java.lang.String,java.lang.String):4240:175855:i < strLength |==> false
1813:LVR:0:POS:org.apache.commons.lang3.StringUtils@replaceChars(java.lang.String,java.lang.String,java.lang.String):4243:175986:0 |==> 1
1814:LVR:0:NEG:org.apache.commons.lang3.StringUtils@replaceChars(java.lang.String,java.lang.String,java.lang.String):4243:175986:0 |==> -1
1815:ROR:>=(int,int):==(int,int):org.apache.commons.lang3.StringUtils@replaceChars(java.lang.String,java.lang.String,java.lang.String):4243:175977:index >= 0 |==> index == 0
1816:ROR:>=(int,int):>(int,int):org.apache.commons.lang3.StringUtils@replaceChars(java.lang.String,java.lang.String,java.lang.String):4243:175977:index >= 0 |==> index > 0
1817:ROR:>=(int,int):TRUE(int,int):org.apache.commons.lang3.StringUtils@replaceChars(java.lang.String,java.lang.String,java.lang.String):4243:175983:index >= 0 |==> true
1818:LVR:TRUE:FALSE:org.apache.commons.lang3.StringUtils@replaceChars(java.lang.String,java.lang.String,java.lang.String):4244:176018:true |==> false
1819:STD:<ASSIGN>:<NO-OP>:org.apache.commons.lang3.StringUtils@replaceChars(java.lang.String,java.lang.String,java.lang.String):4244:176007:modified = true; |==> <NO-OP>
1820:ROR:<(int,int):!=(int,int):org.apache.commons.lang3.StringUtils@replaceChars(java.lang.String,java.lang.String,java.lang.String):4245:176044:index < replaceCharsLength |==> index != replaceCharsLength
1821:ROR:<(int,int):<=(int,int):org.apache.commons.lang3.StringUtils@replaceChars(java.lang.String,java.lang.String,java.lang.String):4245:176044:index < replaceCharsLength |==> index <= replaceCharsLength
1822:ROR:<(int,int):FALSE(int,int):org.apache.commons.lang3.StringUtils@replaceChars(java.lang.String,java.lang.String,java.lang.String):4245:176050:index < replaceCharsLength |==> false
1823:STD:<CALL>:<NO-OP>:org.apache.commons.lang3.StringUtils@replaceChars(java.lang.String,java.lang.String,java.lang.String):4246:176094:buf.append(replaceChars.charAt(index)); |==> <NO-OP>
1824:STD:<CALL>:<NO-OP>:org.apache.commons.lang3.StringUtils@replaceChars(java.lang.String,java.lang.String,java.lang.String):4249:176189:buf.append(ch); |==> <NO-OP>
1825:COR:<IDENTIFIER(boolean)>:FALSE:org.apache.commons.lang3.StringUtils@replaceChars(java.lang.String,java.lang.String,java.lang.String):4252:176241:modified |==> false
1826:COR:<IDENTIFIER(boolean)>:TRUE:org.apache.commons.lang3.StringUtils@replaceChars(java.lang.String,java.lang.String,java.lang.String):4252:176241:modified |==> true
1827:ROR:==(java.lang.Object,java.lang.Object):FALSE(java.lang.Object,java.lang.Object):org.apache.commons.lang3.StringUtils@overlay(java.lang.String,java.lang.String,int,int):4290:177919:str == null |==> false
1828:ROR:==(java.lang.Object,java.lang.Object):FALSE(java.lang.Object,java.lang.Object):org.apache.commons.lang3.StringUtils@overlay(java.lang.String,java.lang.String,int,int):4293:177985:overlay == null |==> false
1829:STD:<ASSIGN>:<NO-OP>:org.apache.commons.lang3.StringUtils@overlay(java.lang.String,java.lang.String,int,int):4294:178008:overlay = EMPTY; |==> <NO-OP>
1830:LVR:0:POS:org.apache.commons.lang3.StringUtils@overlay(java.lang.String,java.lang.String,int,int):4297:178087:0 |==> 1
1831:LVR:0:NEG:org.apache.commons.lang3.StringUtils@overlay(java.lang.String,java.lang.String,int,int):4297:178087:0 |==> -1
1832:ROR:<(int,int):!=(int,int):org.apache.commons.lang3.StringUtils@overlay(java.lang.String,java.lang.String,int,int):4297:178079:start < 0 |==> start != 0
1833:ROR:<(int,int):<=(int,int):org.apache.commons.lang3.StringUtils@overlay(java.lang.String,java.lang.String,int,int):4297:178079:start < 0 |==> start <= 0
1834:ROR:<(int,int):FALSE(int,int):org.apache.commons.lang3.StringUtils@overlay(java.lang.String,java.lang.String,int,int):4297:178085:start < 0 |==> false
1835:LVR:0:POS:org.apache.commons.lang3.StringUtils@overlay(java.lang.String,java.lang.String,int,int):4298:178112:0 |==> 1
1836:LVR:0:NEG:org.apache.commons.lang3.StringUtils@overlay(java.lang.String,java.lang.String,int,int):4298:178112:0 |==> -1
1837:STD:<ASSIGN>:<NO-OP>:org.apache.commons.lang3.StringUtils@overlay(java.lang.String,java.lang.String,int,int):4298:178104:start = 0; |==> <NO-OP>
1838:ROR:>(int,int):!=(int,int):org.apache.commons.lang3.StringUtils@overlay(java.lang.String,java.lang.String,int,int):4300:178137:start > len |==> start != len
1839:ROR:>(int,int):>=(int,int):org.apache.commons.lang3.StringUtils@overlay(java.lang.String,java.lang.String,int,int):4300:178137:start > len |==> start >= len
1840:ROR:>(int,int):FALSE(int,int):org.apache.commons.lang3.StringUtils@overlay(java.lang.String,java.lang.String,int,int):4300:178143:start > len |==> false
1841:STD:<ASSIGN>:<NO-OP>:org.apache.commons.lang3.StringUtils@overlay(java.lang.String,java.lang.String,int,int):4301:178164:start = len; |==> <NO-OP>
1842:LVR:0:POS:org.apache.commons.lang3.StringUtils@overlay(java.lang.String,java.lang.String,int,int):4303:178205:0 |==> 1
1843:LVR:0:NEG:org.apache.commons.lang3.StringUtils@overlay(java.lang.String,java.lang.String,int,int):4303:178205:0 |==> -1
1844:ROR:<(int,int):!=(int,int):org.apache.commons.lang3.StringUtils@overlay(java.lang.String,java.lang.String,int,int):4303:178199:end < 0 |==> end != 0
1845:ROR:<(int,int):<=(int,int):org.apache.commons.lang3.StringUtils@overlay(java.lang.String,java.lang.String,int,int):4303:178199:end < 0 |==> end <= 0
1846:ROR:<(int,int):FALSE(int,int):org.apache.commons.lang3.StringUtils@overlay(java.lang.String,java.lang.String,int,int):4303:178203:end < 0 |==> false
1847:LVR:0:POS:org.apache.commons.lang3.StringUtils@overlay(java.lang.String,java.lang.String,int,int):4304:178228:0 |==> 1
1848:LVR:0:NEG:org.apache.commons.lang3.StringUtils@overlay(java.lang.String,java.lang.String,int,int):4304:178228:0 |==> -1
1849:STD:<ASSIGN>:<NO-OP>:org.apache.commons.lang3.StringUtils@overlay(java.lang.String,java.lang.String,int,int):4304:178222:end = 0; |==> <NO-OP>
1850:ROR:>(int,int):!=(int,int):org.apache.commons.lang3.StringUtils@overlay(java.lang.String,java.lang.String,int,int):4306:178253:end > len |==> end != len
1851:ROR:>(int,int):>=(int,int):org.apache.commons.lang3.StringUtils@overlay(java.lang.String,java.lang.String,int,int):4306:178253:end > len |==> end >= len
1852:ROR:>(int,int):FALSE(int,int):org.apache.commons.lang3.StringUtils@overlay(java.lang.String,java.lang.String,int,int):4306:178257:end > len |==> false
1853:STD:<ASSIGN>:<NO-OP>:org.apache.commons.lang3.StringUtils@overlay(java.lang.String,java.lang.String,int,int):4307:178278:end = len; |==> <NO-OP>
1854:ROR:>(int,int):!=(int,int):org.apache.commons.lang3.StringUtils@overlay(java.lang.String,java.lang.String,int,int):4309:178311:start > end |==> start != end
1855:ROR:>(int,int):>=(int,int):org.apache.commons.lang3.StringUtils@overlay(java.lang.String,java.lang.String,int,int):4309:178311:start > end |==> start >= end
1856:ROR:>(int,int):FALSE(int,int):org.apache.commons.lang3.StringUtils@overlay(java.lang.String,java.lang.String,int,int):4309:178317:start > end |==> false
1857:STD:<ASSIGN>:<NO-OP>:org.apache.commons.lang3.StringUtils@overlay(java.lang.String,java.lang.String,int,int):4311:178368:start = end; |==> <NO-OP>
1858:STD:<ASSIGN>:<NO-OP>:org.apache.commons.lang3.StringUtils@overlay(java.lang.String,java.lang.String,int,int):4312:178393:end = temp; |==> <NO-OP>
1859:AOR:+(int,int):%(int,int):org.apache.commons.lang3.StringUtils@overlay(java.lang.String,java.lang.String,int,int):4314:178448:len + start |==> len % start
1860:AOR:+(int,int):*(int,int):org.apache.commons.lang3.StringUtils@overlay(java.lang.String,java.lang.String,int,int):4314:178448:len + start |==> len * start
1861:AOR:+(int,int):-(int,int):org.apache.commons.lang3.StringUtils@overlay(java.lang.String,java.lang.String,int,int):4314:178448:len + start |==> len - start
1862:AOR:+(int,int):/(int,int):org.apache.commons.lang3.StringUtils@overlay(java.lang.String,java.lang.String,int,int):4314:178448:len + start |==> len / start
1863:AOR:-(int,int):%(int,int):org.apache.commons.lang3.StringUtils@overlay(java.lang.String,java.lang.String,int,int):4314:178448:len + start - end |==> (len + start) % end
1864:AOR:-(int,int):*(int,int):org.apache.commons.lang3.StringUtils@overlay(java.lang.String,java.lang.String,int,int):4314:178448:len + start - end |==> (len + start) * end
1865:AOR:-(int,int):+(int,int):org.apache.commons.lang3.StringUtils@overlay(java.lang.String,java.lang.String,int,int):4314:178448:len + start - end |==> len + start + end
1866:AOR:-(int,int):/(int,int):org.apache.commons.lang3.StringUtils@overlay(java.lang.String,java.lang.String,int,int):4314:178448:len + start - end |==> (len + start) / end
1867:AOR:+(int,int):%(int,int):org.apache.commons.lang3.StringUtils@overlay(java.lang.String,java.lang.String,int,int):4314:178448:len + start - end + overlay.length() |==> (len + start - end) % overlay.length()
1868:AOR:+(int,int):*(int,int):org.apache.commons.lang3.StringUtils@overlay(java.lang.String,java.lang.String,int,int):4314:178448:len + start - end + overlay.length() |==> (len + start - end) * overlay.length()
1869:AOR:+(int,int):-(int,int):org.apache.commons.lang3.StringUtils@overlay(java.lang.String,java.lang.String,int,int):4314:178448:len + start - end + overlay.length() |==> len + start - end - overlay.length()
1870:AOR:+(int,int):/(int,int):org.apache.commons.lang3.StringUtils@overlay(java.lang.String,java.lang.String,int,int):4314:178448:len + start - end + overlay.length() |==> (len + start - end) / overlay.length()
1871:LVR:POS:0:org.apache.commons.lang3.StringUtils@overlay(java.lang.String,java.lang.String,int,int):4314:178487:1 |==> 0
1872:LVR:POS:NEG:org.apache.commons.lang3.StringUtils@overlay(java.lang.String,java.lang.String,int,int):4314:178487:1 |==> -1
1873:AOR:+(int,int):%(int,int):org.apache.commons.lang3.StringUtils@overlay(java.lang.String,java.lang.String,int,int):4314:178448:len + start - end + overlay.length() + 1 |==> (len + start - end + overlay.length()) % 1
1874:AOR:+(int,int):*(int,int):org.apache.commons.lang3.StringUtils@overlay(java.lang.String,java.lang.String,int,int):4314:178448:len + start - end + overlay.length() + 1 |==> (len + start - end + overlay.length()) * 1
1875:AOR:+(int,int):-(int,int):org.apache.commons.lang3.StringUtils@overlay(java.lang.String,java.lang.String,int,int):4314:178448:len + start - end + overlay.length() + 1 |==> len + start - end + overlay.length() - 1
1876:AOR:+(int,int):/(int,int):org.apache.commons.lang3.StringUtils@overlay(java.lang.String,java.lang.String,int,int):4314:178448:len + start - end + overlay.length() + 1 |==> (len + start - end + overlay.length()) / 1
1877:LVR:0:POS:org.apache.commons.lang3.StringUtils@overlay(java.lang.String,java.lang.String,int,int):4315:178524:0 |==> 1
1878:LVR:0:NEG:org.apache.commons.lang3.StringUtils@overlay(java.lang.String,java.lang.String,int,int):4315:178524:0 |==> -1
1879:COR:<METHOD_INVOCATION(boolean)>:FALSE:org.apache.commons.lang3.StringUtils@chomp(java.lang.String):4349:179823:isEmpty(str) |==> false
1880:COR:<METHOD_INVOCATION(boolean)>:TRUE:org.apache.commons.lang3.StringUtils@chomp(java.lang.String):4349:179823:isEmpty(str) |==> true
1881:LVR:POS:0:org.apache.commons.lang3.StringUtils@chomp(java.lang.String):4353:179895:1 |==> 0
1882:LVR:POS:NEG:org.apache.commons.lang3.StringUtils@chomp(java.lang.String):4353:179895:1 |==> -1
1883:ROR:==(int,int):<=(int,int):org.apache.commons.lang3.StringUtils@chomp(java.lang.String):4353:179879:str.length() == 1 |==> str.length() <= 1
1884:ROR:==(int,int):>=(int,int):org.apache.commons.lang3.StringUtils@chomp(java.lang.String):4353:179879:str.length() == 1 |==> str.length() >= 1
1885:ROR:==(int,int):FALSE(int,int):org.apache.commons.lang3.StringUtils@chomp(java.lang.String):4353:179892:str.length() == 1 |==> false
1886:LVR:0:POS:org.apache.commons.lang3.StringUtils@chomp(java.lang.String):4354:179933:0 |==> 1
1887:LVR:0:NEG:org.apache.commons.lang3.StringUtils@chomp(java.lang.String):4354:179933:0 |==> -1
1888:ROR:==(int,int):<=(int,int):org.apache.commons.lang3.StringUtils@chomp(java.lang.String):4355:179953:ch == CharUtils.CR |==> ch <= CharUtils.CR
1889:ROR:==(int,int):>=(int,int):org.apache.commons.lang3.StringUtils@chomp(java.lang.String):4355:179953:ch == CharUtils.CR |==> ch >= CharUtils.CR
1890:ROR:==(int,int):FALSE(int,int):org.apache.commons.lang3.StringUtils@chomp(java.lang.String):4355:179956:ch == CharUtils.CR |==> false
1891:ROR:==(int,int):<=(int,int):org.apache.commons.lang3.StringUtils@chomp(java.lang.String):4355:179975:ch == CharUtils.LF |==> ch <= CharUtils.LF
1892:ROR:==(int,int):>=(int,int):org.apache.commons.lang3.StringUtils@chomp(java.lang.String):4355:179975:ch == CharUtils.LF |==> ch >= CharUtils.LF
1893:ROR:==(int,int):FALSE(int,int):org.apache.commons.lang3.StringUtils@chomp(java.lang.String):4355:179978:ch == CharUtils.LF |==> false
1894:COR:||(boolean,boolean):LHS(boolean,boolean):org.apache.commons.lang3.StringUtils@chomp(java.lang.String):4355:179953:ch == CharUtils.CR || ch == CharUtils.LF |==> ch == CharUtils.CR
1895:COR:||(boolean,boolean):RHS(boolean,boolean):org.apache.commons.lang3.StringUtils@chomp(java.lang.String):4355:179975:ch == CharUtils.CR || ch == CharUtils.LF |==> ch == CharUtils.LF
1896:COR:||(boolean,boolean):TRUE(boolean,boolean):org.apache.commons.lang3.StringUtils@chomp(java.lang.String):4355:179972:ch == CharUtils.CR || ch == CharUtils.LF |==> true
1897:LVR:POS:0:org.apache.commons.lang3.StringUtils@chomp(java.lang.String):4361:180113:1 |==> 0
1898:LVR:POS:NEG:org.apache.commons.lang3.StringUtils@chomp(java.lang.String):4361:180113:1 |==> -1
1899:AOR:-(int,int):%(int,int):org.apache.commons.lang3.StringUtils@chomp(java.lang.String):4361:180098:str.length() - 1 |==> str.length() % 1
1900:AOR:-(int,int):*(int,int):org.apache.commons.lang3.StringUtils@chomp(java.lang.String):4361:180098:str.length() - 1 |==> str.length() * 1
1901:AOR:-(int,int):+(int,int):org.apache.commons.lang3.StringUtils@chomp(java.lang.String):4361:180098:str.length() - 1 |==> str.length() + 1
1902:AOR:-(int,int):/(int,int):org.apache.commons.lang3.StringUtils@chomp(java.lang.String):4361:180098:str.length() - 1 |==> str.length() / 1
1903:ROR:==(int,int):<=(int,int):org.apache.commons.lang3.StringUtils@chomp(java.lang.String):4364:180170:last == CharUtils.LF |==> last <= CharUtils.LF
1904:ROR:==(int,int):>=(int,int):org.apache.commons.lang3.StringUtils@chomp(java.lang.String):4364:180170:last == CharUtils.LF |==> last >= CharUtils.LF
1905:ROR:==(int,int):FALSE(int,int):org.apache.commons.lang3.StringUtils@chomp(java.lang.String):4364:180175:last == CharUtils.LF |==> false
1906:LVR:POS:0:org.apache.commons.lang3.StringUtils@chomp(java.lang.String):4365:180231:1 |==> 0
1907:LVR:POS:NEG:org.apache.commons.lang3.StringUtils@chomp(java.lang.String):4365:180231:1 |==> -1
1908:AOR:-(int,int):%(int,int):org.apache.commons.lang3.StringUtils@chomp(java.lang.String):4365:180221:lastIdx - 1 |==> lastIdx % 1
1909:AOR:-(int,int):*(int,int):org.apache.commons.lang3.StringUtils@chomp(java.lang.String):4365:180221:lastIdx - 1 |==> lastIdx * 1
1910:AOR:-(int,int):+(int,int):org.apache.commons.lang3.StringUtils@chomp(java.lang.String):4365:180221:lastIdx - 1 |==> lastIdx + 1
1911:AOR:-(int,int):/(int,int):org.apache.commons.lang3.StringUtils@chomp(java.lang.String):4365:180221:lastIdx - 1 |==> lastIdx / 1
1912:ROR:==(int,int):<=(int,int):org.apache.commons.lang3.StringUtils@chomp(java.lang.String):4365:180210:str.charAt(lastIdx - 1) == CharUtils.CR |==> str.charAt(lastIdx - 1) <= CharUtils.CR
1913:ROR:==(int,int):>=(int,int):org.apache.commons.lang3.StringUtils@chomp(java.lang.String):4365:180210:str.charAt(lastIdx - 1) == CharUtils.CR |==> str.charAt(lastIdx - 1) >= CharUtils.CR
1914:ROR:==(int,int):FALSE(int,int):org.apache.commons.lang3.StringUtils@chomp(java.lang.String):4365:180234:str.charAt(lastIdx - 1) == CharUtils.CR |==> false
1915:STD:<DEC>:<NO-OP>:org.apache.commons.lang3.StringUtils@chomp(java.lang.String):4366:180269:lastIdx--; |==> <NO-OP>
1916:ROR:!=(int,int):<(int,int):org.apache.commons.lang3.StringUtils@chomp(java.lang.String):4368:180313:last != CharUtils.CR |==> last < CharUtils.CR
1917:ROR:!=(int,int):>(int,int):org.apache.commons.lang3.StringUtils@chomp(java.lang.String):4368:180313:last != CharUtils.CR |==> last > CharUtils.CR
1918:ROR:!=(int,int):TRUE(int,int):org.apache.commons.lang3.StringUtils@chomp(java.lang.String):4368:180318:last != CharUtils.CR |==> true
1919:STD:<INC>:<NO-OP>:org.apache.commons.lang3.StringUtils@chomp(java.lang.String):4369:180349:lastIdx++; |==> <NO-OP>
1920:LVR:0:POS:org.apache.commons.lang3.StringUtils@chomp(java.lang.String):4371:180399:0 |==> 1
1921:LVR:0:NEG:org.apache.commons.lang3.StringUtils@chomp(java.lang.String):4371:180399:0 |==> -1
1922:ROR:==(java.lang.Object,java.lang.Object):FALSE(java.lang.Object,java.lang.Object):org.apache.commons.lang3.StringUtils@chop(java.lang.String):4432:182792:str == null |==> false
1923:LVR:POS:0:org.apache.commons.lang3.StringUtils@chop(java.lang.String):4436:182894:2 |==> 0
1924:LVR:POS:NEG:org.apache.commons.lang3.StringUtils@chop(java.lang.String):4436:182894:2 |==> -2
1925:ROR:<(int,int):!=(int,int):org.apache.commons.lang3.StringUtils@chop(java.lang.String):4436:182885:strLen < 2 |==> strLen != 2
1926:ROR:<(int,int):<=(int,int):org.apache.commons.lang3.StringUtils@chop(java.lang.String):4436:182885:strLen < 2 |==> strLen <= 2
1927:ROR:<(int,int):FALSE(int,int):org.apache.commons.lang3.StringUtils@chop(java.lang.String):4436:182892:strLen < 2 |==> false
1928:LVR:POS:0:org.apache.commons.lang3.StringUtils@chop(java.lang.String):4439:182966:1 |==> 0
1929:LVR:POS:NEG:org.apache.commons.lang3.StringUtils@chop(java.lang.String):4439:182966:1 |==> -1
1930:AOR:-(int,int):%(int,int):org.apache.commons.lang3.StringUtils@chop(java.lang.String):4439:182957:strLen - 1 |==> strLen % 1
1931:AOR:-(int,int):*(int,int):org.apache.commons.lang3.StringUtils@chop(java.lang.String):4439:182957:strLen - 1 |==> strLen * 1
1932:AOR:-(int,int):+(int,int):org.apache.commons.lang3.StringUtils@chop(java.lang.String):4439:182957:strLen - 1 |==> strLen + 1
1933:AOR:-(int,int):/(int,int):org.apache.commons.lang3.StringUtils@chop(java.lang.String):4439:182957:strLen - 1 |==> strLen / 1
1934:LVR:0:POS:org.apache.commons.lang3.StringUtils@chop(java.lang.String):4440:183004:0 |==> 1
1935:LVR:0:NEG:org.apache.commons.lang3.StringUtils@chop(java.lang.String):4440:183004:0 |==> -1
1936:ROR:==(int,int):<=(int,int):org.apache.commons.lang3.StringUtils@chop(java.lang.String):4442:183070:last == CharUtils.LF |==> last <= CharUtils.LF
1937:ROR:==(int,int):>=(int,int):org.apache.commons.lang3.StringUtils@chop(java.lang.String):4442:183070:last == CharUtils.LF |==> last >= CharUtils.LF
1938:ROR:==(int,int):FALSE(int,int):org.apache.commons.lang3.StringUtils@chop(java.lang.String):4442:183075:last == CharUtils.LF |==> false
1939:LVR:POS:0:org.apache.commons.lang3.StringUtils@chop(java.lang.String):4442:183115:1 |==> 0
1940:LVR:POS:NEG:org.apache.commons.lang3.StringUtils@chop(java.lang.String):4442:183115:1 |==> -1
1941:AOR:-(int,int):%(int,int):org.apache.commons.lang3.StringUtils@chop(java.lang.String):4442:183105:lastIdx - 1 |==> lastIdx % 1
1942:AOR:-(int,int):*(int,int):org.apache.commons.lang3.StringUtils@chop(java.lang.String):4442:183105:lastIdx - 1 |==> lastIdx * 1
1943:AOR:-(int,int):+(int,int):org.apache.commons.lang3.StringUtils@chop(java.lang.String):4442:183105:lastIdx - 1 |==> lastIdx + 1
1944:AOR:-(int,int):/(int,int):org.apache.commons.lang3.StringUtils@chop(java.lang.String):4442:183105:lastIdx - 1 |==> lastIdx / 1
1945:ROR:==(int,int):<=(int,int):org.apache.commons.lang3.StringUtils@chop(java.lang.String):4442:183094:ret.charAt(lastIdx - 1) == CharUtils.CR |==> ret.charAt(lastIdx - 1) <= CharUtils.CR
1946:ROR:==(int,int):>=(int,int):org.apache.commons.lang3.StringUtils@chop(java.lang.String):4442:183094:ret.charAt(lastIdx - 1) == CharUtils.CR |==> ret.charAt(lastIdx - 1) >= CharUtils.CR
1947:ROR:==(int,int):FALSE(int,int):org.apache.commons.lang3.StringUtils@chop(java.lang.String):4442:183118:ret.charAt(lastIdx - 1) == CharUtils.CR |==> false
1948:COR:&&(boolean,boolean):==(boolean,boolean):org.apache.commons.lang3.StringUtils@chop(java.lang.String):4442:183070:last == CharUtils.LF && ret.charAt(lastIdx - 1) == CharUtils.CR |==> last == CharUtils.LF == (ret.charAt(lastIdx - 1) == CharUtils.CR)
1949:COR:&&(boolean,boolean):FALSE(boolean,boolean):org.apache.commons.lang3.StringUtils@chop(java.lang.String):4442:183091:last == CharUtils.LF && ret.charAt(lastIdx - 1) == CharUtils.CR |==> false
1950:COR:&&(boolean,boolean):LHS(boolean,boolean):org.apache.commons.lang3.StringUtils@chop(java.lang.String):4442:183070:last == CharUtils.LF && ret.charAt(lastIdx - 1) == CharUtils.CR |==> last == CharUtils.LF
1951:COR:&&(boolean,boolean):RHS(boolean,boolean):org.apache.commons.lang3.StringUtils@chop(java.lang.String):4442:183094:last == CharUtils.LF && ret.charAt(lastIdx - 1) == CharUtils.CR |==> ret.charAt(lastIdx - 1) == CharUtils.CR
1952:LVR:0:POS:org.apache.commons.lang3.StringUtils@chop(java.lang.String):4443:183170:0 |==> 1
1953:LVR:0:NEG:org.apache.commons.lang3.StringUtils@chop(java.lang.String):4443:183170:0 |==> -1
1954:LVR:POS:0:org.apache.commons.lang3.StringUtils@chop(java.lang.String):4443:183183:1 |==> 0
1955:LVR:POS:NEG:org.apache.commons.lang3.StringUtils@chop(java.lang.String):4443:183183:1 |==> -1
1956:AOR:-(int,int):%(int,int):org.apache.commons.lang3.StringUtils@chop(java.lang.String):4443:183173:lastIdx - 1 |==> lastIdx % 1
1957:AOR:-(int,int):*(int,int):org.apache.commons.lang3.StringUtils@chop(java.lang.String):4443:183173:lastIdx - 1 |==> lastIdx * 1
1958:AOR:-(int,int):+(int,int):org.apache.commons.lang3.StringUtils@chop(java.lang.String):4443:183173:lastIdx - 1 |==> lastIdx + 1
1959:AOR:-(int,int):/(int,int):org.apache.commons.lang3.StringUtils@chop(java.lang.String):4443:183173:lastIdx - 1 |==> lastIdx / 1
1960:ROR:==(java.lang.Object,java.lang.Object):FALSE(java.lang.Object,java.lang.Object):org.apache.commons.lang3.StringUtils@repeat(java.lang.String,int):4474:184166:str == null |==> false
1961:LVR:0:POS:org.apache.commons.lang3.StringUtils@repeat(java.lang.String,int):4477:184234:0 |==> 1
1962:LVR:0:NEG:org.apache.commons.lang3.StringUtils@repeat(java.lang.String,int):4477:184234:0 |==> -1
1963:ROR:<=(int,int):<(int,int):org.apache.commons.lang3.StringUtils@repeat(java.lang.String,int):4477:184224:repeat <= 0 |==> repeat < 0
1964:ROR:<=(int,int):==(int,int):org.apache.commons.lang3.StringUtils@repeat(java.lang.String,int):4477:184224:repeat <= 0 |==> repeat == 0
1965:ROR:<=(int,int):TRUE(int,int):org.apache.commons.lang3.StringUtils@repeat(java.lang.String,int):4477:184231:repeat <= 0 |==> true
1966:LVR:POS:0:org.apache.commons.lang3.StringUtils@repeat(java.lang.String,int):4481:184337:1 |==> 0
1967:LVR:POS:NEG:org.apache.commons.lang3.StringUtils@repeat(java.lang.String,int):4481:184337:1 |==> -1
1968:ROR:==(int,int):<=(int,int):org.apache.commons.lang3.StringUtils@repeat(java.lang.String,int):4481:184327:repeat == 1 |==> repeat <= 1
1969:ROR:==(int,int):>=(int,int):org.apache.commons.lang3.StringUtils@repeat(java.lang.String,int):4481:184327:repeat == 1 |==> repeat >= 1
1970:ROR:==(int,int):FALSE(int,int):org.apache.commons.lang3.StringUtils@repeat(java.lang.String,int):4481:184334:repeat == 1 |==> false
1971:LVR:0:POS:org.apache.commons.lang3.StringUtils@repeat(java.lang.String,int):4481:184357:0 |==> 1
1972:LVR:0:NEG:org.apache.commons.lang3.StringUtils@repeat(java.lang.String,int):4481:184357:0 |==> -1
1973:ROR:==(int,int):<=(int,int):org.apache.commons.lang3.StringUtils@repeat(java.lang.String,int):4481:184342:inputLength == 0 |==> inputLength <= 0
1974:ROR:==(int,int):>=(int,int):org.apache.commons.lang3.StringUtils@repeat(java.lang.String,int):4481:184342:inputLength == 0 |==> inputLength >= 0
1975:ROR:==(int,int):FALSE(int,int):org.apache.commons.lang3.StringUtils@repeat(java.lang.String,int):4481:184354:inputLength == 0 |==> false
1976:COR:||(boolean,boolean):!=(boolean,boolean):org.apache.commons.lang3.StringUtils@repeat(java.lang.String,int):4481:184327:repeat == 1 || inputLength == 0 |==> repeat == 1 != (inputLength == 0)
1977:COR:||(boolean,boolean):LHS(boolean,boolean):org.apache.commons.lang3.StringUtils@repeat(java.lang.String,int):4481:184327:repeat == 1 || inputLength == 0 |==> repeat == 1
1978:COR:||(boolean,boolean):RHS(boolean,boolean):org.apache.commons.lang3.StringUtils@repeat(java.lang.String,int):4481:184342:repeat == 1 || inputLength == 0 |==> inputLength == 0
1979:COR:||(boolean,boolean):TRUE(boolean,boolean):org.apache.commons.lang3.StringUtils@repeat(java.lang.String,int):4481:184339:repeat == 1 || inputLength == 0 |==> true
1980:LVR:POS:0:org.apache.commons.lang3.StringUtils@repeat(java.lang.String,int):4484:184423:1 |==> 0
1981:LVR:POS:NEG:org.apache.commons.lang3.StringUtils@repeat(java.lang.String,int):4484:184423:1 |==> -1
1982:ROR:==(int,int):<=(int,int):org.apache.commons.lang3.StringUtils@repeat(java.lang.String,int):4484:184408:inputLength == 1 |==> inputLength <= 1
1983:ROR:==(int,int):>=(int,int):org.apache.commons.lang3.StringUtils@repeat(java.lang.String,int):4484:184408:inputLength == 1 |==> inputLength >= 1
1984:ROR:==(int,int):FALSE(int,int):org.apache.commons.lang3.StringUtils@repeat(java.lang.String,int):4484:184420:inputLength == 1 |==> false
1985:ROR:<=(int,int):<(int,int):org.apache.commons.lang3.StringUtils@repeat(java.lang.String,int):4484:184428:repeat <= PAD_LIMIT |==> repeat < PAD_LIMIT
1986:ROR:<=(int,int):==(int,int):org.apache.commons.lang3.StringUtils@repeat(java.lang.String,int):4484:184428:repeat <= PAD_LIMIT |==> repeat == PAD_LIMIT
1987:ROR:<=(int,int):TRUE(int,int):org.apache.commons.lang3.StringUtils@repeat(java.lang.String,int):4484:184435:repeat <= PAD_LIMIT |==> true
1988:COR:&&(boolean,boolean):==(boolean,boolean):org.apache.commons.lang3.StringUtils@repeat(java.lang.String,int):4484:184408:inputLength == 1 && repeat <= PAD_LIMIT |==> inputLength == 1 == repeat <= PAD_LIMIT
1989:COR:&&(boolean,boolean):FALSE(boolean,boolean):org.apache.commons.lang3.StringUtils@repeat(java.lang.String,int):4484:184425:inputLength == 1 && repeat <= PAD_LIMIT |==> false
1990:COR:&&(boolean,boolean):LHS(boolean,boolean):org.apache.commons.lang3.StringUtils@repeat(java.lang.String,int):4484:184408:inputLength == 1 && repeat <= PAD_LIMIT |==> inputLength == 1
1991:COR:&&(boolean,boolean):RHS(boolean,boolean):org.apache.commons.lang3.StringUtils@repeat(java.lang.String,int):4484:184428:inputLength == 1 && repeat <= PAD_LIMIT |==> repeat <= PAD_LIMIT
1992:LVR:0:POS:org.apache.commons.lang3.StringUtils@repeat(java.lang.String,int):4485:184488:0 |==> 1
1993:LVR:0:NEG:org.apache.commons.lang3.StringUtils@repeat(java.lang.String,int):4485:184488:0 |==> -1
1994:AOR:*(int,int):%(int,int):org.apache.commons.lang3.StringUtils@repeat(java.lang.String,int):4488:184539:inputLength * repeat |==> inputLength % repeat
1995:AOR:*(int,int):+(int,int):org.apache.commons.lang3.StringUtils@repeat(java.lang.String,int):4488:184539:inputLength * repeat |==> inputLength + repeat
1996:AOR:*(int,int):-(int,int):org.apache.commons.lang3.StringUtils@repeat(java.lang.String,int):4488:184539:inputLength * repeat |==> inputLength - repeat
1997:AOR:*(int,int):/(int,int):org.apache.commons.lang3.StringUtils@repeat(java.lang.String,int):4488:184539:inputLength * repeat |==> inputLength / repeat
1998:LVR:0:POS:org.apache.commons.lang3.StringUtils@repeat(java.lang.String,int):4491:184654:0 |==> 1
1999:LVR:0:NEG:org.apache.commons.lang3.StringUtils@repeat(java.lang.String,int):4491:184654:0 |==> -1
2000:LVR:0:POS:org.apache.commons.lang3.StringUtils@repeat(java.lang.String,int):4493:184726:0 |==> 1
2001:LVR:0:NEG:org.apache.commons.lang3.StringUtils@repeat(java.lang.String,int):4493:184726:0 |==> -1
2002:LVR:POS:0:org.apache.commons.lang3.StringUtils@repeat(java.lang.String,int):4494:184768:1 |==> 0
2003:LVR:POS:NEG:org.apache.commons.lang3.StringUtils@repeat(java.lang.String,int):4494:184768:1 |==> -1
2004:LVR:POS:0:org.apache.commons.lang3.StringUtils@repeat(java.lang.String,int):4496:184867:2 |==> 0
2005:LVR:POS:NEG:org.apache.commons.lang3.StringUtils@repeat(java.lang.String,int):4496:184867:2 |==> -2
2006:AOR:*(int,int):%(int,int):org.apache.commons.lang3.StringUtils@repeat(java.lang.String,int):4496:184858:repeat * 2 |==> repeat % 2
2007:AOR:*(int,int):+(int,int):org.apache.commons.lang3.StringUtils@repeat(java.lang.String,int):4496:184858:repeat * 2 |==> repeat + 2
2008:AOR:*(int,int):-(int,int):org.apache.commons.lang3.StringUtils@repeat(java.lang.String,int):4496:184858:repeat * 2 |==> repeat - 2
2009:AOR:*(int,int):/(int,int):org.apache.commons.lang3.StringUtils@repeat(java.lang.String,int):4496:184858:repeat * 2 |==> repeat / 2
2010:LVR:POS:0:org.apache.commons.lang3.StringUtils@repeat(java.lang.String,int):4496:184871:2 |==> 0
2011:LVR:POS:NEG:org.apache.commons.lang3.StringUtils@repeat(java.lang.String,int):4496:184871:2 |==> -2
2012:AOR:-(int,int):%(int,int):org.apache.commons.lang3.StringUtils@repeat(java.lang.String,int):4496:184858:repeat * 2 - 2 |==> repeat * 2 % 2
2013:AOR:-(int,int):*(int,int):org.apache.commons.lang3.StringUtils@repeat(java.lang.String,int):4496:184858:repeat * 2 - 2 |==> repeat * 2 * 2
2014:AOR:-(int,int):+(int,int):org.apache.commons.lang3.StringUtils@repeat(java.lang.String,int):4496:184858:repeat * 2 - 2 |==> repeat * 2 + 2
2015:AOR:-(int,int):/(int,int):org.apache.commons.lang3.StringUtils@repeat(java.lang.String,int):4496:184858:repeat * 2 - 2 |==> repeat * 2 / 2
2016:LVR:0:POS:org.apache.commons.lang3.StringUtils@repeat(java.lang.String,int):4496:184879:0 |==> 1
2017:LVR:0:NEG:org.apache.commons.lang3.StringUtils@repeat(java.lang.String,int):4496:184879:0 |==> -1
2018:ROR:>=(int,int):==(int,int):org.apache.commons.lang3.StringUtils@repeat(java.lang.String,int):4496:184874:i >= 0 |==> i == 0
2019:ROR:>=(int,int):>(int,int):org.apache.commons.lang3.StringUtils@repeat(java.lang.String,int):4496:184874:i >= 0 |==> i > 0
2020:ROR:>=(int,int):TRUE(int,int):org.apache.commons.lang3.StringUtils@repeat(java.lang.String,int):4496:184876:i >= 0 |==> true
2021:STD:<ASSIGN>:<NO-OP>:org.apache.commons.lang3.StringUtils@repeat(java.lang.String,int):4497:184914:output2[i] = ch0; |==> <NO-OP>
2022:LVR:POS:0:org.apache.commons.lang3.StringUtils@repeat(java.lang.String,int):4498:184964:1 |==> 0
2023:LVR:POS:NEG:org.apache.commons.lang3.StringUtils@repeat(java.lang.String,int):4498:184964:1 |==> -1
2024:AOR:+(int,int):%(int,int):org.apache.commons.lang3.StringUtils@repeat(java.lang.String,int):4498:184960:i + 1 |==> i % 1
2025:AOR:+(int,int):*(int,int):org.apache.commons.lang3.StringUtils@repeat(java.lang.String,int):4498:184960:i + 1 |==> i * 1
2026:AOR:+(int,int):-(int,int):org.apache.commons.lang3.StringUtils@repeat(java.lang.String,int):4498:184960:i + 1 |==> i - 1
2027:AOR:+(int,int):/(int,int):org.apache.commons.lang3.StringUtils@repeat(java.lang.String,int):4498:184960:i + 1 |==> i / 1
2028:STD:<ASSIGN>:<NO-OP>:org.apache.commons.lang3.StringUtils@repeat(java.lang.String,int):4498:184952:output2[i + 1] = ch1; |==> <NO-OP>
2029:LVR:0:POS:org.apache.commons.lang3.StringUtils@repeat(java.lang.String,int):4503:185156:0 |==> 1
2030:LVR:0:NEG:org.apache.commons.lang3.StringUtils@repeat(java.lang.String,int):4503:185156:0 |==> -1
2031:ROR:<(int,int):!=(int,int):org.apache.commons.lang3.StringUtils@repeat(java.lang.String,int):4503:185159:i < repeat |==> i != repeat
2032:ROR:<(int,int):<=(int,int):org.apache.commons.lang3.StringUtils@repeat(java.lang.String,int):4503:185159:i < repeat |==> i <= repeat
2033:ROR:<(int,int):FALSE(int,int):org.apache.commons.lang3.StringUtils@repeat(java.lang.String,int):4503:185161:i < repeat |==> false
2034:STD:<CALL>:<NO-OP>:org.apache.commons.lang3.StringUtils@repeat(java.lang.String,int):4504:185198:buf.append(str); |==> <NO-OP>
2035:ROR:==(java.lang.Object,java.lang.Object):FALSE(java.lang.Object,java.lang.Object):org.apache.commons.lang3.StringUtils@repeat(java.lang.String,java.lang.String,int):4531:186183:str == null |==> false
2036:ROR:==(java.lang.Object,java.lang.Object):FALSE(java.lang.Object,java.lang.Object):org.apache.commons.lang3.StringUtils@repeat(java.lang.String,java.lang.String,int):4531:186204:separator == null |==> false
2037:COR:||(boolean,boolean):!=(boolean,boolean):org.apache.commons.lang3.StringUtils@repeat(java.lang.String,java.lang.String,int):4531:186179:str == null || separator == null |==> str == null != (separator == null)
2038:COR:||(boolean,boolean):LHS(boolean,boolean):org.apache.commons.lang3.StringUtils@repeat(java.lang.String,java.lang.String,int):4531:186179:str == null || separator == null |==> str == null
2039:COR:||(boolean,boolean):RHS(boolean,boolean):org.apache.commons.lang3.StringUtils@repeat(java.lang.String,java.lang.String,int):4531:186194:str == null || separator == null |==> separator == null
2040:COR:||(boolean,boolean):TRUE(boolean,boolean):org.apache.commons.lang3.StringUtils@repeat(java.lang.String,java.lang.String,int):4531:186191:str == null || separator == null |==> true
2041:LVR:POS:0:org.apache.commons.lang3.StringUtils@repeat(char,int):4564:187499:1 |==> 0
2042:LVR:POS:NEG:org.apache.commons.lang3.StringUtils@repeat(char,int):4564:187499:1 |==> -1
2043:AOR:-(int,int):%(int,int):org.apache.commons.lang3.StringUtils@repeat(char,int):4564:187490:repeat - 1 |==> repeat % 1
2044:AOR:-(int,int):*(int,int):org.apache.commons.lang3.StringUtils@repeat(char,int):4564:187490:repeat - 1 |==> repeat * 1
2045:AOR:-(int,int):+(int,int):org.apache.commons.lang3.StringUtils@repeat(char,int):4564:187490:repeat - 1 |==> repeat + 1
2046:AOR:-(int,int):/(int,int):org.apache.commons.lang3.StringUtils@repeat(char,int):4564:187490:repeat - 1 |==> repeat / 1
2047:LVR:0:POS:org.apache.commons.lang3.StringUtils@repeat(char,int):4564:187507:0 |==> 1
2048:LVR:0:NEG:org.apache.commons.lang3.StringUtils@repeat(char,int):4564:187507:0 |==> -1
2049:ROR:>=(int,int):==(int,int):org.apache.commons.lang3.StringUtils@repeat(char,int):4564:187502:i >= 0 |==> i == 0
2050:ROR:>=(int,int):>(int,int):org.apache.commons.lang3.StringUtils@repeat(char,int):4564:187502:i >= 0 |==> i > 0
2051:ROR:>=(int,int):TRUE(int,int):org.apache.commons.lang3.StringUtils@repeat(char,int):4564:187504:i >= 0 |==> true
2052:STD:<ASSIGN>:<NO-OP>:org.apache.commons.lang3.StringUtils@repeat(char,int):4565:187529:buf[i] = ch; |==> <NO-OP>
2053:ROR:==(java.lang.Object,java.lang.Object):FALSE(java.lang.Object,java.lang.Object):org.apache.commons.lang3.StringUtils@rightPad(java.lang.String,int,char):4615:189251:str == null |==> false
2054:AOR:-(int,int):%(int,int):org.apache.commons.lang3.StringUtils@rightPad(java.lang.String,int,char):4618:189316:size - str.length() |==> size % str.length()
2055:AOR:-(int,int):*(int,int):org.apache.commons.lang3.StringUtils@rightPad(java.lang.String,int,char):4618:189316:size - str.length() |==> size * str.length()
2056:AOR:-(int,int):+(int,int):org.apache.commons.lang3.StringUtils@rightPad(java.lang.String,int,char):4618:189316:size - str.length() |==> size + str.length()
2057:AOR:-(int,int):/(int,int):org.apache.commons.lang3.StringUtils@rightPad(java.lang.String,int,char):4618:189316:size - str.length() |==> size / str.length()
2058:LVR:0:POS:org.apache.commons.lang3.StringUtils@rightPad(java.lang.String,int,char):4619:189357:0 |==> 1
2059:LVR:0:NEG:org.apache.commons.lang3.StringUtils@rightPad(java.lang.String,int,char):4619:189357:0 |==> -1
2060:ROR:<=(int,int):<(int,int):org.apache.commons.lang3.StringUtils@rightPad(java.lang.String,int,char):4619:189349:pads <= 0 |==> pads < 0
2061:ROR:<=(int,int):==(int,int):org.apache.commons.lang3.StringUtils@rightPad(java.lang.String,int,char):4619:189349:pads <= 0 |==> pads == 0
2062:ROR:<=(int,int):TRUE(int,int):org.apache.commons.lang3.StringUtils@rightPad(java.lang.String,int,char):4619:189354:pads <= 0 |==> true
2063:ROR:>(int,int):!=(int,int):org.apache.commons.lang3.StringUtils@rightPad(java.lang.String,int,char):4622:189449:pads > PAD_LIMIT |==> pads != PAD_LIMIT
2064:ROR:>(int,int):>=(int,int):org.apache.commons.lang3.StringUtils@rightPad(java.lang.String,int,char):4622:189449:pads > PAD_LIMIT |==> pads >= PAD_LIMIT
2065:ROR:>(int,int):FALSE(int,int):org.apache.commons.lang3.StringUtils@rightPad(java.lang.String,int,char):4622:189454:pads > PAD_LIMIT |==> false
2066:ROR:==(java.lang.Object,java.lang.Object):FALSE(java.lang.Object,java.lang.Object):org.apache.commons.lang3.StringUtils@rightPad(java.lang.String,int,java.lang.String):4652:190664:str == null |==> false
2067:COR:<METHOD_INVOCATION(boolean)>:FALSE:org.apache.commons.lang3.StringUtils@rightPad(java.lang.String,int,java.lang.String):4655:190729:isEmpty(padStr) |==> false
2068:COR:<METHOD_INVOCATION(boolean)>:TRUE:org.apache.commons.lang3.StringUtils@rightPad(java.lang.String,int,java.lang.String):4655:190729:isEmpty(padStr) |==> true
2069:STD:<ASSIGN>:<NO-OP>:org.apache.commons.lang3.StringUtils@rightPad(java.lang.String,int,java.lang.String):4656:190753:padStr = " "; |==> <NO-OP>
2070:AOR:-(int,int):%(int,int):org.apache.commons.lang3.StringUtils@rightPad(java.lang.String,int,java.lang.String):4660:190869:size - strLen |==> size % strLen
2071:AOR:-(int,int):*(int,int):org.apache.commons.lang3.StringUtils@rightPad(java.lang.String,int,java.lang.String):4660:190869:size - strLen |==> size * strLen
2072:AOR:-(int,int):+(int,int):org.apache.commons.lang3.StringUtils@rightPad(java.lang.String,int,java.lang.String):4660:190869:size - strLen |==> size + strLen
2073:AOR:-(int,int):/(int,int):org.apache.commons.lang3.StringUtils@rightPad(java.lang.String,int,java.lang.String):4660:190869:size - strLen |==> size / strLen
2074:LVR:0:POS:org.apache.commons.lang3.StringUtils@rightPad(java.lang.String,int,java.lang.String):4661:190904:0 |==> 1
2075:LVR:0:NEG:org.apache.commons.lang3.StringUtils@rightPad(java.lang.String,int,java.lang.String):4661:190904:0 |==> -1
2076:ROR:<=(int,int):<(int,int):org.apache.commons.lang3.StringUtils@rightPad(java.lang.String,int,java.lang.String):4661:190896:pads <= 0 |==> pads < 0
2077:ROR:<=(int,int):==(int,int):org.apache.commons.lang3.StringUtils@rightPad(java.lang.String,int,java.lang.String):4661:190896:pads <= 0 |==> pads == 0
2078:ROR:<=(int,int):TRUE(int,int):org.apache.commons.lang3.StringUtils@rightPad(java.lang.String,int,java.lang.String):4661:190901:pads <= 0 |==> true
2079:LVR:POS:0:org.apache.commons.lang3.StringUtils@rightPad(java.lang.String,int,java.lang.String):4664:191006:1 |==> 0
2080:LVR:POS:NEG:org.apache.commons.lang3.StringUtils@rightPad(java.lang.String,int,java.lang.String):4664:191006:1 |==> -1
2081:ROR:==(int,int):<=(int,int):org.apache.commons.lang3.StringUtils@rightPad(java.lang.String,int,java.lang.String):4664:190996:padLen == 1 |==> padLen <= 1
2082:ROR:==(int,int):>=(int,int):org.apache.commons.lang3.StringUtils@rightPad(java.lang.String,int,java.lang.String):4664:190996:padLen == 1 |==> padLen >= 1
2083:ROR:==(int,int):FALSE(int,int):org.apache.commons.lang3.StringUtils@rightPad(java.lang.String,int,java.lang.String):4664:191003:padLen == 1 |==> false
2084:ROR:<=(int,int):<(int,int):org.apache.commons.lang3.StringUtils@rightPad(java.lang.String,int,java.lang.String):4664:191011:pads <= PAD_LIMIT |==> pads < PAD_LIMIT
2085:ROR:<=(int,int):==(int,int):org.apache.commons.lang3.StringUtils@rightPad(java.lang.String,int,java.lang.String):4664:191011:pads <= PAD_LIMIT |==> pads == PAD_LIMIT
2086:ROR:<=(int,int):TRUE(int,int):org.apache.commons.lang3.StringUtils@rightPad(java.lang.String,int,java.lang.String):4664:191016:pads <= PAD_LIMIT |==> true
2087:COR:&&(boolean,boolean):==(boolean,boolean):org.apache.commons.lang3.StringUtils@rightPad(java.lang.String,int,java.lang.String):4664:190996:padLen == 1 && pads <= PAD_LIMIT |==> padLen == 1 == pads <= PAD_LIMIT
2088:COR:&&(boolean,boolean):FALSE(boolean,boolean):org.apache.commons.lang3.StringUtils@rightPad(java.lang.String,int,java.lang.String):4664:191008:padLen == 1 && pads <= PAD_LIMIT |==> false
2089:COR:&&(boolean,boolean):LHS(boolean,boolean):org.apache.commons.lang3.StringUtils@rightPad(java.lang.String,int,java.lang.String):4664:190996:padLen == 1 && pads <= PAD_LIMIT |==> padLen == 1
2090:COR:&&(boolean,boolean):RHS(boolean,boolean):org.apache.commons.lang3.StringUtils@rightPad(java.lang.String,int,java.lang.String):4664:191011:padLen == 1 && pads <= PAD_LIMIT |==> pads <= PAD_LIMIT
2091:LVR:0:POS:org.apache.commons.lang3.StringUtils@rightPad(java.lang.String,int,java.lang.String):4665:191085:0 |==> 1
2092:LVR:0:NEG:org.apache.commons.lang3.StringUtils@rightPad(java.lang.String,int,java.lang.String):4665:191085:0 |==> -1
2093:ROR:==(int,int):<=(int,int):org.apache.commons.lang3.StringUtils@rightPad(java.lang.String,int,java.lang.String):4668:191113:pads == padLen |==> pads <= padLen
2094:ROR:==(int,int):>=(int,int):org.apache.commons.lang3.StringUtils@rightPad(java.lang.String,int,java.lang.String):4668:191113:pads == padLen |==> pads >= padLen
2095:ROR:==(int,int):FALSE(int,int):org.apache.commons.lang3.StringUtils@rightPad(java.lang.String,int,java.lang.String):4668:191118:pads == padLen |==> false
2096:ROR:<(int,int):!=(int,int):org.apache.commons.lang3.StringUtils@rightPad(java.lang.String,int,java.lang.String):4670:191189:pads < padLen |==> pads != padLen
2097:ROR:<(int,int):<=(int,int):org.apache.commons.lang3.StringUtils@rightPad(java.lang.String,int,java.lang.String):4670:191189:pads < padLen |==> pads <= padLen
2098:ROR:<(int,int):FALSE(int,int):org.apache.commons.lang3.StringUtils@rightPad(java.lang.String,int,java.lang.String):4670:191194:pads < padLen |==> false
2099:LVR:0:POS:org.apache.commons.lang3.StringUtils@rightPad(java.lang.String,int,java.lang.String):4671:191253:0 |==> 1
2100:LVR:0:NEG:org.apache.commons.lang3.StringUtils@rightPad(java.lang.String,int,java.lang.String):4671:191253:0 |==> -1
2101:LVR:0:POS:org.apache.commons.lang3.StringUtils@rightPad(java.lang.String,int,java.lang.String):4675:191403:0 |==> 1
2102:LVR:0:NEG:org.apache.commons.lang3.StringUtils@rightPad(java.lang.String,int,java.lang.String):4675:191403:0 |==> -1
2103:ROR:<(int,int):!=(int,int):org.apache.commons.lang3.StringUtils@rightPad(java.lang.String,int,java.lang.String):4675:191406:i < pads |==> i != pads
2104:ROR:<(int,int):<=(int,int):org.apache.commons.lang3.StringUtils@rightPad(java.lang.String,int,java.lang.String):4675:191406:i < pads |==> i <= pads
2105:ROR:<(int,int):FALSE(int,int):org.apache.commons.lang3.StringUtils@rightPad(java.lang.String,int,java.lang.String):4675:191408:i < pads |==> false
2106:AOR:%(int,int):*(int,int):org.apache.commons.lang3.StringUtils@rightPad(java.lang.String,int,java.lang.String):4676:191461:i % padLen |==> i * padLen
2107:AOR:%(int,int):+(int,int):org.apache.commons.lang3.StringUtils@rightPad(java.lang.String,int,java.lang.String):4676:191461:i % padLen |==> i + padLen
2108:AOR:%(int,int):-(int,int):org.apache.commons.lang3.StringUtils@rightPad(java.lang.String,int,java.lang.String):4676:191461:i % padLen |==> i - padLen
2109:AOR:%(int,int):/(int,int):org.apache.commons.lang3.StringUtils@rightPad(java.lang.String,int,java.lang.String):4676:191461:i % padLen |==> i / padLen
2110:STD:<ASSIGN>:<NO-OP>:org.apache.commons.lang3.StringUtils@rightPad(java.lang.String,int,java.lang.String):4676:191439:padding[i] = padChars[i % padLen]; |==> <NO-OP>
2111:ROR:==(java.lang.Object,java.lang.Object):FALSE(java.lang.Object,java.lang.Object):org.apache.commons.lang3.StringUtils@leftPad(java.lang.String,int,char):4727:193179:str == null |==> false
2112:AOR:-(int,int):%(int,int):org.apache.commons.lang3.StringUtils@leftPad(java.lang.String,int,char):4730:193244:size - str.length() |==> size % str.length()
2113:AOR:-(int,int):*(int,int):org.apache.commons.lang3.StringUtils@leftPad(java.lang.String,int,char):4730:193244:size - str.length() |==> size * str.length()
2114:AOR:-(int,int):+(int,int):org.apache.commons.lang3.StringUtils@leftPad(java.lang.String,int,char):4730:193244:size - str.length() |==> size + str.length()
2115:AOR:-(int,int):/(int,int):org.apache.commons.lang3.StringUtils@leftPad(java.lang.String,int,char):4730:193244:size - str.length() |==> size / str.length()
2116:LVR:0:POS:org.apache.commons.lang3.StringUtils@leftPad(java.lang.String,int,char):4731:193285:0 |==> 1
2117:LVR:0:NEG:org.apache.commons.lang3.StringUtils@leftPad(java.lang.String,int,char):4731:193285:0 |==> -1
2118:ROR:<=(int,int):<(int,int):org.apache.commons.lang3.StringUtils@leftPad(java.lang.String,int,char):4731:193277:pads <= 0 |==> pads < 0
2119:ROR:<=(int,int):==(int,int):org.apache.commons.lang3.StringUtils@leftPad(java.lang.String,int,char):4731:193277:pads <= 0 |==> pads == 0
2120:ROR:<=(int,int):TRUE(int,int):org.apache.commons.lang3.StringUtils@leftPad(java.lang.String,int,char):4731:193282:pads <= 0 |==> true
2121:ROR:>(int,int):!=(int,int):org.apache.commons.lang3.StringUtils@leftPad(java.lang.String,int,char):4734:193377:pads > PAD_LIMIT |==> pads != PAD_LIMIT
2122:ROR:>(int,int):>=(int,int):org.apache.commons.lang3.StringUtils@leftPad(java.lang.String,int,char):4734:193377:pads > PAD_LIMIT |==> pads >= PAD_LIMIT
2123:ROR:>(int,int):FALSE(int,int):org.apache.commons.lang3.StringUtils@leftPad(java.lang.String,int,char):4734:193382:pads > PAD_LIMIT |==> false
2124:ROR:==(java.lang.Object,java.lang.Object):FALSE(java.lang.Object,java.lang.Object):org.apache.commons.lang3.StringUtils@leftPad(java.lang.String,int,java.lang.String):4764:194560:str == null |==> false
2125:COR:<METHOD_INVOCATION(boolean)>:FALSE:org.apache.commons.lang3.StringUtils@leftPad(java.lang.String,int,java.lang.String):4767:194625:isEmpty(padStr) |==> false
2126:COR:<METHOD_INVOCATION(boolean)>:TRUE:org.apache.commons.lang3.StringUtils@leftPad(java.lang.String,int,java.lang.String):4767:194625:isEmpty(padStr) |==> true
2127:STD:<ASSIGN>:<NO-OP>:org.apache.commons.lang3.StringUtils@leftPad(java.lang.String,int,java.lang.String):4768:194649:padStr = " "; |==> <NO-OP>
2128:AOR:-(int,int):%(int,int):org.apache.commons.lang3.StringUtils@leftPad(java.lang.String,int,java.lang.String):4772:194765:size - strLen |==> size % strLen
2129:AOR:-(int,int):*(int,int):org.apache.commons.lang3.StringUtils@leftPad(java.lang.String,int,java.lang.String):4772:194765:size - strLen |==> size * strLen
2130:AOR:-(int,int):+(int,int):org.apache.commons.lang3.StringUtils@leftPad(java.lang.String,int,java.lang.String):4772:194765:size - strLen |==> size + strLen
2131:AOR:-(int,int):/(int,int):org.apache.commons.lang3.StringUtils@leftPad(java.lang.String,int,java.lang.String):4772:194765:size - strLen |==> size / strLen
2132:LVR:0:POS:org.apache.commons.lang3.StringUtils@leftPad(java.lang.String,int,java.lang.String):4773:194800:0 |==> 1
2133:LVR:0:NEG:org.apache.commons.lang3.StringUtils@leftPad(java.lang.String,int,java.lang.String):4773:194800:0 |==> -1
2134:ROR:<=(int,int):<(int,int):org.apache.commons.lang3.StringUtils@leftPad(java.lang.String,int,java.lang.String):4773:194792:pads <= 0 |==> pads < 0
2135:ROR:<=(int,int):==(int,int):org.apache.commons.lang3.StringUtils@leftPad(java.lang.String,int,java.lang.String):4773:194792:pads <= 0 |==> pads == 0
2136:ROR:<=(int,int):TRUE(int,int):org.apache.commons.lang3.StringUtils@leftPad(java.lang.String,int,java.lang.String):4773:194797:pads <= 0 |==> true
2137:LVR:POS:0:org.apache.commons.lang3.StringUtils@leftPad(java.lang.String,int,java.lang.String):4776:194902:1 |==> 0
2138:LVR:POS:NEG:org.apache.commons.lang3.StringUtils@leftPad(java.lang.String,int,java.lang.String):4776:194902:1 |==> -1
2139:ROR:==(int,int):<=(int,int):org.apache.commons.lang3.StringUtils@leftPad(java.lang.String,int,java.lang.String):4776:194892:padLen == 1 |==> padLen <= 1
2140:ROR:==(int,int):>=(int,int):org.apache.commons.lang3.StringUtils@leftPad(java.lang.String,int,java.lang.String):4776:194892:padLen == 1 |==> padLen >= 1
2141:ROR:==(int,int):FALSE(int,int):org.apache.commons.lang3.StringUtils@leftPad(java.lang.String,int,java.lang.String):4776:194899:padLen == 1 |==> false
2142:ROR:<=(int,int):<(int,int):org.apache.commons.lang3.StringUtils@leftPad(java.lang.String,int,java.lang.String):4776:194907:pads <= PAD_LIMIT |==> pads < PAD_LIMIT
2143:ROR:<=(int,int):==(int,int):org.apache.commons.lang3.StringUtils@leftPad(java.lang.String,int,java.lang.String):4776:194907:pads <= PAD_LIMIT |==> pads == PAD_LIMIT
2144:ROR:<=(int,int):TRUE(int,int):org.apache.commons.lang3.StringUtils@leftPad(java.lang.String,int,java.lang.String):4776:194912:pads <= PAD_LIMIT |==> true
2145:COR:&&(boolean,boolean):==(boolean,boolean):org.apache.commons.lang3.StringUtils@leftPad(java.lang.String,int,java.lang.String):4776:194892:padLen == 1 && pads <= PAD_LIMIT |==> padLen == 1 == pads <= PAD_LIMIT
2146:COR:&&(boolean,boolean):FALSE(boolean,boolean):org.apache.commons.lang3.StringUtils@leftPad(java.lang.String,int,java.lang.String):4776:194904:padLen == 1 && pads <= PAD_LIMIT |==> false
2147:COR:&&(boolean,boolean):LHS(boolean,boolean):org.apache.commons.lang3.StringUtils@leftPad(java.lang.String,int,java.lang.String):4776:194892:padLen == 1 && pads <= PAD_LIMIT |==> padLen == 1
2148:COR:&&(boolean,boolean):RHS(boolean,boolean):org.apache.commons.lang3.StringUtils@leftPad(java.lang.String,int,java.lang.String):4776:194907:padLen == 1 && pads <= PAD_LIMIT |==> pads <= PAD_LIMIT
2149:LVR:0:POS:org.apache.commons.lang3.StringUtils@leftPad(java.lang.String,int,java.lang.String):4777:194980:0 |==> 1
2150:LVR:0:NEG:org.apache.commons.lang3.StringUtils@leftPad(java.lang.String,int,java.lang.String):4777:194980:0 |==> -1
2151:ROR:==(int,int):<=(int,int):org.apache.commons.lang3.StringUtils@leftPad(java.lang.String,int,java.lang.String):4780:195008:pads == padLen |==> pads <= padLen
2152:ROR:==(int,int):>=(int,int):org.apache.commons.lang3.StringUtils@leftPad(java.lang.String,int,java.lang.String):4780:195008:pads == padLen |==> pads >= padLen
2153:ROR:==(int,int):FALSE(int,int):org.apache.commons.lang3.StringUtils@leftPad(java.lang.String,int,java.lang.String):4780:195013:pads == padLen |==> false
2154:ROR:<(int,int):!=(int,int):org.apache.commons.lang3.StringUtils@leftPad(java.lang.String,int,java.lang.String):4782:195084:pads < padLen |==> pads != padLen
2155:ROR:<(int,int):<=(int,int):org.apache.commons.lang3.StringUtils@leftPad(java.lang.String,int,java.lang.String):4782:195084:pads < padLen |==> pads <= padLen
2156:ROR:<(int,int):FALSE(int,int):org.apache.commons.lang3.StringUtils@leftPad(java.lang.String,int,java.lang.String):4782:195089:pads < padLen |==> false
2157:LVR:0:POS:org.apache.commons.lang3.StringUtils@leftPad(java.lang.String,int,java.lang.String):4783:195137:0 |==> 1
2158:LVR:0:NEG:org.apache.commons.lang3.StringUtils@leftPad(java.lang.String,int,java.lang.String):4783:195137:0 |==> -1
2159:LVR:0:POS:org.apache.commons.lang3.StringUtils@leftPad(java.lang.String,int,java.lang.String):4787:195298:0 |==> 1
2160:LVR:0:NEG:org.apache.commons.lang3.StringUtils@leftPad(java.lang.String,int,java.lang.String):4787:195298:0 |==> -1
2161:ROR:<(int,int):!=(int,int):org.apache.commons.lang3.StringUtils@leftPad(java.lang.String,int,java.lang.String):4787:195301:i < pads |==> i != pads
2162:ROR:<(int,int):<=(int,int):org.apache.commons.lang3.StringUtils@leftPad(java.lang.String,int,java.lang.String):4787:195301:i < pads |==> i <= pads
2163:ROR:<(int,int):FALSE(int,int):org.apache.commons.lang3.StringUtils@leftPad(java.lang.String,int,java.lang.String):4787:195303:i < pads |==> false
2164:AOR:%(int,int):*(int,int):org.apache.commons.lang3.StringUtils@leftPad(java.lang.String,int,java.lang.String):4788:195356:i % padLen |==> i * padLen
2165:AOR:%(int,int):+(int,int):org.apache.commons.lang3.StringUtils@leftPad(java.lang.String,int,java.lang.String):4788:195356:i % padLen |==> i + padLen
2166:AOR:%(int,int):-(int,int):org.apache.commons.lang3.StringUtils@leftPad(java.lang.String,int,java.lang.String):4788:195356:i % padLen |==> i - padLen
2167:AOR:%(int,int):/(int,int):org.apache.commons.lang3.StringUtils@leftPad(java.lang.String,int,java.lang.String):4788:195356:i % padLen |==> i / padLen
2168:STD:<ASSIGN>:<NO-OP>:org.apache.commons.lang3.StringUtils@leftPad(java.lang.String,int,java.lang.String):4788:195334:padding[i] = padChars[i % padLen]; |==> <NO-OP>
2169:ROR:==(java.lang.Object,java.lang.Object):FALSE(java.lang.Object,java.lang.Object):org.apache.commons.lang3.StringUtils@length(java.lang.CharSequence):4806:195896:cs == null |==> false
2170:LVR:0:POS:org.apache.commons.lang3.StringUtils@length(java.lang.CharSequence):4806:195906:0 |==> 1
2171:LVR:0:NEG:org.apache.commons.lang3.StringUtils@length(java.lang.CharSequence):4806:195906:0 |==> -1
2172:ROR:==(java.lang.Object,java.lang.Object):FALSE(java.lang.Object,java.lang.Object):org.apache.commons.lang3.StringUtils@center(java.lang.String,int,char):4863:198102:str == null |==> false
2173:LVR:0:POS:org.apache.commons.lang3.StringUtils@center(java.lang.String,int,char):4863:198121:0 |==> 1
2174:LVR:0:NEG:org.apache.commons.lang3.StringUtils@center(java.lang.String,int,char):4863:198121:0 |==> -1
2175:ROR:<=(int,int):<(int,int):org.apache.commons.lang3.StringUtils@center(java.lang.String,int,char):4863:198113:size <= 0 |==> size < 0
2176:ROR:<=(int,int):==(int,int):org.apache.commons.lang3.StringUtils@center(java.lang.String,int,char):4863:198113:size <= 0 |==> size == 0
2177:ROR:<=(int,int):TRUE(int,int):org.apache.commons.lang3.StringUtils@center(java.lang.String,int,char):4863:198118:size <= 0 |==> true
2178:COR:||(boolean,boolean):!=(boolean,boolean):org.apache.commons.lang3.StringUtils@center(java.lang.String,int,char):4863:198098:str == null || size <= 0 |==> str == null != size <= 0
2179:COR:||(boolean,boolean):LHS(boolean,boolean):org.apache.commons.lang3.StringUtils@center(java.lang.String,int,char):4863:198098:str == null || size <= 0 |==> str == null
2180:COR:||(boolean,boolean):RHS(boolean,boolean):org.apache.commons.lang3.StringUtils@center(java.lang.String,int,char):4863:198113:str == null || size <= 0 |==> size <= 0
2181:COR:||(boolean,boolean):TRUE(boolean,boolean):org.apache.commons.lang3.StringUtils@center(java.lang.String,int,char):4863:198110:str == null || size <= 0 |==> true
2182:AOR:-(int,int):%(int,int):org.apache.commons.lang3.StringUtils@center(java.lang.String,int,char):4867:198214:size - strLen |==> size % strLen
2183:AOR:-(int,int):*(int,int):org.apache.commons.lang3.StringUtils@center(java.lang.String,int,char):4867:198214:size - strLen |==> size * strLen
2184:AOR:-(int,int):+(int,int):org.apache.commons.lang3.StringUtils@center(java.lang.String,int,char):4867:198214:size - strLen |==> size + strLen
2185:AOR:-(int,int):/(int,int):org.apache.commons.lang3.StringUtils@center(java.lang.String,int,char):4867:198214:size - strLen |==> size / strLen
2186:LVR:0:POS:org.apache.commons.lang3.StringUtils@center(java.lang.String,int,char):4868:198249:0 |==> 1
2187:LVR:0:NEG:org.apache.commons.lang3.StringUtils@center(java.lang.String,int,char):4868:198249:0 |==> -1
2188:ROR:<=(int,int):<(int,int):org.apache.commons.lang3.StringUtils@center(java.lang.String,int,char):4868:198241:pads <= 0 |==> pads < 0
2189:ROR:<=(int,int):==(int,int):org.apache.commons.lang3.StringUtils@center(java.lang.String,int,char):4868:198241:pads <= 0 |==> pads == 0
2190:ROR:<=(int,int):TRUE(int,int):org.apache.commons.lang3.StringUtils@center(java.lang.String,int,char):4868:198246:pads <= 0 |==> true
2191:LVR:POS:0:org.apache.commons.lang3.StringUtils@center(java.lang.String,int,char):4871:198331:2 |==> 0
2192:LVR:POS:NEG:org.apache.commons.lang3.StringUtils@center(java.lang.String,int,char):4871:198331:2 |==> -2
2193:AOR:/(int,int):%(int,int):org.apache.commons.lang3.StringUtils@center(java.lang.String,int,char):4871:198324:pads / 2 |==> pads % 2
2194:AOR:/(int,int):*(int,int):org.apache.commons.lang3.StringUtils@center(java.lang.String,int,char):4871:198324:pads / 2 |==> pads * 2
2195:AOR:/(int,int):+(int,int):org.apache.commons.lang3.StringUtils@center(java.lang.String,int,char):4871:198324:pads / 2 |==> pads + 2
2196:AOR:/(int,int):-(int,int):org.apache.commons.lang3.StringUtils@center(java.lang.String,int,char):4871:198324:pads / 2 |==> pads - 2
2197:AOR:+(int,int):%(int,int):org.apache.commons.lang3.StringUtils@center(java.lang.String,int,char):4871:198315:strLen + pads / 2 |==> strLen % (pads / 2)
2198:AOR:+(int,int):*(int,int):org.apache.commons.lang3.StringUtils@center(java.lang.String,int,char):4871:198315:strLen + pads / 2 |==> strLen * (pads / 2)
2199:AOR:+(int,int):-(int,int):org.apache.commons.lang3.StringUtils@center(java.lang.String,int,char):4871:198315:strLen + pads / 2 |==> strLen - pads / 2
2200:AOR:+(int,int):/(int,int):org.apache.commons.lang3.StringUtils@center(java.lang.String,int,char):4871:198315:strLen + pads / 2 |==> strLen / (pads / 2)
2201:STD:<ASSIGN>:<NO-OP>:org.apache.commons.lang3.StringUtils@center(java.lang.String,int,char):4871:198296:str = leftPad(str, strLen + pads / 2, padChar); |==> <NO-OP>
2202:STD:<ASSIGN>:<NO-OP>:org.apache.commons.lang3.StringUtils@center(java.lang.String,int,char):4872:198352:str = rightPad(str, size, padChar); |==> <NO-OP>
2203:ROR:==(java.lang.Object,java.lang.Object):FALSE(java.lang.Object,java.lang.Object):org.apache.commons.lang3.StringUtils@center(java.lang.String,int,java.lang.String):4903:199695:str == null |==> false
2204:LVR:0:POS:org.apache.commons.lang3.StringUtils@center(java.lang.String,int,java.lang.String):4903:199714:0 |==> 1
2205:LVR:0:NEG:org.apache.commons.lang3.StringUtils@center(java.lang.String,int,java.lang.String):4903:199714:0 |==> -1
2206:ROR:<=(int,int):<(int,int):org.apache.commons.lang3.StringUtils@center(java.lang.String,int,java.lang.String):4903:199706:size <= 0 |==> size < 0
2207:ROR:<=(int,int):==(int,int):org.apache.commons.lang3.StringUtils@center(java.lang.String,int,java.lang.String):4903:199706:size <= 0 |==> size == 0
2208:ROR:<=(int,int):TRUE(int,int):org.apache.commons.lang3.StringUtils@center(java.lang.String,int,java.lang.String):4903:199711:size <= 0 |==> true
2209:COR:||(boolean,boolean):!=(boolean,boolean):org.apache.commons.lang3.StringUtils@center(java.lang.String,int,java.lang.String):4903:199691:str == null || size <= 0 |==> str == null != size <= 0
2210:COR:||(boolean,boolean):LHS(boolean,boolean):org.apache.commons.lang3.StringUtils@center(java.lang.String,int,java.lang.String):4903:199691:str == null || size <= 0 |==> str == null
2211:COR:||(boolean,boolean):RHS(boolean,boolean):org.apache.commons.lang3.StringUtils@center(java.lang.String,int,java.lang.String):4903:199706:str == null || size <= 0 |==> size <= 0
2212:COR:||(boolean,boolean):TRUE(boolean,boolean):org.apache.commons.lang3.StringUtils@center(java.lang.String,int,java.lang.String):4903:199703:str == null || size <= 0 |==> true
2213:COR:<METHOD_INVOCATION(boolean)>:FALSE:org.apache.commons.lang3.StringUtils@center(java.lang.String,int,java.lang.String):4906:199772:isEmpty(padStr) |==> false
2214:COR:<METHOD_INVOCATION(boolean)>:TRUE:org.apache.commons.lang3.StringUtils@center(java.lang.String,int,java.lang.String):4906:199772:isEmpty(padStr) |==> true
2215:STD:<ASSIGN>:<NO-OP>:org.apache.commons.lang3.StringUtils@center(java.lang.String,int,java.lang.String):4907:199796:padStr = " "; |==> <NO-OP>
2216:AOR:-(int,int):%(int,int):org.apache.commons.lang3.StringUtils@center(java.lang.String,int,java.lang.String):4910:199874:size - strLen |==> size % strLen
2217:AOR:-(int,int):*(int,int):org.apache.commons.lang3.StringUtils@center(java.lang.String,int,java.lang.String):4910:199874:size - strLen |==> size * strLen
2218:AOR:-(int,int):+(int,int):org.apache.commons.lang3.StringUtils@center(java.lang.String,int,java.lang.String):4910:199874:size - strLen |==> size + strLen
2219:AOR:-(int,int):/(int,int):org.apache.commons.lang3.StringUtils@center(java.lang.String,int,java.lang.String):4910:199874:size - strLen |==> size / strLen
2220:LVR:0:POS:org.apache.commons.lang3.StringUtils@center(java.lang.String,int,java.lang.String):4911:199909:0 |==> 1
2221:LVR:0:NEG:org.apache.commons.lang3.StringUtils@center(java.lang.String,int,java.lang.String):4911:199909:0 |==> -1
2222:ROR:<=(int,int):<(int,int):org.apache.commons.lang3.StringUtils@center(java.lang.String,int,java.lang.String):4911:199901:pads <= 0 |==> pads < 0
2223:ROR:<=(int,int):==(int,int):org.apache.commons.lang3.StringUtils@center(java.lang.String,int,java.lang.String):4911:199901:pads <= 0 |==> pads == 0
2224:ROR:<=(int,int):TRUE(int,int):org.apache.commons.lang3.StringUtils@center(java.lang.String,int,java.lang.String):4911:199906:pads <= 0 |==> true
2225:LVR:POS:0:org.apache.commons.lang3.StringUtils@center(java.lang.String,int,java.lang.String):4914:199991:2 |==> 0
2226:LVR:POS:NEG:org.apache.commons.lang3.StringUtils@center(java.lang.String,int,java.lang.String):4914:199991:2 |==> -2
2227:AOR:/(int,int):%(int,int):org.apache.commons.lang3.StringUtils@center(java.lang.String,int,java.lang.String):4914:199984:pads / 2 |==> pads % 2
2228:AOR:/(int,int):*(int,int):org.apache.commons.lang3.StringUtils@center(java.lang.String,int,java.lang.String):4914:199984:pads / 2 |==> pads * 2
2229:AOR:/(int,int):+(int,int):org.apache.commons.lang3.StringUtils@center(java.lang.String,int,java.lang.String):4914:199984:pads / 2 |==> pads + 2
2230:AOR:/(int,int):-(int,int):org.apache.commons.lang3.StringUtils@center(java.lang.String,int,java.lang.String):4914:199984:pads / 2 |==> pads - 2
2231:AOR:+(int,int):%(int,int):org.apache.commons.lang3.StringUtils@center(java.lang.String,int,java.lang.String):4914:199975:strLen + pads / 2 |==> strLen % (pads / 2)
2232:AOR:+(int,int):*(int,int):org.apache.commons.lang3.StringUtils@center(java.lang.String,int,java.lang.String):4914:199975:strLen + pads / 2 |==> strLen * (pads / 2)
2233:AOR:+(int,int):-(int,int):org.apache.commons.lang3.StringUtils@center(java.lang.String,int,java.lang.String):4914:199975:strLen + pads / 2 |==> strLen - pads / 2
2234:AOR:+(int,int):/(int,int):org.apache.commons.lang3.StringUtils@center(java.lang.String,int,java.lang.String):4914:199975:strLen + pads / 2 |==> strLen / (pads / 2)
2235:STD:<ASSIGN>:<NO-OP>:org.apache.commons.lang3.StringUtils@center(java.lang.String,int,java.lang.String):4914:199956:str = leftPad(str, strLen + pads / 2, padStr); |==> <NO-OP>
2236:STD:<ASSIGN>:<NO-OP>:org.apache.commons.lang3.StringUtils@center(java.lang.String,int,java.lang.String):4915:200011:str = rightPad(str, size, padStr); |==> <NO-OP>
2237:ROR:==(java.lang.Object,java.lang.Object):FALSE(java.lang.Object,java.lang.Object):org.apache.commons.lang3.StringUtils@upperCase(java.lang.String):4941:201064:str == null |==> false
2238:ROR:==(java.lang.Object,java.lang.Object):FALSE(java.lang.Object,java.lang.Object):org.apache.commons.lang3.StringUtils@upperCase(java.lang.String,java.util.Locale):4964:201866:str == null |==> false
2239:ROR:==(java.lang.Object,java.lang.Object):FALSE(java.lang.Object,java.lang.Object):org.apache.commons.lang3.StringUtils@lowerCase(java.lang.String):4990:202849:str == null |==> false
2240:ROR:==(java.lang.Object,java.lang.Object):FALSE(java.lang.Object,java.lang.Object):org.apache.commons.lang3.StringUtils@lowerCase(java.lang.String,java.util.Locale):5013:203651:str == null |==> false
2241:ROR:==(java.lang.Object,java.lang.Object):FALSE(java.lang.Object,java.lang.Object):org.apache.commons.lang3.StringUtils@capitalize(java.lang.String):5041:204649:str == null |==> false
2242:LVR:0:POS:org.apache.commons.lang3.StringUtils@capitalize(java.lang.String):5041:204687:0 |==> 1
2243:LVR:0:NEG:org.apache.commons.lang3.StringUtils@capitalize(java.lang.String):5041:204687:0 |==> -1
2244:ROR:==(int,int):<=(int,int):org.apache.commons.lang3.StringUtils@capitalize(java.lang.String):5041:204660:(strLen = str.length()) == 0 |==> (strLen = str.length()) <= 0
2245:ROR:==(int,int):>=(int,int):org.apache.commons.lang3.StringUtils@capitalize(java.lang.String):5041:204660:(strLen = str.length()) == 0 |==> (strLen = str.length()) >= 0
2246:COR:||(boolean,boolean):!=(boolean,boolean):org.apache.commons.lang3.StringUtils@capitalize(java.lang.String):5041:204645:str == null || (strLen = str.length()) == 0 |==> str == null != ((strLen = str.length()) == 0)
2247:COR:||(boolean,boolean):RHS(boolean,boolean):org.apache.commons.lang3.StringUtils@capitalize(java.lang.String):5041:204660:str == null || (strLen = str.length()) == 0 |==> (strLen = str.length()) == 0
2248:COR:||(boolean,boolean):TRUE(boolean,boolean):org.apache.commons.lang3.StringUtils@capitalize(java.lang.String):5041:204657:str == null || (strLen = str.length()) == 0 |==> true
2249:LVR:0:POS:org.apache.commons.lang3.StringUtils@capitalize(java.lang.String):5045:204820:0 |==> 1
2250:LVR:0:NEG:org.apache.commons.lang3.StringUtils@capitalize(java.lang.String):5045:204820:0 |==> -1
2251:LVR:POS:0:org.apache.commons.lang3.StringUtils@capitalize(java.lang.String):5046:204859:1 |==> 0
2252:LVR:POS:NEG:org.apache.commons.lang3.StringUtils@capitalize(java.lang.String):5046:204859:1 |==> -1
2253:ROR:==(java.lang.Object,java.lang.Object):FALSE(java.lang.Object,java.lang.Object):org.apache.commons.lang3.StringUtils@uncapitalize(java.lang.String):5072:205818:str == null |==> false
2254:LVR:0:POS:org.apache.commons.lang3.StringUtils@uncapitalize(java.lang.String):5072:205856:0 |==> 1
2255:LVR:0:NEG:org.apache.commons.lang3.StringUtils@uncapitalize(java.lang.String):5072:205856:0 |==> -1
2256:ROR:==(int,int):<=(int,int):org.apache.commons.lang3.StringUtils@uncapitalize(java.lang.String):5072:205829:(strLen = str.length()) == 0 |==> (strLen = str.length()) <= 0
2257:ROR:==(int,int):>=(int,int):org.apache.commons.lang3.StringUtils@uncapitalize(java.lang.String):5072:205829:(strLen = str.length()) == 0 |==> (strLen = str.length()) >= 0
2258:COR:||(boolean,boolean):!=(boolean,boolean):org.apache.commons.lang3.StringUtils@uncapitalize(java.lang.String):5072:205814:str == null || (strLen = str.length()) == 0 |==> str == null != ((strLen = str.length()) == 0)
2259:COR:||(boolean,boolean):RHS(boolean,boolean):org.apache.commons.lang3.StringUtils@uncapitalize(java.lang.String):5072:205829:str == null || (strLen = str.length()) == 0 |==> (strLen = str.length()) == 0
2260:COR:||(boolean,boolean):TRUE(boolean,boolean):org.apache.commons.lang3.StringUtils@uncapitalize(java.lang.String):5072:205826:str == null || (strLen = str.length()) == 0 |==> true
2261:LVR:0:POS:org.apache.commons.lang3.StringUtils@uncapitalize(java.lang.String):5076:205989:0 |==> 1
2262:LVR:0:NEG:org.apache.commons.lang3.StringUtils@uncapitalize(java.lang.String):5076:205989:0 |==> -1
2263:LVR:POS:0:org.apache.commons.lang3.StringUtils@uncapitalize(java.lang.String):5077:206028:1 |==> 0
2264:LVR:POS:NEG:org.apache.commons.lang3.StringUtils@uncapitalize(java.lang.String):5077:206028:1 |==> -1
2265:COR:<METHOD_INVOCATION(boolean)>:FALSE:org.apache.commons.lang3.StringUtils@swapCase(java.lang.String):5109:207285:StringUtils.isEmpty(str) |==> false
2266:COR:<METHOD_INVOCATION(boolean)>:TRUE:org.apache.commons.lang3.StringUtils@swapCase(java.lang.String):5109:207285:StringUtils.isEmpty(str) |==> true
2267:LVR:0:POS:org.apache.commons.lang3.StringUtils@swapCase(java.lang.String):5115:207394:0 |==> 1
2268:LVR:0:NEG:org.apache.commons.lang3.StringUtils@swapCase(java.lang.String):5115:207394:0 |==> -1
2269:ROR:<(int,int):<=(int,int):org.apache.commons.lang3.StringUtils@swapCase(java.lang.String):5115:207397:i < buffer.length |==> i <= buffer.length
2270:ROR:<(int,int):FALSE(int,int):org.apache.commons.lang3.StringUtils@swapCase(java.lang.String):5115:207399:i < buffer.length |==> false
2271:COR:<METHOD_INVOCATION(boolean)>:FALSE:org.apache.commons.lang3.StringUtils@swapCase(java.lang.String):5117:207493:Character.isUpperCase(ch) |==> false
2272:COR:<METHOD_INVOCATION(boolean)>:TRUE:org.apache.commons.lang3.StringUtils@swapCase(java.lang.String):5117:207493:Character.isUpperCase(ch) |==> true
2273:STD:<ASSIGN>:<NO-OP>:org.apache.commons.lang3.StringUtils@swapCase(java.lang.String):5118:207517:buffer[i] = Character.toLowerCase(ch); |==> <NO-OP>
2274:COR:<METHOD_INVOCATION(boolean)>:FALSE:org.apache.commons.lang3.StringUtils@swapCase(java.lang.String):5119:207600:Character.isTitleCase(ch) |==> false
2275:COR:<METHOD_INVOCATION(boolean)>:TRUE:org.apache.commons.lang3.StringUtils@swapCase(java.lang.String):5119:207600:Character.isTitleCase(ch) |==> true
2276:STD:<ASSIGN>:<NO-OP>:org.apache.commons.lang3.StringUtils@swapCase(java.lang.String):5120:207624:buffer[i] = Character.toLowerCase(ch); |==> <NO-OP>
2277:COR:<METHOD_INVOCATION(boolean)>:FALSE:org.apache.commons.lang3.StringUtils@swapCase(java.lang.String):5121:207707:Character.isLowerCase(ch) |==> false
2278:COR:<METHOD_INVOCATION(boolean)>:TRUE:org.apache.commons.lang3.StringUtils@swapCase(java.lang.String):5121:207707:Character.isLowerCase(ch) |==> true
2279:STD:<ASSIGN>:<NO-OP>:org.apache.commons.lang3.StringUtils@swapCase(java.lang.String):5122:207731:buffer[i] = Character.toUpperCase(ch); |==> <NO-OP>
2280:COR:||(boolean,boolean):!=(boolean,boolean):org.apache.commons.lang3.StringUtils@countMatches(java.lang.CharSequence,java.lang.CharSequence):5151:208906:isEmpty(str) || isEmpty(sub) |==> isEmpty(str) != isEmpty(sub)
2281:COR:||(boolean,boolean):LHS(boolean,boolean):org.apache.commons.lang3.StringUtils@countMatches(java.lang.CharSequence,java.lang.CharSequence):5151:208906:isEmpty(str) || isEmpty(sub) |==> isEmpty(str)
2282:COR:||(boolean,boolean):RHS(boolean,boolean):org.apache.commons.lang3.StringUtils@countMatches(java.lang.CharSequence,java.lang.CharSequence):5151:208922:isEmpty(str) || isEmpty(sub) |==> isEmpty(sub)
2283:COR:||(boolean,boolean):TRUE(boolean,boolean):org.apache.commons.lang3.StringUtils@countMatches(java.lang.CharSequence,java.lang.CharSequence):5151:208919:isEmpty(str) || isEmpty(sub) |==> true
2284:LVR:0:POS:org.apache.commons.lang3.StringUtils@countMatches(java.lang.CharSequence,java.lang.CharSequence):5152:208957:0 |==> 1
2285:LVR:0:NEG:org.apache.commons.lang3.StringUtils@countMatches(java.lang.CharSequence,java.lang.CharSequence):5152:208957:0 |==> -1
2286:LVR:0:POS:org.apache.commons.lang3.StringUtils@countMatches(java.lang.CharSequence,java.lang.CharSequence):5154:208990:0 |==> 1
2287:LVR:0:NEG:org.apache.commons.lang3.StringUtils@countMatches(java.lang.CharSequence,java.lang.CharSequence):5154:208990:0 |==> -1
2288:LVR:0:POS:org.apache.commons.lang3.StringUtils@countMatches(java.lang.CharSequence,java.lang.CharSequence):5155:209011:0 |==> 1
2289:LVR:0:NEG:org.apache.commons.lang3.StringUtils@countMatches(java.lang.CharSequence,java.lang.CharSequence):5155:209011:0 |==> -1
2290:ROR:!=(int,int):<(int,int):org.apache.commons.lang3.StringUtils@countMatches(java.lang.CharSequence,java.lang.CharSequence):5156:209029:(idx = CharSequenceUtils.indexOf(str, sub, idx)) != INDEX_NOT_FOUND |==> (idx = CharSequenceUtils.indexOf(str, sub, idx)) < INDEX_NOT_FOUND
2291:ROR:!=(int,int):>(int,int):org.apache.commons.lang3.StringUtils@countMatches(java.lang.CharSequence,java.lang.CharSequence):5156:209029:(idx = CharSequenceUtils.indexOf(str, sub, idx)) != INDEX_NOT_FOUND |==> (idx = CharSequenceUtils.indexOf(str, sub, idx)) > INDEX_NOT_FOUND
2292:ROR:!=(int,int):TRUE(int,int):org.apache.commons.lang3.StringUtils@countMatches(java.lang.CharSequence,java.lang.CharSequence):5156:209078:(idx = CharSequenceUtils.indexOf(str, sub, idx)) != INDEX_NOT_FOUND |==> true
2293:STD:<INC>:<NO-OP>:org.apache.commons.lang3.StringUtils@countMatches(java.lang.CharSequence,java.lang.CharSequence):5157:209112:count++; |==> <NO-OP>
2294:STD:<ASSIGN>:<NO-OP>:org.apache.commons.lang3.StringUtils@countMatches(java.lang.CharSequence,java.lang.CharSequence):5158:209133:idx += sub.length(); |==> <NO-OP>
2295:ROR:==(java.lang.Object,java.lang.Object):FALSE(java.lang.Object,java.lang.Object):org.apache.commons.lang3.StringUtils@isAlpha(java.lang.CharSequence):5186:210145:cs == null |==> false
2296:LVR:0:POS:org.apache.commons.lang3.StringUtils@isAlpha(java.lang.CharSequence):5186:210171:0 |==> 1
2297:LVR:0:NEG:org.apache.commons.lang3.StringUtils@isAlpha(java.lang.CharSequence):5186:210171:0 |==> -1
2298:ROR:==(int,int):>=(int,int):org.apache.commons.lang3.StringUtils@isAlpha(java.lang.CharSequence):5186:210156:cs.length() == 0 |==> cs.length() >= 0
2299:ROR:==(int,int):FALSE(int,int):org.apache.commons.lang3.StringUtils@isAlpha(java.lang.CharSequence):5186:210168:cs.length() == 0 |==> false
2300:COR:||(boolean,boolean):!=(boolean,boolean):org.apache.commons.lang3.StringUtils@isAlpha(java.lang.CharSequence):5186:210142:cs == null || cs.length() == 0 |==> cs == null != (cs.length() == 0)
2301:COR:||(boolean,boolean):LHS(boolean,boolean):org.apache.commons.lang3.StringUtils@isAlpha(java.lang.CharSequence):5186:210142:cs == null || cs.length() == 0 |==> cs == null
2302:COR:||(boolean,boolean):RHS(boolean,boolean):org.apache.commons.lang3.StringUtils@isAlpha(java.lang.CharSequence):5186:210156:cs == null || cs.length() == 0 |==> cs.length() == 0
2303:COR:||(boolean,boolean):TRUE(boolean,boolean):org.apache.commons.lang3.StringUtils@isAlpha(java.lang.CharSequence):5186:210153:cs == null || cs.length() == 0 |==> true
2304:LVR:FALSE:TRUE:org.apache.commons.lang3.StringUtils@isAlpha(java.lang.CharSequence):5187:210195:false |==> true
2305:LVR:0:POS:org.apache.commons.lang3.StringUtils@isAlpha(java.lang.CharSequence):5190:210263:0 |==> 1
2306:LVR:0:NEG:org.apache.commons.lang3.StringUtils@isAlpha(java.lang.CharSequence):5190:210263:0 |==> -1
2307:ROR:<(int,int):!=(int,int):org.apache.commons.lang3.StringUtils@isAlpha(java.lang.CharSequence):5190:210266:i < sz |==> i != sz
2308:ROR:<(int,int):<=(int,int):org.apache.commons.lang3.StringUtils@isAlpha(java.lang.CharSequence):5190:210266:i < sz |==> i <= sz
2309:ROR:<(int,int):FALSE(int,int):org.apache.commons.lang3.StringUtils@isAlpha(java.lang.CharSequence):5190:210268:i < sz |==> false
2310:LVR:FALSE:TRUE:org.apache.commons.lang3.StringUtils@isAlpha(java.lang.CharSequence):5191:210333:false |==> true
2311:ROR:==(boolean,boolean):FALSE(boolean,boolean):org.apache.commons.lang3.StringUtils@isAlpha(java.lang.CharSequence):5191:210330:Character.isLetter(cs.charAt(i)) == false |==> false
2312:ROR:==(boolean,boolean):LHS(boolean,boolean):org.apache.commons.lang3.StringUtils@isAlpha(java.lang.CharSequence):5191:210297:Character.isLetter(cs.charAt(i)) == false |==> Character.isLetter(cs.charAt(i))
2313:ROR:==(boolean,boolean):RHS(boolean,boolean):org.apache.commons.lang3.StringUtils@isAlpha(java.lang.CharSequence):5191:210333:Character.isLetter(cs.charAt(i)) == false |==> false
2314:LVR:FALSE:TRUE:org.apache.commons.lang3.StringUtils@isAlpha(java.lang.CharSequence):5192:210365:false |==> true
2315:LVR:TRUE:FALSE:org.apache.commons.lang3.StringUtils@isAlpha(java.lang.CharSequence):5195:210411:true |==> false
2316:ROR:==(java.lang.Object,java.lang.Object):FALSE(java.lang.Object,java.lang.Object):org.apache.commons.lang3.StringUtils@isAlphaSpace(java.lang.CharSequence):5221:211346:cs == null |==> false
2317:LVR:FALSE:TRUE:org.apache.commons.lang3.StringUtils@isAlphaSpace(java.lang.CharSequence):5222:211376:false |==> true
2318:LVR:0:POS:org.apache.commons.lang3.StringUtils@isAlphaSpace(java.lang.CharSequence):5225:211444:0 |==> 1
2319:LVR:0:NEG:org.apache.commons.lang3.StringUtils@isAlphaSpace(java.lang.CharSequence):5225:211444:0 |==> -1
2320:ROR:<(int,int):!=(int,int):org.apache.commons.lang3.StringUtils@isAlphaSpace(java.lang.CharSequence):5225:211447:i < sz |==> i != sz
2321:ROR:<(int,int):<=(int,int):org.apache.commons.lang3.StringUtils@isAlphaSpace(java.lang.CharSequence):5225:211447:i < sz |==> i <= sz
2322:ROR:<(int,int):FALSE(int,int):org.apache.commons.lang3.StringUtils@isAlphaSpace(java.lang.CharSequence):5225:211449:i < sz |==> false
2323:LVR:FALSE:TRUE:org.apache.commons.lang3.StringUtils@isAlphaSpace(java.lang.CharSequence):5226:211514:false |==> true
2324:ROR:==(boolean,boolean):FALSE(boolean,boolean):org.apache.commons.lang3.StringUtils@isAlphaSpace(java.lang.CharSequence):5226:211511:Character.isLetter(cs.charAt(i)) == false |==> false
2325:ROR:==(boolean,boolean):LHS(boolean,boolean):org.apache.commons.lang3.StringUtils@isAlphaSpace(java.lang.CharSequence):5226:211478:Character.isLetter(cs.charAt(i)) == false |==> Character.isLetter(cs.charAt(i))
2326:ROR:==(boolean,boolean):RHS(boolean,boolean):org.apache.commons.lang3.StringUtils@isAlphaSpace(java.lang.CharSequence):5226:211514:Character.isLetter(cs.charAt(i)) == false |==> false
2327:ROR:!=(int,int):<(int,int):org.apache.commons.lang3.StringUtils@isAlphaSpace(java.lang.CharSequence):5226:211523:cs.charAt(i) != ' ' |==> cs.charAt(i) < ' '
2328:ROR:!=(int,int):>(int,int):org.apache.commons.lang3.StringUtils@isAlphaSpace(java.lang.CharSequence):5226:211523:cs.charAt(i) != ' ' |==> cs.charAt(i) > ' '
2329:ROR:!=(int,int):TRUE(int,int):org.apache.commons.lang3.StringUtils@isAlphaSpace(java.lang.CharSequence):5226:211536:cs.charAt(i) != ' ' |==> true
2330:COR:&&(boolean,boolean):==(boolean,boolean):org.apache.commons.lang3.StringUtils@isAlphaSpace(java.lang.CharSequence):5226:211478:Character.isLetter(cs.charAt(i)) == false && cs.charAt(i) != ' ' |==> Character.isLetter(cs.charAt(i)) == false == (cs.charAt(i) != ' ')
2331:COR:&&(boolean,boolean):FALSE(boolean,boolean):org.apache.commons.lang3.StringUtils@isAlphaSpace(java.lang.CharSequence):5226:211520:Character.isLetter(cs.charAt(i)) == false && cs.charAt(i) != ' ' |==> false
2332:COR:&&(boolean,boolean):LHS(boolean,boolean):org.apache.commons.lang3.StringUtils@isAlphaSpace(java.lang.CharSequence):5226:211478:Character.isLetter(cs.charAt(i)) == false && cs.charAt(i) != ' ' |==> Character.isLetter(cs.charAt(i)) == false
2333:COR:&&(boolean,boolean):RHS(boolean,boolean):org.apache.commons.lang3.StringUtils@isAlphaSpace(java.lang.CharSequence):5226:211523:Character.isLetter(cs.charAt(i)) == false && cs.charAt(i) != ' ' |==> cs.charAt(i) != ' '
2334:LVR:FALSE:TRUE:org.apache.commons.lang3.StringUtils@isAlphaSpace(java.lang.CharSequence):5227:211569:false |==> true
2335:LVR:TRUE:FALSE:org.apache.commons.lang3.StringUtils@isAlphaSpace(java.lang.CharSequence):5230:211615:true |==> false
2336:ROR:==(java.lang.Object,java.lang.Object):FALSE(java.lang.Object,java.lang.Object):org.apache.commons.lang3.StringUtils@isAlphanumeric(java.lang.CharSequence):5256:212619:cs == null |==> false
2337:LVR:0:POS:org.apache.commons.lang3.StringUtils@isAlphanumeric(java.lang.CharSequence):5256:212645:0 |==> 1
2338:LVR:0:NEG:org.apache.commons.lang3.StringUtils@isAlphanumeric(java.lang.CharSequence):5256:212645:0 |==> -1
2339:ROR:==(int,int):>=(int,int):org.apache.commons.lang3.StringUtils@isAlphanumeric(java.lang.CharSequence):5256:212630:cs.length() == 0 |==> cs.length() >= 0
2340:ROR:==(int,int):FALSE(int,int):org.apache.commons.lang3.StringUtils@isAlphanumeric(java.lang.CharSequence):5256:212642:cs.length() == 0 |==> false
2341:COR:||(boolean,boolean):!=(boolean,boolean):org.apache.commons.lang3.StringUtils@isAlphanumeric(java.lang.CharSequence):5256:212616:cs == null || cs.length() == 0 |==> cs == null != (cs.length() == 0)
2342:COR:||(boolean,boolean):LHS(boolean,boolean):org.apache.commons.lang3.StringUtils@isAlphanumeric(java.lang.CharSequence):5256:212616:cs == null || cs.length() == 0 |==> cs == null
2343:COR:||(boolean,boolean):RHS(boolean,boolean):org.apache.commons.lang3.StringUtils@isAlphanumeric(java.lang.CharSequence):5256:212630:cs == null || cs.length() == 0 |==> cs.length() == 0
2344:COR:||(boolean,boolean):TRUE(boolean,boolean):org.apache.commons.lang3.StringUtils@isAlphanumeric(java.lang.CharSequence):5256:212627:cs == null || cs.length() == 0 |==> true
2345:LVR:FALSE:TRUE:org.apache.commons.lang3.StringUtils@isAlphanumeric(java.lang.CharSequence):5257:212669:false |==> true
2346:LVR:0:POS:org.apache.commons.lang3.StringUtils@isAlphanumeric(java.lang.CharSequence):5260:212737:0 |==> 1
2347:LVR:0:NEG:org.apache.commons.lang3.StringUtils@isAlphanumeric(java.lang.CharSequence):5260:212737:0 |==> -1
2348:ROR:<(int,int):!=(int,int):org.apache.commons.lang3.StringUtils@isAlphanumeric(java.lang.CharSequence):5260:212740:i < sz |==> i != sz
2349:ROR:<(int,int):<=(int,int):org.apache.commons.lang3.StringUtils@isAlphanumeric(java.lang.CharSequence):5260:212740:i < sz |==> i <= sz
2350:ROR:<(int,int):FALSE(int,int):org.apache.commons.lang3.StringUtils@isAlphanumeric(java.lang.CharSequence):5260:212742:i < sz |==> false
2351:LVR:FALSE:TRUE:org.apache.commons.lang3.StringUtils@isAlphanumeric(java.lang.CharSequence):5261:212814:false |==> true
2352:ROR:==(boolean,boolean):FALSE(boolean,boolean):org.apache.commons.lang3.StringUtils@isAlphanumeric(java.lang.CharSequence):5261:212811:Character.isLetterOrDigit(cs.charAt(i)) == false |==> false
2353:ROR:==(boolean,boolean):LHS(boolean,boolean):org.apache.commons.lang3.StringUtils@isAlphanumeric(java.lang.CharSequence):5261:212771:Character.isLetterOrDigit(cs.charAt(i)) == false |==> Character.isLetterOrDigit(cs.charAt(i))
2354:ROR:==(boolean,boolean):RHS(boolean,boolean):org.apache.commons.lang3.StringUtils@isAlphanumeric(java.lang.CharSequence):5261:212814:Character.isLetterOrDigit(cs.charAt(i)) == false |==> false
2355:LVR:FALSE:TRUE:org.apache.commons.lang3.StringUtils@isAlphanumeric(java.lang.CharSequence):5262:212846:false |==> true
2356:LVR:TRUE:FALSE:org.apache.commons.lang3.StringUtils@isAlphanumeric(java.lang.CharSequence):5265:212892:true |==> false
2357:ROR:==(java.lang.Object,java.lang.Object):FALSE(java.lang.Object,java.lang.Object):org.apache.commons.lang3.StringUtils@isAlphanumericSpace(java.lang.CharSequence):5291:213919:cs == null |==> false
2358:LVR:FALSE:TRUE:org.apache.commons.lang3.StringUtils@isAlphanumericSpace(java.lang.CharSequence):5292:213949:false |==> true
2359:LVR:0:POS:org.apache.commons.lang3.StringUtils@isAlphanumericSpace(java.lang.CharSequence):5295:214017:0 |==> 1
2360:LVR:0:NEG:org.apache.commons.lang3.StringUtils@isAlphanumericSpace(java.lang.CharSequence):5295:214017:0 |==> -1
2361:ROR:<(int,int):!=(int,int):org.apache.commons.lang3.StringUtils@isAlphanumericSpace(java.lang.CharSequence):5295:214020:i < sz |==> i != sz
2362:ROR:<(int,int):<=(int,int):org.apache.commons.lang3.StringUtils@isAlphanumericSpace(java.lang.CharSequence):5295:214020:i < sz |==> i <= sz
2363:ROR:<(int,int):FALSE(int,int):org.apache.commons.lang3.StringUtils@isAlphanumericSpace(java.lang.CharSequence):5295:214022:i < sz |==> false
2364:LVR:FALSE:TRUE:org.apache.commons.lang3.StringUtils@isAlphanumericSpace(java.lang.CharSequence):5296:214094:false |==> true
2365:ROR:==(boolean,boolean):FALSE(boolean,boolean):org.apache.commons.lang3.StringUtils@isAlphanumericSpace(java.lang.CharSequence):5296:214091:Character.isLetterOrDigit(cs.charAt(i)) == false |==> false
2366:ROR:==(boolean,boolean):LHS(boolean,boolean):org.apache.commons.lang3.StringUtils@isAlphanumericSpace(java.lang.CharSequence):5296:214051:Character.isLetterOrDigit(cs.charAt(i)) == false |==> Character.isLetterOrDigit(cs.charAt(i))
2367:ROR:==(boolean,boolean):RHS(boolean,boolean):org.apache.commons.lang3.StringUtils@isAlphanumericSpace(java.lang.CharSequence):5296:214094:Character.isLetterOrDigit(cs.charAt(i)) == false |==> false
2368:ROR:!=(int,int):<(int,int):org.apache.commons.lang3.StringUtils@isAlphanumericSpace(java.lang.CharSequence):5296:214103:cs.charAt(i) != ' ' |==> cs.charAt(i) < ' '
2369:ROR:!=(int,int):>(int,int):org.apache.commons.lang3.StringUtils@isAlphanumericSpace(java.lang.CharSequence):5296:214103:cs.charAt(i) != ' ' |==> cs.charAt(i) > ' '
2370:ROR:!=(int,int):TRUE(int,int):org.apache.commons.lang3.StringUtils@isAlphanumericSpace(java.lang.CharSequence):5296:214116:cs.charAt(i) != ' ' |==> true
2371:COR:&&(boolean,boolean):==(boolean,boolean):org.apache.commons.lang3.StringUtils@isAlphanumericSpace(java.lang.CharSequence):5296:214051:Character.isLetterOrDigit(cs.charAt(i)) == false && cs.charAt(i) != ' ' |==> Character.isLetterOrDigit(cs.charAt(i)) == false == (cs.charAt(i) != ' ')
2372:COR:&&(boolean,boolean):FALSE(boolean,boolean):org.apache.commons.lang3.StringUtils@isAlphanumericSpace(java.lang.CharSequence):5296:214100:Character.isLetterOrDigit(cs.charAt(i)) == false && cs.charAt(i) != ' ' |==> false
2373:COR:&&(boolean,boolean):LHS(boolean,boolean):org.apache.commons.lang3.StringUtils@isAlphanumericSpace(java.lang.CharSequence):5296:214051:Character.isLetterOrDigit(cs.charAt(i)) == false && cs.charAt(i) != ' ' |==> Character.isLetterOrDigit(cs.charAt(i)) == false
2374:COR:&&(boolean,boolean):RHS(boolean,boolean):org.apache.commons.lang3.StringUtils@isAlphanumericSpace(java.lang.CharSequence):5296:214103:Character.isLetterOrDigit(cs.charAt(i)) == false && cs.charAt(i) != ' ' |==> cs.charAt(i) != ' '
2375:LVR:FALSE:TRUE:org.apache.commons.lang3.StringUtils@isAlphanumericSpace(java.lang.CharSequence):5297:214149:false |==> true
2376:LVR:TRUE:FALSE:org.apache.commons.lang3.StringUtils@isAlphanumericSpace(java.lang.CharSequence):5300:214195:true |==> false
2377:ROR:==(java.lang.Object,java.lang.Object):FALSE(java.lang.Object,java.lang.Object):org.apache.commons.lang3.StringUtils@isAsciiPrintable(java.lang.CharSequence):5330:215411:cs == null |==> false
2378:LVR:FALSE:TRUE:org.apache.commons.lang3.StringUtils@isAsciiPrintable(java.lang.CharSequence):5331:215441:false |==> true
2379:LVR:0:POS:org.apache.commons.lang3.StringUtils@isAsciiPrintable(java.lang.CharSequence):5334:215509:0 |==> 1
2380:LVR:0:NEG:org.apache.commons.lang3.StringUtils@isAsciiPrintable(java.lang.CharSequence):5334:215509:0 |==> -1
2381:ROR:<(int,int):!=(int,int):org.apache.commons.lang3.StringUtils@isAsciiPrintable(java.lang.CharSequence):5334:215512:i < sz |==> i != sz
2382:ROR:<(int,int):<=(int,int):org.apache.commons.lang3.StringUtils@isAsciiPrintable(java.lang.CharSequence):5334:215512:i < sz |==> i <= sz
2383:ROR:<(int,int):FALSE(int,int):org.apache.commons.lang3.StringUtils@isAsciiPrintable(java.lang.CharSequence):5334:215514:i < sz |==> false
2384:LVR:FALSE:TRUE:org.apache.commons.lang3.StringUtils@isAsciiPrintable(java.lang.CharSequence):5335:215587:false |==> true
2385:ROR:==(boolean,boolean):FALSE(boolean,boolean):org.apache.commons.lang3.StringUtils@isAsciiPrintable(java.lang.CharSequence):5335:215584:CharUtils.isAsciiPrintable(cs.charAt(i)) == false |==> false
2386:ROR:==(boolean,boolean):LHS(boolean,boolean):org.apache.commons.lang3.StringUtils@isAsciiPrintable(java.lang.CharSequence):5335:215543:CharUtils.isAsciiPrintable(cs.charAt(i)) == false |==> CharUtils.isAsciiPrintable(cs.charAt(i))
2387:ROR:==(boolean,boolean):RHS(boolean,boolean):org.apache.commons.lang3.StringUtils@isAsciiPrintable(java.lang.CharSequence):5335:215587:CharUtils.isAsciiPrintable(cs.charAt(i)) == false |==> false
2388:LVR:FALSE:TRUE:org.apache.commons.lang3.StringUtils@isAsciiPrintable(java.lang.CharSequence):5336:215619:false |==> true
2389:LVR:TRUE:FALSE:org.apache.commons.lang3.StringUtils@isAsciiPrintable(java.lang.CharSequence):5339:215665:true |==> false
2390:ROR:==(java.lang.Object,java.lang.Object):FALSE(java.lang.Object,java.lang.Object):org.apache.commons.lang3.StringUtils@isNumeric(java.lang.CharSequence):5366:216700:cs == null |==> false
2391:LVR:0:POS:org.apache.commons.lang3.StringUtils@isNumeric(java.lang.CharSequence):5366:216726:0 |==> 1
2392:LVR:0:NEG:org.apache.commons.lang3.StringUtils@isNumeric(java.lang.CharSequence):5366:216726:0 |==> -1
2393:ROR:==(int,int):>=(int,int):org.apache.commons.lang3.StringUtils@isNumeric(java.lang.CharSequence):5366:216711:cs.length() == 0 |==> cs.length() >= 0
2394:ROR:==(int,int):FALSE(int,int):org.apache.commons.lang3.StringUtils@isNumeric(java.lang.CharSequence):5366:216723:cs.length() == 0 |==> false
2395:COR:||(boolean,boolean):!=(boolean,boolean):org.apache.commons.lang3.StringUtils@isNumeric(java.lang.CharSequence):5366:216697:cs == null || cs.length() == 0 |==> cs == null != (cs.length() == 0)
2396:COR:||(boolean,boolean):LHS(boolean,boolean):org.apache.commons.lang3.StringUtils@isNumeric(java.lang.CharSequence):5366:216697:cs == null || cs.length() == 0 |==> cs == null
2397:COR:||(boolean,boolean):RHS(boolean,boolean):org.apache.commons.lang3.StringUtils@isNumeric(java.lang.CharSequence):5366:216711:cs == null || cs.length() == 0 |==> cs.length() == 0
2398:COR:||(boolean,boolean):TRUE(boolean,boolean):org.apache.commons.lang3.StringUtils@isNumeric(java.lang.CharSequence):5366:216708:cs == null || cs.length() == 0 |==> true
2399:LVR:FALSE:TRUE:org.apache.commons.lang3.StringUtils@isNumeric(java.lang.CharSequence):5367:216750:false |==> true
2400:LVR:0:POS:org.apache.commons.lang3.StringUtils@isNumeric(java.lang.CharSequence):5370:216818:0 |==> 1
2401:LVR:0:NEG:org.apache.commons.lang3.StringUtils@isNumeric(java.lang.CharSequence):5370:216818:0 |==> -1
2402:ROR:<(int,int):!=(int,int):org.apache.commons.lang3.StringUtils@isNumeric(java.lang.CharSequence):5370:216821:i < sz |==> i != sz
2403:ROR:<(int,int):<=(int,int):org.apache.commons.lang3.StringUtils@isNumeric(java.lang.CharSequence):5370:216821:i < sz |==> i <= sz
2404:ROR:<(int,int):FALSE(int,int):org.apache.commons.lang3.StringUtils@isNumeric(java.lang.CharSequence):5370:216823:i < sz |==> false
2405:LVR:FALSE:TRUE:org.apache.commons.lang3.StringUtils@isNumeric(java.lang.CharSequence):5371:216887:false |==> true
2406:ROR:==(boolean,boolean):FALSE(boolean,boolean):org.apache.commons.lang3.StringUtils@isNumeric(java.lang.CharSequence):5371:216884:Character.isDigit(cs.charAt(i)) == false |==> false
2407:ROR:==(boolean,boolean):LHS(boolean,boolean):org.apache.commons.lang3.StringUtils@isNumeric(java.lang.CharSequence):5371:216852:Character.isDigit(cs.charAt(i)) == false |==> Character.isDigit(cs.charAt(i))
2408:ROR:==(boolean,boolean):RHS(boolean,boolean):org.apache.commons.lang3.StringUtils@isNumeric(java.lang.CharSequence):5371:216887:Character.isDigit(cs.charAt(i)) == false |==> false
2409:LVR:FALSE:TRUE:org.apache.commons.lang3.StringUtils@isNumeric(java.lang.CharSequence):5372:216919:false |==> true
2410:LVR:TRUE:FALSE:org.apache.commons.lang3.StringUtils@isNumeric(java.lang.CharSequence):5375:216965:true |==> false
2411:ROR:==(java.lang.Object,java.lang.Object):FALSE(java.lang.Object,java.lang.Object):org.apache.commons.lang3.StringUtils@isNumericSpace(java.lang.CharSequence):5403:218040:cs == null |==> false
2412:LVR:FALSE:TRUE:org.apache.commons.lang3.StringUtils@isNumericSpace(java.lang.CharSequence):5404:218070:false |==> true
2413:LVR:0:POS:org.apache.commons.lang3.StringUtils@isNumericSpace(java.lang.CharSequence):5407:218138:0 |==> 1
2414:LVR:0:NEG:org.apache.commons.lang3.StringUtils@isNumericSpace(java.lang.CharSequence):5407:218138:0 |==> -1
2415:ROR:<(int,int):!=(int,int):org.apache.commons.lang3.StringUtils@isNumericSpace(java.lang.CharSequence):5407:218141:i < sz |==> i != sz
2416:ROR:<(int,int):<=(int,int):org.apache.commons.lang3.StringUtils@isNumericSpace(java.lang.CharSequence):5407:218141:i < sz |==> i <= sz
2417:ROR:<(int,int):FALSE(int,int):org.apache.commons.lang3.StringUtils@isNumericSpace(java.lang.CharSequence):5407:218143:i < sz |==> false
2418:LVR:FALSE:TRUE:org.apache.commons.lang3.StringUtils@isNumericSpace(java.lang.CharSequence):5408:218207:false |==> true
2419:ROR:==(boolean,boolean):FALSE(boolean,boolean):org.apache.commons.lang3.StringUtils@isNumericSpace(java.lang.CharSequence):5408:218204:Character.isDigit(cs.charAt(i)) == false |==> false
2420:ROR:==(boolean,boolean):LHS(boolean,boolean):org.apache.commons.lang3.StringUtils@isNumericSpace(java.lang.CharSequence):5408:218172:Character.isDigit(cs.charAt(i)) == false |==> Character.isDigit(cs.charAt(i))
2421:ROR:==(boolean,boolean):RHS(boolean,boolean):org.apache.commons.lang3.StringUtils@isNumericSpace(java.lang.CharSequence):5408:218207:Character.isDigit(cs.charAt(i)) == false |==> false
2422:ROR:!=(int,int):<(int,int):org.apache.commons.lang3.StringUtils@isNumericSpace(java.lang.CharSequence):5408:218216:cs.charAt(i) != ' ' |==> cs.charAt(i) < ' '
2423:ROR:!=(int,int):>(int,int):org.apache.commons.lang3.StringUtils@isNumericSpace(java.lang.CharSequence):5408:218216:cs.charAt(i) != ' ' |==> cs.charAt(i) > ' '
2424:ROR:!=(int,int):TRUE(int,int):org.apache.commons.lang3.StringUtils@isNumericSpace(java.lang.CharSequence):5408:218229:cs.charAt(i) != ' ' |==> true
2425:COR:&&(boolean,boolean):==(boolean,boolean):org.apache.commons.lang3.StringUtils@isNumericSpace(java.lang.CharSequence):5408:218172:Character.isDigit(cs.charAt(i)) == false && cs.charAt(i) != ' ' |==> Character.isDigit(cs.charAt(i)) == false == (cs.charAt(i) != ' ')
2426:COR:&&(boolean,boolean):FALSE(boolean,boolean):org.apache.commons.lang3.StringUtils@isNumericSpace(java.lang.CharSequence):5408:218213:Character.isDigit(cs.charAt(i)) == false && cs.charAt(i) != ' ' |==> false
2427:COR:&&(boolean,boolean):LHS(boolean,boolean):org.apache.commons.lang3.StringUtils@isNumericSpace(java.lang.CharSequence):5408:218172:Character.isDigit(cs.charAt(i)) == false && cs.charAt(i) != ' ' |==> Character.isDigit(cs.charAt(i)) == false
2428:COR:&&(boolean,boolean):RHS(boolean,boolean):org.apache.commons.lang3.StringUtils@isNumericSpace(java.lang.CharSequence):5408:218216:Character.isDigit(cs.charAt(i)) == false && cs.charAt(i) != ' ' |==> cs.charAt(i) != ' '
2429:LVR:FALSE:TRUE:org.apache.commons.lang3.StringUtils@isNumericSpace(java.lang.CharSequence):5409:218262:false |==> true
2430:LVR:TRUE:FALSE:org.apache.commons.lang3.StringUtils@isNumericSpace(java.lang.CharSequence):5412:218308:true |==> false
2431:ROR:==(java.lang.Object,java.lang.Object):FALSE(java.lang.Object,java.lang.Object):org.apache.commons.lang3.StringUtils@isWhitespace(java.lang.CharSequence):5436:219173:cs == null |==> false
2432:LVR:FALSE:TRUE:org.apache.commons.lang3.StringUtils@isWhitespace(java.lang.CharSequence):5437:219203:false |==> true
2433:LVR:0:POS:org.apache.commons.lang3.StringUtils@isWhitespace(java.lang.CharSequence):5440:219271:0 |==> 1
2434:LVR:0:NEG:org.apache.commons.lang3.StringUtils@isWhitespace(java.lang.CharSequence):5440:219271:0 |==> -1
2435:ROR:<(int,int):!=(int,int):org.apache.commons.lang3.StringUtils@isWhitespace(java.lang.CharSequence):5440:219274:i < sz |==> i != sz
2436:ROR:<(int,int):<=(int,int):org.apache.commons.lang3.StringUtils@isWhitespace(java.lang.CharSequence):5440:219274:i < sz |==> i <= sz
2437:ROR:<(int,int):FALSE(int,int):org.apache.commons.lang3.StringUtils@isWhitespace(java.lang.CharSequence):5440:219276:i < sz |==> false
2438:LVR:FALSE:TRUE:org.apache.commons.lang3.StringUtils@isWhitespace(java.lang.CharSequence):5441:219345:false |==> true
2439:ROR:==(boolean,boolean):FALSE(boolean,boolean):org.apache.commons.lang3.StringUtils@isWhitespace(java.lang.CharSequence):5441:219342:Character.isWhitespace(cs.charAt(i)) == false |==> false
2440:ROR:==(boolean,boolean):LHS(boolean,boolean):org.apache.commons.lang3.StringUtils@isWhitespace(java.lang.CharSequence):5441:219305:Character.isWhitespace(cs.charAt(i)) == false |==> Character.isWhitespace(cs.charAt(i))
2441:ROR:==(boolean,boolean):RHS(boolean,boolean):org.apache.commons.lang3.StringUtils@isWhitespace(java.lang.CharSequence):5441:219345:Character.isWhitespace(cs.charAt(i)) == false |==> false
2442:LVR:FALSE:TRUE:org.apache.commons.lang3.StringUtils@isWhitespace(java.lang.CharSequence):5442:219377:false |==> true
2443:LVR:TRUE:FALSE:org.apache.commons.lang3.StringUtils@isWhitespace(java.lang.CharSequence):5445:219423:true |==> false
2444:ROR:==(java.lang.Object,java.lang.Object):FALSE(java.lang.Object,java.lang.Object):org.apache.commons.lang3.StringUtils@isAllLowerCase(java.lang.CharSequence):5468:220277:cs == null |==> false
2445:COR:||(boolean,boolean):!=(boolean,boolean):org.apache.commons.lang3.StringUtils@isAllLowerCase(java.lang.CharSequence):5468:220274:cs == null || isEmpty(cs) |==> cs == null != isEmpty(cs)
2446:COR:||(boolean,boolean):LHS(boolean,boolean):org.apache.commons.lang3.StringUtils@isAllLowerCase(java.lang.CharSequence):5468:220274:cs == null || isEmpty(cs) |==> cs == null
2447:COR:||(boolean,boolean):RHS(boolean,boolean):org.apache.commons.lang3.StringUtils@isAllLowerCase(java.lang.CharSequence):5468:220288:cs == null || isEmpty(cs) |==> isEmpty(cs)
2448:COR:||(boolean,boolean):TRUE(boolean,boolean):org.apache.commons.lang3.StringUtils@isAllLowerCase(java.lang.CharSequence):5468:220285:cs == null || isEmpty(cs) |==> true
2449:LVR:FALSE:TRUE:org.apache.commons.lang3.StringUtils@isAllLowerCase(java.lang.CharSequence):5469:220322:false |==> true
2450:LVR:0:POS:org.apache.commons.lang3.StringUtils@isAllLowerCase(java.lang.CharSequence):5472:220390:0 |==> 1
2451:LVR:0:NEG:org.apache.commons.lang3.StringUtils@isAllLowerCase(java.lang.CharSequence):5472:220390:0 |==> -1
2452:ROR:<(int,int):!=(int,int):org.apache.commons.lang3.StringUtils@isAllLowerCase(java.lang.CharSequence):5472:220393:i < sz |==> i != sz
2453:ROR:<(int,int):<=(int,int):org.apache.commons.lang3.StringUtils@isAllLowerCase(java.lang.CharSequence):5472:220393:i < sz |==> i <= sz
2454:ROR:<(int,int):FALSE(int,int):org.apache.commons.lang3.StringUtils@isAllLowerCase(java.lang.CharSequence):5472:220395:i < sz |==> false
2455:LVR:FALSE:TRUE:org.apache.commons.lang3.StringUtils@isAllLowerCase(java.lang.CharSequence):5473:220463:false |==> true
2456:ROR:==(boolean,boolean):FALSE(boolean,boolean):org.apache.commons.lang3.StringUtils@isAllLowerCase(java.lang.CharSequence):5473:220460:Character.isLowerCase(cs.charAt(i)) == false |==> false
2457:ROR:==(boolean,boolean):LHS(boolean,boolean):org.apache.commons.lang3.StringUtils@isAllLowerCase(java.lang.CharSequence):5473:220424:Character.isLowerCase(cs.charAt(i)) == false |==> Character.isLowerCase(cs.charAt(i))
2458:ROR:==(boolean,boolean):RHS(boolean,boolean):org.apache.commons.lang3.StringUtils@isAllLowerCase(java.lang.CharSequence):5473:220463:Character.isLowerCase(cs.charAt(i)) == false |==> false
2459:LVR:FALSE:TRUE:org.apache.commons.lang3.StringUtils@isAllLowerCase(java.lang.CharSequence):5474:220495:false |==> true
2460:LVR:TRUE:FALSE:org.apache.commons.lang3.StringUtils@isAllLowerCase(java.lang.CharSequence):5477:220541:true |==> false
2461:ROR:==(java.lang.Object,java.lang.Object):FALSE(java.lang.Object,java.lang.Object):org.apache.commons.lang3.StringUtils@isAllUpperCase(java.lang.CharSequence):5500:221388:cs == null |==> false
2462:COR:||(boolean,boolean):!=(boolean,boolean):org.apache.commons.lang3.StringUtils@isAllUpperCase(java.lang.CharSequence):5500:221385:cs == null || isEmpty(cs) |==> cs == null != isEmpty(cs)
2463:COR:||(boolean,boolean):LHS(boolean,boolean):org.apache.commons.lang3.StringUtils@isAllUpperCase(java.lang.CharSequence):5500:221385:cs == null || isEmpty(cs) |==> cs == null
2464:COR:||(boolean,boolean):RHS(boolean,boolean):org.apache.commons.lang3.StringUtils@isAllUpperCase(java.lang.CharSequence):5500:221399:cs == null || isEmpty(cs) |==> isEmpty(cs)
2465:COR:||(boolean,boolean):TRUE(boolean,boolean):org.apache.commons.lang3.StringUtils@isAllUpperCase(java.lang.CharSequence):5500:221396:cs == null || isEmpty(cs) |==> true
2466:LVR:FALSE:TRUE:org.apache.commons.lang3.StringUtils@isAllUpperCase(java.lang.CharSequence):5501:221433:false |==> true
2467:LVR:0:POS:org.apache.commons.lang3.StringUtils@isAllUpperCase(java.lang.CharSequence):5504:221501:0 |==> 1
2468:LVR:0:NEG:org.apache.commons.lang3.StringUtils@isAllUpperCase(java.lang.CharSequence):5504:221501:0 |==> -1
2469:ROR:<(int,int):!=(int,int):org.apache.commons.lang3.StringUtils@isAllUpperCase(java.lang.CharSequence):5504:221504:i < sz |==> i != sz
2470:ROR:<(int,int):<=(int,int):org.apache.commons.lang3.StringUtils@isAllUpperCase(java.lang.CharSequence):5504:221504:i < sz |==> i <= sz
2471:ROR:<(int,int):FALSE(int,int):org.apache.commons.lang3.StringUtils@isAllUpperCase(java.lang.CharSequence):5504:221506:i < sz |==> false
2472:LVR:FALSE:TRUE:org.apache.commons.lang3.StringUtils@isAllUpperCase(java.lang.CharSequence):5505:221574:false |==> true
2473:ROR:==(boolean,boolean):FALSE(boolean,boolean):org.apache.commons.lang3.StringUtils@isAllUpperCase(java.lang.CharSequence):5505:221571:Character.isUpperCase(cs.charAt(i)) == false |==> false
2474:ROR:==(boolean,boolean):LHS(boolean,boolean):org.apache.commons.lang3.StringUtils@isAllUpperCase(java.lang.CharSequence):5505:221535:Character.isUpperCase(cs.charAt(i)) == false |==> Character.isUpperCase(cs.charAt(i))
2475:ROR:==(boolean,boolean):RHS(boolean,boolean):org.apache.commons.lang3.StringUtils@isAllUpperCase(java.lang.CharSequence):5505:221574:Character.isUpperCase(cs.charAt(i)) == false |==> false
2476:LVR:FALSE:TRUE:org.apache.commons.lang3.StringUtils@isAllUpperCase(java.lang.CharSequence):5506:221606:false |==> true
2477:LVR:TRUE:FALSE:org.apache.commons.lang3.StringUtils@isAllUpperCase(java.lang.CharSequence):5509:221652:true |==> false
2478:ROR:==(java.lang.Object,java.lang.Object):FALSE(java.lang.Object,java.lang.Object):org.apache.commons.lang3.StringUtils@defaultString(java.lang.String):5531:222356:str == null |==> false
2479:ROR:==(java.lang.Object,java.lang.Object):FALSE(java.lang.Object,java.lang.Object):org.apache.commons.lang3.StringUtils@defaultString(java.lang.String,java.lang.String):5552:223140:str == null |==> false
2480:COR:<METHOD_INVOCATION(boolean)>:FALSE:org.apache.commons.lang3.StringUtils@defaultIfBlank(T,T):5574:224150:StringUtils.isBlank(str) |==> false
2481:COR:<METHOD_INVOCATION(boolean)>:TRUE:org.apache.commons.lang3.StringUtils@defaultIfBlank(T,T):5574:224150:StringUtils.isBlank(str) |==> true
2482:COR:<METHOD_INVOCATION(boolean)>:FALSE:org.apache.commons.lang3.StringUtils@defaultIfEmpty(T,T):5596:225127:StringUtils.isEmpty(str) |==> false
2483:COR:<METHOD_INVOCATION(boolean)>:TRUE:org.apache.commons.lang3.StringUtils@defaultIfEmpty(T,T):5596:225127:StringUtils.isEmpty(str) |==> true
2484:ROR:==(java.lang.Object,java.lang.Object):FALSE(java.lang.Object,java.lang.Object):org.apache.commons.lang3.StringUtils@reverse(java.lang.String):5616:225758:str == null |==> false
2485:ROR:==(java.lang.Object,java.lang.Object):FALSE(java.lang.Object,java.lang.Object):org.apache.commons.lang3.StringUtils@reverseDelimited(java.lang.String,char):5642:226699:str == null |==> false
2486:STD:<CALL>:<NO-OP>:org.apache.commons.lang3.StringUtils@reverseDelimited(java.lang.String,char):5648:226912:ArrayUtils.reverse(strs); |==> <NO-OP>
2487:LVR:0:POS:org.apache.commons.lang3.StringUtils@abbreviate(java.lang.String,int):5687:228528:0 |==> 1
2488:LVR:0:NEG:org.apache.commons.lang3.StringUtils@abbreviate(java.lang.String,int):5687:228528:0 |==> -1
2489:ROR:==(java.lang.Object,java.lang.Object):FALSE(java.lang.Object,java.lang.Object):org.apache.commons.lang3.StringUtils@abbreviate(java.lang.String,int,int):5726:230527:str == null |==> false
2490:LVR:POS:0:org.apache.commons.lang3.StringUtils@abbreviate(java.lang.String,int,int):5729:230596:4 |==> 0
2491:LVR:POS:NEG:org.apache.commons.lang3.StringUtils@abbreviate(java.lang.String,int,int):5729:230596:4 |==> -4
2492:ROR:<(int,int):!=(int,int):org.apache.commons.lang3.StringUtils@abbreviate(java.lang.String,int,int):5729:230585:maxWidth < 4 |==> maxWidth != 4
2493:ROR:<(int,int):<=(int,int):org.apache.commons.lang3.StringUtils@abbreviate(java.lang.String,int,int):5729:230585:maxWidth < 4 |==> maxWidth <= 4
2494:ROR:<(int,int):FALSE(int,int):org.apache.commons.lang3.StringUtils@abbreviate(java.lang.String,int,int):5729:230594:maxWidth < 4 |==> false
2495:ROR:<=(int,int):<(int,int):org.apache.commons.lang3.StringUtils@abbreviate(java.lang.String,int,int):5732:230706:str.length() <= maxWidth |==> str.length() < maxWidth
2496:ROR:<=(int,int):==(int,int):org.apache.commons.lang3.StringUtils@abbreviate(java.lang.String,int,int):5732:230706:str.length() <= maxWidth |==> str.length() == maxWidth
2497:ROR:<=(int,int):TRUE(int,int):org.apache.commons.lang3.StringUtils@abbreviate(java.lang.String,int,int):5732:230719:str.length() <= maxWidth |==> true
2498:ROR:>(int,int):!=(int,int):org.apache.commons.lang3.StringUtils@abbreviate(java.lang.String,int,int):5735:230780:offset > str.length() |==> offset != str.length()
2499:ROR:>(int,int):>=(int,int):org.apache.commons.lang3.StringUtils@abbreviate(java.lang.String,int,int):5735:230780:offset > str.length() |==> offset >= str.length()
2500:ROR:>(int,int):FALSE(int,int):org.apache.commons.lang3.StringUtils@abbreviate(java.lang.String,int,int):5735:230787:offset > str.length() |==> false
2501:STD:<ASSIGN>:<NO-OP>:org.apache.commons.lang3.StringUtils@abbreviate(java.lang.String,int,int):5736:230817:offset = str.length(); |==> <NO-OP>
2502:AOR:-(int,int):%(int,int):org.apache.commons.lang3.StringUtils@abbreviate(java.lang.String,int,int):5738:230862:str.length() - offset |==> str.length() % offset
2503:AOR:-(int,int):*(int,int):org.apache.commons.lang3.StringUtils@abbreviate(java.lang.String,int,int):5738:230862:str.length() - offset |==> str.length() * offset
2504:AOR:-(int,int):+(int,int):org.apache.commons.lang3.StringUtils@abbreviate(java.lang.String,int,int):5738:230862:str.length() - offset |==> str.length() + offset
2505:AOR:-(int,int):/(int,int):org.apache.commons.lang3.StringUtils@abbreviate(java.lang.String,int,int):5738:230862:str.length() - offset |==> str.length() / offset
2506:LVR:POS:0:org.apache.commons.lang3.StringUtils@abbreviate(java.lang.String,int,int):5738:230897:3 |==> 0
2507:LVR:POS:NEG:org.apache.commons.lang3.StringUtils@abbreviate(java.lang.String,int,int):5738:230897:3 |==> -3
2508:AOR:-(int,int):%(int,int):org.apache.commons.lang3.StringUtils@abbreviate(java.lang.String,int,int):5738:230886:maxWidth - 3 |==> maxWidth % 3
2509:AOR:-(int,int):*(int,int):org.apache.commons.lang3.StringUtils@abbreviate(java.lang.String,int,int):5738:230886:maxWidth - 3 |==> maxWidth * 3
2510:AOR:-(int,int):+(int,int):org.apache.commons.lang3.StringUtils@abbreviate(java.lang.String,int,int):5738:230886:maxWidth - 3 |==> maxWidth + 3
2511:AOR:-(int,int):/(int,int):org.apache.commons.lang3.StringUtils@abbreviate(java.lang.String,int,int):5738:230886:maxWidth - 3 |==> maxWidth / 3
2512:ROR:<(int,int):!=(int,int):org.apache.commons.lang3.StringUtils@abbreviate(java.lang.String,int,int):5738:230862:str.length() - offset < maxWidth - 3 |==> str.length() - offset != maxWidth - 3
2513:ROR:<(int,int):<=(int,int):org.apache.commons.lang3.StringUtils@abbreviate(java.lang.String,int,int):5738:230862:str.length() - offset < maxWidth - 3 |==> str.length() - offset <= maxWidth - 3
2514:ROR:<(int,int):FALSE(int,int):org.apache.commons.lang3.StringUtils@abbreviate(java.lang.String,int,int):5738:230884:str.length() - offset < maxWidth - 3 |==> false
2515:LVR:POS:0:org.apache.commons.lang3.StringUtils@abbreviate(java.lang.String,int,int):5739:230950:3 |==> 0
2516:LVR:POS:NEG:org.apache.commons.lang3.StringUtils@abbreviate(java.lang.String,int,int):5739:230950:3 |==> -3
2517:AOR:-(int,int):%(int,int):org.apache.commons.lang3.StringUtils@abbreviate(java.lang.String,int,int):5739:230939:maxWidth - 3 |==> maxWidth % 3
2518:AOR:-(int,int):*(int,int):org.apache.commons.lang3.StringUtils@abbreviate(java.lang.String,int,int):5739:230939:maxWidth - 3 |==> maxWidth * 3
2519:AOR:-(int,int):+(int,int):org.apache.commons.lang3.StringUtils@abbreviate(java.lang.String,int,int):5739:230939:maxWidth - 3 |==> maxWidth + 3
2520:AOR:-(int,int):/(int,int):org.apache.commons.lang3.StringUtils@abbreviate(java.lang.String,int,int):5739:230939:maxWidth - 3 |==> maxWidth / 3
2521:AOR:-(int,int):%(int,int):org.apache.commons.lang3.StringUtils@abbreviate(java.lang.String,int,int):5739:230923:str.length() - (maxWidth - 3) |==> str.length() % (maxWidth - 3)
2522:AOR:-(int,int):*(int,int):org.apache.commons.lang3.StringUtils@abbreviate(java.lang.String,int,int):5739:230923:str.length() - (maxWidth - 3) |==> str.length() * (maxWidth - 3)
2523:AOR:-(int,int):+(int,int):org.apache.commons.lang3.StringUtils@abbreviate(java.lang.String,int,int):5739:230923:str.length() - (maxWidth - 3) |==> str.length() + (maxWidth - 3)
2524:AOR:-(int,int):/(int,int):org.apache.commons.lang3.StringUtils@abbreviate(java.lang.String,int,int):5739:230923:str.length() - (maxWidth - 3) |==> str.length() / (maxWidth - 3)
2525:STD:<ASSIGN>:<NO-OP>:org.apache.commons.lang3.StringUtils@abbreviate(java.lang.String,int,int):5739:230914:offset = str.length() - (maxWidth - 3); |==> <NO-OP>
2526:LVR:POS:0:org.apache.commons.lang3.StringUtils@abbreviate(java.lang.String,int,int):5742:231028:4 |==> 0
2527:LVR:POS:NEG:org.apache.commons.lang3.StringUtils@abbreviate(java.lang.String,int,int):5742:231028:4 |==> -4
2528:ROR:<=(int,int):<(int,int):org.apache.commons.lang3.StringUtils@abbreviate(java.lang.String,int,int):5742:231018:offset <= 4 |==> offset < 4
2529:ROR:<=(int,int):==(int,int):org.apache.commons.lang3.StringUtils@abbreviate(java.lang.String,int,int):5742:231018:offset <= 4 |==> offset == 4
2530:ROR:<=(int,int):TRUE(int,int):org.apache.commons.lang3.StringUtils@abbreviate(java.lang.String,int,int):5742:231025:offset <= 4 |==> true
2531:LVR:0:POS:org.apache.commons.lang3.StringUtils@abbreviate(java.lang.String,int,int):5743:231066:0 |==> 1
2532:LVR:0:NEG:org.apache.commons.lang3.StringUtils@abbreviate(java.lang.String,int,int):5743:231066:0 |==> -1
2533:LVR:POS:0:org.apache.commons.lang3.StringUtils@abbreviate(java.lang.String,int,int):5743:231080:3 |==> 0
2534:LVR:POS:NEG:org.apache.commons.lang3.StringUtils@abbreviate(java.lang.String,int,int):5743:231080:3 |==> -3
2535:AOR:-(int,int):%(int,int):org.apache.commons.lang3.StringUtils@abbreviate(java.lang.String,int,int):5743:231069:maxWidth - 3 |==> maxWidth % 3
2536:AOR:-(int,int):*(int,int):org.apache.commons.lang3.StringUtils@abbreviate(java.lang.String,int,int):5743:231069:maxWidth - 3 |==> maxWidth * 3
2537:AOR:-(int,int):+(int,int):org.apache.commons.lang3.StringUtils@abbreviate(java.lang.String,int,int):5743:231069:maxWidth - 3 |==> maxWidth + 3
2538:AOR:-(int,int):/(int,int):org.apache.commons.lang3.StringUtils@abbreviate(java.lang.String,int,int):5743:231069:maxWidth - 3 |==> maxWidth / 3
2539:LVR:POS:0:org.apache.commons.lang3.StringUtils@abbreviate(java.lang.String,int,int):5745:231131:7 |==> 0
2540:LVR:POS:NEG:org.apache.commons.lang3.StringUtils@abbreviate(java.lang.String,int,int):5745:231131:7 |==> -7
2541:ROR:<(int,int):!=(int,int):org.apache.commons.lang3.StringUtils@abbreviate(java.lang.String,int,int):5745:231120:maxWidth < 7 |==> maxWidth != 7
2542:ROR:<(int,int):<=(int,int):org.apache.commons.lang3.StringUtils@abbreviate(java.lang.String,int,int):5745:231120:maxWidth < 7 |==> maxWidth <= 7
2543:ROR:<(int,int):FALSE(int,int):org.apache.commons.lang3.StringUtils@abbreviate(java.lang.String,int,int):5745:231129:maxWidth < 7 |==> false
2544:AOR:+(int,int):%(int,int):org.apache.commons.lang3.StringUtils@abbreviate(java.lang.String,int,int):5748:231253:offset + maxWidth |==> offset % maxWidth
2545:AOR:+(int,int):*(int,int):org.apache.commons.lang3.StringUtils@abbreviate(java.lang.String,int,int):5748:231253:offset + maxWidth |==> offset * maxWidth
2546:AOR:+(int,int):-(int,int):org.apache.commons.lang3.StringUtils@abbreviate(java.lang.String,int,int):5748:231253:offset + maxWidth |==> offset - maxWidth
2547:AOR:+(int,int):/(int,int):org.apache.commons.lang3.StringUtils@abbreviate(java.lang.String,int,int):5748:231253:offset + maxWidth |==> offset / maxWidth
2548:LVR:POS:0:org.apache.commons.lang3.StringUtils@abbreviate(java.lang.String,int,int):5748:231273:3 |==> 0
2549:LVR:POS:NEG:org.apache.commons.lang3.StringUtils@abbreviate(java.lang.String,int,int):5748:231273:3 |==> -3
2550:AOR:-(int,int):%(int,int):org.apache.commons.lang3.StringUtils@abbreviate(java.lang.String,int,int):5748:231253:offset + maxWidth - 3 |==> (offset + maxWidth) % 3
2551:AOR:-(int,int):*(int,int):org.apache.commons.lang3.StringUtils@abbreviate(java.lang.String,int,int):5748:231253:offset + maxWidth - 3 |==> (offset + maxWidth) * 3
2552:AOR:-(int,int):+(int,int):org.apache.commons.lang3.StringUtils@abbreviate(java.lang.String,int,int):5748:231253:offset + maxWidth - 3 |==> offset + maxWidth + 3
2553:AOR:-(int,int):/(int,int):org.apache.commons.lang3.StringUtils@abbreviate(java.lang.String,int,int):5748:231253:offset + maxWidth - 3 |==> (offset + maxWidth) / 3
2554:ROR:<(int,int):!=(int,int):org.apache.commons.lang3.StringUtils@abbreviate(java.lang.String,int,int):5748:231253:offset + maxWidth - 3 < str.length() |==> offset + maxWidth - 3 != str.length()
2555:ROR:<(int,int):<=(int,int):org.apache.commons.lang3.StringUtils@abbreviate(java.lang.String,int,int):5748:231253:offset + maxWidth - 3 < str.length() |==> offset + maxWidth - 3 <= str.length()
2556:ROR:<(int,int):FALSE(int,int):org.apache.commons.lang3.StringUtils@abbreviate(java.lang.String,int,int):5748:231275:offset + maxWidth - 3 < str.length() |==> false
2557:LVR:POS:0:org.apache.commons.lang3.StringUtils@abbreviate(java.lang.String,int,int):5749:231371:3 |==> 0
2558:LVR:POS:NEG:org.apache.commons.lang3.StringUtils@abbreviate(java.lang.String,int,int):5749:231371:3 |==> -3
2559:AOR:-(int,int):%(int,int):org.apache.commons.lang3.StringUtils@abbreviate(java.lang.String,int,int):5749:231360:maxWidth - 3 |==> maxWidth % 3
2560:AOR:-(int,int):*(int,int):org.apache.commons.lang3.StringUtils@abbreviate(java.lang.String,int,int):5749:231360:maxWidth - 3 |==> maxWidth * 3
2561:AOR:-(int,int):+(int,int):org.apache.commons.lang3.StringUtils@abbreviate(java.lang.String,int,int):5749:231360:maxWidth - 3 |==> maxWidth + 3
2562:AOR:-(int,int):/(int,int):org.apache.commons.lang3.StringUtils@abbreviate(java.lang.String,int,int):5749:231360:maxWidth - 3 |==> maxWidth / 3
2563:LVR:POS:0:org.apache.commons.lang3.StringUtils@abbreviate(java.lang.String,int,int):5751:231455:3 |==> 0
2564:LVR:POS:NEG:org.apache.commons.lang3.StringUtils@abbreviate(java.lang.String,int,int):5751:231455:3 |==> -3
2565:AOR:-(int,int):%(int,int):org.apache.commons.lang3.StringUtils@abbreviate(java.lang.String,int,int):5751:231444:maxWidth - 3 |==> maxWidth % 3
2566:AOR:-(int,int):*(int,int):org.apache.commons.lang3.StringUtils@abbreviate(java.lang.String,int,int):5751:231444:maxWidth - 3 |==> maxWidth * 3
2567:AOR:-(int,int):+(int,int):org.apache.commons.lang3.StringUtils@abbreviate(java.lang.String,int,int):5751:231444:maxWidth - 3 |==> maxWidth + 3
2568:AOR:-(int,int):/(int,int):org.apache.commons.lang3.StringUtils@abbreviate(java.lang.String,int,int):5751:231444:maxWidth - 3 |==> maxWidth / 3
2569:AOR:-(int,int):%(int,int):org.apache.commons.lang3.StringUtils@abbreviate(java.lang.String,int,int):5751:231428:str.length() - (maxWidth - 3) |==> str.length() % (maxWidth - 3)
2570:AOR:-(int,int):*(int,int):org.apache.commons.lang3.StringUtils@abbreviate(java.lang.String,int,int):5751:231428:str.length() - (maxWidth - 3) |==> str.length() * (maxWidth - 3)
2571:AOR:-(int,int):+(int,int):org.apache.commons.lang3.StringUtils@abbreviate(java.lang.String,int,int):5751:231428:str.length() - (maxWidth - 3) |==> str.length() + (maxWidth - 3)
2572:AOR:-(int,int):/(int,int):org.apache.commons.lang3.StringUtils@abbreviate(java.lang.String,int,int):5751:231428:str.length() - (maxWidth - 3) |==> str.length() / (maxWidth - 3)
2573:COR:||(boolean,boolean):!=(boolean,boolean):org.apache.commons.lang3.StringUtils@abbreviateMiddle(java.lang.String,java.lang.String,int):5784:233060:isEmpty(str) || isEmpty(middle) |==> isEmpty(str) != isEmpty(middle)
2574:COR:||(boolean,boolean):LHS(boolean,boolean):org.apache.commons.lang3.StringUtils@abbreviateMiddle(java.lang.String,java.lang.String,int):5784:233060:isEmpty(str) || isEmpty(middle) |==> isEmpty(str)
2575:COR:||(boolean,boolean):RHS(boolean,boolean):org.apache.commons.lang3.StringUtils@abbreviateMiddle(java.lang.String,java.lang.String,int):5784:233076:isEmpty(str) || isEmpty(middle) |==> isEmpty(middle)
2576:COR:||(boolean,boolean):TRUE(boolean,boolean):org.apache.commons.lang3.StringUtils@abbreviateMiddle(java.lang.String,java.lang.String,int):5784:233073:isEmpty(str) || isEmpty(middle) |==> true
2577:ROR:>=(int,int):==(int,int):org.apache.commons.lang3.StringUtils@abbreviateMiddle(java.lang.String,java.lang.String,int):5788:233142:length >= str.length() |==> length == str.length()
2578:ROR:>=(int,int):>(int,int):org.apache.commons.lang3.StringUtils@abbreviateMiddle(java.lang.String,java.lang.String,int):5788:233142:length >= str.length() |==> length > str.length()
2579:ROR:>=(int,int):TRUE(int,int):org.apache.commons.lang3.StringUtils@abbreviateMiddle(java.lang.String,java.lang.String,int):5788:233149:length >= str.length() |==> true
2580:LVR:POS:0:org.apache.commons.lang3.StringUtils@abbreviateMiddle(java.lang.String,java.lang.String,int):5788:233193:2 |==> 0
2581:LVR:POS:NEG:org.apache.commons.lang3.StringUtils@abbreviateMiddle(java.lang.String,java.lang.String,int):5788:233193:2 |==> -2
2582:AOR:+(int,int):%(int,int):org.apache.commons.lang3.StringUtils@abbreviateMiddle(java.lang.String,java.lang.String,int):5788:233177:middle.length() + 2 |==> middle.length() % 2
2583:AOR:+(int,int):*(int,int):org.apache.commons.lang3.StringUtils@abbreviateMiddle(java.lang.String,java.lang.String,int):5788:233177:middle.length() + 2 |==> middle.length() * 2
2584:AOR:+(int,int):-(int,int):org.apache.commons.lang3.StringUtils@abbreviateMiddle(java.lang.String,java.lang.String,int):5788:233177:middle.length() + 2 |==> middle.length() - 2
2585:AOR:+(int,int):/(int,int):org.apache.commons.lang3.StringUtils@abbreviateMiddle(java.lang.String,java.lang.String,int):5788:233177:middle.length() + 2 |==> middle.length() / 2
2586:ROR:<(int,int):!=(int,int):org.apache.commons.lang3.StringUtils@abbreviateMiddle(java.lang.String,java.lang.String,int):5788:233168:length < middle.length() + 2 |==> length != middle.length() + 2
2587:ROR:<(int,int):<=(int,int):org.apache.commons.lang3.StringUtils@abbreviateMiddle(java.lang.String,java.lang.String,int):5788:233168:length < middle.length() + 2 |==> length <= middle.length() + 2
2588:ROR:<(int,int):FALSE(int,int):org.apache.commons.lang3.StringUtils@abbreviateMiddle(java.lang.String,java.lang.String,int):5788:233175:length < middle.length() + 2 |==> false
2589:COR:||(boolean,boolean):!=(boolean,boolean):org.apache.commons.lang3.StringUtils@abbreviateMiddle(java.lang.String,java.lang.String,int):5788:233142:length >= str.length() || length < middle.length() + 2 |==> length >= str.length() != length < middle.length() + 2
2590:COR:||(boolean,boolean):LHS(boolean,boolean):org.apache.commons.lang3.StringUtils@abbreviateMiddle(java.lang.String,java.lang.String,int):5788:233142:length >= str.length() || length < middle.length() + 2 |==> length >= str.length()
2591:COR:||(boolean,boolean):RHS(boolean,boolean):org.apache.commons.lang3.StringUtils@abbreviateMiddle(java.lang.String,java.lang.String,int):5788:233168:length >= str.length() || length < middle.length() + 2 |==> length < middle.length() + 2
2592:COR:||(boolean,boolean):TRUE(boolean,boolean):org.apache.commons.lang3.StringUtils@abbreviateMiddle(java.lang.String,java.lang.String,int):5788:233165:length >= str.length() || length < middle.length() + 2 |==> true
2593:AOR:-(int,int):%(int,int):org.apache.commons.lang3.StringUtils@abbreviateMiddle(java.lang.String,java.lang.String,int):5792:233259:length - middle.length() |==> length % middle.length()
2594:AOR:-(int,int):*(int,int):org.apache.commons.lang3.StringUtils@abbreviateMiddle(java.lang.String,java.lang.String,int):5792:233259:length - middle.length() |==> length * middle.length()
2595:AOR:-(int,int):+(int,int):org.apache.commons.lang3.StringUtils@abbreviateMiddle(java.lang.String,java.lang.String,int):5792:233259:length - middle.length() |==> length + middle.length()
2596:AOR:-(int,int):/(int,int):org.apache.commons.lang3.StringUtils@abbreviateMiddle(java.lang.String,java.lang.String,int):5792:233259:length - middle.length() |==> length / middle.length()
2597:LVR:POS:0:org.apache.commons.lang3.StringUtils@abbreviateMiddle(java.lang.String,java.lang.String,int):5793:233321:2 |==> 0
2598:LVR:POS:NEG:org.apache.commons.lang3.StringUtils@abbreviateMiddle(java.lang.String,java.lang.String,int):5793:233321:2 |==> -2
2599:AOR:/(int,int):%(int,int):org.apache.commons.lang3.StringUtils@abbreviateMiddle(java.lang.String,java.lang.String,int):5793:233309:targetSting / 2 |==> targetSting % 2
2600:AOR:/(int,int):*(int,int):org.apache.commons.lang3.StringUtils@abbreviateMiddle(java.lang.String,java.lang.String,int):5793:233309:targetSting / 2 |==> targetSting * 2
2601:AOR:/(int,int):+(int,int):org.apache.commons.lang3.StringUtils@abbreviateMiddle(java.lang.String,java.lang.String,int):5793:233309:targetSting / 2 |==> targetSting + 2
2602:AOR:/(int,int):-(int,int):org.apache.commons.lang3.StringUtils@abbreviateMiddle(java.lang.String,java.lang.String,int):5793:233309:targetSting / 2 |==> targetSting - 2
2603:LVR:POS:0:org.apache.commons.lang3.StringUtils@abbreviateMiddle(java.lang.String,java.lang.String,int):5793:233335:2 |==> 0
2604:AOR:%(int,int):*(int,int):org.apache.commons.lang3.StringUtils@abbreviateMiddle(java.lang.String,java.lang.String,int):5793:233323:targetSting % 2 |==> targetSting * 2
2605:AOR:%(int,int):+(int,int):org.apache.commons.lang3.StringUtils@abbreviateMiddle(java.lang.String,java.lang.String,int):5793:233323:targetSting % 2 |==> targetSting + 2
2606:AOR:%(int,int):-(int,int):org.apache.commons.lang3.StringUtils@abbreviateMiddle(java.lang.String,java.lang.String,int):5793:233323:targetSting % 2 |==> targetSting - 2
2607:AOR:%(int,int):/(int,int):org.apache.commons.lang3.StringUtils@abbreviateMiddle(java.lang.String,java.lang.String,int):5793:233323:targetSting % 2 |==> targetSting / 2
2608:AOR:+(int,int):%(int,int):org.apache.commons.lang3.StringUtils@abbreviateMiddle(java.lang.String,java.lang.String,int):5793:233309:targetSting / 2 + targetSting % 2 |==> targetSting / 2 % (targetSting % 2)
2609:AOR:+(int,int):*(int,int):org.apache.commons.lang3.StringUtils@abbreviateMiddle(java.lang.String,java.lang.String,int):5793:233309:targetSting / 2 + targetSting % 2 |==> targetSting / 2 * (targetSting % 2)
2610:AOR:+(int,int):-(int,int):org.apache.commons.lang3.StringUtils@abbreviateMiddle(java.lang.String,java.lang.String,int):5793:233309:targetSting / 2 + targetSting % 2 |==> targetSting / 2 - targetSting % 2
2611:AOR:+(int,int):/(int,int):org.apache.commons.lang3.StringUtils@abbreviateMiddle(java.lang.String,java.lang.String,int):5793:233309:targetSting / 2 + targetSting % 2 |==> targetSting / 2 / (targetSting % 2)
2612:LVR:POS:0:org.apache.commons.lang3.StringUtils@abbreviateMiddle(java.lang.String,java.lang.String,int):5794:233387:2 |==> 0
2613:LVR:POS:NEG:org.apache.commons.lang3.StringUtils@abbreviateMiddle(java.lang.String,java.lang.String,int):5794:233387:2 |==> -2
2614:AOR:/(int,int):%(int,int):org.apache.commons.lang3.StringUtils@abbreviateMiddle(java.lang.String,java.lang.String,int):5794:233375:targetSting / 2 |==> targetSting % 2
2615:AOR:/(int,int):*(int,int):org.apache.commons.lang3.StringUtils@abbreviateMiddle(java.lang.String,java.lang.String,int):5794:233375:targetSting / 2 |==> targetSting * 2
2616:AOR:/(int,int):+(int,int):org.apache.commons.lang3.StringUtils@abbreviateMiddle(java.lang.String,java.lang.String,int):5794:233375:targetSting / 2 |==> targetSting + 2
2617:AOR:/(int,int):-(int,int):org.apache.commons.lang3.StringUtils@abbreviateMiddle(java.lang.String,java.lang.String,int):5794:233375:targetSting / 2 |==> targetSting - 2
2618:AOR:-(int,int):%(int,int):org.apache.commons.lang3.StringUtils@abbreviateMiddle(java.lang.String,java.lang.String,int):5794:233362:str.length() - targetSting / 2 |==> str.length() % (targetSting / 2)
2619:AOR:-(int,int):*(int,int):org.apache.commons.lang3.StringUtils@abbreviateMiddle(java.lang.String,java.lang.String,int):5794:233362:str.length() - targetSting / 2 |==> str.length() * (targetSting / 2)
2620:AOR:-(int,int):+(int,int):org.apache.commons.lang3.StringUtils@abbreviateMiddle(java.lang.String,java.lang.String,int):5794:233362:str.length() - targetSting / 2 |==> str.length() + targetSting / 2
2621:AOR:-(int,int):/(int,int):org.apache.commons.lang3.StringUtils@abbreviateMiddle(java.lang.String,java.lang.String,int):5794:233362:str.length() - targetSting / 2 |==> str.length() / (targetSting / 2)
2622:LVR:0:POS:org.apache.commons.lang3.StringUtils@abbreviateMiddle(java.lang.String,java.lang.String,int):5797:233487:0 |==> 1
2623:LVR:0:NEG:org.apache.commons.lang3.StringUtils@abbreviateMiddle(java.lang.String,java.lang.String,int):5797:233487:0 |==> -1
2624:STD:<CALL>:<NO-OP>:org.apache.commons.lang3.StringUtils@abbreviateMiddle(java.lang.String,java.lang.String,int):5797:233458:builder.append(str.substring(0, startOffset)); |==> <NO-OP>
2625:STD:<CALL>:<NO-OP>:org.apache.commons.lang3.StringUtils@abbreviateMiddle(java.lang.String,java.lang.String,int):5798:233512:builder.append(middle); |==> <NO-OP>
2626:STD:<CALL>:<NO-OP>:org.apache.commons.lang3.StringUtils@abbreviateMiddle(java.lang.String,java.lang.String,int):5799:233544:builder.append(str.substring(endOffset)); |==> <NO-OP>
2627:ROR:==(java.lang.Object,java.lang.Object):FALSE(java.lang.Object,java.lang.Object):org.apache.commons.lang3.StringUtils@difference(java.lang.String,java.lang.String):5832:234805:str1 == null |==> false
2628:ROR:==(java.lang.Object,java.lang.Object):FALSE(java.lang.Object,java.lang.Object):org.apache.commons.lang3.StringUtils@difference(java.lang.String,java.lang.String):5835:234868:str2 == null |==> false
2629:ROR:==(int,int):<=(int,int):org.apache.commons.lang3.StringUtils@difference(java.lang.String,java.lang.String):5839:234974:at == INDEX_NOT_FOUND |==> at <= INDEX_NOT_FOUND
2630:ROR:==(int,int):>=(int,int):org.apache.commons.lang3.StringUtils@difference(java.lang.String,java.lang.String):5839:234974:at == INDEX_NOT_FOUND |==> at >= INDEX_NOT_FOUND
2631:ROR:==(int,int):FALSE(int,int):org.apache.commons.lang3.StringUtils@difference(java.lang.String,java.lang.String):5839:234977:at == INDEX_NOT_FOUND |==> false
2632:ROR:==(java.lang.Object,java.lang.Object):FALSE(java.lang.Object,java.lang.Object):org.apache.commons.lang3.StringUtils@indexOfDifference(java.lang.CharSequence,java.lang.CharSequence):5871:236226:cs1 == cs2 |==> false
2633:ROR:==(java.lang.Object,java.lang.Object):FALSE(java.lang.Object,java.lang.Object):org.apache.commons.lang3.StringUtils@indexOfDifference(java.lang.CharSequence,java.lang.CharSequence):5874:236298:cs1 == null |==> false
2634:ROR:==(java.lang.Object,java.lang.Object):FALSE(java.lang.Object,java.lang.Object):org.apache.commons.lang3.StringUtils@indexOfDifference(java.lang.CharSequence,java.lang.CharSequence):5874:236313:cs2 == null |==> false
2635:COR:||(boolean,boolean):!=(boolean,boolean):org.apache.commons.lang3.StringUtils@indexOfDifference(java.lang.CharSequence,java.lang.CharSequence):5874:236294:cs1 == null || cs2 == null |==> cs1 == null != (cs2 == null)
2636:COR:||(boolean,boolean):LHS(boolean,boolean):org.apache.commons.lang3.StringUtils@indexOfDifference(java.lang.CharSequence,java.lang.CharSequence):5874:236294:cs1 == null || cs2 == null |==> cs1 == null
2637:COR:||(boolean,boolean):RHS(boolean,boolean):org.apache.commons.lang3.StringUtils@indexOfDifference(java.lang.CharSequence,java.lang.CharSequence):5874:236309:cs1 == null || cs2 == null |==> cs2 == null
2638:COR:||(boolean,boolean):TRUE(boolean,boolean):org.apache.commons.lang3.StringUtils@indexOfDifference(java.lang.CharSequence,java.lang.CharSequence):5874:236306:cs1 == null || cs2 == null |==> true
2639:LVR:0:POS:org.apache.commons.lang3.StringUtils@indexOfDifference(java.lang.CharSequence,java.lang.CharSequence):5875:236343:0 |==> 1
2640:LVR:0:NEG:org.apache.commons.lang3.StringUtils@indexOfDifference(java.lang.CharSequence,java.lang.CharSequence):5875:236343:0 |==> -1
2641:LVR:0:POS:org.apache.commons.lang3.StringUtils@indexOfDifference(java.lang.CharSequence,java.lang.CharSequence):5878:236388:0 |==> 1
2642:LVR:0:NEG:org.apache.commons.lang3.StringUtils@indexOfDifference(java.lang.CharSequence,java.lang.CharSequence):5878:236388:0 |==> -1
2643:ROR:<(int,int):!=(int,int):org.apache.commons.lang3.StringUtils@indexOfDifference(java.lang.CharSequence,java.lang.CharSequence):5878:236391:i < cs1.length() |==> i != cs1.length()
2644:ROR:<(int,int):<=(int,int):org.apache.commons.lang3.StringUtils@indexOfDifference(java.lang.CharSequence,java.lang.CharSequence):5878:236391:i < cs1.length() |==> i <= cs1.length()
2645:ROR:<(int,int):FALSE(int,int):org.apache.commons.lang3.StringUtils@indexOfDifference(java.lang.CharSequence,java.lang.CharSequence):5878:236393:i < cs1.length() |==> false
2646:ROR:<(int,int):!=(int,int):org.apache.commons.lang3.StringUtils@indexOfDifference(java.lang.CharSequence,java.lang.CharSequence):5878:236411:i < cs2.length() |==> i != cs2.length()
2647:ROR:<(int,int):<=(int,int):org.apache.commons.lang3.StringUtils@indexOfDifference(java.lang.CharSequence,java.lang.CharSequence):5878:236411:i < cs2.length() |==> i <= cs2.length()
2648:ROR:<(int,int):FALSE(int,int):org.apache.commons.lang3.StringUtils@indexOfDifference(java.lang.CharSequence,java.lang.CharSequence):5878:236413:i < cs2.length() |==> false
2649:COR:&&(boolean,boolean):==(boolean,boolean):org.apache.commons.lang3.StringUtils@indexOfDifference(java.lang.CharSequence,java.lang.CharSequence):5878:236391:i < cs1.length() && i < cs2.length() |==> i < cs1.length() == i < cs2.length()
2650:COR:&&(boolean,boolean):FALSE(boolean,boolean):org.apache.commons.lang3.StringUtils@indexOfDifference(java.lang.CharSequence,java.lang.CharSequence):5878:236408:i < cs1.length() && i < cs2.length() |==> false
2651:COR:&&(boolean,boolean):LHS(boolean,boolean):org.apache.commons.lang3.StringUtils@indexOfDifference(java.lang.CharSequence,java.lang.CharSequence):5878:236391:i < cs1.length() && i < cs2.length() |==> i < cs1.length()
2652:COR:&&(boolean,boolean):RHS(boolean,boolean):org.apache.commons.lang3.StringUtils@indexOfDifference(java.lang.CharSequence,java.lang.CharSequence):5878:236411:i < cs1.length() && i < cs2.length() |==> i < cs2.length()
2653:ROR:!=(int,int):<(int,int):org.apache.commons.lang3.StringUtils@indexOfDifference(java.lang.CharSequence,java.lang.CharSequence):5879:236452:cs1.charAt(i) != cs2.charAt(i) |==> cs1.charAt(i) < cs2.charAt(i)
2654:ROR:!=(int,int):>(int,int):org.apache.commons.lang3.StringUtils@indexOfDifference(java.lang.CharSequence,java.lang.CharSequence):5879:236452:cs1.charAt(i) != cs2.charAt(i) |==> cs1.charAt(i) > cs2.charAt(i)
2655:ROR:!=(int,int):TRUE(int,int):org.apache.commons.lang3.StringUtils@indexOfDifference(java.lang.CharSequence,java.lang.CharSequence):5879:236466:cs1.charAt(i) != cs2.charAt(i) |==> true
2656:ROR:<(int,int):!=(int,int):org.apache.commons.lang3.StringUtils@indexOfDifference(java.lang.CharSequence,java.lang.CharSequence):5883:236545:i < cs2.length() |==> i != cs2.length()
2657:ROR:<(int,int):<=(int,int):org.apache.commons.lang3.StringUtils@indexOfDifference(java.lang.CharSequence,java.lang.CharSequence):5883:236545:i < cs2.length() |==> i <= cs2.length()
2658:ROR:<(int,int):FALSE(int,int):org.apache.commons.lang3.StringUtils@indexOfDifference(java.lang.CharSequence,java.lang.CharSequence):5883:236547:i < cs2.length() |==> false
2659:ROR:<(int,int):!=(int,int):org.apache.commons.lang3.StringUtils@indexOfDifference(java.lang.CharSequence,java.lang.CharSequence):5883:236565:i < cs1.length() |==> i != cs1.length()
2660:ROR:<(int,int):<=(int,int):org.apache.commons.lang3.StringUtils@indexOfDifference(java.lang.CharSequence,java.lang.CharSequence):5883:236565:i < cs1.length() |==> i <= cs1.length()
2661:ROR:<(int,int):FALSE(int,int):org.apache.commons.lang3.StringUtils@indexOfDifference(java.lang.CharSequence,java.lang.CharSequence):5883:236567:i < cs1.length() |==> false
2662:COR:||(boolean,boolean):!=(boolean,boolean):org.apache.commons.lang3.StringUtils@indexOfDifference(java.lang.CharSequence,java.lang.CharSequence):5883:236545:i < cs2.length() || i < cs1.length() |==> i < cs2.length() != i < cs1.length()
2663:COR:||(boolean,boolean):LHS(boolean,boolean):org.apache.commons.lang3.StringUtils@indexOfDifference(java.lang.CharSequence,java.lang.CharSequence):5883:236545:i < cs2.length() || i < cs1.length() |==> i < cs2.length()
2664:COR:||(boolean,boolean):RHS(boolean,boolean):org.apache.commons.lang3.StringUtils@indexOfDifference(java.lang.CharSequence,java.lang.CharSequence):5883:236565:i < cs2.length() || i < cs1.length() |==> i < cs1.length()
2665:COR:||(boolean,boolean):TRUE(boolean,boolean):org.apache.commons.lang3.StringUtils@indexOfDifference(java.lang.CharSequence,java.lang.CharSequence):5883:236562:i < cs2.length() || i < cs1.length() |==> true
2666:ROR:==(java.lang.Object,java.lang.Object):FALSE(java.lang.Object,java.lang.Object):org.apache.commons.lang3.StringUtils@indexOfDifference(java.lang.CharSequence[]):5922:238491:css == null |==> false
2667:LVR:POS:0:org.apache.commons.lang3.StringUtils@indexOfDifference(java.lang.CharSequence[]):5922:238516:1 |==> 0
2668:LVR:POS:NEG:org.apache.commons.lang3.StringUtils@indexOfDifference(java.lang.CharSequence[]):5922:238516:1 |==> -1
2669:ROR:<=(int,int):<(int,int):org.apache.commons.lang3.StringUtils@indexOfDifference(java.lang.CharSequence[]):5922:238502:css.length <= 1 |==> css.length < 1
2670:ROR:<=(int,int):==(int,int):org.apache.commons.lang3.StringUtils@indexOfDifference(java.lang.CharSequence[]):5922:238502:css.length <= 1 |==> css.length == 1
2671:ROR:<=(int,int):TRUE(int,int):org.apache.commons.lang3.StringUtils@indexOfDifference(java.lang.CharSequence[]):5922:238513:css.length <= 1 |==> true
2672:COR:||(boolean,boolean):!=(boolean,boolean):org.apache.commons.lang3.StringUtils@indexOfDifference(java.lang.CharSequence[]):5922:238487:css == null || css.length <= 1 |==> css == null != css.length <= 1
2673:COR:||(boolean,boolean):LHS(boolean,boolean):org.apache.commons.lang3.StringUtils@indexOfDifference(java.lang.CharSequence[]):5922:238487:css == null || css.length <= 1 |==> css == null
2674:COR:||(boolean,boolean):RHS(boolean,boolean):org.apache.commons.lang3.StringUtils@indexOfDifference(java.lang.CharSequence[]):5922:238502:css == null || css.length <= 1 |==> css.length <= 1
2675:COR:||(boolean,boolean):TRUE(boolean,boolean):org.apache.commons.lang3.StringUtils@indexOfDifference(java.lang.CharSequence[]):5922:238499:css == null || css.length <= 1 |==> true
2676:LVR:FALSE:TRUE:org.apache.commons.lang3.StringUtils@indexOfDifference(java.lang.CharSequence[]):5925:238599:false |==> true
2677:LVR:TRUE:FALSE:org.apache.commons.lang3.StringUtils@indexOfDifference(java.lang.CharSequence[]):5926:238639:true |==> false
2678:LVR:0:POS:org.apache.commons.lang3.StringUtils@indexOfDifference(java.lang.CharSequence[]):5929:238756:0 |==> 1
2679:LVR:0:NEG:org.apache.commons.lang3.StringUtils@indexOfDifference(java.lang.CharSequence[]):5929:238756:0 |==> -1
2680:LVR:0:POS:org.apache.commons.lang3.StringUtils@indexOfDifference(java.lang.CharSequence[]):5934:238966:0 |==> 1
2681:LVR:0:NEG:org.apache.commons.lang3.StringUtils@indexOfDifference(java.lang.CharSequence[]):5934:238966:0 |==> -1
2682:ROR:<(int,int):!=(int,int):org.apache.commons.lang3.StringUtils@indexOfDifference(java.lang.CharSequence[]):5934:238969:i < arrayLen |==> i != arrayLen
2683:ROR:<(int,int):<=(int,int):org.apache.commons.lang3.StringUtils@indexOfDifference(java.lang.CharSequence[]):5934:238969:i < arrayLen |==> i <= arrayLen
2684:ROR:<(int,int):FALSE(int,int):org.apache.commons.lang3.StringUtils@indexOfDifference(java.lang.CharSequence[]):5934:238971:i < arrayLen |==> false
2685:ROR:==(java.lang.Object,java.lang.Object):FALSE(java.lang.Object,java.lang.Object):org.apache.commons.lang3.StringUtils@indexOfDifference(java.lang.CharSequence[]):5935:239013:css[i] == null |==> false
2686:LVR:TRUE:FALSE:org.apache.commons.lang3.StringUtils@indexOfDifference(java.lang.CharSequence[]):5936:239056:true |==> false
2687:STD:<ASSIGN>:<NO-OP>:org.apache.commons.lang3.StringUtils@indexOfDifference(java.lang.CharSequence[]):5936:239040:anyStringNull = true; |==> <NO-OP>
2688:LVR:0:POS:org.apache.commons.lang3.StringUtils@indexOfDifference(java.lang.CharSequence[]):5937:239095:0 |==> 1
2689:LVR:0:NEG:org.apache.commons.lang3.StringUtils@indexOfDifference(java.lang.CharSequence[]):5937:239095:0 |==> -1
2690:STD:<ASSIGN>:<NO-OP>:org.apache.commons.lang3.StringUtils@indexOfDifference(java.lang.CharSequence[]):5937:239078:shortestStrLen = 0; |==> <NO-OP>
2691:LVR:FALSE:TRUE:org.apache.commons.lang3.StringUtils@indexOfDifference(java.lang.CharSequence[]):5939:239152:false |==> true
2692:STD:<ASSIGN>:<NO-OP>:org.apache.commons.lang3.StringUtils@indexOfDifference(java.lang.CharSequence[]):5939:239135:allStringsNull = false; |==> <NO-OP>
2693:STD:<ASSIGN>:<NO-OP>:org.apache.commons.lang3.StringUtils@indexOfDifference(java.lang.CharSequence[]):5940:239175:shortestStrLen = Math.min(css[i].length(), shortestStrLen); |==> <NO-OP>
2694:STD:<ASSIGN>:<NO-OP>:org.apache.commons.lang3.StringUtils@indexOfDifference(java.lang.CharSequence[]):5941:239251:longestStrLen = Math.max(css[i].length(), longestStrLen); |==> <NO-OP>
2695:LVR:0:POS:org.apache.commons.lang3.StringUtils@indexOfDifference(java.lang.CharSequence[]):5946:239447:0 |==> 1
2696:LVR:0:NEG:org.apache.commons.lang3.StringUtils@indexOfDifference(java.lang.CharSequence[]):5946:239447:0 |==> -1
2697:ROR:==(int,int):<=(int,int):org.apache.commons.lang3.StringUtils@indexOfDifference(java.lang.CharSequence[]):5946:239430:longestStrLen == 0 |==> longestStrLen <= 0
2698:ROR:==(int,int):>=(int,int):org.apache.commons.lang3.StringUtils@indexOfDifference(java.lang.CharSequence[]):5946:239430:longestStrLen == 0 |==> longestStrLen >= 0
2699:ROR:==(int,int):FALSE(int,int):org.apache.commons.lang3.StringUtils@indexOfDifference(java.lang.CharSequence[]):5946:239444:longestStrLen == 0 |==> false
2700:COR:&&(boolean,boolean):==(boolean,boolean):org.apache.commons.lang3.StringUtils@indexOfDifference(java.lang.CharSequence[]):5946:239430:longestStrLen == 0 && !anyStringNull |==> longestStrLen == 0 == !anyStringNull
2701:COR:&&(boolean,boolean):FALSE(boolean,boolean):org.apache.commons.lang3.StringUtils@indexOfDifference(java.lang.CharSequence[]):5946:239449:longestStrLen == 0 && !anyStringNull |==> false
2702:COR:&&(boolean,boolean):LHS(boolean,boolean):org.apache.commons.lang3.StringUtils@indexOfDifference(java.lang.CharSequence[]):5946:239430:longestStrLen == 0 && !anyStringNull |==> longestStrLen == 0
2703:COR:&&(boolean,boolean):RHS(boolean,boolean):org.apache.commons.lang3.StringUtils@indexOfDifference(java.lang.CharSequence[]):5946:239452:longestStrLen == 0 && !anyStringNull |==> !anyStringNull
2704:COR:||(boolean,boolean):!=(boolean,boolean):org.apache.commons.lang3.StringUtils@indexOfDifference(java.lang.CharSequence[]):5946:239412:allStringsNull || longestStrLen == 0 && !anyStringNull |==> allStringsNull != (longestStrLen == 0 && !anyStringNull)
2705:COR:||(boolean,boolean):LHS(boolean,boolean):org.apache.commons.lang3.StringUtils@indexOfDifference(java.lang.CharSequence[]):5946:239412:allStringsNull || longestStrLen == 0 && !anyStringNull |==> allStringsNull
2706:COR:||(boolean,boolean):RHS(boolean,boolean):org.apache.commons.lang3.StringUtils@indexOfDifference(java.lang.CharSequence[]):5946:239430:allStringsNull || longestStrLen == 0 && !anyStringNull |==> longestStrLen == 0 && !anyStringNull
2707:COR:||(boolean,boolean):TRUE(boolean,boolean):org.apache.commons.lang3.StringUtils@indexOfDifference(java.lang.CharSequence[]):5946:239427:allStringsNull || longestStrLen == 0 && !anyStringNull |==> true
2708:LVR:0:POS:org.apache.commons.lang3.StringUtils@indexOfDifference(java.lang.CharSequence[]):5951:239615:0 |==> 1
2709:LVR:0:NEG:org.apache.commons.lang3.StringUtils@indexOfDifference(java.lang.CharSequence[]):5951:239615:0 |==> -1
2710:ROR:==(int,int):<=(int,int):org.apache.commons.lang3.StringUtils@indexOfDifference(java.lang.CharSequence[]):5951:239597:shortestStrLen == 0 |==> shortestStrLen <= 0
2711:ROR:==(int,int):>=(int,int):org.apache.commons.lang3.StringUtils@indexOfDifference(java.lang.CharSequence[]):5951:239597:shortestStrLen == 0 |==> shortestStrLen >= 0
2712:ROR:==(int,int):FALSE(int,int):org.apache.commons.lang3.StringUtils@indexOfDifference(java.lang.CharSequence[]):5951:239612:shortestStrLen == 0 |==> false
2713:LVR:0:POS:org.apache.commons.lang3.StringUtils@indexOfDifference(java.lang.CharSequence[]):5952:239639:0 |==> 1
2714:LVR:0:NEG:org.apache.commons.lang3.StringUtils@indexOfDifference(java.lang.CharSequence[]):5952:239639:0 |==> -1
2715:LVR:NEG:0:org.apache.commons.lang3.StringUtils@indexOfDifference(java.lang.CharSequence[]):5956:239751:-1 |==> 0
2716:LVR:NEG:POS:org.apache.commons.lang3.StringUtils@indexOfDifference(java.lang.CharSequence[]):5956:239751:-1 |==> 1
2717:LVR:0:POS:org.apache.commons.lang3.StringUtils@indexOfDifference(java.lang.CharSequence[]):5957:239784:0 |==> 1
2718:LVR:0:NEG:org.apache.commons.lang3.StringUtils@indexOfDifference(java.lang.CharSequence[]):5957:239784:0 |==> -1
2719:ROR:<(int,int):!=(int,int):org.apache.commons.lang3.StringUtils@indexOfDifference(java.lang.CharSequence[]):5957:239787:stringPos < shortestStrLen |==> stringPos != shortestStrLen
2720:ROR:<(int,int):<=(int,int):org.apache.commons.lang3.StringUtils@indexOfDifference(java.lang.CharSequence[]):5957:239787:stringPos < shortestStrLen |==> stringPos <= shortestStrLen
2721:ROR:<(int,int):FALSE(int,int):org.apache.commons.lang3.StringUtils@indexOfDifference(java.lang.CharSequence[]):5957:239797:stringPos < shortestStrLen |==> false
2722:LVR:0:POS:org.apache.commons.lang3.StringUtils@indexOfDifference(java.lang.CharSequence[]):5958:239868:0 |==> 1
2723:LVR:0:NEG:org.apache.commons.lang3.StringUtils@indexOfDifference(java.lang.CharSequence[]):5958:239868:0 |==> -1
2724:LVR:POS:0:org.apache.commons.lang3.StringUtils@indexOfDifference(java.lang.CharSequence[]):5959:239922:1 |==> 0
2725:LVR:POS:NEG:org.apache.commons.lang3.StringUtils@indexOfDifference(java.lang.CharSequence[]):5959:239922:1 |==> -1
2726:ROR:<(int,int):!=(int,int):org.apache.commons.lang3.StringUtils@indexOfDifference(java.lang.CharSequence[]):5959:239925:arrayPos < arrayLen |==> arrayPos != arrayLen
2727:ROR:<(int,int):<=(int,int):org.apache.commons.lang3.StringUtils@indexOfDifference(java.lang.CharSequence[]):5959:239925:arrayPos < arrayLen |==> arrayPos <= arrayLen
2728:ROR:<(int,int):FALSE(int,int):org.apache.commons.lang3.StringUtils@indexOfDifference(java.lang.CharSequence[]):5959:239934:arrayPos < arrayLen |==> false
2729:ROR:!=(int,int):<(int,int):org.apache.commons.lang3.StringUtils@indexOfDifference(java.lang.CharSequence[]):5960:239980:css[arrayPos].charAt(stringPos) != comparisonChar |==> css[arrayPos].charAt(stringPos) < comparisonChar
2730:ROR:!=(int,int):>(int,int):org.apache.commons.lang3.StringUtils@indexOfDifference(java.lang.CharSequence[]):5960:239980:css[arrayPos].charAt(stringPos) != comparisonChar |==> css[arrayPos].charAt(stringPos) > comparisonChar
2731:ROR:!=(int,int):TRUE(int,int):org.apache.commons.lang3.StringUtils@indexOfDifference(java.lang.CharSequence[]):5960:240012:css[arrayPos].charAt(stringPos) != comparisonChar |==> true
2732:STD:<ASSIGN>:<NO-OP>:org.apache.commons.lang3.StringUtils@indexOfDifference(java.lang.CharSequence[]):5961:240053:firstDiff = stringPos; |==> <NO-OP>
2733:LVR:NEG:0:org.apache.commons.lang3.StringUtils@indexOfDifference(java.lang.CharSequence[]):5965:240164:-1 |==> 0
2734:LVR:NEG:POS:org.apache.commons.lang3.StringUtils@indexOfDifference(java.lang.CharSequence[]):5965:240164:-1 |==> 1
2735:ROR:!=(int,int):<(int,int):org.apache.commons.lang3.StringUtils@indexOfDifference(java.lang.CharSequence[]):5965:240151:firstDiff != -1 |==> firstDiff < -1
2736:ROR:!=(int,int):>(int,int):org.apache.commons.lang3.StringUtils@indexOfDifference(java.lang.CharSequence[]):5965:240151:firstDiff != -1 |==> firstDiff > -1
2737:ROR:!=(int,int):TRUE(int,int):org.apache.commons.lang3.StringUtils@indexOfDifference(java.lang.CharSequence[]):5965:240161:firstDiff != -1 |==> true
2738:LVR:NEG:0:org.apache.commons.lang3.StringUtils@indexOfDifference(java.lang.CharSequence[]):5970:240243:-1 |==> 0
2739:LVR:NEG:POS:org.apache.commons.lang3.StringUtils@indexOfDifference(java.lang.CharSequence[]):5970:240243:-1 |==> 1
2740:ROR:==(int,int):<=(int,int):org.apache.commons.lang3.StringUtils@indexOfDifference(java.lang.CharSequence[]):5970:240230:firstDiff == -1 |==> firstDiff <= -1
2741:ROR:==(int,int):>=(int,int):org.apache.commons.lang3.StringUtils@indexOfDifference(java.lang.CharSequence[]):5970:240230:firstDiff == -1 |==> firstDiff >= -1
2742:ROR:==(int,int):FALSE(int,int):org.apache.commons.lang3.StringUtils@indexOfDifference(java.lang.CharSequence[]):5970:240240:firstDiff == -1 |==> false
2743:ROR:!=(int,int):<(int,int):org.apache.commons.lang3.StringUtils@indexOfDifference(java.lang.CharSequence[]):5970:240249:shortestStrLen != longestStrLen |==> shortestStrLen < longestStrLen
2744:ROR:!=(int,int):>(int,int):org.apache.commons.lang3.StringUtils@indexOfDifference(java.lang.CharSequence[]):5970:240249:shortestStrLen != longestStrLen |==> shortestStrLen > longestStrLen
2745:ROR:!=(int,int):TRUE(int,int):org.apache.commons.lang3.StringUtils@indexOfDifference(java.lang.CharSequence[]):5970:240264:shortestStrLen != longestStrLen |==> true
2746:COR:&&(boolean,boolean):==(boolean,boolean):org.apache.commons.lang3.StringUtils@indexOfDifference(java.lang.CharSequence[]):5970:240230:firstDiff == -1 && shortestStrLen != longestStrLen |==> firstDiff == -1 == (shortestStrLen != longestStrLen)
2747:COR:&&(boolean,boolean):FALSE(boolean,boolean):org.apache.commons.lang3.StringUtils@indexOfDifference(java.lang.CharSequence[]):5970:240246:firstDiff == -1 && shortestStrLen != longestStrLen |==> false
2748:COR:&&(boolean,boolean):LHS(boolean,boolean):org.apache.commons.lang3.StringUtils@indexOfDifference(java.lang.CharSequence[]):5970:240230:firstDiff == -1 && shortestStrLen != longestStrLen |==> firstDiff == -1
2749:COR:&&(boolean,boolean):RHS(boolean,boolean):org.apache.commons.lang3.StringUtils@indexOfDifference(java.lang.CharSequence[]):5970:240249:firstDiff == -1 && shortestStrLen != longestStrLen |==> shortestStrLen != longestStrLen
2750:ROR:==(java.lang.Object,java.lang.Object):FALSE(java.lang.Object,java.lang.Object):org.apache.commons.lang3.StringUtils@getCommonPrefix(java.lang.String[]):6013:242431:strs == null |==> false
2751:LVR:0:POS:org.apache.commons.lang3.StringUtils@getCommonPrefix(java.lang.String[]):6013:242457:0 |==> 1
2752:LVR:0:NEG:org.apache.commons.lang3.StringUtils@getCommonPrefix(java.lang.String[]):6013:242457:0 |==> -1
2753:ROR:==(int,int):>=(int,int):org.apache.commons.lang3.StringUtils@getCommonPrefix(java.lang.String[]):6013:242442:strs.length == 0 |==> strs.length >= 0
2754:ROR:==(int,int):FALSE(int,int):org.apache.commons.lang3.StringUtils@getCommonPrefix(java.lang.String[]):6013:242454:strs.length == 0 |==> false
2755:COR:||(boolean,boolean):!=(boolean,boolean):org.apache.commons.lang3.StringUtils@getCommonPrefix(java.lang.String[]):6013:242426:strs == null || strs.length == 0 |==> strs == null != (strs.length == 0)
2756:COR:||(boolean,boolean):LHS(boolean,boolean):org.apache.commons.lang3.StringUtils@getCommonPrefix(java.lang.String[]):6013:242426:strs == null || strs.length == 0 |==> strs == null
2757:COR:||(boolean,boolean):RHS(boolean,boolean):org.apache.commons.lang3.StringUtils@getCommonPrefix(java.lang.String[]):6013:242442:strs == null || strs.length == 0 |==> strs.length == 0
2758:COR:||(boolean,boolean):TRUE(boolean,boolean):org.apache.commons.lang3.StringUtils@getCommonPrefix(java.lang.String[]):6013:242439:strs == null || strs.length == 0 |==> true
2759:ROR:==(int,int):<=(int,int):org.apache.commons.lang3.StringUtils@getCommonPrefix(java.lang.String[]):6017:242569:smallestIndexOfDiff == INDEX_NOT_FOUND |==> smallestIndexOfDiff <= INDEX_NOT_FOUND
2760:ROR:==(int,int):>=(int,int):org.apache.commons.lang3.StringUtils@getCommonPrefix(java.lang.String[]):6017:242569:smallestIndexOfDiff == INDEX_NOT_FOUND |==> smallestIndexOfDiff >= INDEX_NOT_FOUND
2761:ROR:==(int,int):FALSE(int,int):org.apache.commons.lang3.StringUtils@getCommonPrefix(java.lang.String[]):6017:242589:smallestIndexOfDiff == INDEX_NOT_FOUND |==> false
2762:LVR:0:POS:org.apache.commons.lang3.StringUtils@getCommonPrefix(java.lang.String[]):6019:242674:0 |==> 1
2763:LVR:0:NEG:org.apache.commons.lang3.StringUtils@getCommonPrefix(java.lang.String[]):6019:242674:0 |==> -1
2764:ROR:==(java.lang.Object,java.lang.Object):FALSE(java.lang.Object,java.lang.Object):org.apache.commons.lang3.StringUtils@getCommonPrefix(java.lang.String[]):6019:242677:strs[0] == null |==> false
2765:LVR:0:POS:org.apache.commons.lang3.StringUtils@getCommonPrefix(java.lang.String[]):6022:242756:0 |==> 1
2766:LVR:0:NEG:org.apache.commons.lang3.StringUtils@getCommonPrefix(java.lang.String[]):6022:242756:0 |==> -1
2767:LVR:0:POS:org.apache.commons.lang3.StringUtils@getCommonPrefix(java.lang.String[]):6023:242802:0 |==> 1
2768:LVR:0:NEG:org.apache.commons.lang3.StringUtils@getCommonPrefix(java.lang.String[]):6023:242802:0 |==> -1
2769:ROR:==(int,int):<=(int,int):org.apache.commons.lang3.StringUtils@getCommonPrefix(java.lang.String[]):6023:242779:smallestIndexOfDiff == 0 |==> smallestIndexOfDiff <= 0
2770:ROR:==(int,int):>=(int,int):org.apache.commons.lang3.StringUtils@getCommonPrefix(java.lang.String[]):6023:242779:smallestIndexOfDiff == 0 |==> smallestIndexOfDiff >= 0
2771:ROR:==(int,int):FALSE(int,int):org.apache.commons.lang3.StringUtils@getCommonPrefix(java.lang.String[]):6023:242799:smallestIndexOfDiff == 0 |==> false
2772:LVR:0:POS:org.apache.commons.lang3.StringUtils@getCommonPrefix(java.lang.String[]):6028:242989:0 |==> 1
2773:LVR:0:NEG:org.apache.commons.lang3.StringUtils@getCommonPrefix(java.lang.String[]):6028:242989:0 |==> -1
2774:LVR:0:POS:org.apache.commons.lang3.StringUtils@getCommonPrefix(java.lang.String[]):6028:243002:0 |==> 1
2775:LVR:0:NEG:org.apache.commons.lang3.StringUtils@getCommonPrefix(java.lang.String[]):6028:243002:0 |==> -1
2776:ROR:==(java.lang.Object,java.lang.Object):FALSE(java.lang.Object,java.lang.Object):org.apache.commons.lang3.StringUtils@getLevenshteinDistance(java.lang.CharSequence,java.lang.CharSequence):6071:245233:s == null |==> false
2777:ROR:==(java.lang.Object,java.lang.Object):FALSE(java.lang.Object,java.lang.Object):org.apache.commons.lang3.StringUtils@getLevenshteinDistance(java.lang.CharSequence,java.lang.CharSequence):6071:245246:t == null |==> false
2778:COR:||(boolean,boolean):!=(boolean,boolean):org.apache.commons.lang3.StringUtils@getLevenshteinDistance(java.lang.CharSequence,java.lang.CharSequence):6071:245231:s == null || t == null |==> s == null != (t == null)
2779:COR:||(boolean,boolean):LHS(boolean,boolean):org.apache.commons.lang3.StringUtils@getLevenshteinDistance(java.lang.CharSequence,java.lang.CharSequence):6071:245231:s == null || t == null |==> s == null
2780:COR:||(boolean,boolean):RHS(boolean,boolean):org.apache.commons.lang3.StringUtils@getLevenshteinDistance(java.lang.CharSequence,java.lang.CharSequence):6071:245244:s == null || t == null |==> t == null
2781:COR:||(boolean,boolean):TRUE(boolean,boolean):org.apache.commons.lang3.StringUtils@getLevenshteinDistance(java.lang.CharSequence,java.lang.CharSequence):6071:245241:s == null || t == null |==> true
2782:LVR:0:POS:org.apache.commons.lang3.StringUtils@getLevenshteinDistance(java.lang.CharSequence,java.lang.CharSequence):6095:246656:0 |==> 1
2783:LVR:0:NEG:org.apache.commons.lang3.StringUtils@getLevenshteinDistance(java.lang.CharSequence,java.lang.CharSequence):6095:246656:0 |==> -1
2784:ROR:==(int,int):<=(int,int):org.apache.commons.lang3.StringUtils@getLevenshteinDistance(java.lang.CharSequence,java.lang.CharSequence):6095:246651:n == 0 |==> n <= 0
2785:ROR:==(int,int):>=(int,int):org.apache.commons.lang3.StringUtils@getLevenshteinDistance(java.lang.CharSequence,java.lang.CharSequence):6095:246651:n == 0 |==> n >= 0
2786:ROR:==(int,int):FALSE(int,int):org.apache.commons.lang3.StringUtils@getLevenshteinDistance(java.lang.CharSequence,java.lang.CharSequence):6095:246653:n == 0 |==> false
2787:LVR:0:POS:org.apache.commons.lang3.StringUtils@getLevenshteinDistance(java.lang.CharSequence,java.lang.CharSequence):6097:246707:0 |==> 1
2788:LVR:0:NEG:org.apache.commons.lang3.StringUtils@getLevenshteinDistance(java.lang.CharSequence,java.lang.CharSequence):6097:246707:0 |==> -1
2789:ROR:==(int,int):<=(int,int):org.apache.commons.lang3.StringUtils@getLevenshteinDistance(java.lang.CharSequence,java.lang.CharSequence):6097:246702:m == 0 |==> m <= 0
2790:ROR:==(int,int):>=(int,int):org.apache.commons.lang3.StringUtils@getLevenshteinDistance(java.lang.CharSequence,java.lang.CharSequence):6097:246702:m == 0 |==> m >= 0
2791:ROR:==(int,int):FALSE(int,int):org.apache.commons.lang3.StringUtils@getLevenshteinDistance(java.lang.CharSequence,java.lang.CharSequence):6097:246704:m == 0 |==> false
2792:ROR:>(int,int):!=(int,int):org.apache.commons.lang3.StringUtils@getLevenshteinDistance(java.lang.CharSequence,java.lang.CharSequence):6101:246757:n > m |==> n != m
2793:ROR:>(int,int):>=(int,int):org.apache.commons.lang3.StringUtils@getLevenshteinDistance(java.lang.CharSequence,java.lang.CharSequence):6101:246757:n > m |==> n >= m
2794:ROR:>(int,int):FALSE(int,int):org.apache.commons.lang3.StringUtils@getLevenshteinDistance(java.lang.CharSequence,java.lang.CharSequence):6101:246759:n > m |==> false
2795:STD:<ASSIGN>:<NO-OP>:org.apache.commons.lang3.StringUtils@getLevenshteinDistance(java.lang.CharSequence,java.lang.CharSequence):6104:246873:s = t; |==> <NO-OP>
2796:STD:<ASSIGN>:<NO-OP>:org.apache.commons.lang3.StringUtils@getLevenshteinDistance(java.lang.CharSequence,java.lang.CharSequence):6105:246892:t = tmp; |==> <NO-OP>
2797:STD:<ASSIGN>:<NO-OP>:org.apache.commons.lang3.StringUtils@getLevenshteinDistance(java.lang.CharSequence,java.lang.CharSequence):6106:246913:n = m; |==> <NO-OP>
2798:STD:<ASSIGN>:<NO-OP>:org.apache.commons.lang3.StringUtils@getLevenshteinDistance(java.lang.CharSequence,java.lang.CharSequence):6107:246932:m = t.length(); |==> <NO-OP>
2799:LVR:POS:0:org.apache.commons.lang3.StringUtils@getLevenshteinDistance(java.lang.CharSequence,java.lang.CharSequence):6110:246989:1 |==> 0
2800:LVR:POS:NEG:org.apache.commons.lang3.StringUtils@getLevenshteinDistance(java.lang.CharSequence,java.lang.CharSequence):6110:246989:1 |==> -1
2801:AOR:+(int,int):%(int,int):org.apache.commons.lang3.StringUtils@getLevenshteinDistance(java.lang.CharSequence,java.lang.CharSequence):6110:246985:n + 1 |==> n % 1
2802:AOR:+(int,int):*(int,int):org.apache.commons.lang3.StringUtils@getLevenshteinDistance(java.lang.CharSequence,java.lang.CharSequence):6110:246985:n + 1 |==> n * 1
2803:AOR:+(int,int):-(int,int):org.apache.commons.lang3.StringUtils@getLevenshteinDistance(java.lang.CharSequence,java.lang.CharSequence):6110:246985:n + 1 |==> n - 1
2804:AOR:+(int,int):/(int,int):org.apache.commons.lang3.StringUtils@getLevenshteinDistance(java.lang.CharSequence,java.lang.CharSequence):6110:246985:n + 1 |==> n / 1
2805:LVR:POS:0:org.apache.commons.lang3.StringUtils@getLevenshteinDistance(java.lang.CharSequence,java.lang.CharSequence):6111:247061:1 |==> 0
2806:LVR:POS:NEG:org.apache.commons.lang3.StringUtils@getLevenshteinDistance(java.lang.CharSequence,java.lang.CharSequence):6111:247061:1 |==> -1
2807:AOR:+(int,int):%(int,int):org.apache.commons.lang3.StringUtils@getLevenshteinDistance(java.lang.CharSequence,java.lang.CharSequence):6111:247057:n + 1 |==> n % 1
2808:AOR:+(int,int):*(int,int):org.apache.commons.lang3.StringUtils@getLevenshteinDistance(java.lang.CharSequence,java.lang.CharSequence):6111:247057:n + 1 |==> n * 1
2809:AOR:+(int,int):-(int,int):org.apache.commons.lang3.StringUtils@getLevenshteinDistance(java.lang.CharSequence,java.lang.CharSequence):6111:247057:n + 1 |==> n - 1
2810:AOR:+(int,int):/(int,int):org.apache.commons.lang3.StringUtils@getLevenshteinDistance(java.lang.CharSequence,java.lang.CharSequence):6111:247057:n + 1 |==> n / 1
2811:LVR:0:POS:org.apache.commons.lang3.StringUtils@getLevenshteinDistance(java.lang.CharSequence,java.lang.CharSequence):6122:247356:0 |==> 1
2812:LVR:0:NEG:org.apache.commons.lang3.StringUtils@getLevenshteinDistance(java.lang.CharSequence,java.lang.CharSequence):6122:247356:0 |==> -1
2813:ROR:<=(int,int):<(int,int):org.apache.commons.lang3.StringUtils@getLevenshteinDistance(java.lang.CharSequence,java.lang.CharSequence):6122:247359:i <= n |==> i < n
2814:ROR:<=(int,int):==(int,int):org.apache.commons.lang3.StringUtils@getLevenshteinDistance(java.lang.CharSequence,java.lang.CharSequence):6122:247359:i <= n |==> i == n
2815:ROR:<=(int,int):TRUE(int,int):org.apache.commons.lang3.StringUtils@getLevenshteinDistance(java.lang.CharSequence,java.lang.CharSequence):6122:247361:i <= n |==> true
2816:STD:<ASSIGN>:<NO-OP>:org.apache.commons.lang3.StringUtils@getLevenshteinDistance(java.lang.CharSequence,java.lang.CharSequence):6123:247386:p[i] = i; |==> <NO-OP>
2817:LVR:POS:0:org.apache.commons.lang3.StringUtils@getLevenshteinDistance(java.lang.CharSequence,java.lang.CharSequence):6126:247424:1 |==> 0
2818:LVR:POS:NEG:org.apache.commons.lang3.StringUtils@getLevenshteinDistance(java.lang.CharSequence,java.lang.CharSequence):6126:247424:1 |==> -1
2819:ROR:<=(int,int):<(int,int):org.apache.commons.lang3.StringUtils@getLevenshteinDistance(java.lang.CharSequence,java.lang.CharSequence):6126:247427:j <= m |==> j < m
2820:ROR:<=(int,int):==(int,int):org.apache.commons.lang3.StringUtils@getLevenshteinDistance(java.lang.CharSequence,java.lang.CharSequence):6126:247427:j <= m |==> j == m
2821:ROR:<=(int,int):TRUE(int,int):org.apache.commons.lang3.StringUtils@getLevenshteinDistance(java.lang.CharSequence,java.lang.CharSequence):6126:247429:j <= m |==> true
2822:LVR:POS:0:org.apache.commons.lang3.StringUtils@getLevenshteinDistance(java.lang.CharSequence,java.lang.CharSequence):6127:247473:1 |==> 0
2823:LVR:POS:NEG:org.apache.commons.lang3.StringUtils@getLevenshteinDistance(java.lang.CharSequence,java.lang.CharSequence):6127:247473:1 |==> -1
2824:AOR:-(int,int):%(int,int):org.apache.commons.lang3.StringUtils@getLevenshteinDistance(java.lang.CharSequence,java.lang.CharSequence):6127:247469:j - 1 |==> j % 1
2825:AOR:-(int,int):*(int,int):org.apache.commons.lang3.StringUtils@getLevenshteinDistance(java.lang.CharSequence,java.lang.CharSequence):6127:247469:j - 1 |==> j * 1
2826:AOR:-(int,int):+(int,int):org.apache.commons.lang3.StringUtils@getLevenshteinDistance(java.lang.CharSequence,java.lang.CharSequence):6127:247469:j - 1 |==> j + 1
2827:AOR:-(int,int):/(int,int):org.apache.commons.lang3.StringUtils@getLevenshteinDistance(java.lang.CharSequence,java.lang.CharSequence):6127:247469:j - 1 |==> j / 1
2828:LVR:0:POS:org.apache.commons.lang3.StringUtils@getLevenshteinDistance(java.lang.CharSequence,java.lang.CharSequence):6128:247491:0 |==> 1
2829:LVR:0:NEG:org.apache.commons.lang3.StringUtils@getLevenshteinDistance(java.lang.CharSequence,java.lang.CharSequence):6128:247491:0 |==> -1
2830:STD:<ASSIGN>:<NO-OP>:org.apache.commons.lang3.StringUtils@getLevenshteinDistance(java.lang.CharSequence,java.lang.CharSequence):6128:247489:d[0] = j; |==> <NO-OP>
2831:LVR:POS:0:org.apache.commons.lang3.StringUtils@getLevenshteinDistance(java.lang.CharSequence,java.lang.CharSequence):6130:247521:1 |==> 0
2832:LVR:POS:NEG:org.apache.commons.lang3.StringUtils@getLevenshteinDistance(java.lang.CharSequence,java.lang.CharSequence):6130:247521:1 |==> -1
2833:STD:<ASSIGN>:<NO-OP>:org.apache.commons.lang3.StringUtils@getLevenshteinDistance(java.lang.CharSequence,java.lang.CharSequence):6130:247517:i = 1; |==> <NO-OP>
2834:ROR:<=(int,int):<(int,int):org.apache.commons.lang3.StringUtils@getLevenshteinDistance(java.lang.CharSequence,java.lang.CharSequence):6130:247524:i <= n |==> i < n
2835:ROR:<=(int,int):==(int,int):org.apache.commons.lang3.StringUtils@getLevenshteinDistance(java.lang.CharSequence,java.lang.CharSequence):6130:247524:i <= n |==> i == n
2836:ROR:<=(int,int):TRUE(int,int):org.apache.commons.lang3.StringUtils@getLevenshteinDistance(java.lang.CharSequence,java.lang.CharSequence):6130:247526:i <= n |==> true
2837:LVR:POS:0:org.apache.commons.lang3.StringUtils@getLevenshteinDistance(java.lang.CharSequence,java.lang.CharSequence):6131:247575:1 |==> 0
2838:LVR:POS:NEG:org.apache.commons.lang3.StringUtils@getLevenshteinDistance(java.lang.CharSequence,java.lang.CharSequence):6131:247575:1 |==> -1
2839:AOR:-(int,int):%(int,int):org.apache.commons.lang3.StringUtils@getLevenshteinDistance(java.lang.CharSequence,java.lang.CharSequence):6131:247571:i - 1 |==> i % 1
2840:AOR:-(int,int):*(int,int):org.apache.commons.lang3.StringUtils@getLevenshteinDistance(java.lang.CharSequence,java.lang.CharSequence):6131:247571:i - 1 |==> i * 1
2841:AOR:-(int,int):+(int,int):org.apache.commons.lang3.StringUtils@getLevenshteinDistance(java.lang.CharSequence,java.lang.CharSequence):6131:247571:i - 1 |==> i + 1
2842:AOR:-(int,int):/(int,int):org.apache.commons.lang3.StringUtils@getLevenshteinDistance(java.lang.CharSequence,java.lang.CharSequence):6131:247571:i - 1 |==> i / 1
2843:ROR:==(int,int):<=(int,int):org.apache.commons.lang3.StringUtils@getLevenshteinDistance(java.lang.CharSequence,java.lang.CharSequence):6131:247562:s.charAt(i - 1) == t_j |==> s.charAt(i - 1) <= t_j
2844:ROR:==(int,int):>=(int,int):org.apache.commons.lang3.StringUtils@getLevenshteinDistance(java.lang.CharSequence,java.lang.CharSequence):6131:247562:s.charAt(i - 1) == t_j |==> s.charAt(i - 1) >= t_j
2845:ROR:==(int,int):FALSE(int,int):org.apache.commons.lang3.StringUtils@getLevenshteinDistance(java.lang.CharSequence,java.lang.CharSequence):6131:247578:s.charAt(i - 1) == t_j |==> false
2846:LVR:0:POS:org.apache.commons.lang3.StringUtils@getLevenshteinDistance(java.lang.CharSequence,java.lang.CharSequence):6131:247587:0 |==> 1
2847:LVR:0:NEG:org.apache.commons.lang3.StringUtils@getLevenshteinDistance(java.lang.CharSequence,java.lang.CharSequence):6131:247587:0 |==> -1
2848:LVR:POS:0:org.apache.commons.lang3.StringUtils@getLevenshteinDistance(java.lang.CharSequence,java.lang.CharSequence):6131:247591:1 |==> 0
2849:LVR:POS:NEG:org.apache.commons.lang3.StringUtils@getLevenshteinDistance(java.lang.CharSequence,java.lang.CharSequence):6131:247591:1 |==> -1
2850:LVR:POS:0:org.apache.commons.lang3.StringUtils@getLevenshteinDistance(java.lang.CharSequence,java.lang.CharSequence):6133:247734:1 |==> 0
2851:LVR:POS:NEG:org.apache.commons.lang3.StringUtils@getLevenshteinDistance(java.lang.CharSequence,java.lang.CharSequence):6133:247734:1 |==> -1
2852:AOR:-(int,int):%(int,int):org.apache.commons.lang3.StringUtils@getLevenshteinDistance(java.lang.CharSequence,java.lang.CharSequence):6133:247730:i - 1 |==> i % 1
2853:AOR:-(int,int):*(int,int):org.apache.commons.lang3.StringUtils@getLevenshteinDistance(java.lang.CharSequence,java.lang.CharSequence):6133:247730:i - 1 |==> i * 1
2854:AOR:-(int,int):+(int,int):org.apache.commons.lang3.StringUtils@getLevenshteinDistance(java.lang.CharSequence,java.lang.CharSequence):6133:247730:i - 1 |==> i + 1
2855:AOR:-(int,int):/(int,int):org.apache.commons.lang3.StringUtils@getLevenshteinDistance(java.lang.CharSequence,java.lang.CharSequence):6133:247730:i - 1 |==> i / 1
2856:LVR:POS:0:org.apache.commons.lang3.StringUtils@getLevenshteinDistance(java.lang.CharSequence,java.lang.CharSequence):6133:247739:1 |==> 0
2857:LVR:POS:NEG:org.apache.commons.lang3.StringUtils@getLevenshteinDistance(java.lang.CharSequence,java.lang.CharSequence):6133:247739:1 |==> -1
2858:AOR:+(int,int):%(int,int):org.apache.commons.lang3.StringUtils@getLevenshteinDistance(java.lang.CharSequence,java.lang.CharSequence):6133:247728:d[i - 1] + 1 |==> d[i - 1] % 1
2859:AOR:+(int,int):*(int,int):org.apache.commons.lang3.StringUtils@getLevenshteinDistance(java.lang.CharSequence,java.lang.CharSequence):6133:247728:d[i - 1] + 1 |==> d[i - 1] * 1
2860:AOR:+(int,int):-(int,int):org.apache.commons.lang3.StringUtils@getLevenshteinDistance(java.lang.CharSequence,java.lang.CharSequence):6133:247728:d[i - 1] + 1 |==> d[i - 1] - 1
2861:AOR:+(int,int):/(int,int):org.apache.commons.lang3.StringUtils@getLevenshteinDistance(java.lang.CharSequence,java.lang.CharSequence):6133:247728:d[i - 1] + 1 |==> d[i - 1] / 1
2862:LVR:POS:0:org.apache.commons.lang3.StringUtils@getLevenshteinDistance(java.lang.CharSequence,java.lang.CharSequence):6133:247749:1 |==> 0
2863:LVR:POS:NEG:org.apache.commons.lang3.StringUtils@getLevenshteinDistance(java.lang.CharSequence,java.lang.CharSequence):6133:247749:1 |==> -1
2864:AOR:+(int,int):%(int,int):org.apache.commons.lang3.StringUtils@getLevenshteinDistance(java.lang.CharSequence,java.lang.CharSequence):6133:247742:p[i] + 1 |==> p[i] % 1
2865:AOR:+(int,int):*(int,int):org.apache.commons.lang3.StringUtils@getLevenshteinDistance(java.lang.CharSequence,java.lang.CharSequence):6133:247742:p[i] + 1 |==> p[i] * 1
2866:AOR:+(int,int):-(int,int):org.apache.commons.lang3.StringUtils@getLevenshteinDistance(java.lang.CharSequence,java.lang.CharSequence):6133:247742:p[i] + 1 |==> p[i] - 1
2867:AOR:+(int,int):/(int,int):org.apache.commons.lang3.StringUtils@getLevenshteinDistance(java.lang.CharSequence,java.lang.CharSequence):6133:247742:p[i] + 1 |==> p[i] / 1
2868:LVR:POS:0:org.apache.commons.lang3.StringUtils@getLevenshteinDistance(java.lang.CharSequence,java.lang.CharSequence):6133:247759:1 |==> 0
2869:LVR:POS:NEG:org.apache.commons.lang3.StringUtils@getLevenshteinDistance(java.lang.CharSequence,java.lang.CharSequence):6133:247759:1 |==> -1
2870:AOR:-(int,int):%(int,int):org.apache.commons.lang3.StringUtils@getLevenshteinDistance(java.lang.CharSequence,java.lang.CharSequence):6133:247755:i - 1 |==> i % 1
2871:AOR:-(int,int):*(int,int):org.apache.commons.lang3.StringUtils@getLevenshteinDistance(java.lang.CharSequence,java.lang.CharSequence):6133:247755:i - 1 |==> i * 1
2872:AOR:-(int,int):+(int,int):org.apache.commons.lang3.StringUtils@getLevenshteinDistance(java.lang.CharSequence,java.lang.CharSequence):6133:247755:i - 1 |==> i + 1
2873:AOR:-(int,int):/(int,int):org.apache.commons.lang3.StringUtils@getLevenshteinDistance(java.lang.CharSequence,java.lang.CharSequence):6133:247755:i - 1 |==> i / 1
2874:AOR:+(int,int):%(int,int):org.apache.commons.lang3.StringUtils@getLevenshteinDistance(java.lang.CharSequence,java.lang.CharSequence):6133:247753:p[i - 1] + cost |==> p[i - 1] % cost
2875:AOR:+(int,int):*(int,int):org.apache.commons.lang3.StringUtils@getLevenshteinDistance(java.lang.CharSequence,java.lang.CharSequence):6133:247753:p[i - 1] + cost |==> p[i - 1] * cost
2876:AOR:+(int,int):-(int,int):org.apache.commons.lang3.StringUtils@getLevenshteinDistance(java.lang.CharSequence,java.lang.CharSequence):6133:247753:p[i - 1] + cost |==> p[i - 1] - cost
2877:AOR:+(int,int):/(int,int):org.apache.commons.lang3.StringUtils@getLevenshteinDistance(java.lang.CharSequence,java.lang.CharSequence):6133:247753:p[i - 1] + cost |==> p[i - 1] / cost
2878:STD:<ASSIGN>:<NO-OP>:org.apache.commons.lang3.StringUtils@getLevenshteinDistance(java.lang.CharSequence,java.lang.CharSequence):6133:247703:d[i] = Math.min(Math.min(d[i - 1] + 1, p[i] + 1), p[i - 1] + cost); |==> <NO-OP>
2879:STD:<ASSIGN>:<NO-OP>:org.apache.commons.lang3.StringUtils@getLevenshteinDistance(java.lang.CharSequence,java.lang.CharSequence):6138:247896:p = d; |==> <NO-OP>
2880:STD:<ASSIGN>:<NO-OP>:org.apache.commons.lang3.StringUtils@getLevenshteinDistance(java.lang.CharSequence,java.lang.CharSequence):6139:247915:d = _d; |==> <NO-OP>
2881:ROR:==(java.lang.Object,java.lang.Object):FALSE(java.lang.Object,java.lang.Object):org.apache.commons.lang3.StringUtils@getLevenshteinDistance(java.lang.CharSequence,java.lang.CharSequence,int):6180:250072:s == null |==> false
2882:ROR:==(java.lang.Object,java.lang.Object):FALSE(java.lang.Object,java.lang.Object):org.apache.commons.lang3.StringUtils@getLevenshteinDistance(java.lang.CharSequence,java.lang.CharSequence,int):6180:250085:t == null |==> false
2883:COR:||(boolean,boolean):!=(boolean,boolean):org.apache.commons.lang3.StringUtils@getLevenshteinDistance(java.lang.CharSequence,java.lang.CharSequence,int):6180:250070:s == null || t == null |==> s == null != (t == null)
2884:COR:||(boolean,boolean):LHS(boolean,boolean):org.apache.commons.lang3.StringUtils@getLevenshteinDistance(java.lang.CharSequence,java.lang.CharSequence,int):6180:250070:s == null || t == null |==> s == null
2885:COR:||(boolean,boolean):RHS(boolean,boolean):org.apache.commons.lang3.StringUtils@getLevenshteinDistance(java.lang.CharSequence,java.lang.CharSequence,int):6180:250083:s == null || t == null |==> t == null
2886:COR:||(boolean,boolean):TRUE(boolean,boolean):org.apache.commons.lang3.StringUtils@getLevenshteinDistance(java.lang.CharSequence,java.lang.CharSequence,int):6180:250080:s == null || t == null |==> true
2887:LVR:0:POS:org.apache.commons.lang3.StringUtils@getLevenshteinDistance(java.lang.CharSequence,java.lang.CharSequence,int):6183:250206:0 |==> 1
2888:LVR:0:NEG:org.apache.commons.lang3.StringUtils@getLevenshteinDistance(java.lang.CharSequence,java.lang.CharSequence,int):6183:250206:0 |==> -1
2889:ROR:<(int,int):!=(int,int):org.apache.commons.lang3.StringUtils@getLevenshteinDistance(java.lang.CharSequence,java.lang.CharSequence,int):6183:250194:threshold < 0 |==> threshold != 0
2890:ROR:<(int,int):<=(int,int):org.apache.commons.lang3.StringUtils@getLevenshteinDistance(java.lang.CharSequence,java.lang.CharSequence,int):6183:250194:threshold < 0 |==> threshold <= 0
2891:ROR:<(int,int):FALSE(int,int):org.apache.commons.lang3.StringUtils@getLevenshteinDistance(java.lang.CharSequence,java.lang.CharSequence,int):6183:250204:threshold < 0 |==> false
2892:LVR:0:POS:org.apache.commons.lang3.StringUtils@getLevenshteinDistance(java.lang.CharSequence,java.lang.CharSequence,int):6235:252754:0 |==> 1
2893:LVR:0:NEG:org.apache.commons.lang3.StringUtils@getLevenshteinDistance(java.lang.CharSequence,java.lang.CharSequence,int):6235:252754:0 |==> -1
2894:ROR:==(int,int):<=(int,int):org.apache.commons.lang3.StringUtils@getLevenshteinDistance(java.lang.CharSequence,java.lang.CharSequence,int):6235:252749:n == 0 |==> n <= 0
2895:ROR:==(int,int):>=(int,int):org.apache.commons.lang3.StringUtils@getLevenshteinDistance(java.lang.CharSequence,java.lang.CharSequence,int):6235:252749:n == 0 |==> n >= 0
2896:ROR:==(int,int):FALSE(int,int):org.apache.commons.lang3.StringUtils@getLevenshteinDistance(java.lang.CharSequence,java.lang.CharSequence,int):6235:252751:n == 0 |==> false
2897:ROR:<=(int,int):<(int,int):org.apache.commons.lang3.StringUtils@getLevenshteinDistance(java.lang.CharSequence,java.lang.CharSequence,int):6236:252778:m <= threshold |==> m < threshold
2898:ROR:<=(int,int):==(int,int):org.apache.commons.lang3.StringUtils@getLevenshteinDistance(java.lang.CharSequence,java.lang.CharSequence,int):6236:252778:m <= threshold |==> m == threshold
2899:ROR:<=(int,int):TRUE(int,int):org.apache.commons.lang3.StringUtils@getLevenshteinDistance(java.lang.CharSequence,java.lang.CharSequence,int):6236:252780:m <= threshold |==> true
2900:LVR:NEG:0:org.apache.commons.lang3.StringUtils@getLevenshteinDistance(java.lang.CharSequence,java.lang.CharSequence,int):6236:252799:-1 |==> 0
2901:LVR:NEG:POS:org.apache.commons.lang3.StringUtils@getLevenshteinDistance(java.lang.CharSequence,java.lang.CharSequence,int):6236:252799:-1 |==> 1
2902:LVR:0:POS:org.apache.commons.lang3.StringUtils@getLevenshteinDistance(java.lang.CharSequence,java.lang.CharSequence,int):6237:252827:0 |==> 1
2903:LVR:0:NEG:org.apache.commons.lang3.StringUtils@getLevenshteinDistance(java.lang.CharSequence,java.lang.CharSequence,int):6237:252827:0 |==> -1
2904:ROR:==(int,int):<=(int,int):org.apache.commons.lang3.StringUtils@getLevenshteinDistance(java.lang.CharSequence,java.lang.CharSequence,int):6237:252822:m == 0 |==> m <= 0
2905:ROR:==(int,int):>=(int,int):org.apache.commons.lang3.StringUtils@getLevenshteinDistance(java.lang.CharSequence,java.lang.CharSequence,int):6237:252822:m == 0 |==> m >= 0
2906:ROR:==(int,int):FALSE(int,int):org.apache.commons.lang3.StringUtils@getLevenshteinDistance(java.lang.CharSequence,java.lang.CharSequence,int):6237:252824:m == 0 |==> false
2907:ROR:<=(int,int):<(int,int):org.apache.commons.lang3.StringUtils@getLevenshteinDistance(java.lang.CharSequence,java.lang.CharSequence,int):6238:252851:n <= threshold |==> n < threshold
2908:ROR:<=(int,int):==(int,int):org.apache.commons.lang3.StringUtils@getLevenshteinDistance(java.lang.CharSequence,java.lang.CharSequence,int):6238:252851:n <= threshold |==> n == threshold
2909:ROR:<=(int,int):TRUE(int,int):org.apache.commons.lang3.StringUtils@getLevenshteinDistance(java.lang.CharSequence,java.lang.CharSequence,int):6238:252853:n <= threshold |==> true
2910:LVR:NEG:0:org.apache.commons.lang3.StringUtils@getLevenshteinDistance(java.lang.CharSequence,java.lang.CharSequence,int):6238:252872:-1 |==> 0
2911:LVR:NEG:POS:org.apache.commons.lang3.StringUtils@getLevenshteinDistance(java.lang.CharSequence,java.lang.CharSequence,int):6238:252872:-1 |==> 1
2912:ROR:>(int,int):!=(int,int):org.apache.commons.lang3.StringUtils@getLevenshteinDistance(java.lang.CharSequence,java.lang.CharSequence,int):6241:252899:n > m |==> n != m
2913:ROR:>(int,int):>=(int,int):org.apache.commons.lang3.StringUtils@getLevenshteinDistance(java.lang.CharSequence,java.lang.CharSequence,int):6241:252899:n > m |==> n >= m
2914:ROR:>(int,int):FALSE(int,int):org.apache.commons.lang3.StringUtils@getLevenshteinDistance(java.lang.CharSequence,java.lang.CharSequence,int):6241:252901:n > m |==> false
2915:STD:<ASSIGN>:<NO-OP>:org.apache.commons.lang3.StringUtils@getLevenshteinDistance(java.lang.CharSequence,java.lang.CharSequence,int):6244:253013:s = t; |==> <NO-OP>
2916:STD:<ASSIGN>:<NO-OP>:org.apache.commons.lang3.StringUtils@getLevenshteinDistance(java.lang.CharSequence,java.lang.CharSequence,int):6245:253032:t = tmp; |==> <NO-OP>
2917:STD:<ASSIGN>:<NO-OP>:org.apache.commons.lang3.StringUtils@getLevenshteinDistance(java.lang.CharSequence,java.lang.CharSequence,int):6246:253053:n = m; |==> <NO-OP>
2918:STD:<ASSIGN>:<NO-OP>:org.apache.commons.lang3.StringUtils@getLevenshteinDistance(java.lang.CharSequence,java.lang.CharSequence,int):6247:253072:m = t.length(); |==> <NO-OP>
2919:LVR:POS:0:org.apache.commons.lang3.StringUtils@getLevenshteinDistance(java.lang.CharSequence,java.lang.CharSequence,int):6250:253129:1 |==> 0
2920:LVR:POS:NEG:org.apache.commons.lang3.StringUtils@getLevenshteinDistance(java.lang.CharSequence,java.lang.CharSequence,int):6250:253129:1 |==> -1
2921:AOR:+(int,int):%(int,int):org.apache.commons.lang3.StringUtils@getLevenshteinDistance(java.lang.CharSequence,java.lang.CharSequence,int):6250:253125:n + 1 |==> n % 1
2922:AOR:+(int,int):*(int,int):org.apache.commons.lang3.StringUtils@getLevenshteinDistance(java.lang.CharSequence,java.lang.CharSequence,int):6250:253125:n + 1 |==> n * 1
2923:AOR:+(int,int):-(int,int):org.apache.commons.lang3.StringUtils@getLevenshteinDistance(java.lang.CharSequence,java.lang.CharSequence,int):6250:253125:n + 1 |==> n - 1
2924:AOR:+(int,int):/(int,int):org.apache.commons.lang3.StringUtils@getLevenshteinDistance(java.lang.CharSequence,java.lang.CharSequence,int):6250:253125:n + 1 |==> n / 1
2925:LVR:POS:0:org.apache.commons.lang3.StringUtils@getLevenshteinDistance(java.lang.CharSequence,java.lang.CharSequence,int):6251:253202:1 |==> 0
2926:LVR:POS:NEG:org.apache.commons.lang3.StringUtils@getLevenshteinDistance(java.lang.CharSequence,java.lang.CharSequence,int):6251:253202:1 |==> -1
2927:AOR:+(int,int):%(int,int):org.apache.commons.lang3.StringUtils@getLevenshteinDistance(java.lang.CharSequence,java.lang.CharSequence,int):6251:253198:n + 1 |==> n % 1
2928:AOR:+(int,int):*(int,int):org.apache.commons.lang3.StringUtils@getLevenshteinDistance(java.lang.CharSequence,java.lang.CharSequence,int):6251:253198:n + 1 |==> n * 1
2929:AOR:+(int,int):-(int,int):org.apache.commons.lang3.StringUtils@getLevenshteinDistance(java.lang.CharSequence,java.lang.CharSequence,int):6251:253198:n + 1 |==> n - 1
2930:AOR:+(int,int):/(int,int):org.apache.commons.lang3.StringUtils@getLevenshteinDistance(java.lang.CharSequence,java.lang.CharSequence,int):6251:253198:n + 1 |==> n / 1
2931:LVR:POS:0:org.apache.commons.lang3.StringUtils@getLevenshteinDistance(java.lang.CharSequence,java.lang.CharSequence,int):6255:253387:1 |==> 0
2932:LVR:POS:NEG:org.apache.commons.lang3.StringUtils@getLevenshteinDistance(java.lang.CharSequence,java.lang.CharSequence,int):6255:253387:1 |==> -1
2933:AOR:+(int,int):%(int,int):org.apache.commons.lang3.StringUtils@getLevenshteinDistance(java.lang.CharSequence,java.lang.CharSequence,int):6255:253362:Math.min(n, threshold) + 1 |==> Math.min(n, threshold) % 1
2934:AOR:+(int,int):*(int,int):org.apache.commons.lang3.StringUtils@getLevenshteinDistance(java.lang.CharSequence,java.lang.CharSequence,int):6255:253362:Math.min(n, threshold) + 1 |==> Math.min(n, threshold) * 1
2935:AOR:+(int,int):-(int,int):org.apache.commons.lang3.StringUtils@getLevenshteinDistance(java.lang.CharSequence,java.lang.CharSequence,int):6255:253362:Math.min(n, threshold) + 1 |==> Math.min(n, threshold) - 1
2936:AOR:+(int,int):/(int,int):org.apache.commons.lang3.StringUtils@getLevenshteinDistance(java.lang.CharSequence,java.lang.CharSequence,int):6255:253362:Math.min(n, threshold) + 1 |==> Math.min(n, threshold) / 1
2937:LVR:0:POS:org.apache.commons.lang3.StringUtils@getLevenshteinDistance(java.lang.CharSequence,java.lang.CharSequence,int):6256:253411:0 |==> 1
2938:LVR:0:NEG:org.apache.commons.lang3.StringUtils@getLevenshteinDistance(java.lang.CharSequence,java.lang.CharSequence,int):6256:253411:0 |==> -1
2939:ROR:<(int,int):!=(int,int):org.apache.commons.lang3.StringUtils@getLevenshteinDistance(java.lang.CharSequence,java.lang.CharSequence,int):6256:253414:i < boundary |==> i != boundary
2940:ROR:<(int,int):<=(int,int):org.apache.commons.lang3.StringUtils@getLevenshteinDistance(java.lang.CharSequence,java.lang.CharSequence,int):6256:253414:i < boundary |==> i <= boundary
2941:ROR:<(int,int):FALSE(int,int):org.apache.commons.lang3.StringUtils@getLevenshteinDistance(java.lang.CharSequence,java.lang.CharSequence,int):6256:253416:i < boundary |==> false
2942:STD:<ASSIGN>:<NO-OP>:org.apache.commons.lang3.StringUtils@getLevenshteinDistance(java.lang.CharSequence,java.lang.CharSequence,int):6257:253447:p[i] = i; |==> <NO-OP>
2943:STD:<CALL>:<NO-OP>:org.apache.commons.lang3.StringUtils@getLevenshteinDistance(java.lang.CharSequence,java.lang.CharSequence,int):6261:253617:Arrays.fill(p, boundary, p.length, Integer.MAX_VALUE); |==> <NO-OP>
2944:STD:<CALL>:<NO-OP>:org.apache.commons.lang3.StringUtils@getLevenshteinDistance(java.lang.CharSequence,java.lang.CharSequence,int):6262:253680:Arrays.fill(d, Integer.MAX_VALUE); |==> <NO-OP>
2945:LVR:POS:0:org.apache.commons.lang3.StringUtils@getLevenshteinDistance(java.lang.CharSequence,java.lang.CharSequence,int):6265:253767:1 |==> 0
2946:LVR:POS:NEG:org.apache.commons.lang3.StringUtils@getLevenshteinDistance(java.lang.CharSequence,java.lang.CharSequence,int):6265:253767:1 |==> -1
2947:ROR:<=(int,int):<(int,int):org.apache.commons.lang3.StringUtils@getLevenshteinDistance(java.lang.CharSequence,java.lang.CharSequence,int):6265:253770:j <= m |==> j < m
2948:ROR:<=(int,int):==(int,int):org.apache.commons.lang3.StringUtils@getLevenshteinDistance(java.lang.CharSequence,java.lang.CharSequence,int):6265:253770:j <= m |==> j == m
2949:ROR:<=(int,int):TRUE(int,int):org.apache.commons.lang3.StringUtils@getLevenshteinDistance(java.lang.CharSequence,java.lang.CharSequence,int):6265:253772:j <= m |==> true
2950:LVR:POS:0:org.apache.commons.lang3.StringUtils@getLevenshteinDistance(java.lang.CharSequence,java.lang.CharSequence,int):6266:253821:1 |==> 0
2951:LVR:POS:NEG:org.apache.commons.lang3.StringUtils@getLevenshteinDistance(java.lang.CharSequence,java.lang.CharSequence,int):6266:253821:1 |==> -1
2952:AOR:-(int,int):%(int,int):org.apache.commons.lang3.StringUtils@getLevenshteinDistance(java.lang.CharSequence,java.lang.CharSequence,int):6266:253817:j - 1 |==> j % 1
2953:AOR:-(int,int):*(int,int):org.apache.commons.lang3.StringUtils@getLevenshteinDistance(java.lang.CharSequence,java.lang.CharSequence,int):6266:253817:j - 1 |==> j * 1
2954:AOR:-(int,int):+(int,int):org.apache.commons.lang3.StringUtils@getLevenshteinDistance(java.lang.CharSequence,java.lang.CharSequence,int):6266:253817:j - 1 |==> j + 1
2955:AOR:-(int,int):/(int,int):org.apache.commons.lang3.StringUtils@getLevenshteinDistance(java.lang.CharSequence,java.lang.CharSequence,int):6266:253817:j - 1 |==> j / 1
2956:LVR:0:POS:org.apache.commons.lang3.StringUtils@getLevenshteinDistance(java.lang.CharSequence,java.lang.CharSequence,int):6267:253861:0 |==> 1
2957:LVR:0:NEG:org.apache.commons.lang3.StringUtils@getLevenshteinDistance(java.lang.CharSequence,java.lang.CharSequence,int):6267:253861:0 |==> -1
2958:STD:<ASSIGN>:<NO-OP>:org.apache.commons.lang3.StringUtils@getLevenshteinDistance(java.lang.CharSequence,java.lang.CharSequence,int):6267:253859:d[0] = j; |==> <NO-OP>
2959:LVR:POS:0:org.apache.commons.lang3.StringUtils@getLevenshteinDistance(java.lang.CharSequence,java.lang.CharSequence,int):6270:253964:1 |==> 0
2960:LVR:POS:NEG:org.apache.commons.lang3.StringUtils@getLevenshteinDistance(java.lang.CharSequence,java.lang.CharSequence,int):6270:253964:1 |==> -1
2961:AOR:-(int,int):%(int,int):org.apache.commons.lang3.StringUtils@getLevenshteinDistance(java.lang.CharSequence,java.lang.CharSequence,int):6270:253967:j - threshold |==> j % threshold
2962:AOR:-(int,int):*(int,int):org.apache.commons.lang3.StringUtils@getLevenshteinDistance(java.lang.CharSequence,java.lang.CharSequence,int):6270:253967:j - threshold |==> j * threshold
2963:AOR:-(int,int):+(int,int):org.apache.commons.lang3.StringUtils@getLevenshteinDistance(java.lang.CharSequence,java.lang.CharSequence,int):6270:253967:j - threshold |==> j + threshold
2964:AOR:-(int,int):/(int,int):org.apache.commons.lang3.StringUtils@getLevenshteinDistance(java.lang.CharSequence,java.lang.CharSequence,int):6270:253967:j - threshold |==> j / threshold
2965:AOR:+(int,int):%(int,int):org.apache.commons.lang3.StringUtils@getLevenshteinDistance(java.lang.CharSequence,java.lang.CharSequence,int):6271:254017:j + threshold |==> j % threshold
2966:AOR:+(int,int):*(int,int):org.apache.commons.lang3.StringUtils@getLevenshteinDistance(java.lang.CharSequence,java.lang.CharSequence,int):6271:254017:j + threshold |==> j * threshold
2967:AOR:+(int,int):-(int,int):org.apache.commons.lang3.StringUtils@getLevenshteinDistance(java.lang.CharSequence,java.lang.CharSequence,int):6271:254017:j + threshold |==> j - threshold
2968:AOR:+(int,int):/(int,int):org.apache.commons.lang3.StringUtils@getLevenshteinDistance(java.lang.CharSequence,java.lang.CharSequence,int):6271:254017:j + threshold |==> j / threshold
2969:ROR:>(int,int):!=(int,int):org.apache.commons.lang3.StringUtils@getLevenshteinDistance(java.lang.CharSequence,java.lang.CharSequence,int):6274:254136:min > max |==> min != max
2970:ROR:>(int,int):>=(int,int):org.apache.commons.lang3.StringUtils@getLevenshteinDistance(java.lang.CharSequence,java.lang.CharSequence,int):6274:254136:min > max |==> min >= max
2971:ROR:>(int,int):FALSE(int,int):org.apache.commons.lang3.StringUtils@getLevenshteinDistance(java.lang.CharSequence,java.lang.CharSequence,int):6274:254140:min > max |==> false
2972:LVR:NEG:0:org.apache.commons.lang3.StringUtils@getLevenshteinDistance(java.lang.CharSequence,java.lang.CharSequence,int):6275:254172:-1 |==> 0
2973:LVR:NEG:POS:org.apache.commons.lang3.StringUtils@getLevenshteinDistance(java.lang.CharSequence,java.lang.CharSequence,int):6275:254172:-1 |==> 1
2974:LVR:POS:0:org.apache.commons.lang3.StringUtils@getLevenshteinDistance(java.lang.CharSequence,java.lang.CharSequence,int):6279:254258:1 |==> 0
2975:LVR:POS:NEG:org.apache.commons.lang3.StringUtils@getLevenshteinDistance(java.lang.CharSequence,java.lang.CharSequence,int):6279:254258:1 |==> -1
2976:ROR:>(int,int):!=(int,int):org.apache.commons.lang3.StringUtils@getLevenshteinDistance(java.lang.CharSequence,java.lang.CharSequence,int):6279:254252:min > 1 |==> min != 1
2977:ROR:>(int,int):>=(int,int):org.apache.commons.lang3.StringUtils@getLevenshteinDistance(java.lang.CharSequence,java.lang.CharSequence,int):6279:254252:min > 1 |==> min >= 1
2978:ROR:>(int,int):FALSE(int,int):org.apache.commons.lang3.StringUtils@getLevenshteinDistance(java.lang.CharSequence,java.lang.CharSequence,int):6279:254256:min > 1 |==> false
2979:LVR:POS:0:org.apache.commons.lang3.StringUtils@getLevenshteinDistance(java.lang.CharSequence,java.lang.CharSequence,int):6280:254287:1 |==> 0
2980:LVR:POS:NEG:org.apache.commons.lang3.StringUtils@getLevenshteinDistance(java.lang.CharSequence,java.lang.CharSequence,int):6280:254287:1 |==> -1
2981:AOR:-(int,int):%(int,int):org.apache.commons.lang3.StringUtils@getLevenshteinDistance(java.lang.CharSequence,java.lang.CharSequence,int):6280:254281:min - 1 |==> min % 1
2982:AOR:-(int,int):*(int,int):org.apache.commons.lang3.StringUtils@getLevenshteinDistance(java.lang.CharSequence,java.lang.CharSequence,int):6280:254281:min - 1 |==> min * 1
2983:AOR:-(int,int):+(int,int):org.apache.commons.lang3.StringUtils@getLevenshteinDistance(java.lang.CharSequence,java.lang.CharSequence,int):6280:254281:min - 1 |==> min + 1
2984:AOR:-(int,int):/(int,int):org.apache.commons.lang3.StringUtils@getLevenshteinDistance(java.lang.CharSequence,java.lang.CharSequence,int):6280:254281:min - 1 |==> min / 1
2985:STD:<ASSIGN>:<NO-OP>:org.apache.commons.lang3.StringUtils@getLevenshteinDistance(java.lang.CharSequence,java.lang.CharSequence,int):6280:254279:d[min - 1] = Integer.MAX_VALUE; |==> <NO-OP>
2986:ROR:<=(int,int):<(int,int):org.apache.commons.lang3.StringUtils@getLevenshteinDistance(java.lang.CharSequence,java.lang.CharSequence,int):6284:254404:i <= max |==> i < max
2987:ROR:<=(int,int):==(int,int):org.apache.commons.lang3.StringUtils@getLevenshteinDistance(java.lang.CharSequence,java.lang.CharSequence,int):6284:254404:i <= max |==> i == max
2988:ROR:<=(int,int):TRUE(int,int):org.apache.commons.lang3.StringUtils@getLevenshteinDistance(java.lang.CharSequence,java.lang.CharSequence,int):6284:254406:i <= max |==> true
2989:LVR:POS:0:org.apache.commons.lang3.StringUtils@getLevenshteinDistance(java.lang.CharSequence,java.lang.CharSequence,int):6285:254454:1 |==> 0
2990:LVR:POS:NEG:org.apache.commons.lang3.StringUtils@getLevenshteinDistance(java.lang.CharSequence,java.lang.CharSequence,int):6285:254454:1 |==> -1
2991:AOR:-(int,int):%(int,int):org.apache.commons.lang3.StringUtils@getLevenshteinDistance(java.lang.CharSequence,java.lang.CharSequence,int):6285:254450:i - 1 |==> i % 1
2992:AOR:-(int,int):*(int,int):org.apache.commons.lang3.StringUtils@getLevenshteinDistance(java.lang.CharSequence,java.lang.CharSequence,int):6285:254450:i - 1 |==> i * 1
2993:AOR:-(int,int):+(int,int):org.apache.commons.lang3.StringUtils@getLevenshteinDistance(java.lang.CharSequence,java.lang.CharSequence,int):6285:254450:i - 1 |==> i + 1
2994:AOR:-(int,int):/(int,int):org.apache.commons.lang3.StringUtils@getLevenshteinDistance(java.lang.CharSequence,java.lang.CharSequence,int):6285:254450:i - 1 |==> i / 1
2995:ROR:==(int,int):<=(int,int):org.apache.commons.lang3.StringUtils@getLevenshteinDistance(java.lang.CharSequence,java.lang.CharSequence,int):6285:254441:s.charAt(i - 1) == t_j |==> s.charAt(i - 1) <= t_j
2996:ROR:==(int,int):>=(int,int):org.apache.commons.lang3.StringUtils@getLevenshteinDistance(java.lang.CharSequence,java.lang.CharSequence,int):6285:254441:s.charAt(i - 1) == t_j |==> s.charAt(i - 1) >= t_j
2997:ROR:==(int,int):FALSE(int,int):org.apache.commons.lang3.StringUtils@getLevenshteinDistance(java.lang.CharSequence,java.lang.CharSequence,int):6285:254457:s.charAt(i - 1) == t_j |==> false
2998:LVR:POS:0:org.apache.commons.lang3.StringUtils@getLevenshteinDistance(java.lang.CharSequence,java.lang.CharSequence,int):6287:254546:1 |==> 0
2999:LVR:POS:NEG:org.apache.commons.lang3.StringUtils@getLevenshteinDistance(java.lang.CharSequence,java.lang.CharSequence,int):6287:254546:1 |==> -1
3000:AOR:-(int,int):%(int,int):org.apache.commons.lang3.StringUtils@getLevenshteinDistance(java.lang.CharSequence,java.lang.CharSequence,int):6287:254542:i - 1 |==> i % 1
3001:AOR:-(int,int):*(int,int):org.apache.commons.lang3.StringUtils@getLevenshteinDistance(java.lang.CharSequence,java.lang.CharSequence,int):6287:254542:i - 1 |==> i * 1
3002:AOR:-(int,int):+(int,int):org.apache.commons.lang3.StringUtils@getLevenshteinDistance(java.lang.CharSequence,java.lang.CharSequence,int):6287:254542:i - 1 |==> i + 1
3003:AOR:-(int,int):/(int,int):org.apache.commons.lang3.StringUtils@getLevenshteinDistance(java.lang.CharSequence,java.lang.CharSequence,int):6287:254542:i - 1 |==> i / 1
3004:STD:<ASSIGN>:<NO-OP>:org.apache.commons.lang3.StringUtils@getLevenshteinDistance(java.lang.CharSequence,java.lang.CharSequence,int):6287:254533:d[i] = p[i - 1]; |==> <NO-OP>
3005:LVR:POS:0:org.apache.commons.lang3.StringUtils@getLevenshteinDistance(java.lang.CharSequence,java.lang.CharSequence,int):6290:254693:1 |==> 0
3006:LVR:POS:NEG:org.apache.commons.lang3.StringUtils@getLevenshteinDistance(java.lang.CharSequence,java.lang.CharSequence,int):6290:254693:1 |==> -1
3007:LVR:POS:0:org.apache.commons.lang3.StringUtils@getLevenshteinDistance(java.lang.CharSequence,java.lang.CharSequence,int):6290:254721:1 |==> 0
3008:LVR:POS:NEG:org.apache.commons.lang3.StringUtils@getLevenshteinDistance(java.lang.CharSequence,java.lang.CharSequence,int):6290:254721:1 |==> -1
3009:AOR:-(int,int):%(int,int):org.apache.commons.lang3.StringUtils@getLevenshteinDistance(java.lang.CharSequence,java.lang.CharSequence,int):6290:254717:i - 1 |==> i % 1
3010:AOR:-(int,int):*(int,int):org.apache.commons.lang3.StringUtils@getLevenshteinDistance(java.lang.CharSequence,java.lang.CharSequence,int):6290:254717:i - 1 |==> i * 1
3011:AOR:-(int,int):+(int,int):org.apache.commons.lang3.StringUtils@getLevenshteinDistance(java.lang.CharSequence,java.lang.CharSequence,int):6290:254717:i - 1 |==> i + 1
3012:AOR:-(int,int):/(int,int):org.apache.commons.lang3.StringUtils@getLevenshteinDistance(java.lang.CharSequence,java.lang.CharSequence,int):6290:254717:i - 1 |==> i / 1
3013:LVR:POS:0:org.apache.commons.lang3.StringUtils@getLevenshteinDistance(java.lang.CharSequence,java.lang.CharSequence,int):6290:254738:1 |==> 0
3014:LVR:POS:NEG:org.apache.commons.lang3.StringUtils@getLevenshteinDistance(java.lang.CharSequence,java.lang.CharSequence,int):6290:254738:1 |==> -1
3015:AOR:-(int,int):%(int,int):org.apache.commons.lang3.StringUtils@getLevenshteinDistance(java.lang.CharSequence,java.lang.CharSequence,int):6290:254734:i - 1 |==> i % 1
3016:AOR:-(int,int):*(int,int):org.apache.commons.lang3.StringUtils@getLevenshteinDistance(java.lang.CharSequence,java.lang.CharSequence,int):6290:254734:i - 1 |==> i * 1
3017:AOR:-(int,int):+(int,int):org.apache.commons.lang3.StringUtils@getLevenshteinDistance(java.lang.CharSequence,java.lang.CharSequence,int):6290:254734:i - 1 |==> i + 1
3018:AOR:-(int,int):/(int,int):org.apache.commons.lang3.StringUtils@getLevenshteinDistance(java.lang.CharSequence,java.lang.CharSequence,int):6290:254734:i - 1 |==> i / 1
3019:AOR:+(int,int):%(int,int):org.apache.commons.lang3.StringUtils@getLevenshteinDistance(java.lang.CharSequence,java.lang.CharSequence,int):6290:254693:1 + Math.min(Math.min(d[i - 1], p[i]), p[i - 1]) |==> 1 % Math.min(Math.min(d[i - 1], p[i]), p[i - 1])
3020:AOR:+(int,int):*(int,int):org.apache.commons.lang3.StringUtils@getLevenshteinDistance(java.lang.CharSequence,java.lang.CharSequence,int):6290:254693:1 + Math.min(Math.min(d[i - 1], p[i]), p[i - 1]) |==> 1 * Math.min(Math.min(d[i - 1], p[i]), p[i - 1])
3021:AOR:+(int,int):-(int,int):org.apache.commons.lang3.StringUtils@getLevenshteinDistance(java.lang.CharSequence,java.lang.CharSequence,int):6290:254693:1 + Math.min(Math.min(d[i - 1], p[i]), p[i - 1]) |==> 1 - Math.min(Math.min(d[i - 1], p[i]), p[i - 1])
3022:AOR:+(int,int):/(int,int):org.apache.commons.lang3.StringUtils@getLevenshteinDistance(java.lang.CharSequence,java.lang.CharSequence,int):6290:254693:1 + Math.min(Math.min(d[i - 1], p[i]), p[i - 1]) |==> 1 / Math.min(Math.min(d[i - 1], p[i]), p[i - 1])
3023:STD:<ASSIGN>:<NO-OP>:org.apache.commons.lang3.StringUtils@getLevenshteinDistance(java.lang.CharSequence,java.lang.CharSequence,int):6290:254686:d[i] = 1 + Math.min(Math.min(d[i - 1], p[i]), p[i - 1]); |==> <NO-OP>
3024:STD:<ASSIGN>:<NO-OP>:org.apache.commons.lang3.StringUtils@getLevenshteinDistance(java.lang.CharSequence,java.lang.CharSequence,int):6296:254886:p = d; |==> <NO-OP>
3025:STD:<ASSIGN>:<NO-OP>:org.apache.commons.lang3.StringUtils@getLevenshteinDistance(java.lang.CharSequence,java.lang.CharSequence,int):6297:254905:d = _d; |==> <NO-OP>
3026:ROR:<=(int,int):<(int,int):org.apache.commons.lang3.StringUtils@getLevenshteinDistance(java.lang.CharSequence,java.lang.CharSequence,int):6302:255051:p[n] <= threshold |==> p[n] < threshold
3027:ROR:<=(int,int):==(int,int):org.apache.commons.lang3.StringUtils@getLevenshteinDistance(java.lang.CharSequence,java.lang.CharSequence,int):6302:255051:p[n] <= threshold |==> p[n] == threshold
3028:ROR:<=(int,int):TRUE(int,int):org.apache.commons.lang3.StringUtils@getLevenshteinDistance(java.lang.CharSequence,java.lang.CharSequence,int):6302:255056:p[n] <= threshold |==> true
3029:LVR:NEG:0:org.apache.commons.lang3.StringUtils@getLevenshteinDistance(java.lang.CharSequence,java.lang.CharSequence,int):6305:255133:-1 |==> 0
3030:LVR:NEG:POS:org.apache.commons.lang3.StringUtils@getLevenshteinDistance(java.lang.CharSequence,java.lang.CharSequence,int):6305:255133:-1 |==> 1
3031:LVR:FALSE:TRUE:org.apache.commons.lang3.StringUtils@startsWith(java.lang.CharSequence,java.lang.CharSequence):6335:256336:false |==> true
3032:LVR:TRUE:FALSE:org.apache.commons.lang3.StringUtils@startsWithIgnoreCase(java.lang.CharSequence,java.lang.CharSequence):6361:257536:true |==> false
3033:ROR:==(java.lang.Object,java.lang.Object):FALSE(java.lang.Object,java.lang.Object):org.apache.commons.lang3.StringUtils@startsWith(java.lang.CharSequence,java.lang.CharSequence,boolean):6376:258156:str == null |==> false
3034:ROR:==(java.lang.Object,java.lang.Object):FALSE(java.lang.Object,java.lang.Object):org.apache.commons.lang3.StringUtils@startsWith(java.lang.CharSequence,java.lang.CharSequence,boolean):6376:258174:prefix == null |==> false
3035:COR:||(boolean,boolean):!=(boolean,boolean):org.apache.commons.lang3.StringUtils@startsWith(java.lang.CharSequence,java.lang.CharSequence,boolean):6376:258152:str == null || prefix == null |==> str == null != (prefix == null)
3036:COR:||(boolean,boolean):LHS(boolean,boolean):org.apache.commons.lang3.StringUtils@startsWith(java.lang.CharSequence,java.lang.CharSequence,boolean):6376:258152:str == null || prefix == null |==> str == null
3037:COR:||(boolean,boolean):RHS(boolean,boolean):org.apache.commons.lang3.StringUtils@startsWith(java.lang.CharSequence,java.lang.CharSequence,boolean):6376:258167:str == null || prefix == null |==> prefix == null
3038:COR:||(boolean,boolean):TRUE(boolean,boolean):org.apache.commons.lang3.StringUtils@startsWith(java.lang.CharSequence,java.lang.CharSequence,boolean):6376:258164:str == null || prefix == null |==> true
3039:ROR:==(java.lang.Object,java.lang.Object):FALSE(java.lang.Object,java.lang.Object):org.apache.commons.lang3.StringUtils@startsWith(java.lang.CharSequence,java.lang.CharSequence,boolean):6377:258208:str == null |==> false
3040:ROR:==(java.lang.Object,java.lang.Object):FALSE(java.lang.Object,java.lang.Object):org.apache.commons.lang3.StringUtils@startsWith(java.lang.CharSequence,java.lang.CharSequence,boolean):6377:258226:prefix == null |==> false
3041:COR:&&(boolean,boolean):==(boolean,boolean):org.apache.commons.lang3.StringUtils@startsWith(java.lang.CharSequence,java.lang.CharSequence,boolean):6377:258204:str == null && prefix == null |==> str == null == (prefix == null)
3042:COR:&&(boolean,boolean):FALSE(boolean,boolean):org.apache.commons.lang3.StringUtils@startsWith(java.lang.CharSequence,java.lang.CharSequence,boolean):6377:258216:str == null && prefix == null |==> false
3043:COR:&&(boolean,boolean):LHS(boolean,boolean):org.apache.commons.lang3.StringUtils@startsWith(java.lang.CharSequence,java.lang.CharSequence,boolean):6377:258204:str == null && prefix == null |==> str == null
3044:COR:&&(boolean,boolean):RHS(boolean,boolean):org.apache.commons.lang3.StringUtils@startsWith(java.lang.CharSequence,java.lang.CharSequence,boolean):6377:258219:str == null && prefix == null |==> prefix == null
3045:ROR:>(int,int):!=(int,int):org.apache.commons.lang3.StringUtils@startsWith(java.lang.CharSequence,java.lang.CharSequence,boolean):6379:258257:prefix.length() > str.length() |==> prefix.length() != str.length()
3046:ROR:>(int,int):>=(int,int):org.apache.commons.lang3.StringUtils@startsWith(java.lang.CharSequence,java.lang.CharSequence,boolean):6379:258257:prefix.length() > str.length() |==> prefix.length() >= str.length()
3047:ROR:>(int,int):FALSE(int,int):org.apache.commons.lang3.StringUtils@startsWith(java.lang.CharSequence,java.lang.CharSequence,boolean):6379:258273:prefix.length() > str.length() |==> false
3048:LVR:FALSE:TRUE:org.apache.commons.lang3.StringUtils@startsWith(java.lang.CharSequence,java.lang.CharSequence,boolean):6380:258310:false |==> true
3049:LVR:0:POS:org.apache.commons.lang3.StringUtils@startsWith(java.lang.CharSequence,java.lang.CharSequence,boolean):6382:258391:0 |==> 1
3050:LVR:0:NEG:org.apache.commons.lang3.StringUtils@startsWith(java.lang.CharSequence,java.lang.CharSequence,boolean):6382:258391:0 |==> -1
3051:LVR:0:POS:org.apache.commons.lang3.StringUtils@startsWith(java.lang.CharSequence,java.lang.CharSequence,boolean):6382:258402:0 |==> 1
3052:LVR:0:NEG:org.apache.commons.lang3.StringUtils@startsWith(java.lang.CharSequence,java.lang.CharSequence,boolean):6382:258402:0 |==> -1
3053:COR:||(boolean,boolean):!=(boolean,boolean):org.apache.commons.lang3.StringUtils@startsWithAny(java.lang.CharSequence,java.lang.CharSequence[]):6405:259505:isEmpty(string) || ArrayUtils.isEmpty(searchStrings) |==> isEmpty(string) != ArrayUtils.isEmpty(searchStrings)
3054:COR:||(boolean,boolean):LHS(boolean,boolean):org.apache.commons.lang3.StringUtils@startsWithAny(java.lang.CharSequence,java.lang.CharSequence[]):6405:259505:isEmpty(string) || ArrayUtils.isEmpty(searchStrings) |==> isEmpty(string)
3055:COR:||(boolean,boolean):RHS(boolean,boolean):org.apache.commons.lang3.StringUtils@startsWithAny(java.lang.CharSequence,java.lang.CharSequence[]):6405:259524:isEmpty(string) || ArrayUtils.isEmpty(searchStrings) |==> ArrayUtils.isEmpty(searchStrings)
3056:COR:||(boolean,boolean):TRUE(boolean,boolean):org.apache.commons.lang3.StringUtils@startsWithAny(java.lang.CharSequence,java.lang.CharSequence[]):6405:259521:isEmpty(string) || ArrayUtils.isEmpty(searchStrings) |==> true
3057:LVR:FALSE:TRUE:org.apache.commons.lang3.StringUtils@startsWithAny(java.lang.CharSequence,java.lang.CharSequence[]):6406:259580:false |==> true
3058:COR:<METHOD_INVOCATION(boolean)>:FALSE:org.apache.commons.lang3.StringUtils@startsWithAny(java.lang.CharSequence,java.lang.CharSequence[]):6409:259693:StringUtils.startsWith(string, searchString) |==> false
3059:COR:<METHOD_INVOCATION(boolean)>:TRUE:org.apache.commons.lang3.StringUtils@startsWithAny(java.lang.CharSequence,java.lang.CharSequence[]):6409:259693:StringUtils.startsWith(string, searchString) |==> true
3060:LVR:TRUE:FALSE:org.apache.commons.lang3.StringUtils@startsWithAny(java.lang.CharSequence,java.lang.CharSequence[]):6410:259742:true |==> false
3061:LVR:FALSE:TRUE:org.apache.commons.lang3.StringUtils@startsWithAny(java.lang.CharSequence,java.lang.CharSequence[]):6413:259787:false |==> true
3062:LVR:FALSE:TRUE:org.apache.commons.lang3.StringUtils@endsWith(java.lang.CharSequence,java.lang.CharSequence):6443:261010:false |==> true
3063:LVR:TRUE:FALSE:org.apache.commons.lang3.StringUtils@endsWithIgnoreCase(java.lang.CharSequence,java.lang.CharSequence):6470:262249:true |==> false
3064:ROR:==(java.lang.Object,java.lang.Object):FALSE(java.lang.Object,java.lang.Object):org.apache.commons.lang3.StringUtils@endsWith(java.lang.CharSequence,java.lang.CharSequence,boolean):6485:262863:str == null |==> false
3065:ROR:==(java.lang.Object,java.lang.Object):FALSE(java.lang.Object,java.lang.Object):org.apache.commons.lang3.StringUtils@endsWith(java.lang.CharSequence,java.lang.CharSequence,boolean):6485:262881:suffix == null |==> false
3066:COR:||(boolean,boolean):!=(boolean,boolean):org.apache.commons.lang3.StringUtils@endsWith(java.lang.CharSequence,java.lang.CharSequence,boolean):6485:262859:str == null || suffix == null |==> str == null != (suffix == null)
3067:COR:||(boolean,boolean):LHS(boolean,boolean):org.apache.commons.lang3.StringUtils@endsWith(java.lang.CharSequence,java.lang.CharSequence,boolean):6485:262859:str == null || suffix == null |==> str == null
3068:COR:||(boolean,boolean):RHS(boolean,boolean):org.apache.commons.lang3.StringUtils@endsWith(java.lang.CharSequence,java.lang.CharSequence,boolean):6485:262874:str == null || suffix == null |==> suffix == null
3069:COR:||(boolean,boolean):TRUE(boolean,boolean):org.apache.commons.lang3.StringUtils@endsWith(java.lang.CharSequence,java.lang.CharSequence,boolean):6485:262871:str == null || suffix == null |==> true
3070:ROR:==(java.lang.Object,java.lang.Object):FALSE(java.lang.Object,java.lang.Object):org.apache.commons.lang3.StringUtils@endsWith(java.lang.CharSequence,java.lang.CharSequence,boolean):6486:262915:str == null |==> false
3071:ROR:==(java.lang.Object,java.lang.Object):FALSE(java.lang.Object,java.lang.Object):org.apache.commons.lang3.StringUtils@endsWith(java.lang.CharSequence,java.lang.CharSequence,boolean):6486:262933:suffix == null |==> false
3072:COR:&&(boolean,boolean):==(boolean,boolean):org.apache.commons.lang3.StringUtils@endsWith(java.lang.CharSequence,java.lang.CharSequence,boolean):6486:262911:str == null && suffix == null |==> str == null == (suffix == null)
3073:COR:&&(boolean,boolean):FALSE(boolean,boolean):org.apache.commons.lang3.StringUtils@endsWith(java.lang.CharSequence,java.lang.CharSequence,boolean):6486:262923:str == null && suffix == null |==> false
3074:COR:&&(boolean,boolean):LHS(boolean,boolean):org.apache.commons.lang3.StringUtils@endsWith(java.lang.CharSequence,java.lang.CharSequence,boolean):6486:262911:str == null && suffix == null |==> str == null
3075:COR:&&(boolean,boolean):RHS(boolean,boolean):org.apache.commons.lang3.StringUtils@endsWith(java.lang.CharSequence,java.lang.CharSequence,boolean):6486:262926:str == null && suffix == null |==> suffix == null
3076:ROR:>(int,int):!=(int,int):org.apache.commons.lang3.StringUtils@endsWith(java.lang.CharSequence,java.lang.CharSequence,boolean):6488:262964:suffix.length() > str.length() |==> suffix.length() != str.length()
3077:ROR:>(int,int):>=(int,int):org.apache.commons.lang3.StringUtils@endsWith(java.lang.CharSequence,java.lang.CharSequence,boolean):6488:262964:suffix.length() > str.length() |==> suffix.length() >= str.length()
3078:ROR:>(int,int):FALSE(int,int):org.apache.commons.lang3.StringUtils@endsWith(java.lang.CharSequence,java.lang.CharSequence,boolean):6488:262980:suffix.length() > str.length() |==> false
3079:LVR:FALSE:TRUE:org.apache.commons.lang3.StringUtils@endsWith(java.lang.CharSequence,java.lang.CharSequence,boolean):6489:263017:false |==> true
3080:AOR:-(int,int):%(int,int):org.apache.commons.lang3.StringUtils@endsWith(java.lang.CharSequence,java.lang.CharSequence,boolean):6491:263058:str.length() - suffix.length() |==> str.length() % suffix.length()
3081:AOR:-(int,int):*(int,int):org.apache.commons.lang3.StringUtils@endsWith(java.lang.CharSequence,java.lang.CharSequence,boolean):6491:263058:str.length() - suffix.length() |==> str.length() * suffix.length()
3082:AOR:-(int,int):+(int,int):org.apache.commons.lang3.StringUtils@endsWith(java.lang.CharSequence,java.lang.CharSequence,boolean):6491:263058:str.length() - suffix.length() |==> str.length() + suffix.length()
3083:AOR:-(int,int):/(int,int):org.apache.commons.lang3.StringUtils@endsWith(java.lang.CharSequence,java.lang.CharSequence,boolean):6491:263058:str.length() - suffix.length() |==> str.length() / suffix.length()
3084:LVR:0:POS:org.apache.commons.lang3.StringUtils@endsWith(java.lang.CharSequence,java.lang.CharSequence,boolean):6492:263173:0 |==> 1
3085:LVR:0:NEG:org.apache.commons.lang3.StringUtils@endsWith(java.lang.CharSequence,java.lang.CharSequence,boolean):6492:263173:0 |==> -1
3086:ROR:==(java.lang.Object,java.lang.Object):FALSE(java.lang.Object,java.lang.Object):org.apache.commons.lang3.StringUtils@normalizeSpace(java.lang.String):6537:264931:str == null |==> false
3087:COR:||(boolean,boolean):!=(boolean,boolean):org.apache.commons.lang3.StringUtils@endsWithAny(java.lang.CharSequence,java.lang.CharSequence[]):6562:265987:isEmpty(string) || ArrayUtils.isEmpty(searchStrings) |==> isEmpty(string) != ArrayUtils.isEmpty(searchStrings)
3088:COR:||(boolean,boolean):LHS(boolean,boolean):org.apache.commons.lang3.StringUtils@endsWithAny(java.lang.CharSequence,java.lang.CharSequence[]):6562:265987:isEmpty(string) || ArrayUtils.isEmpty(searchStrings) |==> isEmpty(string)
3089:COR:||(boolean,boolean):RHS(boolean,boolean):org.apache.commons.lang3.StringUtils@endsWithAny(java.lang.CharSequence,java.lang.CharSequence[]):6562:266006:isEmpty(string) || ArrayUtils.isEmpty(searchStrings) |==> ArrayUtils.isEmpty(searchStrings)
3090:COR:||(boolean,boolean):TRUE(boolean,boolean):org.apache.commons.lang3.StringUtils@endsWithAny(java.lang.CharSequence,java.lang.CharSequence[]):6562:266003:isEmpty(string) || ArrayUtils.isEmpty(searchStrings) |==> true
3091:LVR:FALSE:TRUE:org.apache.commons.lang3.StringUtils@endsWithAny(java.lang.CharSequence,java.lang.CharSequence[]):6563:266062:false |==> true
3092:COR:<METHOD_INVOCATION(boolean)>:FALSE:org.apache.commons.lang3.StringUtils@endsWithAny(java.lang.CharSequence,java.lang.CharSequence[]):6566:266173:StringUtils.endsWith(string, searchString) |==> false
3093:COR:<METHOD_INVOCATION(boolean)>:TRUE:org.apache.commons.lang3.StringUtils@endsWithAny(java.lang.CharSequence,java.lang.CharSequence[]):6566:266173:StringUtils.endsWith(string, searchString) |==> true
3094:LVR:TRUE:FALSE:org.apache.commons.lang3.StringUtils@endsWithAny(java.lang.CharSequence,java.lang.CharSequence[]):6567:266222:true |==> false
3095:LVR:FALSE:TRUE:org.apache.commons.lang3.StringUtils@endsWithAny(java.lang.CharSequence,java.lang.CharSequence[]):6570:266267:false |==> true
3096:ROR:==(java.lang.Object,java.lang.Object):FALSE(java.lang.Object,java.lang.Object):org.apache.commons.lang3.StringUtils@toString(byte[],java.lang.String):6588:266920:charsetName == null |==> false
